<?xml version="1.0" ?>
<review>
  <source value="http://www.buscape.com.br/avaliacao--nao-tenho--celular-motorola-w510-tim--134006.html"/>
  <evaluation_date value="02/11/2010"/>
  <category value="Celular e Smartphone"/>
  <product value="Celular e Smartphone Celular Motorola W510 Tim"/>
  <stars value="0.0"/>
  <recommends value=""/>
  <user value="5649"/>
  <thumbsUp value="0"/>
  <thumbsDown value="0"/>
  <pros>Não possui nenhum ponto positivo.
</pros>
  <cons>Duração da Bateria
Design
Custo-Benefício
Facilidade de Uso
Funções e Características
Durabilidade
Display
Operadora
Câmera
</cons>
  <opinion>acho deve ser bom ! como posso opnar por algo que não experimentei ?

O que gostei: na loja rede de desconto, opreço ta excelente....MAS NÃO TEM

O que não gostei: no Submarino o preço  tá um absurdo</opinion>
</review>
