<?xml version="1.0" ?>
<review>
  <source value="http://www.buscape.com.br/avaliacao--pessimo---celular-sony-ericsson-w380i-desbloqueado--156713.html"/>
  <evaluation_date value="19/01/2011"/>
  <category value="Celular e Smartphone"/>
  <product value="Celular e Smartphone Celular Sony Ericsson W380i Desbloqueado"/>
  <stars value="0.0"/>
  <recommends value=""/>
  <user value="19980"/>
  <thumbsUp value="0"/>
  <thumbsDown value="0"/>
  <pros>Não possui nenhum ponto positivo.
</pros>
  <cons>Duração da Bateria
Design
Custo-Benefício
Facilidade de Uso
Funções e Características
Durabilidade
Display
Operadora
Câmera
</cons>
  <opinion>Fiquei sabendo de muitas pessoas que compraram esse aparelho que todos dessa linha dão defeito no alto falante. Se querem um celular bom comprem um LG ou um Nokia.

O que gostei: Nada

O que não gostei: Tudo</opinion>
</review>
