<?xml version="1.0" ?>
<review>
  <source value="http://www.buscape.com.br/avaliacao--estou-vendendo-o-meu---celular-motorola-motocubo-a45-vivo--169149.html"/>
  <evaluation_date value="21/02/2011"/>
  <category value="Celular e Smartphone"/>
  <product value="Celular e Smartphone Celular Motorola Motocubo A45 Vivo"/>
  <stars value="0.0"/>
  <recommends value=""/>
  <user value="19980"/>
  <thumbsUp value="0"/>
  <thumbsDown value="0"/>
  <pros>Não possui nenhum ponto positivo.
</pros>
  <cons>Duração da Bateria
Design
Custo-Benefício
Facilidade de Uso
Funções e Características
Durabilidade
Display
Operadora
Câmera
</cons>
  <opinion>Se alguém tiver interesse estou vendendo o meu por 250,00, completinho, e ainda está na garantia. Quem tiver interesse é só falar comigo, mande um e-mail para mim. Meu e-mail é o 19980carogio@gmail.com.

O que gostei: Estou vendendo o meu.

O que não gostei: Estou vendendo o meu.</opinion>
</review>
