<?xml version="1.0" ?>
<review>
  <source value="http://www.buscape.com.br/avaliacao-ebit-sobre--celular-nokia-3220-desbloqueado.html"/>
  <evaluation_date value="01/02/2011"/>
  <category value="Celular e Smartphone"/>
  <product value="Celular e Smartphone Celular Nokia 3220 Desbloqueado"/>
  <stars value="0.0"/>
  <recommends value="Yes"/>
  <user value="7303"/>
  <thumbsUp value="0"/>
  <thumbsDown value="0"/>
  <pros>Não possui nenhum ponto positivo.
</pros>
  <cons>Não possui nenhum ponto negativo.
</cons>
  <opinion>eu não entendi,mas não comprei gsm,comprei foi tapete e edredon

O que gostei: comprei foi tapete e edredon

O que não gostei: comprei foi tapete e edredon</opinion>
</review>
