<?xml version="1.0" ?>
<review>
  <source value="http://www.buscape.com.br/avaliacao--bom-aparelho--celular-onda-otv1000-desbloqueado--168786.html"/>
  <evaluation_date value="20/02/2011"/>
  <category value="Celular e Smartphone"/>
  <product value="Celular e Smartphone Celular Onda OTV1000 Desbloqueado"/>
  <stars value="0.0"/>
  <recommends value=""/>
  <user value="18610"/>
  <thumbsUp value="0"/>
  <thumbsDown value="0"/>
  <pros>Câmera
</pros>
  <cons>Duração da Bateria
Design
Custo-Benefício
Facilidade de Uso
Funções e Características
Durabilidade
Display
Operadora
</cons>
  <opinion>Custo beneficio valle a pena, de uma forma geral aprovo o telefone,, com excessao da tv que e ruim.,

O que gostei: Desing moderno, facil manuseio., varias facilidades , gostei do aparelho com excessao da tv.

O que não gostei: Sinal de TV digital, muito ruim. Tem outros aparelhos com TV melhor, como o da LG, se for depender da TV nao recomendo, e olha que moro em um local com otimo sinal.</opinion>
</review>
