<?xml version="1.0" ?>
<review>
  <source value="http://www.buscape.com.br/avaliacao---bom-mas-n-gostei-muito--celular-sony-ericsson-z250-desbloqueado--23396.html"/>
  <evaluation_date value="26/07/2008"/>
  <category value="Celular e Smartphone"/>
  <product value="Celular e Smartphone Celular Sony Ericsson Z250 Desbloqueado"/>
  <stars value="0.0"/>
  <recommends value=""/>
  <user value="22556"/>
  <thumbsUp value="2"/>
  <thumbsDown value="2"/>
  <pros>Não possui nenhum ponto positivo.
</pros>
  <cons>Não possui nenhum ponto negativo.
</cons>
  <opinion>queria o seu volume um pouco mais auto,e que tivesse entrada para o cartão de memoria.

O que gostei: a parte externa do produto

O que não gostei: a autura do volume</opinion>
</review>
