<?xml version="1.0" ?>
<review>
  <source value="http://www.buscape.com.br/avaliacao--bom--celular-nokia-x2-desbloqueado--233106.html"/>
  <evaluation_date value="12/08/2011"/>
  <category value="Celular e Smartphone"/>
  <product value="Celular e Smartphone Celular Nokia X2 Desbloqueado"/>
  <stars value="0.0"/>
  <recommends value=""/>
  <user value="29263"/>
  <thumbsUp value="0"/>
  <thumbsDown value="0"/>
  <pros>Não possui nenhum ponto positivo.
</pros>
  <cons>Duração da Bateria
Design
Custo-Benefício
Facilidade de Uso
Funções e Características
Durabilidade
Display
Operadora
Câmera
</cons>
  <opinion>Ecelentissimo, muito bom coisa de outro mundo.

O que gostei: O som dele e de otima qualidade e muito alto, goestei também da camera dele e do seu menu o celular e um dos melhores que eu já adquirie.

O que não gostei: Os fones de ouvido o som e muito baixo e chia muito quase que eu não acertava conctar eles.</opinion>
</review>
