<?xml version="1.0" ?>
<review>
  <source value="http://www.buscape.com.br/avaliacao--amei--celular-lg-gs290-cookie-plus-desbloqueado--250169.html"/>
  <evaluation_date value="27/09/2011"/>
  <category value="Celular e Smartphone"/>
  <product value="Celular e Smartphone Celular LG GS290 Cookie Plus Desbloqueado"/>
  <stars value="0.0"/>
  <recommends value=""/>
  <user value="16546"/>
  <thumbsUp value="0"/>
  <thumbsDown value="0"/>
  <pros>Durabilidade
</pros>
  <cons>Duração da Bateria
Design
Custo-Benefício
Facilidade de Uso
Funções e Características
Display
Operadora
Câmera
</cons>
  <opinion>MUITO BOM APESAR DE QUEBRar facil, mais lindo ! e varias coisas legais menos que nao vem com o cabo de dados

O que gostei: MUITO BOM

O que não gostei: EU NAO TENHO</opinion>
</review>
