<?xml version="1.0" ?>
<review>
  <source value="http://www.buscape.com.br/avaliacao--nao-comprem--celular-samsung-star-ii-duos-gt-c6712-desbloqueado--288305.html"/>
  <evaluation_date value="12/01/2012"/>
  <category value="Celular e Smartphone"/>
  <product value="Celular e Smartphone Celular Samsung Star II Duos GT-C6712 Desbloqueado"/>
  <stars value="0.0"/>
  <recommends value=""/>
  <user value="10077"/>
  <thumbsUp value="1"/>
  <thumbsDown value="1"/>
  <pros>Não possui nenhum ponto positivo.
</pros>
  <cons>Duração da Bateria
Design
Custo-Benefício
Facilidade de Uso
Funções e Características
Durabilidade
Display
Operadora
Câmera
</cons>
  <opinion>O PRODUTO QUE ESSA LOJA ESTA VENDENDO É IMPORTADO. A ASSITENCIA TECNICA DO BRASIL NAO RECONHECE, PORTANTO NAO DA GARANTIA. O IDIOMA É POLONES, NAO TEM COMO CONFIGURAR PARA O PORTUGUES. ENGANACAO! NAO COMPREM!

O que gostei: 2 CHIPS

O que não gostei: IDIOMA</opinion>
</review>
