<?xml version="1.0" ?>
<review>
  <source value="http://www.buscape.com.br/avaliacao-negativa-sobre--celular-powerpack-tc-8008-desbloqueado.html"/>
  <evaluation_date value="21/01/2009"/>
  <category value="Celular e Smartphone"/>
  <product value="Celular e Smartphone Celular Powerpack TC-8008 Desbloqueado"/>
  <stars value="0.0"/>
  <recommends value=""/>
  <user value="20898"/>
  <thumbsUp value="0"/>
  <thumbsDown value="0"/>
  <pros>Não possui nenhum ponto positivo.
</pros>
  <cons>Duração da Bateria
Design
Custo-Benefício
Facilidade de Uso
Funções e Características
Durabilidade
Display
Operadora
</cons>
  <opinion>Bom, na medida do posivel só falta o acesso a internet funcionar

O que gostei: acessibilidade

O que não gostei: acessibilidade</opinion>
</review>
