<?xml version="1.0" ?>
<review>
  <source value="http://www.buscape.com.br/avaliacao--asdasdasdasdae423423423--smartphone-apple-iphone-4-32gb-desbloqueado--350513.html"/>
  <evaluation_date value="03/09/2012"/>
  <category value="Celular e Smartphone"/>
  <product value="Celular e Smartphone Smartphone Apple iPhone 4 32GB Desbloqueado"/>
  <stars value="0.0"/>
  <recommends value=""/>
  <user value="7303"/>
  <thumbsUp value="0"/>
  <thumbsDown value="0"/>
  <pros>Não possui nenhum ponto positivo.
</pros>
  <cons>Não possui nenhum ponto negativo.
</cons>
  <opinion>asdadasd

O que gostei: asdasd

O que não gostei: asdasd</opinion>
</review>
