<?xml version="1.0" ?>
<review>
  <source value="http://www.buscape.com.br/avaliacao--eu-gosto-da-marca-lg-pq-e-uma-boa-marca--celular-lg-mg210-desbloqueado--35087.html"/>
  <evaluation_date value="29/01/2009"/>
  <category value="Celular e Smartphone"/>
  <product value="Celular e Smartphone Celular LG MG210 Desbloqueado"/>
  <stars value="0.0"/>
  <recommends value=""/>
  <user value="20335"/>
  <thumbsUp value="0"/>
  <thumbsDown value="0"/>
  <pros>Não possui nenhum ponto positivo.
</pros>
  <cons>Duração da Bateria
Design
Custo-Benefício
Facilidade de Uso
Funções e Características
Durabilidade
Display
Operadora
</cons>
  <opinion>eu quero comprar esse celular mais sendo da operadora oi e que parcele para mim pagar em boleto bancario

O que gostei: a marca

O que não gostei: com defeito</opinion>
</review>
