<?xml version="1.0" ?>
<review>
  <source value="http://www.buscape.com.br/avaliacao--o-feedback--celular-samsung-duos-tv-gt-i6712-desbloqueado--379850.html"/>
  <evaluation_date value="29/11/2012"/>
  <category value="Celular e Smartphone"/>
  <product value="Celular e Smartphone Celular Samsung Duos TV GT-I6712 Desbloqueado"/>
  <stars value="0.0"/>
  <recommends value="Yes"/>
  <user value="7303"/>
  <thumbsUp value="0"/>
  <thumbsDown value="0"/>
  <pros>Não possui nenhum ponto positivo.
</pros>
  <cons>Não possui nenhum ponto negativo.
</cons>
  <opinion>produto de uso diário

O que gostei: produto de boa qualidade, e mais immportante, éreciclável.

O que não gostei: nada consta</opinion>
</review>
