<?xml version="1.0" ?>
<review>
  <source value="http://www.buscape.com.br/avaliacao--nao-posso-opinar-pois-o-celular-nao-foi-comprado-para-meu-uso---celular-samsung-gt-c3752-desbloqueado--381344.html"/>
  <evaluation_date value="05/12/2012"/>
  <category value="Celular e Smartphone"/>
  <product value="Celular e Smartphone Celular Samsung GT-C3752 Desbloqueado"/>
  <stars value="0.0"/>
  <recommends value="Yes"/>
  <user value="7303"/>
  <thumbsUp value="0"/>
  <thumbsDown value="0"/>
  <pros>Não possui nenhum ponto positivo.
</pros>
  <cons>Não possui nenhum ponto negativo.
</cons>
  <opinion>Não posso opinar, pois o celular não foi comprado para meu uso.

O que gostei: Não posso opinar, pois o celular não foi comprado para meu uso.</opinion>
</review>
