<?xml version="1.0" ?>
<review>
  <source value="http://www.buscape.com.br/avaliacao--bommmmmmmm--celular-sony-ericsson-w200i-desbloqueado--43424.html"/>
  <evaluation_date value="03/06/2009"/>
  <category value="Celular e Smartphone"/>
  <product value="Celular e Smartphone Celular Sony Ericsson W200i Desbloqueado"/>
  <stars value="0.0"/>
  <recommends value=""/>
  <user value="7827"/>
  <thumbsUp value="0"/>
  <thumbsDown value="0"/>
  <pros>Não possui nenhum ponto positivo.
</pros>
  <cons>Design
Custo-Benefício
Durabilidade
Display
Operadora
</cons>
  <opinion>esse aparelho é muito otimo gente não deixem de compra-lo

O que gostei: Muito

O que não gostei: sem palavras</opinion>
</review>
