<?xml version="1.0" ?>
<review>
  <source value="http://www.buscape.com.br/avaliacao--qualidade-nokia-num-celular-simples--celular-nokia-2630-desbloqueado--63210.html"/>
  <evaluation_date value="08/12/2009"/>
  <category value="Celular e Smartphone"/>
  <product value="Celular e Smartphone Celular Nokia 2630 Desbloqueado"/>
  <stars value="0.0"/>
  <recommends value=""/>
  <user value="18869"/>
  <thumbsUp value="0"/>
  <thumbsDown value="0"/>
  <pros>Não possui nenhum ponto positivo.
</pros>
  <cons>Duração da Bateria
Design
Custo-Benefício
Facilidade de Uso
Funções e Características
Durabilidade
Display
</cons>
  <opinion>TRATA-SE DE UM EXCELENTE PRODUTO QUE É RECOMENDADO A TODOS AQUELES QUE DESEJAM A QUALIDADE NOKIA. O APARELHO É SIMPLES E BEM FEITO, SEU DESENHO E DE EXTREMA BELEZA COM TODOS OS ENCAIXES BEM ACERTADOS. O TOM PRATEADO DAS LATERAIS EM CONTRASTE AO CENTRO PRETO BRILHANTE CONFERE AO CELULAR UMA SOFISTICAÇÃO  DE MUITO BOM GOSTO QUE, ALIADO AO DESENHO EXTREMAMENTE FINO TRANSFORMA O NOKIA 2630 EM UMA EXCELENTE OPÇÃO DE APARELHO SIMPLES. TEM BOA CAMÊRA, BOA DIGITAÇÃO DE TECLADO E TEM BLUETOOTH. O CUSTO ESTÁ BEM EM CONTA (R$199,00 REAIS). NOTA 10!

O que gostei: QUALIDADE, DESENHO, FUNCIONALIDADE, SIMPLICIDADE NOS COMANDOS.

O que não gostei: NO MOMENTO NADA ENCONTRADO QUE SEJA MOTIVO DE CRÍTICA.</opinion>
</review>
