<?xml version="1.0" ?>
<review>
  <source value="http://www.buscape.com.br/avaliacao---o-7239-aqui-recomenda--smartphone-lg-arena-km900-desbloqueado--63607.html"/>
  <evaluation_date value="13/12/2009"/>
  <category value="Celular e Smartphone"/>
  <pro7239ct value="Celular e Smartphone Smartphone LG Arena KM900 Desbloqueado"/>
  <stars value="0.0"/>
  <recommends value="Yes"/>
  <user value="7239"/>
  <thumbsUp value="2"/>
  <thumbsDown value="2"/>
  <pros>Não possui nenhum ponto positivo.
</pros>
  <cons>Duração da Bateria
Design
Custo-Benefício
Facilidade de Uso
Funções e Características
Durabilidade
Display
Operadora
</cons>
  <opinion>o aparelho é muito bom na vaerdade é ótimo quer dizer sem comentarios............

O que gostei: o aparelho é muito bom na vaerdade é ótimo quer dizer sem comentarios............

O que não gostei: NADA CONTRA TUDO A FAVOR</opinion>
</review>
