<?xml version="1.0" ?>
<review>
  <source value="http://www.buscape.com.br/avaliacao--bom--celular-lg-new-chocolate-bl40-desbloqueado--63268.html"/>
  <evaluation_date value="09/12/2009"/>
  <category value="Celular e Smartphone"/>
  <product value="Celular e Smartphone Celular LG New Chocolate BL40 Desbloqueado"/>
  <stars value="0.0"/>
  <recommends value="Yes"/>
  <user value="19223"/>
  <thumbsUp value="1"/>
  <thumbsDown value="1"/>
  <pros>Não possui nenhum ponto positivo.
</pros>
  <cons>Duração da Bateria
Design
Custo-Benefício
Facilidade de Uso
Funções e Características
Durabilidade
Display
Operadora
</cons>
  <opinion>um celular maravilhoso, design bonito, muitas funçoes, facilidade de uso

O que não gostei: nao</opinion>
</review>
