<?xml version="1.0" ?>
<review>
  <source value="http://www.buscape.com.br/avaliacao--sempre-nokia--celular-nokia-2630-desbloqueado--63825.html"/>
  <evaluation_date value="14/12/2009"/>
  <category value="Celular e Smartphone"/>
  <product value="Celular e Smartphone Celular Nokia 2630 Desbloqueado"/>
  <stars value="0.0"/>
  <recommends value=""/>
  <user value="20944"/>
  <thumbsUp value="0"/>
  <thumbsDown value="0"/>
  <pros>Não possui nenhum ponto positivo.
</pros>
  <cons>Duração da Bateria
Design
Custo-Benefício
Facilidade de Uso
Funções e Características
Durabilidade
Display
</cons>
  <opinion>Adquiri a cerca de  uma semana atrás e estou plenamente satisfeito com meu Nokia 2630. É extremamente leve, fino, bem desenhado e com as funções básicas que sempre acompanham a linha Nokia. Tem excepcional duração da bateria o que é muito bom. Compra recomendada, ainda mais que tem bom preço e ótimo benefício!

O que gostei: desenho, leveza, praticidade e duração da bateria.

O que não gostei: nada a observar.</opinion>
</review>
