<?xml version="1.0" ?>
<review>
  <source value="http://www.buscape.com.br/avaliacao--legal--celular-lg-new-chocolate-bl40-desbloqueado--64305.html"/>
  <evaluation_date value="19/12/2009"/>
  <category value="Celular e Smartphone"/>
  <product value="Celular e Smartphone Celular LG New Chocolate BL40 Desbloqueado"/>
  <stars value="0.0"/>
  <recommends value="Yes"/>
  <user value="10727"/>
  <thumbsUp value="0"/>
  <thumbsDown value="0"/>
  <pros>Não possui nenhum ponto positivo.
</pros>
  <cons>Duração da Bateria
Design
Custo-Benefício
Facilidade de Uso
Funções e Características
Durabilidade
Display
Operadora
</cons>
  <opinion>celular muito bacana um dos melhores da lg tenho um e adoro ele seu perfil facil de mexe muito bom mesmo

O que gostei: mara

O que não gostei: fika keto rsrsrsrsr</opinion>
</review>
