<?xml version="1.0" ?>
<review>
  <source value="http://www.buscape.com.br/avaliacao--motorola-i856-iden-nextel--celular-motorola-i856-nextel--64276.html"/>
  <evaluation_date value="18/12/2009"/>
  <category value="Celular e Smartphone"/>
  <product value="Celular e Smartphone Celular Motorola i856 Nextel"/>
  <stars value="0.0"/>
  <recommends value="Yes"/>
  <user value="5382"/>
  <thumbsUp value="0"/>
  <thumbsDown value="0"/>
  <pros>Não possui nenhum ponto positivo.
</pros>
  <cons>Duração da Bateria
Design
Custo-Benefício
Facilidade de Uso
Funções e Características
Durabilidade
Display
Operadora
</cons>
  <opinion>aparelho satisfatorio para uso de telefonia pois a nextel tem modernizado bem seus radios, bom custo...

O que gostei: aparelho super moderno...posuui todas as funçoes de um aprelho celular nem parece nextel

O que não gostei: um pouco grande e camera não é tao boa.</opinion>
</review>
