<?xml version="1.0" ?>
<review>
  <source value="http://www.buscape.com.br/avaliacao--otimo-aparelho-recomendo--celular-samsung-star-gt-s5230-desbloqueado--64759.html"/>
  <evaluation_date value="23/12/2009"/>
  <category value="Celular e Smartphone"/>
  <product value="Celular e Smartphone Celular Samsung Star GT-S5230 Desbloqueado"/>
  <stars value="0.0"/>
  <recommends value="Yes"/>
  <user value="15260"/>
  <thumbsUp value="0"/>
  <thumbsDown value="0"/>
  <pros>Não possui nenhum ponto positivo.
</pros>
  <cons>Duração da Bateria
Design
Custo-Benefício
Facilidade de Uso
Funções e Características
Durabilidade
Display
Operadora
</cons>
  <opinion>otimo aparelho,atende todas as expectativas, facil utilização.

O que gostei: ótimo aparelho, facil de utilizar, muito bonito e de agradável visualização

O que não gostei: Até o momento nada que desabone o aparelho.</opinion>
</review>
