<?xml version="1.0" ?>
<review>
  <source value="http://www.buscape.com.br/avaliacao--aparelho-bom--celular-motorola-w220-desbloqueado--64270.html"/>
  <evaluation_date value="18/12/2009"/>
  <category value="Celular e Smartphone"/>
  <product value="Celular e Smartphone Celular Motorola W220 Desbloqueado"/>
  <stars value="0.0"/>
  <recommends value="Yes"/>
  <user value="21125"/>
  <thumbsUp value="0"/>
  <thumbsDown value="0"/>
  <pros>Não possui nenhum ponto positivo.
</pros>
  <cons>Duração da Bateria
Design
Custo-Benefício
Facilidade de Uso
Funções e Características
Durabilidade
Display
Operadora
</cons>
  <opinion>prodto bom de uma grande marca a motorola.

O que gostei: o celular é ótimo .tenho uma amiga que tem,as funções são boas,o som é bom etc...

O que não gostei: não tem</opinion>
</review>
