<?xml version="1.0" ?>
<review>
  <source value="http://www.buscape.com.br/avaliacao--um-dos-melhores--celular-samsung-star-gt-s5230-desbloqueado--66945.html"/>
  <evaluation_date value="13/01/2010"/>
  <category value="Celular e Smartphone"/>
  <product value="Celular e Smartphone Celular Samsung Star GT-S5230 Desbloqueado"/>
  <stars value="0.0"/>
  <recommends value="Yes"/>
  <user value="19871"/>
  <thumbsUp value="0"/>
  <thumbsDown value="0"/>
  <pros>Não possui nenhum ponto positivo.
</pros>
  <cons>Duração da Bateria
Design
Custo-Benefício
Facilidade de Uso
Funções e Características
Durabilidade
Display
Operadora
</cons>
  <opinion>uma grande empresa como a samsung, so poderia ter acertado em produzir um celular tão completo como o Star S5230, alem de suas funcionalidades ele e um aparelho lindo

O que gostei: este celular e um dos melhores que a samsung ja fez, ele e realmente show de bola

O que não gostei: o celular e meio dificil de manusear, necessita de treino, para aprender as funções da tela.</opinion>
</review>
