<?xml version="1.0" ?>
<review>
  <source value="http://www.buscape.com.br/avaliacao--kf-510--celular-lg-kf510-desbloqueado--66510.html"/>
  <evaluation_date value="09/01/2010"/>
  <category value="Celular e Smartphone"/>
  <product value="Celular e Smartphone Celular LG KF510 Desbloqueado"/>
  <stars value="0.0"/>
  <recommends value=""/>
  <user value="22546"/>
  <thumbsUp value="0"/>
  <thumbsDown value="0"/>
  <pros>Não possui nenhum ponto positivo.
</pros>
  <cons>Duração da Bateria
Design
Custo-Benefício
Facilidade de Uso
Funções e Características
Durabilidade
Display
Operadora
</cons>
  <opinion>Ele e um aparelho muito elegante, fino e com muitas funçoes mutmidia.

O que gostei: O kf 510 e um lindo celular com uma boa camera de 3.0 mp com autos focus e flash.
Ele tambem tem filmadora,bluetooth,radio fm,mp3 player alem do cartao  ate 4gb.

O que não gostei: sua bateria e de apenas 800 mah o que nao dura muito em um celular como esse, repleto de funçoes.</opinion>
</review>
