<?xml version="1.0" ?>
<review>
  <source value="http://www.buscape.com.br/avaliacao--otimo--celular-samsung-gt-c3050-desbloqueado--66980.html"/>
  <evaluation_date value="14/01/2010"/>
  <category value="Celular e Smartphone"/>
  <product value="Celular e Smartphone Celular Samsung GT-C3050 Desbloqueado"/>
  <stars value="0.0"/>
  <recommends value="Yes"/>
  <user value="24298"/>
  <thumbsUp value="0"/>
  <thumbsDown value="0"/>
  <pros>Não possui nenhum ponto positivo.
</pros>
  <cons>Duração da Bateria
Design
Custo-Benefício
Facilidade de Uso
Funções e Características
Durabilidade
Display
Operadora
</cons>
  <opinion>é simplismente um celular fantásticoe muito lindo e com uma ótima marca...

O que gostei: ótimo celular</opinion>
</review>
