<?xml version="1.0" ?>
<review>
  <source value="http://www.buscape.com.br/avaliacao--coisa-boa--celular-motorola-i560-nextel--66435.html"/>
  <evaluation_date value="08/01/2010"/>
  <category value="Celular e Smartphone"/>
  <product value="Celular e Smartphone Celular Motorola i560 Nextel"/>
  <stars value="0.0"/>
  <recommends value="Yes"/>
  <user value="5275"/>
  <thumbsUp value="0"/>
  <thumbsDown value="0"/>
  <pros>Não possui nenhum ponto positivo.
</pros>
  <cons>Duração da Bateria
Design
Custo-Benefício
Facilidade de Uso
Funções e Características
Durabilidade
Display
Operadora
</cons>
  <opinion>nao encontro para comprar o aparelho nem o clip para suporte

O que gostei: td de bom maravilhoso

O que não gostei: nada</opinion>
</review>
