<?xml version="1.0" ?>
<review>
  <source value="http://www.buscape.com.br/avaliacao--celular-perfeito--celular-samsung-sgh-f210-desbloqueado--67962.html"/>
  <evaluation_date value="21/01/2010"/>
  <category value="Celular e Smartphone"/>
  <product value="Celular e Smartphone Celular Samsung SGH-F210 Desbloqueado"/>
  <stars value="0.0"/>
  <recommends value="Yes"/>
  <user value="16285"/>
  <thumbsUp value="0"/>
  <thumbsDown value="0"/>
  <pros>Não possui nenhum ponto positivo.
</pros>
  <cons>Duração da Bateria
Design
Custo-Benefício
Facilidade de Uso
Funções e Características
Durabilidade
Display
Operadora
</cons>
  <opinion>Não possuo o produto, mas o conheço e sei que excelente, alem de ser lindo e exclusivo e um design perfeito.

O que gostei: Tem tudo que preciso de um celular moderno.

O que não gostei: Nada contra.</opinion>
</review>
