<?xml version="1.0" ?>
<review>
  <source value="http://www.buscape.com.br/avaliacao--otimo-aparelho--smartphone-dell-mini3ix-desbloqueado--67650.html"/>
  <evaluation_date value="18/01/2010"/>
  <category value="Celular e Smartphone"/>
  <product value="Celular e Smartphone Smartphone Dell Mini3IX Desbloqueado"/>
  <stars value="0.0"/>
  <recommends value="Yes"/>
  <user value="5812"/>
  <thumbsUp value="0"/>
  <thumbsDown value="0"/>
  <pros>Não possui nenhum ponto positivo.
</pros>
  <cons>Duração da Bateria
Design
Custo-Benefício
Facilidade de Uso
Funções e Características
Durabilidade
Display
Operadora
</cons>
  <opinion>Estou adorando esse aparelho, a cor, tamanho aplicativos e tudo mais.

O que gostei: Leve varios aplicativos, e estou gostando muito desse aparelho

O que não gostei: Nada a declarar</opinion>
</review>
