<?xml version="1.0" ?>
<review>
  <source value="http://www.buscape.com.br/avaliacao--excelente-custo-beneficio--celular-motorola-w220-desbloqueado--67124.html"/>
  <evaluation_date value="14/01/2010"/>
  <category value="Celular e Smartphone"/>
  <product value="Celular e Smartphone Celular Motorola W220 Desbloqueado"/>
  <stars value="0.0"/>
  <recommends value="Yes"/>
  <user value="20341"/>
  <thumbsUp value="0"/>
  <thumbsDown value="0"/>
  <pros>Não possui nenhum ponto positivo.
</pros>
  <cons>Duração da Bateria
Design
Custo-Benefício
Facilidade de Uso
Funções e Características
Durabilidade
Display
Operadora
</cons>
  <opinion>Tem excelente custo beneficio! Ideal para quem quer um celular que fale e mande mensagens.

O que gostei: Leve, bateria duravel, facil de manusear.

O que não gostei: Colocacao de contatos na agenda eh meio confusa.</opinion>
</review>
