<?xml version="1.0" ?>
<review>
  <source value="http://www.buscape.com.br/avaliacao--otimo--celular-samsung-star-gt-s5230-desbloqueado--68171.html"/>
  <evaluation_date value="23/01/2010"/>
  <category value="Celular e Smartphone"/>
  <product value="Celular e Smartphone Celular Samsung Star GT-S5230 Desbloqueado"/>
  <stars value="0.0"/>
  <recommends value="Yes"/>
  <user value="15132"/>
  <thumbsUp value="0"/>
  <thumbsDown value="0"/>
  <pros>Não possui nenhum ponto positivo.
</pros>
  <cons>Duração da Bateria
Design
Custo-Benefício
Facilidade de Uso
Funções e Características
Durabilidade
Display
Operadora
</cons>
  <opinion>um dos melhores celulares que já tive.

O que gostei: Design moderno e muito prático, ótima aquisição.

O que não gostei: nenhum. A empresa cumpre o que promete.</opinion>
</review>
