<?xml version="1.0" ?>
<review>
  <source value="http://www.buscape.com.br/avaliacao--android-o-futuro-mobile--smartphone-motorola-milestone-a853-desbloqueado--68170.html"/>
  <evaluation_date value="23/01/2010"/>
  <category value="Celular e Smartphone"/>
  <product value="Celular e Smartphone Smartphone Motorola Milestone A853 Desbloqueado"/>
  <stars value="0.0"/>
  <recommends value=""/>
  <user value="5031"/>
  <thumbsUp value="5"/>
  <thumbsDown value="5"/>
  <pros>Não possui nenhum ponto positivo.
</pros>
  <cons>Duração da Bateria
Design
Custo-Benefício
Facilidade de Uso
Funções e Características
Durabilidade
Display
Operadora
</cons>
  <opinion>Na minha opnião foi uma ótima aquisição.

O que gostei: A interface, o hardware, a grande comunidade que apoia o Android.

O que não gostei: A bateria é um ponto fraco do produto. Afalta de uma câmera frontal para ligações com vídeo também decepciona.</opinion>
</review>
