<?xml version="1.0" ?>
<review>
  <source value="http://www.buscape.com.br/avaliacao--q-cor-de-tela-de-fundo--celular-siemens-a50-desbloqueado--68174.html"/>
  <evaluation_date value="24/01/2010"/>
  <category value="Celular e Smartphone"/>
  <product value="Celular e Smartphone Celular Siemens A50 Desbloqueado"/>
  <stars value="0.0"/>
  <recommends value="Yes"/>
  <user value="7192"/>
  <thumbsUp value="0"/>
  <thumbsDown value="0"/>
  <pros>Não possui nenhum ponto positivo.
</pros>
  <cons>Duração da Bateria
Design
Custo-Benefício
Facilidade de Uso
Funções e Características
Durabilidade
Display
Operadora
</cons>
  <opinion>e um celular bom para quem gostar do necessário.

O que não gostei: espaço da agenda e pequeno e deveria ter uma outra cor de tela de fundo!</opinion>
</review>
