<?xml version="1.0" ?>
<review>
  <source value="http://www.buscape.com.br/avaliacao--feio--celular-sony-ericsson-w300i-desbloqueado--69742.html"/>
  <evaluation_date value="09/02/2010"/>
  <category value="Celular e Smartphone"/>
  <product value="Celular e Smartphone Celular Sony Ericsson W300i Desbloqueado"/>
  <stars value="0.0"/>
  <recommends value=""/>
  <user value="24322"/>
  <thumbsUp value="0"/>
  <thumbsDown value="0"/>
  <pros>Não possui nenhum ponto positivo.
</pros>
  <cons>Duração da Bateria
Design
Custo-Benefício
Facilidade de Uso
Funções e Características
Durabilidade
Display
Operadora
Câmera
</cons>
  <opinion>minha mãe ganhou um celular desse e não gostei dele. É muito grande e feio.

O que não gostei: ele é muito gordinho</opinion>
</review>
