<?xml version="1.0" ?>
<review>
  <source value="http://www.buscape.com.br/avaliacao--powerpack--celular-powerpack-tcgs-678-desbloqueado--71587.html"/>
  <evaluation_date value="23/02/2010"/>
  <category value="Celular e Smartphone"/>
  <product value="Celular e Smartphone Celular Powerpack TCGS-678 Desbloqueado"/>
  <stars value="0.0"/>
  <recommends value=""/>
  <user value="27822"/>
  <thumbsUp value="0"/>
  <thumbsDown value="0"/>
  <pros>Não possui nenhum ponto positivo.
</pros>
  <cons>Design
Custo-Benefício
Facilidade de Uso
Funções e Características
Durabilidade
Display
Operadora
Câmera
</cons>
  <opinion>E um celular facil de manusear e muito boa a marca


O que gostei: Da marca

O que não gostei: gosto de tudo nesse aparelho</opinion>
</review>
