<?xml version="1.0" ?>
<review>
  <source value="http://www.buscape.com.br/avaliacao--muito-bom--smartphone-nokia-e63-desbloqueado--67263.html"/>
  <evaluation_date value="15/01/2010"/>
  <category value="Celular e Smartphone"/>
  <product value="Celular e Smartphone Smartphone Nokia E63 Desbloqueado"/>
  <stars value="0.0"/>
  <recommends value="Yes"/>
  <user value="18288"/>
  <thumbsUp value="11"/>
  <thumbsDown value="1"/>
  <pros>Não possui nenhum ponto positivo.
</pros>
  <cons>Duração da Bateria
Design
Custo-Benefício
Facilidade de Uso
Funções e Características
Durabilidade
Display
Operadora
</cons>
  <opinion>O aparelho é excelente! Vale a pena. Vc tem um ótimo smart phone com um preço acessível.

O que gostei: Bateria tem ótima durabilidade, fácil de usar.. Wi Fi funciona direitinho... muito rápido... ótimo para escrever mensagens de texto.. Teclado qwert facilita muito... tem muitas funções!

O que não gostei: Acho que só pq não tem gps, mesmo assim dá pra usar o guia de mapas que já vem no aparelho.</opinion>
</review>
