<?xml version="1.0" ?>
<review>
  <source value="http://www.buscape.com.br/avaliacao--decepcionante--nokia-5530-gsm-desbloqueado--63212.html"/>
  <evaluation_date value="09/12/2009"/>
  <category value="Celular e Smartphone"/>
  <product value="Celular e Smartphone Nokia 5530 GSM Desbloqueado"/>
  <stars value="0.0"/>
  <recommends value=""/>
  <user value="15610"/>
  <thumbsUp value="35"/>
  <thumbsDown value="24"/>
  <pros>Não possui nenhum ponto positivo.
</pros>
  <cons>Duração da Bateria
Design
Custo-Benefício
Facilidade de Uso
Funções e Características
Durabilidade
Display
Operadora
</cons>
  <opinion>NAO VALE A PENA. Eu tinha um N70 que dava de 10 a 0 neste modelo. Pelo preço e os recursos a pessoa fica iludida pensando que é bom negocio - NAO É!!!
Se a Nokia mudar para modelos assim, perderá sua liderança.
Aos teimosos (como eu) desejo melhor sorte.

O que gostei: Design, preço, qualidade do audio, wireless.

O que não gostei: Bateria dura pouco em relacao a outros modelos (nao chega a 7 dias),  A CAMERA TRAVA CONSTANTEMENTE normalizando apenas quando removida a bateria, o bluetooth para uso com auto-radio (viva-voz) com muito ruido, as fotos sao de pessima qualidade - principalmente a noite - parece aquarela.</opinion>
</review>
