<?xml version="1.0" ?>
<review>
  <source value="http://www.buscape.com.br/avaliacao--miame-express--celular-motorola-i465-nextel--62666.html"/>
  <evaluation_date value="04/12/2009"/>
  <category value="Celular e Smartphone"/>
  <product value="Celular e Smartphone Celular Motorola i465 Nextel"/>
  <stars value="0.0"/>
  <recommends value=""/>
  <user value="4088"/>
  <thumbsUp value="28"/>
  <thumbsDown value="15"/>
  <pros>Não possui nenhum ponto positivo.
</pros>
  <cons>Duração da Bateria
Design
Custo-Benefício
Facilidade de Uso
Funções e Características
Durabilidade
Display
Operadora
</cons>
  <opinion>Acho que uma empresa que se submete a utilizar a internet como meio entre ela e seu cliente, deve agir de maneira rápida, pois é isso que procuramos na internet.

O que gostei: O produto deve ser bom mas a Miame Express não entrega! Pelo menos faz uma semana que comprei... Mais que isso!

O que não gostei: O fato de não consegui usá-lo.</opinion>
</review>
