<?xml version="1.0" ?>
<review>
  <source value="http://www.buscape.com.br/avaliacao--aparelho-com-defeito-de-fabrica--smartphone-samsung-723-wave-gt-s7230-desbloqueado--209787.html"/>
  <evaluation_date value="13/06/2011"/>
  <category value="Celular e Smartphone"/>
  <product value="Celular e Smartphone Smartphone Samsung 723 Wave GT-S7230 Desbloqueado"/>
  <stars value="0.0"/>
  <recommends value=""/>
  <user value="15881"/>
  <thumbsUp value="4"/>
  <thumbsDown value="3"/>
  <pros>Não possui nenhum ponto positivo.
</pros>
  <cons>Duração da Bateria
Design
Custo-Benefício
Facilidade de Uso
Funções e Características
Durabilidade
Display
Operadora
Câmera
</cons>
  <opinion>Não pude avaliar, já veio com defeito...........

O que gostei: Não pude avaliar

O que não gostei: Aparelho veio com defeito, comprei no Balão da Informática que informou que não troca o aparelho só com o fabricante, depois que comprei esse aparelho, encontrei na net. varios comentários desse aparelho que veio com defeito. podem consultar....</opinion>
</review>
