<?xml version="1.0" ?>
<review>
  <source value="http://www.buscape.com.br/avaliacao--praticidade-lazer-e-eficiencia--celular-motorola-ex108-motokey-mini-desbloqueado--315192.html"/>
  <evaluation_date value="28/03/2012"/>
  <category value="Celular e Smartphone"/>
  <product value="Celular e Smartphone Celular Motorola EX108 Motokey Mini Desbloqueado"/>
  <stars value="0.0"/>
  <recommends value="Yes"/>
  <user value="19313"/>
  <thumbsUp value="1"/>
  <thumbsDown value="0"/>
  <pros>Não possui nenhum ponto positivo.
</pros>
  <cons>Duração da Bateria
Design
Custo-Benefício
Facilidade de Uso
Funções e Características
Durabilidade
Display
Operadora
Câmera
</cons>
  <opinion>ÓTIMA OPÇÃO DE COMPRA; PRODUTO DE EXCELENTE QUALIDADE, EFICIÊNCIA  E PRATICIDADE; ESTOU MUITO SATISFEITA COM A AQUISIÇÃO.

O que gostei:  fácil manuseio; ícones bem especificados e pastas compactas para não permitir o acesso indevido; prático; leve; várias opções de acesso a redes sociais; chave bloqueadora e desbloqueadora no próprio teclado.

O que não gostei: O  kit deveria conter acessório de carregador de carro; as opções de ringtone deveriam conter alguns toques que foram configurados no alarme.</opinion>
</review>
