<?xml version="1.0" ?>
<review>
  <source value="http://www.buscape.com.br/avaliacao--o-basicao-touch--celular-samsung-star-gt-s5230-desbloqueado--63586.html"/>
  <evaluation_date value="12/12/2009"/>
  <category value="Celular e Smartphone"/>
  <product value="Celular e Smartphone Celular Samsung Star GT-S5230 Desbloqueado"/>
  <stars value="0.0"/>
  <recommends value=""/>
  <user value="22546"/>
  <thumbsUp value="2"/>
  <thumbsDown value="1"/>
  <pros>Não possui nenhum ponto positivo.
</pros>
  <cons>Duração da Bateria
Design
Custo-Benefício
Facilidade de Uso
Funções e Características
Durabilidade
Display
Operadora
</cons>
  <opinion>Da para tirar muito onda com seus amigos babacas que não entedem nada de celular e que acha que mp9/mp10 e a melhor coisa do mundo.

O que gostei: Pelo preço de 499,00 vale muito apena compra esse celular equipado com camera de 3.2mp zoom 2x com outros varios funçoes e filmadora qvga 320x240 15 frames p/s e zoom 4x e reproduz videos em 3GP,MP4,WMV,ASF,H.263. Tem MP3/WMA/ACC e varios outros formatos.

O que não gostei: Apesar de não ter wi-fi ,gps e 3G ele e bom celular pois se fosse encrementado wi-fi , 3g e gps isso aumentaria seu preço e tamanho. E tambem java bloqueado e caneta souta(contras).</opinion>
</review>
