<?xml version="1.0" ?>
<review>
  <source value="http://www.buscape.com.br/avaliacao--aparelho-muito-bom--celular-vaic-t800-desbloqueado--64048.html"/>
  <evaluation_date value="16/12/2009"/>
  <category value="Celular e Smartphone"/>
  <product value="Celular e Smartphone Celular Vaic T800 Desbloqueado"/>
  <stars value="0.0"/>
  <recommends value="Yes"/>
  <user value="18210"/>
  <thumbsUp value="1"/>
  <thumbsDown value="0"/>
  <pros>Não possui nenhum ponto positivo.
</pros>
  <cons>Duração da Bateria
Design
Custo-Benefício
Facilidade de Uso
Funções e Características
Durabilidade
Display
Operadora
</cons>
  <opinion>É um produto de muita qualidade, uma marca confiável.
A duração da bateria é ótima, capaz de ficar até 2 dias com a mesma carga. Adorei esse aparelho RECOMENDO!

O que gostei: Ótimo celular, esse aparelho é mais conhecido como mp9, várias funções, prático e de facil utilização além de lindo é bem levinho ... tenho e recomendo!

O que não gostei: Nenhum.</opinion>
</review>
