<?xml version="1.0" ?>
<review>
  <source value="http://www.buscape.com.br/avaliacao--o-primeiro-celular-com-problema-a-gente-nunca-esquece--celular-samsung-beat-disco-gt-m2510-claro--64761.html"/>
  <evaluation_date value="23/12/2009"/>
  <category value="Celular e Smartphone"/>
  <product value="Celular e Smartphone Celular Samsung Beat Disco GT-M2510 Claro"/>
  <stars value="0.0"/>
  <recommends value=""/>
  <user value="17698"/>
  <thumbsUp value="2"/>
  <thumbsDown value="1"/>
  <pros>Não possui nenhum ponto positivo.
</pros>
  <cons>Duração da Bateria
Design
Custo-Benefício
Facilidade de Uso
Funções e Características
Durabilidade
Display
Operadora
</cons>
  <opinion>Após 5 dias de uso começou a travar ao ligar apresesentando o logo da Samsung . Tem que tirar a bateria e religar.

O que gostei: Leve, carga bateria dura bastante

O que não gostei: arranha facilmente</opinion>
</review>
