<?xml version="1.0" ?>
<review>
  <source value="http://www.buscape.com.br/avaliacao--otimo-celular--smartphone-nokia-5800-tim--67937.html"/>
  <evaluation_date value="20/01/2010"/>
  <category value="Celular e Smartphone"/>
  <product value="Celular e Smartphone Smartphone Nokia 5800 Tim"/>
  <stars value="0.0"/>
  <recommends value="Yes"/>
  <user value="7074"/>
  <thumbsUp value="1"/>
  <thumbsDown value="0"/>
  <pros>Não possui nenhum ponto positivo.
</pros>
  <cons>Duração da Bateria
Design
Custo-Benefício
Facilidade de Uso
Funções e Características
Durabilidade
Display
Operadora
</cons>
  <opinion>simples e fácil de usar. Com as configurações corretas, sua bateria dura muito mais que qualquer outro.

O que gostei: Facilidade de manipulação dos arquivos e aplicativos

O que não gostei: Tamanho</opinion>
</review>
