<?xml version="1.0" ?>
<review>
  <source value="http://www.buscape.com.br/avaliacao--excelente---celular-motorola-w270-desbloqueado--69594.html"/>
  <evaluation_date value="03/02/2010"/>
  <category value="Celular e Smartphone"/>
  <product value="Celular e Smartphone Celular Motorola W270 Desbloqueado"/>
  <stars value="0.0"/>
  <recommends value="Yes"/>
  <user value="8503"/>
  <thumbsUp value="1"/>
  <thumbsDown value="0"/>
  <pros>Não possui nenhum ponto positivo.
</pros>
  <cons>Duração da Bateria
Design
Custo-Benefício
Facilidade de Uso
Funções e Características
Durabilidade
Display
Operadora
Câmera
</cons>
  <opinion>Excelente produto para pessoas de classe média, pelo preço acessível e design discreto. Os acessórios são baratos, de fácil manuseio e excelente qualidade, assim como todo produto da Motorola.

O que gostei: Aparelho com ótima qualidade de som para MP3, boa quantidade de memória e excelente funcionamento. Fones de ouvido de boa qualidade e extensão do fio. O w270 é pequeno, leve e discreto. Perfeito para profissionais.

O que não gostei: Display pequeno.</opinion>
</review>
