<?xml version="1.0" ?>
<review>
  <source value="http://www.buscape.com.br/avaliacao--smartphone-aroavel---smartphone-nokia-e63-desbloqueado--69724.html"/>
  <evaluation_date value="09/02/2010"/>
  <category value="Celular e Smartphone"/>
  <product value="Celular e Smartphone Smartphone Nokia E63 Desbloqueado"/>
  <stars value="0.0"/>
  <recommends value=""/>
  <user value="3514"/>
  <thumbsUp value="3"/>
  <thumbsDown value="2"/>
  <pros>Não possui nenhum ponto positivo.
</pros>
  <cons>Duração da Bateria
Design
Custo-Benefício
Facilidade de Uso
Funções e Características
Durabilidade
Display
Operadora
Câmera
</cons>
  <opinion>Um celular bom para quem não depende de um smartphone para o trabalho, leitura e resposta dos emails são sofridas, você só pode apagar o email não podendo armazena-los em pastas específicas. O teclado é bom mas nem se compara com o BlackBerry

O que gostei: Relativamente pequeno e leve, um celular simples para um smartphone. Possui câmera de 2 MP

O que não gostei: Não possui GPS, o sistema operacional é fraco, com poucas opções e difícil de navegar.</opinion>
</review>
