<?xml version="1.0" ?>
<review>
  <source value="http://www.buscape.com.br/avaliacao--excelente--nokia-5530-gsm-desbloqueado--65357.html"/>
  <evaluation_date value="29/12/2009"/>
  <category value="Celular e Smartphone"/>
  <product value="Celular e Smartphone Nokia 5530 GSM Desbloqueado"/>
  <stars value="0.0"/>
  <recommends value=""/>
  <user value="20439"/>
  <thumbsUp value="22"/>
  <thumbsDown value="2"/>
  <pros>Não possui nenhum ponto positivo.
</pros>
  <cons>Duração da Bateria
Design
Custo-Benefício
Facilidade de Uso
Funções e Características
Durabilidade
Display
Operadora
</cons>
  <opinion>vale o invetimento mesmo sem GPS e 3G funções que para quem não usa não faz falta.

O que gostei: Excelente celular, design moderno compacto, fácil manuseio, na linha touchscreen, excelente custo benefício, ótimo audio, boa resolução de camera, enfim para os que curtem aparelhos tocscreen  uma ótima opção além de vir com 4gb e Wifi

O que não gostei: A autonomia da bateria em relação a outros do mercado podia durar mais.Podia vir com carregador de carro</opinion>
</review>
