<?xml version="1.0" ?>
<review>
  <source value="http://www.buscape.com.br/avaliacao--muitas-funcoes-por-um-baixo-preco--smartphone-nokia-n70-music-edition-desbloqueado--63211.html"/>
  <evaluation_date value="09/12/2009"/>
  <category value="Celular e Smartphone"/>
  <product value="Celular e Smartphone Smartphone Nokia N70 Music Edition Desbloqueado"/>
  <stars value="0.0"/>
  <recommends value="Yes"/>
  <user value="17885"/>
  <thumbsUp value="22"/>
  <thumbsDown value="2"/>
  <pros>Não possui nenhum ponto positivo.
</pros>
  <cons>Duração da Bateria
Design
Custo-Benefício
Facilidade de Uso
Funções e Características
Durabilidade
Display
Operadora
</cons>
  <opinion>Fiquei muito satisfeito com esse Smartphone e surpreso com relação ao seu excelente custo-benefício.

O que gostei: Esse Smartphone é muito bom!
-3G, funciona com sistema Symbiam/Java - alta interatividade;
-Possibilidade de instalação de programas, jogos, etc, ambiente Synbiam/Java;
-MP3, Rádio, Fotos e Vídeos;
-Leitor de pdf, Word, etc;
-Excelente custo-benefício;
-Fone de ouvidos com funções Play/Pause, Rew e FF;
-Bluetooth;
-Excelente qualidade e volume de áudio.

O que não gostei: O aparelho é um pouco lento, mas nada que atrapalhe sua usabilidade.</opinion>
</review>
