<?xml version="1.0" ?>
<review>
  <source value="http://www.buscape.com.br/avaliacao--windows-phone-7-5-samsung-omnia-w--smartphone-samsung-omnia-w-sgh-i677-desbloqueado--315473.html"/>
  <evaluation_date value="29/03/2012"/>
  <category value="Celular e Smartphone"/>
  <product value="Celular e Smartphone Smartphone Samsung Omnia W SGH-I677 Desbloqueado"/>
  <stars value="0.0"/>
  <recommends value="Yes"/>
  <user value="3780"/>
  <thumbsUp value="3"/>
  <thumbsDown value="1"/>
  <pros>Não possui nenhum ponto positivo.
</pros>
  <cons>Duração da Bateria
Design
Custo-Benefício
Facilidade de Uso
Funções e Características
Durabilidade
Display
Operadora
Câmera
</cons>
  <opinion>Acredito que é um dos melhores smart phone hoje no mercado, no quesito custo benefício é sem dúvida o melhor, tem uma ligeira vantagem sobre o Nokia Lumia 710 (modelo semelhante) por no Samsung existir a camera frontal para video calls que no Nokia não tem, o Sistema Windows Phone superou minhas expectativas mesmo já sendo usuário de IOS, enfim para quem deseja um SmartPhone decente sem gastar muito, vá de Omnia W.

O que gostei: - Custo benefício execelente
- Aparelho muito leve e com acabamento decente
- Camera traseira 5MP faz fotos bem rasoáveis
- Sistema Windows Phone 7.5 Mango, roda perfeitamente fluído, sem travar, enroscar nada

O que não gostei: - Poderia vir com um aplicativo para navegação decente, como existente nos modelos Nokia (Nokia Drive) faz falta</opinion>
</review>
