<?xml version="1.0" ?>
<review>
  <source value="http://www.buscape.com.br/avaliacao--eu-quero-comprar-um-aparelho-de-celular--celular-sony-ericsson-w580i-desbloqueado--31181.html"/>
  <evaluation_date value="29/11/2008"/>
  <category value="Celular e Smartphone"/>
  <product value="Celular e Smartphone Celular Sony Ericsson W580i Desbloqueado"/>
  <stars value="0.0"/>
  <recommends value=""/>
  <user value="15253"/>
  <thumbsUp value="4"/>
  <thumbsDown value="2"/>
  <pros>Não possui nenhum ponto positivo.
</pros>
  <cons>Duração da Bateria
Design
Custo-Benefício
Facilidade de Uso
Funções e Características
Durabilidade
Display
Operadora
</cons>
  <opinion>Eu quero comprar um aparelhor de celular pq eu gosto da marca...

O que gostei: muitas coisas

O que não gostei: abateria</opinion>
</review>
