<?xml version="1.0" ?>
<review>
  <source value="http://www.buscape.com.br/avaliacao--otimo--smartphone-motorola-i867-nextel--315199.html"/>
  <evaluation_date value="28/03/2012"/>
  <category value="Celular e Smartphone"/>
  <product value="Celular e Smartphone Smartphone Motorola i867 Nextel"/>
  <stars value="0.0"/>
  <recommends value="Yes"/>
  <user value="27681"/>
  <thumbsUp value="2"/>
  <thumbsDown value="0"/>
  <pros>Não possui nenhum ponto positivo.
</pros>
  <cons>Duração da Bateria
Design
Custo-Benefício
Facilidade de Uso
Funções e Características
Durabilidade
Display
Operadora
Câmera
</cons>
  <opinion>EU RECOMENTO ESSE PRODUTO POIS ELE É MUITO POIS TEM OTIMAS FUNÇOES ....

O que gostei: ESTE PRODUTO É MUITO BOM POIS ELE  TEM OTIMA DURABILIDADE OTIMAS FUNÇOES ESSE SIM É OTIMO PRODUTO....

O que não gostei: EU NÃO TENHO  NENHUM PONTO NEGATIVO SOBRE ESSE PRODUTO OU DESSA LOJA</opinion>
</review>
