<?xml version="1.0" ?>
<review>
  <source value="http://www.buscape.com.br/avaliacao--horrivel--celular-nokia-c2-06-desbloqueado--337918.html"/>
  <evaluation_date value="27/06/2012"/>
  <category value="Celular e Smartphone"/>
  <product value="Celular e Smartphone Celular Nokia C2-06 Desbloqueado"/>
  <stars value="0.0"/>
  <recommends value=""/>
  <user value="23237"/>
  <thumbsUp value="2"/>
  <thumbsDown value="0"/>
  <pros>Não possui nenhum ponto positivo.
</pros>
  <cons>Duração da Bateria
Design
Custo-Benefício
Facilidade de Uso
Funções e Características
Durabilidade
Display
Operadora
Câmera
</cons>
  <opinion>horrivel nao presta nao aconselho a ninguem comprar a nokia e uma das melhores marca de celular mais dessa vez falhou feio!!!

O que não gostei: tudo, eu meu amigo e minha esposa comprou todos os tres quebrou o bom e processar a nokia pelo pessimo celular que colocaram no mercado pior que um celular importado!!!! Nota 0 para a nokia!!!!</opinion>
</review>
