<?xml version="1.0" ?>
<review>
  <source value="http://www.buscape.com.br/avaliacao--pessimo--celular-meu-sn61-desbloqueado--393463.html"/>
  <evaluation_date value="28/12/2012"/>
  <category value="Celular e Smartphone"/>
  <product value="Celular e Smartphone Celular Meu SN61 Desbloqueado"/>
  <stars value="0.0"/>
  <recommends value=""/>
  <user value="13020"/>
  <thumbsUp value="2"/>
  <thumbsDown value="0"/>
  <pros>Não possui nenhum ponto positivo.
</pros>
  <cons>Duração da Bateria
Design
Custo-Benefício
Facilidade de Uso
Funções e Características
Durabilidade
Display
Operadora
Câmera
</cons>
  <opinion>Comprei e bateria só durou uma semana. Assistência técnica muito ruim. Tive de comprar outra bateria. Qualidade do som muito ruim, até para falar com outra pessoa dói o ouvido. À medida que vai falando o aparelho começa a esquentar.
Teclas para digitação muito ruim, difícil digitação. Memória interna muito pequena.
Acatem meu conselho: fujam desse aparelho!!!!!!! Xingue lingue de péssima qualidade.

O que gostei: Nada

O que não gostei: Tudo</opinion>
</review>
