<?xml version="1.0" ?>
<review>
  <source value="http://www.buscape.com.br/avaliacao---3906--celular-sony-ericsson-w580i-desbloqueado--42754.html"/>
  <evaluation_date value="27/05/2009"/>
  <category value="Celular e Smartphone"/>
  <product value="Celular e Smartphone Celular Sony Ericsson W580i Desbloqueado"/>
  <stars value="0.0"/>
  <recommends value=""/>
  <user value="3906"/>
  <thumbsUp value="2"/>
  <thumbsDown value="0"/>
  <pros>Não possui nenhum ponto positivo.
</pros>
  <cons>Duração da Bateria
Design
Custo-Benefício
Facilidade de Uso
Funções e Características
Durabilidade
Display
Operadora
</cons>
  <opinion>celular muito massa para liga com versa
ele é desbloqueado para outras peradoras

O que gostei: vidio de hiphop

O que não gostei: infra</opinion>
</review>
