<?xml version="1.0" ?>
<review>
  <source value="http://www.buscape.com.br/avaliacao--ele-e-bonito-e-pratico-mas-a-bateria-e-pessima---celular-motorola-em28-desbloqueado--63680.html"/>
  <evaluation_date value="13/12/2009"/>
  <category value="Celular e Smartphone"/>
  <product value="Celular e Smartphone Celular Motorola EM28 Desbloqueado"/>
  <stars value="0.0"/>
  <recommends value=""/>
  <user value="29492"/>
  <thumbsUp value="3"/>
  <thumbsDown value="1"/>
  <pros>Não possui nenhum ponto positivo.
</pros>
  <cons>Duração da Bateria
Design
Custo-Benefício
Facilidade de Uso
Funções e Características
Durabilidade
Display
Operadora
</cons>
  <opinion>Como eu disse nos &quot;PRÓS&quot; , ele é bonito pratico, ou seja, tem varias funções que um celular da modernidade tem, mas...............
A bateria não dura NADA, dependendo do seu uso vc tem que carrega-la dia sim dia não, isso quebra qualquer um, fiquei enfurecido.

O que gostei: Muito bonito e pratico........

O que não gostei: BATERIA.......</opinion>
</review>
