<?xml version="1.0" ?>
<review>
  <source value="http://www.buscape.com.br/avaliacao--aparelho-muito-bom--celular-samsung-gt-c3050-desbloqueado--63686.html"/>
  <evaluation_date value="13/12/2009"/>
  <category value="Celular e Smartphone"/>
  <product value="Celular e Smartphone Celular Samsung GT-C3050 Desbloqueado"/>
  <stars value="0.0"/>
  <recommends value="Yes"/>
  <user value="18210"/>
  <thumbsUp value="2"/>
  <thumbsDown value="0"/>
  <pros>Não possui nenhum ponto positivo.
</pros>
  <cons>Duração da Bateria
Design
Custo-Benefício
Facilidade de Uso
Funções e Características
Durabilidade
Display
Operadora
</cons>
  <opinion>É um produto de muita qualidade, uma marca confiável.
A duração da bateria é ótima, capaz de ficar até 2 dias com a mesma carga. Adorei esse aparelho RECOMENDO!

O que gostei: Ótimo celular, Várias funções, prático e de facil utilização além de lindo é bem moderno ... tenho e recomendo!

O que não gostei: Nenhum.</opinion>
</review>
