<?xml version="1.0" ?>
<review>
  <source value="http://www.buscape.com.br/avaliacao--decepcao--celular-samsung-sgh-i6210-desbloqueado--64650.html"/>
  <evaluation_date value="22/12/2009"/>
  <category value="Celular e Smartphone"/>
  <product value="Celular e Smartphone Celular Samsung SGH-I6210 Desbloqueado"/>
  <stars value="0.0"/>
  <recommends value=""/>
  <user value="20397"/>
  <thumbsUp value="2"/>
  <thumbsDown value="0"/>
  <pros>Não possui nenhum ponto positivo.
</pros>
  <cons>Duração da Bateria
Design
Custo-Benefício
Facilidade de Uso
Funções e Características
Durabilidade
Display
Operadora
</cons>
  <opinion>A aparência de um produto é algo que faz toda a diferença para mim. Esse foi o principal motivo da minha decepção, pois o aparelho é muito grande, e como é de flip, ao abrir fica maior ainda. Outro motivo é o preço, eu comprei por R$375 no boleto no magazine luiza (acho que foi uma promoção relâmpago), mas o preço mais baixo hoje é de R$500, só porque possui tv digital (cultura brasileira de cobrar caro). Os genéricos, pra mim são melhor opção, pois permitem utilizar dois chips, tem tv analógica, mp4 player, etc... só não tem garantia...rsrsr.... mas eu tenho um a mais de um ano, e nunca deu problema.

O que gostei: TV Digital, desbloqueado

O que não gostei: Preço, tamanho e espessura</opinion>
</review>
