<?xml version="1.0" ?>
<review>
  <source value="http://www.buscape.com.br/avaliacao--zn300--smartphone-motorola-zn300-desbloqueado--65797.html"/>
  <evaluation_date value="03/01/2010"/>
  <category value="Celular e Smartphone"/>
  <product value="Celular e Smartphone Smartphone Motorola ZN300 Desbloqueado"/>
  <stars value="0.0"/>
  <recommends value=""/>
  <user value="22546"/>
  <thumbsUp value="3"/>
  <thumbsDown value="1"/>
  <pros>Não possui nenhum ponto positivo.
</pros>
  <cons>Duração da Bateria
Design
Custo-Benefício
Facilidade de Uso
Funções e Características
Durabilidade
Display
Operadora
</cons>
  <opinion>Bom celular ,mas não o melhor  da sua faixa de preço.

O que gostei: Tem uma boa camera de 3.1mp com flash zoom 8 vezes e tambem bluetooth, radio fm, mp3 player,internet e cartao de ate 32 gb ,e isso mesmo 32 gigabitys.

O que não gostei: Apesar de ter uma bateria de 940mah mais forte de celulares como f250 que tem 800mah e w375 e w510 que tem 870mah ha muitas pessoas que reclaman de sua bateria.</opinion>
</review>
