<?xml version="1.0" ?>
<review>
  <source value="http://www.buscape.com.br/avaliacao--bom--celular-samsung-star-gt-s5230-desbloqueado--68368.html"/>
  <evaluation_date value="30/01/2010"/>
  <category value="Celular e Smartphone"/>
  <product value="Celular e Smartphone Celular Samsung Star GT-S5230 Desbloqueado"/>
  <stars value="0.0"/>
  <recommends value="Yes"/>
  <user value="29039"/>
  <thumbsUp value="4"/>
  <thumbsDown value="2"/>
  <pros>Não possui nenhum ponto positivo.
</pros>
  <cons>Duração da Bateria
Design
Custo-Benefício
Facilidade de Uso
Funções e Características
Durabilidade
Display
Operadora
Câmera
</cons>
  <opinion>ótima qualidade,camera muuittoo boaaa.pra um celular da pra fazer fotoss de boas resoluçoes.
Varias Funções.

O que gostei: Celular muito bom.

O que não gostei: A caneta não é embutida.</opinion>
</review>
