<?xml version="1.0" ?>
<review>
  <source value="http://www.buscape.com.br/avaliacao--maravilhoso--celular-motorola-w233-desbloqueado--68101.html"/>
  <evaluation_date value="22/01/2010"/>
  <category value="Celular e Smartphone"/>
  <product value="Celular e Smartphone Celular Motorola W233 Desbloqueado"/>
  <stars value="0.0"/>
  <recommends value="Yes"/>
  <user value="20854"/>
  <thumbsUp value="4"/>
  <thumbsDown value="2"/>
  <pros>Não possui nenhum ponto positivo.
</pros>
  <cons>Duração da Bateria
Design
Custo-Benefício
Facilidade de Uso
Funções e Características
Durabilidade
Display
Operadora
</cons>
  <opinion>é um exelente produto, eutou louca para comprá-lo. é lindo, prático e fácil de se manusear..

O que gostei: lindo
prático
facil manuseio
infinitas funsões</opinion>
</review>
