<?xml version="1.0" ?>
<review>
  <source value="http://www.buscape.com.br/avaliacao--bom-celular--celular-samsung-star-tv-gt-i6220-desbloqueado--62408.html"/>
  <evaluation_date value="01/12/2009"/>
  <category value="Celular e Smartphone"/>
  <product value="Celular e Smartphone Celular Samsung Star TV GT-I6220 Desbloqueado"/>
  <stars value="0.0"/>
  <recommends value="Yes"/>
  <user value="4793"/>
  <thumbsUp value="40"/>
  <thumbsDown value="9"/>
  <pros>Não possui nenhum ponto positivo.
</pros>
  <cons>Duração da Bateria
Design
Custo-Benefício
Facilidade de Uso
Funções e Características
Durabilidade
Display
Operadora
</cons>
  <opinion>Ótimo celular, preço bom, o manual vem em um arquivo no próprio celular

O que gostei: Tv excelente, grava os programas, câmera de boa qualidade.

O que não gostei: Não possui wi-fi, os jogos são bloqueados, não vem com opção de usar google maps off-line.</opinion>
</review>
