<?xml version="1.0" ?>
<review>
  <source value="http://www.buscape.com.br/avaliacao--internet-so-no-sim-2--celular-semp-toshiba-ctv-35d-desbloqueado--314821.html"/>
  <evaluation_date value="26/03/2012"/>
  <category value="Celular e Smartphone"/>
  <product value="Celular e Smartphone Celular Semp Toshiba CTV-35D Desbloqueado"/>
  <stars value="0.0"/>
  <recommends value="Yes"/>
  <user value="23510"/>
  <thumbsUp value="3"/>
  <thumbsDown value="0"/>
  <pros>Não possui nenhum ponto positivo.
</pros>
  <cons>Duração da Bateria
Design
Custo-Benefício
Facilidade de Uso
Funções e Características
Durabilidade
Display
Operadora
Câmera
</cons>
  <opinion>Tentei por horas configurar a internet tim wap do sti ctv 35d, liguei na operadora, e tudo mais e nada, só dava a mensagem &quot;a conexão falhou&quot;. Depois eu so mudei o chip para o sim 2 e funcuonou normalmente

O que gostei: Este produto é muito bom, por ter várias funções e ser original

O que não gostei: Só dá pra usar internet no sim 2</opinion>
</review>
