<?xml version="1.0" ?>
<review>
  <source value="http://www.buscape.com.br/avaliacao--deveria-ser-mais-facil-de-ter---smartphone-blackberry-curve-8350i-nextel--63332.html"/>
  <evaluation_date value="10/12/2009"/>
  <category value="Celular e Smartphone"/>
  <product value="Celular e Smartphone Smartphone BlackBerry Curve 8350i Nextel"/>
  <stars value="0.0"/>
  <recommends value="Yes"/>
  <user value="7627"/>
  <thumbsUp value="4"/>
  <thumbsDown value="1"/>
  <pros>Não possui nenhum ponto positivo.
</pros>
  <cons>Duração da Bateria
Design
Custo-Benefício
Facilidade de Uso
Funções e Características
Durabilidade
Display
Operadora
</cons>
  <opinion>Gostaria muito de adquirir, mas com essa venda casada fi dificil.

O que gostei: Bonito, eficiente e resistente.

O que não gostei: Só é possivel ser comprado na NEXTEL com uma venda casada de acesso a internet.</opinion>
</review>
