<?xml version="1.0" ?>
<review>
  <source value="http://www.buscape.com.br/avaliacao--aparelho-muito-bom-recomendo--celular-venko-carisma-desbloqueado--63498.html"/>
  <evaluation_date value="11/12/2009"/>
  <category value="Celular e Smartphone"/>
  <product value="Celular e Smartphone Celular Venko Carisma Desbloqueado"/>
  <stars value="0.0"/>
  <recommends value="Yes"/>
  <user value="18210"/>
  <thumbsUp value="5"/>
  <thumbsDown value="2"/>
  <pros>Não possui nenhum ponto positivo.
</pros>
  <cons>Duração da Bateria
Design
Custo-Benefício
Facilidade de Uso
Funções e Características
Durabilidade
Display
Operadora
</cons>
  <opinion>É um produto de muita qualidade, uma marca considerável.
A duração da bateria é ótima, capaz de ficar até 2 dias com a mesma carga. Adorei esse aparelho RECOMENDO!


O que gostei: Ótimo celular, Várias funções, prático e de facil utilização além de lindo é bem moderno ... tenho e recomendo!

O que não gostei: Nenhum.</opinion>
</review>
