<?xml version="1.0" ?>
<review>
  <source value="http://www.buscape.com.br/avaliacao--recomendo--celular-samsung-gt-e2210-desbloqueado--64273.html"/>
  <evaluation_date value="18/12/2009"/>
  <category value="Celular e Smartphone"/>
  <product value="Celular e Smartphone Celular Samsung GT-E2210 Desbloqueado"/>
  <stars value="0.0"/>
  <recommends value="Yes"/>
  <user value="264"/>
  <thumbsUp value="3"/>
  <thumbsDown value="0"/>
  <pros>Não possui nenhum ponto positivo.
</pros>
  <cons>Duração da Bateria
Design
Custo-Benefício
Facilidade de Uso
Funções e Características
Durabilidade
Display
Operadora
</cons>
  <opinion>A facilidade de uso do produto é um dos pontos altos, deste telefone. A duração da bateria é muito boa, comparado a aparelhos desta categoria.

O que gostei: Fácil de usar. Bateria com ótima durabilidade. Recepção ótima.

O que não gostei: Poderia ter uma memória maior.</opinion>
</review>
