<?xml version="1.0" ?>
<review>
  <source value="http://www.buscape.com.br/avaliacao--otimo--celular-lg-new-chocolate-bl40-desbloqueado--64649.html"/>
  <evaluation_date value="22/12/2009"/>
  <category value="Celular e Smartphone"/>
  <product value="Celular e Smartphone Celular LG New Chocolate BL40 Desbloqueado"/>
  <stars value="0.0"/>
  <recommends value="Yes"/>
  <user value="16127"/>
  <thumbsUp value="3"/>
  <thumbsDown value="0"/>
  <pros>Não possui nenhum ponto positivo.
</pros>
  <cons>Duração da Bateria
Design
Custo-Benefício
Facilidade de Uso
Funções e Características
Durabilidade
Display
Operadora
</cons>
  <opinion>Se você ainda estava em dúvida vá em um aloja e comprove , este aparelho realmente é ótimo.

O que gostei: interatividade, design moderno, câmera muito boa, bate fotos e filma com ótima resolução bem diferente de outros celulares, discreto, tenho um iphone e sinceramente este é melhor.

O que não gostei: o som poderia ser um pouco mais alto,
presenteei minha namorada com este telefone, ela fica mais tempo com ele do que comigo.</opinion>
</review>
