<?xml version="1.0" ?>
<review>
  <source value="http://www.buscape.com.br/avaliacao--samsung-omnia-2-elegante-e-funcional---smartphone-samsung-omnia-ii-gt-i8000-desbloqueado--65178.html"/>
  <evaluation_date value="28/12/2009"/>
  <category value="Celular e Smartphone"/>
  <product value="Celular e Smartphone Smartphone Samsung Omnia II GT-I8000 Desbloqueado"/>
  <stars value="0.0"/>
  <recommends value="Yes"/>
  <user value="24362"/>
  <thumbsUp value="3"/>
  <thumbsDown value="0"/>
  <pros>Não possui nenhum ponto positivo.
</pros>
  <cons>Duração da Bateria
Design
Custo-Benefício
Facilidade de Uso
Funções e Características
Durabilidade
Display
Operadora
</cons>
  <opinion>Um ótimo aparelho para quem gosta de tecnologia, bonito e funcional.


O que gostei: Visor de tamanho excelente para trabalhar com imagens, planilhas e documentos.
Fácil acesso a internet, e-mail msn entre outros. Boa rolagem do Ecrã. Loja de aplicativos. SO WM 6.5.
Tela de Amoled.
Desliga o visor durantes ligações evitando pressionamento de teclas indevidas.
Design elegante.

O que não gostei: Não achei que a bateria dura tanto quanto dizem no anuncio do aparelho.
A tela não suporta tantas cores quanto o Jet da Samsung.
Não tem conteudo para baixar na internet ainda, por exemplo jogos, imagens, papel de parede, etc...</opinion>
</review>
