<?xml version="1.0" ?>
<review>
  <source value="http://www.buscape.com.br/avaliacao--excelente-aparelho--celular-alcatel-ot-800-desbloqueado--67821.html"/>
  <evaluation_date value="19/01/2010"/>
  <category value="Celular e Smartphone"/>
  <product value="Celular e Smartphone Celular Alcatel OT-800 Desbloqueado"/>
  <stars value="0.0"/>
  <recommends value=""/>
  <user value="11666"/>
  <thumbsUp value="3"/>
  <thumbsDown value="0"/>
  <pros>Não possui nenhum ponto positivo.
</pros>
  <cons>Duração da Bateria
Design
Custo-Benefício
Facilidade de Uso
Funções e Características
Durabilidade
Display
Operadora
</cons>
  <opinion>A principio estava preocupado com essa marca ( Alcatel ) sendo que estou acostumado com  as marcas de celulares tradicionais.
Estava procurando um aparelho com teclado agil para envio de mensagens de texto e de custo baixo.
Realmente me encantei pelo custo e benefício, o aparelho parece um Blackberry ( muito bonito ) mas com funções de celulares comuns de boa tecnologia, funcionalidade e durabilidade. Fácil de operar e bateria de boa duração mesmo com  o Bluetooth acionado, esse é um diferencial que nunca ví em outros aparelhos.
Por fim estou satisfeitissímo com a quisição custo x beneficios perfeito parabéns a empresa fabricante ( Alcatel )

O que gostei: tudo: beleza, funcionamento, tecnologia funcionalidade, display moderno

O que não gostei: Nada</opinion>
</review>
