<?xml version="1.0" ?>
<review>
  <source value="http://www.buscape.com.br/avaliacao--defeito-no-aparelho-novo--smartphone-samsung-723-wave-gt-s7230-desbloqueado--197531.html"/>
  <evaluation_date value="12/05/2011"/>
  <category value="Celular e Smartphone"/>
  <product value="Celular e Smartphone Smartphone Samsung 723 Wave GT-S7230 Desbloqueado"/>
  <stars value="0.0"/>
  <recommends value=""/>
  <user value="16065"/>
  <thumbsUp value="4"/>
  <thumbsDown value="0"/>
  <pros>Não possui nenhum ponto positivo.
</pros>
  <cons>Duração da Bateria
Design
Custo-Benefício
Facilidade de Uso
Funções e Características
Durabilidade
Display
Operadora
Câmera
</cons>
  <opinion>Hoje é o 15 dia ao qual meu aparelho está na autorizada e não tive nenhuma confirmação de qual é o defeio, se este é de peça ou é da nova tecnologia BADA! O aparelho já veio com defeito!

O que gostei: comprei pela nova tecnologia, nao tive como avaliar

O que não gostei: o defieto em um aparelho novo!</opinion>
</review>
