<?xml version="1.0" ?>
<review>
  <source value="http://www.buscape.com.br/avaliacao--motorola-ex119--celular-motorola-ex119-desbloqueado--315736.html"/>
  <evaluation_date value="29/03/2012"/>
  <category value="Celular e Smartphone"/>
  <product value="Celular e Smartphone Celular Motorola EX119 Desbloqueado"/>
  <stars value="0.0"/>
  <recommends value=""/>
  <user value="24393"/>
  <thumbsUp value="5"/>
  <thumbsDown value="1"/>
  <pros>Não possui nenhum ponto positivo.
</pros>
  <cons>Duração da Bateria
Design
Custo-Benefício
Facilidade de Uso
Funções e Características
Durabilidade
Display
Operadora
Câmera
</cons>
  <opinion>O pior aparelho que já vi e possuí!!!!!!!!

O que gostei: Se jogá-lo no lixo, o lixo ainda reclama!!!

O que não gostei: O pior aparelho que eu conheço... isso é uma desgraça completa!!! Se estou em uma ligação e o displey apaga, eu não posso de jeito nenhum finalizá-la, a não ser que tire a bateria (que por sinal é outra M...) fora. Não recomendo essa desgraça nem pro pior inimigo meu!!!!!!!!!!!!!!!!!!</opinion>
</review>
