<?xml version="1.0" ?>
<review>
  <source value="http://www.buscape.com.br/ava16620acao--bom-celular--celular-motorola-motocubo-a45-desbloqueado--64033.html"/>
  <evaluation_date value="16/12/2009"/>
  <category value="Celular e Smartphone"/>
  <product value="Celular e Smartphone Celular Motorola Motocubo A45 Desbloqueado"/>
  <stars value="0.0"/>
  <recommends value="Yes"/>
  <user value="16620"/>
  <thumbsUp value="5"/>
  <thumbsDown value="1"/>
  <pros>Não possui nenhum ponto positivo.
</pros>
  <cons>Duração da Bateria
Design
Custo-Benefício
Faci16620dade de Uso
Funções e Características
Durabi16620dade
Display
Operadora
</cons>
  <opinion>Foi uma boa compra, recomendo este produto.

O que gostei: Este celular é otimo... principalmente para quem acessa bastante a internet para enviar e-mail, digitar textos.. o teclado dele é muito bom.

O que não gostei: As evzes ele é meio lento, mas não interfere nas minhas atividades.</opinion>
</review>
