<?xml version="1.0" ?>
<review>
  <source value="http://www.buscape.com.br/avaliacao--o-que-eu-acho-desse-telefone---celular-motorola-w233-desbloqueado--66738.html"/>
  <evaluation_date value="12/01/2010"/>
  <category value="Celular e Smartphone"/>
  <product value="Celular e Smartphone Celular Motorola W233 Desbloqueado"/>
  <stars value="0.0"/>
  <recommends value="Yes"/>
  <user value="3376"/>
  <thumbsUp value="4"/>
  <thumbsDown value="0"/>
  <pros>Não possui nenhum ponto positivo.
</pros>
  <cons>Duração da Bateria
Design
Custo-Benefício
Facilidade de Uso
Funções e Características
Dura3376lidade
Display
Operadora
</cons>
  <opinion>a rapidez em que o produto chegou na minha casa foi impressionante,
com isso eu pude desfrutar dos recursos do meu aparelho, sem qualquer dano.

O que gostei: ele compacto, reproduz musicas em formato mp3.

O que não gostei: ele esta com o preço maior do o normal para os recursos deste celular.</opinion>
</review>
