<?xml version="1.0" ?>
<review>
  <source value="http://www.buscape.com.br/avaliacao--modernos--celular-nokia-7500-desbloqueado--32654.html"/>
  <evaluation_date value="18/12/2008"/>
  <category value="Celular e Smartphone"/>
  <product value="Celular e Smartphone Celular Nokia 7500 Desbloqueado"/>
  <stars value="0.0"/>
  <recommends value=""/>
  <user value="15759"/>
  <thumbsUp value="6"/>
  <thumbsDown value="1"/>
  <pros>Design
</pros>
  <cons>Duração da Bateria
Custo-Benefício
Facilidade de Uso
Funções e Características
Durabilidade
Display
Operadora
</cons>
  <opinion>quero produtos de qualidade com boa aparencia e bem moderno

O que gostei: tecnologia

O que não gostei: má qualidade</opinion>
</review>
