<?xml version="1.0" ?>
<review>
  <source value="http://www.buscape.com.br/avaliacao--bom-radio--celular-motorola-i776-nextel--64056.html"/>
  <evaluation_date value="16/12/2009"/>
  <category value="Celular e Smartphone"/>
  <product value="Celular e Smartphone Celular Motorola i776 Nextel"/>
  <stars value="0.0"/>
  <recommends value="Yes"/>
  <user value="20870"/>
  <thumbsUp value="6"/>
  <thumbsDown value="1"/>
  <pros>Não possui nenhum ponto positivo.
</pros>
  <cons>Duração da Bateria
Design
Custo-Benefício
Facilidade de Uso
Funções e Características
Durabilidade
Display
Operadora
</cons>
  <opinion>Radio muito bom, ja tive umantes desse e tive problemas com os botoes. Esse é simples mas suficiente

O que gostei: é simples suficiente

O que não gostei: basico</opinion>
</review>
