<?xml version="1.0" ?>
<review>
  <source value="http://www.buscape.com.br/avaliacao--o-melhor-custo-beneficio--nokia-5530-gsm-desbloqueado--68391.html"/>
  <evaluation_date value="01/02/2010"/>
  <category value="Celular e Smartphone"/>
  <product value="Celular e Smartphone Nokia 5530 GSM Desbloqueado"/>
  <stars value="0.0"/>
  <recommends value="Yes"/>
  <user value="3700"/>
  <thumbsUp value="5"/>
  <thumbsDown value="0"/>
  <pros>Não possui nenhum ponto positivo.
</pros>
  <cons>Duração da Bateria
Design
Custo-Benefício
Facilidade de Uso
Funções e Características
Durabilidade
Display
Operadora
Câmera
</cons>
  <opinion>Comparado a outros celulares com as mesmas caracteristicas e valores é o que mais vale a pena.
Apesar de ficar devendo pelo 3G para quem costuma acessar este serviço pelo celular não vale a pena de jeito nenhum, já para quem esta sempre de posse de um notebook não vejo problemas em não ter este aplicativo.

O que gostei: Wi-Fi
Tela Touchscreen
Bons recursos para músicas
Preço comparado a outros similares
Camera de 3.2 MP



O que não gostei: Tela de apenas 2,9&quot;
Não possui 3G
Não possui GPS</opinion>
</review>
