<?xml version="1.0" ?>
<review>
  <source value="http://www.buscape.com.br/avaliacao--muito-bom--smartphone-nokia-6710-desbloqueado--69678.html"/>
  <evaluation_date value="08/02/2010"/>
  <category value="Celular e Smartphone"/>
  <product value="Celular e Smartphone Smartphone Nokia 6710 Desbloqueado"/>
  <stars value="0.0"/>
  <recommends value="Yes"/>
  <user value="27494"/>
  <thumbsUp value="7"/>
  <thumbsDown value="2"/>
  <pros>Não possui nenhum ponto positivo.
</pros>
  <cons>Duração da Bateria
Design
Custo-Benefício
Facilidade de Uso
Funções e Características
Durabilidade
Display
Operadora
Câmera
</cons>
  <opinion>é um celular completo e com um preço muito bom vale a pena, gostei foi da câmera muito bom eo flash é forte a noite as fotos ficam bem nitida.

O que gostei: Gostei muito do Nokia 6710, principalmente da câmera tem muita qualidade e os videos nem se fala fica uma imagem otima, a internet via wi-fi funciona muito bem enfim um otimo celular!!!

O que não gostei: aquela barra que é usada para dar zoom, tem hora que ela fica descontrolada, diz que usada para o gps mas quando estou navegando na internet ela fica aumentando a pagina sozinha isso atrapalha muito.</opinion>
</review>
