<?xml version="1.0" ?>
<review>
  <source value="http://www.buscape.com.br/avaliacao--prazo-de-entrega--celular-samsung-star-3-duos-gt-s5222-desbloqueado--340968.html"/>
  <evaluation_date value="26/07/2012"/>
  <category value="Celular e Smartphone"/>
  <product value="Celular e Smartphone Celular Samsung Star 3 Duos GT-S5222 Desbloqueado"/>
  <stars value="0.0"/>
  <recommends value=""/>
  <user value="16898"/>
  <thumbsUp value="0"/>
  <thumbsDown value="1"/>
  <pros>Não possui nenhum ponto positivo.
</pros>
  <cons>Duração da Bateria
Design
Custo-Benefício
Facilidade de Uso
Funções e Características
Durabilidade
Display
Operadora
Câmera
</cons>
  <opinion>Fiz uma compra na loja do Magazine Luiza no dia 17/07 a vista via boleto, paguei no dia 18/07 a loja confirmou o pagamento e retorno um email informando condições e data de entrega (5 dias uteis) para 25/07.
Porem ainda não recebi o produto. ao ligar no SAC fui informado que ate o final de semana vão me entregar....Isso não é justo se estabeleceram data de entrega...percebo que a uma falha por parte da loja quanto ao prazo de entrega porque e momento algum ela se preocupa em surpreender o cliente e muito menos ligam dano satisfação...voce tem que ficar esperando por variso minutos para ser atendido no SAC e as resposta são muito vagas...

&quot;Antes de comprar atenção ao prazo de entrega porque isso gera uma expectativa e se não comprido vira uma frustação gigante&quot;

O que gostei: Não sei porque ainda não recebi o produto

O que não gostei: Não sei porque ainda não recebi o produto</opinion>
</review>
