<?xml version="1.0" ?>
<review>
  <source value="http://www.buscape.com.br/avaliacao--nunca-mais-compro-sony--celular-sony-ericsson-w580i-desbloqueado--21550.html"/>
  <evaluation_date value="22/12/2007"/>
  <category value="Celular e Smartphone"/>
  <product value="Celular e Smartphone Celular Sony Ericsson W580i Desbloqueado"/>
  <stars value="0.0"/>
  <recommends value=""/>
  <user value="24362"/>
  <thumbsUp value="45"/>
  <thumbsDown value="50"/>
  <pros>Não possui nenhum ponto positivo.
</pros>
  <cons>Duração da Bateria
Design
Custo-Benefício
Facilidade de Uso
Funções e Características
Durabilidade
Display
Operadora
</cons>
  <opinion>Péssima qualidade do produto. Além de estar sem celular e ter que aguentar todo o processo burocrático de assistência técnica. Uma grande decepção esta compra.

O que gostei: Nenhum

O que não gostei: O telefone simplesmente já veio com problemas e parou de funcionar por completo em menos de uma semana. Nunca mais compro nenhum aparelho da marca SONY.</opinion>
</review>
