<?xml version="1.0" ?>
<review>
  <source value="http://www.buscape.com.br/avaliacao--samsung-compre---smartphone-samsung-galaxy-551-gt-i5510-desbloqueado--308160.html"/>
  <evaluation_date value="04/03/2012"/>
  <category value="Celular e Smartphone"/>
  <product value="Celular e Smartphone Smartphone Samsung Galaxy 551 GT-I5510 Desbloqueado"/>
  <stars value="0.0"/>
  <recommends value="Yes"/>
  <user value="7303"/>
  <thumbsUp value="0"/>
  <thumbsDown value="1"/>
  <pros>Não possui nenhum ponto positivo.
</pros>
  <cons>Não possui nenhum ponto negativo.
</cons>
  <opinion>Otimo...

O que gostei: O produto e otimo....

O que não gostei: Por enquanto nao encontrei defeito algum.</opinion>
</review>
