<?xml version="1.0" ?>
<review>
  <source value="http://www.buscape.com.br/avaliacao--nao-e-do-meu-agrado--celular-sony-ericsson-w200i-desbloqueado--26671.html"/>
  <evaluation_date value="13/10/2008"/>
  <category value="Celular e Smartphone"/>
  <product value="Celular e Smartphone Celular Sony Ericsson W200i Desbloqueado"/>
  <stars value="0.0"/>
  <recommends value=""/>
  <user value="21030"/>
  <thumbsUp value="0"/>
  <thumbsDown value="2"/>
  <pros>Não possui nenhum ponto positivo.
</pros>
  <cons>Duração da Bateria
Design
Custo-Benefício
Facilidade de Uso
Funções e Características
Durabilidade
Display
Operadora
</cons>
  <opinion>não tem praticidade por ser sem flip

O que gostei: é uma marca boa

O que não gostei: não tem flip, logo na bolsa de mulher não é pratico</opinion>
</review>
