<?xml version="1.0" ?>
<review>
  <source value="http://www.buscape.com.br/avaliacao--existe-um-mais-barato---smartphone-apple-iphone-3gs-8gb-desbloqueado--156715.html"/>
  <evaluation_date value="19/01/2011"/>
  <category value="Celular e Smartphone"/>
  <product value="Celular e Smartphone Smartphone Apple iPhone 3Gs 8GB Desbloqueado"/>
  <stars value="0.0"/>
  <recommends value=""/>
  <user value="19980"/>
  <thumbsUp value="0"/>
  <thumbsDown value="1"/>
  <pros>Não possui nenhum ponto positivo.
</pros>
  <cons>Duração da Bateria
Design
Custo-Benefício
Facilidade de Uso
Funções e Características
Durabilidade
Display
Operadora
Câmera
</cons>
  <opinion>Não tenho muita coisa a dizer pois nunca tive um desses. Só sei que existem celulares iguaizinhos a esses no camelô. O do camelô é muito parecido, só as funções é que são diferentes, custa em torno de 300,00. Se vocês querem um celular para todo mundo achar que é original compre um do camelô. Mas se vocês querem um celular bom compre um LG ou um Nokia.

O que gostei: Nada

O que não gostei: Tudo</opinion>
</review>
