<?xml version="1.0" ?>
<review>
  <source value="http://www.buscape.com.br/avaliacao--ruim--celular-lg-ke990-desbloqueado--26474.html"/>
  <evaluation_date value="09/10/2008"/>
  <category value="Celular e Smartphone"/>
  <product value="Celular e Smartphone Celular LG KE990 Desbloqueado"/>
  <stars value="0.0"/>
  <recommends value=""/>
  <user value="16528"/>
  <thumbsUp value="9"/>
  <thumbsDown value="47"/>
  <pros>Não possui nenhum ponto positivo.
</pros>
  <cons>Duração da Bateria
Design
Custo-Benefício
Facilidade de Uso
Funções e Características
Durabilidade
Display
Operadora
</cons>
  <opinion>uma porcaria uma porcaria  uma porcaria  orivel esse celular

O que gostei: nada</opinion>
</review>
