<?xml version="1.0" ?>
<review>
  <source value="http://www.buscape.com.br/avaliacao--produtos--celular-multilaser-touch-p3160-desbloqueado--315038.html"/>
  <evaluation_date value="27/03/2012"/>
  <category value="Celular e Smartphone"/>
  <product value="Celular e Smartphone Celular Multilaser Touch P3160 Desbloqueado"/>
  <stars value="0.0"/>
  <recommends value="Yes"/>
  <user value="1464"/>
  <thumbsUp value="10"/>
  <thumbsDown value="16"/>
  <pros>Não possui nenhum ponto positivo.
</pros>
  <cons>Duração da Bateria
Design
Custo-Benefício
Facilidade de Uso
Funções e Características
Durabilidade
Display
Operadora
Câmera
</cons>
  <opinion>ESSE PRODUTO ME PARECE SER BEM LEGAL, COMPLETO,ESPERO QUE EU NÃO ME DECEPCIONE.

O que gostei: moderno, flexivel e bonito

O que não gostei: não há contras</opinion>
</review>
