<?xml version="1.0" ?>
<review>
  <source value="http://www.buscape.com.br/avaliacao--sem-comentarios--celular-lg-c199-desbloqueado--394011.html"/>
  <evaluation_date value="03/01/2013"/>
  <category value="Celular e Smartphone"/>
  <product value="Celular e Smartphone Celular LG C199 Desbloqueado"/>
  <stars value="0.0"/>
  <recommends value="Yes"/>
  <user value="7303"/>
  <thumbsUp value="3"/>
  <thumbsDown value="10"/>
  <pros>Não possui nenhum ponto positivo.
</pros>
  <cons>Não possui nenhum ponto negativo.
</cons>
  <opinion>Sem comentários, aparelho comprado para presente, não para uso pessoal.

O que gostei: Sem comentários, aparelho comprado para presente, não para uso pessoal.

O que não gostei: Sem comentários, aparelho comprado para presente, não para uso pessoal.</opinion>
</review>
