<?xml version="1.0" ?>
<review>
  <source value="http://www.buscape.com.br/avaliacao--llllll--celular-lg-kf600-desbloqueado--42446.html"/>
  <evaluation_date value="26/05/2009"/>
  <category value="Celular e Smartphone"/>
  <product value="Celular e Smartphone Celular LG KF600 Desbloqueado"/>
  <stars value="0.0"/>
  <recommends value="Yes"/>
  <user value="7303"/>
  <thumbsUp value="0"/>
  <thumbsDown value="1"/>
  <pros>Não possui nenhum ponto positivo.
</pros>
  <cons>Não possui nenhum ponto negativo.
</cons>
  <opinion>lllllllll

O que gostei: lllllllllllll

O que não gostei: lllllllllll</opinion>
</review>
