<?xml version="1.0" ?>
<review>
  <source value="http://www.buscape.com.br/avaliacao--o-melhor--nokia-n900-gsm-desbloqueado--67249.html"/>
  <evaluation_date value="15/01/2010"/>
  <category value="Celular e Smartphone"/>
  <product value="Celular e Smartphone Nokia N900 GSM Desbloqueado"/>
  <stars value="0.0"/>
  <recommends value="Yes"/>
  <user value="1888"/>
  <thumbsUp value="4"/>
  <thumbsDown value="10"/>
  <pros>Não possui nenhum ponto positivo.
</pros>
  <cons>Duração da Bateria
Design
Custo-Benefício
Facilidade de Uso
Funções e Características
Durabilidade
Display
Operadora
</cons>
  <opinion>Ótimo equipamento, tudo o que eu precisa ele possuí. Vale a pena comprar. Ótima compra!!!

O que gostei: Peso, praticidade, Velocidade incrível, vários aplicativos compatíveis, entre outros.

O que não gostei: Somente ainda não ter a linguagem português Brasileiro, mais quando a Nokia lançar ele no Brasil, terá disponível.</opinion>
</review>
