<?xml version="1.0" ?>
<review>
  <source value="http://www.buscape.com.br/avaliacao-sobre--smartphone-lg-kc910-desbloqueado--pg-8.html"/>
  <evaluation_date value="03/03/2009"/>
  <category value="Celular e Smartphone"/>
  <product value="Celular e Smartphone Smartphone LG KC910 Desbloqueado"/>
  <stars value="0.0"/>
  <recommends value=""/>
  <user value="17516"/>
  <thumbsUp value="0"/>
  <thumbsDown value="31"/>
  <pros>Não possui nenhum ponto positivo.
</pros>
  <cons>Duração da Bateria
Design
Custo-Benefício
Facilidade de Uso
Funções e Características
Durabilidade
Display
Operadora
</cons>
  <opinion>quero recebe todos os produtos de cabelo  eletrodomestico

O que gostei: todos  os produto de cabelereiro

O que não gostei: nao tenho neum que possa desse que nao gostei
quero</opinion>
</review>
