<?xml version="1.0" ?>
<review>
  <source value="http://www.buscape.com.br/avaliacao-negativa-sobre--celular-lg-gs290-cookie-plus-desbloqueado--pg-2.html"/>
  <evaluation_date value="22/09/2010"/>
  <category value="Celular e Smartphone"/>
  <product value="Celular e Smartphone Celular LG GS290 Cookie Plus Desbloqueado"/>
  <stars value="0.0"/>
  <recommends value=""/>
  <user value="6808"/>
  <thumbsUp value="0"/>
  <thumbsDown value="1"/>
  <pros>Operadora
</pros>
  <cons>Duração da Bateria
Design
Custo-Benefício
Facilidade de Uso
Funções e Características
Durabilidade
Display
Câmera
</cons>
  <opinion>Um produto com uma boa funcionalidade um visual fora de aceitação

O que gostei: funcionalidade

O que não gostei: visual</opinion>
</review>
