<?xml version="1.0" ?>
<review>
  <source value="http://www.buscape.com.br/avaliacao--celular-100-aprovado--celular-nokia-x2-desbloqueado--145641.html"/>
  <evaluation_date value="13/12/2010"/>
  <category value="Celular e Smartphone"/>
  <product value="Celular e Smartphone Celular Nokia X2 Desbloqueado"/>
  <stars value="0.0"/>
  <recommends value=""/>
  <user value="15275"/>
  <thumbsUp value="0"/>
  <thumbsDown value="2"/>
  <pros>Não possui nenhum ponto positivo.
</pros>
  <cons>Duração da Bateria
Design
Custo-Benefício
Facilidade de Uso
Funções e Características
Durabilidade
Display
Operadora
Câmera
</cons>
  <opinion>gostei muito dele e quero comprar outro pramim

O que gostei: as configuraçoes e ele e lindo

O que não gostei: não tenho o que dizer de ruim do produto,.,.,</opinion>
</review>
