<?xml version="1.0" ?>
<review>
  <source value="http://www.buscape.com.br/avaliacao-negativa-sobre--celular-intelbras-m500-desbloqueado.html"/>
  <evaluation_date value="30/09/2008"/>
  <category value="Celular e Smartphone"/>
  <product value="Celular e Smartphone Celular Intelbras M500 Desbloqueado"/>
  <stars value="0.0"/>
  <recommends value=""/>
  <user value="20096"/>
  <thumbsUp value="3"/>
  <thumbsDown value="5"/>
  <pros>Não possui nenhum ponto positivo.
</pros>
  <cons>Duração da Bateria
Design
Custo-Benefício
Facilidade de Uso
Funções e Características
Durabilidade
Display
Operadora
</cons>
  <opinion>minh aavaliaço é ki esto tudo é muito chato, eu nao consigo passar

O que gostei: de pesquisar no site e dos preços

O que não gostei: gosto gosto ki voce fique me enrolando</opinion>
</review>
