<?xml version="1.0" ?>
<review>
  <source value="http://www.buscape.com.br/avaliacao--samsung-e-otimos-celulares--celular-samsung-star-gt-s5230-desbloqueado--66612.html"/>
  <evaluation_date value="11/01/2010"/>
  <category value="Celular e Smartphone"/>
  <product value="Celular e Smartphone Celular Samsung Star GT-S5230 Desbloqueado"/>
  <stars value="0.0"/>
  <recommends value="Yes"/>
  <user value="24298"/>
  <thumbsUp value="0"/>
  <thumbsDown value="1"/>
  <pros>Não possui nenhum ponto positivo.
</pros>
  <cons>Duração da Bateria
Design
Custo-Benefício
Facilidade de Uso
Funções e Características
Durabilidade
Display
Operadora
</cons>
  <opinion>é um bom celular para quem quer um celular touch de marca e não quer pagar muito por isso

O que gostei: ótima aparencia e tem bom preço

O que não gostei: não tem vários recursos de um smarthfone.</opinion>
</review>
