<?xml version="1.0" ?>
<review>
  <source value="http://www.buscape.com.br/avaliacao--insatisfacao--smartphone-samsung-galaxy-s-iii-gt-i9300-desbloqueado--392913.html"/>
  <evaluation_date value="24/12/2012"/>
  <category value="Celular e Smartphone"/>
  <product value="Celular e Smartphone Smartphone Samsung Galaxy S III GT-I9300 Desbloqueado"/>
  <stars value="0.0"/>
  <recommends value=""/>
  <user value="9596"/>
  <thumbsUp value="1"/>
  <thumbsDown value="4"/>
  <pros>Não possui nenhum ponto positivo.
</pros>
  <cons>Duração da Bateria
Design
Custo-Benefício
Facilidade de Uso
Funções e Características
Durabilidade
Display
Operadora
Câmera
</cons>
  <opinion>Não acredito que a Bonfaro está anunciando o Samsung Galaxy S III GT-I9300 GSM Desbloqueado nas Casas Bahia por R$ 1.169,10 e quando se acessa o site das casas bahia, o que está a venda é o S3 mini, chega de propaganda enganosa.

O que gostei: Não acredito que a Bonfaro está anunciando o Samsung Galaxy S III GT-I9300 GSM Desbloqueado nas Casas Bahia por R$ 1.169,10 e quando se acessa o site das casas bahia, o que está a venda é o S3 mini, chega de propaganda enganosa.

O que não gostei: Não acredito que a Bonfaro está anunciando o Samsung Galaxy S III GT-I9300 GSM Desbloqueado nas Casas Bahia por R$ 1.169,10 e quando se acessa o site das casas bahia, o que está a venda é o S3 mini, chega de propaganda enganosa.</opinion>
</review>
