<?xml version="1.0" ?>
<review>
  <source value="http://www.buscape.com.br/avaliacao--cel-muito-bom--celular-lg-c375-desbloqueado--314782.html"/>
  <evaluation_date value="26/03/2012"/>
  <category value="Celular e Smartphone"/>
  <product value="Celular e Smartphone Celular LG C375 Desbloqueado"/>
  <stars value="0.0"/>
  <recommends value=""/>
  <user value="28130"/>
  <thumbsUp value="2"/>
  <thumbsDown value="18"/>
  <pros>Não possui nenhum ponto positivo.
</pros>
  <cons>Duração da Bateria
Design
Custo-Benefício
Facilidade de Uso
Funções e Características
Durabilidade
Display
Operadora
Câmera
</cons>
  <opinion>sinceramente otimo celular, pode comprar recomendo, custo beneficio o melhor que vi ate agora

O que gostei: comprei e gostei, tem tudo que promete, a camera e boa, e facil de mexer no cel, nao tem nada complicado, quem comprar garanto nao vai se arrepender, a marca LG sempre foi boa, ja tive outros celulares da LG, o unico desconto na epoca era que o toque musical nao era tao alto, visto que via o pessoal no onibus com cel, chines tocando musica bem alto, claro dava vontade na gente de por musica alta tambem no cel, este agora que comprei ta no mesmo volume do nokia que tinha, volume das musicas dentro da media,

O que não gostei: sinceramente o celular e nota 10.</opinion>
</review>
