<?xml version="1.0" encoding="UTF-8"?>
<corpus>

	<body>
<s id="s1" ref="1" source="Running text" forest="1" text="eu gostei de ele apesar de o problema de buam conseguir escutar nenhuma musica em ele o que gostei designe e menu fácil o que não gostei não sei se e o meu micro sd ou se o celular não aceita outro terópode de cartão se não for o de ele mesmo.">
	<graph root="s1_500">
		<terminals>
			<t id="s1_1" word="eu" lemma="eu" pos="pron-pers" morph="M/F 1S NOM" extra="--"/>
			<t id="s1_2" word="gostei" lemma="gostar" pos="v-fin" morph="PS 1S IND VFIN" extra="nosubj nosubj nosubj nosubj cjt-head cjt-head-STA vH fmc mv"/>
			<t id="s1_3" word="de" lemma="de" pos="prp" morph="--" extra="sam-"/>
			<t id="s1_4" word="ele" lemma="ele" pos="pron-pers" morph="M 3S NOM/PIV" extra="-sam"/>
			<t id="s1_5" word="apesar_de" lemma="apesar_de" pos="prp" morph="--" extra="sam-"/>
			<t id="s1_6" word="o" lemma="o" pos="art" morph="M S" extra=" -sam"/>
			<t id="s1_7" word="problema" lemma="problema" pos="n" morph="M S" sem="ac" extra="--"/>
			<t id="s1_8" word="de" lemma="de" pos="prp" morph="--" extra="np-close"/>
			<t id="s1_9" word="buam" lemma="buir" pos="v-fin" morph="PR 3P SUBJ VFIN" extra="clb-fs vH mv"/>
			<t id="s1_10" word="conseguir" lemma="conseguir" pos="v-inf" morph="--" extra="vH mv"/>
			<t id="s1_11" word="escutar" lemma="escutar" pos="v-inf" morph="--" extra="vH mv"/>
			<t id="s1_12" word="nenhuma" lemma="nenhum" pos="pron-indef" morph="DET F S" extra="quant"/>
			<t id="s1_13" word="musica" lemma="musicar" pos="v-fin" morph="PR 3S IND VFIN" extra="cjt-STA vH fmc mv"/>
			<t id="s1_14" word="em" lemma="em" pos="prp" morph="--" extra="sam-"/>
			<t id="s1_15" word="ele" lemma="ele" pos="pron-pers" morph="M 3S NOM/PIV" extra="-sam"/>
			<t id="s1_16" word="o" lemma="o" pos="pron-dem" morph="DET M S" extra="dem"/>
			<t id="s1_17" word="que" lemma="que" pos="spec" morph="M S" extra="clb clb-fs rel"/>
			<t id="s1_18" word="gostei" lemma="gostar" pos="v-fin" morph="PS 1S IND VFIN" extra="vH mv np-close"/>
			<t id="s1_19" word="designe" lemma="designar" pos="v-fin" morph="PR 1/3S SUBJ VFIN" extra="nosubj nosubj cjt-STA fmc mv"/>
			<t id="s1_20" word="e" lemma="e" pos="conj-c" morph="--" extra="--"/>
			<t id="s1_21" word="menu" lemma="menu" pos="n" morph="M S" sem="cc-r" extra="--"/>
			<t id="s1_22" word="fácil" lemma="fácil" pos="adj" morph="M S" extra="np-close"/>
			<t id="s1_23" word="o" lemma="o" pos="pron-dem" morph="DET M S" extra="dem"/>
			<t id="s1_24" word="que" lemma="que" pos="spec" morph="M S" extra="clb clb-fs rel"/>
			<t id="s1_25" word="não" lemma="não" pos="adv" morph="--" extra="--"/>
			<t id="s1_26" word="gostei" lemma="gostar" pos="v-fin" morph="PS 1S IND VFIN" extra="vH mv np-close"/>
			<t id="s1_27" word="não" lemma="não" pos="adv" morph="--" extra="--"/>
			<t id="s1_28" word="sei" lemma="saber" pos="v-fin" morph="PR 1S IND VFIN" extra="cjt-STA fmc mv"/>
			<t id="s1_29" word="se" lemma="se" pos="conj-s" morph="--" extra="clb clb-fs"/>
			<t id="s1_30" word="e" lemma="e" pos="conj-c" morph="--" extra="--"/>
			<t id="s1_31" word="o" lemma="o" pos="art" morph="M S" extra="--"/>
			<t id="s1_32" word="meu" lemma="meu" pos="pron-poss" morph="DET M S" extra="poss 1S"/>
			<t id="s1_33" word="micro" lemma="micro" pos="n" morph="M S" sem="tool unit" extra="--"/>
			<t id="s1_34" word="sd" lemma="sd" pos="n" morph="M/F S" extra="foreign"/>
			<t id="s1_35" word="ou" lemma="ou" pos="conj-c" morph="--" extra="--"/>
			<t id="s1_36" word="se" lemma="se" pos="conj-s" morph="--" extra="clb clb-fs"/>
			<t id="s1_37" word="o" lemma="o" pos="art" morph="M S" extra="--"/>
			<t id="s1_38" word="celular" lemma="celular" pos="adj" morph="M S" extra="n nh"/>
			<t id="s1_39" word="não" lemma="não" pos="adv" morph="--" extra="--"/>
			<t id="s1_40" word="aceita" lemma="aceitar" pos="v-fin" morph="PR 3S IND VFIN" extra="vH mv"/>
			<t id="s1_41" word="outro" lemma="outro" pos="pron-indef" morph="DET M S" extra="diff KOMP"/>
			<t id="s1_42" word="terópode" lemma="terópode" pos="adj" morph="M S" extra="n DERS jh"/>
			<t id="s1_43" word="de" lemma="de" pos="prp" morph="--" extra="np-close"/>
			<t id="s1_44" word="cartão" lemma="cartão" pos="n" morph="M S" sem="cm cc-r" extra="--"/>
			<t id="s1_45" word="se" lemma="se" pos="conj-s" morph="--" extra="clb clb-fs"/>
			<t id="s1_46" word="não" lemma="não" pos="adv" morph="--" extra="--"/>
			<t id="s1_47" word="for" lemma="ser" pos="v-fin" morph="FUT 3S SUBJ VFIN" extra="vK mv"/>
			<t id="s1_48" word="o" lemma="o" pos="pron-dem" morph="DET M S" extra="dem"/>
			<t id="s1_49" word="de" lemma="de" pos="prp" morph="--" extra="sam- np-close"/>
			<t id="s1_50" word="ele" lemma="ele" pos="pron-pers" morph="M 3S NOM/PIV" extra="-sam"/>
			<t id="s1_51" word="mesmo" lemma="mesmo" pos="pron-indef" morph="DET M S" extra="ident np-close"/>
			<t id="s1_52" word="." lemma="--" pos="pu" morph="--" extra="--"/>
		</terminals>

		<nonterminals>
			<nt id="s1_500" cat="s">
				<edge label="STA" idref="s1_501"/>
			</nt>
			<nt id="s1_501" cat="par">
				<edge label="CJT" idref="s1_502"/>
				<edge label="CJT" idref="s1_508"/>
				<edge label="CJT" idref="s1_512"/>
				<edge label="CJT" idref="s1_515"/>
				<edge label="SUB" idref="s1_29"/>
				<edge label="PU" idref="s1_52"/>
			</nt>
			<nt id="s1_502" cat="fcl">
				<edge label="S" idref="s1_1"/>
				<edge label="P" idref="s1_2"/>
				<edge label="Op" idref="s1_503"/>
				<edge label="fA" idref="s1_504"/>
				<edge label="Od" idref="s1_506"/>
			</nt>
			<nt id="s1_503" cat="pp">
				<edge label="H" idref="s1_3"/>
				<edge label="DP" idref="s1_4"/>
			</nt>
			<nt id="s1_504" cat="pp">
				<edge label="H" idref="s1_5"/>
				<edge label="DP" idref="s1_505"/>
			</nt>
			<nt id="s1_505" cat="np">
				<edge label="DN" idref="s1_6"/>
				<edge label="H" idref="s1_7"/>
				<edge label="DN" idref="s1_8"/>
			</nt>
			<nt id="s1_506" cat="fcl">
				<edge label="P" idref="s1_9"/>
				<edge label="Od" idref="s1_507"/>
			</nt>
			<nt id="s1_507" cat="icl">
				<edge label="P" idref="s1_10"/>
				<edge label="Od" idref="s1_11"/>
			</nt>
			<nt id="s1_508" cat="fcl">
				<edge label="S" idref="s1_12"/>
				<edge label="P" idref="s1_13"/>
				<edge label="fA" idref="s1_509"/>
				<edge label="Od" idref="s1_16"/>
			</nt>
			<nt id="s1_509" cat="pp">
				<edge label="H" idref="s1_14"/>
				<edge label="DP" idref="s1_510"/>
			</nt>
			<nt id="s1_510" cat="np">
				<edge label="H" idref="s1_15"/>
				<edge label="DN" idref="s1_511"/>
			</nt>
			<nt id="s1_511" cat="fcl">
				<edge label="S" idref="s1_17"/>
				<edge label="P" idref="s1_18"/>
			</nt>
			<nt id="s1_512" cat="x">
				<edge label="P" idref="s1_19"/>
				<edge label="Od" idref="s1_513"/>
			</nt>
			<nt id="s1_513" cat="np">
				<edge label="DN" idref="s1_514"/>
				<edge label="H" idref="s1_21"/>
				<edge label="-DN" idref="s1_22"/>
				<edge label="DN" idref="s1_516"/>
				<edge label="fCs" idref="s1_517"/>
				<edge label="fCs" idref="s1_518"/>
			</nt>
			<nt id="s1_514" cat="adjp">
				<edge label="CO" idref="s1_20"/>
			</nt>
			<nt id="s1_515" cat="fcl">
				<edge label="S" idref="s1_23"/>
				<edge label="P" idref="s1_28"/>
				<edge label="Od" idref="s1_519"/>
			</nt>
			<nt id="s1_516" cat="fcl">
				<edge label="S" idref="s1_24"/>
				<edge label="fA" idref="s1_25"/>
				<edge label="P" idref="s1_26"/>
				<edge label="fA" idref="s1_27"/>
				<edge label="CO" idref="s1_30"/>
			</nt>
			<nt id="s1_517" cat="np">
				<edge label="DN" idref="s1_31"/>
				<edge label="DN" idref="s1_32"/>
				<edge label="H" idref="s1_33"/>
			</nt>
			<nt id="s1_518" cat="np">
				<edge label="H" idref="s1_34"/>
				<edge label="CO" idref="s1_35"/>
			</nt>
			<nt id="s1_519" cat="fcl">
				<edge label="SUB" idref="s1_36"/>
				<edge label="S" idref="s1_520"/>
				<edge label="fA" idref="s1_39"/>
				<edge label="P" idref="s1_40"/>
				<edge label="Od" idref="s1_521"/>
				<edge label="fA" idref="s1_524"/>
			</nt>
			<nt id="s1_520" cat="np">
				<edge label="DN" idref="s1_37"/>
				<edge label="H" idref="s1_38"/>
			</nt>
			<nt id="s1_521" cat="np">
				<edge label="DN" idref="s1_41"/>
				<edge label="H" idref="s1_42"/>
				<edge label="DN" idref="s1_522"/>
			</nt>
			<nt id="s1_522" cat="pp">
				<edge label="H" idref="s1_43"/>
				<edge label="DP" idref="s1_523"/>
			</nt>
			<nt id="s1_523" cat="np">
				<edge label="H" idref="s1_44"/>
				<edge label="DN" idref="s1_525"/>
			</nt>
			<nt id="s1_524" cat="fcl">
				<edge label="SUB" idref="s1_45"/>
				<edge label="fA" idref="s1_46"/>
				<edge label="P" idref="s1_47"/>
				<edge label="Cs" idref="s1_48"/>
			</nt>
			<nt id="s1_525" cat="pp">
				<edge label="H" idref="s1_49"/>
				<edge label="DP" idref="s1_526"/>
			</nt>
			<nt id="s1_526" cat="np">
				<edge label="H" idref="s1_50"/>
				<edge label="DN" idref="s1_51"/>
			</nt>
		</nonterminals>
	</graph>
</s>

	</body>
</corpus>
