<?xml version="1.0" encoding="UTF-8"?>
<corpus>

	<body>
<s id="s1" ref="1" source="Running text" forest="1" text="este aparelho, apesar de bonito, não é muito funcional.">
	<graph root="s1_500">
		<terminals>
			<t id="s1_1" word="este" lemma="este" pos="pron-dem" morph="DET M S" extra="dem"/>
			<t id="s1_2" word="aparelho" lemma="aparelho" pos="n" morph="M S" sem="tool" extra="--"/>
			<t id="s1_3" word="," lemma="--" pos="pu" morph="--" extra="--"/>
			<t id="s1_4" word="apesar_de" lemma="apesar_de" pos="prp" morph="--" extra="--"/>
			<t id="s1_5" word="bonito" lemma="bonito" pos="adj" morph="M S" extra="jh"/>
			<t id="s1_6" word="," lemma="--" pos="pu" morph="--" extra="--"/>
			<t id="s1_7" word="não" lemma="não" pos="adv" morph="--" extra="--"/>
			<t id="s1_8" word="é" lemma="ser" pos="v-fin" morph="PR 3S IND VFIN" extra="vK fmc mv"/>
			<t id="s1_9" word="muito" lemma="muito" pos="adv" morph="--" extra="quant"/>
			<t id="s1_10" word="funcional" lemma="funcional" pos="adj" morph="M S" extra="nh"/>
			<t id="s1_11" word="." lemma="--" pos="pu" morph="--" extra="--"/>
		</terminals>

		<nonterminals>
			<nt id="s1_500" cat="s">
				<edge label="STA" idref="s1_501"/>
			</nt>
			<nt id="s1_501" cat="fcl">
				<edge label="S" idref="s1_502"/>
				<edge label="PU" idref="s1_3"/>
				<edge label="fA" idref="s1_503"/>
				<edge label="PU" idref="s1_6"/>
				<edge label="fA" idref="s1_7"/>
				<edge label="P" idref="s1_8"/>
				<edge label="Cs" idref="s1_504"/>
				<edge label="PU" idref="s1_11"/>
			</nt>
			<nt id="s1_502" cat="np">
				<edge label="DN" idref="s1_1"/>
				<edge label="H" idref="s1_2"/>
			</nt>
			<nt id="s1_503" cat="pp">
				<edge label="H" idref="s1_4"/>
				<edge label="DP" idref="s1_5"/>
			</nt>
			<nt id="s1_504" cat="adjp">
				<edge label="DA" idref="s1_9"/>
				<edge label="H" idref="s1_10"/>
			</nt>
		</nonterminals>
	</graph>
</s>

<s id="s2" ref="2" source="Running text" forest="1" text="o menu é pouco intuitivo, e se você não está acostumado não consegue utilizar- lo com facilidade.">
	<graph root="s2_500">
		<terminals>
			<t id="s2_1" word="o" lemma="o" pos="art" morph="M S" extra="--"/>
			<t id="s2_2" word="menu" lemma="menu" pos="n" morph="M S" sem="cc-r" extra="--"/>
			<t id="s2_3" word="é" lemma="ser" pos="v-fin" morph="PR 3S IND VFIN" extra="cjt-head cjt-head-STA vK fmc mv"/>
			<t id="s2_4" word="pouco" lemma="pouco" pos="adv" morph="--" extra="quant"/>
			<t id="s2_5" word="intuitivo" lemma="intuitivo" pos="adj" morph="M S" extra="nh"/>
			<t id="s2_6" word="," lemma="--" pos="pu" morph="--" extra="--"/>
			<t id="s2_7" word="e" lemma="e" pos="conj-c" morph="--" extra="topkc"/>
			<t id="s2_8" word="se" lemma="se" pos="conj-s" morph="--" extra="clb clb-fs"/>
			<t id="s2_9" word="você" lemma="você" pos="pron-pers" morph="M 3S NOM" extra="--"/>
			<t id="s2_10" word="não" lemma="não" pos="adv" morph="--" extra="--"/>
			<t id="s2_11" word="está" lemma="estar" pos="v-fin" morph="PR 3S IND VFIN" extra="vK mv"/>
			<t id="s2_12" word="acostumado" lemma="acostumar" pos="v-pcp" morph="M S" extra="vH jh"/>
			<t id="s2_13" word="não" lemma="não" pos="adv" morph="--" extra="--"/>
			<t id="s2_14" word="consegue" lemma="conseguir" pos="v-fin" morph="PR 3S IND VFIN" extra="nosubj nosubj cjt-STA vH fmc mv"/>
			<t id="s2_15" word="utilizar-" lemma="utilizar" pos="v-inf" morph="--" extra="hyfen vH mv"/>
			<t id="s2_16" word="lo" lemma="ele" pos="pron-pers" morph="M 3S ACC" extra="--"/>
			<t id="s2_17" word="com" lemma="com" pos="prp" morph="--" extra="--"/>
			<t id="s2_18" word="facilidade" lemma="facilidade" pos="n" morph="F S" sem="am" extra="--"/>
			<t id="s2_19" word="." lemma="--" pos="pu" morph="--" extra="--"/>
		</terminals>

		<nonterminals>
			<nt id="s2_500" cat="s">
				<edge label="STA" idref="s2_501"/>
			</nt>
			<nt id="s2_501" cat="par">
				<edge label="CJT" idref="s2_502"/>
				<edge label="PU" idref="s2_6"/>
				<edge label="CJT" idref="s2_505"/>
				<edge label="PU" idref="s2_19"/>
			</nt>
			<nt id="s2_502" cat="fcl">
				<edge label="S" idref="s2_503"/>
				<edge label="P" idref="s2_3"/>
				<edge label="Cs" idref="s2_504"/>
			</nt>
			<nt id="s2_503" cat="np">
				<edge label="DN" idref="s2_1"/>
				<edge label="H" idref="s2_2"/>
			</nt>
			<nt id="s2_504" cat="adjp">
				<edge label="DA" idref="s2_4"/>
				<edge label="H" idref="s2_5"/>
			</nt>
			<nt id="s2_505" cat="x">
				<edge label="fA" idref="s2_506"/>
				<edge label="fA" idref="s2_13"/>
				<edge label="P" idref="s2_14"/>
				<edge label="Od" idref="s2_507"/>
			</nt>
			<nt id="s2_506" cat="fcl">
				<edge label="CO" idref="s2_7"/>
				<edge label="SUB" idref="s2_8"/>
				<edge label="S" idref="s2_9"/>
				<edge label="fA" idref="s2_10"/>
				<edge label="P" idref="s2_11"/>
				<edge label="Cs" idref="s2_12"/>
			</nt>
			<nt id="s2_507" cat="icl">
				<edge label="P" idref="s2_15"/>
				<edge label="Od" idref="s2_16"/>
				<edge label="fA" idref="s2_508"/>
			</nt>
			<nt id="s2_508" cat="pp">
				<edge label="H" idref="s2_17"/>
				<edge label="DP" idref="s2_18"/>
			</nt>
		</nonterminals>
	</graph>
</s>

<s id="s3" ref="3" source="Running text" forest="1" text="se por acaso ele tocar ou despertar, por exemplo, meus colegas de trabalho não conseguem atender- lo facilmente.">
	<graph root="s3_500">
		<terminals>
			<t id="s3_1" word="se" lemma="se" pos="conj-s" morph="--" extra="clb clb-fs"/>
			<t id="s3_2" word="por_acaso" lemma="por_acaso" pos="adv" morph="--" sem="pp" extra="--"/>
			<t id="s3_3" word="ele" lemma="ele" pos="pron-pers" morph="M 3S NOM" extra="--"/>
			<t id="s3_4" word="tocar" lemma="tocar" pos="v-fin" morph="FUT 3S SUBJ VFIN" extra="vpheadcjt vpheadcjt mv"/>
			<t id="s3_5" word="ou" lemma="ou" pos="conj-c" morph="--" extra="co-vp co-fin"/>
			<t id="s3_6" word="despertar" lemma="despertar" pos="v-fin" morph="FUT 3S SUBJ VFIN" extra="vpcjt vpcjt cjt-fA fmc mv"/>
			<t id="s3_7" word="," lemma="--" pos="pu" morph="--" extra="--"/>
			<t id="s3_8" word="por_exemplo" lemma="por_exemplo" pos="adv" morph="--" extra="--"/>
			<t id="s3_9" word="," lemma="--" pos="pu" morph="--" extra="--"/>
			<t id="s3_10" word="meus" lemma="meu" pos="pron-poss" morph="DET M P" extra="poss 1S"/>
			<t id="s3_11" word="colegas" lemma="colega" pos="n" morph="M P" sem="Hfam" extra="--"/>
			<t id="s3_12" word="de" lemma="de" pos="prp" morph="--" extra="np-close"/>
			<t id="s3_13" word="trabalho" lemma="trabalho" pos="n" morph="M S" sem="act-d am" extra="--"/>
			<t id="s3_14" word="não" lemma="não" pos="adv" morph="--" extra="--"/>
			<t id="s3_15" word="conseguem" lemma="conseguir" pos="v-fin" morph="PR 3P IND VFIN" extra="vH fmc mv"/>
			<t id="s3_16" word="atender-" lemma="atender" pos="v-inf" morph="--" extra="hyfen vH mv"/>
			<t id="s3_17" word="lo" lemma="ele" pos="pron-pers" morph="M 3S ACC" extra="--"/>
			<t id="s3_18" word="facilmente" lemma="facilmente" pos="adv" morph="--" extra="--"/>
			<t id="s3_19" word="." lemma="--" pos="pu" morph="--" extra="--"/>
		</terminals>

		<nonterminals>
			<nt id="s3_500" cat="s">
				<edge label="STA" idref="s3_501"/>
			</nt>
			<nt id="s3_501" cat="fcl">
				<edge label="fA" idref="s3_502"/>
				<edge label="PU" idref="s3_9"/>
				<edge label="S" idref="s3_504"/>
				<edge label="fA" idref="s3_14"/>
				<edge label="P" idref="s3_15"/>
				<edge label="Od" idref="s3_506"/>
				<edge label="PU" idref="s3_19"/>
			</nt>
			<nt id="s3_502" cat="fcl">
				<edge label="SUB" idref="s3_1"/>
				<edge label="fA" idref="s3_2"/>
				<edge label="S" idref="s3_3"/>
				<edge label="P" idref="s3_503"/>
				<edge label="PU" idref="s3_7"/>
				<edge label="fA" idref="s3_8"/>
			</nt>
			<nt id="s3_503" cat="par">
				<edge label="CJT" idref="s3_4"/>
				<edge label="CO" idref="s3_5"/>
				<edge label="CJT" idref="s3_6"/>
			</nt>
			<nt id="s3_504" cat="np">
				<edge label="DN" idref="s3_10"/>
				<edge label="H" idref="s3_11"/>
				<edge label="DN" idref="s3_505"/>
			</nt>
			<nt id="s3_505" cat="pp">
				<edge label="H" idref="s3_12"/>
				<edge label="DP" idref="s3_13"/>
			</nt>
			<nt id="s3_506" cat="icl">
				<edge label="P" idref="s3_16"/>
				<edge label="Od" idref="s3_17"/>
				<edge label="fA" idref="s3_18"/>
			</nt>
		</nonterminals>
	</graph>
</s>

<s id="s4" ref="4" source="Running text" forest="1" text="o maior problema de ele é a bateria, que tem uma duração pífia.">
	<graph root="s4_500">
		<terminals>
			<t id="s4_1" word="o" lemma="o" pos="art" morph="M S" extra="--"/>
			<t id="s4_2" word="maior" lemma="grande" pos="adj" morph="M S" extra="KOMP"/>
			<t id="s4_3" word="problema" lemma="problema" pos="n" morph="M S" sem="ac" extra="--"/>
			<t id="s4_4" word="de" lemma="de" pos="prp" morph="--" extra="sam- np-close"/>
			<t id="s4_5" word="ele" lemma="ele" pos="pron-pers" morph="M 3S NOM/PIV" extra="-sam"/>
			<t id="s4_6" word="é" lemma="ser" pos="v-fin" morph="PR 3S IND VFIN" extra="vK fmc mv"/>
			<t id="s4_7" word="a" lemma="o" pos="art" morph="F S" extra="--"/>
			<t id="s4_8" word="bateria" lemma="bateria" pos="n" morph="F S" sem="tool" extra="--"/>
			<t id="s4_9" word="," lemma="--" pos="pu" morph="--" extra="--"/>
			<t id="s4_10" word="que" lemma="que" pos="spec" morph="M S" extra="clb clb-fs rel"/>
			<t id="s4_11" word="tem" lemma="ter" pos="v-fin" morph="PR 3S IND VFIN" extra="mv np-close"/>
			<t id="s4_12" word="uma" lemma="um" pos="art" morph="F S" extra="--"/>
			<t id="s4_13" word="duração" lemma="duração" pos="n" morph="F S" sem="am" extra="--"/>
			<t id="s4_14" word="pífia" lemma="pífio" pos="adj" morph="F S" extra="--"/>
			<t id="s4_15" word="." lemma="--" pos="pu" morph="--" extra="--"/>
		</terminals>

		<nonterminals>
			<nt id="s4_500" cat="s">
				<edge label="STA" idref="s4_501"/>
			</nt>
			<nt id="s4_501" cat="fcl">
				<edge label="S" idref="s4_502"/>
				<edge label="P" idref="s4_6"/>
				<edge label="Cs" idref="s4_504"/>
				<edge label="PU" idref="s4_15"/>
			</nt>
			<nt id="s4_502" cat="np">
				<edge label="DN" idref="s4_1"/>
				<edge label="DN" idref="s4_2"/>
				<edge label="H" idref="s4_3"/>
				<edge label="DN" idref="s4_503"/>
			</nt>
			<nt id="s4_503" cat="pp">
				<edge label="H" idref="s4_4"/>
				<edge label="DP" idref="s4_5"/>
			</nt>
			<nt id="s4_504" cat="np">
				<edge label="DN" idref="s4_7"/>
				<edge label="H" idref="s4_8"/>
				<edge label="PU" idref="s4_9"/>
				<edge label="DN" idref="s4_505"/>
			</nt>
			<nt id="s4_505" cat="fcl">
				<edge label="S" idref="s4_10"/>
				<edge label="P" idref="s4_11"/>
				<edge label="Od" idref="s4_506"/>
				<edge label="fCs" idref="s4_14"/>
			</nt>
			<nt id="s4_506" cat="np">
				<edge label="DN" idref="s4_12"/>
				<edge label="H" idref="s4_13"/>
			</nt>
		</nonterminals>
	</graph>
</s>

<s id="s5" ref="5" source="Running text" forest="1" text="ele tem diversas funcionalidades legais, como câmera, filmadora simples, claro, tocador de mp3 e jogos, mas que detonam o tempo de vida da bateria.">
	<graph root="s5_500">
		<terminals>
			<t id="s5_1" word="ele" lemma="ele" pos="pron-pers" morph="M 3S NOM" extra="--"/>
			<t id="s5_2" word="tem" lemma="ter" pos="v-fin" morph="PR 3S IND VFIN" extra="cjt-head cjt-head-STA fmc mv"/>
			<t id="s5_3" word="diversas" lemma="diverso" pos="adj" morph="F P" extra="--"/>
			<t id="s5_4" word="funcionalidades" lemma="funcionalidade" pos="n" morph="F P" sem="percep-f" extra="--"/>
			<t id="s5_5" word="legais" lemma="legal" pos="adj" morph="F P" extra="nh np-close"/>
			<t id="s5_6" word="," lemma="--" pos="pu" morph="--" extra="--"/>
			<t id="s5_7" word="como" lemma="como" pos="prp" morph="--" extra="prd adv-rel"/>
			<t id="s5_8" word="câmera" lemma="c�=mera" pos="n" morph="F S" sem="tool" extra="asarg"/>
			<t id="s5_9" word="," lemma="--" pos="pu" morph="--" extra="--"/>
			<t id="s5_10" word="filmadora" lemma="filmadora" pos="n" morph="F S" sem="mach" extra="np-close"/>
			<t id="s5_11" word="simples" lemma="simples" pos="adj" morph="M/F S/P" extra="np-close"/>
			<t id="s5_12" word="," lemma="--" pos="pu" morph="--" extra="--"/>
			<t id="s5_13" word="claro" lemma="claro" pos="adj" morph="M S" extra="nh np-close"/>
			<t id="s5_14" word="," lemma="--" pos="pu" morph="--" extra="--"/>
			<t id="s5_15" word="tocador" lemma="tocador" pos="n" morph="M S" sem="Hprof" extra="np-close"/>
			<t id="s5_16" word="de" lemma="de" pos="prp" morph="--" extra="np-close"/>
			<t id="s5_17" word="mp3" lemma="mp3" pos="n" morph="M S" extra="cjt-head cjt-head-DP heur"/>
			<t id="s5_18" word="e" lemma="e" pos="conj-c" morph="--" extra="--"/>
			<t id="s5_19" word="jogos" lemma="jogo" pos="n" morph="M P" sem="activity occ cc-h game" extra="cjt-DP"/>
			<t id="s5_20" word="," lemma="--" pos="pu" morph="--" extra="--"/>
			<t id="s5_21" word="mas" lemma="mas" pos="conj-c" morph="--" extra="--"/>
			<t id="s5_22" word="que" lemma="que" pos="spec" morph="M S" extra="clb rel"/>
			<t id="s5_23" word="detonam" lemma="detonar" pos="v-fin" morph="PR 3P IND VFIN" extra="cjt-STA fmc mv"/>
			<t id="s5_24" word="o" lemma="o" pos="art" morph="M S" extra="--"/>
			<t id="s5_25" word="tempo" lemma="tempo" pos="n" morph="M S" sem="am temp per ac-cat wea" extra="--"/>
			<t id="s5_26" word="de" lemma="de" pos="prp" morph="--" extra="np-close"/>
			<t id="s5_27" word="vida" lemma="vida" pos="n" morph="F S" sem="per" extra="--"/>
			<t id="s5_28" word="de" lemma="de" pos="prp" morph="--" extra="sam- np-close"/>
			<t id="s5_29" word="a" lemma="o" pos="art" morph="F S" extra="-sam "/>
			<t id="s5_30" word="bateria" lemma="bateria" pos="n" morph="F S" sem="tool" extra="--"/>
			<t id="s5_31" word="." lemma="--" pos="pu" morph="--" extra="--"/>
		</terminals>

		<nonterminals>
			<nt id="s5_500" cat="s">
				<edge label="STA" idref="s5_501"/>
			</nt>
			<nt id="s5_501" cat="par">
				<edge label="CJT" idref="s5_502"/>
				<edge label="CJT" idref="s5_510"/>
				<edge label="PU" idref="s5_31"/>
			</nt>
			<nt id="s5_502" cat="fcl">
				<edge label="S" idref="s5_1"/>
				<edge label="P" idref="s5_2"/>
				<edge label="Od" idref="s5_503"/>
				<edge label="PU" idref="s5_6"/>
				<edge label="Cs" idref="s5_504"/>
				<edge label="DP" idref="s5_505"/>
			</nt>
			<nt id="s5_503" cat="np">
				<edge label="DN" idref="s5_3"/>
				<edge label="H" idref="s5_4"/>
				<edge label="DN" idref="s5_5"/>
			</nt>
			<nt id="s5_504" cat="pp">
				<edge label="H" idref="s5_7"/>
			</nt>
			<nt id="s5_505" cat="np">
			</nt>
			<nt id="s5_506" cat="np">
				<edge label="H" idref="s5_10"/>
				<edge label="DNc" idref="s5_11"/>
				<edge label="PU" idref="s5_12"/>
				<edge label="DNc" idref="s5_13"/>
				<edge label="PU" idref="s5_14"/>
				<edge label="DNc" idref="s5_507"/>
			</nt>
			<nt id="s5_507" cat="np">
				<edge label="H" idref="s5_15"/>
				<edge label="DN" idref="s5_508"/>
			</nt>
			<nt id="s5_508" cat="pp">
				<edge label="H" idref="s5_16"/>
				<edge label="DP" idref="s5_509"/>
			</nt>
			<nt id="s5_509" cat="par">
				<edge label="CJT" idref="s5_17"/>
				<edge label="CO" idref="s5_18"/>
				<edge label="CJT" idref="s5_19"/>
				<edge label="PU" idref="s5_20"/>
				<edge label="CO" idref="s5_21"/>
			</nt>
			<nt id="s5_510" cat="fcl">
				<edge label="S" idref="s5_22"/>
				<edge label="P" idref="s5_23"/>
				<edge label="Od" idref="s5_511"/>
			</nt>
			<nt id="s5_511" cat="np">
				<edge label="DN" idref="s5_24"/>
				<edge label="H" idref="s5_25"/>
				<edge label="DN" idref="s5_512"/>
			</nt>
			<nt id="s5_512" cat="pp">
				<edge label="H" idref="s5_26"/>
				<edge label="DP" idref="s5_513"/>
			</nt>
			<nt id="s5_513" cat="np">
				<edge label="H" idref="s5_27"/>
				<edge label="DN" idref="s5_514"/>
			</nt>
			<nt id="s5_514" cat="pp">
				<edge label="H" idref="s5_28"/>
				<edge label="DP" idref="s5_515"/>
			</nt>
			<nt id="s5_515" cat="np">
				<edge label="DN" idref="s5_29"/>
				<edge label="H" idref="s5_30"/>
			</nt>
		</nonterminals>
	</graph>
</s>

<s id="s6" ref="6" source="Running text" forest="1" text="em geral, só fazendo ligações, tenho que carregar a bateria a cada number 8h.">
	<graph root="s6_500">
		<terminals>
			<t id="s6_1" word="em_geral" lemma="em_geral" pos="adv" morph="--" sem="pp" extra="--"/>
			<t id="s6_2" word="," lemma="--" pos="pu" morph="--" extra="--"/>
			<t id="s6_3" word="só" lemma="só" pos="adv" morph="--" extra="--"/>
			<t id="s6_4" word="fazendo" lemma="fazer" pos="v-ger" morph="--" extra="clb mv"/>
			<t id="s6_5" word="ligações" lemma="ligação" pos="n" morph="F P" sem="act ac ac-sign Labs" extra="--"/>
			<t id="s6_6" word="," lemma="--" pos="pu" morph="--" extra="--"/>
			<t id="s6_7" word="tenho" lemma="ter" pos="v-fin" morph="PR 1S IND VFIN" extra="fmc aux"/>
			<t id="s6_8" word="que" lemma="que" pos="conj-s" morph="--" extra="--"/>
			<t id="s6_9" word="carregar" lemma="carregar" pos="v-inf" morph="--" extra="vH mv"/>
			<t id="s6_10" word="a" lemma="o" pos="art" morph="F S" extra="--"/>
			<t id="s6_11" word="bateria" lemma="bateria" pos="n" morph="F S" sem="tool" extra="--"/>
			<t id="s6_12" word="a" lemma="a" pos="prp" morph="--" extra="--"/>
			<t id="s6_13" word="cada" lemma="cada" pos="pron-indef" morph="DET M S" extra="quant"/>
			<t id="s6_14" word="number" lemma="number" pos="n" morph="M S" extra="heur"/>
			<t id="s6_15" word="8h" lemma="8h" pos="num" morph="M/F P" extra="card np-close"/>
			<t id="s6_16" word="." lemma="--" pos="pu" morph="--" extra="--"/>
		</terminals>

		<nonterminals>
			<nt id="s6_500" cat="s">
				<edge label="STA" idref="s6_501"/>
			</nt>
			<nt id="s6_501" cat="fcl">
				<edge label="fA" idref="s6_502"/>
				<edge label="PU" idref="s6_6"/>
				<edge label="P" idref="s6_503"/>
				<edge label="Od" idref="s6_504"/>
				<edge label="Ao" idref="s6_505"/>
				<edge label="PU" idref="s6_16"/>
			</nt>
			<nt id="s6_502" cat="advp">
				<edge label="fA" idref="s6_1"/>
				<edge label="PU" idref="s6_2"/>
				<edge label="fA" idref="s6_3"/>
				<edge label="P" idref="s6_4"/>
				<edge label="Od" idref="s6_5"/>
			</nt>
			<nt id="s6_503" cat="vp">
				<edge label="Vaux" idref="s6_7"/>
				<edge label="SUBaux" idref="s6_8"/>
				<edge label="Vm" idref="s6_9"/>
			</nt>
			<nt id="s6_504" cat="np">
				<edge label="DN" idref="s6_10"/>
				<edge label="H" idref="s6_11"/>
			</nt>
			<nt id="s6_505" cat="pp">
				<edge label="H" idref="s6_12"/>
				<edge label="DP" idref="s6_506"/>
			</nt>
			<nt id="s6_506" cat="np">
				<edge label="DN" idref="s6_13"/>
				<edge label="H" idref="s6_14"/>
				<edge label="DN" idref="s6_15"/>
			</nt>
		</nonterminals>
	</graph>
</s>

<s id="s7" ref="7" source="Running text" forest="1" text="mas utilizando alguma dessas funcionalidades, tem que ser carregado number vez por dia.">
	<graph root="s7_500">
		<terminals>
			<t id="s7_1" word="mas" lemma="mas" pos="conj-c" morph="--" extra="topkc"/>
			<t id="s7_2" word="utilizando" lemma="utilizar" pos="v-ger" morph="--" extra="clb vH mv"/>
			<t id="s7_3" word="alguma" lemma="algum" pos="pron-indef" morph="DET F S" extra="quant"/>
			<t id="s7_4" word="de" lemma="de" pos="prp" morph="--" extra="sam-"/>
			<t id="s7_5" word="essas" lemma="esse" pos="pron-dem" morph="DET F P" extra="-sam dem"/>
			<t id="s7_6" word="funcionalidades" lemma="funcionalidade" pos="n" morph="F P" sem="percep-f" extra="--"/>
			<t id="s7_7" word="," lemma="--" pos="pu" morph="--" extra="--"/>
			<t id="s7_8" word="tem" lemma="ter" pos="v-fin" morph="PR 3S IND VFIN" extra="fmc aux"/>
			<t id="s7_9" word="que" lemma="que" pos="conj-s" morph="--" extra="--"/>
			<t id="s7_10" word="ser" lemma="ser" pos="v-inf" morph="--" extra="aux"/>
			<t id="s7_11" word="carregado" lemma="carregar" pos="v-pcp" morph="M S" extra="vH mv"/>
			<t id="s7_12" word="number" lemma="number" pos="n" morph="M S" extra="heur"/>
			<t id="s7_13" word="vez" lemma="vez" pos="n" morph="F S" sem="temp" extra="--"/>
			<t id="s7_14" word="por" lemma="por" pos="prp" morph="--" extra="--"/>
			<t id="s7_15" word="dia" lemma="dia" pos="n" morph="M S" sem="temp dur per unit" extra="--"/>
			<t id="s7_16" word="." lemma="--" pos="pu" morph="--" extra="--"/>
		</terminals>

		<nonterminals>
			<nt id="s7_500" cat="s">
				<edge label="STA" idref="s7_501"/>
			</nt>
			<nt id="s7_501" cat="fcl">
				<edge label="CO" idref="s7_1"/>
				<edge label="fA" idref="s7_502"/>
				<edge label="PU" idref="s7_7"/>
				<edge label="P" idref="s7_505"/>
				<edge label="Cs" idref="s7_12"/>
				<edge label="fCs" idref="s7_13"/>
				<edge label="fA" idref="s7_506"/>
				<edge label="PU" idref="s7_16"/>
			</nt>
			<nt id="s7_502" cat="advp">
				<edge label="P" idref="s7_2"/>
				<edge label="Od" idref="s7_3"/>
				<edge label="fA" idref="s7_503"/>
			</nt>
			<nt id="s7_503" cat="pp">
				<edge label="H" idref="s7_4"/>
				<edge label="DP" idref="s7_504"/>
			</nt>
			<nt id="s7_504" cat="np">
				<edge label="DN" idref="s7_5"/>
				<edge label="H" idref="s7_6"/>
			</nt>
			<nt id="s7_505" cat="vp">
				<edge label="Vaux" idref="s7_8"/>
				<edge label="SUBaux" idref="s7_9"/>
				<edge label="Vaux" idref="s7_10"/>
				<edge label="Vm" idref="s7_11"/>
			</nt>
			<nt id="s7_506" cat="pp">
				<edge label="H" idref="s7_14"/>
				<edge label="DP" idref="s7_15"/>
			</nt>
		</nonterminals>
	</graph>
</s>

<s id="s8" ref="8" source="Running text" forest="1" text="quer dizer, de que adianta eu ter várias coisas num celular se tenho que economizar o seu uso para não ficar sem bateria?">
	<graph root="s8_500">
		<terminals>
			<t id="s8_1" word="quer_dizer" lemma="quer_dizer" pos="adv" morph="--" extra="kc"/>
			<t id="s8_2" word="," lemma="--" pos="pu" morph="--" extra="--"/>
			<t id="s8_3" word="de" lemma="de" pos="prp" morph="--" extra="--"/>
			<t id="s8_4" word="que" lemma="que" pos="conj-s" morph="--" extra="clb-fs"/>
			<t id="s8_5" word="adianta" lemma="adiantar" pos="v-fin" morph="PR 3S IND VFIN" extra="mv"/>
			<t id="s8_6" word="eu" lemma="eu" pos="pron-pers" morph="M/F 1S NOM" extra="--"/>
			<t id="s8_7" word="ter" lemma="ter" pos="v-inf" morph="1S" extra="mv"/>
			<t id="s8_8" word="várias" lemma="várias" pos="pron-indef" morph="DET F P" extra="quant"/>
			<t id="s8_9" word="coisas" lemma="coisa" pos="n" morph="F P" sem="cc ac" extra="--"/>
			<t id="s8_10" word="em" lemma="em" pos="prp" morph="--" extra="sam-"/>
			<t id="s8_11" word="um" lemma="um" pos="art" morph="M S" extra="-sam "/>
			<t id="s8_12" word="celular" lemma="celular" pos="adj" morph="M S" extra="n nh"/>
			<t id="s8_13" word="se" lemma="se" pos="conj-s" morph="--" extra="clb clb-fs"/>
			<t id="s8_14" word="tenho" lemma="ter" pos="v-fin" morph="PR 1S IND VFIN" extra="aux"/>
			<t id="s8_15" word="que" lemma="que" pos="conj-s" morph="--" extra="--"/>
			<t id="s8_16" word="economizar" lemma="economizar" pos="v-inf" morph="--" extra="vH mv"/>
			<t id="s8_17" word="o" lemma="o" pos="art" morph="M S" extra="--"/>
			<t id="s8_18" word="seu" lemma="seu" pos="pron-poss" morph="DET M S" extra="si poss 3S"/>
			<t id="s8_19" word="uso" lemma="uso" pos="n" morph="M S" sem="act ac" extra="--"/>
			<t id="s8_20" word="para" lemma="para" pos="prp" morph="--" extra="--"/>
			<t id="s8_21" word="não" lemma="não" pos="adv" morph="--" extra="--"/>
			<t id="s8_22" word="ficar" lemma="ficar" pos="v-inf" morph="--" extra="vK mv"/>
			<t id="s8_23" word="sem" lemma="sem" pos="prp" morph="--" extra="--"/>
			<t id="s8_24" word="bateria" lemma="bateria" pos="n" morph="F S" sem="tool" extra="--"/>
			<t id="s8_25" word="?" lemma="--" pos="pu" morph="--" extra="--"/>
		</terminals>

		<nonterminals>
			<nt id="s8_500" cat="s">
				<edge label="fA" idref="s8_501"/>
			</nt>
			<nt id="s8_501" cat="pp">
				<edge label="DP" idref="s8_502"/>
				<edge label="PU" idref="s8_2"/>
				<edge label="H" idref="s8_3"/>
				<edge label="PU" idref="s8_25"/>
			</nt>
			<nt id="s8_502" cat="fcl">
				<edge label="S" idref="s8_503"/>
				<edge label="SUB" idref="s8_4"/>
				<edge label="P" idref="s8_5"/>
			</nt>
			<nt id="s8_503" cat="icl">
				<edge label="fA" idref="s8_1"/>
				<edge label="fA" idref="s8_504"/>
				<edge label="P" idref="s8_7"/>
				<edge label="Od" idref="s8_505"/>
				<edge label="fA" idref="s8_506"/>
			</nt>
			<nt id="s8_504" cat="fcl">
				<edge label="S" idref="s8_6"/>
				<edge label="SUB" idref="s8_13"/>
				<edge label="P" idref="s8_508"/>
				<edge label="Od" idref="s8_509"/>
				<edge label="fA" idref="s8_510"/>
			</nt>
			<nt id="s8_505" cat="np">
				<edge label="DN" idref="s8_8"/>
				<edge label="H" idref="s8_9"/>
			</nt>
			<nt id="s8_506" cat="pp">
				<edge label="H" idref="s8_10"/>
				<edge label="DP" idref="s8_507"/>
			</nt>
			<nt id="s8_507" cat="np">
				<edge label="DN" idref="s8_11"/>
				<edge label="H" idref="s8_12"/>
			</nt>
			<nt id="s8_508" cat="vp">
				<edge label="Vaux" idref="s8_14"/>
				<edge label="SUBaux" idref="s8_15"/>
				<edge label="Vm" idref="s8_16"/>
			</nt>
			<nt id="s8_509" cat="np">
				<edge label="DN" idref="s8_17"/>
				<edge label="DN" idref="s8_18"/>
				<edge label="H" idref="s8_19"/>
			</nt>
			<nt id="s8_510" cat="pp">
				<edge label="H" idref="s8_20"/>
				<edge label="DP" idref="s8_511"/>
			</nt>
			<nt id="s8_511" cat="icl">
				<edge label="fA" idref="s8_21"/>
				<edge label="P" idref="s8_22"/>
				<edge label="Cs" idref="s8_512"/>
			</nt>
			<nt id="s8_512" cat="pp">
				<edge label="H" idref="s8_23"/>
				<edge label="DP" idref="s8_24"/>
			</nt>
		</nonterminals>
	</graph>
</s>

<s id="s9" ref="9" source="Running text" forest="1" text="outra coisa, ele vem com uns botões de touch na parte da frente que não são configuráveis.">
	<graph root="s9_500">
		<terminals>
			<t id="s9_1" word="outra_coisa" lemma="outra_coisa" pos="n" morph="F S" sem="ac" extra="--"/>
			<t id="s9_2" word="," lemma="--" pos="pu" morph="--" extra="--"/>
			<t id="s9_3" word="ele" lemma="ele" pos="pron-pers" morph="M 3S NOM" extra="--"/>
			<t id="s9_4" word="vem" lemma="vir" pos="v-fin" morph="PR 3S IND VFIN" extra="fmc mv"/>
			<t id="s9_5" word="com" lemma="com" pos="prp" morph="--" extra="--"/>
			<t id="s9_6" word="uns" lemma="um" pos="pron-indef" morph="DET M P" extra="quant"/>
			<t id="s9_7" word="botões" lemma="botão" pos="n" morph="M P" sem="anbo cc-handle" extra="--"/>
			<t id="s9_8" word="de" lemma="de" pos="prp" morph="--" extra="np-close"/>
			<t id="s9_9" word="touch" lemma="touch" pos="n" morph="M S" extra="heur"/>
			<t id="s9_10" word="em" lemma="em" pos="prp" morph="--" extra="sam-"/>
			<t id="s9_11" word="a" lemma="o" pos="art" morph="F S" extra="-sam "/>
			<t id="s9_12" word="parte" lemma="parte" pos="n" morph="F S" sem="part amount L HH sem-l ac" extra="--"/>
			<t id="s9_13" word="de" lemma="de" pos="prp" morph="--" extra="sam- np-close"/>
			<t id="s9_14" word="a" lemma="o" pos="art" morph="F S" extra="-sam "/>
			<t id="s9_15" word="frente" lemma="frente" pos="n" morph="F S" sem="Labs dir an wea-c" extra="--"/>
			<t id="s9_16" word="que" lemma="que" pos="spec" morph="M S" extra="clb clb-fs rel"/>
			<t id="s9_17" word="não" lemma="não" pos="adv" morph="--" extra="--"/>
			<t id="s9_18" word="são" lemma="ser" pos="v-fin" morph="PR 3P IND VFIN" extra="vK mv np-close"/>
			<t id="s9_19" word="configuráveis" lemma="configurável" pos="adj" morph="M P" extra="--"/>
			<t id="s9_20" word="." lemma="--" pos="pu" morph="--" extra="--"/>
		</terminals>

		<nonterminals>
			<nt id="s9_500" cat="s">
				<edge label="STA" idref="s9_501"/>
			</nt>
			<nt id="s9_501" cat="fcl">
				<edge label="S" idref="s9_1"/>
				<edge label="PU" idref="s9_2"/>
				<edge label="S" idref="s9_3"/>
				<edge label="P" idref="s9_4"/>
				<edge label="fA" idref="s9_502"/>
				<edge label="fA" idref="s9_505"/>
				<edge label="PU" idref="s9_20"/>
			</nt>
			<nt id="s9_502" cat="pp">
				<edge label="H" idref="s9_5"/>
				<edge label="DP" idref="s9_503"/>
			</nt>
			<nt id="s9_503" cat="np">
				<edge label="DN" idref="s9_6"/>
				<edge label="H" idref="s9_7"/>
				<edge label="DN" idref="s9_504"/>
			</nt>
			<nt id="s9_504" cat="pp">
				<edge label="H" idref="s9_8"/>
				<edge label="DP" idref="s9_9"/>
			</nt>
			<nt id="s9_505" cat="pp">
				<edge label="H" idref="s9_10"/>
				<edge label="DP" idref="s9_506"/>
			</nt>
			<nt id="s9_506" cat="np">
				<edge label="DN" idref="s9_11"/>
				<edge label="H" idref="s9_12"/>
				<edge label="DN" idref="s9_507"/>
			</nt>
			<nt id="s9_507" cat="pp">
				<edge label="H" idref="s9_13"/>
				<edge label="DP" idref="s9_508"/>
			</nt>
			<nt id="s9_508" cat="np">
				<edge label="DN" idref="s9_14"/>
				<edge label="H" idref="s9_15"/>
				<edge label="DN" idref="s9_509"/>
			</nt>
			<nt id="s9_509" cat="fcl">
				<edge label="S" idref="s9_16"/>
				<edge label="fA" idref="s9_17"/>
				<edge label="P" idref="s9_18"/>
				<edge label="Cs" idref="s9_19"/>
			</nt>
		</nonterminals>
	</graph>
</s>

<s id="s10" ref="10" source="Running text" forest="1" text="em o meu caso vieram com link para a loja de músicas da tim, e não consegui trocar isso.">
	<graph root="s10_500">
		<terminals>
			<t id="s10_1" word="em" lemma="em" pos="prp" morph="--" extra="sam-"/>
			<t id="s10_2" word="o" lemma="o" pos="art" morph="M S" extra="-sam "/>
			<t id="s10_3" word="meu" lemma="meu" pos="pron-poss" morph="DET M S" extra="poss 1S"/>
			<t id="s10_4" word="caso" lemma="caso" pos="n" morph="M S" sem="event ac-cat sem" extra="--"/>
			<t id="s10_5" word="vieram" lemma="vir" pos="v-fin" morph="PS/MQP 3P IND VFIN" extra="nosubj nosubj cjt-head cjt-head-STA fmc mv"/>
			<t id="s10_6" word="com" lemma="com" pos="prp" morph="--" extra="--"/>
			<t id="s10_7" word="link" lemma="link" pos="n" morph="M S" sem="ac" extra="--"/>
			<t id="s10_8" word="para" lemma="para" pos="prp" morph="--" extra="--"/>
			<t id="s10_9" word="a" lemma="o" pos="art" morph="F S" extra="--"/>
			<t id="s10_10" word="loja" lemma="loja" pos="n" morph="F S" sem="inst Lh" extra="--"/>
			<t id="s10_11" word="de" lemma="de" pos="prp" morph="--" extra="np-close"/>
			<t id="s10_12" word="músicas" lemma="música" pos="n" morph="F P" sem="domain sem-l cc-r" extra="--"/>
			<t id="s10_13" word="de" lemma="de" pos="prp" morph="--" extra="sam- np-close"/>
			<t id="s10_14" word="a" lemma="o" pos="art" morph="F S" extra="-sam "/>
			<t id="s10_15" word="tim" lemma="tim" pos="n" morph="F S" extra="DERS"/>
			<t id="s10_16" word="," lemma="--" pos="pu" morph="--" extra="--"/>
			<t id="s10_17" word="e" lemma="e" pos="conj-c" morph="--" extra="clb"/>
			<t id="s10_18" word="não" lemma="não" pos="adv" morph="--" extra="--"/>
			<t id="s10_19" word="consegui" lemma="conseguir" pos="v-fin" morph="PS 1S IND VFIN" extra="nosubj nosubj cjt-STA vH fmc mv"/>
			<t id="s10_20" word="trocar" lemma="trocar" pos="v-inf" morph="--" extra="vH mv"/>
			<t id="s10_21" word="isso" lemma="isso" pos="spec" morph="M S" extra="dem"/>
			<t id="s10_22" word="." lemma="--" pos="pu" morph="--" extra="--"/>
		</terminals>

		<nonterminals>
			<nt id="s10_500" cat="s">
				<edge label="STA" idref="s10_501"/>
			</nt>
			<nt id="s10_501" cat="par">
				<edge label="CJT" idref="s10_502"/>
				<edge label="PU" idref="s10_16"/>
				<edge label="CO" idref="s10_17"/>
				<edge label="CJT" idref="s10_512"/>
				<edge label="PU" idref="s10_22"/>
			</nt>
			<nt id="s10_502" cat="fcl">
				<edge label="fA" idref="s10_503"/>
				<edge label="P" idref="s10_5"/>
				<edge label="fA" idref="s10_505"/>
				<edge label="As" idref="s10_506"/>
			</nt>
			<nt id="s10_503" cat="pp">
				<edge label="H" idref="s10_1"/>
				<edge label="DP" idref="s10_504"/>
			</nt>
			<nt id="s10_504" cat="np">
				<edge label="DN" idref="s10_2"/>
				<edge label="DN" idref="s10_3"/>
				<edge label="H" idref="s10_4"/>
			</nt>
			<nt id="s10_505" cat="pp">
				<edge label="H" idref="s10_6"/>
				<edge label="DP" idref="s10_7"/>
			</nt>
			<nt id="s10_506" cat="pp">
				<edge label="H" idref="s10_8"/>
				<edge label="DP" idref="s10_507"/>
			</nt>
			<nt id="s10_507" cat="np">
				<edge label="DN" idref="s10_9"/>
				<edge label="H" idref="s10_10"/>
				<edge label="DN" idref="s10_508"/>
			</nt>
			<nt id="s10_508" cat="pp">
				<edge label="H" idref="s10_11"/>
				<edge label="DP" idref="s10_509"/>
			</nt>
			<nt id="s10_509" cat="np">
				<edge label="H" idref="s10_12"/>
				<edge label="DN" idref="s10_510"/>
			</nt>
			<nt id="s10_510" cat="pp">
				<edge label="H" idref="s10_13"/>
				<edge label="DP" idref="s10_511"/>
			</nt>
			<nt id="s10_511" cat="np">
				<edge label="DN" idref="s10_14"/>
				<edge label="H" idref="s10_15"/>
			</nt>
			<nt id="s10_512" cat="x">
				<edge label="fA" idref="s10_18"/>
				<edge label="P" idref="s10_19"/>
				<edge label="Od" idref="s10_513"/>
			</nt>
			<nt id="s10_513" cat="icl">
				<edge label="P" idref="s10_20"/>
				<edge label="Od" idref="s10_21"/>
			</nt>
		</nonterminals>
	</graph>
</s>

<s id="s11" ref="11" source="Running text" forest="1" text="isso faz com que ele conectei sozinho, já que só passando do dedo em cima ele aciona a função.">
	<graph root="s11_500">
		<terminals>
			<t id="s11_1" word="isso" lemma="isso" pos="spec" morph="M S" extra="dem"/>
			<t id="s11_2" word="faz" lemma="fazer" pos="v-fin" morph="PR 3S IND VFIN" extra="fmc mv"/>
			<t id="s11_3" word="com" lemma="com" pos="prp" morph="--" extra="--"/>
			<t id="s11_4" word="que" lemma="que" pos="conj-s" morph="--" extra="clb clb-fs"/>
			<t id="s11_5" word="ele" lemma="ele" pos="pron-pers" morph="M 3S NOM" extra="--"/>
			<t id="s11_6" word="conectei" lemma="conectar" pos="v-fin" morph="PS 1S IND VFIN" extra="mv"/>
			<t id="s11_7" word="sozinho" lemma="sozinho" pos="adj" morph="M S" extra="jh"/>
			<t id="s11_8" word="," lemma="--" pos="pu" morph="--" extra="--"/>
			<t id="s11_9" word="já_que" lemma="já_que" pos="conj-s" morph="--" extra="clb clb-fs"/>
			<t id="s11_10" word="só" lemma="só" pos="adv" morph="--" extra="--"/>
			<t id="s11_11" word="passando" lemma="passar" pos="v-ger" morph="--" extra="clb mv"/>
			<t id="s11_12" word="de" lemma="de" pos="prp" morph="--" extra="sam-"/>
			<t id="s11_13" word="o" lemma="o" pos="art" morph="M S" extra="-sam "/>
			<t id="s11_14" word="dedo" lemma="dedo" pos="n" morph="M S" sem="anmov" extra="--"/>
			<t id="s11_15" word="em_cima" lemma="em_cima" pos="adv" morph="--" sem="pp" extra="--"/>
			<t id="s11_16" word="ele" lemma="ele" pos="pron-pers" morph="M 3S NOM" extra="--"/>
			<t id="s11_17" word="aciona" lemma="acionar" pos="v-fin" morph="PR 3S IND VFIN" extra="vH mv"/>
			<t id="s11_18" word="a" lemma="o" pos="art" morph="F S" extra="--"/>
			<t id="s11_19" word="função" lemma="função" pos="n" morph="F S" sem="ac pos-soc occ" extra="--"/>
			<t id="s11_20" word="." lemma="--" pos="pu" morph="--" extra="--"/>
		</terminals>

		<nonterminals>
			<nt id="s11_500" cat="s">
				<edge label="STA" idref="s11_501"/>
			</nt>
			<nt id="s11_501" cat="fcl">
				<edge label="S" idref="s11_1"/>
				<edge label="P" idref="s11_2"/>
				<edge label="fA" idref="s11_502"/>
				<edge label="PU" idref="s11_8"/>
				<edge label="fA" idref="s11_504"/>
				<edge label="PU" idref="s11_20"/>
			</nt>
			<nt id="s11_502" cat="pp">
				<edge label="H" idref="s11_3"/>
				<edge label="DP" idref="s11_503"/>
			</nt>
			<nt id="s11_503" cat="fcl">
				<edge label="SUB" idref="s11_4"/>
				<edge label="S" idref="s11_5"/>
				<edge label="P" idref="s11_6"/>
				<edge label="fCs" idref="s11_7"/>
			</nt>
			<nt id="s11_504" cat="fcl">
				<edge label="SUB" idref="s11_9"/>
				<edge label="fA" idref="s11_505"/>
				<edge label="S" idref="s11_16"/>
				<edge label="P" idref="s11_17"/>
				<edge label="Od" idref="s11_508"/>
			</nt>
			<nt id="s11_505" cat="advp">
				<edge label="fA" idref="s11_10"/>
				<edge label="P" idref="s11_11"/>
				<edge label="Op" idref="s11_506"/>
				<edge label="fA" idref="s11_15"/>
			</nt>
			<nt id="s11_506" cat="pp">
				<edge label="H" idref="s11_12"/>
				<edge label="DP" idref="s11_507"/>
			</nt>
			<nt id="s11_507" cat="np">
				<edge label="DN" idref="s11_13"/>
				<edge label="H" idref="s11_14"/>
			</nt>
			<nt id="s11_508" cat="np">
				<edge label="DN" idref="s11_18"/>
				<edge label="H" idref="s11_19"/>
			</nt>
		</nonterminals>
	</graph>
</s>

<s id="s12" ref="12" source="Running text" forest="1" text="resumindo não recomendo a compra deste aparelho, já que tem outros muito mais legais por a mesma faixa de preço.">
	<graph root="s12_500">
		<terminals>
			<t id="s12_1" word="resumindo" lemma="resumir" pos="v-ger" morph="--" extra="clb vH mv"/>
			<t id="s12_2" word="não" lemma="não" pos="adv" morph="--" extra="--"/>
			<t id="s12_3" word="recomendo" lemma="recomendar" pos="v-fin" morph="PR 1S IND VFIN" extra="vH fmc mv"/>
			<t id="s12_4" word="a" lemma="o" pos="art" morph="F S" extra="--"/>
			<t id="s12_5" word="compra" lemma="compra" pos="n" morph="F S" sem="act cc" extra="--"/>
			<t id="s12_6" word="de" lemma="de" pos="prp" morph="--" extra="sam- np-close"/>
			<t id="s12_7" word="este" lemma="este" pos="pron-dem" morph="DET M S" extra="dem -sam"/>
			<t id="s12_8" word="aparelho" lemma="aparelho" pos="n" morph="M S" sem="tool" extra="--"/>
			<t id="s12_9" word="," lemma="--" pos="pu" morph="--" extra="--"/>
			<t id="s12_10" word="já_que" lemma="já_que" pos="conj-s" morph="--" extra="clb clb-fs"/>
			<t id="s12_11" word="tem" lemma="ter" pos="v-fin" morph="PR 3S IND VFIN" extra="mv"/>
			<t id="s12_12" word="outros" lemma="outro" pos="pron-indef" morph="DET M P" extra="diff KOMP"/>
			<t id="s12_13" word="muito" lemma="muito" pos="adv" morph="--" extra="quant"/>
			<t id="s12_14" word="mais" lemma="mais" pos="adv" morph="--" extra="quant KOMP"/>
			<t id="s12_15" word="legais" lemma="legal" pos="adj" morph="M/F P" extra="nh"/>
			<t id="s12_16" word="por" lemma="por" pos="prp" morph="--" extra="sam-"/>
			<t id="s12_17" word="a" lemma="o" pos="art" morph="F S" extra="-sam "/>
			<t id="s12_18" word="mesma" lemma="mesmo" pos="pron-indef" morph="DET F S" extra="diff KOMP"/>
			<t id="s12_19" word="faixa" lemma="faixa" pos="n" morph="F S" sem="cord cloH Labs Lpath sem-l" extra="--"/>
			<t id="s12_20" word="de" lemma="de" pos="prp" morph="--" extra="np-close"/>
			<t id="s12_21" word="preço" lemma="preço" pos="n" morph="M S" sem="f-q" extra="--"/>
			<t id="s12_22" word="." lemma="--" pos="pu" morph="--" extra="--"/>
		</terminals>

		<nonterminals>
			<nt id="s12_500" cat="s">
				<edge label="STA" idref="s12_501"/>
			</nt>
			<nt id="s12_501" cat="fcl">
				<edge label="fA" idref="s12_502"/>
				<edge label="P" idref="s12_3"/>
				<edge label="Od" idref="s12_503"/>
				<edge label="PU" idref="s12_9"/>
				<edge label="fA" idref="s12_506"/>
				<edge label="PU" idref="s12_22"/>
			</nt>
			<nt id="s12_502" cat="advp">
				<edge label="P" idref="s12_1"/>
				<edge label="fA" idref="s12_2"/>
			</nt>
			<nt id="s12_503" cat="np">
				<edge label="DN" idref="s12_4"/>
				<edge label="H" idref="s12_5"/>
				<edge label="DN" idref="s12_504"/>
			</nt>
			<nt id="s12_504" cat="pp">
				<edge label="H" idref="s12_6"/>
				<edge label="DP" idref="s12_505"/>
			</nt>
			<nt id="s12_505" cat="np">
				<edge label="DN" idref="s12_7"/>
				<edge label="H" idref="s12_8"/>
			</nt>
			<nt id="s12_506" cat="np">
				<edge label="SUB" idref="s12_10"/>
				<edge label="P" idref="s12_11"/>
				<edge label="DN" idref="s12_12"/>
				<edge label="fCs" idref="s12_507"/>
				<edge label="fA" idref="s12_509"/>
			</nt>
			<nt id="s12_507" cat="adjp">
				<edge label="DA" idref="s12_508"/>
				<edge label="H" idref="s12_15"/>
			</nt>
			<nt id="s12_508" cat="advp">
				<edge label="DA" idref="s12_13"/>
				<edge label="H" idref="s12_14"/>
			</nt>
			<nt id="s12_509" cat="pp">
				<edge label="H" idref="s12_16"/>
				<edge label="DP" idref="s12_510"/>
			</nt>
			<nt id="s12_510" cat="np">
				<edge label="DN" idref="s12_17"/>
				<edge label="DN" idref="s12_18"/>
				<edge label="H" idref="s12_19"/>
				<edge label="DN" idref="s12_511"/>
			</nt>
			<nt id="s12_511" cat="pp">
				<edge label="H" idref="s12_20"/>
				<edge label="DP" idref="s12_21"/>
			</nt>
		</nonterminals>
	</graph>
</s>

<s id="s13" ref="13" source="Running text" forest="1" text="o que gostei câmera de 3m p, menu amigável, fone de ouvido/ microfone com grampo e controle de volume, memória externa com cartão de 1 gb.">
	<graph root="s13_500">
		<terminals>
			<t id="s13_1" word="o" lemma="o" pos="pron-dem" morph="DET M S" extra="dem"/>
			<t id="s13_2" word="que" lemma="que" pos="spec" morph="M S" extra="clb rel"/>
			<t id="s13_3" word="gostei" lemma="gostar" pos="v-fin" morph="PS 1S IND VFIN" extra="vH mv"/>
			<t id="s13_4" word="câmera" lemma="c�=mera" pos="n" morph="F S" sem="tool" extra="--"/>
			<t id="s13_5" word="de" lemma="de" pos="prp" morph="--" extra="np-close"/>
			<t id="s13_6" word="3m" lemma="3m" pos="num" morph="M/F P" extra="card"/>
			<t id="s13_7" word="p" lemma="p" pos="n" morph="M/F S" extra="foreign"/>
			<t id="s13_8" word="," lemma="--" pos="pu" morph="--" extra="--"/>
			<t id="s13_9" word="menu" lemma="menu" pos="n" morph="M S" sem="cc-r" extra="np-close"/>
			<t id="s13_10" word="amigável" lemma="amigável" pos="adj" morph="M S" extra="nh np-close"/>
			<t id="s13_11" word="," lemma="--" pos="pu" morph="--" extra="--"/>
			<t id="s13_12" word="fone" lemma="fone" pos="n" morph="M S" sem="ac-cat tool" extra="cjt-head cjt-head-DNc np-close"/>
			<t id="s13_13" word="de_ouvido" lemma="de_ouvido" pos="adv" morph="--" sem="pp" extra="--"/>
			<t id="s13_14" word="/" lemma="$/" pos="conj-c" morph="--" extra="co-pred"/>
			<t id="s13_15" word="microfone" lemma="microfone" pos="n" morph="M S" sem="tool" extra="cjt-DNc np-close"/>
			<t id="s13_16" word="com" lemma="com" pos="prp" morph="--" extra="--"/>
			<t id="s13_17" word="grampo" lemma="grampo" pos="n" morph="M S" sem="tool" extra="cjt-head cjt-head-DP"/>
			<t id="s13_18" word="e" lemma="e" pos="conj-c" morph="--" extra="--"/>
			<t id="s13_19" word="controle" lemma="controle" pos="n" morph="M S" sem="am" extra="cjt-DP"/>
			<t id="s13_20" word="de" lemma="de" pos="prp" morph="--" extra="np-close"/>
			<t id="s13_21" word="volume" lemma="volume" pos="n" morph="M S" sem="f-q" extra="--"/>
			<t id="s13_22" word="," lemma="--" pos="pu" morph="--" extra="--"/>
			<t id="s13_23" word="memória" lemma="memória" pos="n" morph="F S" sem="sem-c sem-r" extra="np-close"/>
			<t id="s13_24" word="externa" lemma="externo" pos="adj" morph="F S" extra="nh np-close"/>
			<t id="s13_25" word="com" lemma="com" pos="prp" morph="--" extra="np-long"/>
			<t id="s13_26" word="cartão" lemma="cartão" pos="n" morph="M S" sem="cm cc-r" extra="--"/>
			<t id="s13_27" word="de" lemma="de" pos="prp" morph="--" extra="np-close"/>
			<t id="s13_28" word="1" lemma="1" pos="num" morph="M/F S" extra="card"/>
			<t id="s13_29" word="gb" lemma="gb" pos="n" morph="M/F S" extra="foreign"/>
			<t id="s13_30" word="." lemma="--" pos="pu" morph="--" extra="--"/>
		</terminals>

		<nonterminals>
			<nt id="s13_500" cat="s">
				<edge label="X" idref="s13_501"/>
			</nt>
			<nt id="s13_501" cat="adjp">
				<edge label="H" idref="s13_1"/>
				<edge label="STA" idref="s13_502"/>
				<edge label="S" idref="s13_503"/>
				<edge label="PU" idref="s13_30"/>
			</nt>
			<nt id="s13_502" cat="fcl">
				<edge label="X" idref="s13_2"/>
				<edge label="P" idref="s13_3"/>
			</nt>
			<nt id="s13_503" cat="np">
				<edge label="fA" idref="s13_13"/>
				<edge label="fA" idref="s13_508"/>
			</nt>
			<nt id="s13_504" cat="pp">
				<edge label="H" idref="s13_5"/>
				<edge label="DP" idref="s13_505"/>
			</nt>
			<nt id="s13_505" cat="np">
				<edge label="DN" idref="s13_6"/>
				<edge label="H" idref="s13_7"/>
				<edge label="PU" idref="s13_8"/>
				<edge label="DNc" idref="s13_506"/>
			</nt>
			<nt id="s13_506" cat="np">
				<edge label="H" idref="s13_9"/>
				<edge label="DN" idref="s13_10"/>
				<edge label="PU" idref="s13_11"/>
				<edge label="DNc" idref="s13_507"/>
			</nt>
			<nt id="s13_507" cat="par">
				<edge label="CJT" idref="s13_12"/>
				<edge label="CO" idref="s13_14"/>
				<edge label="CJT" idref="s13_15"/>
			</nt>
			<nt id="s13_508" cat="pp">
				<edge label="H" idref="s13_16"/>
				<edge label="DP" idref="s13_509"/>
			</nt>
			<nt id="s13_509" cat="par">
				<edge label="CJT" idref="s13_17"/>
				<edge label="CJT" idref="s13_510"/>
			</nt>
			<nt id="s13_510" cat="np">
				<edge label="DN" idref="s13_511"/>
				<edge label="H" idref="s13_19"/>
				<edge label="-DN" idref="s13_20"/>
			</nt>
			<nt id="s13_511" cat="pp">
				<edge label="CO" idref="s13_18"/>
				<edge label="DP" idref="s13_512"/>
			</nt>
			<nt id="s13_512" cat="np">
				<edge label="H" idref="s13_21"/>
				<edge label="PU" idref="s13_22"/>
				<edge label="DNc" idref="s13_513"/>
			</nt>
			<nt id="s13_513" cat="np">
				<edge label="H" idref="s13_23"/>
				<edge label="DN" idref="s13_24"/>
				<edge label="DN" idref="s13_514"/>
			</nt>
			<nt id="s13_514" cat="pp">
				<edge label="H" idref="s13_25"/>
				<edge label="DP" idref="s13_515"/>
			</nt>
			<nt id="s13_515" cat="np">
				<edge label="H" idref="s13_26"/>
				<edge label="DN" idref="s13_516"/>
			</nt>
			<nt id="s13_516" cat="pp">
				<edge label="H" idref="s13_27"/>
				<edge label="DP" idref="s13_517"/>
			</nt>
			<nt id="s13_517" cat="np">
				<edge label="DN" idref="s13_28"/>
				<edge label="H" idref="s13_29"/>
			</nt>
		</nonterminals>
	</graph>
</s>

<s id="s14" ref="14" source="Running text" forest="1" text="o que não gostei bateria dura no máximo number dias volume baixo para conversação vibração pouco perceptível e toque baixo memória pequena de mensagens recebidas number.">
	<graph root="s14_500">
		<terminals>
			<t id="s14_1" word="o" lemma="o" pos="pron-dem" morph="DET M S" extra="dem"/>
			<t id="s14_2" word="que" lemma="que" pos="spec" morph="M S" extra="clb clb-fs rel"/>
			<t id="s14_3" word="não" lemma="não" pos="adv" morph="--" extra="--"/>
			<t id="s14_4" word="gostei" lemma="gostar" pos="v-fin" morph="PS 1S IND VFIN" extra="vH mv np-close"/>
			<t id="s14_5" word="bateria" lemma="bateria" pos="n" morph="F S" sem="tool" extra="--"/>
			<t id="s14_6" word="dura" lemma="duro" pos="adj" morph="F S" extra="np-close"/>
			<t id="s14_7" word="no_máximo" lemma="no_máximo" pos="adv" morph="--" extra="--"/>
			<t id="s14_8" word="number" lemma="number" pos="v-inf" morph="3S" extra="heur mv"/>
			<t id="s14_9" word="dias" lemma="dia" pos="n" morph="M P" sem="temp dur per unit" extra="cjt-head cjt-head-Od"/>
			<t id="s14_10" word="volume" lemma="volume" pos="n" morph="M S" sem="f-q" extra="cjt-Od"/>
			<t id="s14_11" word="baixo" lemma="baixo" pos="adj" morph="M S" extra="np-close"/>
			<t id="s14_12" word="para" lemma="para" pos="prp" morph="--" extra="--"/>
			<t id="s14_13" word="conversação" lemma="conversação" pos="n" morph="F S" sem="talk" extra="--"/>
			<t id="s14_14" word="vibração" lemma="vibração" pos="n" morph="F S" sem="act" extra="cjt-Od"/>
			<t id="s14_15" word="pouco" lemma="pouco" pos="adv" morph="--" extra="quant"/>
			<t id="s14_16" word="perceptível" lemma="perceptível" pos="adj" morph="M/F S" extra="nh np-close"/>
			<t id="s14_17" word="e" lemma="e" pos="conj-c" morph="--" extra="--"/>
			<t id="s14_18" word="toque" lemma="toque" pos="n" morph="M S" sem="act-d percep-l" extra="--"/>
			<t id="s14_19" word="baixo" lemma="baixo" pos="adj" morph="M S" extra="jh"/>
			<t id="s14_20" word="memória" lemma="memória" pos="n" morph="F S" sem="sem-c sem-r" extra="cjt-Od"/>
			<t id="s14_21" word="pequena" lemma="pequeno" pos="adj" morph="F S" extra="jh np-close"/>
			<t id="s14_22" word="de" lemma="de" pos="prp" morph="--" extra="np-close"/>
			<t id="s14_23" word="mensagens" lemma="mensagem" pos="n" morph="F P" sem="sem-s" extra="--"/>
			<t id="s14_24" word="recebidas" lemma="recebido" pos="adj" morph="F P" extra="nh np-close"/>
			<t id="s14_25" word="number" lemma="number" pos="v-inf" morph="--" extra="heur mv"/>
			<t id="s14_26" word="." lemma="--" pos="pu" morph="--" extra="--"/>
		</terminals>

		<nonterminals>
			<nt id="s14_500" cat="s">
				<edge label="UTT" idref="s14_501"/>
			</nt>
			<nt id="s14_501" cat="x">
				<edge label="X" idref="s14_1"/>
				<edge label="DN" idref="s14_502"/>
				<edge label="S" idref="s14_2"/>
				<edge label="fA" idref="s14_3"/>
				<edge label="P" idref="s14_4"/>
				<edge label="UTT" idref="s14_503"/>
				<edge label="S" idref="s14_504"/>
				<edge label="fA" idref="s14_7"/>
				<edge label="P" idref="s14_8"/>
				<edge label="Od" idref="s14_505"/>
				<edge label="fA" idref="s14_507"/>
				<edge label="DP" idref="s14_18"/>
				<edge label="UTT" idref="s14_25"/>
				<edge label="PU" idref="s14_26"/>
			</nt>
			<nt id="s14_502" cat="fcl">
			</nt>
			<nt id="s14_503" cat="fcl">
			</nt>
			<nt id="s14_504" cat="np">
				<edge label="H" idref="s14_5"/>
				<edge label="DN" idref="s14_6"/>
			</nt>
			<nt id="s14_505" cat="par">
				<edge label="CJT" idref="s14_9"/>
				<edge label="CJT" idref="s14_506"/>
			</nt>
			<nt id="s14_506" cat="np">
				<edge label="H" idref="s14_10"/>
				<edge label="DN" idref="s14_11"/>
			</nt>
			<nt id="s14_507" cat="pp">
				<edge label="H" idref="s14_12"/>
				<edge label="DP" idref="s14_13"/>
				<edge label="CJT" idref="s14_508"/>
				<edge label="CJT" idref="s14_510"/>
			</nt>
			<nt id="s14_508" cat="np">
				<edge label="H" idref="s14_14"/>
				<edge label="DN" idref="s14_509"/>
			</nt>
			<nt id="s14_509" cat="adjp">
				<edge label="DA" idref="s14_15"/>
				<edge label="H" idref="s14_16"/>
			</nt>
			<nt id="s14_510" cat="np">
				<edge label="DN" idref="s14_511"/>
				<edge label="DN" idref="s14_19"/>
				<edge label="H" idref="s14_20"/>
				<edge label="-DN" idref="s14_21"/>
				<edge label="DN" idref="s14_512"/>
			</nt>
			<nt id="s14_511" cat="adjp">
				<edge label="CO" idref="s14_17"/>
			</nt>
			<nt id="s14_512" cat="pp">
				<edge label="H" idref="s14_22"/>
				<edge label="DP" idref="s14_513"/>
			</nt>
			<nt id="s14_513" cat="np">
				<edge label="H" idref="s14_23"/>
				<edge label="DN" idref="s14_24"/>
			</nt>
		</nonterminals>
	</graph>
</s>

<s id="s15" ref="15" source="Running text" forest="1" text="às vezes trava sozinho, e só reinicia após tirar e colocar a bateria..">
	<graph root="s15_500">
		<terminals>
			<t id="s15_1" word="às_vezes" lemma="às_vezes" pos="adv" morph="--" extra="--"/>
			<t id="s15_2" word="trava" lemma="travar" pos="v-fin" morph="PR 3S IND VFIN" extra="nosubj nosubj cjt-head cjt-head-STA fmc mv"/>
			<t id="s15_3" word="sozinho" lemma="sozinho" pos="adj" morph="M S" extra="jh"/>
			<t id="s15_4" word="," lemma="--" pos="pu" morph="--" extra="--"/>
			<t id="s15_5" word="e" lemma="e" pos="conj-c" morph="--" extra="clb"/>
			<t id="s15_6" word="só" lemma="só" pos="adv" morph="--" extra="--"/>
			<t id="s15_7" word="reinicia" lemma="reiniciar" pos="v-fin" morph="PR 3S IND VFIN" extra="nosubj nosubj cjt-STA fmc mv"/>
			<t id="s15_8" word="após" lemma="após" pos="adv" morph="--" extra="--"/>
			<t id="s15_9" word="tirar" lemma="tirar" pos="v-inf" morph="--" extra="cjt-head cjt-head-DP vH mv"/>
			<t id="s15_10" word="e" lemma="e" pos="conj-c" morph="--" extra="--"/>
			<t id="s15_11" word="colocar" lemma="colocar" pos="v-inf" morph="--" extra="cjt-DP vH mv"/>
			<t id="s15_12" word="a" lemma="o" pos="art" morph="F S" extra="--"/>
			<t id="s15_13" word="bateria" lemma="bateria" pos="n" morph="F S" sem="tool" extra="--"/>
			<t id="s15_14" word="." lemma="--" pos="pu" morph="--" extra="--"/>
			<t id="s15_15" word="." lemma="--" pos="pu" morph="--" extra="--"/>
		</terminals>

		<nonterminals>
			<nt id="s15_500" cat="s">
				<edge label="STA" idref="s15_501"/>
			</nt>
			<nt id="s15_501" cat="par">
				<edge label="CJT" idref="s15_502"/>
				<edge label="PU" idref="s15_4"/>
				<edge label="CO" idref="s15_5"/>
				<edge label="CJT" idref="s15_503"/>
				<edge label="PU" idref="s15_14"/>
				<edge label="PU" idref="s15_15"/>
			</nt>
			<nt id="s15_502" cat="fcl">
				<edge label="fA" idref="s15_1"/>
				<edge label="P" idref="s15_2"/>
				<edge label="fCs" idref="s15_3"/>
			</nt>
			<nt id="s15_503" cat="x">
				<edge label="fA" idref="s15_6"/>
				<edge label="P" idref="s15_7"/>
				<edge label="fA" idref="s15_504"/>
			</nt>
			<nt id="s15_504" cat="advp">
				<edge label="H" idref="s15_8"/>
				<edge label="DP" idref="s15_505"/>
				<edge label="CO" idref="s15_10"/>
			</nt>
			<nt id="s15_505" cat="par">
				<edge label="CJT" idref="s15_9"/>
				<edge label="CJT" idref="s15_506"/>
			</nt>
			<nt id="s15_506" cat="icl">
				<edge label="P" idref="s15_11"/>
				<edge label="Od" idref="s15_507"/>
			</nt>
			<nt id="s15_507" cat="np">
				<edge label="DN" idref="s15_12"/>
				<edge label="H" idref="s15_13"/>
			</nt>
		</nonterminals>
	</graph>
</s>

	</body>
</corpus>
