<?xml version="1.0" encoding="UTF-8"?>
<corpus>

	<body>
<s id="s1" ref="1" source="Running text" forest="1" text="eu não compraria este celular novamente, pois atualmente não atende a todas as minhas necessidades, o visor é colorido, atraente, mas bateria acaba rápido, é um pouco chamativo, mas não muito.">
	<graph root="s1_500">
		<terminals>
			<t id="s1_1" word="eu" lemma="eu" pos="pron-pers" morph="M/F 1S NOM" extra="--"/>
			<t id="s1_2" word="não" lemma="não" pos="adv" morph="--" extra="--"/>
			<t id="s1_3" word="compraria" lemma="comprar" pos="v-fin" morph="COND 1S VFIN" extra="nosubj nosubj nosubj nosubj nosubj nosubj cjt-head cjt-head-STA vH fmc mv"/>
			<t id="s1_4" word="este" lemma="este" pos="pron-dem" morph="DET M S" extra="dem"/>
			<t id="s1_5" word="celular" lemma="celular" pos="adj" morph="M S" extra="n nh"/>
			<t id="s1_6" word="novamente" lemma="novamente" pos="adv" morph="--" extra="--"/>
			<t id="s1_7" word="," lemma="--" pos="pu" morph="--" extra="--"/>
			<t id="s1_8" word="pois" lemma="pois" pos="conj-s" morph="--" extra="clb"/>
			<t id="s1_9" word="atualmente" lemma="atualmente" pos="adv" morph="--" extra="--"/>
			<t id="s1_10" word="não" lemma="não" pos="adv" morph="--" extra="--"/>
			<t id="s1_11" word="atende" lemma="atender" pos="v-fin" morph="PR 3S IND VFIN" extra="nosubj nosubj cjt-STA vH fmc mv"/>
			<t id="s1_12" word="a" lemma="a" pos="prp" morph="--" extra="--"/>
			<t id="s1_13" word="todas_as" lemma="todo_o" pos="pron-indef" morph="DET F P" extra="quant"/>
			<t id="s1_14" word="minhas" lemma="meu" pos="pron-poss" morph="DET F P" extra="poss 1S"/>
			<t id="s1_15" word="necessidades" lemma="necessidade" pos="n" morph="F P" sem="am sit" extra="--"/>
			<t id="s1_16" word="," lemma="--" pos="pu" morph="--" extra="--"/>
			<t id="s1_17" word="o" lemma="o" pos="art" morph="M S" extra="--"/>
			<t id="s1_18" word="visor" lemma="visor" pos="n" morph="M S" sem="tool" extra="--"/>
			<t id="s1_19" word="é" lemma="ser" pos="v-fin" morph="PR 3S IND VFIN" extra="cjt-STA fmc aux"/>
			<t id="s1_20" word="colorido" lemma="colorir" pos="v-pcp" morph="M S" extra="vH mv"/>
			<t id="s1_21" word="," lemma="--" pos="pu" morph="--" extra="--"/>
			<t id="s1_22" word="atraente" lemma="atraente" pos="adj" morph="M/F S" extra="--"/>
			<t id="s1_23" word="," lemma="--" pos="pu" morph="--" extra="--"/>
			<t id="s1_24" word="mas" lemma="mas" pos="conj-c" morph="--" extra="clb"/>
			<t id="s1_25" word="bateria" lemma="bateria" pos="n" morph="F S" sem="tool" extra="--"/>
			<t id="s1_26" word="acaba" lemma="acabar" pos="v-fin" morph="PR 3S IND VFIN" extra="cjt-STA vK fmc mv"/>
			<t id="s1_27" word="rápido" lemma="rápido" pos="adj" morph="M S" extra="adv"/>
			<t id="s1_28" word="," lemma="--" pos="pu" morph="--" extra="--"/>
			<t id="s1_29" word="é" lemma="ser" pos="v-fin" morph="PR 3S IND VFIN" extra="nosubj nosubj cjt-STA vK fmc mv"/>
			<t id="s1_30" word="um_pouco" lemma="um_pouco" pos="adv" morph="--" extra="quant"/>
			<t id="s1_31" word="chamativo" lemma="chamativo" pos="adj" morph="M S" extra="cjt-head cjt-head-Cs nh"/>
			<t id="s1_32" word="," lemma="--" pos="pu" morph="--" extra="--"/>
			<t id="s1_33" word="mas" lemma="mas" pos="conj-c" morph="--" extra="--"/>
			<t id="s1_34" word="não" lemma="não" pos="adv" morph="--" extra="--"/>
			<t id="s1_35" word="muito" lemma="muito" pos="pron-indef" morph="DET M S" extra="cjt-Cs quant"/>
			<t id="s1_36" word="." lemma="--" pos="pu" morph="--" extra="--"/>
		</terminals>

		<nonterminals>
			<nt id="s1_500" cat="s">
				<edge label="STA" idref="s1_501"/>
			</nt>
			<nt id="s1_501" cat="par">
				<edge label="CJT" idref="s1_502"/>
				<edge label="CJT" idref="s1_503"/>
				<edge label="PU" idref="s1_7"/>
				<edge label="CJT" idref="s1_505"/>
				<edge label="PU" idref="s1_23"/>
				<edge label="CO" idref="s1_24"/>
				<edge label="CJT" idref="s1_511"/>
				<edge label="PU" idref="s1_28"/>
				<edge label="CJT" idref="s1_512"/>
				<edge label="PU" idref="s1_36"/>
			</nt>
			<nt id="s1_502" cat="fcl">
				<edge label="S" idref="s1_1"/>
				<edge label="fA" idref="s1_2"/>
				<edge label="P" idref="s1_3"/>
			</nt>
			<nt id="s1_503" cat="fcl">
				<edge label="fCs" idref="s1_504"/>
				<edge label="Od" idref="s1_5"/>
				<edge label="fA" idref="s1_6"/>
			</nt>
			<nt id="s1_504" cat="np">
				<edge label="DN" idref="s1_4"/>
				<secedge label="*" idref="s1_22"/>
			</nt>
			<nt id="s1_505" cat="x">
				<edge label="fA" idref="s1_8"/>
				<edge label="fA" idref="s1_9"/>
				<edge label="fA" idref="s1_10"/>
				<edge label="P" idref="s1_11"/>
				<edge label="Op" idref="s1_506"/>
				<edge label="PU" idref="s1_16"/>
				<edge label="S" idref="s1_508"/>
				<edge label="P" idref="s1_509"/>
				<edge label="PU" idref="s1_21"/>
				<edge label="fCs" idref="s1_510"/>
			</nt>
			<nt id="s1_506" cat="pp">
				<edge label="H" idref="s1_12"/>
				<edge label="DP" idref="s1_507"/>
			</nt>
			<nt id="s1_507" cat="np">
				<edge label="DN" idref="s1_13"/>
				<edge label="DN" idref="s1_14"/>
				<edge label="H" idref="s1_15"/>
			</nt>
			<nt id="s1_508" cat="np">
				<edge label="DN" idref="s1_17"/>
				<edge label="H" idref="s1_18"/>
			</nt>
			<nt id="s1_509" cat="vp">
				<edge label="Vaux" idref="s1_19"/>
				<edge label="Vm" idref="s1_20"/>
			</nt>
			<nt id="s1_510" cat="np">
				<edge label="H" idref="s1_22"/>
			</nt>
			<nt id="s1_511" cat="fcl">
				<edge label="S" idref="s1_25"/>
				<edge label="P" idref="s1_26"/>
				<edge label="Cs" idref="s1_27"/>
			</nt>
			<nt id="s1_512" cat="x">
				<edge label="P" idref="s1_29"/>
				<edge label="Cs" idref="s1_513"/>
			</nt>
			<nt id="s1_513" cat="par">
				<edge label="CJT" idref="s1_514"/>
				<edge label="DN" idref="s1_34"/>
				<edge label="CJT" idref="s1_35"/>
			</nt>
			<nt id="s1_514" cat="adjp">
				<edge label="DA" idref="s1_30"/>
				<edge label="H" idref="s1_31"/>
				<edge label="PU" idref="s1_32"/>
				<edge label="CO" idref="s1_33"/>
			</nt>
		</nonterminals>
	</graph>
</s>

<s id="s2" ref="2" source="Running text" forest="1" text="o que gostei para quem quer um celular bonito, básico, e que não chame muito a atenção, este produto é ideal.">
	<graph root="s2_500">
		<terminals>
			<t id="s2_1" word="o" lemma="o" pos="pron-dem" morph="DET M S" extra="dem"/>
			<t id="s2_2" word="que" lemma="que" pos="spec" morph="M S" extra="clb clb-fs rel"/>
			<t id="s2_3" word="gostei" lemma="gostar" pos="v-fin" morph="PS 1S IND VFIN" extra="vH mv np-close"/>
			<t id="s2_4" word="para" lemma="para" pos="prp" morph="--" extra="--"/>
			<t id="s2_5" word="quem" lemma="quem" pos="spec" morph="M/F S" extra="clb clb-fs rel"/>
			<t id="s2_6" word="quer" lemma="querer" pos="v-fin" morph="PR 3S IND VFIN" extra="vH mv"/>
			<t id="s2_7" word="um" lemma="um" pos="art" morph="M S" extra="--"/>
			<t id="s2_8" word="celular" lemma="celular" pos="adj" morph="M S" extra="n nh"/>
			<t id="s2_9" word="bonito" lemma="bonito" pos="adj" morph="M S" extra="np-close"/>
			<t id="s2_10" word="," lemma="--" pos="pu" morph="--" extra="--"/>
			<t id="s2_11" word="básico" lemma="básico" pos="adj" morph="M S" extra="nh np-close"/>
			<t id="s2_12" word="," lemma="--" pos="pu" morph="--" extra="--"/>
			<t id="s2_13" word="e" lemma="e" pos="conj-c" morph="--" extra="nofirstcjt nofirstcjt co-fin-long"/>
			<t id="s2_14" word="que" lemma="que" pos="spec" morph="M S" extra="clb clb-fs rel"/>
			<t id="s2_15" word="não" lemma="não" pos="adv" morph="--" extra="--"/>
			<t id="s2_16" word="chame" lemma="chamar" pos="v-fin" morph="PR 3S SUBJ VFIN" extra="vH mv np-close"/>
			<t id="s2_17" word="muito" lemma="muito" pos="adv" morph="--" extra="quant"/>
			<t id="s2_18" word="a" lemma="o" pos="art" morph="F S" extra="--"/>
			<t id="s2_19" word="atenção" lemma="atenção" pos="n" morph="F S" sem="am" extra="--"/>
			<t id="s2_20" word="," lemma="--" pos="pu" morph="--" extra="--"/>
			<t id="s2_21" word="este" lemma="este" pos="pron-dem" morph="DET M S" extra="dem"/>
			<t id="s2_22" word="produto" lemma="produto" pos="n" morph="M S" sem="cc-h mon ac-cat" extra="--"/>
			<t id="s2_23" word="é" lemma="ser" pos="v-fin" morph="PR 3S IND VFIN" extra="vK fmc mv"/>
			<t id="s2_24" word="ideal" lemma="ideal" pos="adj" morph="M S" extra="--"/>
			<t id="s2_25" word="." lemma="--" pos="pu" morph="--" extra="--"/>
		</terminals>

		<nonterminals>
			<nt id="s2_500" cat="s">
				<edge label="DN" idref="s2_501"/>
			</nt>
			<nt id="s2_501" cat="fcl">
				<edge label="fA" idref="s2_502"/>
				<edge label="S" idref="s2_2"/>
				<edge label="P" idref="s2_3"/>
				<edge label="PU" idref="s2_25"/>
			</nt>
			<nt id="s2_502" cat="pp">
				<edge label="DP" idref="s2_503"/>
				<edge label="H" idref="s2_4"/>
				<edge label="DN" idref="s2_504"/>
				<edge label="DN" idref="s2_9"/>
				<edge label="PU" idref="s2_10"/>
				<edge label="DNc" idref="s2_11"/>
				<edge label="PU" idref="s2_12"/>
				<edge label="STA" idref="s2_506"/>
			</nt>
			<nt id="s2_503" cat="fcl">
				<edge label="S" idref="s2_1"/>
				<edge label="S" idref="s2_5"/>
				<edge label="P" idref="s2_6"/>
			</nt>
			<nt id="s2_504" cat="fcl">
				<edge label="Od" idref="s2_505"/>
				<edge label="Od" idref="s2_8"/>
			</nt>
			<nt id="s2_505" cat="np">
				<edge label="DN" idref="s2_7"/>
			</nt>
			<nt id="s2_506" cat="fcl">
				<edge label="CO" idref="s2_13"/>
				<edge label="S" idref="s2_14"/>
				<edge label="fA" idref="s2_15"/>
				<edge label="P" idref="s2_16"/>
				<edge label="fA" idref="s2_17"/>
				<edge label="Od" idref="s2_507"/>
				<edge label="PU" idref="s2_20"/>
				<edge label="S" idref="s2_508"/>
				<edge label="P" idref="s2_23"/>
				<edge label="Cs" idref="s2_24"/>
			</nt>
			<nt id="s2_507" cat="np">
				<edge label="DN" idref="s2_18"/>
				<edge label="H" idref="s2_19"/>
			</nt>
			<nt id="s2_508" cat="np">
				<edge label="DN" idref="s2_21"/>
				<edge label="H" idref="s2_22"/>
			</nt>
		</nonterminals>
	</graph>
</s>

<s id="s3" ref="3" source="Running text" forest="1" text="o que não gostei porém este produto é um pouco pesado, grande, seu display é um pouco complicado, não difícil, sua bateria não dura muito tempo..">
	<graph root="s3_500">
		<terminals>
			<t id="s3_1" word="o" lemma="o" pos="pron-dem" morph="DET M S" extra="dem"/>
			<t id="s3_2" word="que" lemma="que" pos="spec" morph="M S" extra="clb clb-fs rel"/>
			<t id="s3_3" word="não" lemma="não" pos="adv" morph="--" extra="--"/>
			<t id="s3_4" word="gostei" lemma="gostar" pos="v-fin" morph="PS 1S IND VFIN" extra="vH mv np-close"/>
			<t id="s3_5" word="porém" lemma="porém" pos="adv" morph="--" extra="kc"/>
			<t id="s3_6" word="este" lemma="este" pos="pron-dem" morph="DET M S" extra="dem"/>
			<t id="s3_7" word="produto" lemma="produto" pos="n" morph="M S" sem="cc-h mon ac-cat" extra="--"/>
			<t id="s3_8" word="é" lemma="ser" pos="v-fin" morph="PR 3S IND VFIN" extra="nosubj nosubj cjt-head cjt-head-STA vK fmc mv"/>
			<t id="s3_9" word="um_pouco" lemma="um_pouco" pos="adv" morph="--" extra="quant"/>
			<t id="s3_10" word="pesado" lemma="pesar" pos="v-pcp" morph="M S" extra="--"/>
			<t id="s3_11" word="," lemma="--" pos="pu" morph="--" extra="--"/>
			<t id="s3_12" word="grande" lemma="grande" pos="adj" morph="M S" extra="np-close"/>
			<t id="s3_13" word="," lemma="--" pos="pu" morph="--" extra="--"/>
			<t id="s3_14" word="seu" lemma="seu" pos="pron-poss" morph="DET M S" extra="poss 3S"/>
			<t id="s3_15" word="display" lemma="display" pos="n" morph="M S" sem="furn" extra="--"/>
			<t id="s3_16" word="é" lemma="ser" pos="v-fin" morph="PR 3S IND VFIN" extra="cjt-STA vK fmc mv"/>
			<t id="s3_17" word="um_pouco" lemma="um_pouco" pos="adv" morph="--" extra="quant"/>
			<t id="s3_18" word="complicado" lemma="complicar" pos="v-pcp" morph="M S" extra="--"/>
			<t id="s3_19" word="," lemma="--" pos="pu" morph="--" extra="--"/>
			<t id="s3_20" word="não" lemma="não" pos="adv" morph="--" extra="--"/>
			<t id="s3_21" word="difícil" lemma="difícil" pos="adj" morph="M S" extra="nh np-close"/>
			<t id="s3_22" word="," lemma="--" pos="pu" morph="--" extra="--"/>
			<t id="s3_23" word="sua" lemma="seu" pos="pron-poss" morph="DET F S" extra="poss 3S"/>
			<t id="s3_24" word="bateria" lemma="bateria" pos="n" morph="F S" sem="tool" extra="--"/>
			<t id="s3_25" word="não" lemma="não" pos="adv" morph="--" extra="--"/>
			<t id="s3_26" word="dura" lemma="durar" pos="v-fin" morph="PR 3S IND VFIN" extra="cjt-STA vN fmc mv"/>
			<t id="s3_27" word="muito_tempo" lemma="muito_tempo" pos="n" morph="M S" sem="dur temp am" extra="--"/>
			<t id="s3_28" word="." lemma="--" pos="pu" morph="--" extra="--"/>
			<t id="s3_29" word="." lemma="--" pos="pu" morph="--" extra="--"/>
		</terminals>

		<nonterminals>
			<nt id="s3_500" cat="s">
				<edge label="X" idref="s3_501"/>
			</nt>
			<nt id="s3_501" cat="adjp">
				<edge label="H" idref="s3_1"/>
				<edge label="DN" idref="s3_502"/>
				<edge label="S" idref="s3_2"/>
				<edge label="fA" idref="s3_3"/>
				<edge label="P" idref="s3_4"/>
				<edge label="fA" idref="s3_5"/>
				<edge label="STA" idref="s3_503"/>
				<edge label="PU" idref="s3_28"/>
				<edge label="PU" idref="s3_29"/>
			</nt>
			<nt id="s3_502" cat="fcl">
			</nt>
			<nt id="s3_503" cat="par">
				<edge label="CJT" idref="s3_504"/>
				<edge label="PU" idref="s3_13"/>
				<edge label="CJT" idref="s3_507"/>
				<edge label="PU" idref="s3_22"/>
				<edge label="CJT" idref="s3_511"/>
			</nt>
			<nt id="s3_504" cat="fcl">
				<edge label="S" idref="s3_505"/>
				<edge label="P" idref="s3_8"/>
				<edge label="Cs" idref="s3_506"/>
				<edge label="PU" idref="s3_11"/>
			</nt>
			<nt id="s3_505" cat="np">
				<edge label="DN" idref="s3_6"/>
				<edge label="H" idref="s3_7"/>
				<edge label="DNc" idref="s3_12"/>
			</nt>
			<nt id="s3_506" cat="adjp">
				<edge label="DA" idref="s3_9"/>
				<edge label="H" idref="s3_10"/>
			</nt>
			<nt id="s3_507" cat="fcl">
				<edge label="S" idref="s3_508"/>
				<edge label="P" idref="s3_16"/>
				<edge label="Cs" idref="s3_509"/>
				<edge label="PU" idref="s3_19"/>
			</nt>
			<nt id="s3_508" cat="np">
				<edge label="DN" idref="s3_14"/>
				<edge label="H" idref="s3_15"/>
				<edge label="DN" idref="s3_510"/>
			</nt>
			<nt id="s3_509" cat="adjp">
				<edge label="DA" idref="s3_17"/>
				<edge label="H" idref="s3_18"/>
			</nt>
			<nt id="s3_510" cat="adjp">
				<edge label="DA" idref="s3_20"/>
				<edge label="H" idref="s3_21"/>
			</nt>
			<nt id="s3_511" cat="fcl">
				<edge label="S" idref="s3_512"/>
				<edge label="fA" idref="s3_25"/>
				<edge label="P" idref="s3_26"/>
				<edge label="As" idref="s3_27"/>
			</nt>
			<nt id="s3_512" cat="np">
				<edge label="DN" idref="s3_23"/>
				<edge label="H" idref="s3_24"/>
			</nt>
		</nonterminals>
	</graph>
</s>

	</body>
</corpus>
