<?xml version="1.0" encoding="UTF-8"?>
<corpus>

	<body>
<s id="s1" ref="1" source="Running text" forest="1" text="estou insatisfeito com o produto o que gostei é um aparelho bonito o que não gostei estou insatisfeito pois o aparelho trava muito quando estou no menu, ele trava e tenho que desligar e ligar para/ voltar, outras vezes nem desligando, tenho que tirar a bateria e também outra hora fica pedindo para/ fomentar cartão.">
	<graph root="s1_500">
		<terminals>
			<t id="s1_1" word="estou" lemma="estar" pos="v-fin" morph="PR 1S IND VFIN" extra="nosubj nosubj nosubj nosubj nosubj nosubj nosubj nosubj nosubj nosubj nosubj nosubj cjt-head cjt-head-STA vK fmc mv"/>
			<t id="s1_2" word="insatisfeito" lemma="insatisfeito" pos="adj" morph="M S" extra="jh"/>
			<t id="s1_3" word="com" lemma="com" pos="prp" morph="--" extra="--"/>
			<t id="s1_4" word="o" lemma="o" pos="art" morph="M S" extra="--"/>
			<t id="s1_5" word="produto" lemma="produto" pos="n" morph="M S" sem="cc-h mon ac-cat" extra="--"/>
			<t id="s1_6" word="o_que" lemma="o_que" pos="spec" morph="M S" extra="clb clb-fs rel"/>
			<t id="s1_7" word="gostei" lemma="gostar" pos="v-fin" morph="PS 1S IND VFIN" extra="vH mv np-close"/>
			<t id="s1_8" word="é" lemma="ser" pos="v-fin" morph="PR 3S IND VFIN" extra="cjt-STA vK fmc mv"/>
			<t id="s1_9" word="um" lemma="um" pos="art" morph="M S" extra="--"/>
			<t id="s1_10" word="aparelho" lemma="aparelho" pos="n" morph="M S" sem="tool" extra="--"/>
			<t id="s1_11" word="bonito" lemma="bonito" pos="adj" morph="M S" extra="np-close"/>
			<t id="s1_12" word="o" lemma="o" pos="pron-dem" morph="DET M S" extra="dem"/>
			<t id="s1_13" word="que" lemma="que" pos="spec" morph="M S" extra="clb clb-fs rel"/>
			<t id="s1_14" word="não" lemma="não" pos="adv" morph="--" extra="--"/>
			<t id="s1_15" word="gostei" lemma="gostar" pos="v-fin" morph="PS 1S IND VFIN" extra="vH mv np-close"/>
			<t id="s1_16" word="estou" lemma="estar" pos="v-fin" morph="PR 1S IND VFIN" extra="nosubj nosubj cjt-STA vK fmc mv"/>
			<t id="s1_17" word="insatisfeito" lemma="insatisfeito" pos="adj" morph="M S" extra="jh"/>
			<t id="s1_18" word="pois" lemma="pois" pos="adv" morph="--" extra="kc"/>
			<t id="s1_19" word="o" lemma="o" pos="art" morph="M S" extra="--"/>
			<t id="s1_20" word="aparelho" lemma="aparelho" pos="n" morph="M S" sem="tool" extra="--"/>
			<t id="s1_21" word="trava" lemma="travar" pos="v-fin" morph="PR 3S IND VFIN" extra="nosubj nosubj cjt-STA fmc mv"/>
			<t id="s1_22" word="muito" lemma="muito" pos="adv" morph="--" extra="quant"/>
			<t id="s1_23" word="quando" lemma="quando" pos="adv" morph="--" extra="clb clb-fs rel ks"/>
			<t id="s1_24" word="estou" lemma="estar" pos="v-fin" morph="PR 1S IND VFIN" extra="mv"/>
			<t id="s1_25" word="em" lemma="em" pos="prp" morph="--" extra="sam-"/>
			<t id="s1_26" word="o" lemma="o" pos="art" morph="M S" extra="-sam "/>
			<t id="s1_27" word="menu" lemma="menu" pos="n" morph="M S" sem="cc-r" extra="--"/>
			<t id="s1_28" word="," lemma="--" pos="pu" morph="--" extra="--"/>
			<t id="s1_29" word="ele" lemma="ele" pos="pron-pers" morph="M 3S NOM" extra="--"/>
			<t id="s1_30" word="trava" lemma="travar" pos="v-fin" morph="PR 3S IND VFIN" extra="cjt-STA fmc mv"/>
			<t id="s1_31" word="e" lemma="e" pos="conj-c" morph="--" extra="co-fin"/>
			<t id="s1_32" word="tenho" lemma="ter" pos="v-fin" morph="PR 1S IND VFIN" extra="nosubj cjt-STA nosubj cjt-STA fmc aux"/>
			<t id="s1_33" word="que" lemma="que" pos="conj-s" morph="--" extra="clb"/>
			<t id="s1_34" word="desligar" lemma="desligar" pos="v-inf" morph="--" extra="cjt-head cjt-head-AUX vH mv"/>
			<t id="s1_35" word="e" lemma="e" pos="conj-c" morph="--" extra="--"/>
			<t id="s1_36" word="ligar" lemma="ligar" pos="v-inf" morph="--" extra="cjt-AUX mv"/>
			<t id="s1_37" word="para" lemma="para" pos="prp" morph="--" extra="--"/>
			<t id="s1_38" word="/" lemma="$/" pos="conj-c" morph="--" extra="co-inf"/>
			<t id="s1_39" word="voltar" lemma="voltar" pos="v-inf" morph="--" extra="cjt-AUX mv"/>
			<t id="s1_40" word="," lemma="--" pos="pu" morph="--" extra="--"/>
			<t id="s1_41" word="outras" lemma="outro" pos="pron-indef" morph="DET F P" extra="diff KOMP"/>
			<t id="s1_42" word="vezes" lemma="vez" pos="n" morph="F P" sem="temp" extra="--"/>
			<t id="s1_43" word="nem" lemma="nem" pos="adv" morph="--" extra="--"/>
			<t id="s1_44" word="desligando" lemma="desligar" pos="v-ger" morph="--" extra="vH mv"/>
			<t id="s1_45" word="," lemma="--" pos="pu" morph="--" extra="--"/>
			<t id="s1_46" word="tenho" lemma="ter" pos="v-fin" morph="PR 1S IND VFIN" extra="nosubj nosubj cjt-STA fmc aux"/>
			<t id="s1_47" word="que" lemma="que" pos="conj-s" morph="--" extra="clb"/>
			<t id="s1_48" word="tirar" lemma="tirar" pos="v-inf" morph="--" extra="vH mv"/>
			<t id="s1_49" word="a" lemma="o" pos="art" morph="F S" extra="--"/>
			<t id="s1_50" word="bateria" lemma="bateria" pos="n" morph="F S" sem="tool" extra="--"/>
			<t id="s1_51" word="e" lemma="e" pos="conj-c" morph="--" extra="--"/>
			<t id="s1_52" word="também" lemma="também" pos="adv" morph="--" extra="--"/>
			<t id="s1_53" word="outra" lemma="outro" pos="pron-indef" morph="DET F S" extra="diff KOMP"/>
			<t id="s1_54" word="hora" lemma="hora" pos="n" morph="F S" sem="dur temp unit" extra="--"/>
			<t id="s1_55" word="fica" lemma="ficar" pos="v-fin" morph="PR 3S IND VFIN" extra="cjt-STA fmc aux"/>
			<t id="s1_56" word="pedindo" lemma="pedir" pos="v-ger" morph="--" extra="clb vH mv"/>
			<t id="s1_57" word="para" lemma="para" pos="prp" morph="--" extra="--"/>
			<t id="s1_58" word="/" lemma="$/" pos="conj-c" morph="--" extra="co-inf"/>
			<t id="s1_59" word="fomentar" lemma="fomentar" pos="v-inf" morph="--" extra="cjt-DP vH mv"/>
			<t id="s1_60" word="cartão" lemma="cartão" pos="n" morph="M S" sem="cm cc-r" extra="--"/>
			<t id="s1_61" word="." lemma="--" pos="pu" morph="--" extra="--"/>
		</terminals>

		<nonterminals>
			<nt id="s1_500" cat="s">
				<edge label="STA" idref="s1_501"/>
			</nt>
			<nt id="s1_501" cat="par">
				<edge label="CJT" idref="s1_502"/>
				<edge label="CJT" idref="s1_506"/>
				<edge label="CJT" idref="s1_509"/>
				<edge label="CJT" idref="s1_510"/>
				<edge label="PU" idref="s1_28"/>
				<edge label="CJT" idref="s1_515"/>
				<edge label="CO" idref="s1_31"/>
				<edge label="CJT" idref="s1_516"/>
				<edge label="PU" idref="s1_45"/>
				<edge label="CJT" idref="s1_523"/>
				<edge label="CJT" idref="s1_526"/>
				<edge label="PU" idref="s1_61"/>
			</nt>
			<nt id="s1_502" cat="fcl">
				<edge label="P" idref="s1_1"/>
				<edge label="Cs" idref="s1_2"/>
				<edge label="fA" idref="s1_503"/>
			</nt>
			<nt id="s1_503" cat="pp">
				<edge label="H" idref="s1_3"/>
				<edge label="DP" idref="s1_504"/>
			</nt>
			<nt id="s1_504" cat="np">
				<edge label="DN" idref="s1_4"/>
				<edge label="H" idref="s1_5"/>
				<edge label="DN" idref="s1_505"/>
			</nt>
			<nt id="s1_505" cat="fcl">
				<edge label="Od" idref="s1_6"/>
				<edge label="P" idref="s1_7"/>
			</nt>
			<nt id="s1_506" cat="fcl">
				<edge label="P" idref="s1_8"/>
				<edge label="Cs" idref="s1_507"/>
				<edge label="S" idref="s1_12"/>
			</nt>
			<nt id="s1_507" cat="np">
				<edge label="DN" idref="s1_9"/>
				<edge label="H" idref="s1_10"/>
				<edge label="DN" idref="s1_11"/>
				<edge label="DN" idref="s1_508"/>
			</nt>
			<nt id="s1_508" cat="fcl">
				<edge label="S" idref="s1_13"/>
				<edge label="fA" idref="s1_14"/>
				<edge label="P" idref="s1_15"/>
			</nt>
			<nt id="s1_509" cat="x">
				<edge label="P" idref="s1_16"/>
				<edge label="Cs" idref="s1_17"/>
			</nt>
			<nt id="s1_510" cat="x">
				<edge label="fA" idref="s1_18"/>
				<edge label="fCs" idref="s1_511"/>
				<edge label="P" idref="s1_21"/>
				<edge label="fA" idref="s1_22"/>
				<edge label="fA" idref="s1_512"/>
			</nt>
			<nt id="s1_511" cat="np">
				<edge label="DN" idref="s1_19"/>
				<edge label="H" idref="s1_20"/>
			</nt>
			<nt id="s1_512" cat="fcl">
				<edge label="fA" idref="s1_23"/>
				<edge label="P" idref="s1_24"/>
				<edge label="As" idref="s1_513"/>
			</nt>
			<nt id="s1_513" cat="pp">
				<edge label="H" idref="s1_25"/>
				<edge label="DP" idref="s1_514"/>
			</nt>
			<nt id="s1_514" cat="np">
				<edge label="DN" idref="s1_26"/>
				<edge label="H" idref="s1_27"/>
				<edge label="CO" idref="s1_35"/>
			</nt>
			<nt id="s1_515" cat="fcl">
				<edge label="S" idref="s1_29"/>
				<edge label="P" idref="s1_30"/>
			</nt>
			<nt id="s1_516" cat="x">
				<edge label="Paux" idref="s1_517"/>
				<edge label="Oaux" idref="s1_518"/>
			</nt>
			<nt id="s1_517" cat="vp">
				<edge label="Vaux" idref="s1_32"/>
				<edge label="Vm" idref="s1_33"/>
			</nt>
			<nt id="s1_518" cat="par">
				<edge label="CJT" idref="s1_519"/>
				<edge label="CJT" idref="s1_520"/>
				<edge label="CO" idref="s1_38"/>
				<edge label="CJT" idref="s1_521"/>
			</nt>
			<nt id="s1_519" cat="icl">
				<edge label="P" idref="s1_34"/>
			</nt>
			<nt id="s1_520" cat="icl">
				<edge label="P" idref="s1_36"/>
				<edge label="Op" idref="s1_37"/>
			</nt>
			<nt id="s1_521" cat="icl">
				<edge label="P" idref="s1_39"/>
				<edge label="PU" idref="s1_40"/>
				<edge label="fCs" idref="s1_522"/>
				<edge label="fA" idref="s1_43"/>
				<edge label="fA" idref="s1_44"/>
			</nt>
			<nt id="s1_522" cat="np">
				<edge label="DN" idref="s1_41"/>
				<edge label="H" idref="s1_42"/>
				<edge label="CO" idref="s1_51"/>
			</nt>
			<nt id="s1_523" cat="x">
				<edge label="P" idref="s1_524"/>
				<edge label="Od" idref="s1_525"/>
			</nt>
			<nt id="s1_524" cat="vp">
				<edge label="Vaux" idref="s1_46"/>
				<edge label="SUBaux" idref="s1_47"/>
				<edge label="Vm" idref="s1_48"/>
			</nt>
			<nt id="s1_525" cat="np">
				<edge label="DN" idref="s1_49"/>
				<edge label="H" idref="s1_50"/>
			</nt>
			<nt id="s1_526" cat="fcl">
				<edge label="S" idref="s1_527"/>
				<edge label="P" idref="s1_528"/>
				<edge label="fA" idref="s1_57"/>
			</nt>
			<nt id="s1_527" cat="np">
				<edge label="DN" idref="s1_52"/>
				<edge label="DN" idref="s1_53"/>
				<edge label="H" idref="s1_54"/>
			</nt>
			<nt id="s1_528" cat="vp">
				<edge label="Vaux" idref="s1_55"/>
				<edge label="Vm" idref="s1_56"/>
				<edge label="CO" idref="s1_58"/>
				<edge label="CJT" idref="s1_529"/>
			</nt>
			<nt id="s1_529" cat="icl">
				<edge label="P" idref="s1_59"/>
				<edge label="Od" idref="s1_60"/>
			</nt>
		</nonterminals>
	</graph>
</s>

<s id="s2" ref="2" source="Running text" forest="1" text="fico muito nervoso..">
	<graph root="s2_500">
		<terminals>
			<t id="s2_1" word="fico" lemma="ficar" pos="v-fin" morph="PR 1S IND VFIN" extra="vK fmc mv"/>
			<t id="s2_2" word="muito" lemma="muito" pos="adv" morph="--" extra="quant"/>
			<t id="s2_3" word="nervoso" lemma="nervoso" pos="adj" morph="M S" extra="jh"/>
			<t id="s2_4" word="." lemma="--" pos="pu" morph="--" extra="--"/>
			<t id="s2_5" word="." lemma="--" pos="pu" morph="--" extra="--"/>
		</terminals>

		<nonterminals>
			<nt id="s2_500" cat="s">
				<edge label="STA" idref="s2_501"/>
			</nt>
			<nt id="s2_501" cat="fcl">
				<edge label="P" idref="s2_1"/>
				<edge label="Cs" idref="s2_502"/>
				<edge label="PU" idref="s2_4"/>
				<edge label="PU" idref="s2_5"/>
			</nt>
			<nt id="s2_502" cat="adjp">
				<edge label="DA" idref="s2_2"/>
				<edge label="H" idref="s2_3"/>
			</nt>
		</nonterminals>
	</graph>
</s>

	</body>
</corpus>
