<?xml version="1.0" encoding="UTF-8"?>
<corpus>

	<body>
<s id="s1" ref="1" source="Running text" forest="1" text="um smart fone básico mas muito bom.">
	<graph root="s1_500">
		<terminals>
			<t id="s1_1" word="um" lemma="um" pos="art" morph="M S" extra="--"/>
			<t id="s1_2" word="smart" lemma="smart" pos="n" morph="M S" extra="cjt-head cjt-head-X heur"/>
			<t id="s1_3" word="fone" lemma="fone" pos="n" morph="M S" sem="ac-cat tool" extra="cjt-X"/>
			<t id="s1_4" word="básico" lemma="básico" pos="adj" morph="M S" extra="nh np-close"/>
			<t id="s1_5" word="mas" lemma="mas" pos="conj-c" morph="--" extra="--"/>
			<t id="s1_6" word="muito" lemma="muito" pos="adv" morph="--" extra="quant"/>
			<t id="s1_7" word="bom" lemma="bom" pos="adj" morph="M S" extra="np-close"/>
			<t id="s1_8" word="." lemma="--" pos="pu" morph="--" extra="--"/>
		</terminals>

		<nonterminals>
			<nt id="s1_500" cat="s">
				<edge label="X" idref="s1_501"/>
			</nt>
			<nt id="s1_501" cat="par">
				<edge label="CJT" idref="s1_502"/>
				<edge label="CJT" idref="s1_503"/>
				<edge label="PU" idref="s1_8"/>
			</nt>
			<nt id="s1_502" cat="np">
				<edge label="DN" idref="s1_1"/>
				<edge label="H" idref="s1_2"/>
			</nt>
			<nt id="s1_503" cat="np">
				<edge label="H" idref="s1_3"/>
				<edge label="DN" idref="s1_4"/>
				<edge label="DN" idref="s1_504"/>
			</nt>
			<nt id="s1_504" cat="adjp">
				<edge label="CO" idref="s1_5"/>
				<edge label="DA" idref="s1_6"/>
				<edge label="H" idref="s1_7"/>
			</nt>
		</nonterminals>
	</graph>
</s>

<s id="s2" ref="2" source="Running text" forest="1" text="o que gostei quase tudo.">
	<graph root="s2_500">
		<terminals>
			<t id="s2_1" word="o" lemma="o" pos="pron-dem" morph="DET M S" extra="dem"/>
			<t id="s2_2" word="que" lemma="que" pos="spec" morph="M S" extra="clb clb-fs rel"/>
			<t id="s2_3" word="gostei" lemma="gostar" pos="v-fin" morph="PS 1S IND VFIN" extra="vH mv np-close"/>
			<t id="s2_4" word="quase" lemma="quase" pos="adv" morph="--" extra="quant"/>
			<t id="s2_5" word="tudo" lemma="tudo" pos="spec" morph="M S" extra="quant"/>
			<t id="s2_6" word="." lemma="--" pos="pu" morph="--" extra="--"/>
		</terminals>

		<nonterminals>
			<nt id="s2_500" cat="s">
				<edge label="UTT" idref="s2_501"/>
			</nt>
			<nt id="s2_501" cat="x">
				<edge label="X" idref="s2_1"/>
				<edge label="DN" idref="s2_502"/>
				<edge label="S" idref="s2_2"/>
				<edge label="P" idref="s2_3"/>
				<edge label="DA" idref="s2_4"/>
				<edge label="Co" idref="s2_5"/>
				<edge label="PU" idref="s2_6"/>
			</nt>
			<nt id="s2_502" cat="fcl">
			</nt>
		</nonterminals>
	</graph>
</s>

<s id="s3" ref="3" source="Running text" forest="1" text="ele é muito bom!!!">
	<graph root="s3_500">
		<terminals>
			<t id="s3_1" word="ele" lemma="ele" pos="pron-pers" morph="M 3S NOM" extra="--"/>
			<t id="s3_2" word="é" lemma="ser" pos="v-fin" morph="PR 3S IND VFIN" extra="vK fmc mv"/>
			<t id="s3_3" word="muito" lemma="muito" pos="adv" morph="--" extra="quant"/>
			<t id="s3_4" word="bom" lemma="bom" pos="adj" morph="M S" extra="jh"/>
			<t id="s3_5" word="!" lemma="--" pos="pu" morph="--" extra="--"/>
			<t id="s3_6" word="!" lemma="--" pos="pu" morph="--" extra="--"/>
			<t id="s3_7" word="!" lemma="--" pos="pu" morph="--" extra="--"/>
		</terminals>

		<nonterminals>
			<nt id="s3_500" cat="s">
				<edge label="STA" idref="s3_501"/>
			</nt>
			<nt id="s3_501" cat="fcl">
				<edge label="S" idref="s3_1"/>
				<edge label="P" idref="s3_2"/>
				<edge label="Cs" idref="s3_502"/>
				<edge label="PU" idref="s3_5"/>
				<edge label="PU" idref="s3_6"/>
				<edge label="PU" idref="s3_7"/>
			</nt>
			<nt id="s3_502" cat="adjp">
				<edge label="DA" idref="s3_3"/>
				<edge label="H" idref="s3_4"/>
			</nt>
		</nonterminals>
	</graph>
</s>

<s id="s4" ref="4" source="Running text" forest="1" text="o que não gostei não dá pra por toque em, cada contato..">
	<graph root="s4_500">
		<terminals>
			<t id="s4_1" word="o" lemma="o" pos="pron-dem" morph="DET M S" extra="dem"/>
			<t id="s4_2" word="que" lemma="que" pos="spec" morph="M S" extra="clb clb-fs rel"/>
			<t id="s4_3" word="não" lemma="não" pos="adv" morph="--" extra="--"/>
			<t id="s4_4" word="gostei" lemma="gostar" pos="v-fin" morph="PS 1S IND VFIN" extra="vH mv np-close"/>
			<t id="s4_5" word="não" lemma="não" pos="adv" morph="--" extra="--"/>
			<t id="s4_6" word="dá" lemma="dar" pos="v-fin" morph="PR 3S IND VFIN" extra="fmc mv"/>
			<t id="s4_7" word="pra" lemma="para" pos="prp" morph="--" extra="--"/>
			<t id="s4_8" word="por" lemma="por" pos="prp" morph="--" extra="--"/>
			<t id="s4_9" word="toque" lemma="toque" pos="n" morph="M S" sem="act-d percep-l" extra="--"/>
			<t id="s4_10" word="em" lemma="em" pos="prp" morph="--" extra="np-close"/>
			<t id="s4_11" word="," lemma="--" pos="pu" morph="--" extra="--"/>
			<t id="s4_12" word="cada" lemma="cada" pos="pron-indef" morph="DET M S" extra="quant"/>
			<t id="s4_13" word="contato" lemma="contato" pos="n" morph="M S" sem="ac H" extra="--"/>
			<t id="s4_14" word="." lemma="--" pos="pu" morph="--" extra="--"/>
			<t id="s4_15" word="." lemma="--" pos="pu" morph="--" extra="--"/>
		</terminals>

		<nonterminals>
			<nt id="s4_500" cat="s">
				<edge label="UTT" idref="s4_501"/>
			</nt>
			<nt id="s4_501" cat="x">
				<edge label="STA" idref="s4_502"/>
				<edge label="DN" idref="s4_503"/>
				<edge label="S" idref="s4_2"/>
				<edge label="fA" idref="s4_3"/>
				<edge label="P" idref="s4_4"/>
				<edge label="fA" idref="s4_5"/>
				<edge label="P" idref="s4_6"/>
				<edge label="Op" idref="s4_7"/>
				<edge label="fA" idref="s4_504"/>
				<edge label="H" idref="s4_8"/>
				<edge label="DP" idref="s4_505"/>
				<edge label="fCs" idref="s4_506"/>
				<edge label="DN" idref="s4_12"/>
				<edge label="H" idref="s4_13"/>
				<edge label="PU" idref="s4_14"/>
				<edge label="PU" idref="s4_15"/>
			</nt>
			<nt id="s4_502" cat="fcl">
				<edge label="S" idref="s4_1"/>
			</nt>
			<nt id="s4_503" cat="fcl">
			</nt>
			<nt id="s4_504" cat="pp">
			</nt>
			<nt id="s4_505" cat="np">
				<edge label="H" idref="s4_9"/>
				<edge label="DN" idref="s4_10"/>
				<edge label="PU" idref="s4_11"/>
			</nt>
			<nt id="s4_506" cat="np">
			</nt>
		</nonterminals>
	</graph>
</s>

	</body>
</corpus>
