<?xml version="1.0" encoding="UTF-8"?>
<corpus>

	<body>
<s id="s1" ref="1" source="Running text" forest="1" text="um produto bom que possui aparência elegante, mas existem melhores no mercado.">
	<graph root="s1_500">
		<terminals>
			<t id="s1_1" word="um" lemma="um" pos="art" morph="M S" extra="--"/>
			<t id="s1_2" word="produto" lemma="produto" pos="n" morph="M S" sem="cc-h mon ac-cat" extra="--"/>
			<t id="s1_3" word="bom" lemma="bom" pos="adj" morph="M S" extra="np-close"/>
			<t id="s1_4" word="que" lemma="que" pos="spec" morph="M S" extra="clb clb-fs rel"/>
			<t id="s1_5" word="possui" lemma="possuir" pos="v-fin" morph="PR 3S IND VFIN" extra="vH mv np-close"/>
			<t id="s1_6" word="aparência" lemma="aparência" pos="n" morph="F S" sem="percep-f" extra="--"/>
			<t id="s1_7" word="elegante" lemma="elegante" pos="adj" morph="M/F S" extra="--"/>
			<t id="s1_8" word="," lemma="--" pos="pu" morph="--" extra="--"/>
			<t id="s1_9" word="mas" lemma="mas" pos="conj-c" morph="--" extra="topkc clb"/>
			<t id="s1_10" word="existem" lemma="existir" pos="v-fin" morph="PR 3P IND VFIN" extra="fmc mv np-close"/>
			<t id="s1_11" word="melhores" lemma="bom" pos="adj" morph="M/F P" extra="KOMP SUP"/>
			<t id="s1_12" word="em" lemma="em" pos="prp" morph="--" extra="sam-"/>
			<t id="s1_13" word="o" lemma="o" pos="art" morph="M S" extra="-sam "/>
			<t id="s1_14" word="mercado" lemma="mercado" pos="n" morph="M S" sem="inst" extra="--"/>
			<t id="s1_15" word="." lemma="--" pos="pu" morph="--" extra="--"/>
		</terminals>

		<nonterminals>
			<nt id="s1_500" cat="s">
				<edge label="DN" idref="s1_501"/>
			</nt>
			<nt id="s1_501" cat="fcl">
				<edge label="S" idref="s1_502"/>
				<edge label="PU" idref="s1_8"/>
				<edge label="CO" idref="s1_9"/>
				<edge label="P" idref="s1_10"/>
				<edge label="fCs" idref="s1_11"/>
				<edge label="fA" idref="s1_504"/>
				<edge label="PU" idref="s1_15"/>
			</nt>
			<nt id="s1_502" cat="np">
				<edge label="DN" idref="s1_1"/>
				<edge label="H" idref="s1_2"/>
				<edge label="DN" idref="s1_3"/>
				<edge label="DN" idref="s1_503"/>
			</nt>
			<nt id="s1_503" cat="fcl">
				<edge label="S" idref="s1_4"/>
				<edge label="P" idref="s1_5"/>
				<edge label="Od" idref="s1_6"/>
				<edge label="fCs" idref="s1_7"/>
			</nt>
			<nt id="s1_504" cat="pp">
				<edge label="H" idref="s1_12"/>
				<edge label="DP" idref="s1_505"/>
			</nt>
			<nt id="s1_505" cat="np">
				<edge label="DN" idref="s1_13"/>
				<edge label="H" idref="s1_14"/>
			</nt>
		</nonterminals>
	</graph>
</s>

<s id="s2" ref="2" source="Running text" forest="1" text="o que gostei bonito o que não gostei duração da bateria.">
	<graph root="s2_500">
		<terminals>
			<t id="s2_1" word="o" lemma="o" pos="pron-dem" morph="DET M S" extra="dem"/>
			<t id="s2_2" word="que" lemma="que" pos="spec" morph="M S" extra="clb clb-fs rel"/>
			<t id="s2_3" word="gostei" lemma="gostar" pos="v-fin" morph="PS 1S IND VFIN" extra="vH mv np-close"/>
			<t id="s2_4" word="bonito" lemma="bonito" pos="adj" morph="M S" extra="--"/>
			<t id="s2_5" word="o_que" lemma="o_que" pos="spec" morph="M S" extra="clb rel"/>
			<t id="s2_6" word="não" lemma="não" pos="adv" morph="--" extra="--"/>
			<t id="s2_7" word="gostei" lemma="gostar" pos="v-fin" morph="PS 1S IND VFIN" extra="vH mv"/>
			<t id="s2_8" word="duração" lemma="duração" pos="n" morph="F S" sem="am" extra="--"/>
			<t id="s2_9" word="de" lemma="de" pos="prp" morph="--" extra="sam- np-close"/>
			<t id="s2_10" word="a" lemma="o" pos="art" morph="F S" extra="-sam "/>
			<t id="s2_11" word="bateria" lemma="bateria" pos="n" morph="F S" sem="tool" extra="--"/>
			<t id="s2_12" word="." lemma="--" pos="pu" morph="--" extra="--"/>
		</terminals>

		<nonterminals>
			<nt id="s2_500" cat="s">
				<edge label="X" idref="s2_501"/>
			</nt>
			<nt id="s2_501" cat="adjp">
				<edge label="H" idref="s2_1"/>
				<edge label="DN" idref="s2_502"/>
				<edge label="S" idref="s2_2"/>
				<edge label="P" idref="s2_3"/>
				<edge label="fCs" idref="s2_4"/>
				<edge label="STA" idref="s2_503"/>
				<edge label="fCs" idref="s2_504"/>
				<edge label="PU" idref="s2_12"/>
			</nt>
			<nt id="s2_502" cat="fcl">
			</nt>
			<nt id="s2_503" cat="fcl">
				<edge label="X" idref="s2_5"/>
				<edge label="fA" idref="s2_6"/>
				<edge label="P" idref="s2_7"/>
			</nt>
			<nt id="s2_504" cat="np">
				<edge label="H" idref="s2_8"/>
				<edge label="DN" idref="s2_505"/>
			</nt>
			<nt id="s2_505" cat="pp">
				<edge label="H" idref="s2_9"/>
				<edge label="DP" idref="s2_506"/>
			</nt>
			<nt id="s2_506" cat="np">
				<edge label="DN" idref="s2_10"/>
				<edge label="H" idref="s2_11"/>
			</nt>
		</nonterminals>
	</graph>
</s>

	</body>
</corpus>
