<?xml version="1.0" encoding="UTF-8"?>
<corpus>

	<body>
<s id="s1" ref="1" source="Running text" forest="1" text="a bateria é boa, dura muito tempo.">
	<graph root="s1_500">
		<terminals>
			<t id="s1_1" word="a" lemma="o" pos="art" morph="F S" extra="--"/>
			<t id="s1_2" word="bateria" lemma="bateria" pos="n" morph="F S" sem="tool" extra="--"/>
			<t id="s1_3" word="é" lemma="ser" pos="v-fin" morph="PR 3S IND VFIN" extra="cjt-head cjt-head-STA vK fmc mv"/>
			<t id="s1_4" word="boa" lemma="bom" pos="adj" morph="F S" extra="--"/>
			<t id="s1_5" word="," lemma="--" pos="pu" morph="--" extra="--"/>
			<t id="s1_6" word="dura" lemma="durar" pos="v-fin" morph="PR 3S IND VFIN" extra="nosubj nosubj cjt-STA vN fmc mv"/>
			<t id="s1_7" word="muito_tempo" lemma="muito_tempo" pos="n" morph="M S" sem="dur temp am" extra="--"/>
			<t id="s1_8" word="." lemma="--" pos="pu" morph="--" extra="--"/>
		</terminals>

		<nonterminals>
			<nt id="s1_500" cat="s">
				<edge label="STA" idref="s1_501"/>
			</nt>
			<nt id="s1_501" cat="par">
				<edge label="CJT" idref="s1_502"/>
				<edge label="PU" idref="s1_5"/>
				<edge label="CJT" idref="s1_504"/>
				<edge label="PU" idref="s1_8"/>
			</nt>
			<nt id="s1_502" cat="fcl">
				<edge label="S" idref="s1_503"/>
				<edge label="P" idref="s1_3"/>
				<edge label="Cs" idref="s1_4"/>
			</nt>
			<nt id="s1_503" cat="np">
				<edge label="DN" idref="s1_1"/>
				<edge label="H" idref="s1_2"/>
			</nt>
			<nt id="s1_504" cat="x">
				<edge label="P" idref="s1_6"/>
				<edge label="As" idref="s1_7"/>
			</nt>
		</nonterminals>
	</graph>
</s>

<s id="s2" ref="2" source="Running text" forest="1" text="o modelo já é bem antigo.">
	<graph root="s2_500">
		<terminals>
			<t id="s2_1" word="o" lemma="o" pos="art" morph="M S" extra="--"/>
			<t id="s2_2" word="modelo" lemma="modelo" pos="n" morph="M S" sem="ac Hprof" extra="--"/>
			<t id="s2_3" word="já" lemma="já" pos="adv" morph="--" extra="--"/>
			<t id="s2_4" word="é" lemma="ser" pos="v-fin" morph="PR 3S IND VFIN" extra="vK fmc mv"/>
			<t id="s2_5" word="bem" lemma="bem" pos="adv" morph="--" extra="quant"/>
			<t id="s2_6" word="antigo" lemma="antigo" pos="adj" morph="M S" extra="jh"/>
			<t id="s2_7" word="." lemma="--" pos="pu" morph="--" extra="--"/>
		</terminals>

		<nonterminals>
			<nt id="s2_500" cat="s">
				<edge label="STA" idref="s2_501"/>
			</nt>
			<nt id="s2_501" cat="fcl">
				<edge label="S" idref="s2_502"/>
				<edge label="fA" idref="s2_3"/>
				<edge label="P" idref="s2_4"/>
				<edge label="Cs" idref="s2_503"/>
				<edge label="PU" idref="s2_7"/>
			</nt>
			<nt id="s2_502" cat="np">
				<edge label="DN" idref="s2_1"/>
				<edge label="H" idref="s2_2"/>
			</nt>
			<nt id="s2_503" cat="adjp">
				<edge label="DA" idref="s2_5"/>
				<edge label="H" idref="s2_6"/>
			</nt>
		</nonterminals>
	</graph>
</s>

<s id="s3" ref="3" source="Running text" forest="1" text="o que gostei a marca nokia é bem duradoura.">
	<graph root="s3_500">
		<terminals>
			<t id="s3_1" word="o" lemma="o" pos="pron-dem" morph="DET M S" extra="dem"/>
			<t id="s3_2" word="que" lemma="que" pos="spec" morph="M S" extra="clb clb-fs rel"/>
			<t id="s3_3" word="gostei" lemma="gostar" pos="v-fin" morph="PS 1S IND VFIN" extra="vH mv np-close"/>
			<t id="s3_4" word="a" lemma="o" pos="art" morph="F S" extra="--"/>
			<t id="s3_5" word="marca" lemma="marca" pos="n" morph="F S" sem="ac-sign Labs bar" extra="--"/>
			<t id="s3_6" word="nokia" lemma="nokia" pos="n" morph="F S" extra="heur foreign"/>
			<t id="s3_7" word="é" lemma="ser" pos="v-fin" morph="PR 3S IND VFIN" extra="vK fmc mv"/>
			<t id="s3_8" word="bem" lemma="bem" pos="adv" morph="--" extra="quant"/>
			<t id="s3_9" word="duradoura" lemma="duradouro" pos="adj" morph="F S" extra="nh"/>
			<t id="s3_10" word="." lemma="--" pos="pu" morph="--" extra="--"/>
		</terminals>

		<nonterminals>
			<nt id="s3_500" cat="s">
				<edge label="UTT" idref="s3_501"/>
			</nt>
			<nt id="s3_501" cat="x">
				<edge label="STA" idref="s3_502"/>
				<edge label="DN" idref="s3_503"/>
				<edge label="S" idref="s3_2"/>
				<edge label="P" idref="s3_3"/>
				<edge label="S" idref="s3_504"/>
				<edge label="S" idref="s3_6"/>
				<edge label="P" idref="s3_7"/>
				<edge label="Cs" idref="s3_505"/>
				<edge label="PU" idref="s3_10"/>
			</nt>
			<nt id="s3_502" cat="fcl">
				<edge label="S" idref="s3_1"/>
			</nt>
			<nt id="s3_503" cat="fcl">
			</nt>
			<nt id="s3_504" cat="np">
				<edge label="DN" idref="s3_4"/>
				<edge label="H" idref="s3_5"/>
			</nt>
			<nt id="s3_505" cat="adjp">
				<edge label="DA" idref="s3_8"/>
				<edge label="H" idref="s3_9"/>
			</nt>
		</nonterminals>
	</graph>
</s>

<s id="s4" ref="4" source="Running text" forest="1" text="o que não gostei antigo demais.">
	<graph root="s4_500">
		<terminals>
			<t id="s4_1" word="o" lemma="o" pos="pron-dem" morph="DET M S" extra="dem"/>
			<t id="s4_2" word="que" lemma="que" pos="spec" morph="M S" extra="clb clb-fs rel"/>
			<t id="s4_3" word="não" lemma="não" pos="adv" morph="--" extra="--"/>
			<t id="s4_4" word="gostei" lemma="gostar" pos="v-fin" morph="PS 1S IND VFIN" extra="vH mv np-close"/>
			<t id="s4_5" word="antigo" lemma="antigo" pos="adj" morph="M S" extra="--"/>
			<t id="s4_6" word="demais" lemma="demais" pos="adv" morph="--" extra="quant"/>
			<t id="s4_7" word="." lemma="--" pos="pu" morph="--" extra="--"/>
		</terminals>

		<nonterminals>
			<nt id="s4_500" cat="s">
				<edge label="UTT" idref="s4_501"/>
			</nt>
			<nt id="s4_501" cat="x">
				<edge label="X" idref="s4_1"/>
				<edge label="DN" idref="s4_502"/>
				<edge label="S" idref="s4_2"/>
				<edge label="fA" idref="s4_3"/>
				<edge label="P" idref="s4_4"/>
				<edge label="fCs" idref="s4_503"/>
				<edge label="PU" idref="s4_7"/>
			</nt>
			<nt id="s4_502" cat="fcl">
			</nt>
			<nt id="s4_503" cat="adjp">
				<edge label="H" idref="s4_5"/>
				<edge label="DA" idref="s4_6"/>
			</nt>
		</nonterminals>
	</graph>
</s>

<s id="s5" ref="5" source="Running text" forest="1" text="já saíram muitos mais novos no mercado..">
	<graph root="s5_500">
		<terminals>
			<t id="s5_1" word="já" lemma="já" pos="adv" morph="--" extra="--"/>
			<t id="s5_2" word="saíram" lemma="sair" pos="v-fin" morph="PS/MQP 3P IND VFIN" extra="fmc mv"/>
			<t id="s5_3" word="muitos" lemma="muito" pos="pron-indef" morph="DET M P" extra="quant"/>
			<t id="s5_4" word="mais" lemma="mais" pos="adv" morph="--" extra="quant KOMP"/>
			<t id="s5_5" word="novos" lemma="novo" pos="adj" morph="M P" extra="jh"/>
			<t id="s5_6" word="em" lemma="em" pos="prp" morph="--" extra="sam-"/>
			<t id="s5_7" word="o" lemma="o" pos="art" morph="M S" extra="-sam "/>
			<t id="s5_8" word="mercado" lemma="mercado" pos="n" morph="M S" sem="inst" extra="--"/>
			<t id="s5_9" word="." lemma="--" pos="pu" morph="--" extra="--"/>
			<t id="s5_10" word="." lemma="--" pos="pu" morph="--" extra="--"/>
		</terminals>

		<nonterminals>
			<nt id="s5_500" cat="s">
				<edge label="STA" idref="s5_501"/>
			</nt>
			<nt id="s5_501" cat="fcl">
				<edge label="fA" idref="s5_1"/>
				<edge label="P" idref="s5_2"/>
				<edge label="S" idref="s5_3"/>
				<edge label="fCs" idref="s5_502"/>
				<edge label="fA" idref="s5_503"/>
				<edge label="PU" idref="s5_9"/>
				<edge label="PU" idref="s5_10"/>
			</nt>
			<nt id="s5_502" cat="adjp">
				<edge label="DA" idref="s5_4"/>
				<edge label="H" idref="s5_5"/>
			</nt>
			<nt id="s5_503" cat="pp">
				<edge label="H" idref="s5_6"/>
				<edge label="DP" idref="s5_504"/>
			</nt>
			<nt id="s5_504" cat="np">
				<edge label="DN" idref="s5_7"/>
				<edge label="H" idref="s5_8"/>
			</nt>
		</nonterminals>
	</graph>
</s>

	</body>
</corpus>
