<?xml version="1.0" encoding="UTF-8"?>
<corpus>

	<body>
<s id="s1" ref="1" source="Running text" forest="1" text="é nokia.">
	<graph root="s1_500">
		<terminals>
			<t id="s1_1" word="é" lemma="ser" pos="v-fin" morph="PR 3S IND VFIN" extra="vK fmc mv"/>
			<t id="s1_2" word="nokia" lemma="nokia" pos="n" morph="F S" extra="heur foreign"/>
			<t id="s1_3" word="." lemma="--" pos="pu" morph="--" extra="--"/>
		</terminals>

		<nonterminals>
			<nt id="s1_500" cat="s">
				<edge label="STA" idref="s1_501"/>
			</nt>
			<nt id="s1_501" cat="fcl">
				<edge label="P" idref="s1_1"/>
				<edge label="Cs" idref="s1_2"/>
				<edge label="PU" idref="s1_3"/>
			</nt>
		</nonterminals>
	</graph>
</s>

<s id="s2" ref="2" source="Running text" forest="1" text="é pequeno.">
	<graph root="s2_500">
		<terminals>
			<t id="s2_1" word="é" lemma="ser" pos="v-fin" morph="PR 3S IND VFIN" extra="vK fmc mv"/>
			<t id="s2_2" word="pequeno" lemma="pequeno" pos="n" morph="M S" sem="H" extra="--"/>
			<t id="s2_3" word="." lemma="--" pos="pu" morph="--" extra="--"/>
		</terminals>

		<nonterminals>
			<nt id="s2_500" cat="s">
				<edge label="STA" idref="s2_501"/>
			</nt>
			<nt id="s2_501" cat="fcl">
				<edge label="P" idref="s2_1"/>
				<edge label="Cs" idref="s2_2"/>
				<edge label="PU" idref="s2_3"/>
			</nt>
		</nonterminals>
	</graph>
</s>

<s id="s3" ref="3" source="Running text" forest="1" text="é bonitinho e é também ruim de sinal o que gostei bateria o que não gostei muito ruim de sinal.">
	<graph root="s3_500">
		<terminals>
			<t id="s3_1" word="é" lemma="ser" pos="v-fin" morph="PR 3S IND VFIN" extra="nosubj nosubj cjt-head cjt-head-STA vK fmc mv"/>
			<t id="s3_2" word="bonitinho" lemma="bonitinho" pos="adj" morph="M S" extra="DERS jh"/>
			<t id="s3_3" word="e" lemma="e" pos="conj-c" morph="--" extra="--"/>
			<t id="s3_4" word="é" lemma="ser" pos="v-fin" morph="PR 3S IND VFIN" extra="nosubj nosubj cjt-STA vK fmc mv"/>
			<t id="s3_5" word="também" lemma="também" pos="adv" morph="--" extra="--"/>
			<t id="s3_6" word="ruim" lemma="ruim" pos="adj" morph="M/F S" extra="cjt-head cjt-head-Cs n jh"/>
			<t id="s3_7" word="de" lemma="de" pos="prp" morph="--" extra="np-close"/>
			<t id="s3_8" word="sinal" lemma="sinal" pos="n" morph="M S" sem="percep-l percep-w ac ac-sign mon sem-r sick-c" extra="--"/>
			<t id="s3_9" word="o" lemma="o" pos="pron-dem" morph="DET M S" extra="cjt-Cs dem"/>
			<t id="s3_10" word="que" lemma="que" pos="spec" morph="M S" extra="clb rel"/>
			<t id="s3_11" word="gostei" lemma="gostar" pos="v-fin" morph="PS 1S IND VFIN" extra="cjt-STA vH mv"/>
			<t id="s3_12" word="bateria" lemma="bateria" pos="n" morph="F S" sem="tool" extra="--"/>
			<t id="s3_13" word="o_que" lemma="o_que" pos="spec" morph="M S" extra="clb clb-fs rel"/>
			<t id="s3_14" word="não" lemma="não" pos="adv" morph="--" extra="--"/>
			<t id="s3_15" word="gostei" lemma="gostar" pos="v-fin" morph="PS 1S IND VFIN" extra="vH mv np-close"/>
			<t id="s3_16" word="muito" lemma="muito" pos="adv" morph="--" extra="quant"/>
			<t id="s3_17" word="ruim" lemma="ruim" pos="adj" morph="M/F S" extra="--"/>
			<t id="s3_18" word="de" lemma="de" pos="prp" morph="--" extra="--"/>
			<t id="s3_19" word="sinal" lemma="sinal" pos="n" morph="M S" sem="percep-l percep-w ac ac-sign mon sem-r sick-c" extra="--"/>
			<t id="s3_20" word="." lemma="--" pos="pu" morph="--" extra="--"/>
		</terminals>

		<nonterminals>
			<nt id="s3_500" cat="s">
				<edge label="STA" idref="s3_501"/>
			</nt>
			<nt id="s3_501" cat="par">
				<edge label="CJT" idref="s3_502"/>
				<edge label="CJT" idref="s3_503"/>
				<edge label="CJT" idref="s3_505"/>
				<edge label="PU" idref="s3_20"/>
			</nt>
			<nt id="s3_502" cat="fcl">
				<edge label="P" idref="s3_1"/>
				<edge label="Cs" idref="s3_2"/>
			</nt>
			<nt id="s3_503" cat="fcl">
				<edge label="X" idref="s3_504"/>
			</nt>
			<nt id="s3_504" cat="x">
				<edge label="CO" idref="s3_3"/>
			</nt>
			<nt id="s3_505" cat="x">
				<edge label="P" idref="s3_4"/>
				<edge label="Cs" idref="s3_506"/>
				<edge label="P" idref="s3_11"/>
				<edge label="S" idref="s3_509"/>
			</nt>
			<nt id="s3_506" cat="par">
				<edge label="CJT" idref="s3_507"/>
				<edge label="DN" idref="s3_508"/>
				<edge label="CJT" idref="s3_9"/>
				<edge label="H" idref="s3_10"/>
			</nt>
			<nt id="s3_507" cat="adjp">
				<edge label="DA" idref="s3_5"/>
				<edge label="H" idref="s3_6"/>
			</nt>
			<nt id="s3_508" cat="pp">
				<edge label="H" idref="s3_7"/>
				<edge label="DP" idref="s3_8"/>
			</nt>
			<nt id="s3_509" cat="np">
				<edge label="H" idref="s3_12"/>
				<edge label="DN" idref="s3_510"/>
			</nt>
			<nt id="s3_510" cat="fcl">
				<edge label="Od" idref="s3_13"/>
				<edge label="fA" idref="s3_14"/>
				<edge label="P" idref="s3_15"/>
				<edge label="fCs" idref="s3_511"/>
				<edge label="fA" idref="s3_512"/>
			</nt>
			<nt id="s3_511" cat="adjp">
				<edge label="DA" idref="s3_16"/>
				<edge label="H" idref="s3_17"/>
			</nt>
			<nt id="s3_512" cat="pp">
				<edge label="H" idref="s3_18"/>
				<edge label="DP" idref="s3_19"/>
			</nt>
		</nonterminals>
	</graph>
</s>

<s id="s4" ref="4" source="Running text" forest="1" text="péssima recepção.">
	<graph root="s4_500">
		<terminals>
			<t id="s4_1" word="péssima" lemma="mal" pos="adj" morph="F S" extra="SUP jh"/>
			<t id="s4_2" word="recepção" lemma="recepção" pos="n" morph="F S" sem="act Lh" extra="--"/>
			<t id="s4_3" word="." lemma="--" pos="pu" morph="--" extra="--"/>
		</terminals>

		<nonterminals>
			<nt id="s4_500" cat="s">
				<edge label="X" idref="s4_501"/>
			</nt>
			<nt id="s4_501" cat="np">
				<edge label="DN" idref="s4_1"/>
				<edge label="H" idref="s4_2"/>
				<edge label="PU" idref="s4_3"/>
			</nt>
		</nonterminals>
	</graph>
</s>

	</body>
</corpus>
