<?xml version="1.0" encoding="UTF-8"?>
<corpus>

	<body>
<s id="s1" ref="1" source="Running text" forest="1" text="produto muito bom fácil de usar ótimo custo beneficio recomendo o que gostei estou loca por um.">
	<graph root="s1_500">
		<terminals>
			<t id="s1_1" word="produto" lemma="produto" pos="n" morph="M S" sem="cc-h mon ac-cat" extra="clb"/>
			<t id="s1_2" word="muito" lemma="muito" pos="adv" morph="--" extra="quant"/>
			<t id="s1_3" word="bom" lemma="bom" pos="adj" morph="M S" extra="np-close"/>
			<t id="s1_4" word="fácil" lemma="fácil" pos="adj" morph="M/F S" extra="np-long"/>
			<t id="s1_5" word="de" lemma="de" pos="prp" morph="--" extra="--"/>
			<t id="s1_6" word="usar" lemma="usar" pos="v-inf" morph="--" extra="vH mv"/>
			<t id="s1_7" word="ótimo" lemma="bom" pos="adj" morph="M S" extra="SUP"/>
			<t id="s1_8" word="custo" lemma="custo" pos="n" morph="M S" sem="mon" extra="--"/>
			<t id="s1_9" word="beneficio" lemma="beneficiar" pos="v-fin" morph="PR 1S IND VFIN" extra="nosubj nosubj cjt-head cjt-head-STA vH fmc mv"/>
			<t id="s1_10" word="recomendo" lemma="recomendar" pos="v-fin" morph="PR 1S IND VFIN" extra="nosubj nosubj cjt-STA vH fmc mv"/>
			<t id="s1_11" word="o" lemma="o" pos="pron-dem" morph="DET M S" extra="dem"/>
			<t id="s1_12" word="que" lemma="que" pos="spec" morph="M S" extra="clb clb-fs rel"/>
			<t id="s1_13" word="gostei" lemma="gostar" pos="v-fin" morph="PS 1S IND VFIN" extra="vH mv np-close"/>
			<t id="s1_14" word="estou" lemma="estar" pos="v-fin" morph="PR 1S IND VFIN" extra="nosubj nosubj cjt-STA vK fmc mv"/>
			<t id="s1_15" word="loca" lemma="loca" pos="n" morph="M S" sem="Lh" extra="--"/>
			<t id="s1_16" word="por" lemma="por" pos="prp" morph="--" extra="np-close"/>
			<t id="s1_17" word="um" lemma="um" pos="num" morph="M S" extra="card"/>
			<t id="s1_18" word="." lemma="--" pos="pu" morph="--" extra="--"/>
		</terminals>

		<nonterminals>
			<nt id="s1_500" cat="s">
				<edge label="STA" idref="s1_501"/>
			</nt>
			<nt id="s1_501" cat="par">
				<edge label="CJT" idref="s1_502"/>
				<edge label="CJT" idref="s1_509"/>
				<edge label="CJT" idref="s1_511"/>
				<edge label="PU" idref="s1_18"/>
			</nt>
			<nt id="s1_502" cat="fcl">
				<edge label="S" idref="s1_503"/>
				<edge label="P" idref="s1_9"/>
			</nt>
			<nt id="s1_503" cat="np">
				<edge label="H" idref="s1_1"/>
				<edge label="DN" idref="s1_504"/>
				<edge label="DN" idref="s1_505"/>
			</nt>
			<nt id="s1_504" cat="adjp">
				<edge label="DA" idref="s1_2"/>
				<edge label="H" idref="s1_3"/>
			</nt>
			<nt id="s1_505" cat="adjp">
				<edge label="H" idref="s1_4"/>
				<edge label="DA" idref="s1_506"/>
			</nt>
			<nt id="s1_506" cat="pp">
				<edge label="H" idref="s1_5"/>
				<edge label="DP" idref="s1_507"/>
			</nt>
			<nt id="s1_507" cat="icl">
				<edge label="P" idref="s1_6"/>
				<edge label="Od" idref="s1_508"/>
			</nt>
			<nt id="s1_508" cat="np">
				<edge label="DN" idref="s1_7"/>
				<edge label="H" idref="s1_8"/>
				<edge label="DN" idref="s1_510"/>
			</nt>
			<nt id="s1_509" cat="x">
				<edge label="P" idref="s1_10"/>
				<edge label="Od" idref="s1_11"/>
			</nt>
			<nt id="s1_510" cat="fcl">
				<edge label="S" idref="s1_12"/>
				<edge label="P" idref="s1_13"/>
			</nt>
			<nt id="s1_511" cat="x">
				<edge label="P" idref="s1_14"/>
				<edge label="Cs" idref="s1_512"/>
			</nt>
			<nt id="s1_512" cat="np">
				<edge label="H" idref="s1_15"/>
				<edge label="DN" idref="s1_513"/>
			</nt>
			<nt id="s1_513" cat="pp">
				<edge label="H" idref="s1_16"/>
				<edge label="DP" idref="s1_17"/>
			</nt>
		</nonterminals>
	</graph>
</s>

<s id="s2" ref="2" source="Running text" forest="1" text="meu amigo tem um é ótimo a camera é boa é fácil de usar ótimo mesmo o que não gostei nada contra o produto é ótimo.">
	<graph root="s2_500">
		<terminals>
			<t id="s2_1" word="meu" lemma="meu" pos="pron-poss" morph="DET M S" extra="poss 1S"/>
			<t id="s2_2" word="amigo" lemma="amigo" pos="n" morph="M S" sem="Hfam" extra="--"/>
			<t id="s2_3" word="tem" lemma="ter" pos="v-fin" morph="PR 3S IND VFIN" extra="nosubj nosubj nosubj nosubj nosubj nosubj cjt-head cjt-head-STA fmc mv"/>
			<t id="s2_4" word="um" lemma="um" pos="num" morph="M S" extra="card"/>
			<t id="s2_5" word="é" lemma="ser" pos="v-fin" morph="PR 3S IND VFIN" extra="nosubj nosubj cjt-STA vK fmc mv"/>
			<t id="s2_6" word="ótimo" lemma="bom" pos="adj" morph="M S" extra="SUP jh"/>
			<t id="s2_7" word="a" lemma="o" pos="art" morph="F S" extra="--"/>
			<t id="s2_8" word="camera" lemma="c�=mara" pos="n" morph="F S" sem="Lh HH" extra="--"/>
			<t id="s2_9" word="é" lemma="ser" pos="v-fin" morph="PR 3S IND VFIN" extra="nosubj nosubj cjt-STA vK fmc mv"/>
			<t id="s2_10" word="boa" lemma="bom" pos="adj" morph="F S" extra="jh"/>
			<t id="s2_11" word="é" lemma="ser" pos="v-fin" morph="PR 3S IND VFIN" extra="nosubj nosubj cjt-STA vK fmc mv"/>
			<t id="s2_12" word="fácil" lemma="fácil" pos="adj" morph="M S" extra="jh"/>
			<t id="s2_13" word="de" lemma="de" pos="prp" morph="--" extra="--"/>
			<t id="s2_14" word="usar" lemma="usar" pos="v-inf" morph="--" extra="vH mv"/>
			<t id="s2_15" word="ótimo" lemma="bom" pos="adj" morph="M S" extra="cjt-head cjt-head-Od SUP jh"/>
			<t id="s2_16" word="mesmo" lemma="mesmo" pos="adv" morph="--" extra="quant"/>
			<t id="s2_17" word="o" lemma="o" pos="pron-dem" morph="DET M S" extra="cjt-Od dem"/>
			<t id="s2_18" word="que" lemma="que" pos="spec" morph="M S" extra="clb clb-fs rel"/>
			<t id="s2_19" word="não" lemma="não" pos="adv" morph="--" extra="--"/>
			<t id="s2_20" word="gostei" lemma="gostar" pos="v-fin" morph="PS 1S IND VFIN" extra="vH mv np-close"/>
			<t id="s2_21" word="nada" lemma="nada" pos="spec" morph="M S" extra="quant"/>
			<t id="s2_22" word="contra" lemma="contra" pos="prp" morph="--" extra="--"/>
			<t id="s2_23" word="o" lemma="o" pos="art" morph="M S" extra="--"/>
			<t id="s2_24" word="produto" lemma="produto" pos="n" morph="M S" sem="cc-h mon ac-cat" extra="--"/>
			<t id="s2_25" word="é" lemma="ser" pos="v-fin" morph="PR 3S IND VFIN" extra="nosubj nosubj cjt-STA vK fmc mv"/>
			<t id="s2_26" word="ótimo" lemma="bom" pos="adj" morph="M S" extra="SUP jh"/>
			<t id="s2_27" word="." lemma="--" pos="pu" morph="--" extra="--"/>
		</terminals>

		<nonterminals>
			<nt id="s2_500" cat="s">
				<edge label="STA" idref="s2_501"/>
			</nt>
			<nt id="s2_501" cat="par">
				<edge label="CJT" idref="s2_502"/>
				<edge label="CJT" idref="s2_504"/>
				<edge label="CJT" idref="s2_505"/>
				<edge label="CJT" idref="s2_507"/>
				<edge label="CJT" idref="s2_516"/>
				<edge label="PU" idref="s2_27"/>
			</nt>
			<nt id="s2_502" cat="fcl">
				<edge label="S" idref="s2_503"/>
				<edge label="P" idref="s2_3"/>
				<edge label="Od" idref="s2_4"/>
			</nt>
			<nt id="s2_503" cat="np">
				<edge label="DN" idref="s2_1"/>
				<edge label="H" idref="s2_2"/>
			</nt>
			<nt id="s2_504" cat="x">
				<edge label="P" idref="s2_5"/>
				<edge label="Cs" idref="s2_6"/>
			</nt>
			<nt id="s2_505" cat="x">
				<edge label="fCs" idref="s2_506"/>
				<edge label="P" idref="s2_9"/>
				<edge label="Cs" idref="s2_10"/>
			</nt>
			<nt id="s2_506" cat="np">
				<edge label="DN" idref="s2_7"/>
				<edge label="H" idref="s2_8"/>
				<secedge label="*" idref="s2_513"/>
			</nt>
			<nt id="s2_507" cat="x">
				<edge label="P" idref="s2_11"/>
				<edge label="Cs" idref="s2_508"/>
				<edge label="fCs" idref="s2_512"/>
			</nt>
			<nt id="s2_508" cat="adjp">
				<edge label="H" idref="s2_12"/>
				<edge label="DA" idref="s2_509"/>
			</nt>
			<nt id="s2_509" cat="pp">
				<edge label="H" idref="s2_13"/>
				<edge label="DP" idref="s2_510"/>
			</nt>
			<nt id="s2_510" cat="icl">
				<edge label="P" idref="s2_14"/>
				<edge label="Od" idref="s2_511"/>
				<edge label="DN" idref="s2_16"/>
			</nt>
			<nt id="s2_511" cat="par">
				<edge label="CJT" idref="s2_15"/>
				<edge label="CJT" idref="s2_17"/>
			</nt>
			<nt id="s2_512" cat="np">
				<edge label="DN" idref="s2_513"/>
			</nt>
			<nt id="s2_513" cat="fcl">
				<edge label="S" idref="s2_18"/>
				<edge label="fA" idref="s2_19"/>
				<edge label="P" idref="s2_20"/>
				<edge label="fA" idref="s2_21"/>
				<edge label="Op" idref="s2_514"/>
			</nt>
			<nt id="s2_514" cat="pp">
				<edge label="H" idref="s2_22"/>
				<edge label="DP" idref="s2_515"/>
			</nt>
			<nt id="s2_515" cat="np">
				<edge label="DN" idref="s2_23"/>
				<edge label="H" idref="s2_24"/>
			</nt>
			<nt id="s2_516" cat="x">
				<edge label="P" idref="s2_25"/>
				<edge label="Cs" idref="s2_26"/>
			</nt>
		</nonterminals>
	</graph>
</s>

	</body>
</corpus>
