<?xml version="1.0" encoding="UTF-8"?>
<corpus>

	<body>
<s id="s1" ref="1" source="Running text" forest="1" text="simples e prático, atende o que preciso..">
	<graph root="s1_500">
		<terminals>
			<t id="s1_1" word="simples" lemma="simples" pos="adj" morph="M/F S/P" extra="jh"/>
			<t id="s1_2" word="e" lemma="e" pos="conj-c" morph="--" extra="topkc"/>
			<t id="s1_3" word="prático" lemma="prático" pos="adj" morph="M S" extra="jh"/>
			<t id="s1_4" word="," lemma="--" pos="pu" morph="--" extra="--"/>
			<t id="s1_5" word="atende" lemma="atender" pos="v-fin" morph="PR 3S IND VFIN" extra="vH fmc mv"/>
			<t id="s1_6" word="o" lemma="o" pos="pron-dem" morph="DET M S" extra="dem"/>
			<t id="s1_7" word="que" lemma="que" pos="spec" morph="M S" extra="clb clb-fs rel"/>
			<t id="s1_8" word="preciso" lemma="precisar" pos="v-fin" morph="PR 1S IND VFIN" extra="mv np-close"/>
			<t id="s1_9" word="." lemma="--" pos="pu" morph="--" extra="--"/>
			<t id="s1_10" word="." lemma="--" pos="pu" morph="--" extra="--"/>
		</terminals>

		<nonterminals>
			<nt id="s1_500" cat="s">
				<edge label="STA" idref="s1_501"/>
			</nt>
			<nt id="s1_501" cat="fcl">
				<edge label="fCs" idref="s1_1"/>
				<edge label="CO" idref="s1_2"/>
				<edge label="fCs" idref="s1_3"/>
				<edge label="PU" idref="s1_4"/>
				<edge label="P" idref="s1_5"/>
				<edge label="Od" idref="s1_6"/>
				<edge label="DN" idref="s1_502"/>
				<edge label="Od" idref="s1_7"/>
				<edge label="P" idref="s1_8"/>
				<edge label="PU" idref="s1_9"/>
				<edge label="PU" idref="s1_10"/>
			</nt>
			<nt id="s1_502" cat="fcl">
			</nt>
		</nonterminals>
	</graph>
</s>

	</body>
</corpus>
