<?xml version="1.0" encoding="UTF-8"?>
<corpus>

	<body>
<s id="s1" ref="1" source="Running text" forest="1" text="ele é muito bom, ótimo pra quem quer um aparelho que mude de roupa como gente, a câmera, embora seja básica, é muito boa para aquelas horas que você resolve tirar uma foto de algo legal.">
	<graph root="s1_500">
		<terminals>
			<t id="s1_1" word="ele" lemma="ele" pos="pron-pers" morph="M 3S NOM" extra="--"/>
			<t id="s1_2" word="é" lemma="ser" pos="v-fin" morph="PR 3S IND VFIN" extra="nosubj nosubj cjt-head cjt-head-STA vK fmc mv"/>
			<t id="s1_3" word="muito" lemma="muito" pos="adv" morph="--" extra="quant"/>
			<t id="s1_4" word="bom" lemma="bom" pos="adj" morph="M S" extra="jh"/>
			<t id="s1_5" word="," lemma="--" pos="pu" morph="--" extra="--"/>
			<t id="s1_6" word="ótimo" lemma="bom" pos="adj" morph="M S" extra="SUP np-close"/>
			<t id="s1_7" word="pra" lemma="para" pos="prp" morph="--" extra="--"/>
			<t id="s1_8" word="quem" lemma="quem" pos="spec" morph="M/F S" extra="clb clb-fs rel"/>
			<t id="s1_9" word="quer" lemma="querer" pos="v-fin" morph="PR 3S IND VFIN" extra="vH mv"/>
			<t id="s1_10" word="um" lemma="um" pos="art" morph="M S" extra="--"/>
			<t id="s1_11" word="aparelho" lemma="aparelho" pos="n" morph="M S" sem="tool" extra="--"/>
			<t id="s1_12" word="que" lemma="que" pos="conj-s" morph="--" extra="clb clb-fs"/>
			<t id="s1_13" word="mude" lemma="mudar" pos="v-fin" morph="PR 3S SUBJ VFIN" extra="mv"/>
			<t id="s1_14" word="de" lemma="de" pos="prp" morph="--" extra="--"/>
			<t id="s1_15" word="roupa" lemma="roupa" pos="n" morph="F S" sem="cloH cm mat-cloth" extra="--"/>
			<t id="s1_16" word="como" lemma="como" pos="prp" morph="--" extra="com adv-rel"/>
			<t id="s1_17" word="gente" lemma="gente" pos="n" morph="F S" sem="HH" extra="asarg"/>
			<t id="s1_18" word="," lemma="--" pos="pu" morph="--" extra="--"/>
			<t id="s1_19" word="a" lemma="o" pos="art" morph="F S" extra="--"/>
			<t id="s1_20" word="câmera" lemma="c�=mera" pos="n" morph="F S" sem="tool" extra="--"/>
			<t id="s1_21" word="," lemma="--" pos="pu" morph="--" extra="--"/>
			<t id="s1_22" word="embora" lemma="embora" pos="conj-s" morph="--" extra="clb"/>
			<t id="s1_23" word="seja" lemma="ser" pos="v-fin" morph="PR 3S SUBJ VFIN" extra="cjt-STA vK fmc mv"/>
			<t id="s1_24" word="básica" lemma="básico" pos="adj" morph="F S" extra="nh"/>
			<t id="s1_25" word="," lemma="--" pos="pu" morph="--" extra="--"/>
			<t id="s1_26" word="é" lemma="ser" pos="v-fin" morph="PR 3S IND VFIN" extra="nosubj nosubj cjt-STA vK fmc mv"/>
			<t id="s1_27" word="muito" lemma="muito" pos="adv" morph="--" extra="quant"/>
			<t id="s1_28" word="boa" lemma="bom" pos="adj" morph="F S" extra="jh"/>
			<t id="s1_29" word="para" lemma="para" pos="prp" morph="--" extra="--"/>
			<t id="s1_30" word="aquelas" lemma="aquele" pos="pron-dem" morph="DET F P" extra="dem"/>
			<t id="s1_31" word="horas" lemma="hora" pos="n" morph="F P" sem="dur temp unit" extra="--"/>
			<t id="s1_32" word="que" lemma="que" pos="spec" morph="M S" extra="clb clb-fs rel"/>
			<t id="s1_33" word="você" lemma="você" pos="pron-pers" morph="M/F 3S NOM" extra="--"/>
			<t id="s1_34" word="resolve" lemma="resolver" pos="v-fin" morph="PR 3S IND VFIN" extra="vH mv np-close"/>
			<t id="s1_35" word="tirar" lemma="tirar" pos="v-inf" morph="--" extra="vH mv"/>
			<t id="s1_36" word="uma" lemma="um" pos="art" morph="F S" extra="--"/>
			<t id="s1_37" word="foto" lemma="foto" pos="n" morph="F S" sem="pict" extra="--"/>
			<t id="s1_38" word="de" lemma="de" pos="prp" morph="--" extra="--"/>
			<t id="s1_39" word="algo" lemma="algo" pos="adv" morph="--" extra="quant det"/>
			<t id="s1_40" word="legal" lemma="legal" pos="adj" morph="M/F S" extra="nh np-close"/>
			<t id="s1_41" word="." lemma="--" pos="pu" morph="--" extra="--"/>
		</terminals>

		<nonterminals>
			<nt id="s1_500" cat="s">
				<edge label="STA" idref="s1_501"/>
			</nt>
			<nt id="s1_501" cat="par">
				<edge label="CJT" idref="s1_502"/>
				<edge label="PU" idref="s1_18"/>
				<edge label="CJT" idref="s1_511"/>
				<edge label="PU" idref="s1_25"/>
				<edge label="CJT" idref="s1_513"/>
				<edge label="PU" idref="s1_41"/>
			</nt>
			<nt id="s1_502" cat="fcl">
				<edge label="S" idref="s1_503"/>
				<edge label="P" idref="s1_2"/>
				<edge label="Cs" idref="s1_504"/>
				<edge label="PU" idref="s1_5"/>
				<edge label="fA" idref="s1_505"/>
				<edge label="Od" idref="s1_508"/>
			</nt>
			<nt id="s1_503" cat="np">
				<edge label="H" idref="s1_1"/>
				<edge label="DNc" idref="s1_6"/>
			</nt>
			<nt id="s1_504" cat="adjp">
				<edge label="DA" idref="s1_3"/>
				<edge label="H" idref="s1_4"/>
			</nt>
			<nt id="s1_505" cat="pp">
				<edge label="H" idref="s1_7"/>
				<edge label="DP" idref="s1_506"/>
			</nt>
			<nt id="s1_506" cat="fcl">
				<edge label="S" idref="s1_8"/>
				<edge label="P" idref="s1_9"/>
				<edge label="Od" idref="s1_507"/>
			</nt>
			<nt id="s1_507" cat="np">
				<edge label="DN" idref="s1_10"/>
				<edge label="H" idref="s1_11"/>
			</nt>
			<nt id="s1_508" cat="fcl">
				<edge label="SUB" idref="s1_12"/>
				<edge label="P" idref="s1_13"/>
				<edge label="Op" idref="s1_509"/>
				<edge label="fA" idref="s1_510"/>
			</nt>
			<nt id="s1_509" cat="pp">
				<edge label="H" idref="s1_14"/>
				<edge label="DP" idref="s1_15"/>
			</nt>
			<nt id="s1_510" cat="pp">
				<edge label="H" idref="s1_16"/>
				<edge label="DP" idref="s1_17"/>
			</nt>
			<nt id="s1_511" cat="fcl">
				<edge label="S" idref="s1_512"/>
				<edge label="H" idref="s1_20"/>
				<edge label="PU" idref="s1_21"/>
				<edge label="SUB" idref="s1_22"/>
				<edge label="P" idref="s1_23"/>
				<edge label="Cs" idref="s1_24"/>
			</nt>
			<nt id="s1_512" cat="np">
				<edge label="DN" idref="s1_19"/>
			</nt>
			<nt id="s1_513" cat="x">
				<edge label="P" idref="s1_26"/>
				<edge label="Cs" idref="s1_514"/>
				<edge label="Od" idref="s1_518"/>
			</nt>
			<nt id="s1_514" cat="adjp">
				<edge label="DA" idref="s1_27"/>
				<edge label="H" idref="s1_28"/>
				<edge label="DA" idref="s1_515"/>
			</nt>
			<nt id="s1_515" cat="pp">
				<edge label="H" idref="s1_29"/>
				<edge label="DP" idref="s1_516"/>
			</nt>
			<nt id="s1_516" cat="np">
				<edge label="DN" idref="s1_30"/>
				<edge label="H" idref="s1_31"/>
				<edge label="DN" idref="s1_517"/>
			</nt>
			<nt id="s1_517" cat="fcl">
				<edge label="Od" idref="s1_32"/>
				<edge label="S" idref="s1_33"/>
				<edge label="P" idref="s1_34"/>
			</nt>
			<nt id="s1_518" cat="icl">
				<edge label="P" idref="s1_35"/>
				<edge label="Od" idref="s1_519"/>
				<edge label="Op" idref="s1_38"/>
			</nt>
			<nt id="s1_519" cat="np">
				<edge label="DN" idref="s1_36"/>
				<edge label="H" idref="s1_37"/>
				<edge label="DN" idref="s1_520"/>
			</nt>
			<nt id="s1_520" cat="adjp">
				<edge label="DA" idref="s1_39"/>
				<edge label="H" idref="s1_40"/>
			</nt>
		</nonterminals>
	</graph>
</s>

<s id="s2" ref="2" source="Running text" forest="1" text="possui jogos e toques muito bons.">
	<graph root="s2_500">
		<terminals>
			<t id="s2_1" word="possui" lemma="possuir" pos="v-fin" morph="PR 3S IND VFIN" extra="vH fmc mv"/>
			<t id="s2_2" word="jogos" lemma="jogo" pos="n" morph="M P" sem="activity occ cc-h game" extra="cjt-head cjt-head-Od"/>
			<t id="s2_3" word="e" lemma="e" pos="conj-c" morph="--" extra="--"/>
			<t id="s2_4" word="toques" lemma="toque" pos="n" morph="M P" sem="act-d percep-l" extra="cjt-Od"/>
			<t id="s2_5" word="muito" lemma="muito" pos="adv" morph="--" extra="quant"/>
			<t id="s2_6" word="bons" lemma="bom" pos="adj" morph="M P" extra="jh np-close"/>
			<t id="s2_7" word="." lemma="--" pos="pu" morph="--" extra="--"/>
		</terminals>

		<nonterminals>
			<nt id="s2_500" cat="s">
				<edge label="STA" idref="s2_501"/>
			</nt>
			<nt id="s2_501" cat="fcl">
				<edge label="P" idref="s2_1"/>
				<edge label="Od" idref="s2_502"/>
				<edge label="PU" idref="s2_7"/>
			</nt>
			<nt id="s2_502" cat="par">
				<edge label="CJT" idref="s2_2"/>
				<edge label="CJT" idref="s2_503"/>
			</nt>
			<nt id="s2_503" cat="np">
				<edge label="DN" idref="s2_504"/>
				<edge label="H" idref="s2_4"/>
			</nt>
			<nt id="s2_504" cat="adjp">
				<edge label="CO" idref="s2_3"/>
				<edge label="DA" idref="s2_5"/>
				<edge label="H" idref="s2_6"/>
			</nt>
		</nonterminals>
	</graph>
</s>

<s id="s3" ref="3" source="Running text" forest="1" text="e é bem leve, pequeno e bonito.">
	<graph root="s3_500">
		<terminals>
			<t id="s3_1" word="e" lemma="e" pos="conj-c" morph="--" extra="topkc"/>
			<t id="s3_2" word="é" lemma="ser" pos="v-fin" morph="PR 3S IND VFIN" extra="vK fmc mv"/>
			<t id="s3_3" word="bem" lemma="bem" pos="adv" morph="--" extra="quant"/>
			<t id="s3_4" word="leve" lemma="leve" pos="adj" morph="M S" extra="jh"/>
			<t id="s3_5" word="," lemma="--" pos="pu" morph="--" extra="--"/>
			<t id="s3_6" word="pequeno" lemma="pequeno" pos="adj" morph="M S" extra="np-close"/>
			<t id="s3_7" word="e" lemma="e" pos="conj-c" morph="--" extra="--"/>
			<t id="s3_8" word="bonito" lemma="bonito" pos="adj" morph="M S" extra="--"/>
			<t id="s3_9" word="." lemma="--" pos="pu" morph="--" extra="--"/>
		</terminals>

		<nonterminals>
			<nt id="s3_500" cat="s">
				<edge label="STA" idref="s3_501"/>
			</nt>
			<nt id="s3_501" cat="np">
				<edge label="CO" idref="s3_1"/>
				<edge label="P" idref="s3_2"/>
				<edge label="Cs" idref="s3_502"/>
				<edge label="PU" idref="s3_5"/>
				<edge label="DNc" idref="s3_6"/>
				<edge label="fCs" idref="s3_503"/>
				<edge label="PU" idref="s3_9"/>
			</nt>
			<nt id="s3_502" cat="adjp">
				<edge label="DA" idref="s3_3"/>
				<edge label="H" idref="s3_4"/>
			</nt>
			<nt id="s3_503" cat="adjp">
				<edge label="CO" idref="s3_7"/>
				<edge label="H" idref="s3_8"/>
			</nt>
		</nonterminals>
	</graph>
</s>

<s id="s4" ref="4" source="Running text" forest="1" text="o que gostei sua capacidade de personalização pois a sua face plate é transparente e possibilita a troca de capas impressas por você, com a imagem que quiser.">
	<graph root="s4_500">
		<terminals>
			<t id="s4_1" word="o" lemma="o" pos="pron-dem" morph="DET M S" extra="dem"/>
			<t id="s4_2" word="que" lemma="que" pos="spec" morph="M S" extra="clb clb-fs rel"/>
			<t id="s4_3" word="gostei" lemma="gostar" pos="v-fin" morph="PS 1S IND VFIN" extra="vH mv np-close"/>
			<t id="s4_4" word="sua" lemma="seu" pos="pron-poss" morph="DET F S" extra="poss 3S"/>
			<t id="s4_5" word="capacidade" lemma="capacidade" pos="n" morph="F S &lt;percep-f&gt;" sem="am percep-f" extra="F S"/>
			<t id="s4_6" word="de" lemma="de" pos="prp" morph="--" extra="np-close"/>
			<t id="s4_7" word="personalização" lemma="personalização" pos="n" morph="F S" sem="act" extra="--"/>
			<t id="s4_8" word="pois" lemma="pois" pos="adv" morph="--" extra="kc"/>
			<t id="s4_9" word="a" lemma="o" pos="art" morph="F S" extra="--"/>
			<t id="s4_10" word="sua" lemma="seu" pos="pron-poss" morph="DET F S" extra="poss 3S"/>
			<t id="s4_11" word="face" lemma="face" pos="n" morph="F S" sem="anmov Lsurf am" extra="--"/>
			<t id="s4_12" word="plate" lemma="plate" pos="n" morph="M S" extra="heur"/>
			<t id="s4_13" word="é" lemma="ser" pos="v-fin" morph="PR 3S IND VFIN" extra="cjt-head cjt-head-STA vK fmc mv"/>
			<t id="s4_14" word="transparente" lemma="transparente" pos="adj" morph="M S" extra="nh"/>
			<t id="s4_15" word="e" lemma="e" pos="conj-c" morph="--" extra="--"/>
			<t id="s4_16" word="possibilita" lemma="possibilitar" pos="v-fin" morph="PR 3S IND VFIN" extra="cjt-STA fmc mv"/>
			<t id="s4_17" word="a" lemma="o" pos="art" morph="F S" extra="--"/>
			<t id="s4_18" word="troca" lemma="troca" pos="n" morph="F S" sem="act" extra="--"/>
			<t id="s4_19" word="de" lemma="de" pos="prp" morph="--" extra="np-close"/>
			<t id="s4_20" word="capas" lemma="capa" pos="n" morph="F P" sem="cloH Lcover cc-r sem-s" extra="--"/>
			<t id="s4_21" word="impressas" lemma="imprimir" pos="v-pcp" morph="F P" extra="vH jh mv np-close"/>
			<t id="s4_22" word="por" lemma="por" pos="prp" morph="--" extra="--"/>
			<t id="s4_23" word="você" lemma="você" pos="pron-pers" morph="M/F 3S NOM/PIV" extra="--"/>
			<t id="s4_24" word="," lemma="--" pos="pu" morph="--" extra="--"/>
			<t id="s4_25" word="com" lemma="com" pos="prp" morph="--" extra="np-close"/>
			<t id="s4_26" word="a" lemma="o" pos="art" morph="F S" extra="--"/>
			<t id="s4_27" word="imagem" lemma="imagem" pos="n" morph="F S" sem="pict sem-c ac-cat" extra="--"/>
			<t id="s4_28" word="que" lemma="que" pos="spec" morph="M S" extra="clb clb-fs rel"/>
			<t id="s4_29" word="quiser" lemma="querer" pos="v-fin" morph="FUT 3S SUBJ VFIN" extra="vH mv np-close"/>
			<t id="s4_30" word="." lemma="--" pos="pu" morph="--" extra="--"/>
		</terminals>

		<nonterminals>
			<nt id="s4_500" cat="s">
				<edge label="X" idref="s4_501"/>
			</nt>
			<nt id="s4_501" cat="adjp">
				<edge label="H" idref="s4_1"/>
				<edge label="DN" idref="s4_502"/>
				<edge label="S" idref="s4_2"/>
				<edge label="P" idref="s4_3"/>
				<edge label="STA" idref="s4_505"/>
				<edge label="CJT" idref="s4_506"/>
				<edge label="PU" idref="s4_30"/>
			</nt>
			<nt id="s4_502" cat="fcl">
				<edge label="CJT" idref="s4_503"/>
			</nt>
			<nt id="s4_503" cat="fcl">
				<edge label="S" idref="s4_504"/>
				<secedge label="*" idref="s4_8"/>
				<secedge label="*" idref="s4_509"/>
				<secedge label="*" idref="s4_12"/>
				<secedge label="*" idref="s4_13"/>
				<secedge label="*" idref="s4_14"/>
				<secedge label="*" idref="s4_16"/>
				<secedge label="*" idref="s4_511"/>
			</nt>
			<nt id="s4_504" cat="np">
				<edge label="DN" idref="s4_4"/>
				<edge label="H" idref="s4_5"/>
				<edge label="DN" idref="s4_508"/>
			</nt>
			<nt id="s4_505" cat="par">
			</nt>
			<nt id="s4_506" cat="fcl">
				<edge label="CJT" idref="s4_507"/>
				<edge label="CJT" idref="s4_510"/>
			</nt>
			<nt id="s4_507" cat="fcl">
				<edge label="fA" idref="s4_8"/>
				<edge label="S" idref="s4_509"/>
				<edge label="S" idref="s4_12"/>
				<edge label="P" idref="s4_13"/>
				<edge label="Cs" idref="s4_14"/>
			</nt>
			<nt id="s4_508" cat="pp">
				<edge label="H" idref="s4_6"/>
				<edge label="DP" idref="s4_7"/>
			</nt>
			<nt id="s4_509" cat="np">
				<edge label="DN" idref="s4_9"/>
				<edge label="DN" idref="s4_10"/>
				<edge label="H" idref="s4_11"/>
			</nt>
			<nt id="s4_510" cat="fcl">
				<edge label="P" idref="s4_16"/>
				<edge label="Od" idref="s4_511"/>
			</nt>
			<nt id="s4_511" cat="np">
				<edge label="DN" idref="s4_17"/>
				<edge label="H" idref="s4_18"/>
				<edge label="DN" idref="s4_512"/>
			</nt>
			<nt id="s4_512" cat="pp">
				<edge label="H" idref="s4_19"/>
				<edge label="DP" idref="s4_513"/>
			</nt>
			<nt id="s4_513" cat="np">
				<edge label="H" idref="s4_20"/>
				<edge label="DN" idref="s4_514"/>
			</nt>
			<nt id="s4_514" cat="np">
				<edge label="P" idref="s4_21"/>
				<edge label="fApass" idref="s4_515"/>
				<edge label="PU" idref="s4_24"/>
				<edge label="DNc" idref="s4_516"/>
			</nt>
			<nt id="s4_515" cat="pp">
				<edge label="H" idref="s4_22"/>
				<edge label="DP" idref="s4_23"/>
			</nt>
			<nt id="s4_516" cat="pp">
				<edge label="H" idref="s4_25"/>
				<edge label="DP" idref="s4_517"/>
			</nt>
			<nt id="s4_517" cat="np">
				<edge label="DN" idref="s4_26"/>
				<edge label="H" idref="s4_27"/>
				<edge label="DN" idref="s4_518"/>
			</nt>
			<nt id="s4_518" cat="fcl">
				<edge label="Od" idref="s4_28"/>
				<edge label="P" idref="s4_29"/>
			</nt>
		</nonterminals>
	</graph>
</s>

<s id="s5" ref="5" source="Running text" forest="1" text="o que não gostei não aceita imagens móveis como papel de parede, não tem zoom parar tirar fotos, só depois de tiradas e não tem flash..">
	<graph root="s5_500">
		<terminals>
			<t id="s5_1" word="o" lemma="o" pos="pron-dem" morph="DET M S" extra="dem"/>
			<t id="s5_2" word="que" lemma="que" pos="spec" morph="M S" extra="clb clb-fs rel"/>
			<t id="s5_3" word="não" lemma="não" pos="adv" morph="--" extra="--"/>
			<t id="s5_4" word="gostei" lemma="gostar" pos="v-fin" morph="PS 1S IND VFIN" extra="vH mv np-close"/>
			<t id="s5_5" word="não" lemma="não" pos="adv" morph="--" extra="--"/>
			<t id="s5_6" word="aceita" lemma="aceitar" pos="v-fin" morph="PR 3S IND VFIN" extra="nosubj nosubj cjt-head cjt-head-STA vH fmc mv"/>
			<t id="s5_7" word="imagens" lemma="imagem" pos="n" morph="F P" sem="pict sem-c ac-cat" extra="--"/>
			<t id="s5_8" word="móveis" lemma="móvel" pos="n" morph="M P" sem="furn ac mach" extra="--"/>
			<t id="s5_9" word="como" lemma="como" pos="adv" morph="--" extra="clb interr"/>
			<t id="s5_10" word="papel_de_parede" lemma="papel_de_parede" pos="n" morph="M S" sem="Lcover mat" extra="--"/>
			<t id="s5_11" word="," lemma="--" pos="pu" morph="--" extra="--"/>
			<t id="s5_12" word="não" lemma="não" pos="adv" morph="--" extra="--"/>
			<t id="s5_13" word="tem" lemma="ter" pos="v-fin" morph="PR 3S IND VFIN" extra="cjt-STA fmc mv"/>
			<t id="s5_14" word="zoom" lemma="zoom" pos="n" morph="M S" sem="f-q" extra="--"/>
			<t id="s5_15" word="parar" lemma="parar" pos="v-inf" morph="--" extra="mv"/>
			<t id="s5_16" word="tirar" lemma="tirar" pos="v-inf" morph="--" extra="vH mv"/>
			<t id="s5_17" word="fotos" lemma="foto" pos="n" morph="F P" sem="pict" extra="--"/>
			<t id="s5_18" word="," lemma="--" pos="pu" morph="--" extra="--"/>
			<t id="s5_19" word="só" lemma="só" pos="adv" morph="--" extra="--"/>
			<t id="s5_20" word="depois" lemma="depois" pos="adv" morph="--" extra="--"/>
			<t id="s5_21" word="de" lemma="de" pos="prp" morph="--" extra="--"/>
			<t id="s5_22" word="tiradas" lemma="tirada" pos="n" morph="F P" sem="activity sem-s per" extra="--"/>
			<t id="s5_23" word="e" lemma="e" pos="conj-c" morph="--" extra="--"/>
			<t id="s5_24" word="não" lemma="não" pos="adv" morph="--" extra="--"/>
			<t id="s5_25" word="tem" lemma="ter" pos="v-fin" morph="PR 3S IND VFIN" extra="nosubj nosubj cjt-STA fmc mv"/>
			<t id="s5_26" word="flash" lemma="flash" pos="n" morph="M S" sem="tool" extra="--"/>
			<t id="s5_27" word="." lemma="--" pos="pu" morph="--" extra="--"/>
			<t id="s5_28" word="." lemma="--" pos="pu" morph="--" extra="--"/>
		</terminals>

		<nonterminals>
			<nt id="s5_500" cat="s">
				<edge label="UTT" idref="s5_501"/>
			</nt>
			<nt id="s5_501" cat="x">
				<edge label="DN" idref="s5_504"/>
				<edge label="S" idref="s5_2"/>
				<edge label="fA" idref="s5_3"/>
				<edge label="P" idref="s5_4"/>
				<edge label="fA" idref="s5_5"/>
				<edge label="fCs" idref="s5_8"/>
				<edge label="CJT" idref="s5_505"/>
				<edge label="UTT" idref="s5_506"/>
				<edge label="P" idref="s5_15"/>
				<edge label="Od" idref="s5_507"/>
				<edge label="CJT" idref="s5_510"/>
				<edge label="PU" idref="s5_27"/>
				<edge label="PU" idref="s5_28"/>
			</nt>
			<nt id="s5_502" cat="par">
				<edge label="CJT" idref="s5_503"/>
			</nt>
			<nt id="s5_503" cat="fcl">
				<edge label="S" idref="s5_1"/>
			</nt>
			<nt id="s5_504" cat="fcl">
				<edge label="P" idref="s5_6"/>
				<edge label="Od" idref="s5_7"/>
			</nt>
			<nt id="s5_505" cat="fcl">
				<edge label="fA" idref="s5_9"/>
				<edge label="S" idref="s5_10"/>
				<edge label="PU" idref="s5_11"/>
				<edge label="fA" idref="s5_12"/>
				<edge label="P" idref="s5_13"/>
				<edge label="Od" idref="s5_14"/>
			</nt>
			<nt id="s5_506" cat="icl">
			</nt>
			<nt id="s5_507" cat="icl">
				<edge label="P" idref="s5_16"/>
				<edge label="Od" idref="s5_17"/>
				<edge label="PU" idref="s5_18"/>
				<edge label="fA" idref="s5_508"/>
			</nt>
			<nt id="s5_508" cat="advp">
				<edge label="DA" idref="s5_19"/>
				<edge label="H" idref="s5_20"/>
				<edge label="DA" idref="s5_509"/>
			</nt>
			<nt id="s5_509" cat="pp">
				<edge label="H" idref="s5_21"/>
				<edge label="DP" idref="s5_22"/>
			</nt>
			<nt id="s5_510" cat="x">
				<edge label="fA" idref="s5_24"/>
				<edge label="P" idref="s5_25"/>
				<edge label="Od" idref="s5_26"/>
			</nt>
		</nonterminals>
	</graph>
</s>

	</body>
</corpus>
