<?xml version="1.0" encoding="UTF-8"?>
<corpus>

	<body>
<s id="s1" ref="1" source="Running text" forest="1" text="troquei uma dual alcatel que era uma droga por esse aparelho que foi uma outra decepção.">
	<graph root="s1_500">
		<terminals>
			<t id="s1_1" word="troquei" lemma="trocar" pos="v-fin" morph="PS 1S IND VFIN" extra="vH fmc mv"/>
			<t id="s1_2" word="uma" lemma="um" pos="art" morph="F S" extra="--"/>
			<t id="s1_3" word="dual" lemma="dual" pos="adj" morph="M S" extra="nh"/>
			<t id="s1_4" word="alcatel" lemma="alcatel" pos="n" morph="M S" extra="heur"/>
			<t id="s1_5" word="que" lemma="que" pos="spec" morph="M S" extra="clb clb-fs rel"/>
			<t id="s1_6" word="era" lemma="ser" pos="v-fin" morph="IMPF 3S IND VFIN" extra="vK mv np-close"/>
			<t id="s1_7" word="uma" lemma="um" pos="art" morph="F S" extra="--"/>
			<t id="s1_8" word="droga" lemma="droga" pos="n" morph="F S" sem="cm-chem" extra="--"/>
			<t id="s1_9" word="por" lemma="por" pos="prp" morph="--" extra="np-close"/>
			<t id="s1_10" word="esse" lemma="esse" pos="pron-dem" morph="DET M S" extra="dem"/>
			<t id="s1_11" word="aparelho" lemma="aparelho" pos="n" morph="M S" sem="tool" extra="--"/>
			<t id="s1_12" word="que" lemma="que" pos="spec" morph="M S" extra="clb clb-fs rel"/>
			<t id="s1_13" word="foi" lemma="ser" pos="v-fin" morph="PS 3S IND VFIN" extra="vK mv np-close"/>
			<t id="s1_14" word="uma" lemma="um" pos="art" morph="F S" extra="--"/>
			<t id="s1_15" word="outra" lemma="outro" pos="pron-indef" morph="DET F S" extra="diff KOMP"/>
			<t id="s1_16" word="decepção" lemma="decepção" pos="n" morph="F S" sem="percep-w event state-h" extra="--"/>
			<t id="s1_17" word="." lemma="--" pos="pu" morph="--" extra="--"/>
		</terminals>

		<nonterminals>
			<nt id="s1_500" cat="s">
				<edge label="STA" idref="s1_501"/>
			</nt>
			<nt id="s1_501" cat="fcl">
				<edge label="P" idref="s1_1"/>
				<edge label="Od" idref="s1_502"/>
				<edge label="PU" idref="s1_17"/>
			</nt>
			<nt id="s1_502" cat="np">
				<edge label="DN" idref="s1_2"/>
				<edge label="DN" idref="s1_3"/>
				<edge label="H" idref="s1_4"/>
				<edge label="DN" idref="s1_503"/>
			</nt>
			<nt id="s1_503" cat="fcl">
				<edge label="S" idref="s1_5"/>
				<edge label="P" idref="s1_6"/>
				<edge label="Cs" idref="s1_504"/>
			</nt>
			<nt id="s1_504" cat="np">
				<edge label="DN" idref="s1_7"/>
				<edge label="H" idref="s1_8"/>
				<edge label="DN" idref="s1_505"/>
			</nt>
			<nt id="s1_505" cat="pp">
				<edge label="H" idref="s1_9"/>
				<edge label="DP" idref="s1_506"/>
			</nt>
			<nt id="s1_506" cat="np">
				<edge label="DN" idref="s1_10"/>
				<edge label="H" idref="s1_11"/>
				<edge label="DN" idref="s1_507"/>
			</nt>
			<nt id="s1_507" cat="fcl">
				<edge label="S" idref="s1_12"/>
				<edge label="P" idref="s1_13"/>
				<edge label="Cs" idref="s1_508"/>
			</nt>
			<nt id="s1_508" cat="np">
				<edge label="DN" idref="s1_14"/>
				<edge label="DN" idref="s1_15"/>
				<edge label="H" idref="s1_16"/>
			</nt>
		</nonterminals>
	</graph>
</s>

<s id="s2" ref="2" source="Running text" forest="1" text="problema de fábrica no uso de dois chips.">
	<graph root="s2_500">
		<terminals>
			<t id="s2_1" word="problema" lemma="problema" pos="n" morph="M S" sem="ac" extra="--"/>
			<t id="s2_2" word="de" lemma="de" pos="prp" morph="--" extra="np-close"/>
			<t id="s2_3" word="fábrica" lemma="fábrica" pos="n" morph="F S" sem="build" extra="--"/>
			<t id="s2_4" word="em" lemma="em" pos="prp" morph="--" extra="sam- np-close"/>
			<t id="s2_5" word="o" lemma="o" pos="art" morph="M S" extra="-sam "/>
			<t id="s2_6" word="uso" lemma="uso" pos="n" morph="M S" sem="act ac" extra="--"/>
			<t id="s2_7" word="de" lemma="de" pos="prp" morph="--" extra="np-close"/>
			<t id="s2_8" word="dois" lemma="dois" pos="num" morph="M P" extra="card"/>
			<t id="s2_9" word="chips" lemma="chip" pos="n" morph="M P" sem="cc" extra="--"/>
			<t id="s2_10" word="." lemma="--" pos="pu" morph="--" extra="--"/>
		</terminals>

		<nonterminals>
			<nt id="s2_500" cat="s">
				<edge label="X" idref="s2_501"/>
			</nt>
			<nt id="s2_501" cat="np">
				<edge label="H" idref="s2_1"/>
				<edge label="DN" idref="s2_502"/>
				<edge label="PU" idref="s2_10"/>
			</nt>
			<nt id="s2_502" cat="pp">
				<edge label="H" idref="s2_2"/>
				<edge label="DP" idref="s2_503"/>
			</nt>
			<nt id="s2_503" cat="np">
				<edge label="H" idref="s2_3"/>
				<edge label="DN" idref="s2_504"/>
			</nt>
			<nt id="s2_504" cat="pp">
				<edge label="H" idref="s2_4"/>
				<edge label="DP" idref="s2_505"/>
			</nt>
			<nt id="s2_505" cat="np">
				<edge label="DN" idref="s2_5"/>
				<edge label="H" idref="s2_6"/>
				<edge label="DN" idref="s2_506"/>
			</nt>
			<nt id="s2_506" cat="pp">
				<edge label="H" idref="s2_7"/>
				<edge label="DP" idref="s2_507"/>
			</nt>
			<nt id="s2_507" cat="np">
				<edge label="DN" idref="s2_8"/>
				<edge label="H" idref="s2_9"/>
			</nt>
		</nonterminals>
	</graph>
</s>

<s id="s3" ref="3" source="Running text" forest="1" text="basta pesquisar com quem tem.">
	<graph root="s3_500">
		<terminals>
			<t id="s3_1" word="basta" lemma="bastar" pos="v-fin" morph="PR 3S IND VFIN" extra="fmc mv"/>
			<t id="s3_2" word="pesquisar" lemma="pesquisar" pos="v-inf" morph="--" extra="vH mv"/>
			<t id="s3_3" word="com" lemma="com" pos="prp" morph="--" extra="--"/>
			<t id="s3_4" word="quem" lemma="quem" pos="spec" morph="M/F S" extra="clb clb-fs rel"/>
			<t id="s3_5" word="tem" lemma="ter" pos="v-fin" morph="PR 3S IND VFIN" extra="mv"/>
			<t id="s3_6" word="." lemma="--" pos="pu" morph="--" extra="--"/>
		</terminals>

		<nonterminals>
			<nt id="s3_500" cat="s">
				<edge label="STA" idref="s3_501"/>
			</nt>
			<nt id="s3_501" cat="fcl">
				<edge label="P" idref="s3_1"/>
				<edge label="S" idref="s3_502"/>
				<edge label="PU" idref="s3_6"/>
			</nt>
			<nt id="s3_502" cat="icl">
				<edge label="P" idref="s3_2"/>
				<edge label="fA" idref="s3_503"/>
			</nt>
			<nt id="s3_503" cat="pp">
				<edge label="H" idref="s3_3"/>
				<edge label="DP" idref="s3_504"/>
			</nt>
			<nt id="s3_504" cat="fcl">
				<edge label="S" idref="s3_4"/>
				<edge label="P" idref="s3_5"/>
			</nt>
		</nonterminals>
	</graph>
</s>

<s id="s4" ref="4" source="Running text" forest="1" text="o que gostei bateria dura bem, sinal bom.">
	<graph root="s4_500">
		<terminals>
			<t id="s4_1" word="o" lemma="o" pos="pron-dem" morph="DET M S" extra="dem"/>
			<t id="s4_2" word="que" lemma="que" pos="spec" morph="M S" extra="clb rel"/>
			<t id="s4_3" word="gostei" lemma="gostar" pos="v-fin" morph="PS 1S IND VFIN" extra="vH mv"/>
			<t id="s4_4" word="bateria" lemma="bateria" pos="n" morph="F S" sem="tool" extra="--"/>
			<t id="s4_5" word="dura" lemma="duro" pos="adj" morph="F S" extra="np-close"/>
			<t id="s4_6" word="bem" lemma="bem" pos="adv" morph="--" extra="quant"/>
			<t id="s4_7" word="," lemma="--" pos="pu" morph="--" extra="--"/>
			<t id="s4_8" word="sinal" lemma="sinal" pos="n" morph="M S" sem="percep-l percep-w ac ac-sign mon sem-r sick-c" extra="np-close"/>
			<t id="s4_9" word="bom" lemma="bom" pos="adj" morph="M S" extra="jh np-close"/>
			<t id="s4_10" word="." lemma="--" pos="pu" morph="--" extra="--"/>
		</terminals>

		<nonterminals>
			<nt id="s4_500" cat="s">
				<edge label="X" idref="s4_501"/>
			</nt>
			<nt id="s4_501" cat="adjp">
				<edge label="H" idref="s4_1"/>
				<edge label="STA" idref="s4_502"/>
				<edge label="PU" idref="s4_10"/>
			</nt>
			<nt id="s4_502" cat="fcl">
				<edge label="X" idref="s4_2"/>
				<edge label="P" idref="s4_3"/>
				<edge label="S" idref="s4_503"/>
				<edge label="fA" idref="s4_6"/>
			</nt>
			<nt id="s4_503" cat="np">
				<edge label="H" idref="s4_4"/>
				<edge label="DN" idref="s4_5"/>
				<edge label="PU" idref="s4_7"/>
				<edge label="DNc" idref="s4_504"/>
			</nt>
			<nt id="s4_504" cat="np">
				<edge label="H" idref="s4_8"/>
				<edge label="DN" idref="s4_9"/>
			</nt>
		</nonterminals>
	</graph>
</s>

<s id="s5" ref="5" source="Running text" forest="1" text="simplicidade e prático o que não gostei sérios problemas na função dual que deixa um dos chips ou as vezes ambos os chips fora de área.">
	<graph root="s5_500">
		<terminals>
			<t id="s5_1" word="simplicidade" lemma="simplicidade" pos="n" morph="F S" sem="am" extra="cjt-head cjt-head-X"/>
			<t id="s5_2" word="e" lemma="e" pos="conj-c" morph="--" extra="--"/>
			<t id="s5_3" word="prático" lemma="prático" pos="adj" morph="M S" extra="cjt-X jh"/>
			<t id="s5_4" word="o" lemma="o" pos="pron-dem" morph="DET M S" extra="cjt-X dem"/>
			<t id="s5_5" word="que" lemma="que" pos="spec" morph="M S" extra="clb clb-fs rel"/>
			<t id="s5_6" word="não" lemma="não" pos="adv" morph="--" extra="--"/>
			<t id="s5_7" word="gostei" lemma="gostar" pos="v-fin" morph="PS 1S IND VFIN" extra="vH mv np-close"/>
			<t id="s5_8" word="sérios" lemma="sério" pos="adj" morph="M P" extra="--"/>
			<t id="s5_9" word="problemas" lemma="problema" pos="n" morph="M P" sem="ac" extra="--"/>
			<t id="s5_10" word="em" lemma="em" pos="prp" morph="--" extra="sam- np-close"/>
			<t id="s5_11" word="a" lemma="o" pos="art" morph="F S" extra="-sam "/>
			<t id="s5_12" word="função" lemma="função" pos="n" morph="F S" sem="ac pos-soc occ" extra="--"/>
			<t id="s5_13" word="dual" lemma="dual" pos="adj" morph="F S" extra="nh np-close"/>
			<t id="s5_14" word="que" lemma="que" pos="spec" morph="M S" extra="clb clb-fs rel"/>
			<t id="s5_15" word="deixa" lemma="deixar" pos="v-fin" morph="PR 3S IND VFIN" extra="mv np-close"/>
			<t id="s5_16" word="um" lemma="um" pos="num" morph="M S" extra="cjt-head cjt-head-Od card"/>
			<t id="s5_17" word="de" lemma="de" pos="prp" morph="--" extra="sam- np-close"/>
			<t id="s5_18" word="os" lemma="o" pos="art" morph="M P" extra="-sam "/>
			<t id="s5_19" word="chips" lemma="chip" pos="n" morph="M P" sem="cc" extra="cjt-head cjt-head-DP"/>
			<t id="s5_20" word="ou" lemma="ou" pos="conj-c" morph="--" extra="--"/>
			<t id="s5_21" word="as" lemma="o" pos="art" morph="F P" extra="--"/>
			<t id="s5_22" word="vezes" lemma="vez" pos="n" morph="F P" sem="temp" extra="cjt-Od"/>
			<t id="s5_23" word="ambos" lemma="ambos" pos="pron-indef" morph="DET M P" extra="quant"/>
			<t id="s5_24" word="os" lemma="o" pos="art" morph="M P" extra="--"/>
			<t id="s5_25" word="chips" lemma="chip" pos="n" morph="M P" sem="cc" extra="cjt-DP"/>
			<t id="s5_26" word="fora_de" lemma="fora_de" pos="prp" morph="--" extra="--"/>
			<t id="s5_27" word="área" lemma="área" pos="n" morph="F S" sem="L Lh" extra="--"/>
			<t id="s5_28" word="." lemma="--" pos="pu" morph="--" extra="--"/>
		</terminals>

		<nonterminals>
			<nt id="s5_500" cat="s">
				<edge label="X" idref="s5_501"/>
			</nt>
			<nt id="s5_501" cat="par">
				<edge label="CJT" idref="s5_1"/>
				<edge label="CO" idref="s5_2"/>
				<edge label="CJT" idref="s5_3"/>
				<edge label="CJT" idref="s5_4"/>
				<edge label="PU" idref="s5_28"/>
			</nt>
			<nt id="s5_502" cat="fcl">
				<edge label="S" idref="s5_5"/>
				<edge label="fA" idref="s5_6"/>
				<edge label="P" idref="s5_7"/>
			</nt>
			<nt id="s5_503" cat="np">
				<edge label="DN" idref="s5_8"/>
				<edge label="H" idref="s5_9"/>
				<edge label="DN" idref="s5_504"/>
			</nt>
			<nt id="s5_504" cat="pp">
				<edge label="H" idref="s5_10"/>
				<edge label="DP" idref="s5_505"/>
			</nt>
			<nt id="s5_505" cat="np">
				<edge label="DN" idref="s5_11"/>
				<edge label="H" idref="s5_12"/>
				<edge label="DN" idref="s5_13"/>
				<edge label="DN" idref="s5_506"/>
				<edge label="DN" idref="s5_508"/>
			</nt>
			<nt id="s5_506" cat="fcl">
				<edge label="S" idref="s5_14"/>
				<edge label="P" idref="s5_15"/>
				<edge label="Od" idref="s5_507"/>
			</nt>
			<nt id="s5_507" cat="par">
				<edge label="CJT" idref="s5_16"/>
			</nt>
			<nt id="s5_508" cat="pp">
				<edge label="H" idref="s5_17"/>
				<edge label="DP" idref="s5_509"/>
				<edge label="fA" idref="s5_512"/>
			</nt>
			<nt id="s5_509" cat="par">
				<edge label="CJT" idref="s5_510"/>
				<edge label="CO" idref="s5_20"/>
				<edge label="CJT" idref="s5_511"/>
				<edge label="CJT" idref="s5_22"/>
			</nt>
			<nt id="s5_510" cat="np">
				<edge label="DN" idref="s5_18"/>
				<edge label="H" idref="s5_19"/>
			</nt>
			<nt id="s5_511" cat="np">
				<edge label="DN" idref="s5_21"/>
				<edge label="DN" idref="s5_23"/>
				<edge label="DN" idref="s5_24"/>
				<edge label="H" idref="s5_25"/>
			</nt>
			<nt id="s5_512" cat="pp">
				<edge label="H" idref="s5_26"/>
				<edge label="DP" idref="s5_27"/>
			</nt>
		</nonterminals>
	</graph>
</s>

<s id="s6" ref="6" source="Running text" forest="1" text="o telefone simplesmente &quot;trava �o sinal das operadores e é preciso as vezes ligar e desligar para voltar o sinal.">
	<graph root="s6_500">
		<terminals>
			<t id="s6_1" word="o" lemma="o" pos="art" morph="M S" extra="--"/>
			<t id="s6_2" word="telefone" lemma="telefone" pos="n" morph="M S" sem="tool" extra="--"/>
			<t id="s6_3" word="simplesmente" lemma="simplesmente" pos="adv" morph="--" extra="--"/>
			<t id="s6_4" word="&quot;" lemma="--" pos="pu" morph="--" extra="--"/>
			<t id="s6_5" word="trava" lemma="travar" pos="v-fin" morph="PR 3S IND VFIN" extra="cjt-head cjt-head-STA fmc mv"/>
			<t id="s6_6" word="&quot;" lemma="--" pos="pu" morph="--" extra="--"/>
			<t id="s6_7" word="o" lemma="o" pos="art" morph="M S" extra="--"/>
			<t id="s6_8" word="sinal" lemma="sinal" pos="n" morph="M S" sem="percep-l percep-w ac ac-sign mon sem-r sick-c" extra="--"/>
			<t id="s6_9" word="de" lemma="de" pos="prp" morph="--" extra="sam- np-close"/>
			<t id="s6_10" word="as" lemma="o" pos="art" morph="F P" extra="-sam "/>
			<t id="s6_11" word="operadores" lemma="operador" pos="n" morph="M P" sem="Hprof" extra="--"/>
			<t id="s6_12" word="e" lemma="e" pos="conj-c" morph="--" extra="--"/>
			<t id="s6_13" word="é" lemma="ser" pos="v-fin" morph="PR 3S IND VFIN" extra="nosubj nosubj cjt-STA vK fmc mv"/>
			<t id="s6_14" word="preciso" lemma="preciso" pos="adj" morph="M S" extra="nh"/>
			<t id="s6_15" word="as" lemma="o" pos="art" morph="F P" extra="--"/>
			<t id="s6_16" word="vezes" lemma="vez" pos="n" morph="F P" sem="temp" extra="--"/>
			<t id="s6_17" word="ligar" lemma="ligar" pos="v-inf" morph="3S" extra="mv np-close"/>
			<t id="s6_18" word="e" lemma="e" pos="conj-c" morph="--" extra="--"/>
			<t id="s6_19" word="desligar" lemma="desligar" pos="v-inf" morph="--" extra="vH mv np-close"/>
			<t id="s6_20" word="para" lemma="para" pos="prp" morph="--" extra="--"/>
			<t id="s6_21" word="voltar" lemma="voltar" pos="v-inf" morph="--" extra="mv"/>
			<t id="s6_22" word="o" lemma="o" pos="art" morph="M S" extra="--"/>
			<t id="s6_23" word="sinal" lemma="sinal" pos="n" morph="M S" sem="percep-l percep-w ac ac-sign mon sem-r sick-c" extra="--"/>
			<t id="s6_24" word="." lemma="--" pos="pu" morph="--" extra="--"/>
		</terminals>

		<nonterminals>
			<nt id="s6_500" cat="s">
				<edge label="STA" idref="s6_501"/>
			</nt>
			<nt id="s6_501" cat="par">
				<edge label="CJT" idref="s6_502"/>
				<edge label="CJT" idref="s6_507"/>
				<edge label="PU" idref="s6_24"/>
			</nt>
			<nt id="s6_502" cat="fcl">
				<edge label="S" idref="s6_503"/>
				<edge label="fA" idref="s6_3"/>
				<edge label="PU" idref="s6_4"/>
				<edge label="P" idref="s6_5"/>
				<edge label="PU" idref="s6_6"/>
				<edge label="Od" idref="s6_504"/>
			</nt>
			<nt id="s6_503" cat="np">
				<edge label="DN" idref="s6_1"/>
				<edge label="H" idref="s6_2"/>
			</nt>
			<nt id="s6_504" cat="np">
				<edge label="DN" idref="s6_7"/>
				<edge label="H" idref="s6_8"/>
				<edge label="DN" idref="s6_505"/>
			</nt>
			<nt id="s6_505" cat="pp">
				<edge label="H" idref="s6_9"/>
				<edge label="DP" idref="s6_506"/>
			</nt>
			<nt id="s6_506" cat="np">
				<edge label="DN" idref="s6_10"/>
				<edge label="H" idref="s6_11"/>
				<edge label="CO" idref="s6_12"/>
				<edge label="DN" idref="s6_508"/>
				<edge label="CO" idref="s6_18"/>
			</nt>
			<nt id="s6_507" cat="x">
				<edge label="P" idref="s6_13"/>
				<edge label="Cs" idref="s6_14"/>
			</nt>
			<nt id="s6_508" cat="np">
				<edge label="S" idref="s6_509"/>
				<edge label="P" idref="s6_17"/>
				<edge label="DN" idref="s6_510"/>
			</nt>
			<nt id="s6_509" cat="np">
				<edge label="DN" idref="s6_15"/>
				<edge label="H" idref="s6_16"/>
			</nt>
			<nt id="s6_510" cat="icl">
				<edge label="P" idref="s6_19"/>
				<edge label="fA" idref="s6_511"/>
			</nt>
			<nt id="s6_511" cat="pp">
				<edge label="H" idref="s6_20"/>
				<edge label="DP" idref="s6_512"/>
			</nt>
			<nt id="s6_512" cat="fcl">
				<edge label="P" idref="s6_21"/>
				<edge label="S" idref="s6_513"/>
			</nt>
			<nt id="s6_513" cat="np">
				<edge label="DN" idref="s6_22"/>
				<edge label="H" idref="s6_23"/>
			</nt>
		</nonterminals>
	</graph>
</s>

<s id="s7" ref="7" source="Running text" forest="1" text="fica- se fora de área sem saber..">
	<graph root="s7_500">
		<terminals>
			<t id="s7_1" word="fica-" lemma="ficar" pos="v-fin" morph="PR 3S IND VFIN" extra="hyfen fmc mv"/>
			<t id="s7_2" word="se" lemma="se" pos="pron-pers" morph="M/F 3S/P ACC" extra="--"/>
			<t id="s7_3" word="fora_de" lemma="fora_de" pos="prp" morph="--" extra="--"/>
			<t id="s7_4" word="área" lemma="área" pos="n" morph="F S" sem="L Lh" extra="--"/>
			<t id="s7_5" word="sem" lemma="sem" pos="prp" morph="--" extra="--"/>
			<t id="s7_6" word="saber" lemma="saber" pos="v-inf" morph="--" extra="mv"/>
			<t id="s7_7" word="." lemma="--" pos="pu" morph="--" extra="--"/>
			<t id="s7_8" word="." lemma="--" pos="pu" morph="--" extra="--"/>
		</terminals>

		<nonterminals>
			<nt id="s7_500" cat="s">
				<edge label="STA" idref="s7_501"/>
			</nt>
			<nt id="s7_501" cat="fcl">
				<edge label="P" idref="s7_1"/>
				<edge label="S" idref="s7_2"/>
				<edge label="fA" idref="s7_502"/>
				<edge label="fA" idref="s7_503"/>
				<edge label="PU" idref="s7_7"/>
				<edge label="PU" idref="s7_8"/>
			</nt>
			<nt id="s7_502" cat="pp">
				<edge label="H" idref="s7_3"/>
				<edge label="DP" idref="s7_4"/>
			</nt>
			<nt id="s7_503" cat="pp">
				<edge label="H" idref="s7_5"/>
				<edge label="DP" idref="s7_6"/>
			</nt>
		</nonterminals>
	</graph>
</s>

	</body>
</corpus>
