<?xml version="1.0" encoding="UTF-8"?>
<corpus>

	<body>
<s id="s1" ref="1" source="Running text" forest="1" text="eu acho esse produto um espetáculo, muito bom.">
	<graph root="s1_500">
		<terminals>
			<t id="s1_1" word="eu" lemma="eu" pos="pron-pers" morph="M/F 1S NOM" extra="--"/>
			<t id="s1_2" word="acho" lemma="achar" pos="v-fin" morph="PR 1S IND VFIN" extra="vH fmc mv"/>
			<t id="s1_3" word="esse" lemma="esse" pos="pron-dem" morph="DET M S" extra="dem"/>
			<t id="s1_4" word="produto" lemma="produto" pos="n" morph="M S" sem="cc-h mon ac-cat" extra="--"/>
			<t id="s1_5" word="um" lemma="um" pos="art" morph="M S" extra="--"/>
			<t id="s1_6" word="espetáculo" lemma="espetáculo" pos="n" morph="M S" sem="sem-w" extra="--"/>
			<t id="s1_7" word="," lemma="--" pos="pu" morph="--" extra="--"/>
			<t id="s1_8" word="muito" lemma="muito" pos="adv" morph="--" extra="quant"/>
			<t id="s1_9" word="bom" lemma="bom" pos="adj" morph="M S" extra="jh np-close"/>
			<t id="s1_10" word="." lemma="--" pos="pu" morph="--" extra="--"/>
		</terminals>

		<nonterminals>
			<nt id="s1_500" cat="s">
				<edge label="STA" idref="s1_501"/>
			</nt>
			<nt id="s1_501" cat="fcl">
				<edge label="S" idref="s1_1"/>
				<edge label="P" idref="s1_2"/>
				<edge label="Od" idref="s1_502"/>
				<edge label="Co" idref="s1_503"/>
				<edge label="PU" idref="s1_10"/>
			</nt>
			<nt id="s1_502" cat="np">
				<edge label="DN" idref="s1_3"/>
				<edge label="H" idref="s1_4"/>
			</nt>
			<nt id="s1_503" cat="np">
				<edge label="DN" idref="s1_5"/>
				<edge label="H" idref="s1_6"/>
				<edge label="PU" idref="s1_7"/>
				<edge label="DNc" idref="s1_504"/>
			</nt>
			<nt id="s1_504" cat="adjp">
				<edge label="DA" idref="s1_8"/>
				<edge label="H" idref="s1_9"/>
			</nt>
		</nonterminals>
	</graph>
</s>

<s id="s2" ref="2" source="Running text" forest="1" text="ótimo design etc.">
	<graph root="s2_500">
		<terminals>
			<t id="s2_1" word="ótimo" lemma="bom" pos="adj" morph="M S" extra="SUP jh"/>
			<t id="s2_2" word="design" lemma="design" pos="n" morph="M S" sem="percep-f domain" extra="--"/>
			<t id="s2_3" word="etc" lemma="etc" pos="adv" morph="--" extra="--"/>
			<t id="s2_4" word="." lemma="--" pos="pu" morph="--" extra="--"/>
		</terminals>

		<nonterminals>
			<nt id="s2_500" cat="s">
				<edge label="X" idref="s2_501"/>
			</nt>
			<nt id="s2_501" cat="np">
				<edge label="DN" idref="s2_1"/>
				<edge label="H" idref="s2_2"/>
				<edge label="fA" idref="s2_3"/>
				<edge label="PU" idref="s2_4"/>
			</nt>
		</nonterminals>
	</graph>
</s>

<s id="s3" ref="3" source="Running text" forest="1" text="recomendo a todos, com ele você fica ligado a tudo, number horas.">
	<graph root="s3_500">
		<terminals>
			<t id="s3_1" word="recomendo" lemma="recomendar" pos="v-fin" morph="PR 1S IND VFIN" extra="nosubj nosubj cjt-head cjt-head-STA vH fmc mv"/>
			<t id="s3_2" word="a" lemma="a" pos="prp" morph="--" extra="--"/>
			<t id="s3_3" word="todos" lemma="todo" pos="pron-indef" morph="DET M P" extra="quant"/>
			<t id="s3_4" word="," lemma="--" pos="pu" morph="--" extra="--"/>
			<t id="s3_5" word="com" lemma="com" pos="prp" morph="--" extra="--"/>
			<t id="s3_6" word="ele" lemma="ele" pos="pron-pers" morph="M 3S NOM/PIV" extra="--"/>
			<t id="s3_7" word="você" lemma="você" pos="pron-pers" morph="M 3S NOM" extra="--"/>
			<t id="s3_8" word="fica" lemma="ficar" pos="v-fin" morph="PR 3S IND VFIN" extra="cjt-STA vK fmc mv"/>
			<t id="s3_9" word="ligado" lemma="ligar" pos="v-pcp" morph="M S" extra="mv"/>
			<t id="s3_10" word="a" lemma="a" pos="prp" morph="--" extra="--"/>
			<t id="s3_11" word="tudo" lemma="tudo" pos="spec" morph="M S" extra="quant"/>
			<t id="s3_12" word="," lemma="--" pos="pu" morph="--" extra="--"/>
			<t id="s3_13" word="number" lemma="number" pos="v-inf" morph="--" extra="heur mv"/>
			<t id="s3_14" word="horas" lemma="hora" pos="n" morph="F P" sem="dur temp unit" extra="--"/>
			<t id="s3_15" word="." lemma="--" pos="pu" morph="--" extra="--"/>
		</terminals>

		<nonterminals>
			<nt id="s3_500" cat="s">
				<edge label="STA" idref="s3_501"/>
			</nt>
			<nt id="s3_501" cat="par">
				<edge label="CJT" idref="s3_502"/>
				<edge label="PU" idref="s3_4"/>
				<edge label="CJT" idref="s3_504"/>
				<edge label="PU" idref="s3_15"/>
			</nt>
			<nt id="s3_502" cat="fcl">
				<edge label="P" idref="s3_1"/>
				<edge label="fA" idref="s3_503"/>
			</nt>
			<nt id="s3_503" cat="pp">
				<edge label="H" idref="s3_2"/>
				<edge label="DP" idref="s3_3"/>
			</nt>
			<nt id="s3_504" cat="fcl">
				<edge label="fA" idref="s3_505"/>
				<edge label="S" idref="s3_7"/>
				<edge label="P" idref="s3_8"/>
				<edge label="Cs" idref="s3_506"/>
			</nt>
			<nt id="s3_505" cat="pp">
				<edge label="H" idref="s3_5"/>
				<edge label="DP" idref="s3_6"/>
			</nt>
			<nt id="s3_506" cat="icl">
				<edge label="P" idref="s3_9"/>
				<edge label="Op" idref="s3_507"/>
				<edge label="PU" idref="s3_12"/>
				<edge label="UTT" idref="s3_508"/>
			</nt>
			<nt id="s3_507" cat="pp">
				<edge label="H" idref="s3_10"/>
				<edge label="DP" idref="s3_11"/>
			</nt>
			<nt id="s3_508" cat="icl">
				<edge label="P" idref="s3_13"/>
				<edge label="Od" idref="s3_14"/>
			</nt>
		</nonterminals>
	</graph>
</s>

<s id="s4" ref="4" source="Running text" forest="1" text="ótimo, sinceramente um show esse galaxy s2.">
	<graph root="s4_500">
		<terminals>
			<t id="s4_1" word="ótimo" lemma="bom" pos="adj" morph="M S" extra="SUP jh"/>
			<t id="s4_2" word="," lemma="--" pos="pu" morph="--" extra="--"/>
			<t id="s4_3" word="sinceramente" lemma="sinceramente" pos="adv" morph="--" extra="jh"/>
			<t id="s4_4" word="um" lemma="um" pos="art" morph="M S" extra="--"/>
			<t id="s4_5" word="show" lemma="show" pos="n" morph="M S" sem="occ" extra="cjt-head cjt-head-X"/>
			<t id="s4_6" word="esse" lemma="esse" pos="pron-dem" morph="DET M S" extra="dem"/>
			<t id="s4_7" word="galaxy" lemma="galaxy" pos="n" morph="M S" extra="cjt-X foreign heur"/>
			<t id="s4_8" word="s2" lemma="s2" pos="n" morph="M/F S" extra="cjt-X foreign"/>
			<t id="s4_9" word="." lemma="--" pos="pu" morph="--" extra="--"/>
		</terminals>

		<nonterminals>
			<nt id="s4_500" cat="s">
				<edge label="UTT" idref="s4_501"/>
			</nt>
			<nt id="s4_501" cat="x">
				<edge label="fCs" idref="s4_1"/>
				<edge label="PU" idref="s4_2"/>
				<edge label="fA" idref="s4_502"/>
				<edge label="H" idref="s4_3"/>
				<edge label="X" idref="s4_503"/>
				<edge label="PU" idref="s4_9"/>
			</nt>
			<nt id="s4_502" cat="advp">
			</nt>
			<nt id="s4_503" cat="par">
				<edge label="CJT" idref="s4_504"/>
				<edge label="CJT" idref="s4_505"/>
				<edge label="CJT" idref="s4_8"/>
			</nt>
			<nt id="s4_504" cat="np">
				<edge label="DN" idref="s4_4"/>
				<edge label="H" idref="s4_5"/>
			</nt>
			<nt id="s4_505" cat="np">
				<edge label="DN" idref="s4_6"/>
				<edge label="H" idref="s4_7"/>
			</nt>
		</nonterminals>
	</graph>
</s>

	</body>
</corpus>
