<?xml version="1.0" encoding="UTF-8"?>
<corpus>

	<body>
<s id="s1" ref="1" source="Running text" forest="1" text="o galaxy s4 é um smartphone android da samsung.">
	<graph root="s1_500">
		<terminals>
			<t id="s1_1" word="o" lemma="o" pos="art" morph="M S" extra="--"/>
			<t id="s1_2" word="galaxy" lemma="galaxy" pos="n" morph="M S" extra="foreign heur"/>
			<t id="s1_3" word="s4" lemma="s4" pos="n" morph="M S" extra="foreign"/>
			<t id="s1_4" word="é" lemma="ser" pos="v-fin" morph="PR 3S IND VFIN" extra="vK fmc mv"/>
			<t id="s1_5" word="um" lemma="um" pos="art" morph="M S" extra="--"/>
			<t id="s1_6" word="smartphone" lemma="smartphone" pos="n" morph="M S" extra="heur foreign"/>
			<t id="s1_7" word="android" lemma="android" pos="n" morph="M S" extra="foreign heur"/>
			<t id="s1_8" word="de" lemma="de" pos="prp" morph="--" extra="sam- np-close"/>
			<t id="s1_9" word="a" lemma="o" pos="art" morph="F S" extra="-sam "/>
			<t id="s1_10" word="samsung" lemma="samsung" pos="n" morph="F S" extra="heur"/>
			<t id="s1_11" word="." lemma="--" pos="pu" morph="--" extra="--"/>
		</terminals>

		<nonterminals>
			<nt id="s1_500" cat="s">
				<edge label="STA" idref="s1_501"/>
			</nt>
			<nt id="s1_501" cat="fcl">
				<edge label="S" idref="s1_502"/>
				<edge label="S" idref="s1_3"/>
				<edge label="P" idref="s1_4"/>
				<edge label="Cs" idref="s1_503"/>
				<edge label="fCs" idref="s1_504"/>
				<edge label="PU" idref="s1_11"/>
			</nt>
			<nt id="s1_502" cat="np">
				<edge label="DN" idref="s1_1"/>
				<edge label="H" idref="s1_2"/>
			</nt>
			<nt id="s1_503" cat="np">
				<edge label="DN" idref="s1_5"/>
				<edge label="H" idref="s1_6"/>
			</nt>
			<nt id="s1_504" cat="np">
				<edge label="H" idref="s1_7"/>
				<edge label="DN" idref="s1_505"/>
			</nt>
			<nt id="s1_505" cat="pp">
				<edge label="H" idref="s1_8"/>
				<edge label="DP" idref="s1_506"/>
			</nt>
			<nt id="s1_506" cat="np">
				<edge label="DN" idref="s1_9"/>
				<edge label="H" idref="s1_10"/>
			</nt>
		</nonterminals>
	</graph>
</s>

<s id="s2" ref="2" source="Running text" forest="1" text="entre os destaques do s4 estão a tela full hd de number polegadas, com resolução de number ex number pixels, e compatibilidade com a rede 4g brasileira.">
	<graph root="s2_500">
		<terminals>
			<t id="s2_1" word="entre" lemma="entre" pos="prp" morph="--" extra="--"/>
			<t id="s2_2" word="os" lemma="o" pos="art" morph="M P" extra="--"/>
			<t id="s2_3" word="destaques" lemma="destaque" pos="n" morph="M P" sem="act" extra="--"/>
			<t id="s2_4" word="de" lemma="de" pos="prp" morph="--" extra="sam- np-close"/>
			<t id="s2_5" word="o" lemma="o" pos="art" morph="M S" extra="-sam "/>
			<t id="s2_6" word="s4" lemma="s4" pos="n" morph="M S" extra="foreign"/>
			<t id="s2_7" word="estão" lemma="estar" pos="v-fin" morph="PR 3P IND VFIN" extra="fmc mv"/>
			<t id="s2_8" word="a" lemma="o" pos="art" morph="F S" extra="--"/>
			<t id="s2_9" word="tela" lemma="tela" pos="n" morph="F S" sem="cc-h pict mat-cloth" extra="cjt-head cjt-head-S"/>
			<t id="s2_10" word="full" lemma="full" pos="n" morph="M S" extra="cjt-S foreign heur"/>
			<t id="s2_11" word="hd" lemma="hd" pos="n" morph="M/F S" extra="cjt-S foreign"/>
			<t id="s2_12" word="de" lemma="de" pos="prp" morph="--" extra="np-close"/>
			<t id="s2_13" word="number" lemma="number" pos="v-inf" morph="--" extra="heur mv"/>
			<t id="s2_14" word="polegadas" lemma="polegada" pos="n" morph="F P" sem="unit" extra="--"/>
			<t id="s2_15" word="," lemma="--" pos="pu" morph="--" extra="--"/>
			<t id="s2_16" word="com" lemma="com" pos="prp" morph="--" extra="--"/>
			<t id="s2_17" word="resolução" lemma="resolução" pos="n" morph="F S" sem="act" extra="--"/>
			<t id="s2_18" word="de" lemma="de" pos="prp" morph="--" extra="np-close"/>
			<t id="s2_19" word="number" lemma="number" pos="n" morph="M S" extra="heur"/>
			<t id="s2_20" word="ex" lemma="ex" pos="n" morph="M/F S" extra="foreign"/>
			<t id="s2_21" word="number" lemma="number" pos="v-inf" morph="3S" extra="heur mv"/>
			<t id="s2_22" word="pixels" lemma="pixel" pos="n" morph="M P" sem="unit" extra="cjt-head cjt-head-Od"/>
			<t id="s2_23" word="," lemma="--" pos="pu" morph="--" extra="--"/>
			<t id="s2_24" word="e" lemma="e" pos="conj-c" morph="--" extra="--"/>
			<t id="s2_25" word="compatibilidade" lemma="compatibilidade" pos="n" morph="F S" sem="percep-f" extra="cjt-Od"/>
			<t id="s2_26" word="com" lemma="com" pos="prp" morph="--" extra="np-close"/>
			<t id="s2_27" word="a" lemma="o" pos="art" morph="F S" extra="--"/>
			<t id="s2_28" word="rede" lemma="rede" pos="n" morph="F S" sem="con HH furn Lh coll-sem" extra="--"/>
			<t id="s2_29" word="4g" lemma="4g" pos="num" morph="F P" extra="card"/>
			<t id="s2_30" word="brasileira" lemma="brasileira" pos="n" morph="F P" sem="Hnat" extra="np-close"/>
			<t id="s2_31" word="." lemma="--" pos="pu" morph="--" extra="--"/>
		</terminals>

		<nonterminals>
			<nt id="s2_500" cat="s">
				<edge label="STA" idref="s2_501"/>
			</nt>
			<nt id="s2_501" cat="fcl">
				<edge label="fA" idref="s2_502"/>
				<edge label="P" idref="s2_7"/>
				<edge label="S" idref="s2_506"/>
				<edge label="Od" idref="s2_14"/>
				<edge label="PU" idref="s2_31"/>
			</nt>
			<nt id="s2_502" cat="pp">
				<edge label="H" idref="s2_1"/>
				<edge label="DP" idref="s2_503"/>
			</nt>
			<nt id="s2_503" cat="np">
				<edge label="DN" idref="s2_2"/>
				<edge label="H" idref="s2_3"/>
				<edge label="DN" idref="s2_504"/>
			</nt>
			<nt id="s2_504" cat="pp">
				<edge label="H" idref="s2_4"/>
				<edge label="DP" idref="s2_505"/>
			</nt>
			<nt id="s2_505" cat="np">
				<edge label="DN" idref="s2_5"/>
				<edge label="H" idref="s2_6"/>
			</nt>
			<nt id="s2_506" cat="par">
				<edge label="CJT" idref="s2_507"/>
				<edge label="CJT" idref="s2_10"/>
				<edge label="CJT" idref="s2_508"/>
			</nt>
			<nt id="s2_507" cat="np">
				<edge label="DN" idref="s2_8"/>
				<edge label="H" idref="s2_9"/>
			</nt>
			<nt id="s2_508" cat="np">
				<edge label="H" idref="s2_11"/>
				<edge label="DN" idref="s2_509"/>
			</nt>
			<nt id="s2_509" cat="pp">
				<edge label="H" idref="s2_12"/>
				<edge label="DP" idref="s2_510"/>
			</nt>
			<nt id="s2_510" cat="icl">
				<edge label="P" idref="s2_13"/>
				<edge label="PU" idref="s2_15"/>
				<edge label="fA" idref="s2_511"/>
				<edge label="Od" idref="s2_514"/>
			</nt>
			<nt id="s2_511" cat="pp">
				<edge label="H" idref="s2_16"/>
				<edge label="DP" idref="s2_512"/>
			</nt>
			<nt id="s2_512" cat="np">
				<edge label="H" idref="s2_17"/>
				<edge label="DN" idref="s2_513"/>
			</nt>
			<nt id="s2_513" cat="pp">
				<edge label="H" idref="s2_18"/>
				<edge label="DP" idref="s2_19"/>
			</nt>
			<nt id="s2_514" cat="fcl">
				<edge label="S" idref="s2_20"/>
				<edge label="P" idref="s2_21"/>
				<edge label="Od" idref="s2_515"/>
			</nt>
			<nt id="s2_515" cat="par">
				<edge label="CJT" idref="s2_22"/>
				<edge label="PU" idref="s2_23"/>
				<edge label="CJT" idref="s2_516"/>
			</nt>
			<nt id="s2_516" cat="np">
				<edge label="DN" idref="s2_517"/>
				<edge label="H" idref="s2_25"/>
				<edge label="-DN" idref="s2_26"/>
			</nt>
			<nt id="s2_517" cat="pp">
				<edge label="CO" idref="s2_24"/>
				<edge label="DP" idref="s2_518"/>
			</nt>
			<nt id="s2_518" cat="np">
				<edge label="DN" idref="s2_27"/>
				<edge label="H" idref="s2_28"/>
				<edge label="DNapp" idref="s2_519"/>
			</nt>
			<nt id="s2_519" cat="np">
				<edge label="DN" idref="s2_29"/>
				<edge label="H" idref="s2_30"/>
			</nt>
		</nonterminals>
	</graph>
</s>

<s id="s3" ref="3" source="Running text" forest="1" text="há duas opções de hardware uma com processador octa- core de number, number ghz e outra com quad- core de number, number ghz, ambas com number gigabytes de ram.">
	<graph root="s3_500">
		<terminals>
			<t id="s3_1" word="há" lemma="haver" pos="v-fin" morph="PR 3S IND VFIN" extra="predco predco predco predco fmc mv"/>
			<t id="s3_2" word="duas" lemma="dois" pos="num" morph="F P" extra="card"/>
			<t id="s3_3" word="opções" lemma="opção" pos="n" morph="F P" sem="sem-c" extra="--"/>
			<t id="s3_4" word="de" lemma="de" pos="prp" morph="--" extra="np-close"/>
			<t id="s3_5" word="hardware" lemma="hardware" pos="n" morph="M S" sem="cm" extra="--"/>
			<t id="s3_6" word="uma" lemma="uma" pos="num" morph="F S" extra="card"/>
			<t id="s3_7" word="com" lemma="com" pos="prp" morph="--" extra="--"/>
			<t id="s3_8" word="processador" lemma="processador" pos="n" morph="M S" sem="mach" extra="--"/>
			<t id="s3_9" word="octa-" lemma="octo" pos="adj" morph="F S" extra="hyfen heur np-close"/>
			<t id="s3_10" word="core" lemma="corar" pos="v-fin" morph="PR 1/3S SUBJ VFIN" extra="nosubj nosubj cjt-STA vH fmc mv"/>
			<t id="s3_11" word="de" lemma="de" pos="prp" morph="--" extra="--"/>
			<t id="s3_12" word="number" lemma="number" pos="n" morph="M S" extra="cjt-head cjt-head-DP heur"/>
			<t id="s3_13" word="," lemma="--" pos="pu" morph="--" extra="--"/>
			<t id="s3_14" word="number" lemma="number" pos="n" morph="M S" extra="cjt-DP heur np-close"/>
			<t id="s3_15" word="ghz" lemma="ghz" pos="n" morph="M S" extra="cjt-DP foreign heur"/>
			<t id="s3_16" word="e" lemma="e" pos="conj-c" morph="--" extra="--"/>
			<t id="s3_17" word="outra" lemma="outro" pos="pron-indef" morph="DET F S" extra="cjt-DP diff KOMP"/>
			<t id="s3_18" word="com" lemma="com" pos="prp" morph="--" extra="--"/>
			<t id="s3_19" word="quad-" lemma="quad" pos="n" morph="M S" extra="hyfen heur"/>
			<t id="s3_20" word="core" lemma="corar" pos="v-fin" morph="PR 1/3S SUBJ VFIN" extra="nosubj nosubj cjt-STA vH fmc mv"/>
			<t id="s3_21" word="de" lemma="de" pos="prp" morph="--" extra="--"/>
			<t id="s3_22" word="number" lemma="number" pos="n" morph="M S" extra="heur"/>
			<t id="s3_23" word="," lemma="--" pos="pu" morph="--" extra="--"/>
			<t id="s3_24" word="number" lemma="number" pos="n" morph="M S" extra="heur np-close"/>
			<t id="s3_25" word="ghz" lemma="ghz" pos="n" morph="M S" extra="cjt-head cjt-head-Od foreign heur"/>
			<t id="s3_26" word="," lemma="--" pos="pu" morph="--" extra="--"/>
			<t id="s3_27" word="ambas" lemma="ambos" pos="pron-indef" morph="DET F P" extra="cjt-Od quant"/>
			<t id="s3_28" word="com" lemma="com" pos="prp" morph="--" extra="--"/>
			<t id="s3_29" word="number" lemma="number" pos="n" morph="M S" extra="heur"/>
			<t id="s3_30" word="gigabytes" lemma="gigabyte" pos="n" morph="M P" sem="unit" extra="cjt-Od DERP"/>
			<t id="s3_31" word="de" lemma="de" pos="prp" morph="--" extra="np-close"/>
			<t id="s3_32" word="ram" lemma="ram" pos="n" morph="M S" extra="heur"/>
			<t id="s3_33" word="." lemma="--" pos="pu" morph="--" extra="--"/>
		</terminals>

		<nonterminals>
			<nt id="s3_500" cat="s">
				<edge label="STA" idref="s3_501"/>
			</nt>
			<nt id="s3_501" cat="fcl">
				<edge label="X" idref="s3_502"/>
				<edge label="PU" idref="s3_33"/>
			</nt>
			<nt id="s3_502" cat="par">
				<edge label="CJT" idref="s3_503"/>
				<edge label="CJT" idref="s3_508"/>
				<edge label="CJT" idref="s3_512"/>
			</nt>
			<nt id="s3_503" cat="x">
				<edge label="P" idref="s3_1"/>
				<edge label="Od" idref="s3_504"/>
				<edge label="S" idref="s3_6"/>
				<edge label="fA" idref="s3_506"/>
			</nt>
			<nt id="s3_504" cat="np">
				<edge label="DN" idref="s3_2"/>
				<edge label="H" idref="s3_3"/>
				<edge label="DN" idref="s3_505"/>
			</nt>
			<nt id="s3_505" cat="pp">
				<edge label="H" idref="s3_4"/>
				<edge label="DP" idref="s3_5"/>
			</nt>
			<nt id="s3_506" cat="pp">
				<edge label="H" idref="s3_7"/>
				<edge label="DP" idref="s3_507"/>
			</nt>
			<nt id="s3_507" cat="np">
				<edge label="H" idref="s3_8"/>
				<edge label="DN" idref="s3_9"/>
			</nt>
			<nt id="s3_508" cat="x">
				<edge label="P" idref="s3_10"/>
				<edge label="fA" idref="s3_509"/>
				<edge label="fA" idref="s3_511"/>
			</nt>
			<nt id="s3_509" cat="pp">
				<edge label="H" idref="s3_11"/>
				<edge label="DP" idref="s3_510"/>
			</nt>
			<nt id="s3_510" cat="par">
				<edge label="CJT" idref="s3_12"/>
				<edge label="PU" idref="s3_13"/>
				<edge label="CJT" idref="s3_14"/>
				<edge label="CJT" idref="s3_15"/>
				<edge label="CO" idref="s3_16"/>
				<edge label="CJT" idref="s3_17"/>
			</nt>
			<nt id="s3_511" cat="pp">
				<edge label="H" idref="s3_18"/>
				<edge label="DP" idref="s3_19"/>
			</nt>
			<nt id="s3_512" cat="x">
				<edge label="P" idref="s3_20"/>
				<edge label="fA" idref="s3_513"/>
				<edge label="Od" idref="s3_515"/>
				<edge label="fA" idref="s3_516"/>
			</nt>
			<nt id="s3_513" cat="pp">
				<edge label="H" idref="s3_21"/>
				<edge label="DP" idref="s3_514"/>
			</nt>
			<nt id="s3_514" cat="np">
				<edge label="H" idref="s3_22"/>
				<edge label="PU" idref="s3_23"/>
				<edge label="DNc" idref="s3_24"/>
			</nt>
			<nt id="s3_515" cat="par">
				<edge label="CJT" idref="s3_25"/>
				<edge label="PU" idref="s3_26"/>
				<edge label="CJT" idref="s3_27"/>
			</nt>
			<nt id="s3_516" cat="pp">
				<edge label="H" idref="s3_28"/>
				<edge label="DP" idref="s3_29"/>
				<edge label="CJT" idref="s3_517"/>
			</nt>
			<nt id="s3_517" cat="np">
				<edge label="H" idref="s3_30"/>
				<edge label="DN" idref="s3_518"/>
			</nt>
			<nt id="s3_518" cat="pp">
				<edge label="H" idref="s3_31"/>
				<edge label="DP" idref="s3_32"/>
			</nt>
		</nonterminals>
	</graph>
</s>

<s id="s4" ref="4" source="Running text" forest="1" text="as especificações do galaxy s4 rodam o android number.">
	<graph root="s4_500">
		<terminals>
			<t id="s4_1" word="as" lemma="o" pos="art" morph="F P" extra="--"/>
			<t id="s4_2" word="especificações" lemma="especificação" pos="n" morph="F P" sem="act" extra="--"/>
			<t id="s4_3" word="de" lemma="de" pos="prp" morph="--" extra="sam- np-close"/>
			<t id="s4_4" word="o" lemma="o" pos="art" morph="M S" extra="-sam "/>
			<t id="s4_5" word="galaxy" lemma="galaxy" pos="n" morph="M S" extra="foreign heur"/>
			<t id="s4_6" word="s4" lemma="s4" pos="n" morph="M/F S" extra="foreign"/>
			<t id="s4_7" word="rodam" lemma="rodar" pos="v-fin" morph="PR 3P IND VFIN" extra="fmc mv"/>
			<t id="s4_8" word="o" lemma="o" pos="art" morph="M S" extra="--"/>
			<t id="s4_9" word="android" lemma="android" pos="n" morph="M S" extra="foreign heur"/>
			<t id="s4_10" word="number" lemma="number" pos="v-inf" morph="--" extra="heur mv"/>
			<t id="s4_11" word="." lemma="--" pos="pu" morph="--" extra="--"/>
		</terminals>

		<nonterminals>
			<nt id="s4_500" cat="s">
				<edge label="STA" idref="s4_501"/>
			</nt>
			<nt id="s4_501" cat="fcl">
				<edge label="S" idref="s4_502"/>
				<edge label="S" idref="s4_6"/>
				<edge label="P" idref="s4_7"/>
				<edge label="Od" idref="s4_505"/>
				<edge label="UTT" idref="s4_10"/>
				<edge label="PU" idref="s4_11"/>
			</nt>
			<nt id="s4_502" cat="np">
				<edge label="DN" idref="s4_1"/>
				<edge label="H" idref="s4_2"/>
				<edge label="DN" idref="s4_503"/>
			</nt>
			<nt id="s4_503" cat="pp">
				<edge label="H" idref="s4_3"/>
				<edge label="DP" idref="s4_504"/>
			</nt>
			<nt id="s4_504" cat="np">
				<edge label="DN" idref="s4_4"/>
				<edge label="H" idref="s4_5"/>
			</nt>
			<nt id="s4_505" cat="np">
				<edge label="DN" idref="s4_8"/>
				<edge label="H" idref="s4_9"/>
			</nt>
		</nonterminals>
	</graph>
</s>

<s id="s5" ref="5" source="Running text" forest="1" text="number jelly bean com fluidez.">
	<graph root="s5_500">
		<terminals>
			<t id="s5_1" word="number" lemma="number" pos="n" morph="M S" extra="cjt-head cjt-head-X heur"/>
			<t id="s5_2" word="jelly" lemma="jelly" pos="n" morph="M S" extra="cjt-X foreign heur"/>
			<t id="s5_3" word="bean" lemma="bean" pos="n" morph="M S" extra="cjt-X heur"/>
			<t id="s5_4" word="com" lemma="com" pos="prp" morph="--" extra="np-close"/>
			<t id="s5_5" word="fluidez" lemma="fluidez" pos="n" morph="F S" sem="am" extra="--"/>
			<t id="s5_6" word="." lemma="--" pos="pu" morph="--" extra="--"/>
		</terminals>

		<nonterminals>
			<nt id="s5_500" cat="s">
				<edge label="X" idref="s5_501"/>
			</nt>
			<nt id="s5_501" cat="par">
				<edge label="CJT" idref="s5_1"/>
				<edge label="CJT" idref="s5_2"/>
				<edge label="CJT" idref="s5_502"/>
				<edge label="PU" idref="s5_6"/>
			</nt>
			<nt id="s5_502" cat="np">
				<edge label="H" idref="s5_3"/>
				<edge label="DN" idref="s5_503"/>
			</nt>
			<nt id="s5_503" cat="pp">
				<edge label="H" idref="s5_4"/>
				<edge label="DP" idref="s5_5"/>
			</nt>
		</nonterminals>
	</graph>
</s>

<s id="s6" ref="6" source="Running text" forest="1" text="há versões com number, number ou number gigabytes de armazenamento, expansível com microsd de até number gigabytes.">
	<graph root="s6_500">
		<terminals>
			<t id="s6_1" word="há" lemma="haver" pos="v-fin" morph="PR 3S IND VFIN" extra="fmc mv"/>
			<t id="s6_2" word="versões" lemma="versão" pos="n" morph="F P" sem="meta sem-r" extra="--"/>
			<t id="s6_3" word="com" lemma="com" pos="prp" morph="--" extra="np-close"/>
			<t id="s6_4" word="number" lemma="number" pos="v-inf" morph="--" extra="cjt-head cjt-head-DP heur mv"/>
			<t id="s6_5" word="," lemma="--" pos="pu" morph="--" extra="--"/>
			<t id="s6_6" word="number" lemma="number" pos="n" morph="M S" extra="heur"/>
			<t id="s6_7" word="ou" lemma="ou" pos="conj-c" morph="--" extra="--"/>
			<t id="s6_8" word="number" lemma="number" pos="v-inf" morph="--" extra="cjt-DP heur mv"/>
			<t id="s6_9" word="gigabytes" lemma="gigabyte" pos="n" morph="M P" sem="unit" extra="cjt-head cjt-head-Od DERP"/>
			<t id="s6_10" word="de" lemma="de" pos="prp" morph="--" extra="np-close"/>
			<t id="s6_11" word="armazenamento" lemma="armazenamento" pos="n" morph="M S" sem="act" extra="--"/>
			<t id="s6_12" word="," lemma="--" pos="pu" morph="--" extra="--"/>
			<t id="s6_13" word="expansível" lemma="expansível" pos="adj" morph="M/F S" extra="nh np-close"/>
			<t id="s6_14" word="com" lemma="com" pos="prp" morph="--" extra="--"/>
			<t id="s6_15" word="microsd" lemma="microsd" pos="n" morph="M S" extra="heur"/>
			<t id="s6_16" word="de" lemma="de" pos="prp" morph="--" extra="np-close"/>
			<t id="s6_17" word="até" lemma="até" pos="adv" morph="--" extra="--"/>
			<t id="s6_18" word="number" lemma="number" pos="n" morph="M S" extra="heur"/>
			<t id="s6_19" word="gigabytes" lemma="gigabyte" pos="n" morph="M P" sem="unit" extra="cjt-Od DERP"/>
			<t id="s6_20" word="." lemma="--" pos="pu" morph="--" extra="--"/>
		</terminals>

		<nonterminals>
			<nt id="s6_500" cat="s">
				<edge label="STA" idref="s6_501"/>
			</nt>
			<nt id="s6_501" cat="fcl">
				<edge label="P" idref="s6_1"/>
				<edge label="Od" idref="s6_502"/>
				<edge label="PU" idref="s6_20"/>
			</nt>
			<nt id="s6_502" cat="np">
				<edge label="H" idref="s6_2"/>
				<edge label="DN" idref="s6_503"/>
			</nt>
			<nt id="s6_503" cat="pp">
				<edge label="H" idref="s6_3"/>
				<edge label="DP" idref="s6_504"/>
			</nt>
			<nt id="s6_504" cat="par">
				<edge label="CJT" idref="s6_505"/>
				<edge label="CO" idref="s6_7"/>
				<edge label="CJT" idref="s6_506"/>
			</nt>
			<nt id="s6_505" cat="icl">
				<edge label="P" idref="s6_4"/>
				<edge label="PU" idref="s6_5"/>
				<edge label="fCs" idref="s6_6"/>
			</nt>
			<nt id="s6_506" cat="icl">
				<edge label="P" idref="s6_8"/>
				<edge label="Od" idref="s6_507"/>
				<edge label="fA" idref="s6_511"/>
			</nt>
			<nt id="s6_507" cat="par">
				<edge label="CJT" idref="s6_508"/>
			</nt>
			<nt id="s6_508" cat="np">
				<edge label="H" idref="s6_9"/>
				<edge label="DN" idref="s6_509"/>
			</nt>
			<nt id="s6_509" cat="pp">
				<edge label="H" idref="s6_10"/>
				<edge label="DP" idref="s6_510"/>
			</nt>
			<nt id="s6_510" cat="np">
				<edge label="H" idref="s6_11"/>
				<edge label="PU" idref="s6_12"/>
				<edge label="DNc" idref="s6_13"/>
			</nt>
			<nt id="s6_511" cat="pp">
				<edge label="H" idref="s6_14"/>
				<edge label="DP" idref="s6_512"/>
				<edge label="CJT" idref="s6_19"/>
			</nt>
			<nt id="s6_512" cat="np">
				<edge label="H" idref="s6_15"/>
				<edge label="DN" idref="s6_513"/>
			</nt>
			<nt id="s6_513" cat="pp">
				<edge label="H" idref="s6_16"/>
				<edge label="DP" idref="s6_514"/>
			</nt>
			<nt id="s6_514" cat="np">
				<edge label="DN" idref="s6_17"/>
				<edge label="H" idref="s6_18"/>
			</nt>
		</nonterminals>
	</graph>
</s>

<s id="s7" ref="7" source="Running text" forest="1" text="a câmera traseira tem number megapixels, enquanto a frontal, number megapixels, e a bateria faz number mah..">
	<graph root="s7_500">
		<terminals>
			<t id="s7_1" word="a" lemma="o" pos="art" morph="F S" extra="--"/>
			<t id="s7_2" word="câmera" lemma="c�=mera" pos="n" morph="F S" sem="tool" extra="--"/>
			<t id="s7_3" word="traseira" lemma="traseiro" pos="adj" morph="F S" extra="np-close"/>
			<t id="s7_4" word="tem" lemma="ter" pos="v-fin" morph="PR 3S IND VFIN" extra="nosubj nosubj cjt-head cjt-head-STA fmc mv"/>
			<t id="s7_5" word="number" lemma="number" pos="v-inf" morph="--" extra="heur mv"/>
			<t id="s7_6" word="megapixels" lemma="megapixel" pos="n" morph="M P" sem="unit" extra="DERP"/>
			<t id="s7_7" word="," lemma="--" pos="pu" morph="--" extra="--"/>
			<t id="s7_8" word="enquanto" lemma="enquanto" pos="adv" morph="--" extra="clb rel"/>
			<t id="s7_9" word="a" lemma="a" pos="prp" morph="--" extra="--"/>
			<t id="s7_10" word="frontal" lemma="frontal" pos="n" morph="M S" sem="cloH" extra="--"/>
			<t id="s7_11" word="," lemma="--" pos="pu" morph="--" extra="--"/>
			<t id="s7_12" word="number" lemma="number" pos="v-fin" morph="FUT 3S SUBJ VFIN" extra="nosubj nosubj cjt-STA heur fmc mv"/>
			<t id="s7_13" word="megapixels" lemma="megapixel" pos="n" morph="M P" sem="unit" extra="DERP"/>
			<t id="s7_14" word="," lemma="--" pos="pu" morph="--" extra="--"/>
			<t id="s7_15" word="e" lemma="e" pos="conj-c" morph="--" extra="clb"/>
			<t id="s7_16" word="a" lemma="o" pos="art" morph="F S" extra="--"/>
			<t id="s7_17" word="bateria" lemma="bateria" pos="n" morph="F S" sem="tool" extra="--"/>
			<t id="s7_18" word="faz" lemma="fazer" pos="v-fin" morph="PR 3S IND VFIN" extra="cjt-STA fmc mv"/>
			<t id="s7_19" word="number" lemma="number" pos="v-inf" morph="--" extra="heur mv"/>
			<t id="s7_20" word="mah" lemma="mah" pos="n" morph="M S" extra="heur"/>
			<t id="s7_21" word="." lemma="--" pos="pu" morph="--" extra="--"/>
			<t id="s7_22" word="." lemma="--" pos="pu" morph="--" extra="--"/>
		</terminals>

		<nonterminals>
			<nt id="s7_500" cat="s">
				<edge label="STA" idref="s7_501"/>
			</nt>
			<nt id="s7_501" cat="par">
				<edge label="CJT" idref="s7_502"/>
				<edge label="PU" idref="s7_7"/>
				<edge label="CJT" idref="s7_505"/>
				<edge label="X" idref="s7_506"/>
				<edge label="PU" idref="s7_14"/>
				<edge label="CO" idref="s7_15"/>
				<edge label="CJT" idref="s7_507"/>
				<edge label="PU" idref="s7_21"/>
				<edge label="PU" idref="s7_22"/>
			</nt>
			<nt id="s7_502" cat="fcl">
				<edge label="S" idref="s7_503"/>
				<edge label="H" idref="s7_2"/>
				<edge label="P" idref="s7_4"/>
				<edge label="Od" idref="s7_504"/>
			</nt>
			<nt id="s7_503" cat="np">
				<edge label="DN" idref="s7_1"/>
				<edge label="DN" idref="s7_3"/>
			</nt>
			<nt id="s7_504" cat="icl">
				<edge label="P" idref="s7_5"/>
				<edge label="Od" idref="s7_6"/>
			</nt>
			<nt id="s7_505" cat="x">
				<edge label="fA" idref="s7_8"/>
			</nt>
			<nt id="s7_506" cat="pp">
				<edge label="H" idref="s7_9"/>
				<edge label="DP" idref="s7_10"/>
				<edge label="PU" idref="s7_11"/>
				<edge label="P" idref="s7_12"/>
				<edge label="Od" idref="s7_13"/>
			</nt>
			<nt id="s7_507" cat="fcl">
				<edge label="S" idref="s7_508"/>
				<edge label="P" idref="s7_18"/>
				<edge label="Od" idref="s7_509"/>
			</nt>
			<nt id="s7_508" cat="np">
				<edge label="DN" idref="s7_16"/>
				<edge label="H" idref="s7_17"/>
			</nt>
			<nt id="s7_509" cat="icl">
				<edge label="P" idref="s7_19"/>
				<edge label="Od" idref="s7_20"/>
			</nt>
		</nonterminals>
	</graph>
</s>

	</body>
</corpus>
