<?xml version="1.0" encoding="UTF-8"?>
<corpus>

	<body>
<s id="s1" ref="1" source="Running text" forest="1" text="tive que optar por este aparelho após ter perdido meu anterior.">
	<graph root="s1_500">
		<terminals>
			<t id="s1_1" word="tive" lemma="ter" pos="v-fin" morph="PS 1S IND VFIN" extra="fmc aux"/>
			<t id="s1_2" word="que" lemma="que" pos="conj-s" morph="--" extra="--"/>
			<t id="s1_3" word="optar" lemma="optar" pos="v-inf" morph="--" extra="vH mv"/>
			<t id="s1_4" word="por" lemma="por" pos="prp" morph="--" extra="--"/>
			<t id="s1_5" word="este" lemma="este" pos="pron-dem" morph="DET M S" extra="dem"/>
			<t id="s1_6" word="aparelho" lemma="aparelho" pos="n" morph="M S" sem="tool" extra="--"/>
			<t id="s1_7" word="após" lemma="após" pos="prp" morph="--" extra="np-close"/>
			<t id="s1_8" word="ter" lemma="ter" pos="v-inf" morph="--" extra="aux"/>
			<t id="s1_9" word="perdido" lemma="perder" pos="v-pcp" morph="--" extra="mv"/>
			<t id="s1_10" word="meu" lemma="meu" pos="pron-poss" morph="DET M S" extra="poss 1S"/>
			<t id="s1_11" word="anterior" lemma="anterior" pos="adj" morph="M S" extra="n nh"/>
			<t id="s1_12" word="." lemma="--" pos="pu" morph="--" extra="--"/>
		</terminals>

		<nonterminals>
			<nt id="s1_500" cat="s">
				<edge label="STA" idref="s1_501"/>
			</nt>
			<nt id="s1_501" cat="fcl">
				<edge label="P" idref="s1_502"/>
				<edge label="Op" idref="s1_503"/>
				<edge label="PU" idref="s1_12"/>
			</nt>
			<nt id="s1_502" cat="vp">
				<edge label="Vaux" idref="s1_1"/>
				<edge label="SUBaux" idref="s1_2"/>
				<edge label="Vm" idref="s1_3"/>
			</nt>
			<nt id="s1_503" cat="pp">
				<edge label="H" idref="s1_4"/>
				<edge label="DP" idref="s1_504"/>
			</nt>
			<nt id="s1_504" cat="np">
				<edge label="DN" idref="s1_5"/>
				<edge label="H" idref="s1_6"/>
				<edge label="DN" idref="s1_505"/>
			</nt>
			<nt id="s1_505" cat="pp">
				<edge label="H" idref="s1_7"/>
				<edge label="DP" idref="s1_506"/>
			</nt>
			<nt id="s1_506" cat="icl">
				<edge label="P" idref="s1_507"/>
				<edge label="Od" idref="s1_508"/>
			</nt>
			<nt id="s1_507" cat="vp">
				<edge label="Vaux" idref="s1_8"/>
				<edge label="Vm" idref="s1_9"/>
			</nt>
			<nt id="s1_508" cat="np">
				<edge label="DN" idref="s1_10"/>
				<edge label="H" idref="s1_11"/>
			</nt>
		</nonterminals>
	</graph>
</s>

<s id="s2" ref="2" source="Running text" forest="1" text="e não me arrependo nem um pouco desta aquisição.">
	<graph root="s2_500">
		<terminals>
			<t id="s2_1" word="e" lemma="e" pos="conj-c" morph="--" extra="topkc"/>
			<t id="s2_2" word="não" lemma="não" pos="adv" morph="--" extra="--"/>
			<t id="s2_3" word="me" lemma="eu" pos="pron-pers" morph="M/F 1S ACC" extra="refl"/>
			<t id="s2_4" word="arrependo" lemma="arrepender" pos="v-fin" morph="PR 1S IND VFIN" extra="fmc mv v-pron"/>
			<t id="s2_5" word="nem" lemma="nem" pos="adv" morph="--" extra="--"/>
			<t id="s2_6" word="um_pouco" lemma="um_pouco" pos="adv" morph="--" extra="quant"/>
			<t id="s2_7" word="de" lemma="de" pos="prp" morph="--" extra="sam-"/>
			<t id="s2_8" word="esta" lemma="este" pos="pron-dem" morph="DET F S" extra="-sam dem"/>
			<t id="s2_9" word="aquisição" lemma="aquisição" pos="n" morph="F S" sem="act" extra="--"/>
			<t id="s2_10" word="." lemma="--" pos="pu" morph="--" extra="--"/>
		</terminals>

		<nonterminals>
			<nt id="s2_500" cat="s">
				<edge label="STA" idref="s2_501"/>
			</nt>
			<nt id="s2_501" cat="fcl">
				<edge label="CO" idref="s2_1"/>
				<edge label="fA" idref="s2_2"/>
				<edge label="Od" idref="s2_3"/>
				<edge label="P" idref="s2_4"/>
				<edge label="DN" idref="s2_5"/>
				<edge label="fA" idref="s2_6"/>
				<edge label="Op" idref="s2_502"/>
				<edge label="PU" idref="s2_10"/>
			</nt>
			<nt id="s2_502" cat="pp">
				<edge label="H" idref="s2_7"/>
				<edge label="DP" idref="s2_503"/>
			</nt>
			<nt id="s2_503" cat="np">
				<edge label="DN" idref="s2_8"/>
				<edge label="H" idref="s2_9"/>
			</nt>
		</nonterminals>
	</graph>
</s>

<s id="s3" ref="3" source="Running text" forest="1" text="tem um ótimo design, funções que tornam a utilização muito agradável e divertida.">
	<graph root="s3_500">
		<terminals>
			<t id="s3_1" word="tem" lemma="ter" pos="v-fin" morph="PR 3S IND VFIN" extra="fmc mv"/>
			<t id="s3_2" word="um" lemma="um" pos="art" morph="M S" extra="--"/>
			<t id="s3_3" word="ótimo" lemma="bom" pos="adj" morph="M S" extra="SUP jh"/>
			<t id="s3_4" word="design" lemma="design" pos="n" morph="M S" sem="percep-f domain" extra="--"/>
			<t id="s3_5" word="," lemma="--" pos="pu" morph="--" extra="--"/>
			<t id="s3_6" word="funções" lemma="função" pos="n" morph="F P" sem="ac pos-soc occ" extra="np-close"/>
			<t id="s3_7" word="que" lemma="que" pos="spec" morph="M S" extra="clb clb-fs rel"/>
			<t id="s3_8" word="tornam" lemma="tornar" pos="v-fin" morph="PR 3P IND VFIN" extra="mv np-close"/>
			<t id="s3_9" word="a" lemma="o" pos="art" morph="F S" extra="--"/>
			<t id="s3_10" word="utilização" lemma="utilização" pos="n" morph="F S" sem="act" extra="--"/>
			<t id="s3_11" word="muito" lemma="muito" pos="adv" morph="--" extra="quant"/>
			<t id="s3_12" word="agradável" lemma="agradável" pos="adj" morph="M/F S" extra="cjt-head cjt-head-Co nh"/>
			<t id="s3_13" word="e" lemma="e" pos="conj-c" morph="--" extra="--"/>
			<t id="s3_14" word="divertida" lemma="divertir" pos="v-pcp" morph="F S" extra="cjt-Co jh"/>
			<t id="s3_15" word="." lemma="--" pos="pu" morph="--" extra="--"/>
		</terminals>

		<nonterminals>
			<nt id="s3_500" cat="s">
				<edge label="STA" idref="s3_501"/>
			</nt>
			<nt id="s3_501" cat="fcl">
				<edge label="P" idref="s3_1"/>
				<edge label="Od" idref="s3_502"/>
				<edge label="PU" idref="s3_15"/>
			</nt>
			<nt id="s3_502" cat="np">
				<edge label="DN" idref="s3_2"/>
				<edge label="DN" idref="s3_3"/>
				<edge label="H" idref="s3_4"/>
				<edge label="PU" idref="s3_5"/>
				<edge label="DNc" idref="s3_503"/>
			</nt>
			<nt id="s3_503" cat="np">
				<edge label="H" idref="s3_6"/>
				<edge label="DN" idref="s3_504"/>
			</nt>
			<nt id="s3_504" cat="fcl">
				<edge label="S" idref="s3_7"/>
				<edge label="P" idref="s3_8"/>
				<edge label="Od" idref="s3_505"/>
				<edge label="Co" idref="s3_506"/>
			</nt>
			<nt id="s3_505" cat="np">
				<edge label="DN" idref="s3_9"/>
				<edge label="H" idref="s3_10"/>
			</nt>
			<nt id="s3_506" cat="par">
				<edge label="CJT" idref="s3_507"/>
				<edge label="CO" idref="s3_13"/>
				<edge label="CJT" idref="s3_14"/>
			</nt>
			<nt id="s3_507" cat="adjp">
				<edge label="DA" idref="s3_11"/>
				<edge label="H" idref="s3_12"/>
			</nt>
		</nonterminals>
	</graph>
</s>

<s id="s4" ref="4" source="Running text" forest="1" text="o som é excelente, por se tratar de um software walkman é de fácil utilização, tem uma acústica envolvente, ainda mais se utilizada com os fones de ouvido upa number que acompanham o modelo.">
	<graph root="s4_500">
		<terminals>
			<t id="s4_1" word="o" lemma="o" pos="art" morph="M S" extra="--"/>
			<t id="s4_2" word="som" lemma="som" pos="n" morph="M S" sem="percep-l" extra="--"/>
			<t id="s4_3" word="é" lemma="ser" pos="v-fin" morph="PR 3S IND VFIN" extra="nosubj nosubj cjt-head cjt-head-STA vK fmc mv"/>
			<t id="s4_4" word="excelente" lemma="excelente" pos="adj" morph="M S" extra="--"/>
			<t id="s4_5" word="," lemma="--" pos="pu" morph="--" extra="--"/>
			<t id="s4_6" word="por" lemma="por" pos="prp" morph="--" extra="--"/>
			<t id="s4_7" word="se" lemma="se" pos="pron-pers" morph="M/F 3S ACC" extra="refl"/>
			<t id="s4_8" word="tratar" lemma="tratar" pos="v-inf" morph="--" extra="mv v-pron"/>
			<t id="s4_9" word="de" lemma="de" pos="prp" morph="--" extra="--"/>
			<t id="s4_10" word="um" lemma="um" pos="art" morph="M S" extra="--"/>
			<t id="s4_11" word="software" lemma="software" pos="n" morph="M S" sem="am" extra="--"/>
			<t id="s4_12" word="walkman" lemma="walkman" pos="n" morph="M S" sem="tool" extra="--"/>
			<t id="s4_13" word="é" lemma="ser" pos="v-fin" morph="PR 3S IND VFIN" extra="cjt-STA vK fmc mv"/>
			<t id="s4_14" word="de" lemma="de" pos="prp" morph="--" extra="--"/>
			<t id="s4_15" word="fácil" lemma="fácil" pos="adj" morph="F S" extra="jh"/>
			<t id="s4_16" word="utilização" lemma="utilização" pos="n" morph="F S" sem="act" extra="--"/>
			<t id="s4_17" word="," lemma="--" pos="pu" morph="--" extra="--"/>
			<t id="s4_18" word="tem" lemma="ter" pos="v-fin" morph="PR 3S IND VFIN" extra="nosubj nosubj cjt-STA fmc mv"/>
			<t id="s4_19" word="uma" lemma="um" pos="art" morph="F S" extra="--"/>
			<t id="s4_20" word="acústica" lemma="acústico" pos="adj" morph="F S" extra="n nh"/>
			<t id="s4_21" word="envolvente" lemma="envolvente" pos="adj" morph="M/F S" extra="nh np-close"/>
			<t id="s4_22" word="," lemma="--" pos="pu" morph="--" extra="--"/>
			<t id="s4_23" word="ainda" lemma="ainda" pos="adv" morph="--" extra="--"/>
			<t id="s4_24" word="mais" lemma="mais" pos="adv" morph="--" extra="quant KOMP"/>
			<t id="s4_25" word="se" lemma="se" pos="conj-s" morph="--" extra="sub"/>
			<t id="s4_26" word="utilizada" lemma="utilizar" pos="v-pcp" morph="F S" extra="vH"/>
			<t id="s4_27" word="com" lemma="com" pos="prp" morph="--" extra="--"/>
			<t id="s4_28" word="os" lemma="o" pos="art" morph="M P" extra="--"/>
			<t id="s4_29" word="fones" lemma="fone" pos="n" morph="M P" sem="ac-cat tool" extra="--"/>
			<t id="s4_30" word="de_ouvido" lemma="de_ouvido" pos="adv" morph="--" sem="pp" extra="--"/>
			<t id="s4_31" word="upa" lemma="upa" pos="n" morph="F S" sem="act" extra="--"/>
			<t id="s4_32" word="number" lemma="number" pos="v-inf" morph="3S" extra="heur mv"/>
			<t id="s4_33" word="que" lemma="que" pos="conj-s" morph="--" extra="clb clb-fs"/>
			<t id="s4_34" word="acompanham" lemma="acompanhar" pos="v-fin" morph="PR 3P IND VFIN" extra="vH mv"/>
			<t id="s4_35" word="o" lemma="o" pos="art" morph="M S" extra="--"/>
			<t id="s4_36" word="modelo" lemma="modelo" pos="n" morph="M S" sem="ac Hprof" extra="--"/>
			<t id="s4_37" word="." lemma="--" pos="pu" morph="--" extra="--"/>
		</terminals>

		<nonterminals>
			<nt id="s4_500" cat="s">
				<edge label="STA" idref="s4_501"/>
			</nt>
			<nt id="s4_501" cat="par">
				<edge label="CJT" idref="s4_502"/>
				<edge label="CJT" idref="s4_508"/>
				<edge label="PU" idref="s4_17"/>
				<edge label="CJT" idref="s4_511"/>
				<edge label="PU" idref="s4_37"/>
			</nt>
			<nt id="s4_502" cat="fcl">
				<edge label="S" idref="s4_503"/>
				<edge label="P" idref="s4_3"/>
				<edge label="Cs" idref="s4_4"/>
				<edge label="PU" idref="s4_5"/>
				<edge label="fA" idref="s4_504"/>
			</nt>
			<nt id="s4_503" cat="np">
				<edge label="DN" idref="s4_1"/>
				<edge label="H" idref="s4_2"/>
			</nt>
			<nt id="s4_504" cat="pp">
				<edge label="H" idref="s4_6"/>
				<edge label="DP" idref="s4_505"/>
			</nt>
			<nt id="s4_505" cat="icl">
				<edge label="Od" idref="s4_7"/>
				<edge label="P" idref="s4_8"/>
				<edge label="Op" idref="s4_506"/>
			</nt>
			<nt id="s4_506" cat="pp">
				<edge label="H" idref="s4_9"/>
				<edge label="DP" idref="s4_507"/>
			</nt>
			<nt id="s4_507" cat="np">
				<edge label="DN" idref="s4_10"/>
				<edge label="H" idref="s4_11"/>
			</nt>
			<nt id="s4_508" cat="fcl">
				<edge label="S" idref="s4_12"/>
				<edge label="P" idref="s4_13"/>
				<edge label="Cs" idref="s4_509"/>
			</nt>
			<nt id="s4_509" cat="pp">
				<edge label="H" idref="s4_14"/>
				<edge label="DP" idref="s4_510"/>
			</nt>
			<nt id="s4_510" cat="np">
				<edge label="DN" idref="s4_15"/>
				<edge label="H" idref="s4_16"/>
				<edge label="DN" idref="s4_21"/>
				<edge label="DN" idref="s4_25"/>
			</nt>
			<nt id="s4_511" cat="x">
				<edge label="P" idref="s4_18"/>
				<edge label="Od" idref="s4_512"/>
				<edge label="PU" idref="s4_22"/>
				<edge label="fA" idref="s4_513"/>
				<edge label="Od" idref="s4_514"/>
				<edge label="fA" idref="s4_515"/>
				<edge label="fA" idref="s4_30"/>
			</nt>
			<nt id="s4_512" cat="np">
				<edge label="DN" idref="s4_19"/>
				<edge label="H" idref="s4_20"/>
			</nt>
			<nt id="s4_513" cat="advp">
				<edge label="DA" idref="s4_23"/>
				<edge label="H" idref="s4_24"/>
			</nt>
			<nt id="s4_514" cat="fcl">
				<edge label="S" idref="s4_26"/>
			</nt>
			<nt id="s4_515" cat="pp">
				<edge label="H" idref="s4_27"/>
				<edge label="DP" idref="s4_516"/>
				<edge label="Od" idref="s4_517"/>
				<edge label="P" idref="s4_32"/>
			</nt>
			<nt id="s4_516" cat="np">
				<edge label="DN" idref="s4_28"/>
				<edge label="H" idref="s4_29"/>
			</nt>
			<nt id="s4_517" cat="fcl">
				<edge label="S" idref="s4_31"/>
				<edge label="SUB" idref="s4_33"/>
				<edge label="P" idref="s4_34"/>
				<edge label="Od" idref="s4_518"/>
			</nt>
			<nt id="s4_518" cat="np">
				<edge label="DN" idref="s4_35"/>
				<edge label="H" idref="s4_36"/>
			</nt>
		</nonterminals>
	</graph>
</s>

<s id="s5" ref="5" source="Running text" forest="1" text="é incrível como estes japoneses conseguem façanhas incríveis com os aparelhos cada vez menores e mais funcionais!">
	<graph root="s5_500">
		<terminals>
			<t id="s5_1" word="é" lemma="ser" pos="v-fin" morph="PR 3S IND VFIN" extra="vK fmc mv"/>
			<t id="s5_2" word="incrível" lemma="incrível" pos="adj" morph="M/F S" extra="nh"/>
			<t id="s5_3" word="como" lemma="como" pos="adv" morph="--" extra="clb clb-fs rel ks"/>
			<t id="s5_4" word="estes" lemma="este" pos="pron-dem" morph="DET M P" extra="dem"/>
			<t id="s5_5" word="japoneses" lemma="japonês" pos="n" morph="M P" sem="Hnat ling" extra="--"/>
			<t id="s5_6" word="conseguem" lemma="conseguir" pos="v-fin" morph="PR 3P IND VFIN" extra="vH mv np-close"/>
			<t id="s5_7" word="façanhas" lemma="façanha" pos="n" morph="F P" sem="act" extra="--"/>
			<t id="s5_8" word="incríveis" lemma="incrível" pos="adj" morph="F P" extra="nh np-close"/>
			<t id="s5_9" word="com" lemma="com" pos="prp" morph="--" extra="--"/>
			<t id="s5_10" word="os" lemma="o" pos="art" morph="M P" extra="--"/>
			<t id="s5_11" word="aparelhos" lemma="aparelho" pos="n" morph="M P" sem="tool" extra="--"/>
			<t id="s5_12" word="cada_vez" lemma="cada_vez" pos="adv" morph="--" extra="--"/>
			<t id="s5_13" word="menores" lemma="pequeno" pos="adj" morph="M/F P" extra="KOMP"/>
			<t id="s5_14" word="e" lemma="e" pos="conj-c" morph="--" extra="--"/>
			<t id="s5_15" word="mais" lemma="mais" pos="adv" morph="--" extra="quant KOMP"/>
			<t id="s5_16" word="funcionais" lemma="funcional" pos="adj" morph="M/F P" extra="nh np-close"/>
			<t id="s5_17" word="!" lemma="--" pos="pu" morph="--" extra="--"/>
		</terminals>

		<nonterminals>
			<nt id="s5_500" cat="s">
				<edge label="STA" idref="s5_501"/>
			</nt>
			<nt id="s5_501" cat="fcl">
				<edge label="P" idref="s5_1"/>
				<edge label="Cs" idref="s5_2"/>
				<edge label="fA" idref="s5_502"/>
				<edge label="PU" idref="s5_17"/>
			</nt>
			<nt id="s5_502" cat="fcl">
				<edge label="fA" idref="s5_3"/>
				<edge label="S" idref="s5_503"/>
				<edge label="P" idref="s5_6"/>
				<edge label="Od" idref="s5_504"/>
				<edge label="fA" idref="s5_505"/>
				<edge label="fCs" idref="s5_507"/>
			</nt>
			<nt id="s5_503" cat="np">
				<edge label="DN" idref="s5_4"/>
				<edge label="H" idref="s5_5"/>
			</nt>
			<nt id="s5_504" cat="np">
				<edge label="H" idref="s5_7"/>
				<edge label="DN" idref="s5_8"/>
			</nt>
			<nt id="s5_505" cat="pp">
				<edge label="H" idref="s5_9"/>
				<edge label="DP" idref="s5_506"/>
			</nt>
			<nt id="s5_506" cat="np">
				<edge label="DN" idref="s5_10"/>
				<edge label="H" idref="s5_11"/>
				<edge label="DN" idref="s5_508"/>
			</nt>
			<nt id="s5_507" cat="adjp">
				<edge label="DA" idref="s5_12"/>
				<edge label="H" idref="s5_13"/>
			</nt>
			<nt id="s5_508" cat="adjp">
				<edge label="CO" idref="s5_14"/>
				<edge label="DA" idref="s5_15"/>
				<edge label="H" idref="s5_16"/>
			</nt>
		</nonterminals>
	</graph>
</s>

<s id="s6" ref="6" source="Running text" forest="1" text="vale cada centavo investido se você for um amante de música como eu.">
	<graph root="s6_500">
		<terminals>
			<t id="s6_1" word="vale" lemma="valer" pos="v-fin" morph="PR 3S IND VFIN" extra="fmc mv"/>
			<t id="s6_2" word="cada" lemma="cada" pos="pron-indef" morph="DET M S" extra="quant"/>
			<t id="s6_3" word="centavo" lemma="centavo" pos="n" morph="M S" sem="cur unit" extra="--"/>
			<t id="s6_4" word="investido" lemma="investir" pos="v-pcp" morph="M S" extra="vH np-close"/>
			<t id="s6_5" word="se" lemma="se" pos="conj-s" morph="--" extra="clb clb-fs"/>
			<t id="s6_6" word="você" lemma="você" pos="pron-pers" morph="M 3S NOM" extra="--"/>
			<t id="s6_7" word="for" lemma="ser" pos="v-fin" morph="FUT 3S SUBJ VFIN" extra="vK mv"/>
			<t id="s6_8" word="um" lemma="um" pos="art" morph="M S" extra="--"/>
			<t id="s6_9" word="amante" lemma="amante" pos="n" morph="M S" sem="H" extra="--"/>
			<t id="s6_10" word="de" lemma="de" pos="prp" morph="--" extra="np-close"/>
			<t id="s6_11" word="música" lemma="música" pos="n" morph="F S" sem="domain sem-l cc-r" extra="--"/>
			<t id="s6_12" word="como" lemma="como" pos="prp" morph="--" extra="com adv-rel"/>
			<t id="s6_13" word="eu" lemma="eu" pos="pron-pers" morph="M/F 1S NOM" extra="asarg"/>
			<t id="s6_14" word="." lemma="--" pos="pu" morph="--" extra="--"/>
		</terminals>

		<nonterminals>
			<nt id="s6_500" cat="s">
				<edge label="STA" idref="s6_501"/>
			</nt>
			<nt id="s6_501" cat="fcl">
				<edge label="P" idref="s6_1"/>
				<edge label="Od" idref="s6_502"/>
				<edge label="S" idref="s6_503"/>
				<edge label="PU" idref="s6_14"/>
			</nt>
			<nt id="s6_502" cat="np">
				<edge label="DN" idref="s6_2"/>
				<edge label="H" idref="s6_3"/>
				<edge label="DN" idref="s6_4"/>
			</nt>
			<nt id="s6_503" cat="fcl">
				<edge label="SUB" idref="s6_5"/>
				<edge label="S" idref="s6_6"/>
				<edge label="P" idref="s6_7"/>
				<edge label="Cs" idref="s6_504"/>
				<edge label="fA" idref="s6_506"/>
			</nt>
			<nt id="s6_504" cat="np">
				<edge label="DN" idref="s6_8"/>
				<edge label="H" idref="s6_9"/>
				<edge label="DN" idref="s6_505"/>
			</nt>
			<nt id="s6_505" cat="pp">
				<edge label="H" idref="s6_10"/>
				<edge label="DP" idref="s6_11"/>
			</nt>
			<nt id="s6_506" cat="pp">
				<edge label="H" idref="s6_12"/>
				<edge label="DP" idref="s6_13"/>
			</nt>
		</nonterminals>
	</graph>
</s>

<s id="s7" ref="7" source="Running text" forest="1" text="e melhor.">
	<graph root="s7_500">
		<terminals>
			<t id="s7_1" word="e" lemma="e" pos="conj-c" morph="--" extra="--"/>
			<t id="s7_2" word="melhor" lemma="melhor" pos="adv" morph="--" extra="KOMP SUP"/>
			<t id="s7_3" word="." lemma="--" pos="pu" morph="--" extra="--"/>
		</terminals>

		<nonterminals>
			<nt id="s7_500" cat="s">
				<edge label="fA" idref="s7_501"/>
			</nt>
			<nt id="s7_501" cat="advp">
				<edge label="CO" idref="s7_1"/>
				<edge label="H" idref="s7_2"/>
				<edge label="PU" idref="s7_3"/>
			</nt>
		</nonterminals>
	</graph>
</s>

<s id="s8" ref="8" source="Running text" forest="1" text="o software do player é tão sofisticada que até para a música na hora de uma ligação e retorna ao mesmo ponto, automaticamente, após a finalização da chamada.">
	<graph root="s8_500">
		<terminals>
			<t id="s8_1" word="o" lemma="o" pos="art" morph="M S" extra="--"/>
			<t id="s8_2" word="software" lemma="software" pos="n" morph="M S" sem="am" extra="--"/>
			<t id="s8_3" word="de" lemma="de" pos="prp" morph="--" extra="sam- np-close"/>
			<t id="s8_4" word="o" lemma="o" pos="art" morph="M S" extra="-sam "/>
			<t id="s8_5" word="player" lemma="player" pos="n" morph="M S" sem="tool" extra="--"/>
			<t id="s8_6" word="é" lemma="ser" pos="v-fin" morph="PR 3S IND VFIN" extra="cjt-head cjt-head-STA vK fmc mv"/>
			<t id="s8_7" word="tão" lemma="tão" pos="adv" morph="--" extra="dem quant KOMP"/>
			<t id="s8_8" word="sofisticada" lemma="sofisticar" pos="v-pcp" morph="F S" extra="vH"/>
			<t id="s8_9" word="que" lemma="que" pos="conj-s" morph="--" extra="clb clb-fs"/>
			<t id="s8_10" word="até" lemma="até" pos="adv" morph="--" extra="--"/>
			<t id="s8_11" word="para" lemma="para" pos="prp" morph="--" extra="--"/>
			<t id="s8_12" word="a" lemma="o" pos="art" morph="F S" extra="--"/>
			<t id="s8_13" word="música" lemma="música" pos="n" morph="F S" sem="domain sem-l cc-r" extra="--"/>
			<t id="s8_14" word="em" lemma="em" pos="prp" morph="--" extra="sam- np-close"/>
			<t id="s8_15" word="a" lemma="o" pos="art" morph="F S" extra="-sam "/>
			<t id="s8_16" word="hora" lemma="hora" pos="n" morph="F S" sem="dur temp unit" extra="--"/>
			<t id="s8_17" word="de" lemma="de" pos="prp" morph="--" extra="np-close"/>
			<t id="s8_18" word="uma" lemma="um" pos="art" morph="F S" extra="--"/>
			<t id="s8_19" word="ligação" lemma="ligação" pos="n" morph="F S" sem="act ac ac-sign Labs" extra="--"/>
			<t id="s8_20" word="e" lemma="e" pos="conj-c" morph="--" extra="--"/>
			<t id="s8_21" word="retorna" lemma="retornar" pos="v-fin" morph="PR 3S IND VFIN" extra="nosubj nosubj cjt-STA vH mv"/>
			<t id="s8_22" word="a" lemma="a" pos="prp" morph="--" extra="sam-"/>
			<t id="s8_23" word="o" lemma="o" pos="art" morph="M S" extra="-sam "/>
			<t id="s8_24" word="mesmo" lemma="mesmo" pos="pron-indef" morph="DET M S" extra="diff KOMP"/>
			<t id="s8_25" word="ponto" lemma="ponto" pos="n" morph="M S" sem="Labs geom temp Lh sem-c unit" extra="--"/>
			<t id="s8_26" word="," lemma="--" pos="pu" morph="--" extra="--"/>
			<t id="s8_27" word="automaticamente" lemma="automaticamente" pos="adv" morph="--" extra="--"/>
			<t id="s8_28" word="," lemma="--" pos="pu" morph="--" extra="--"/>
			<t id="s8_29" word="após" lemma="após" pos="prp" morph="--" extra="--"/>
			<t id="s8_30" word="a" lemma="o" pos="art" morph="F S" extra="--"/>
			<t id="s8_31" word="finalização" lemma="finalização" pos="n" morph="F S" sem="event act" extra="--"/>
			<t id="s8_32" word="de" lemma="de" pos="prp" morph="--" extra="sam- np-close"/>
			<t id="s8_33" word="a" lemma="o" pos="art" morph="F S" extra="-sam "/>
			<t id="s8_34" word="chamada" lemma="chamada" pos="n" morph="F S" sem="act-s" extra="--"/>
			<t id="s8_35" word="." lemma="--" pos="pu" morph="--" extra="--"/>
		</terminals>

		<nonterminals>
			<nt id="s8_500" cat="s">
				<edge label="STA" idref="s8_501"/>
			</nt>
			<nt id="s8_501" cat="par">
				<edge label="CJT" idref="s8_502"/>
				<edge label="CJT" idref="s8_507"/>
				<edge label="PU" idref="s8_35"/>
			</nt>
			<nt id="s8_502" cat="fcl">
				<edge label="S" idref="s8_503"/>
				<edge label="P" idref="s8_6"/>
				<edge label="Cs" idref="s8_506"/>
			</nt>
			<nt id="s8_503" cat="np">
				<edge label="DN" idref="s8_1"/>
				<edge label="H" idref="s8_2"/>
				<edge label="DN" idref="s8_504"/>
			</nt>
			<nt id="s8_504" cat="pp">
				<edge label="H" idref="s8_3"/>
				<edge label="DP" idref="s8_505"/>
			</nt>
			<nt id="s8_505" cat="np">
				<edge label="DN" idref="s8_4"/>
				<edge label="H" idref="s8_5"/>
			</nt>
			<nt id="s8_506" cat="adjp">
				<edge label="DA" idref="s8_7"/>
				<edge label="H" idref="s8_8"/>
			</nt>
			<nt id="s8_507" cat="x">
				<edge label="SUB" idref="s8_9"/>
				<edge label="fA" idref="s8_508"/>
				<edge label="P" idref="s8_21"/>
				<edge label="As" idref="s8_514"/>
				<edge label="PU" idref="s8_26"/>
				<edge label="fA" idref="s8_27"/>
				<edge label="PU" idref="s8_28"/>
				<edge label="fA" idref="s8_516"/>
			</nt>
			<nt id="s8_508" cat="pp">
				<edge label="DPmod" idref="s8_10"/>
				<edge label="H" idref="s8_11"/>
				<edge label="DP" idref="s8_509"/>
			</nt>
			<nt id="s8_509" cat="np">
				<edge label="DN" idref="s8_12"/>
				<edge label="H" idref="s8_13"/>
				<edge label="DN" idref="s8_510"/>
			</nt>
			<nt id="s8_510" cat="pp">
				<edge label="H" idref="s8_14"/>
				<edge label="DP" idref="s8_511"/>
			</nt>
			<nt id="s8_511" cat="np">
				<edge label="DN" idref="s8_15"/>
				<edge label="H" idref="s8_16"/>
				<edge label="DN" idref="s8_512"/>
			</nt>
			<nt id="s8_512" cat="pp">
				<edge label="H" idref="s8_17"/>
				<edge label="DP" idref="s8_513"/>
			</nt>
			<nt id="s8_513" cat="np">
				<edge label="DN" idref="s8_18"/>
				<edge label="H" idref="s8_19"/>
				<edge label="CO" idref="s8_20"/>
			</nt>
			<nt id="s8_514" cat="pp">
				<edge label="H" idref="s8_22"/>
				<edge label="DP" idref="s8_515"/>
			</nt>
			<nt id="s8_515" cat="np">
				<edge label="DN" idref="s8_23"/>
				<edge label="DN" idref="s8_24"/>
				<edge label="H" idref="s8_25"/>
			</nt>
			<nt id="s8_516" cat="pp">
				<edge label="H" idref="s8_29"/>
				<edge label="DP" idref="s8_517"/>
			</nt>
			<nt id="s8_517" cat="np">
				<edge label="DN" idref="s8_30"/>
				<edge label="H" idref="s8_31"/>
				<edge label="DN" idref="s8_518"/>
			</nt>
			<nt id="s8_518" cat="pp">
				<edge label="H" idref="s8_32"/>
				<edge label="DP" idref="s8_519"/>
			</nt>
			<nt id="s8_519" cat="np">
				<edge label="DN" idref="s8_33"/>
				<edge label="H" idref="s8_34"/>
			</nt>
		</nonterminals>
	</graph>
</s>

<s id="s9" ref="9" source="Running text" forest="1" text="recomendo!">
	<graph root="s9_500">
		<terminals>
			<t id="s9_1" word="recomendo" lemma="recomendar" pos="v-fin" morph="PR 1S IND VFIN" extra="vH fmc mv"/>
			<t id="s9_2" word="!" lemma="--" pos="pu" morph="--" extra="--"/>
		</terminals>

		<nonterminals>
			<nt id="s9_500" cat="s">
				<edge label="UTT" idref="s9_501"/>
			</nt>
			<nt id="s9_501" cat="x">
				<edge label="STA" idref="s9_1"/>
				<edge label="PU" idref="s9_2"/>
			</nt>
		</nonterminals>
	</graph>
</s>

<s id="s10" ref="10" source="Running text" forest="1" text="o que gostei ótimo mp3 player sony walkman excelente cobertura de sinal jogos em java memória da agenda para number números' design muito bonito sincronização com computador fácil utilização dos serviços da sony ericsson update resistente acessórios inclusos e variedade disponível o que não gostei baixa resolução da câmera vga.">
	<graph root="s10_500">
		<terminals>
			<t id="s10_1" word="o" lemma="o" pos="pron-dem" morph="DET M S" extra="dem"/>
			<t id="s10_2" word="que" lemma="que" pos="spec" morph="M S" extra="clb rel"/>
			<t id="s10_3" word="gostei" lemma="gostar" pos="v-fin" morph="PS 1S IND VFIN" extra="cjt-head cjt-head-STA vH mv"/>
			<t id="s10_4" word="ótimo" lemma="bom" pos="adj" morph="M S" extra="SUP"/>
			<t id="s10_5" word="mp3" lemma="mp3" pos="n" morph="M S" extra="cjt-head cjt-head-S heur"/>
			<t id="s10_6" word="player" lemma="player" pos="n" morph="M S" sem="tool" extra="cjt-S"/>
			<t id="s10_7" word="sony" lemma="sony" pos="n" morph="M S" extra="cjt-S foreign heur"/>
			<t id="s10_8" word="walkman" lemma="walkman" pos="n" morph="M S" sem="tool" extra="cjt-S"/>
			<t id="s10_9" word="excelente" lemma="excelente" pos="adj" morph="M S" extra="np-close"/>
			<t id="s10_10" word="cobertura" lemma="cobertura" pos="n" morph="F S" sem="cm Lcover am part-build" extra="cjt-S"/>
			<t id="s10_11" word="de" lemma="de" pos="prp" morph="--" extra="np-close"/>
			<t id="s10_12" word="sinal" lemma="sinal" pos="n" morph="M S" sem="percep-l percep-w ac ac-sign mon sem-r sick-c" extra="--"/>
			<t id="s10_13" word="jogos" lemma="jogo" pos="n" morph="M P" sem="activity occ cc-h game" extra="--"/>
			<t id="s10_14" word="em" lemma="em" pos="prp" morph="--" extra="np-close"/>
			<t id="s10_15" word="java" lemma="javo" pos="adj" morph="F S" extra="heur jh"/>
			<t id="s10_16" word="memória" lemma="memória" pos="n" morph="F S" sem="sem-c sem-r" extra="--"/>
			<t id="s10_17" word="de" lemma="de" pos="prp" morph="--" extra="sam- np-close"/>
			<t id="s10_18" word="a" lemma="o" pos="art" morph="F S" extra="-sam "/>
			<t id="s10_19" word="agenda" lemma="agenda" pos="n" morph="F S" sem="sem-c cc-r" extra="--"/>
			<t id="s10_20" word="para" lemma="para" pos="prp" morph="--" extra="--"/>
			<t id="s10_21" word="number" lemma="number" pos="v-inf" morph="--" extra="heur mv"/>
			<t id="s10_22" word="números" lemma="número" pos="n" morph="M P" sem="ac ac-sign sem ac-cat" extra="cjt-head cjt-head-Od"/>
			<t id="s10_23" word="'" lemma="--" pos="pu" morph="--" extra="--"/>
			<t id="s10_24" word="design" lemma="design" pos="n" morph="M S" sem="percep-f domain" extra="cjt-Od"/>
			<t id="s10_25" word="muito" lemma="muito" pos="adv" morph="--" extra="quant"/>
			<t id="s10_26" word="bonito" lemma="bonito" pos="adj" morph="M S" extra="jh"/>
			<t id="s10_27" word="sincronização" lemma="sincronização" pos="n" morph="F S" sem="act" extra="cjt-Od"/>
			<t id="s10_28" word="com" lemma="com" pos="prp" morph="--" extra="np-close"/>
			<t id="s10_29" word="computador" lemma="computador" pos="n" morph="M S" sem="mach" extra="--"/>
			<t id="s10_30" word="fácil" lemma="fácil" pos="adj" morph="M S" extra="np-close"/>
			<t id="s10_31" word="utilização" lemma="utilização" pos="n" morph="F S" sem="act" extra="cjt-Od"/>
			<t id="s10_32" word="de" lemma="de" pos="prp" morph="--" extra="sam- np-close"/>
			<t id="s10_33" word="os" lemma="o" pos="art" morph="M P" extra="-sam "/>
			<t id="s10_34" word="serviços" lemma="serviço" pos="n" morph="M P" sem="act-d" extra="--"/>
			<t id="s10_35" word="de" lemma="de" pos="prp" morph="--" extra="sam- np-close"/>
			<t id="s10_36" word="a" lemma="o" pos="art" morph="F S" extra="-sam "/>
			<t id="s10_37" word="sony" lemma="sony" pos="n" morph="F S" extra="foreign heur"/>
			<t id="s10_38" word="ericsson" lemma="ericsson" pos="n" morph="M S" extra="cjt-Od foreign heur"/>
			<t id="s10_39" word="update" lemma="update" pos="n" morph="M S" sem="act-d" extra="cjt-Od newlex"/>
			<t id="s10_40" word="resistente" lemma="resistente" pos="adj" morph="M S" extra="nh np-close"/>
			<t id="s10_41" word="acessórios" lemma="acessório" pos="n" morph="M P" sem="cc" extra="cjt-Od"/>
			<t id="s10_42" word="inclusos" lemma="incluso" pos="adj" morph="M P" extra="nh np-close"/>
			<t id="s10_43" word="e" lemma="e" pos="conj-c" morph="--" extra="--"/>
			<t id="s10_44" word="variedade" lemma="variedade" pos="n" morph="F S" sem="am meta" extra="cjt-Od"/>
			<t id="s10_45" word="disponível" lemma="disponível" pos="adj" morph="F S" extra="nh np-close"/>
			<t id="s10_46" word="o" lemma="o" pos="pron-dem" morph="DET M S" extra="dem"/>
			<t id="s10_47" word="que" lemma="que" pos="spec" morph="M S" extra="clb rel"/>
			<t id="s10_48" word="não" lemma="não" pos="adv" morph="--" extra="--"/>
			<t id="s10_49" word="gostei" lemma="gostar" pos="v-fin" morph="PS 1S IND VFIN" extra="cjt-STA vH mv"/>
			<t id="s10_50" word="baixa" lemma="baixo" pos="adj" morph="F S" extra="jh"/>
			<t id="s10_51" word="resolução" lemma="resolução" pos="n" morph="F S" sem="act" extra="--"/>
			<t id="s10_52" word="de" lemma="de" pos="prp" morph="--" extra="sam- np-close"/>
			<t id="s10_53" word="a" lemma="o" pos="art" morph="F S" extra="-sam "/>
			<t id="s10_54" word="câmera" lemma="c�=mera" pos="n" morph="F S" sem="tool" extra="--"/>
			<t id="s10_55" word="vga" lemma="vga" pos="n" morph="F S" extra="heur"/>
			<t id="s10_56" word="." lemma="--" pos="pu" morph="--" extra="--"/>
		</terminals>

		<nonterminals>
			<nt id="s10_500" cat="s">
				<edge label="X" idref="s10_501"/>
			</nt>
			<nt id="s10_501" cat="adjp">
				<edge label="H" idref="s10_1"/>
				<edge label="STA" idref="s10_502"/>
				<edge label="PU" idref="s10_56"/>
			</nt>
			<nt id="s10_502" cat="par">
				<edge label="CJT" idref="s10_503"/>
				<edge label="CJT" idref="s10_530"/>
			</nt>
			<nt id="s10_503" cat="fcl">
				<edge label="X" idref="s10_2"/>
				<edge label="P" idref="s10_3"/>
				<edge label="S" idref="s10_504"/>
				<edge label="fA" idref="s10_509"/>
			</nt>
			<nt id="s10_504" cat="par">
				<edge label="CJT" idref="s10_505"/>
				<edge label="CJT" idref="s10_6"/>
				<edge label="CJT" idref="s10_7"/>
				<edge label="CJT" idref="s10_506"/>
				<edge label="CJT" idref="s10_507"/>
			</nt>
			<nt id="s10_505" cat="np">
				<edge label="DN" idref="s10_4"/>
				<edge label="H" idref="s10_5"/>
			</nt>
			<nt id="s10_506" cat="np">
				<edge label="H" idref="s10_8"/>
				<edge label="DN" idref="s10_9"/>
			</nt>
			<nt id="s10_507" cat="np">
				<edge label="H" idref="s10_10"/>
				<edge label="DN" idref="s10_508"/>
			</nt>
			<nt id="s10_508" cat="pp">
				<edge label="H" idref="s10_11"/>
				<edge label="DP" idref="s10_12"/>
			</nt>
			<nt id="s10_509" cat="pp">
				<edge label="DP" idref="s10_510"/>
				<edge label="H" idref="s10_20"/>
			</nt>
			<nt id="s10_510" cat="fcl">
				<edge label="fCs" idref="s10_511"/>
				<edge label="P" idref="s10_21"/>
				<edge label="Od" idref="s10_516"/>
				<edge label="S" idref="s10_46"/>
			</nt>
			<nt id="s10_511" cat="np">
				<edge label="H" idref="s10_13"/>
				<edge label="DN" idref="s10_512"/>
			</nt>
			<nt id="s10_512" cat="pp">
				<edge label="H" idref="s10_14"/>
				<edge label="DP" idref="s10_513"/>
			</nt>
			<nt id="s10_513" cat="np">
				<edge label="DN" idref="s10_15"/>
				<edge label="H" idref="s10_16"/>
				<edge label="DN" idref="s10_514"/>
			</nt>
			<nt id="s10_514" cat="pp">
				<edge label="H" idref="s10_17"/>
				<edge label="DP" idref="s10_515"/>
			</nt>
			<nt id="s10_515" cat="np">
				<edge label="DN" idref="s10_18"/>
				<edge label="H" idref="s10_19"/>
			</nt>
			<nt id="s10_516" cat="par">
				<edge label="CJT" idref="s10_22"/>
				<edge label="PU" idref="s10_23"/>
				<edge label="CJT" idref="s10_24"/>
				<edge label="CJT" idref="s10_517"/>
				<edge label="CJT" idref="s10_521"/>
				<edge label="CJT" idref="s10_38"/>
				<edge label="CJT" idref="s10_526"/>
				<edge label="CJT" idref="s10_527"/>
				<edge label="CJT" idref="s10_528"/>
			</nt>
			<nt id="s10_517" cat="np">
				<edge label="DN" idref="s10_518"/>
				<edge label="H" idref="s10_27"/>
				<edge label="DN" idref="s10_519"/>
			</nt>
			<nt id="s10_518" cat="adjp">
				<edge label="DA" idref="s10_25"/>
				<edge label="H" idref="s10_26"/>
			</nt>
			<nt id="s10_519" cat="pp">
				<edge label="H" idref="s10_28"/>
				<edge label="DP" idref="s10_520"/>
			</nt>
			<nt id="s10_520" cat="np">
				<edge label="H" idref="s10_29"/>
				<edge label="DN" idref="s10_30"/>
			</nt>
			<nt id="s10_521" cat="np">
				<edge label="H" idref="s10_31"/>
				<edge label="DN" idref="s10_522"/>
			</nt>
			<nt id="s10_522" cat="pp">
				<edge label="H" idref="s10_32"/>
				<edge label="DP" idref="s10_523"/>
			</nt>
			<nt id="s10_523" cat="np">
				<edge label="DN" idref="s10_33"/>
				<edge label="H" idref="s10_34"/>
				<edge label="DN" idref="s10_524"/>
			</nt>
			<nt id="s10_524" cat="pp">
				<edge label="H" idref="s10_35"/>
				<edge label="DP" idref="s10_525"/>
			</nt>
			<nt id="s10_525" cat="np">
				<edge label="DN" idref="s10_36"/>
				<edge label="H" idref="s10_37"/>
			</nt>
			<nt id="s10_526" cat="np">
				<edge label="H" idref="s10_39"/>
				<edge label="DN" idref="s10_40"/>
			</nt>
			<nt id="s10_527" cat="np">
				<edge label="H" idref="s10_41"/>
				<edge label="DN" idref="s10_42"/>
			</nt>
			<nt id="s10_528" cat="np">
				<edge label="DN" idref="s10_529"/>
				<edge label="H" idref="s10_44"/>
				<edge label="-DN" idref="s10_45"/>
			</nt>
			<nt id="s10_529" cat="adjp">
				<edge label="CO" idref="s10_43"/>
			</nt>
			<nt id="s10_530" cat="fcl">
				<edge label="X" idref="s10_47"/>
				<edge label="fA" idref="s10_48"/>
				<edge label="P" idref="s10_49"/>
				<edge label="S" idref="s10_531"/>
			</nt>
			<nt id="s10_531" cat="np">
				<edge label="DN" idref="s10_50"/>
				<edge label="H" idref="s10_51"/>
				<edge label="DN" idref="s10_532"/>
				<edge label="fCs" idref="s10_55"/>
			</nt>
			<nt id="s10_532" cat="pp">
				<edge label="H" idref="s10_52"/>
				<edge label="DP" idref="s10_533"/>
				<edge label="H" idref="s10_54"/>
			</nt>
			<nt id="s10_533" cat="np">
				<edge label="DN" idref="s10_53"/>
			</nt>
		</nonterminals>
	</graph>
</s>

	</body>
</corpus>
