<?xml version="1.0" encoding="UTF-8"?>
<corpus>

	<body>
<s id="s1" ref="1" source="Running text" forest="1" text="um produto muito bom e muito simples, não é muito avançado, mas sempre tem atualizações e e tem um grande custo beneficio além de ser um celular que dura e bateria de longa duração..">
	<graph root="s1_500">
		<terminals>
			<t id="s1_1" word="um" lemma="um" pos="art" morph="M S" extra="--"/>
			<t id="s1_2" word="produto" lemma="produto" pos="n" morph="M S" sem="cc-h mon ac-cat" extra="--"/>
			<t id="s1_3" word="muito" lemma="muito" pos="adv" morph="--" extra="quant"/>
			<t id="s1_4" word="bom" lemma="bom" pos="adj" morph="M S" extra="np-close"/>
			<t id="s1_5" word="e" lemma="e" pos="conj-c" morph="--" extra="--"/>
			<t id="s1_6" word="muito" lemma="muito" pos="adv" morph="--" extra="quant"/>
			<t id="s1_7" word="simples" lemma="simples" pos="adj" morph="M/F S/P" extra="np-close"/>
			<t id="s1_8" word="," lemma="--" pos="pu" morph="--" extra="--"/>
			<t id="s1_9" word="não" lemma="não" pos="adv" morph="--" extra="--"/>
			<t id="s1_10" word="é" lemma="ser" pos="v-fin" morph="PR 3S IND VFIN" extra="nosubj nosubj nosubj nosubj cjt-head cjt-head-STA vK fmc mv"/>
			<t id="s1_11" word="muito" lemma="muito" pos="adv" morph="--" extra="quant"/>
			<t id="s1_12" word="avançado" lemma="avançar" pos="v-pcp" morph="M S" extra="vH"/>
			<t id="s1_13" word="," lemma="--" pos="pu" morph="--" extra="--"/>
			<t id="s1_14" word="mas" lemma="mas" pos="conj-c" morph="--" extra="clb"/>
			<t id="s1_15" word="sempre" lemma="sempre" pos="adv" morph="--" extra="--"/>
			<t id="s1_16" word="tem" lemma="ter" pos="v-fin" morph="PR 3S IND VFIN" extra="nosubj nosubj cjt-STA fmc mv"/>
			<t id="s1_17" word="atualizações" lemma="atualização" pos="n" morph="F P" sem="act" extra="--"/>
			<t id="s1_18" word="e" lemma="e" pos="conj-c" morph="--" extra="topkc"/>
			<t id="s1_19" word="e" lemma="e" pos="conj-c" morph="--" extra="topkc"/>
			<t id="s1_20" word="tem" lemma="ter" pos="v-fin" morph="PR 3S IND VFIN" extra="nosubj nosubj cjt-STA fmc mv"/>
			<t id="s1_21" word="um" lemma="um" pos="art" morph="M S" extra="--"/>
			<t id="s1_22" word="grande" lemma="grande" pos="adj" morph="M S" extra="--"/>
			<t id="s1_23" word="custo" lemma="custo" pos="n" morph="M S" sem="mon" extra="--"/>
			<t id="s1_24" word="beneficio" lemma="beneficiar" pos="v-fin" morph="PR 1S IND VFIN" extra="nosubj nosubj cjt-STA vH fmc mv"/>
			<t id="s1_25" word="além_de" lemma="além_de" pos="prp" morph="--" extra="--"/>
			<t id="s1_26" word="ser" lemma="ser" pos="v-inf" morph="--" extra="vK mv"/>
			<t id="s1_27" word="um" lemma="um" pos="art" morph="M S" extra="--"/>
			<t id="s1_28" word="celular" lemma="celular" pos="adj" morph="M S" extra="n nh"/>
			<t id="s1_29" word="que" lemma="que" pos="spec" morph="M S" extra="clb clb-fs rel"/>
			<t id="s1_30" word="dura" lemma="durar" pos="v-fin" morph="PR 3S IND VFIN" extra="vN mv np-close"/>
			<t id="s1_31" word="e" lemma="e" pos="conj-c" morph="--" extra="--"/>
			<t id="s1_32" word="bateria" lemma="bateria" pos="n" morph="F S" sem="tool" extra="--"/>
			<t id="s1_33" word="de" lemma="de" pos="prp" morph="--" extra="np-close"/>
			<t id="s1_34" word="longa" lemma="longo" pos="adj" morph="F S" extra="--"/>
			<t id="s1_35" word="duração" lemma="duração" pos="n" morph="F S" sem="am" extra="--"/>
			<t id="s1_36" word="." lemma="--" pos="pu" morph="--" extra="--"/>
			<t id="s1_37" word="." lemma="--" pos="pu" morph="--" extra="--"/>
		</terminals>

		<nonterminals>
			<nt id="s1_500" cat="s">
				<edge label="STA" idref="s1_501"/>
			</nt>
			<nt id="s1_501" cat="par">
				<edge label="CJT" idref="s1_502"/>
				<edge label="PU" idref="s1_13"/>
				<edge label="CO" idref="s1_14"/>
				<edge label="CJT" idref="s1_507"/>
				<edge label="CO" idref="s1_18"/>
				<edge label="CO" idref="s1_19"/>
				<edge label="CJT" idref="s1_508"/>
				<edge label="CJT" idref="s1_510"/>
				<edge label="PU" idref="s1_36"/>
				<edge label="PU" idref="s1_37"/>
			</nt>
			<nt id="s1_502" cat="fcl">
				<edge label="S" idref="s1_503"/>
				<edge label="PU" idref="s1_8"/>
				<edge label="fA" idref="s1_9"/>
				<edge label="P" idref="s1_10"/>
				<edge label="Cs" idref="s1_506"/>
			</nt>
			<nt id="s1_503" cat="np">
				<edge label="DN" idref="s1_1"/>
				<edge label="H" idref="s1_2"/>
				<edge label="DN" idref="s1_504"/>
				<edge label="DN" idref="s1_505"/>
			</nt>
			<nt id="s1_504" cat="adjp">
				<edge label="DA" idref="s1_3"/>
				<edge label="H" idref="s1_4"/>
			</nt>
			<nt id="s1_505" cat="adjp">
				<edge label="CO" idref="s1_5"/>
				<edge label="DA" idref="s1_6"/>
				<edge label="H" idref="s1_7"/>
			</nt>
			<nt id="s1_506" cat="adjp">
				<edge label="DA" idref="s1_11"/>
				<edge label="H" idref="s1_12"/>
			</nt>
			<nt id="s1_507" cat="x">
				<edge label="fA" idref="s1_15"/>
				<edge label="P" idref="s1_16"/>
				<edge label="Od" idref="s1_17"/>
			</nt>
			<nt id="s1_508" cat="x">
				<edge label="P" idref="s1_20"/>
				<edge label="Od" idref="s1_509"/>
			</nt>
			<nt id="s1_509" cat="np">
				<edge label="DN" idref="s1_21"/>
				<edge label="DN" idref="s1_22"/>
				<edge label="H" idref="s1_23"/>
			</nt>
			<nt id="s1_510" cat="x">
				<edge label="P" idref="s1_24"/>
				<edge label="fA" idref="s1_511"/>
			</nt>
			<nt id="s1_511" cat="pp">
				<edge label="H" idref="s1_25"/>
				<edge label="DP" idref="s1_512"/>
				<edge label="DN" idref="s1_513"/>
			</nt>
			<nt id="s1_512" cat="icl">
				<edge label="P" idref="s1_26"/>
			</nt>
			<nt id="s1_513" cat="fcl">
				<edge label="Od" idref="s1_514"/>
				<edge label="Cs" idref="s1_28"/>
				<edge label="S" idref="s1_29"/>
				<edge label="P" idref="s1_30"/>
			</nt>
			<nt id="s1_514" cat="np">
				<edge label="DN" idref="s1_27"/>
				<edge label="DN" idref="s1_515"/>
				<edge label="H" idref="s1_32"/>
				<edge label="-DN" idref="s1_33"/>
			</nt>
			<nt id="s1_515" cat="pp">
				<edge label="CO" idref="s1_31"/>
				<edge label="DP" idref="s1_516"/>
			</nt>
			<nt id="s1_516" cat="np">
				<edge label="DN" idref="s1_34"/>
				<edge label="H" idref="s1_35"/>
			</nt>
		</nonterminals>
	</graph>
</s>

	</body>
</corpus>
