<?xml version="1.0" encoding="UTF-8"?>
<corpus>

	<body>
<s id="s1" ref="1" source="Running text" forest="1" text="ideal para usar com único propósito, &quot;trabalho�, para outros afins, não recomendo, pois tem um design muito antigo, investindo um pouco mais pode conseguir um bem melhor, além de o sinal péssimo para ligações.">
	<graph root="s1_500">
		<terminals>
			<t id="s1_1" word="ideal" lemma="ideal" pos="n" morph="M S" sem="sem-c" extra="--"/>
			<t id="s1_2" word="para" lemma="para" pos="prp" morph="--" extra="np-close"/>
			<t id="s1_3" word="usar" lemma="usar" pos="v-inf" morph="--" extra="vH mv"/>
			<t id="s1_4" word="com" lemma="com" pos="prp" morph="--" extra="--"/>
			<t id="s1_5" word="único" lemma="único" pos="adj" morph="M S" extra="--"/>
			<t id="s1_6" word="propósito" lemma="propósito" pos="n" morph="M S" sem="ac" extra="--"/>
			<t id="s1_7" word="," lemma="--" pos="pu" morph="--" extra="--"/>
			<t id="s1_8" word="&quot;" lemma="--" pos="pu" morph="--" extra="--"/>
			<t id="s1_9" word="trabalho" lemma="trabalhar" pos="v-fin" morph="PR 1S IND VFIN" extra="nosubj nosubj nosubj nosubj nosubj nosubj cjt-head cjt-head-STA vH fmc mv"/>
			<t id="s1_10" word="&quot;" lemma="--" pos="pu" morph="--" extra="--"/>
			<t id="s1_11" word="," lemma="--" pos="pu" morph="--" extra="--"/>
			<t id="s1_12" word="para" lemma="para" pos="prp" morph="--" extra="--"/>
			<t id="s1_13" word="outros" lemma="outro" pos="pron-indef" morph="DET M P" extra="diff KOMP"/>
			<t id="s1_14" word="afins" lemma="afim" pos="n" morph="M P" sem="Hfam" extra="--"/>
			<t id="s1_15" word="," lemma="--" pos="pu" morph="--" extra="--"/>
			<t id="s1_16" word="não" lemma="não" pos="adv" morph="--" extra="--"/>
			<t id="s1_17" word="recomendo" lemma="recomendar" pos="v-fin" morph="PR 1S IND VFIN" extra="nosubj nosubj cjt-STA vH fmc mv"/>
			<t id="s1_18" word="," lemma="--" pos="pu" morph="--" extra="--"/>
			<t id="s1_19" word="pois" lemma="pois" pos="conj-s" morph="--" extra="clb"/>
			<t id="s1_20" word="tem" lemma="ter" pos="v-fin" morph="PR 3S IND VFIN" extra="nosubj nosubj cjt-STA fmc mv"/>
			<t id="s1_21" word="um" lemma="um" pos="art" morph="M S" extra="--"/>
			<t id="s1_22" word="design" lemma="design" pos="n" morph="M S" sem="percep-f domain" extra="--"/>
			<t id="s1_23" word="muito" lemma="muito" pos="adv" morph="--" extra="quant"/>
			<t id="s1_24" word="antigo" lemma="antigo" pos="adj" morph="M S" extra="jh np-close"/>
			<t id="s1_25" word="," lemma="--" pos="pu" morph="--" extra="--"/>
			<t id="s1_26" word="investindo" lemma="investir" pos="v-ger" morph="--" extra="vH mv"/>
			<t id="s1_27" word="um_pouco" lemma="um_pouco" pos="adv" morph="--" extra="quant"/>
			<t id="s1_28" word="mais" lemma="muito" pos="pron-indef" morph="DET M/F S" extra="quant KOMP"/>
			<t id="s1_29" word="pode" lemma="poder" pos="v-fin" morph="PR 3S IND VFIN" extra="cjt-STA fmc aux"/>
			<t id="s1_30" word="conseguir" lemma="conseguir" pos="v-inf" morph="--" extra="vH mv"/>
			<t id="s1_31" word="um" lemma="um" pos="num" morph="M S" extra="card"/>
			<t id="s1_32" word="bem" lemma="bem" pos="adv" morph="--" extra="quant"/>
			<t id="s1_33" word="melhor" lemma="melhor" pos="adv" morph="--" extra="KOMP SUP np-close"/>
			<t id="s1_34" word="," lemma="--" pos="pu" morph="--" extra="--"/>
			<t id="s1_35" word="além_de" lemma="além_de" pos="prp" morph="--" extra="sam-"/>
			<t id="s1_36" word="o" lemma="o" pos="art" morph="M S" extra=" -sam"/>
			<t id="s1_37" word="sinal" lemma="sinal" pos="n" morph="M S" sem="percep-l percep-w ac ac-sign mon sem-r sick-c" extra="--"/>
			<t id="s1_38" word="péssimo" lemma="mal" pos="adj" morph="M S" extra="SUP jh np-close"/>
			<t id="s1_39" word="para" lemma="para" pos="prp" morph="--" extra="np-long"/>
			<t id="s1_40" word="ligações" lemma="ligação" pos="n" morph="F P" sem="act ac ac-sign Labs" extra="--"/>
			<t id="s1_41" word="." lemma="--" pos="pu" morph="--" extra="--"/>
		</terminals>

		<nonterminals>
			<nt id="s1_500" cat="s">
				<edge label="DP" idref="s1_501"/>
			</nt>
			<nt id="s1_501" cat="icl">
				<edge label="fCs" idref="s1_502"/>
				<edge label="P" idref="s1_3"/>
				<edge label="fA" idref="s1_503"/>
				<edge label="PU" idref="s1_41"/>
			</nt>
			<nt id="s1_502" cat="np">
				<edge label="H" idref="s1_1"/>
				<edge label="DN" idref="s1_2"/>
			</nt>
			<nt id="s1_503" cat="pp">
				<edge label="H" idref="s1_4"/>
				<edge label="DP" idref="s1_504"/>
				<edge label="PU" idref="s1_8"/>
				<edge label="STA" idref="s1_505"/>
			</nt>
			<nt id="s1_504" cat="np">
				<edge label="DN" idref="s1_5"/>
				<edge label="H" idref="s1_6"/>
				<edge label="PU" idref="s1_7"/>
			</nt>
			<nt id="s1_505" cat="par">
				<edge label="CJT" idref="s1_506"/>
				<edge label="PU" idref="s1_15"/>
				<edge label="CJT" idref="s1_509"/>
				<edge label="PU" idref="s1_18"/>
				<edge label="CJT" idref="s1_510"/>
				<edge label="CJT" idref="s1_513"/>
			</nt>
			<nt id="s1_506" cat="fcl">
				<edge label="P" idref="s1_9"/>
				<edge label="PU" idref="s1_10"/>
				<edge label="PU" idref="s1_11"/>
				<edge label="fA" idref="s1_507"/>
			</nt>
			<nt id="s1_507" cat="pp">
				<edge label="H" idref="s1_12"/>
				<edge label="DP" idref="s1_508"/>
			</nt>
			<nt id="s1_508" cat="np">
				<edge label="DN" idref="s1_13"/>
				<edge label="H" idref="s1_14"/>
			</nt>
			<nt id="s1_509" cat="x">
				<edge label="fA" idref="s1_16"/>
				<edge label="P" idref="s1_17"/>
			</nt>
			<nt id="s1_510" cat="x">
				<edge label="fA" idref="s1_19"/>
				<edge label="P" idref="s1_20"/>
				<edge label="Od" idref="s1_511"/>
				<edge label="PU" idref="s1_25"/>
				<edge label="fA" idref="s1_26"/>
			</nt>
			<nt id="s1_511" cat="np">
				<edge label="DN" idref="s1_21"/>
				<edge label="H" idref="s1_22"/>
				<edge label="DN" idref="s1_512"/>
			</nt>
			<nt id="s1_512" cat="adjp">
				<edge label="DA" idref="s1_23"/>
				<edge label="H" idref="s1_24"/>
			</nt>
			<nt id="s1_513" cat="fcl">
				<edge label="S" idref="s1_514"/>
				<edge label="P" idref="s1_515"/>
				<edge label="DN" idref="s1_31"/>
				<edge label="fA" idref="s1_516"/>
				<edge label="PU" idref="s1_34"/>
				<edge label="fA" idref="s1_517"/>
			</nt>
			<nt id="s1_514" cat="adjp">
				<edge label="DA" idref="s1_27"/>
				<edge label="H" idref="s1_28"/>
			</nt>
			<nt id="s1_515" cat="vp">
				<edge label="Vaux" idref="s1_29"/>
				<edge label="Vm" idref="s1_30"/>
			</nt>
			<nt id="s1_516" cat="advp">
				<edge label="DA" idref="s1_32"/>
				<edge label="H" idref="s1_33"/>
			</nt>
			<nt id="s1_517" cat="pp">
				<edge label="H" idref="s1_35"/>
				<edge label="DP" idref="s1_518"/>
			</nt>
			<nt id="s1_518" cat="np">
				<edge label="DN" idref="s1_36"/>
				<edge label="H" idref="s1_37"/>
				<edge label="DN" idref="s1_38"/>
				<edge label="DN" idref="s1_519"/>
			</nt>
			<nt id="s1_519" cat="pp">
				<edge label="H" idref="s1_39"/>
				<edge label="DP" idref="s1_40"/>
			</nt>
		</nonterminals>
	</graph>
</s>

<s id="s2" ref="2" source="Running text" forest="1" text="o que gostei fácil manuseio o que não gostei chamadas com muita interferência, interface muito simples.">
	<graph root="s2_500">
		<terminals>
			<t id="s2_1" word="o" lemma="o" pos="pron-dem" morph="DET M S" extra="dem"/>
			<t id="s2_2" word="que" lemma="que" pos="spec" morph="M S" extra="clb rel"/>
			<t id="s2_3" word="gostei" lemma="gostar" pos="v-fin" morph="PS 1S IND VFIN" extra="vH mv"/>
			<t id="s2_4" word="fácil" lemma="fácil" pos="adj" morph="M S" extra="jh"/>
			<t id="s2_5" word="manuseio" lemma="manuseio" pos="n" morph="M S" sem="act-d" extra="--"/>
			<t id="s2_6" word="o_que" lemma="o_que" pos="spec" morph="M S" extra="clb clb-fs rel"/>
			<t id="s2_7" word="não" lemma="não" pos="adv" morph="--" extra="--"/>
			<t id="s2_8" word="gostei" lemma="gostar" pos="v-fin" morph="PS 1S IND VFIN" extra="vH mv np-close"/>
			<t id="s2_9" word="chamadas" lemma="chamar" pos="v-pcp" morph="F P" extra="vH jh mv"/>
			<t id="s2_10" word="com" lemma="com" pos="prp" morph="--" extra="--"/>
			<t id="s2_11" word="muita" lemma="muito" pos="pron-indef" morph="DET F S" extra="quant"/>
			<t id="s2_12" word="interferência" lemma="interferência" pos="n" morph="F S" sem="am" extra="--"/>
			<t id="s2_13" word="," lemma="--" pos="pu" morph="--" extra="--"/>
			<t id="s2_14" word="interface" lemma="interface" pos="n" morph="F S" sem="tool" extra="np-close"/>
			<t id="s2_15" word="muito" lemma="muito" pos="adv" morph="--" extra="quant"/>
			<t id="s2_16" word="simples" lemma="simples" pos="adj" morph="M/F S/P" extra="np-close"/>
			<t id="s2_17" word="." lemma="--" pos="pu" morph="--" extra="--"/>
		</terminals>

		<nonterminals>
			<nt id="s2_500" cat="s">
				<edge label="X" idref="s2_501"/>
			</nt>
			<nt id="s2_501" cat="adjp">
				<edge label="H" idref="s2_1"/>
				<edge label="STA" idref="s2_502"/>
				<edge label="PU" idref="s2_17"/>
			</nt>
			<nt id="s2_502" cat="fcl">
				<edge label="X" idref="s2_2"/>
				<edge label="P" idref="s2_3"/>
				<edge label="S" idref="s2_503"/>
			</nt>
			<nt id="s2_503" cat="np">
				<edge label="DN" idref="s2_4"/>
				<edge label="H" idref="s2_5"/>
				<edge label="DN" idref="s2_504"/>
			</nt>
			<nt id="s2_504" cat="fcl">
				<edge label="Od" idref="s2_6"/>
				<edge label="fA" idref="s2_7"/>
				<edge label="P" idref="s2_8"/>
				<edge label="fCs" idref="s2_505"/>
			</nt>
			<nt id="s2_505" cat="icl">
				<edge label="P" idref="s2_9"/>
				<edge label="fA" idref="s2_506"/>
			</nt>
			<nt id="s2_506" cat="pp">
				<edge label="H" idref="s2_10"/>
				<edge label="DP" idref="s2_507"/>
			</nt>
			<nt id="s2_507" cat="np">
				<edge label="DN" idref="s2_11"/>
				<edge label="H" idref="s2_12"/>
				<edge label="PU" idref="s2_13"/>
				<edge label="DNc" idref="s2_508"/>
			</nt>
			<nt id="s2_508" cat="np">
				<edge label="H" idref="s2_14"/>
				<edge label="DN" idref="s2_509"/>
			</nt>
			<nt id="s2_509" cat="adjp">
				<edge label="DA" idref="s2_15"/>
				<edge label="H" idref="s2_16"/>
			</nt>
		</nonterminals>
	</graph>
</s>

	</body>
</corpus>
