<?xml version="1.0" encoding="UTF-8"?>
<corpus>

	<body>
<s id="s1" ref="1" source="Running text" forest="1" text="excelente produto para quem gosta de música.">
	<graph root="s1_500">
		<terminals>
			<t id="s1_1" word="excelente" lemma="excelente" pos="adj" morph="M S" extra="--"/>
			<t id="s1_2" word="produto" lemma="produto" pos="n" morph="M S" sem="cc-h mon ac-cat" extra="--"/>
			<t id="s1_3" word="para" lemma="para" pos="prp" morph="--" extra="np-close"/>
			<t id="s1_4" word="quem" lemma="quem" pos="spec" morph="M/F S" extra="clb clb-fs rel"/>
			<t id="s1_5" word="gosta" lemma="gostar" pos="v-fin" morph="PR 3S IND VFIN" extra="vH mv"/>
			<t id="s1_6" word="de" lemma="de" pos="prp" morph="--" extra="--"/>
			<t id="s1_7" word="música" lemma="música" pos="n" morph="F S" sem="domain sem-l cc-r" extra="--"/>
			<t id="s1_8" word="." lemma="--" pos="pu" morph="--" extra="--"/>
		</terminals>

		<nonterminals>
			<nt id="s1_500" cat="s">
				<edge label="X" idref="s1_501"/>
			</nt>
			<nt id="s1_501" cat="np">
				<edge label="DN" idref="s1_1"/>
				<edge label="H" idref="s1_2"/>
				<edge label="DN" idref="s1_502"/>
				<edge label="PU" idref="s1_8"/>
			</nt>
			<nt id="s1_502" cat="pp">
				<edge label="H" idref="s1_3"/>
				<edge label="DP" idref="s1_503"/>
			</nt>
			<nt id="s1_503" cat="fcl">
				<edge label="S" idref="s1_4"/>
				<edge label="P" idref="s1_5"/>
				<edge label="Op" idref="s1_504"/>
			</nt>
			<nt id="s1_504" cat="pp">
				<edge label="H" idref="s1_6"/>
				<edge label="DP" idref="s1_7"/>
			</nt>
		</nonterminals>
	</graph>
</s>

<s id="s2" ref="2" source="Running text" forest="1" text="este celular tem esta característica.">
	<graph root="s2_500">
		<terminals>
			<t id="s2_1" word="este" lemma="este" pos="pron-dem" morph="DET M S" extra="dem"/>
			<t id="s2_2" word="celular" lemma="celular" pos="adj" morph="M S" extra="n nh"/>
			<t id="s2_3" word="tem" lemma="ter" pos="v-fin" morph="PR 3S IND VFIN" extra="fmc mv"/>
			<t id="s2_4" word="esta" lemma="este" pos="pron-dem" morph="DET F S" extra="dem"/>
			<t id="s2_5" word="característica" lemma="característica" pos="n" morph="F S" sem="ac" extra="--"/>
			<t id="s2_6" word="." lemma="--" pos="pu" morph="--" extra="--"/>
		</terminals>

		<nonterminals>
			<nt id="s2_500" cat="s">
				<edge label="STA" idref="s2_501"/>
			</nt>
			<nt id="s2_501" cat="fcl">
				<edge label="Od" idref="s2_502"/>
				<edge label="S" idref="s2_2"/>
				<edge label="P" idref="s2_3"/>
				<edge label="PU" idref="s2_6"/>
			</nt>
			<nt id="s2_502" cat="np">
				<edge label="DN" idref="s2_1"/>
				<edge label="DN" idref="s2_4"/>
				<edge label="H" idref="s2_5"/>
			</nt>
		</nonterminals>
	</graph>
</s>

<s id="s3" ref="3" source="Running text" forest="1" text="gasta muita bateria devido a esta função.">
	<graph root="s3_500">
		<terminals>
			<t id="s3_1" word="gasta" lemma="gastar" pos="v-fin" morph="PR 3S IND VFIN" extra="fmc mv"/>
			<t id="s3_2" word="muita" lemma="muito" pos="pron-indef" morph="DET F S" extra="quant"/>
			<t id="s3_3" word="bateria" lemma="bateria" pos="n" morph="F S" sem="tool" extra="--"/>
			<t id="s3_4" word="devido_a" lemma="devido_a" pos="prp" morph="--" extra="--"/>
			<t id="s3_5" word="esta" lemma="este" pos="pron-dem" morph="DET F S" extra="dem"/>
			<t id="s3_6" word="função" lemma="função" pos="n" morph="F S" sem="ac pos-soc occ" extra="--"/>
			<t id="s3_7" word="." lemma="--" pos="pu" morph="--" extra="--"/>
		</terminals>

		<nonterminals>
			<nt id="s3_500" cat="s">
				<edge label="STA" idref="s3_501"/>
			</nt>
			<nt id="s3_501" cat="fcl">
				<edge label="P" idref="s3_1"/>
				<edge label="Od" idref="s3_502"/>
				<edge label="fA" idref="s3_503"/>
				<edge label="PU" idref="s3_7"/>
			</nt>
			<nt id="s3_502" cat="np">
				<edge label="DN" idref="s3_2"/>
				<edge label="H" idref="s3_3"/>
			</nt>
			<nt id="s3_503" cat="pp">
				<edge label="H" idref="s3_4"/>
				<edge label="DP" idref="s3_504"/>
			</nt>
			<nt id="s3_504" cat="np">
				<edge label="DN" idref="s3_5"/>
				<edge label="H" idref="s3_6"/>
			</nt>
		</nonterminals>
	</graph>
</s>

<s id="s4" ref="4" source="Running text" forest="1" text="o que gostei excelente produto para quem gosta de música.">
	<graph root="s4_500">
		<terminals>
			<t id="s4_1" word="o" lemma="o" pos="pron-dem" morph="DET M S" extra="dem"/>
			<t id="s4_2" word="que" lemma="que" pos="spec" morph="M S" extra="clb clb-fs rel"/>
			<t id="s4_3" word="gostei" lemma="gostar" pos="v-fin" morph="PS 1S IND VFIN" extra="vH mv np-close"/>
			<t id="s4_4" word="excelente" lemma="excelente" pos="adj" morph="M S" extra="--"/>
			<t id="s4_5" word="produto" lemma="produto" pos="n" morph="M S" sem="cc-h mon ac-cat" extra="--"/>
			<t id="s4_6" word="para" lemma="para" pos="prp" morph="--" extra="np-close"/>
			<t id="s4_7" word="quem" lemma="quem" pos="spec" morph="M/F S" extra="clb clb-fs rel"/>
			<t id="s4_8" word="gosta" lemma="gostar" pos="v-fin" morph="PR 3S IND VFIN" extra="vH mv"/>
			<t id="s4_9" word="de" lemma="de" pos="prp" morph="--" extra="--"/>
			<t id="s4_10" word="música" lemma="música" pos="n" morph="F S" sem="domain sem-l cc-r" extra="--"/>
			<t id="s4_11" word="." lemma="--" pos="pu" morph="--" extra="--"/>
		</terminals>

		<nonterminals>
			<nt id="s4_500" cat="s">
				<edge label="UTT" idref="s4_501"/>
			</nt>
			<nt id="s4_501" cat="x">
				<edge label="X" idref="s4_1"/>
				<edge label="DN" idref="s4_502"/>
				<edge label="S" idref="s4_2"/>
				<edge label="P" idref="s4_3"/>
				<edge label="fCs" idref="s4_503"/>
				<edge label="DN" idref="s4_4"/>
				<edge label="H" idref="s4_5"/>
				<edge label="DN" idref="s4_504"/>
				<edge label="PU" idref="s4_11"/>
			</nt>
			<nt id="s4_502" cat="fcl">
			</nt>
			<nt id="s4_503" cat="np">
			</nt>
			<nt id="s4_504" cat="pp">
				<edge label="H" idref="s4_6"/>
				<edge label="DP" idref="s4_505"/>
			</nt>
			<nt id="s4_505" cat="fcl">
				<edge label="S" idref="s4_7"/>
				<edge label="P" idref="s4_8"/>
				<edge label="Op" idref="s4_506"/>
			</nt>
			<nt id="s4_506" cat="pp">
				<edge label="H" idref="s4_9"/>
				<edge label="DP" idref="s4_10"/>
			</nt>
		</nonterminals>
	</graph>
</s>

<s id="s5" ref="5" source="Running text" forest="1" text="este celular tem esta característica.">
	<graph root="s5_500">
		<terminals>
			<t id="s5_1" word="este" lemma="este" pos="pron-dem" morph="DET M S" extra="dem"/>
			<t id="s5_2" word="celular" lemma="celular" pos="adj" morph="M S" extra="n nh"/>
			<t id="s5_3" word="tem" lemma="ter" pos="v-fin" morph="PR 3S IND VFIN" extra="fmc mv"/>
			<t id="s5_4" word="esta" lemma="este" pos="pron-dem" morph="DET F S" extra="dem"/>
			<t id="s5_5" word="característica" lemma="característica" pos="n" morph="F S" sem="ac" extra="--"/>
			<t id="s5_6" word="." lemma="--" pos="pu" morph="--" extra="--"/>
		</terminals>

		<nonterminals>
			<nt id="s5_500" cat="s">
				<edge label="STA" idref="s5_501"/>
			</nt>
			<nt id="s5_501" cat="fcl">
				<edge label="Od" idref="s5_502"/>
				<edge label="S" idref="s5_2"/>
				<edge label="P" idref="s5_3"/>
				<edge label="PU" idref="s5_6"/>
			</nt>
			<nt id="s5_502" cat="np">
				<edge label="DN" idref="s5_1"/>
				<edge label="DN" idref="s5_4"/>
				<edge label="H" idref="s5_5"/>
			</nt>
		</nonterminals>
	</graph>
</s>

<s id="s6" ref="6" source="Running text" forest="1" text="o que não gostei gasta muita bateria devido a esta função..">
	<graph root="s6_500">
		<terminals>
			<t id="s6_1" word="o" lemma="o" pos="pron-dem" morph="DET M S" extra="dem"/>
			<t id="s6_2" word="que" lemma="que" pos="spec" morph="M S" extra="clb clb-fs rel"/>
			<t id="s6_3" word="não" lemma="não" pos="adv" morph="--" extra="--"/>
			<t id="s6_4" word="gostei" lemma="gostar" pos="v-fin" morph="PS 1S IND VFIN" extra="vH mv np-close"/>
			<t id="s6_5" word="gasta" lemma="gastar" pos="v-fin" morph="PR 3S IND VFIN" extra="fmc mv"/>
			<t id="s6_6" word="muita" lemma="muito" pos="pron-indef" morph="DET F S" extra="quant"/>
			<t id="s6_7" word="bateria" lemma="bateria" pos="n" morph="F S" sem="tool" extra="--"/>
			<t id="s6_8" word="devido_a" lemma="devido_a" pos="prp" morph="--" extra="--"/>
			<t id="s6_9" word="esta" lemma="este" pos="pron-dem" morph="DET F S" extra="dem"/>
			<t id="s6_10" word="função" lemma="função" pos="n" morph="F S" sem="ac pos-soc occ" extra="--"/>
			<t id="s6_11" word="." lemma="--" pos="pu" morph="--" extra="--"/>
			<t id="s6_12" word="." lemma="--" pos="pu" morph="--" extra="--"/>
		</terminals>

		<nonterminals>
			<nt id="s6_500" cat="s">
				<edge label="UTT" idref="s6_501"/>
			</nt>
			<nt id="s6_501" cat="x">
				<edge label="STA" idref="s6_502"/>
				<edge label="DN" idref="s6_503"/>
				<edge label="S" idref="s6_2"/>
				<edge label="fA" idref="s6_3"/>
				<edge label="P" idref="s6_4"/>
				<edge label="P" idref="s6_5"/>
				<edge label="Od" idref="s6_504"/>
				<edge label="fA" idref="s6_505"/>
				<edge label="PU" idref="s6_11"/>
				<edge label="PU" idref="s6_12"/>
			</nt>
			<nt id="s6_502" cat="fcl">
				<edge label="S" idref="s6_1"/>
			</nt>
			<nt id="s6_503" cat="fcl">
			</nt>
			<nt id="s6_504" cat="np">
				<edge label="DN" idref="s6_6"/>
				<edge label="H" idref="s6_7"/>
			</nt>
			<nt id="s6_505" cat="pp">
				<edge label="H" idref="s6_8"/>
				<edge label="DP" idref="s6_506"/>
			</nt>
			<nt id="s6_506" cat="np">
				<edge label="DN" idref="s6_9"/>
				<edge label="H" idref="s6_10"/>
			</nt>
		</nonterminals>
	</graph>
</s>

	</body>
</corpus>
