<?xml version="1.0" encoding="UTF-8"?>
<corpus>

	<body>
<s id="s1" ref="1" source="Running text" forest="1" text="ótimo para quem usa email e outras funções básicas de um celular.">
	<graph root="s1_500">
		<terminals>
			<t id="s1_1" word="ótimo" lemma="bom" pos="adj" morph="M S" extra="n SUP jh"/>
			<t id="s1_2" word="para" lemma="para" pos="prp" morph="--" extra="np-close"/>
			<t id="s1_3" word="quem" lemma="quem" pos="spec" morph="M/F S" extra="clb clb-fs rel"/>
			<t id="s1_4" word="usa" lemma="usar" pos="v-fin" morph="PR 3S IND VFIN" extra="vH mv"/>
			<t id="s1_5" word="email" lemma="email" pos="n" morph="M S" sem="sem-r" extra="cjt-head cjt-head-Od"/>
			<t id="s1_6" word="e" lemma="e" pos="conj-c" morph="--" extra="--"/>
			<t id="s1_7" word="outras" lemma="outro" pos="pron-indef" morph="DET F P" extra="diff KOMP"/>
			<t id="s1_8" word="funções" lemma="função" pos="n" morph="F P" sem="ac pos-soc occ" extra="cjt-Od"/>
			<t id="s1_9" word="básicas" lemma="básico" pos="adj" morph="F P" extra="nh np-close"/>
			<t id="s1_10" word="de" lemma="de" pos="prp" morph="--" extra="np-close"/>
			<t id="s1_11" word="um" lemma="um" pos="art" morph="M S" extra="--"/>
			<t id="s1_12" word="celular" lemma="celular" pos="adj" morph="M S" extra="n nh"/>
			<t id="s1_13" word="." lemma="--" pos="pu" morph="--" extra="--"/>
		</terminals>

		<nonterminals>
			<nt id="s1_500" cat="s">
				<edge label="UTT" idref="s1_501"/>
			</nt>
			<nt id="s1_501" cat="x">
				<edge label="X" idref="s1_1"/>
				<edge label="DN" idref="s1_502"/>
				<edge label="H" idref="s1_2"/>
				<edge label="DP" idref="s1_503"/>
				<edge label="PU" idref="s1_13"/>
			</nt>
			<nt id="s1_502" cat="pp">
			</nt>
			<nt id="s1_503" cat="fcl">
				<edge label="S" idref="s1_3"/>
				<edge label="P" idref="s1_4"/>
				<edge label="Od" idref="s1_504"/>
			</nt>
			<nt id="s1_504" cat="par">
				<edge label="CJT" idref="s1_5"/>
				<edge label="CJT" idref="s1_505"/>
			</nt>
			<nt id="s1_505" cat="np">
				<edge label="DN" idref="s1_506"/>
				<edge label="DN" idref="s1_7"/>
				<edge label="H" idref="s1_8"/>
				<edge label="-DN" idref="s1_9"/>
				<edge label="DN" idref="s1_507"/>
			</nt>
			<nt id="s1_506" cat="adjp">
				<edge label="CO" idref="s1_6"/>
			</nt>
			<nt id="s1_507" cat="pp">
				<edge label="H" idref="s1_10"/>
				<edge label="DP" idref="s1_508"/>
			</nt>
			<nt id="s1_508" cat="np">
				<edge label="DN" idref="s1_11"/>
				<edge label="H" idref="s1_12"/>
			</nt>
		</nonterminals>
	</graph>
</s>

<s id="s2" ref="2" source="Running text" forest="1" text="deixa a desejar no consumo da bateria, consume rápido e no meu caso, com carregamento mais que diário da bateria, ela apos viciou �na carga.">
	<graph root="s2_500">
		<terminals>
			<t id="s2_1" word="deixa" lemma="deixar" pos="v-fin" morph="PR 3S IND VFIN" extra="nosubj nosubj nosubj nosubj cjt-head cjt-head-STA fmc aux"/>
			<t id="s2_2" word="a" lemma="a" pos="prp" morph="--" extra="--"/>
			<t id="s2_3" word="desejar" lemma="desejar" pos="v-inf" morph="--" extra="vH mv"/>
			<t id="s2_4" word="em" lemma="em" pos="prp" morph="--" extra="sam-"/>
			<t id="s2_5" word="o" lemma="o" pos="art" morph="M S" extra="-sam "/>
			<t id="s2_6" word="consumo" lemma="consumo" pos="n" morph="M S" sem="act-d" extra="--"/>
			<t id="s2_7" word="de" lemma="de" pos="prp" morph="--" extra="sam- np-close"/>
			<t id="s2_8" word="a" lemma="o" pos="art" morph="F S" extra="-sam "/>
			<t id="s2_9" word="bateria" lemma="bateria" pos="n" morph="F S" sem="tool" extra="--"/>
			<t id="s2_10" word="," lemma="--" pos="pu" morph="--" extra="--"/>
			<t id="s2_11" word="consume" lemma="consumir" pos="v-fin" morph="PR 3S IND VFIN" extra="nosubj nosubj cjt-STA fmc mv"/>
			<t id="s2_12" word="rápido" lemma="rápido" pos="adj" morph="M S" extra="adv"/>
			<t id="s2_13" word="e" lemma="e" pos="conj-c" morph="--" extra="--"/>
			<t id="s2_14" word="em" lemma="em" pos="prp" morph="--" extra="sam-"/>
			<t id="s2_15" word="o" lemma="o" pos="art" morph="M S" extra="-sam "/>
			<t id="s2_16" word="meu" lemma="meu" pos="pron-poss" morph="DET M S" extra="poss 1S"/>
			<t id="s2_17" word="caso" lemma="caso" pos="n" morph="M S" sem="event ac-cat sem" extra="--"/>
			<t id="s2_18" word="," lemma="--" pos="pu" morph="--" extra="--"/>
			<t id="s2_19" word="com" lemma="com" pos="prp" morph="--" extra="--"/>
			<t id="s2_20" word="carregamento" lemma="carregamento" pos="n" morph="M S" sem="act" extra="--"/>
			<t id="s2_21" word="mais" lemma="mais" pos="adv" morph="--" extra="quant KOMP"/>
			<t id="s2_22" word="que" lemma="que" pos="conj-s" morph="--" extra="com"/>
			<t id="s2_23" word="diário" lemma="diário" pos="adj" morph="M S" extra="nh"/>
			<t id="s2_24" word="de" lemma="de" pos="prp" morph="--" extra="sam- np-close"/>
			<t id="s2_25" word="a" lemma="o" pos="art" morph="F S" extra="-sam "/>
			<t id="s2_26" word="bateria" lemma="bateria" pos="n" morph="F S" sem="tool" extra="--"/>
			<t id="s2_27" word="," lemma="--" pos="pu" morph="--" extra="--"/>
			<t id="s2_28" word="ela" lemma="ela" pos="pron-pers" morph="F 3S NOM" extra="--"/>
			<t id="s2_29" word="apos" lemma="após" pos="adv" morph="--" extra="--"/>
			<t id="s2_30" word="viciou" lemma="viciar" pos="v-fin" morph="PS 3S IND VFIN" extra="cjt-STA fmc mv"/>
			<t id="s2_31" word="&quot;" lemma="--" pos="pu" morph="--" extra="--"/>
			<t id="s2_32" word="em" lemma="em" pos="prp" morph="--" extra="sam-"/>
			<t id="s2_33" word="a" lemma="o" pos="art" morph="F S" extra="-sam "/>
			<t id="s2_34" word="carga" lemma="carga" pos="n" morph="F S" sem="amount act ac" extra="--"/>
			<t id="s2_35" word="." lemma="--" pos="pu" morph="--" extra="--"/>
		</terminals>

		<nonterminals>
			<nt id="s2_500" cat="s">
				<edge label="STA" idref="s2_501"/>
			</nt>
			<nt id="s2_501" cat="par">
				<edge label="CJT" idref="s2_1"/>
				<edge label="CJT" idref="s2_502"/>
				<edge label="CJT" idref="s2_509"/>
				<edge label="PU" idref="s2_35"/>
			</nt>
			<nt id="s2_502" cat="x">
				<edge label="fA" idref="s2_503"/>
				<edge label="PU" idref="s2_10"/>
				<edge label="P" idref="s2_11"/>
				<edge label="fCs" idref="s2_12"/>
			</nt>
			<nt id="s2_503" cat="pp">
				<edge label="H" idref="s2_2"/>
				<edge label="DP" idref="s2_504"/>
			</nt>
			<nt id="s2_504" cat="icl">
				<edge label="P" idref="s2_3"/>
				<edge label="fA" idref="s2_505"/>
			</nt>
			<nt id="s2_505" cat="pp">
				<edge label="H" idref="s2_4"/>
				<edge label="DP" idref="s2_506"/>
			</nt>
			<nt id="s2_506" cat="np">
				<edge label="DN" idref="s2_5"/>
				<edge label="H" idref="s2_6"/>
				<edge label="DN" idref="s2_507"/>
			</nt>
			<nt id="s2_507" cat="pp">
				<edge label="H" idref="s2_7"/>
				<edge label="DP" idref="s2_508"/>
			</nt>
			<nt id="s2_508" cat="np">
				<edge label="DN" idref="s2_8"/>
				<edge label="H" idref="s2_9"/>
			</nt>
			<nt id="s2_509" cat="fcl">
				<edge label="fCs" idref="s2_510"/>
				<edge label="fA" idref="s2_511"/>
				<edge label="fA" idref="s2_514"/>
				<edge label="PU" idref="s2_27"/>
				<edge label="S" idref="s2_28"/>
				<edge label="fA" idref="s2_29"/>
				<edge label="P" idref="s2_30"/>
				<edge label="PU" idref="s2_31"/>
				<edge label="fA" idref="s2_518"/>
			</nt>
			<nt id="s2_510" cat="pp">
				<edge label="CO" idref="s2_13"/>
			</nt>
			<nt id="s2_511" cat="pp">
				<edge label="H" idref="s2_14"/>
				<edge label="DP" idref="s2_512"/>
				<edge label="PU" idref="s2_18"/>
				<edge label="H" idref="s2_19"/>
				<edge label="DP" idref="s2_513"/>
			</nt>
			<nt id="s2_512" cat="np">
				<edge label="DN" idref="s2_15"/>
				<edge label="DN" idref="s2_16"/>
				<edge label="H" idref="s2_17"/>
			</nt>
			<nt id="s2_513" cat="np">
				<edge label="H" idref="s2_20"/>
			</nt>
			<nt id="s2_514" cat="advp">
				<edge label="H" idref="s2_21"/>
				<edge label="DAcom" idref="s2_515"/>
			</nt>
			<nt id="s2_515" cat="acl">
				<edge label="H" idref="s2_22"/>
				<edge label="X" idref="s2_23"/>
				<edge label="DN" idref="s2_516"/>
			</nt>
			<nt id="s2_516" cat="pp">
				<edge label="H" idref="s2_24"/>
				<edge label="DP" idref="s2_517"/>
			</nt>
			<nt id="s2_517" cat="np">
				<edge label="DN" idref="s2_25"/>
				<edge label="H" idref="s2_26"/>
			</nt>
			<nt id="s2_518" cat="pp">
				<edge label="H" idref="s2_32"/>
				<edge label="DP" idref="s2_519"/>
			</nt>
			<nt id="s2_519" cat="np">
				<edge label="DN" idref="s2_33"/>
				<edge label="H" idref="s2_34"/>
			</nt>
		</nonterminals>
	</graph>
</s>

<s id="s3" ref="3" source="Running text" forest="1" text="tive trocas- la.">
	<graph root="s3_500">
		<terminals>
			<t id="s3_1" word="tive" lemma="ter" pos="v-fin" morph="PS 1S IND VFIN" extra="nosubj nosubj cjt-head cjt-head-STA fmc mv"/>
			<t id="s3_2" word="trocas-" lemma="trocar" pos="v-fin" morph="PR 2S IND VFIN" extra="nosubj nosubj cjt-STA hyfen vH fmc mv"/>
			<t id="s3_3" word="la" lemma="ela" pos="pron-pers" morph="F 3S ACC" extra="--"/>
			<t id="s3_4" word="." lemma="--" pos="pu" morph="--" extra="--"/>
		</terminals>

		<nonterminals>
			<nt id="s3_500" cat="s">
				<edge label="STA" idref="s3_501"/>
			</nt>
			<nt id="s3_501" cat="par">
				<edge label="CJT" idref="s3_1"/>
				<edge label="CJT" idref="s3_502"/>
				<edge label="PU" idref="s3_4"/>
			</nt>
			<nt id="s3_502" cat="x">
				<edge label="P" idref="s3_2"/>
				<edge label="Od" idref="s3_3"/>
			</nt>
		</nonterminals>
	</graph>
</s>

<s id="s4" ref="4" source="Running text" forest="1" text="o que gostei bom tamanho e fácil usabilidade o que não gostei bateria.">
	<graph root="s4_500">
		<terminals>
			<t id="s4_1" word="o" lemma="o" pos="pron-dem" morph="DET M S" extra="dem"/>
			<t id="s4_2" word="que" lemma="que" pos="spec" morph="M S" extra="clb rel"/>
			<t id="s4_3" word="gostei" lemma="gostar" pos="v-fin" morph="PS 1S IND VFIN" extra="vH mv"/>
			<t id="s4_4" word="bom" lemma="bom" pos="adj" morph="M S" extra="cjt-head cjt-head-S n jh"/>
			<t id="s4_5" word="tamanho" lemma="tamanho" pos="adj" morph="M S" extra="KOMP np-close"/>
			<t id="s4_6" word="e" lemma="e" pos="conj-c" morph="--" extra="topkc"/>
			<t id="s4_7" word="fácil" lemma="fácil" pos="adj" morph="F S" extra="--"/>
			<t id="s4_8" word="usabilidade" lemma="usabilidade" pos="n" morph="F S" extra="cjt-S DERS DERS"/>
			<t id="s4_9" word="o" lemma="ele" pos="pron-pers" morph="M 3S ACC" extra="--"/>
			<t id="s4_10" word="que" lemma="que" pos="conj-s" morph="--" extra="clb clb-fs"/>
			<t id="s4_11" word="não" lemma="não" pos="adv" morph="--" extra="--"/>
			<t id="s4_12" word="gostei" lemma="gostar" pos="v-fin" morph="PS 1S IND VFIN" extra="vH mv"/>
			<t id="s4_13" word="bateria" lemma="bateria" pos="n" morph="F S" sem="tool" extra="--"/>
			<t id="s4_14" word="." lemma="--" pos="pu" morph="--" extra="--"/>
		</terminals>

		<nonterminals>
			<nt id="s4_500" cat="s">
				<edge label="X" idref="s4_501"/>
			</nt>
			<nt id="s4_501" cat="adjp">
				<edge label="H" idref="s4_1"/>
				<edge label="STA" idref="s4_502"/>
				<edge label="PU" idref="s4_14"/>
			</nt>
			<nt id="s4_502" cat="fcl">
				<edge label="X" idref="s4_2"/>
				<edge label="P" idref="s4_3"/>
				<edge label="S" idref="s4_503"/>
				<edge label="DN" idref="s4_504"/>
			</nt>
			<nt id="s4_503" cat="par">
				<edge label="CJT" idref="s4_4"/>
			</nt>
			<nt id="s4_504" cat="adjp">
				<edge label="H" idref="s4_5"/>
				<edge label="DAcom" idref="s4_505"/>
				<edge label="CJT" idref="s4_506"/>
				<edge label="Od" idref="s4_9"/>
				<edge label="fCs" idref="s4_13"/>
			</nt>
			<nt id="s4_505" cat="fcl">
				<edge label="CO" idref="s4_6"/>
			</nt>
			<nt id="s4_506" cat="np">
				<edge label="DN" idref="s4_7"/>
				<edge label="H" idref="s4_8"/>
			</nt>
		</nonterminals>
	</graph>
</s>

	</body>
</corpus>
