<?xml version="1.0" encoding="UTF-8"?>
<corpus>

	<body>
<s id="s1" ref="1" source="Running text" forest="1" text="tenho certa experiência no uso de smartfhones já comprei vários de diversas marcas e modelos e sempre faltava algum detalhe para conquistar minha preferência.">
	<graph root="s1_500">
		<terminals>
			<t id="s1_1" word="tenho" lemma="ter" pos="v-fin" morph="PR 1S IND VFIN" extra="nosubj nosubj cjt-head cjt-head-STA fmc mv"/>
			<t id="s1_2" word="certa" lemma="certo" pos="adj" morph="F S" extra="--"/>
			<t id="s1_3" word="experiência" lemma="experiência" pos="n" morph="F S" sem="am ac" extra="--"/>
			<t id="s1_4" word="em" lemma="em" pos="prp" morph="--" extra="sam- np-close"/>
			<t id="s1_5" word="o" lemma="o" pos="art" morph="M S" extra="-sam "/>
			<t id="s1_6" word="uso" lemma="uso" pos="n" morph="M S" sem="act ac" extra="--"/>
			<t id="s1_7" word="de" lemma="de" pos="prp" morph="--" extra="np-close"/>
			<t id="s1_8" word="smartfhones" lemma="smartfhone" pos="n" morph="M P" extra="heur foreign"/>
			<t id="s1_9" word="já" lemma="já" pos="adv" morph="--" extra="--"/>
			<t id="s1_10" word="comprei" lemma="comprar" pos="v-fin" morph="PS 1S IND VFIN" extra="nosubj nosubj cjt-STA vH fmc mv"/>
			<t id="s1_11" word="vários" lemma="vários" pos="pron-indef" morph="DET M P" extra="quant"/>
			<t id="s1_12" word="de" lemma="de" pos="prp" morph="--" extra="np-close"/>
			<t id="s1_13" word="diversas" lemma="diverso" pos="adj" morph="F P" extra="--"/>
			<t id="s1_14" word="marcas" lemma="marca" pos="n" morph="F P" sem="ac-sign Labs bar" extra="cjt-head cjt-head-DP"/>
			<t id="s1_15" word="e" lemma="e" pos="conj-c" morph="--" extra="--"/>
			<t id="s1_16" word="modelos" lemma="modelo" pos="n" morph="F P" sem="Hprof" extra="cjt-DP"/>
			<t id="s1_17" word="e" lemma="e" pos="conj-c" morph="--" extra="--"/>
			<t id="s1_18" word="sempre" lemma="sempre" pos="adv" morph="--" extra="--"/>
			<t id="s1_19" word="faltava" lemma="faltar" pos="v-fin" morph="IMPF 3S IND VFIN" extra="cjt-STA fmc mv"/>
			<t id="s1_20" word="algum" lemma="algum" pos="pron-indef" morph="DET M S" extra="quant"/>
			<t id="s1_21" word="detalhe" lemma="detalhe" pos="n" morph="M S" sem="ac" extra="--"/>
			<t id="s1_22" word="para" lemma="para" pos="prp" morph="--" extra="--"/>
			<t id="s1_23" word="conquistar" lemma="conquistar" pos="v-inf" morph="--" extra="vH mv"/>
			<t id="s1_24" word="minha" lemma="meu" pos="pron-poss" morph="DET F S" extra="poss 1S"/>
			<t id="s1_25" word="preferência" lemma="preferência" pos="n" morph="F S" sem="am" extra="--"/>
			<t id="s1_26" word="." lemma="--" pos="pu" morph="--" extra="--"/>
		</terminals>

		<nonterminals>
			<nt id="s1_500" cat="s">
				<edge label="STA" idref="s1_501"/>
			</nt>
			<nt id="s1_501" cat="par">
				<edge label="CJT" idref="s1_502"/>
				<edge label="CJT" idref="s1_508"/>
				<edge label="CJT" idref="s1_512"/>
				<edge label="PU" idref="s1_26"/>
			</nt>
			<nt id="s1_502" cat="fcl">
				<edge label="P" idref="s1_1"/>
				<edge label="Od" idref="s1_503"/>
			</nt>
			<nt id="s1_503" cat="np">
				<edge label="DN" idref="s1_2"/>
				<edge label="H" idref="s1_3"/>
				<edge label="DN" idref="s1_504"/>
			</nt>
			<nt id="s1_504" cat="pp">
				<edge label="H" idref="s1_4"/>
				<edge label="DP" idref="s1_505"/>
			</nt>
			<nt id="s1_505" cat="np">
				<edge label="DN" idref="s1_5"/>
				<edge label="H" idref="s1_6"/>
				<edge label="DN" idref="s1_506"/>
			</nt>
			<nt id="s1_506" cat="pp">
				<edge label="H" idref="s1_7"/>
				<edge label="DP" idref="s1_507"/>
			</nt>
			<nt id="s1_507" cat="np">
				<edge label="H" idref="s1_8"/>
				<edge label="DN" idref="s1_509"/>
			</nt>
			<nt id="s1_508" cat="x">
				<edge label="fA" idref="s1_9"/>
				<edge label="P" idref="s1_10"/>
				<edge label="Od" idref="s1_11"/>
			</nt>
			<nt id="s1_509" cat="pp">
				<edge label="H" idref="s1_12"/>
				<edge label="DP" idref="s1_510"/>
			</nt>
			<nt id="s1_510" cat="par">
				<edge label="CJT" idref="s1_511"/>
				<edge label="CO" idref="s1_15"/>
				<edge label="CJT" idref="s1_16"/>
				<edge label="CO" idref="s1_17"/>
			</nt>
			<nt id="s1_511" cat="np">
				<edge label="DN" idref="s1_13"/>
				<edge label="H" idref="s1_14"/>
			</nt>
			<nt id="s1_512" cat="fcl">
				<edge label="fA" idref="s1_18"/>
				<edge label="P" idref="s1_19"/>
				<edge label="S" idref="s1_513"/>
				<edge label="fA" idref="s1_514"/>
			</nt>
			<nt id="s1_513" cat="np">
				<edge label="DN" idref="s1_20"/>
				<edge label="H" idref="s1_21"/>
			</nt>
			<nt id="s1_514" cat="pp">
				<edge label="H" idref="s1_22"/>
				<edge label="DP" idref="s1_515"/>
			</nt>
			<nt id="s1_515" cat="icl">
				<edge label="P" idref="s1_23"/>
				<edge label="Od" idref="s1_516"/>
			</nt>
			<nt id="s1_516" cat="np">
				<edge label="DN" idref="s1_24"/>
				<edge label="H" idref="s1_25"/>
			</nt>
		</nonterminals>
	</graph>
</s>

<s id="s2" ref="2" source="Running text" forest="1" text="este me chamou a atenção curiosamente por a característica que recebe mais críticas, o tamanho.">
	<graph root="s2_500">
		<terminals>
			<t id="s2_1" word="este" lemma="este" pos="pron-dem" morph="DET M S" extra="dem"/>
			<t id="s2_2" word="me" lemma="eu" pos="pron-pers" morph="M/F 1S ACC" extra="--"/>
			<t id="s2_3" word="chamou" lemma="chamar" pos="v-fin" morph="PS 3S IND VFIN" extra="vH fmc mv"/>
			<t id="s2_4" word="a" lemma="o" pos="art" morph="F S" extra="--"/>
			<t id="s2_5" word="atenção" lemma="atenção" pos="n" morph="F S" sem="am" extra="--"/>
			<t id="s2_6" word="curiosamente" lemma="curiosamente" pos="adv" morph="--" extra="--"/>
			<t id="s2_7" word="por" lemma="por" pos="prp" morph="--" extra="sam-"/>
			<t id="s2_8" word="a" lemma="o" pos="art" morph="F S" extra="-sam "/>
			<t id="s2_9" word="característica" lemma="característica" pos="n" morph="F S" sem="ac" extra="--"/>
			<t id="s2_10" word="que" lemma="que" pos="spec" morph="M S" extra="clb clb-fs rel"/>
			<t id="s2_11" word="recebe" lemma="receber" pos="v-fin" morph="PR 3S IND VFIN" extra="vH mv np-close"/>
			<t id="s2_12" word="mais" lemma="mais" pos="adv" morph="--" extra="quant KOMP"/>
			<t id="s2_13" word="críticas" lemma="crítico" pos="adj" morph="F P" extra="--"/>
			<t id="s2_14" word="," lemma="--" pos="pu" morph="--" extra="--"/>
			<t id="s2_15" word="o" lemma="o" pos="art" morph="M S" extra="--"/>
			<t id="s2_16" word="tamanho" lemma="tamanho" pos="n" morph="M S" sem="f-q" extra="--"/>
			<t id="s2_17" word="." lemma="--" pos="pu" morph="--" extra="--"/>
		</terminals>

		<nonterminals>
			<nt id="s2_500" cat="s">
				<edge label="STA" idref="s2_501"/>
			</nt>
			<nt id="s2_501" cat="fcl">
				<edge label="S" idref="s2_1"/>
				<edge label="Od" idref="s2_2"/>
				<edge label="P" idref="s2_3"/>
				<edge label="S" idref="s2_502"/>
				<edge label="fA" idref="s2_6"/>
				<edge label="fA" idref="s2_503"/>
				<edge label="PU" idref="s2_14"/>
				<edge label="Od" idref="s2_507"/>
				<edge label="PU" idref="s2_17"/>
			</nt>
			<nt id="s2_502" cat="np">
				<edge label="DN" idref="s2_4"/>
				<edge label="H" idref="s2_5"/>
			</nt>
			<nt id="s2_503" cat="pp">
				<edge label="H" idref="s2_7"/>
				<edge label="DP" idref="s2_504"/>
			</nt>
			<nt id="s2_504" cat="np">
				<edge label="DN" idref="s2_8"/>
				<edge label="H" idref="s2_9"/>
				<edge label="DN" idref="s2_505"/>
			</nt>
			<nt id="s2_505" cat="fcl">
				<edge label="Od" idref="s2_10"/>
				<edge label="P" idref="s2_11"/>
				<edge label="fCs" idref="s2_506"/>
			</nt>
			<nt id="s2_506" cat="adjp">
				<edge label="DA" idref="s2_12"/>
				<edge label="H" idref="s2_13"/>
			</nt>
			<nt id="s2_507" cat="np">
				<edge label="DN" idref="s2_15"/>
				<edge label="H" idref="s2_16"/>
			</nt>
		</nonterminals>
	</graph>
</s>

<s id="s3" ref="3" source="Running text" forest="1" text="acho seu tamanho ideal para assistir vídeos e ver fotografias, não tenho dificuldades para manusear- lo.">
	<graph root="s3_500">
		<terminals>
			<t id="s3_1" word="acho" lemma="achar" pos="v-fin" morph="PR 1S IND VFIN" extra="nosubj nosubj cjt-head cjt-head-STA vH fmc mv"/>
			<t id="s3_2" word="seu" lemma="seu" pos="pron-poss" morph="DET M S" extra="poss 3S"/>
			<t id="s3_3" word="tamanho" lemma="tamanho" pos="n" morph="M S" sem="f-q" extra="--"/>
			<t id="s3_4" word="ideal" lemma="ideal" pos="adj" morph="M/F S" extra="--"/>
			<t id="s3_5" word="para" lemma="para" pos="prp" morph="--" extra="--"/>
			<t id="s3_6" word="assistir" lemma="assistir" pos="v-inf" morph="--" extra="cjt-head cjt-head-DP vH mv"/>
			<t id="s3_7" word="vídeos" lemma="vídeo" pos="n" morph="M P" sem="sem-w" extra="--"/>
			<t id="s3_8" word="e" lemma="e" pos="conj-c" morph="--" extra="topkc"/>
			<t id="s3_9" word="ver" lemma="ver" pos="v-inf" morph="--" extra="cjt-DP vH mv"/>
			<t id="s3_10" word="fotografias" lemma="fotografia" pos="n" morph="F P" sem="pict" extra="--"/>
			<t id="s3_11" word="," lemma="--" pos="pu" morph="--" extra="--"/>
			<t id="s3_12" word="não" lemma="não" pos="adv" morph="--" extra="--"/>
			<t id="s3_13" word="tenho" lemma="ter" pos="v-fin" morph="PR 1S IND VFIN" extra="nosubj nosubj cjt-STA fmc mv"/>
			<t id="s3_14" word="dificuldades" lemma="dificuldade" pos="n" morph="F P" sem="am" extra="--"/>
			<t id="s3_15" word="para" lemma="para" pos="prp" morph="--" extra="np-close"/>
			<t id="s3_16" word="manusear-" lemma="manusear" pos="v-inf" morph="--" extra="hyfen vH mv"/>
			<t id="s3_17" word="lo" lemma="ele" pos="pron-pers" morph="M 3S ACC" extra="--"/>
			<t id="s3_18" word="." lemma="--" pos="pu" morph="--" extra="--"/>
		</terminals>

		<nonterminals>
			<nt id="s3_500" cat="s">
				<edge label="STA" idref="s3_501"/>
			</nt>
			<nt id="s3_501" cat="par">
				<edge label="CJT" idref="s3_502"/>
				<edge label="CO" idref="s3_8"/>
				<edge label="PU" idref="s3_11"/>
				<edge label="CJT" idref="s3_508"/>
				<edge label="PU" idref="s3_18"/>
			</nt>
			<nt id="s3_502" cat="fcl">
				<edge label="P" idref="s3_1"/>
				<edge label="Od" idref="s3_503"/>
				<edge label="Co" idref="s3_4"/>
				<edge label="fA" idref="s3_504"/>
			</nt>
			<nt id="s3_503" cat="np">
				<edge label="DN" idref="s3_2"/>
				<edge label="H" idref="s3_3"/>
			</nt>
			<nt id="s3_504" cat="pp">
				<edge label="H" idref="s3_5"/>
				<edge label="DP" idref="s3_505"/>
			</nt>
			<nt id="s3_505" cat="par">
				<edge label="CJT" idref="s3_506"/>
				<edge label="CJT" idref="s3_507"/>
			</nt>
			<nt id="s3_506" cat="icl">
				<edge label="P" idref="s3_6"/>
				<edge label="Od" idref="s3_7"/>
			</nt>
			<nt id="s3_507" cat="icl">
				<edge label="P" idref="s3_9"/>
				<edge label="Od" idref="s3_10"/>
			</nt>
			<nt id="s3_508" cat="x">
				<edge label="fA" idref="s3_12"/>
				<edge label="P" idref="s3_13"/>
				<edge label="Od" idref="s3_509"/>
			</nt>
			<nt id="s3_509" cat="np">
				<edge label="H" idref="s3_14"/>
				<edge label="DN" idref="s3_510"/>
			</nt>
			<nt id="s3_510" cat="pp">
				<edge label="H" idref="s3_15"/>
				<edge label="DP" idref="s3_511"/>
			</nt>
			<nt id="s3_511" cat="icl">
				<edge label="P" idref="s3_16"/>
				<edge label="Od" idref="s3_17"/>
			</nt>
		</nonterminals>
	</graph>
</s>

<s id="s4" ref="4" source="Running text" forest="1" text="pessoas que antes rejeitavam passaram a querer comprar um quando tiveram contato com meu note number.">
	<graph root="s4_500">
		<terminals>
			<t id="s4_1" word="pessoas" lemma="pessoa" pos="n" morph="F P" sem="H" extra="--"/>
			<t id="s4_2" word="que" lemma="que" pos="spec" morph="M S" extra="clb clb-fs rel"/>
			<t id="s4_3" word="antes" lemma="antes" pos="adv" morph="--" extra="--"/>
			<t id="s4_4" word="rejeitavam" lemma="rejeitar" pos="v-fin" morph="IMPF 3P IND VFIN" extra="vH mv np-close"/>
			<t id="s4_5" word="passaram" lemma="passar" pos="v-fin" morph="PS/MQP 3P IND VFIN" extra="cjt-head cjt-head-STA fmc aux"/>
			<t id="s4_6" word="a" lemma="a" pos="prp" morph="--" extra="--"/>
			<t id="s4_7" word="querer" lemma="querer" pos="v-inf" morph="--" extra="vH mv"/>
			<t id="s4_8" word="comprar" lemma="comprar" pos="v-inf" morph="--" extra="vH mv"/>
			<t id="s4_9" word="um" lemma="um" pos="num" morph="M S" extra="card"/>
			<t id="s4_10" word="quando" lemma="quando" pos="adv" morph="--" extra="clb clb-fs rel ks"/>
			<t id="s4_11" word="tiveram" lemma="ter" pos="v-fin" morph="PS/MQP 3P IND VFIN" extra="mv"/>
			<t id="s4_12" word="contato" lemma="contato" pos="n" morph="M S" sem="ac H" extra="--"/>
			<t id="s4_13" word="com" lemma="com" pos="prp" morph="--" extra="np-close"/>
			<t id="s4_14" word="meu" lemma="meu" pos="pron-poss" morph="DET M S" extra="poss 1S"/>
			<t id="s4_15" word="note" lemma="notar" pos="v-fin" morph="PR 3S SUBJ VFIN" extra="nosubj nosubj cjt-STA vH fmc mv"/>
			<t id="s4_16" word="number" lemma="number" pos="n" morph="M S" extra="heur"/>
			<t id="s4_17" word="." lemma="--" pos="pu" morph="--" extra="--"/>
		</terminals>

		<nonterminals>
			<nt id="s4_500" cat="s">
				<edge label="STA" idref="s4_501"/>
			</nt>
			<nt id="s4_501" cat="par">
				<edge label="CJT" idref="s4_502"/>
				<edge label="CJT" idref="s4_510"/>
				<edge label="PU" idref="s4_17"/>
			</nt>
			<nt id="s4_502" cat="fcl">
				<edge label="S" idref="s4_503"/>
				<edge label="P" idref="s4_505"/>
				<edge label="Od" idref="s4_506"/>
			</nt>
			<nt id="s4_503" cat="np">
				<edge label="H" idref="s4_1"/>
				<edge label="DN" idref="s4_504"/>
			</nt>
			<nt id="s4_504" cat="fcl">
				<edge label="S" idref="s4_2"/>
				<edge label="fA" idref="s4_3"/>
				<edge label="P" idref="s4_4"/>
			</nt>
			<nt id="s4_505" cat="vp">
				<edge label="Vaux" idref="s4_5"/>
				<edge label="SUBaux" idref="s4_6"/>
				<edge label="Vm" idref="s4_7"/>
			</nt>
			<nt id="s4_506" cat="icl">
				<edge label="P" idref="s4_8"/>
				<edge label="Od" idref="s4_9"/>
				<edge label="fA" idref="s4_507"/>
			</nt>
			<nt id="s4_507" cat="fcl">
				<edge label="fA" idref="s4_10"/>
				<edge label="P" idref="s4_11"/>
				<edge label="Od" idref="s4_508"/>
			</nt>
			<nt id="s4_508" cat="np">
				<edge label="H" idref="s4_12"/>
				<edge label="DN" idref="s4_509"/>
			</nt>
			<nt id="s4_509" cat="pp">
				<edge label="H" idref="s4_13"/>
				<edge label="DP" idref="s4_14"/>
			</nt>
			<nt id="s4_510" cat="x">
				<edge label="P" idref="s4_15"/>
				<edge label="Od" idref="s4_16"/>
			</nt>
		</nonterminals>
	</graph>
</s>

<s id="s5" ref="5" source="Running text" forest="1" text="sem dúvida o melhor smartphone do mundo..">
	<graph root="s5_500">
		<terminals>
			<t id="s5_1" word="sem" lemma="sem" pos="prp" morph="--" extra="--"/>
			<t id="s5_2" word="dúvida" lemma="dúvida" pos="n" morph="F S" sem="sem-c state-h" extra="--"/>
			<t id="s5_3" word="o" lemma="o" pos="art" morph="M S" extra="--"/>
			<t id="s5_4" word="melhor" lemma="bom" pos="adj" morph="M S" extra="KOMP SUP"/>
			<t id="s5_5" word="smartphone" lemma="smartphone" pos="n" morph="M S" extra="heur foreign"/>
			<t id="s5_6" word="de" lemma="de" pos="prp" morph="--" extra="sam- np-close"/>
			<t id="s5_7" word="o" lemma="o" pos="art" morph="M S" extra="-sam "/>
			<t id="s5_8" word="mundo" lemma="mundo" pos="n" morph="M S" sem="L" extra="--"/>
			<t id="s5_9" word="." lemma="--" pos="pu" morph="--" extra="--"/>
			<t id="s5_10" word="." lemma="--" pos="pu" morph="--" extra="--"/>
		</terminals>

		<nonterminals>
			<nt id="s5_500" cat="s">
				<edge label="fA" idref="s5_501"/>
			</nt>
			<nt id="s5_501" cat="pp">
				<edge label="H" idref="s5_1"/>
				<edge label="DP" idref="s5_2"/>
				<edge label="X" idref="s5_502"/>
				<edge label="PU" idref="s5_9"/>
				<edge label="PU" idref="s5_10"/>
			</nt>
			<nt id="s5_502" cat="np">
				<edge label="DN" idref="s5_3"/>
				<edge label="DN" idref="s5_4"/>
				<edge label="H" idref="s5_5"/>
				<edge label="DN" idref="s5_503"/>
			</nt>
			<nt id="s5_503" cat="pp">
				<edge label="H" idref="s5_6"/>
				<edge label="DP" idref="s5_504"/>
			</nt>
			<nt id="s5_504" cat="np">
				<edge label="DN" idref="s5_7"/>
				<edge label="H" idref="s5_8"/>
			</nt>
		</nonterminals>
	</graph>
</s>

	</body>
</corpus>
