<?xml version="1.0" encoding="UTF-8"?>
<corpus>

	<body>
<s id="s1" ref="1" source="Running text" forest="1" text="em relação a o visual do novo nokia lumia number, ele não deixa a desejar se comparado aos outros celulares da mesma categoria, feito numa peça única, com bateria interna.">
	<graph root="s1_500">
		<terminals>
			<t id="s1_1" word="em_relação_a" lemma="em_relação_a" pos="prp" morph="--" extra="sam-"/>
			<t id="s1_2" word="o" lemma="o" pos="art" morph="M S" extra=" -sam"/>
			<t id="s1_3" word="visual" lemma="visual" pos="adj" morph="M S" extra="n nh"/>
			<t id="s1_4" word="de" lemma="de" pos="prp" morph="--" extra="sam- np-close"/>
			<t id="s1_5" word="o" lemma="o" pos="art" morph="M S" extra="-sam "/>
			<t id="s1_6" word="novo" lemma="novo" pos="adj" morph="M S" extra="n jh"/>
			<t id="s1_7" word="nokia" lemma="noker" pos="v-fin" morph="IMPF 1/3S IND VFIN" extra="predco predco foreign heur fmc mv"/>
			<t id="s1_8" word="lumia" lemma="lumia" pos="n" morph="F S" extra="DERS"/>
			<t id="s1_9" word="number" lemma="number" pos="v-inf" morph="--" extra="heur mv"/>
			<t id="s1_10" word="," lemma="--" pos="pu" morph="--" extra="--"/>
			<t id="s1_11" word="ele" lemma="ele" pos="pron-pers" morph="M 3S NOM" extra="--"/>
			<t id="s1_12" word="não" lemma="não" pos="adv" morph="--" extra="--"/>
			<t id="s1_13" word="deixa" lemma="deixar" pos="v-fin" morph="PR 3S IND VFIN" extra="cjt-STA fmc aux"/>
			<t id="s1_14" word="a" lemma="a" pos="prp" morph="--" extra="--"/>
			<t id="s1_15" word="desejar" lemma="desejar" pos="v-inf" morph="--" extra="vH mv"/>
			<t id="s1_16" word="se" lemma="se" pos="pron-pers" morph="M/F 3S/P ACC" extra="refl refl"/>
			<t id="s1_17" word="comparado" lemma="comparar" pos="v-pcp" morph="M S" extra="vH mv v-pron"/>
			<t id="s1_18" word="a" lemma="a" pos="prp" morph="--" extra="sam-"/>
			<t id="s1_19" word="os" lemma="o" pos="art" morph="M P" extra="-sam "/>
			<t id="s1_20" word="outros" lemma="outro" pos="pron-indef" morph="DET M P" extra="diff KOMP"/>
			<t id="s1_21" word="celulares" lemma="celular" pos="adj" morph="M P" extra="n nh"/>
			<t id="s1_22" word="de" lemma="de" pos="prp" morph="--" extra="sam- np-close"/>
			<t id="s1_23" word="a" lemma="o" pos="art" morph="F S" extra="-sam "/>
			<t id="s1_24" word="mesma" lemma="mesmo" pos="pron-indef" morph="DET F S" extra="diff KOMP"/>
			<t id="s1_25" word="categoria" lemma="categoria" pos="n" morph="F S" sem="ac" extra="--"/>
			<t id="s1_26" word="," lemma="--" pos="pu" morph="--" extra="--"/>
			<t id="s1_27" word="feito" lemma="fazer" pos="v-pcp" morph="M S" extra="mv"/>
			<t id="s1_28" word="em" lemma="em" pos="prp" morph="--" extra="--"/>
			<t id="s1_29" word="uma" lemma="um" pos="art" morph="F S" extra="--"/>
			<t id="s1_30" word="peça" lemma="peça" pos="n" morph="F S" sem="sem-c cc-h amount cc-gun furn" extra="--"/>
			<t id="s1_31" word="única" lemma="único" pos="adj" morph="F S" extra="jh np-close"/>
			<t id="s1_32" word="," lemma="--" pos="pu" morph="--" extra="--"/>
			<t id="s1_33" word="com" lemma="com" pos="prp" morph="--" extra="--"/>
			<t id="s1_34" word="bateria" lemma="bateria" pos="n" morph="F S" sem="tool" extra="--"/>
			<t id="s1_35" word="interna" lemma="interno" pos="adj" morph="F S" extra="nh np-close"/>
			<t id="s1_36" word="." lemma="--" pos="pu" morph="--" extra="--"/>
		</terminals>

		<nonterminals>
			<nt id="s1_500" cat="s">
				<edge label="STA" idref="s1_501"/>
			</nt>
			<nt id="s1_501" cat="fcl">
				<edge label="fA" idref="s1_502"/>
				<edge label="DN" idref="s1_504"/>
				<edge label="H" idref="s1_4"/>
				<edge label="DP" idref="s1_505"/>
				<edge label="PU" idref="s1_36"/>
			</nt>
			<nt id="s1_502" cat="pp">
				<edge label="H" idref="s1_1"/>
				<edge label="DP" idref="s1_503"/>
			</nt>
			<nt id="s1_503" cat="np">
				<edge label="DN" idref="s1_2"/>
				<edge label="H" idref="s1_3"/>
			</nt>
			<nt id="s1_504" cat="pp">
			</nt>
			<nt id="s1_505" cat="np">
				<edge label="DN" idref="s1_5"/>
				<edge label="H" idref="s1_6"/>
				<edge label="X" idref="s1_506"/>
			</nt>
			<nt id="s1_506" cat="par">
				<edge label="CJT" idref="s1_507"/>
				<edge label="PU" idref="s1_10"/>
				<edge label="CJT" idref="s1_509"/>
			</nt>
			<nt id="s1_507" cat="x">
				<edge label="P" idref="s1_7"/>
				<edge label="Od" idref="s1_8"/>
				<edge label="S" idref="s1_508"/>
			</nt>
			<nt id="s1_508" cat="icl">
				<edge label="P" idref="s1_9"/>
				<edge label="fA" idref="s1_12"/>
			</nt>
			<nt id="s1_509" cat="fcl">
				<edge label="S" idref="s1_11"/>
				<edge label="P" idref="s1_13"/>
				<edge label="fA" idref="s1_510"/>
			</nt>
			<nt id="s1_510" cat="pp">
				<edge label="H" idref="s1_14"/>
				<edge label="DP" idref="s1_511"/>
			</nt>
			<nt id="s1_511" cat="icl">
				<edge label="P" idref="s1_15"/>
				<edge label="fCs" idref="s1_512"/>
			</nt>
			<nt id="s1_512" cat="icl">
				<edge label="Od" idref="s1_513"/>
				<edge label="P" idref="s1_17"/>
				<edge label="fA" idref="s1_514"/>
			</nt>
			<nt id="s1_513" cat="np">
				<edge label="H" idref="s1_16"/>
				<edge label="DN" idref="s1_516"/>
			</nt>
			<nt id="s1_514" cat="pp">
				<edge label="H" idref="s1_18"/>
				<edge label="DP" idref="s1_515"/>
			</nt>
			<nt id="s1_515" cat="np">
				<edge label="DN" idref="s1_19"/>
				<edge label="DN" idref="s1_20"/>
				<edge label="H" idref="s1_21"/>
			</nt>
			<nt id="s1_516" cat="pp">
				<edge label="H" idref="s1_22"/>
				<edge label="DP" idref="s1_517"/>
			</nt>
			<nt id="s1_517" cat="np">
				<edge label="DN" idref="s1_23"/>
				<edge label="DN" idref="s1_24"/>
				<edge label="H" idref="s1_25"/>
				<edge label="PU" idref="s1_26"/>
				<edge label="DNc" idref="s1_518"/>
			</nt>
			<nt id="s1_518" cat="icl">
				<edge label="P" idref="s1_27"/>
				<edge label="fA" idref="s1_519"/>
			</nt>
			<nt id="s1_519" cat="pp">
				<edge label="H" idref="s1_28"/>
				<edge label="DP" idref="s1_520"/>
			</nt>
			<nt id="s1_520" cat="np">
				<edge label="DN" idref="s1_29"/>
				<edge label="H" idref="s1_30"/>
				<edge label="DN" idref="s1_521"/>
			</nt>
			<nt id="s1_521" cat="adjp">
				<edge label="H" idref="s1_31"/>
				<edge label="PU" idref="s1_32"/>
				<edge label="DA" idref="s1_522"/>
			</nt>
			<nt id="s1_522" cat="pp">
				<edge label="H" idref="s1_33"/>
				<edge label="DP" idref="s1_523"/>
			</nt>
			<nt id="s1_523" cat="np">
				<edge label="H" idref="s1_34"/>
				<edge label="DN" idref="s1_35"/>
			</nt>
		</nonterminals>
	</graph>
</s>

<s id="s2" ref="2" source="Running text" forest="1" text="muito fino e elegante, pode ser encontrado em diversas cores, diferentemente de seus principais concorrentes, o iphone da apple e o galaxy siai, da samsung.">
	<graph root="s2_500">
		<terminals>
			<t id="s2_1" word="muito" lemma="muito" pos="adv" morph="--" extra="quant"/>
			<t id="s2_2" word="fino" lemma="fino" pos="adj" morph="M S" extra="--"/>
			<t id="s2_3" word="e" lemma="e" pos="conj-c" morph="--" extra="topkc"/>
			<t id="s2_4" word="elegante" lemma="elegante" pos="adj" morph="M/F S" extra="--"/>
			<t id="s2_5" word="," lemma="--" pos="pu" morph="--" extra="--"/>
			<t id="s2_6" word="pode" lemma="poder" pos="v-fin" morph="PR 3S IND VFIN" extra="nosubj nosubj cjt-head cjt-head-STA fmc aux"/>
			<t id="s2_7" word="ser" lemma="ser" pos="v-inf" morph="--" extra="aux"/>
			<t id="s2_8" word="encontrado" lemma="encontrar" pos="v-pcp" morph="M S" extra="vH mv"/>
			<t id="s2_9" word="em" lemma="em" pos="prp" morph="--" extra="--"/>
			<t id="s2_10" word="diversas" lemma="diverso" pos="adj" morph="F P" extra="--"/>
			<t id="s2_11" word="cores" lemma="cor" pos="n" morph="F P" sem="f-c" extra="--"/>
			<t id="s2_12" word="," lemma="--" pos="pu" morph="--" extra="--"/>
			<t id="s2_13" word="diferentemente" lemma="diferentemente" pos="adv" morph="--" extra="nh"/>
			<t id="s2_14" word="de" lemma="de" pos="prp" morph="--" extra="--"/>
			<t id="s2_15" word="seus" lemma="seu" pos="pron-poss" morph="DET M P" extra="poss 3S"/>
			<t id="s2_16" word="principais" lemma="principal" pos="adj" morph="M P" extra="SUP jh"/>
			<t id="s2_17" word="concorrentes" lemma="concorrente" pos="n" morph="M P" sem="H" extra="--"/>
			<t id="s2_18" word="," lemma="--" pos="pu" morph="--" extra="--"/>
			<t id="s2_19" word="o" lemma="o" pos="art" morph="M S" extra="--"/>
			<t id="s2_20" word="iphone" lemma="iphone" pos="n" morph="M S" extra="heur"/>
			<t id="s2_21" word="de" lemma="de" pos="prp" morph="--" extra="sam- np-close"/>
			<t id="s2_22" word="a" lemma="o" pos="art" morph="F S" extra="-sam "/>
			<t id="s2_23" word="apple" lemma="apple" pos="n" morph="F S" extra="foreign heur"/>
			<t id="s2_24" word="e" lemma="e" pos="conj-c" morph="--" extra="--"/>
			<t id="s2_25" word="o" lemma="o" pos="art" morph="M S" extra="--"/>
			<t id="s2_26" word="galaxy" lemma="galaxy" pos="n" morph="M S" extra="foreign heur"/>
			<t id="s2_27" word="siai" lemma="siaer" pos="v-fin" morph="PS 1S IND VFIN" extra="cjt-STA heur fmc mv"/>
			<t id="s2_28" word="," lemma="--" pos="pu" morph="--" extra="--"/>
			<t id="s2_29" word="de" lemma="de" pos="prp" morph="--" extra="sam-"/>
			<t id="s2_30" word="a" lemma="o" pos="art" morph="F S" extra="-sam "/>
			<t id="s2_31" word="samsung" lemma="samsung" pos="n" morph="F S" extra="heur"/>
			<t id="s2_32" word="." lemma="--" pos="pu" morph="--" extra="--"/>
		</terminals>

		<nonterminals>
			<nt id="s2_500" cat="s">
				<edge label="STA" idref="s2_501"/>
			</nt>
			<nt id="s2_501" cat="par">
				<edge label="CJT" idref="s2_502"/>
				<edge label="CO" idref="s2_3"/>
				<edge label="PU" idref="s2_18"/>
				<edge label="CJT" idref="s2_510"/>
				<edge label="PU" idref="s2_32"/>
			</nt>
			<nt id="s2_502" cat="fcl">
				<edge label="fCs" idref="s2_503"/>
				<edge label="fCs" idref="s2_4"/>
				<edge label="PU" idref="s2_5"/>
				<edge label="P" idref="s2_504"/>
				<edge label="fA" idref="s2_505"/>
				<edge label="PU" idref="s2_12"/>
				<edge label="fA" idref="s2_507"/>
			</nt>
			<nt id="s2_503" cat="adjp">
				<edge label="DA" idref="s2_1"/>
				<edge label="H" idref="s2_2"/>
			</nt>
			<nt id="s2_504" cat="vp">
				<edge label="Vaux" idref="s2_6"/>
				<edge label="Vaux" idref="s2_7"/>
				<edge label="Vm" idref="s2_8"/>
			</nt>
			<nt id="s2_505" cat="pp">
				<edge label="H" idref="s2_9"/>
				<edge label="DP" idref="s2_506"/>
			</nt>
			<nt id="s2_506" cat="np">
				<edge label="DN" idref="s2_10"/>
				<edge label="H" idref="s2_11"/>
			</nt>
			<nt id="s2_507" cat="advp">
				<edge label="H" idref="s2_13"/>
				<edge label="DA" idref="s2_508"/>
			</nt>
			<nt id="s2_508" cat="pp">
				<edge label="H" idref="s2_14"/>
				<edge label="DP" idref="s2_509"/>
			</nt>
			<nt id="s2_509" cat="np">
				<edge label="DN" idref="s2_15"/>
				<edge label="DN" idref="s2_16"/>
				<edge label="H" idref="s2_17"/>
			</nt>
			<nt id="s2_510" cat="fcl">
				<edge label="S" idref="s2_511"/>
				<edge label="S" idref="s2_514"/>
				<edge label="P" idref="s2_27"/>
				<edge label="PU" idref="s2_28"/>
				<edge label="fCs" idref="s2_515"/>
			</nt>
			<nt id="s2_511" cat="np">
				<edge label="DN" idref="s2_19"/>
				<edge label="H" idref="s2_20"/>
				<edge label="DN" idref="s2_512"/>
			</nt>
			<nt id="s2_512" cat="pp">
				<edge label="H" idref="s2_21"/>
				<edge label="DP" idref="s2_513"/>
			</nt>
			<nt id="s2_513" cat="np">
				<edge label="DN" idref="s2_22"/>
				<edge label="H" idref="s2_23"/>
				<edge label="CO" idref="s2_24"/>
			</nt>
			<nt id="s2_514" cat="np">
				<edge label="DN" idref="s2_25"/>
				<edge label="H" idref="s2_26"/>
			</nt>
			<nt id="s2_515" cat="pp">
				<edge label="H" idref="s2_29"/>
				<edge label="DP" idref="s2_516"/>
			</nt>
			<nt id="s2_516" cat="np">
				<edge label="DN" idref="s2_30"/>
				<edge label="H" idref="s2_31"/>
			</nt>
		</nonterminals>
	</graph>
</s>

<s id="s3" ref="3" source="Running text" forest="1" text="a nokia é consagrada por ter o melhor hardware do mercado, e no nokia lumia number essa lógica foi mantida.">
	<graph root="s3_500">
		<terminals>
			<t id="s3_1" word="a" lemma="o" pos="art" morph="F S" extra="--"/>
			<t id="s3_2" word="nokia" lemma="nokia" pos="n" morph="F S" extra="heur foreign"/>
			<t id="s3_3" word="é" lemma="ser" pos="v-fin" morph="PR 3S IND VFIN" extra="cjt-head cjt-head-STA fmc aux"/>
			<t id="s3_4" word="consagrada" lemma="consagrar" pos="v-pcp" morph="F S" extra="vH mv"/>
			<t id="s3_5" word="por" lemma="por" pos="prp" morph="--" extra="--"/>
			<t id="s3_6" word="ter" lemma="ter" pos="v-inf" morph="--" extra="mv"/>
			<t id="s3_7" word="o" lemma="o" pos="art" morph="M S" extra="--"/>
			<t id="s3_8" word="melhor" lemma="bom" pos="adj" morph="M S" extra="KOMP SUP"/>
			<t id="s3_9" word="hardware" lemma="hardware" pos="n" morph="M S" sem="cm" extra="--"/>
			<t id="s3_10" word="de" lemma="de" pos="prp" morph="--" extra="sam- np-close"/>
			<t id="s3_11" word="o" lemma="o" pos="art" morph="M S" extra="-sam "/>
			<t id="s3_12" word="mercado" lemma="mercado" pos="n" morph="M S" sem="inst" extra="--"/>
			<t id="s3_13" word="," lemma="--" pos="pu" morph="--" extra="--"/>
			<t id="s3_14" word="e" lemma="e" pos="conj-c" morph="--" extra="clb"/>
			<t id="s3_15" word="em" lemma="em" pos="prp" morph="--" extra="sam-"/>
			<t id="s3_16" word="o" lemma="o" pos="art" morph="M S" extra="-sam "/>
			<t id="s3_17" word="nokia" lemma="nokia" pos="n" morph="F S" extra="heur foreign"/>
			<t id="s3_18" word="lumia" lemma="lumia" pos="n" morph="F S" extra="DERS"/>
			<t id="s3_19" word="number" lemma="number" pos="v-inf" morph="3S" extra="heur mv"/>
			<t id="s3_20" word="essa" lemma="esse" pos="pron-dem" morph="DET F S" extra="dem"/>
			<t id="s3_21" word="lógica" lemma="lógica" pos="n" morph="F S" sem="domain" extra="--"/>
			<t id="s3_22" word="foi" lemma="ser" pos="v-fin" morph="PS 3S IND VFIN" extra="cjt-STA fmc aux"/>
			<t id="s3_23" word="mantida" lemma="manter" pos="v-pcp" morph="F S" extra="vH mv"/>
			<t id="s3_24" word="." lemma="--" pos="pu" morph="--" extra="--"/>
		</terminals>

		<nonterminals>
			<nt id="s3_500" cat="s">
				<edge label="STA" idref="s3_501"/>
			</nt>
			<nt id="s3_501" cat="par">
				<edge label="CJT" idref="s3_502"/>
				<edge label="PU" idref="s3_13"/>
				<edge label="CO" idref="s3_14"/>
				<edge label="CJT" idref="s3_513"/>
				<edge label="PU" idref="s3_24"/>
			</nt>
			<nt id="s3_502" cat="fcl">
				<edge label="S" idref="s3_503"/>
				<edge label="P" idref="s3_504"/>
				<edge label="fApass" idref="s3_505"/>
				<edge label="S" idref="s3_510"/>
			</nt>
			<nt id="s3_503" cat="np">
				<edge label="DN" idref="s3_1"/>
				<edge label="H" idref="s3_2"/>
			</nt>
			<nt id="s3_504" cat="vp">
				<edge label="Vaux" idref="s3_3"/>
				<edge label="Vm" idref="s3_4"/>
			</nt>
			<nt id="s3_505" cat="pp">
				<edge label="H" idref="s3_5"/>
				<edge label="DP" idref="s3_506"/>
			</nt>
			<nt id="s3_506" cat="icl">
				<edge label="P" idref="s3_6"/>
				<edge label="Od" idref="s3_507"/>
			</nt>
			<nt id="s3_507" cat="np">
				<edge label="DN" idref="s3_7"/>
				<edge label="DN" idref="s3_8"/>
				<edge label="H" idref="s3_9"/>
				<edge label="DN" idref="s3_508"/>
			</nt>
			<nt id="s3_508" cat="pp">
				<edge label="H" idref="s3_10"/>
				<edge label="DP" idref="s3_509"/>
			</nt>
			<nt id="s3_509" cat="np">
				<edge label="DN" idref="s3_11"/>
				<edge label="H" idref="s3_12"/>
			</nt>
			<nt id="s3_510" cat="icl">
				<edge label="fA" idref="s3_511"/>
				<edge label="P" idref="s3_19"/>
				<edge label="Od" idref="s3_514"/>
			</nt>
			<nt id="s3_511" cat="pp">
				<edge label="H" idref="s3_15"/>
				<edge label="DP" idref="s3_512"/>
			</nt>
			<nt id="s3_512" cat="np">
				<edge label="DN" idref="s3_16"/>
				<edge label="H" idref="s3_17"/>
			</nt>
			<nt id="s3_513" cat="fcl">
				<edge label="S" idref="s3_18"/>
				<edge label="P" idref="s3_515"/>
			</nt>
			<nt id="s3_514" cat="np">
				<edge label="DN" idref="s3_20"/>
				<edge label="H" idref="s3_21"/>
			</nt>
			<nt id="s3_515" cat="vp">
				<edge label="Vaux" idref="s3_22"/>
				<edge label="Vm" idref="s3_23"/>
			</nt>
		</nonterminals>
	</graph>
</s>

<s id="s4" ref="4" source="Running text" forest="1" text="sua tela usa uma tecnologia chamada gorilla glass, que a torna mais resistente, muito importante para usuários desastrados como eu.">
	<graph root="s4_500">
		<terminals>
			<t id="s4_1" word="sua" lemma="seu" pos="pron-poss" morph="DET F S" extra="poss 3S"/>
			<t id="s4_2" word="tela" lemma="tela" pos="n" morph="F S" sem="cc-h pict mat-cloth" extra="--"/>
			<t id="s4_3" word="usa" lemma="usar" pos="v-fin" morph="PR 3S IND VFIN" extra="vH fmc mv"/>
			<t id="s4_4" word="uma" lemma="um" pos="art" morph="F S" extra="--"/>
			<t id="s4_5" word="tecnologia" lemma="tecnologia" pos="n" morph="F S" sem="domain" extra="--"/>
			<t id="s4_6" word="chamada" lemma="chamado" pos="adj" morph="F S" extra="jh np-close"/>
			<t id="s4_7" word="gorilla" lemma="gorillo" pos="adj" morph="F S" extra="heur foreign"/>
			<t id="s4_8" word="glass" lemma="glas" pos="n" morph="F P" extra="heur"/>
			<t id="s4_9" word="," lemma="--" pos="pu" morph="--" extra="--"/>
			<t id="s4_10" word="que" lemma="que" pos="spec" morph="M S" extra="clb clb-fs rel"/>
			<t id="s4_11" word="a" lemma="ela" pos="pron-pers" morph="F 3S ACC" extra="--"/>
			<t id="s4_12" word="torna" lemma="tornar" pos="v-fin" morph="PR 3S IND VFIN" extra="mv np-close"/>
			<t id="s4_13" word="mais" lemma="mais" pos="adv" morph="--" extra="--"/>
			<t id="s4_14" word="resistente" lemma="resistente" pos="adj" morph="M/F S" extra="nh"/>
			<t id="s4_15" word="," lemma="--" pos="pu" morph="--" extra="--"/>
			<t id="s4_16" word="muito" lemma="muito" pos="adv" morph="--" extra="quant"/>
			<t id="s4_17" word="importante" lemma="importante" pos="adj" morph="M/F S" extra="np-close"/>
			<t id="s4_18" word="para" lemma="para" pos="prp" morph="--" extra="--"/>
			<t id="s4_19" word="usuários" lemma="usuário" pos="n" morph="M P" sem="Hattr" extra="--"/>
			<t id="s4_20" word="desastrados" lemma="desastrado" pos="adj" morph="M P" extra="nh np-close"/>
			<t id="s4_21" word="como" lemma="como" pos="prp" morph="--" extra="com adv-rel np-long"/>
			<t id="s4_22" word="eu" lemma="eu" pos="pron-pers" morph="M/F 1S NOM" extra="asarg"/>
			<t id="s4_23" word="." lemma="--" pos="pu" morph="--" extra="--"/>
		</terminals>

		<nonterminals>
			<nt id="s4_500" cat="s">
				<edge label="STA" idref="s4_501"/>
			</nt>
			<nt id="s4_501" cat="fcl">
				<edge label="S" idref="s4_502"/>
				<edge label="P" idref="s4_3"/>
				<edge label="Od" idref="s4_503"/>
				<edge label="fCs" idref="s4_504"/>
				<edge label="PU" idref="s4_23"/>
			</nt>
			<nt id="s4_502" cat="np">
				<edge label="DN" idref="s4_1"/>
				<edge label="H" idref="s4_2"/>
			</nt>
			<nt id="s4_503" cat="np">
				<edge label="DN" idref="s4_4"/>
				<edge label="H" idref="s4_5"/>
				<edge label="DN" idref="s4_6"/>
			</nt>
			<nt id="s4_504" cat="np">
				<edge label="DN" idref="s4_7"/>
				<edge label="H" idref="s4_8"/>
				<edge label="PU" idref="s4_9"/>
				<edge label="DN" idref="s4_505"/>
			</nt>
			<nt id="s4_505" cat="fcl">
				<edge label="S" idref="s4_10"/>
				<edge label="Od" idref="s4_506"/>
				<edge label="P" idref="s4_12"/>
				<edge label="fA" idref="s4_13"/>
				<edge label="Co" idref="s4_14"/>
				<edge label="PU" idref="s4_15"/>
				<edge label="fA" idref="s4_508"/>
			</nt>
			<nt id="s4_506" cat="np">
				<edge label="H" idref="s4_11"/>
				<edge label="DNc" idref="s4_507"/>
			</nt>
			<nt id="s4_507" cat="adjp">
				<edge label="DA" idref="s4_16"/>
				<edge label="H" idref="s4_17"/>
			</nt>
			<nt id="s4_508" cat="pp">
				<edge label="H" idref="s4_18"/>
				<edge label="DP" idref="s4_509"/>
			</nt>
			<nt id="s4_509" cat="np">
				<edge label="H" idref="s4_19"/>
				<edge label="DN" idref="s4_20"/>
				<edge label="DN" idref="s4_510"/>
			</nt>
			<nt id="s4_510" cat="pp">
				<edge label="H" idref="s4_21"/>
				<edge label="DP" idref="s4_22"/>
			</nt>
		</nonterminals>
	</graph>
</s>

<s id="s5" ref="5" source="Running text" forest="1" text="em o tempo em que utilizei, deixei o aparelho cair diversas vezes no chão, sem que nenhum risco aparecesse na tela ou que houvesse algum mau funcionamento.">
	<graph root="s5_500">
		<terminals>
			<t id="s5_1" word="em" lemma="em" pos="prp" morph="--" extra="sam-"/>
			<t id="s5_2" word="o" lemma="o" pos="art" morph="M S" extra="-sam "/>
			<t id="s5_3" word="tempo" lemma="tempo" pos="n" morph="M S" sem="am temp per ac-cat wea" extra="--"/>
			<t id="s5_4" word="em" lemma="em" pos="prp" morph="--" extra="clb"/>
			<t id="s5_5" word="que" lemma="que" pos="spec" morph="M S" extra="clb-fs rel"/>
			<t id="s5_6" word="utilizei" lemma="utilizar" pos="v-fin" morph="PS 1S IND VFIN" extra="vH mv np-close"/>
			<t id="s5_7" word="," lemma="--" pos="pu" morph="--" extra="--"/>
			<t id="s5_8" word="deixei" lemma="deixar" pos="v-fin" morph="PS 1S IND VFIN" extra="nosubj nosubj nosubj nosubj cjt-head cjt-head-STA fmc mv"/>
			<t id="s5_9" word="o" lemma="o" pos="art" morph="M S" extra="--"/>
			<t id="s5_10" word="aparelho" lemma="aparelho" pos="n" morph="M S" sem="tool" extra="--"/>
			<t id="s5_11" word="cair" lemma="cair" pos="v-inf" morph="3S" extra="mv"/>
			<t id="s5_12" word="diversas" lemma="diverso" pos="adj" morph="F P" extra="--"/>
			<t id="s5_13" word="vezes" lemma="vez" pos="n" morph="F P" sem="temp" extra="--"/>
			<t id="s5_14" word="em" lemma="em" pos="prp" morph="--" extra="sam-"/>
			<t id="s5_15" word="o" lemma="o" pos="art" morph="M S" extra="-sam "/>
			<t id="s5_16" word="chão" lemma="chão" pos="n" morph="M S" sem="Ltop part-build build" extra="--"/>
			<t id="s5_17" word="," lemma="--" pos="pu" morph="--" extra="--"/>
			<t id="s5_18" word="sem" lemma="sem" pos="ec" morph="--" extra="--"/>
			<t id="s5_19" word="que" lemma="que" pos="conj-s" morph="--" extra="clb"/>
			<t id="s5_20" word="nenhum" lemma="nenhum" pos="pron-indef" morph="DET M S" extra="quant"/>
			<t id="s5_21" word="risco" lemma="risco" pos="n" morph="M S" sem="ac ac-sign" extra="--"/>
			<t id="s5_22" word="aparecesse" lemma="aparecer" pos="v-fin" morph="IMPF 3S SUBJ VFIN" extra="cjt-STA fmc mv"/>
			<t id="s5_23" word="em" lemma="em" pos="prp" morph="--" extra="sam-"/>
			<t id="s5_24" word="a" lemma="o" pos="art" morph="F S" extra="-sam "/>
			<t id="s5_25" word="tela" lemma="tela" pos="n" morph="F S" sem="cc-h pict mat-cloth" extra="--"/>
			<t id="s5_26" word="ou" lemma="ou" pos="conj-c" morph="--" extra="--"/>
			<t id="s5_27" word="que" lemma="que" pos="conj-s" morph="--" extra="clb"/>
			<t id="s5_28" word="houvesse" lemma="haver" pos="v-fin" morph="IMPF 3S SUBJ VFIN" extra="nosubj nosubj cjt-STA fmc mv"/>
			<t id="s5_29" word="algum" lemma="algum" pos="pron-indef" morph="DET M S" extra="quant"/>
			<t id="s5_30" word="mau" lemma="mau" pos="adj" morph="M S" extra="--"/>
			<t id="s5_31" word="funcionamento" lemma="funcionamento" pos="n" morph="M S" sem="process" extra="--"/>
			<t id="s5_32" word="." lemma="--" pos="pu" morph="--" extra="--"/>
		</terminals>

		<nonterminals>
			<nt id="s5_500" cat="s">
				<edge label="STA" idref="s5_501"/>
			</nt>
			<nt id="s5_501" cat="par">
				<edge label="CJT" idref="s5_502"/>
				<edge label="CJT" idref="s5_507"/>
				<edge label="CJT" idref="s5_516"/>
				<edge label="PU" idref="s5_32"/>
			</nt>
			<nt id="s5_502" cat="fcl">
				<edge label="fA" idref="s5_503"/>
				<edge label="PU" idref="s5_7"/>
				<edge label="P" idref="s5_8"/>
			</nt>
			<nt id="s5_503" cat="pp">
				<edge label="H" idref="s5_1"/>
				<edge label="DP" idref="s5_504"/>
			</nt>
			<nt id="s5_504" cat="np">
				<edge label="DN" idref="s5_2"/>
				<edge label="H" idref="s5_3"/>
				<edge label="DN" idref="s5_505"/>
			</nt>
			<nt id="s5_505" cat="fcl">
				<edge label="fA" idref="s5_506"/>
				<edge label="P" idref="s5_6"/>
			</nt>
			<nt id="s5_506" cat="pp">
				<edge label="H" idref="s5_4"/>
				<edge label="DP" idref="s5_5"/>
			</nt>
			<nt id="s5_507" cat="fcl">
				<edge label="S" idref="s5_508"/>
				<edge label="Od" idref="s5_509"/>
				<edge label="PU" idref="s5_17"/>
				<edge label="S" idref="s5_513"/>
				<edge label="SUB" idref="s5_19"/>
				<edge label="P" idref="s5_22"/>
				<edge label="fA" idref="s5_514"/>
			</nt>
			<nt id="s5_508" cat="np">
				<edge label="DN" idref="s5_9"/>
				<edge label="H" idref="s5_10"/>
			</nt>
			<nt id="s5_509" cat="icl">
				<edge label="P" idref="s5_11"/>
				<edge label="fCs" idref="s5_510"/>
				<edge label="fA" idref="s5_511"/>
			</nt>
			<nt id="s5_510" cat="np">
				<edge label="DN" idref="s5_12"/>
				<edge label="H" idref="s5_13"/>
			</nt>
			<nt id="s5_511" cat="pp">
				<edge label="H" idref="s5_14"/>
				<edge label="DP" idref="s5_512"/>
			</nt>
			<nt id="s5_512" cat="np">
				<edge label="DN" idref="s5_15"/>
				<edge label="H" idref="s5_16"/>
			</nt>
			<nt id="s5_513" cat="np">
				<edge label="PREF" idref="s5_18"/>
				<edge label="DN" idref="s5_20"/>
				<edge label="H" idref="s5_21"/>
			</nt>
			<nt id="s5_514" cat="pp">
				<edge label="H" idref="s5_23"/>
				<edge label="DP" idref="s5_515"/>
			</nt>
			<nt id="s5_515" cat="np">
				<edge label="DN" idref="s5_24"/>
				<edge label="H" idref="s5_25"/>
				<edge label="CO" idref="s5_26"/>
			</nt>
			<nt id="s5_516" cat="x">
				<edge label="SUB" idref="s5_27"/>
				<edge label="P" idref="s5_28"/>
				<edge label="Od" idref="s5_517"/>
			</nt>
			<nt id="s5_517" cat="np">
				<edge label="DN" idref="s5_29"/>
				<edge label="DN" idref="s5_30"/>
				<edge label="H" idref="s5_31"/>
			</nt>
		</nonterminals>
	</graph>
</s>

<s id="s6" ref="6" source="Running text" forest="1" text="em relação a o software da microsoft, ele me pareceu ser muito rápido e intuitivo, com apenas duas telas a inicial, personalizável com qualquer funcionalidade ou aplicativo existente no aparelho, e o menu, que contém todos os aplicativos do aparelho.">
	<graph root="s6_500">
		<terminals>
			<t id="s6_1" word="em_relação_a" lemma="em_relação_a" pos="prp" morph="--" extra="sam-"/>
			<t id="s6_2" word="o" lemma="o" pos="art" morph="M S" extra=" -sam"/>
			<t id="s6_3" word="software" lemma="software" pos="n" morph="M S" sem="am" extra="--"/>
			<t id="s6_4" word="de" lemma="de" pos="prp" morph="--" extra="sam- np-close"/>
			<t id="s6_5" word="a" lemma="o" pos="art" morph="F S" extra="-sam "/>
			<t id="s6_6" word="microsoft" lemma="microsoft" pos="n" morph="M S" sem="sem-r" extra="DERP"/>
			<t id="s6_7" word="," lemma="--" pos="pu" morph="--" extra="--"/>
			<t id="s6_8" word="ele" lemma="ele" pos="pron-pers" morph="M 3S NOM" extra="--"/>
			<t id="s6_9" word="me" lemma="eu" pos="pron-pers" morph="M/F 1S DAT" extra="refl"/>
			<t id="s6_10" word="pareceu" lemma="parecer" pos="v-fin" morph="PS 3S IND VFIN" extra="fmc aux"/>
			<t id="s6_11" word="ser" lemma="ser" pos="v-inf" morph="--" extra="vK mv"/>
			<t id="s6_12" word="muito" lemma="muito" pos="adv" morph="--" extra="quant"/>
			<t id="s6_13" word="rápido" lemma="rápido" pos="adj" morph="M S" extra="cjt-head cjt-head-Cs adv jh"/>
			<t id="s6_14" word="e" lemma="e" pos="conj-c" morph="--" extra="--"/>
			<t id="s6_15" word="intuitivo" lemma="intuitivo" pos="adj" morph="M S" extra="cjt-Cs nh"/>
			<t id="s6_16" word="," lemma="--" pos="pu" morph="--" extra="--"/>
			<t id="s6_17" word="com" lemma="com" pos="prp" morph="--" extra="cjt-Cs"/>
			<t id="s6_18" word="apenas" lemma="apenas" pos="adv" morph="--" extra="--"/>
			<t id="s6_19" word="duas" lemma="dois" pos="num" morph="F P" extra="card"/>
			<t id="s6_20" word="telas" lemma="tela" pos="n" morph="F P" sem="cc-h pict mat-cloth" extra="--"/>
			<t id="s6_21" word="a" lemma="o" pos="art" morph="F S" extra="--"/>
			<t id="s6_22" word="inicial" lemma="inicial" pos="n" morph="F S" sem="ac-sign" extra="cjt-Cs"/>
			<t id="s6_23" word="," lemma="--" pos="pu" morph="--" extra="--"/>
			<t id="s6_24" word="personalizável" lemma="personalizável" pos="adj" morph="F S" extra="DERS np-close"/>
			<t id="s6_25" word="com" lemma="com" pos="prp" morph="--" extra="np-close"/>
			<t id="s6_26" word="qualquer" lemma="qualquer" pos="pron-indef" morph="DET F S" extra="quant"/>
			<t id="s6_27" word="funcionalidade" lemma="funcionalidade" pos="n" morph="F S" sem="percep-f" extra="--"/>
			<t id="s6_28" word="ou" lemma="ou" pos="conj-c" morph="--" extra="--"/>
			<t id="s6_29" word="aplicativo" lemma="aplicativo" pos="n" morph="M S" sem="sem-c" extra="--"/>
			<t id="s6_30" word="existente" lemma="existente" pos="adj" morph="M S" extra="nh np-close"/>
			<t id="s6_31" word="em" lemma="em" pos="prp" morph="--" extra="sam- np-long"/>
			<t id="s6_32" word="o" lemma="o" pos="art" morph="M S" extra="-sam "/>
			<t id="s6_33" word="aparelho" lemma="aparelho" pos="n" morph="M S" sem="tool" extra="--"/>
			<t id="s6_34" word="," lemma="--" pos="pu" morph="--" extra="--"/>
			<t id="s6_35" word="e" lemma="e" pos="conj-c" morph="--" extra="--"/>
			<t id="s6_36" word="o" lemma="o" pos="art" morph="M S" extra="--"/>
			<t id="s6_37" word="menu" lemma="menu" pos="n" morph="M S" extra="cjt-Cs newlex"/>
			<t id="s6_38" word="," lemma="--" pos="pu" morph="--" extra="--"/>
			<t id="s6_39" word="que" lemma="que" pos="spec" morph="M S" extra="clb clb-fs rel"/>
			<t id="s6_40" word="contém" lemma="conter" pos="v-fin" morph="PR 3S IND VFIN" extra="mv np-close"/>
			<t id="s6_41" word="todos_os" lemma="todo_o" pos="pron-indef" morph="DET M P" extra="quant"/>
			<t id="s6_42" word="aplicativos" lemma="aplicativo" pos="n" morph="M P" sem="sem-c" extra="--"/>
			<t id="s6_43" word="de" lemma="de" pos="prp" morph="--" extra="sam- np-close"/>
			<t id="s6_44" word="o" lemma="o" pos="art" morph="M S" extra="-sam "/>
			<t id="s6_45" word="aparelho" lemma="aparelho" pos="n" morph="M S" sem="tool" extra="--"/>
			<t id="s6_46" word="." lemma="--" pos="pu" morph="--" extra="--"/>
		</terminals>

		<nonterminals>
			<nt id="s6_500" cat="s">
				<edge label="STA" idref="s6_501"/>
			</nt>
			<nt id="s6_501" cat="fcl">
				<edge label="fA" idref="s6_502"/>
				<edge label="PU" idref="s6_7"/>
				<edge label="S" idref="s6_8"/>
				<edge label="Oi" idref="s6_9"/>
				<edge label="P" idref="s6_506"/>
				<edge label="Cs" idref="s6_507"/>
				<edge label="DNc" idref="s6_514"/>
				<edge label="DP" idref="s6_516"/>
				<edge label="PU" idref="s6_46"/>
			</nt>
			<nt id="s6_502" cat="pp">
				<edge label="H" idref="s6_1"/>
				<edge label="DP" idref="s6_503"/>
			</nt>
			<nt id="s6_503" cat="np">
				<edge label="DN" idref="s6_2"/>
				<edge label="H" idref="s6_3"/>
				<edge label="DN" idref="s6_504"/>
			</nt>
			<nt id="s6_504" cat="pp">
				<edge label="H" idref="s6_4"/>
				<edge label="DP" idref="s6_505"/>
			</nt>
			<nt id="s6_505" cat="np">
				<edge label="DN" idref="s6_5"/>
				<edge label="H" idref="s6_6"/>
			</nt>
			<nt id="s6_506" cat="vp">
				<edge label="Vaux" idref="s6_10"/>
				<edge label="Vm" idref="s6_11"/>
			</nt>
			<nt id="s6_507" cat="par">
				<edge label="CJT" idref="s6_508"/>
				<edge label="CJT" idref="s6_509"/>
				<edge label="CJT" idref="s6_15"/>
				<edge label="PU" idref="s6_16"/>
				<edge label="CJT" idref="s6_511"/>
			</nt>
			<nt id="s6_508" cat="adjp">
				<edge label="DA" idref="s6_12"/>
				<edge label="H" idref="s6_13"/>
			</nt>
			<nt id="s6_509" cat="np">
				<edge label="DNc" idref="s6_510"/>
			</nt>
			<nt id="s6_510" cat="adjp">
				<edge label="CO" idref="s6_14"/>
			</nt>
			<nt id="s6_511" cat="pp">
				<edge label="H" idref="s6_17"/>
				<edge label="DP" idref="s6_512"/>
				<edge label="DN" idref="s6_21"/>
				<edge label="H" idref="s6_22"/>
				<edge label="PU" idref="s6_23"/>
				<edge label="-DNc" idref="s6_24"/>
			</nt>
			<nt id="s6_512" cat="np">
				<edge label="DN" idref="s6_513"/>
				<edge label="H" idref="s6_20"/>
			</nt>
			<nt id="s6_513" cat="adjp">
				<edge label="DA" idref="s6_18"/>
				<edge label="H" idref="s6_19"/>
			</nt>
			<nt id="s6_514" cat="pp">
				<edge label="H" idref="s6_25"/>
				<edge label="DP" idref="s6_515"/>
			</nt>
			<nt id="s6_515" cat="np">
				<edge label="DN" idref="s6_26"/>
				<edge label="H" idref="s6_27"/>
			</nt>
			<nt id="s6_516" cat="np">
				<edge label="CO" idref="s6_28"/>
				<edge label="H" idref="s6_29"/>
				<edge label="DN" idref="s6_30"/>
				<edge label="DN" idref="s6_517"/>
				<edge label="CJT" idref="s6_519"/>
			</nt>
			<nt id="s6_517" cat="pp">
				<edge label="H" idref="s6_31"/>
				<edge label="DP" idref="s6_518"/>
			</nt>
			<nt id="s6_518" cat="np">
				<edge label="DN" idref="s6_32"/>
				<edge label="H" idref="s6_33"/>
				<edge label="PU" idref="s6_34"/>
				<edge label="CO" idref="s6_35"/>
			</nt>
			<nt id="s6_519" cat="np">
				<edge label="DN" idref="s6_36"/>
				<edge label="H" idref="s6_37"/>
				<edge label="PU" idref="s6_38"/>
				<edge label="DN" idref="s6_520"/>
			</nt>
			<nt id="s6_520" cat="fcl">
				<edge label="S" idref="s6_39"/>
				<edge label="P" idref="s6_40"/>
				<edge label="Od" idref="s6_521"/>
			</nt>
			<nt id="s6_521" cat="np">
				<edge label="DN" idref="s6_41"/>
				<edge label="H" idref="s6_42"/>
				<edge label="DN" idref="s6_522"/>
			</nt>
			<nt id="s6_522" cat="pp">
				<edge label="H" idref="s6_43"/>
				<edge label="DP" idref="s6_523"/>
			</nt>
			<nt id="s6_523" cat="np">
				<edge label="DN" idref="s6_44"/>
				<edge label="H" idref="s6_45"/>
			</nt>
		</nonterminals>
	</graph>
</s>

<s id="s7" ref="7" source="Running text" forest="1" text="a fluidez do manuseio é impressionante, tornando a experiência do usuário única.">
	<graph root="s7_500">
		<terminals>
			<t id="s7_1" word="a" lemma="o" pos="art" morph="F S" extra="--"/>
			<t id="s7_2" word="fluidez" lemma="fluidez" pos="n" morph="F S" sem="am" extra="--"/>
			<t id="s7_3" word="de" lemma="de" pos="prp" morph="--" extra="sam- np-close"/>
			<t id="s7_4" word="o" lemma="o" pos="art" morph="M S" extra="-sam "/>
			<t id="s7_5" word="manuseio" lemma="manuseio" pos="n" morph="M S" sem="act-d" extra="--"/>
			<t id="s7_6" word="é" lemma="ser" pos="v-fin" morph="PR 3S IND VFIN" extra="vK fmc mv"/>
			<t id="s7_7" word="impressionante" lemma="impressionante" pos="adj" morph="F S" extra="--"/>
			<t id="s7_8" word="," lemma="--" pos="pu" morph="--" extra="--"/>
			<t id="s7_9" word="tornando" lemma="tornar" pos="v-ger" morph="--" extra="clb mv"/>
			<t id="s7_10" word="a" lemma="o" pos="art" morph="F S" extra="--"/>
			<t id="s7_11" word="experiência" lemma="experiência" pos="n" morph="F S" sem="am ac" extra="--"/>
			<t id="s7_12" word="de" lemma="de" pos="prp" morph="--" extra="sam- np-close"/>
			<t id="s7_13" word="o" lemma="o" pos="art" morph="M S" extra="-sam "/>
			<t id="s7_14" word="usuário" lemma="usuário" pos="n" morph="M S" sem="Hattr" extra="--"/>
			<t id="s7_15" word="única" lemma="único" pos="adj" morph="F S" extra="jh np-long"/>
			<t id="s7_16" word="." lemma="--" pos="pu" morph="--" extra="--"/>
		</terminals>

		<nonterminals>
			<nt id="s7_500" cat="s">
				<edge label="STA" idref="s7_501"/>
			</nt>
			<nt id="s7_501" cat="fcl">
				<edge label="S" idref="s7_502"/>
				<edge label="P" idref="s7_6"/>
				<edge label="Cs" idref="s7_7"/>
				<edge label="PU" idref="s7_8"/>
				<edge label="fA" idref="s7_505"/>
				<edge label="PU" idref="s7_16"/>
			</nt>
			<nt id="s7_502" cat="np">
				<edge label="DN" idref="s7_1"/>
				<edge label="H" idref="s7_2"/>
				<edge label="DN" idref="s7_503"/>
			</nt>
			<nt id="s7_503" cat="pp">
				<edge label="H" idref="s7_3"/>
				<edge label="DP" idref="s7_504"/>
			</nt>
			<nt id="s7_504" cat="np">
				<edge label="DN" idref="s7_4"/>
				<edge label="H" idref="s7_5"/>
			</nt>
			<nt id="s7_505" cat="advp">
				<edge label="P" idref="s7_9"/>
				<edge label="Od" idref="s7_506"/>
			</nt>
			<nt id="s7_506" cat="np">
				<edge label="DN" idref="s7_10"/>
				<edge label="H" idref="s7_11"/>
				<edge label="DN" idref="s7_507"/>
				<edge label="DN" idref="s7_15"/>
			</nt>
			<nt id="s7_507" cat="pp">
				<edge label="H" idref="s7_12"/>
				<edge label="DP" idref="s7_508"/>
			</nt>
			<nt id="s7_508" cat="np">
				<edge label="DN" idref="s7_13"/>
				<edge label="H" idref="s7_14"/>
			</nt>
		</nonterminals>
	</graph>
</s>

<s id="s8" ref="8" source="Running text" forest="1" text="o touch screen da nokia não é o melhor do mercado, porém não fica muito atrás!">
	<graph root="s8_500">
		<terminals>
			<t id="s8_1" word="o" lemma="o" pos="art" morph="M S" extra="--"/>
			<t id="s8_2" word="touch" lemma="touch" pos="n" morph="M S" extra="heur"/>
			<t id="s8_3" word="screen" lemma="screen" pos="n" morph="M S" extra="foreign heur"/>
			<t id="s8_4" word="de" lemma="de" pos="prp" morph="--" extra="sam- np-close"/>
			<t id="s8_5" word="a" lemma="o" pos="art" morph="F S" extra="-sam "/>
			<t id="s8_6" word="nokia" lemma="nokia" pos="n" morph="F S" extra="heur foreign"/>
			<t id="s8_7" word="não" lemma="não" pos="adv" morph="--" extra="--"/>
			<t id="s8_8" word="é" lemma="ser" pos="v-fin" morph="PR 3S IND VFIN" extra="cjt-head cjt-head-STA vK fmc mv"/>
			<t id="s8_9" word="o" lemma="o" pos="art" morph="M S" extra="--"/>
			<t id="s8_10" word="melhor" lemma="bom" pos="adj" morph="M S" extra="n KOMP SUP"/>
			<t id="s8_11" word="de" lemma="de" pos="prp" morph="--" extra="sam-"/>
			<t id="s8_12" word="o" lemma="o" pos="art" morph="M S" extra="-sam "/>
			<t id="s8_13" word="mercado" lemma="mercado" pos="n" morph="M S" sem="inst" extra="--"/>
			<t id="s8_14" word="," lemma="--" pos="pu" morph="--" extra="--"/>
			<t id="s8_15" word="porém" lemma="porém" pos="adv" morph="--" extra="kc"/>
			<t id="s8_16" word="não" lemma="não" pos="adv" morph="--" extra="--"/>
			<t id="s8_17" word="fica" lemma="ficar" pos="v-fin" morph="IMP 2S VFIN" extra="nosubj nosubj cjt-COM fmc mv"/>
			<t id="s8_18" word="muito" lemma="muito" pos="adv" morph="--" extra="quant"/>
			<t id="s8_19" word="atrás" lemma="atrás" pos="adv" morph="--" extra="--"/>
			<t id="s8_20" word="!" lemma="--" pos="pu" morph="--" extra="--"/>
		</terminals>

		<nonterminals>
			<nt id="s8_500" cat="s">
				<edge label="STA" idref="s8_501"/>
			</nt>
			<nt id="s8_501" cat="par">
				<edge label="CJT" idref="s8_502"/>
				<edge label="PU" idref="s8_14"/>
				<edge label="CJT" idref="s8_510"/>
				<edge label="PU" idref="s8_20"/>
			</nt>
			<nt id="s8_502" cat="fcl">
				<edge label="S" idref="s8_503"/>
				<edge label="S" idref="s8_504"/>
				<edge label="fA" idref="s8_7"/>
				<edge label="P" idref="s8_8"/>
				<edge label="Cs" idref="s8_507"/>
			</nt>
			<nt id="s8_503" cat="np">
				<edge label="DN" idref="s8_1"/>
				<edge label="H" idref="s8_2"/>
			</nt>
			<nt id="s8_504" cat="np">
				<edge label="H" idref="s8_3"/>
				<edge label="DN" idref="s8_505"/>
			</nt>
			<nt id="s8_505" cat="pp">
				<edge label="H" idref="s8_4"/>
				<edge label="DP" idref="s8_506"/>
			</nt>
			<nt id="s8_506" cat="np">
				<edge label="DN" idref="s8_5"/>
				<edge label="H" idref="s8_6"/>
			</nt>
			<nt id="s8_507" cat="np">
				<edge label="DN" idref="s8_9"/>
				<edge label="H" idref="s8_10"/>
				<edge label="DAcom" idref="s8_508"/>
			</nt>
			<nt id="s8_508" cat="pp">
				<edge label="H" idref="s8_11"/>
				<edge label="DP" idref="s8_509"/>
			</nt>
			<nt id="s8_509" cat="np">
				<edge label="DN" idref="s8_12"/>
				<edge label="H" idref="s8_13"/>
			</nt>
			<nt id="s8_510" cat="fcl">
				<edge label="fA" idref="s8_15"/>
				<edge label="fA" idref="s8_16"/>
				<edge label="P" idref="s8_17"/>
				<edge label="As" idref="s8_511"/>
			</nt>
			<nt id="s8_511" cat="advp">
				<edge label="DA" idref="s8_18"/>
				<edge label="H" idref="s8_19"/>
			</nt>
		</nonterminals>
	</graph>
</s>

<s id="s9" ref="9" source="Running text" forest="1" text="em o lumia number são number megapixels, com flash duplo e excelentes resultados todas minhas fotos e filmes foram de ótima qualidade.">
	<graph root="s9_500">
		<terminals>
			<t id="s9_1" word="em" lemma="em" pos="prp" morph="--" extra="sam-"/>
			<t id="s9_2" word="o" lemma="o" pos="art" morph="M S" extra="clb -sam artd"/>
			<t id="s9_3" word="lumia" lemma="lumia" pos="n" morph="F S" extra="DERS"/>
			<t id="s9_4" word="number" lemma="number" pos="v-inf" morph="3S" extra="heur mv"/>
			<t id="s9_5" word="são" lemma="ser" pos="v-fin" morph="PR 3P IND VFIN" extra="cjt-head cjt-head-STA vK fmc mv"/>
			<t id="s9_6" word="number" lemma="number" pos="v-inf" morph="--" extra="heur mv"/>
			<t id="s9_7" word="megapixels" lemma="megapixel" pos="n" morph="M P" sem="unit" extra="DERP"/>
			<t id="s9_8" word="," lemma="--" pos="pu" morph="--" extra="--"/>
			<t id="s9_9" word="com" lemma="com" pos="prp" morph="--" extra="--"/>
			<t id="s9_10" word="flash" lemma="flash" pos="n" morph="M S" sem="tool" extra="cjt-head cjt-head-DP"/>
			<t id="s9_11" word="duplo" lemma="duplo" pos="adj" morph="M S" extra="nh np-close"/>
			<t id="s9_12" word="e" lemma="e" pos="conj-c" morph="--" extra="--"/>
			<t id="s9_13" word="excelentes" lemma="excelente" pos="adj" morph="M P" extra="--"/>
			<t id="s9_14" word="resultados" lemma="resultado" pos="n" morph="M P" sem="ac" extra="cjt-DP"/>
			<t id="s9_15" word="todas" lemma="todo" pos="pron-indef" morph="DET F P" extra="quant np-close"/>
			<t id="s9_16" word="minhas" lemma="meu" pos="pron-poss" morph="DET F P" extra="poss 1S"/>
			<t id="s9_17" word="fotos" lemma="foto" pos="n" morph="F P" sem="pict" extra="--"/>
			<t id="s9_18" word="e" lemma="e" pos="conj-c" morph="--" extra="--"/>
			<t id="s9_19" word="filmes" lemma="filme" pos="n" morph="M P" sem="sem-w cc" extra="--"/>
			<t id="s9_20" word="foram" lemma="ser" pos="v-fin" morph="PS/MQP 3P IND VFIN" extra="cjt-STA vK fmc mv"/>
			<t id="s9_21" word="de" lemma="de" pos="prp" morph="--" extra="--"/>
			<t id="s9_22" word="ótima" lemma="bom" pos="adj" morph="F S" extra="SUP"/>
			<t id="s9_23" word="qualidade" lemma="qualidade" pos="n" morph="F S" sem="percep-f f-c" extra="--"/>
			<t id="s9_24" word="." lemma="--" pos="pu" morph="--" extra="--"/>
		</terminals>

		<nonterminals>
			<nt id="s9_500" cat="s">
				<edge label="STA" idref="s9_501"/>
			</nt>
			<nt id="s9_501" cat="par">
				<edge label="CJT" idref="s9_502"/>
				<edge label="PU" idref="s9_8"/>
				<edge label="CJT" idref="s9_506"/>
				<edge label="PU" idref="s9_24"/>
			</nt>
			<nt id="s9_502" cat="fcl">
				<edge label="fA" idref="s9_503"/>
				<edge label="S" idref="s9_504"/>
				<edge label="P" idref="s9_5"/>
				<edge label="Cs" idref="s9_505"/>
			</nt>
			<nt id="s9_503" cat="pp">
				<edge label="H" idref="s9_1"/>
			</nt>
			<nt id="s9_504" cat="np">
				<edge label="DN" idref="s9_2"/>
				<edge label="H" idref="s9_3"/>
				<edge label="DP" idref="s9_4"/>
			</nt>
			<nt id="s9_505" cat="icl">
				<edge label="P" idref="s9_6"/>
				<edge label="Od" idref="s9_7"/>
			</nt>
			<nt id="s9_506" cat="fcl">
				<edge label="fA" idref="s9_507"/>
				<edge label="S" idref="s9_512"/>
				<edge label="S" idref="s9_19"/>
				<edge label="P" idref="s9_20"/>
				<edge label="Cs" idref="s9_513"/>
			</nt>
			<nt id="s9_507" cat="pp">
				<edge label="H" idref="s9_9"/>
				<edge label="DP" idref="s9_508"/>
			</nt>
			<nt id="s9_508" cat="par">
				<edge label="CJT" idref="s9_509"/>
				<edge label="CJT" idref="s9_510"/>
				<edge label="CO" idref="s9_18"/>
			</nt>
			<nt id="s9_509" cat="np">
				<edge label="H" idref="s9_10"/>
				<edge label="DN" idref="s9_11"/>
			</nt>
			<nt id="s9_510" cat="np">
				<edge label="DN" idref="s9_511"/>
				<edge label="DN" idref="s9_13"/>
				<edge label="H" idref="s9_14"/>
				<edge label="-DN" idref="s9_15"/>
			</nt>
			<nt id="s9_511" cat="adjp">
				<edge label="CO" idref="s9_12"/>
			</nt>
			<nt id="s9_512" cat="np">
				<edge label="DN" idref="s9_16"/>
				<edge label="H" idref="s9_17"/>
			</nt>
			<nt id="s9_513" cat="pp">
				<edge label="H" idref="s9_21"/>
				<edge label="DP" idref="s9_514"/>
			</nt>
			<nt id="s9_514" cat="np">
				<edge label="DN" idref="s9_22"/>
				<edge label="H" idref="s9_23"/>
			</nt>
		</nonterminals>
	</graph>
</s>

<s id="s10" ref="10" source="Running text" forest="1" text="além disso, o aplicativo permite compartilhamento com o facebook, twitter e skydrive?">
	<graph root="s10_500">
		<terminals>
			<t id="s10_1" word="além_disso" lemma="além_disso" pos="adv" morph="--" extra="--"/>
			<t id="s10_2" word="," lemma="--" pos="pu" morph="--" extra="--"/>
			<t id="s10_3" word="o" lemma="o" pos="art" morph="M S" extra="--"/>
			<t id="s10_4" word="aplicativo" lemma="aplicativo" pos="n" morph="M S" sem="sem-c" extra="--"/>
			<t id="s10_5" word="permite" lemma="permitir" pos="v-fin" morph="PR 3S IND VFIN" extra="vH fmc mv"/>
			<t id="s10_6" word="compartilhamento" lemma="compartilhamento" pos="n" morph="M S" sem="activity" extra="cjt-head cjt-head-Od"/>
			<t id="s10_7" word="com" lemma="com" pos="prp" morph="--" extra="--"/>
			<t id="s10_8" word="o" lemma="o" pos="art" morph="M S" extra="--"/>
			<t id="s10_9" word="facebook" lemma="facebook" pos="n" morph="M S" extra="cjt-head cjt-head-DP foreign heur"/>
			<t id="s10_10" word="," lemma="--" pos="pu" morph="--" extra="--"/>
			<t id="s10_11" word="twitter" lemma="twitter" pos="n" morph="M S" extra="cjt-DP heur foreign"/>
			<t id="s10_12" word="e" lemma="e" pos="conj-c" morph="--" extra="--"/>
			<t id="s10_13" word="skydrive" lemma="skydrive" pos="n" morph="M S" extra="cjt-Od heur foreign"/>
			<t id="s10_14" word="?" lemma="--" pos="pu" morph="--" extra="--"/>
		</terminals>

		<nonterminals>
			<nt id="s10_500" cat="s">
				<edge label="QUE" idref="s10_501"/>
			</nt>
			<nt id="s10_501" cat="fcl">
				<edge label="fA" idref="s10_1"/>
				<edge label="PU" idref="s10_2"/>
				<edge label="S" idref="s10_502"/>
				<edge label="P" idref="s10_5"/>
				<edge label="Od" idref="s10_503"/>
				<edge label="fA" idref="s10_504"/>
				<edge label="PU" idref="s10_14"/>
			</nt>
			<nt id="s10_502" cat="np">
				<edge label="DN" idref="s10_3"/>
				<edge label="H" idref="s10_4"/>
			</nt>
			<nt id="s10_503" cat="par">
				<edge label="CJT" idref="s10_6"/>
			</nt>
			<nt id="s10_504" cat="pp">
				<edge label="H" idref="s10_7"/>
				<edge label="DP" idref="s10_505"/>
				<edge label="CJT" idref="s10_13"/>
			</nt>
			<nt id="s10_505" cat="par">
				<edge label="CJT" idref="s10_506"/>
				<edge label="PU" idref="s10_10"/>
				<edge label="CJT" idref="s10_11"/>
				<edge label="CO" idref="s10_12"/>
			</nt>
			<nt id="s10_506" cat="np">
				<edge label="DN" idref="s10_8"/>
				<edge label="H" idref="s10_9"/>
			</nt>
		</nonterminals>
	</graph>
</s>

<s id="s11" ref="11" source="Running text" forest="1" text="serviço de armazenamento em nuvem da microsoft, que também salva as fotos automaticamente.">
	<graph root="s11_500">
		<terminals>
			<t id="s11_1" word="serviço" lemma="serviço" pos="n" morph="M S" sem="act-d" extra="--"/>
			<t id="s11_2" word="de" lemma="de" pos="prp" morph="--" extra="np-close"/>
			<t id="s11_3" word="armazenamento" lemma="armazenamento" pos="n" morph="M S" sem="act" extra="--"/>
			<t id="s11_4" word="em" lemma="em" pos="prp" morph="--" extra="np-close"/>
			<t id="s11_5" word="nuvem" lemma="nuvem" pos="n" morph="F S" sem="wea-c" extra="--"/>
			<t id="s11_6" word="de" lemma="de" pos="prp" morph="--" extra="sam- np-close"/>
			<t id="s11_7" word="a" lemma="o" pos="art" morph="F S" extra="-sam "/>
			<t id="s11_8" word="microsoft" lemma="microsoft" pos="n" morph="M S" sem="sem-r" extra="DERP"/>
			<t id="s11_9" word="," lemma="--" pos="pu" morph="--" extra="--"/>
			<t id="s11_10" word="que" lemma="que" pos="spec" morph="M S" extra="clb clb-fs rel"/>
			<t id="s11_11" word="também" lemma="também" pos="adv" morph="--" extra="--"/>
			<t id="s11_12" word="salva" lemma="salvar" pos="v-fin" morph="PR 3S IND VFIN" extra="vH mv np-close"/>
			<t id="s11_13" word="as" lemma="o" pos="art" morph="F P" extra="--"/>
			<t id="s11_14" word="fotos" lemma="foto" pos="n" morph="F P" sem="pict" extra="--"/>
			<t id="s11_15" word="automaticamente" lemma="automaticamente" pos="adv" morph="--" extra="--"/>
			<t id="s11_16" word="." lemma="--" pos="pu" morph="--" extra="--"/>
		</terminals>

		<nonterminals>
			<nt id="s11_500" cat="s">
				<edge label="X" idref="s11_501"/>
			</nt>
			<nt id="s11_501" cat="np">
				<edge label="H" idref="s11_1"/>
				<edge label="DN" idref="s11_502"/>
				<edge label="DN" idref="s11_503"/>
				<edge label="PU" idref="s11_16"/>
			</nt>
			<nt id="s11_502" cat="pp">
				<edge label="H" idref="s11_2"/>
				<edge label="DP" idref="s11_3"/>
			</nt>
			<nt id="s11_503" cat="pp">
				<edge label="H" idref="s11_4"/>
				<edge label="DP" idref="s11_504"/>
			</nt>
			<nt id="s11_504" cat="np">
				<edge label="H" idref="s11_5"/>
				<edge label="DN" idref="s11_505"/>
			</nt>
			<nt id="s11_505" cat="pp">
				<edge label="H" idref="s11_6"/>
				<edge label="DP" idref="s11_506"/>
			</nt>
			<nt id="s11_506" cat="np">
				<edge label="DN" idref="s11_7"/>
				<edge label="H" idref="s11_8"/>
				<edge label="PU" idref="s11_9"/>
				<edge label="DN" idref="s11_507"/>
			</nt>
			<nt id="s11_507" cat="fcl">
				<edge label="S" idref="s11_10"/>
				<edge label="fA" idref="s11_11"/>
				<edge label="P" idref="s11_12"/>
				<edge label="Od" idref="s11_508"/>
				<edge label="fA" idref="s11_15"/>
			</nt>
			<nt id="s11_508" cat="np">
				<edge label="DN" idref="s11_13"/>
				<edge label="H" idref="s11_14"/>
			</nt>
		</nonterminals>
	</graph>
</s>

<s id="s12" ref="12" source="Running text" forest="1" text="é um pouco caro mas recomendo..">
	<graph root="s12_500">
		<terminals>
			<t id="s12_1" word="é" lemma="ser" pos="v-fin" morph="PR 3S IND VFIN" extra="nosubj nosubj cjt-head cjt-head-STA vK fmc mv"/>
			<t id="s12_2" word="um_pouco" lemma="um_pouco" pos="adv" morph="--" extra="quant"/>
			<t id="s12_3" word="caro" lemma="caro" pos="adj" morph="M S" extra="jh"/>
			<t id="s12_4" word="mas" lemma="mas" pos="conj-c" morph="--" extra="topkc"/>
			<t id="s12_5" word="recomendo" lemma="recomendar" pos="v-fin" morph="PR 1S IND VFIN" extra="nosubj nosubj cjt-STA vH fmc mv"/>
			<t id="s12_6" word="." lemma="--" pos="pu" morph="--" extra="--"/>
			<t id="s12_7" word="." lemma="--" pos="pu" morph="--" extra="--"/>
		</terminals>

		<nonterminals>
			<nt id="s12_500" cat="s">
				<edge label="STA" idref="s12_501"/>
			</nt>
			<nt id="s12_501" cat="par">
				<edge label="CJT" idref="s12_502"/>
				<edge label="CO" idref="s12_4"/>
				<edge label="CJT" idref="s12_5"/>
				<edge label="PU" idref="s12_6"/>
				<edge label="PU" idref="s12_7"/>
			</nt>
			<nt id="s12_502" cat="fcl">
				<edge label="P" idref="s12_1"/>
				<edge label="Cs" idref="s12_503"/>
			</nt>
			<nt id="s12_503" cat="adjp">
				<edge label="DA" idref="s12_2"/>
				<edge label="H" idref="s12_3"/>
			</nt>
		</nonterminals>
	</graph>
</s>

	</body>
</corpus>
