<?xml version="1.0" encoding="UTF-8"?>
<corpus>

	<body>
<s id="s1" ref="1" source="Running text" forest="1" text="comprei para meu sogro, muito bom pois a bateria é excelente, com funções simples, é uma excelente comprar para quem não for exigente..">
	<graph root="s1_500">
		<terminals>
			<t id="s1_1" word="comprei" lemma="comprar" pos="v-fin" morph="PS 1S IND VFIN" extra="nosubj nosubj cjt-head cjt-head-STA vH fmc mv"/>
			<t id="s1_2" word="para" lemma="para" pos="prp" morph="--" extra="--"/>
			<t id="s1_3" word="meu" lemma="meu" pos="pron-poss" morph="DET M S" extra="poss 1S"/>
			<t id="s1_4" word="sogro" lemma="sogro" pos="n" morph="M S" sem="Hfam" extra="--"/>
			<t id="s1_5" word="," lemma="--" pos="pu" morph="--" extra="--"/>
			<t id="s1_6" word="muito" lemma="muito" pos="adv" morph="--" extra="quant"/>
			<t id="s1_7" word="bom" lemma="bom" pos="adj" morph="M S" extra="jh"/>
			<t id="s1_8" word="pois" lemma="pois" pos="adv" morph="--" extra="kc"/>
			<t id="s1_9" word="a" lemma="o" pos="art" morph="F S" extra="--"/>
			<t id="s1_10" word="bateria" lemma="bateria" pos="n" morph="F S" sem="tool" extra="--"/>
			<t id="s1_11" word="é" lemma="ser" pos="v-fin" morph="PR 3S IND VFIN" extra="cjt-STA vK fmc mv"/>
			<t id="s1_12" word="excelente" lemma="excelente" pos="adj" morph="F S" extra="cjt-head cjt-head-Cs"/>
			<t id="s1_13" word="," lemma="--" pos="pu" morph="--" extra="--"/>
			<t id="s1_14" word="com" lemma="com" pos="prp" morph="--" extra="cjt-Cs np-close"/>
			<t id="s1_15" word="funções" lemma="função" pos="n" morph="F P" sem="ac pos-soc occ" extra="--"/>
			<t id="s1_16" word="simples" lemma="simples" pos="adj" morph="F P" extra="jh np-close"/>
			<t id="s1_17" word="," lemma="--" pos="pu" morph="--" extra="--"/>
			<t id="s1_18" word="é" lemma="ser" pos="v-fin" morph="PR 3S IND VFIN" extra="cjt-STA vK fmc mv"/>
			<t id="s1_19" word="uma" lemma="um" pos="art" morph="F S" extra="--"/>
			<t id="s1_20" word="excelente" lemma="excelente" pos="adj" morph="M S" extra="n jh"/>
			<t id="s1_21" word="comprar" lemma="comprar" pos="v-inf" morph="--" extra="vH mv"/>
			<t id="s1_22" word="para" lemma="para" pos="prp" morph="--" extra="--"/>
			<t id="s1_23" word="quem" lemma="quem" pos="spec" morph="M/F S" extra="clb clb-fs rel"/>
			<t id="s1_24" word="não" lemma="não" pos="adv" morph="--" extra="--"/>
			<t id="s1_25" word="for" lemma="ser" pos="v-fin" morph="FUT 3S SUBJ VFIN" extra="vK mv"/>
			<t id="s1_26" word="exigente" lemma="exigente" pos="adj" morph="M/F S" extra="--"/>
			<t id="s1_27" word="." lemma="--" pos="pu" morph="--" extra="--"/>
			<t id="s1_28" word="." lemma="--" pos="pu" morph="--" extra="--"/>
		</terminals>

		<nonterminals>
			<nt id="s1_500" cat="s">
				<edge label="STA" idref="s1_501"/>
			</nt>
			<nt id="s1_501" cat="par">
				<edge label="CJT" idref="s1_502"/>
				<edge label="CJT" idref="s1_506"/>
				<edge label="PU" idref="s1_17"/>
				<edge label="CJT" idref="s1_511"/>
				<edge label="PU" idref="s1_27"/>
				<edge label="PU" idref="s1_28"/>
			</nt>
			<nt id="s1_502" cat="fcl">
				<edge label="P" idref="s1_1"/>
				<edge label="fA" idref="s1_503"/>
				<edge label="PU" idref="s1_5"/>
				<edge label="fCs" idref="s1_505"/>
			</nt>
			<nt id="s1_503" cat="pp">
				<edge label="H" idref="s1_2"/>
				<edge label="DP" idref="s1_504"/>
			</nt>
			<nt id="s1_504" cat="np">
				<edge label="DN" idref="s1_3"/>
				<edge label="H" idref="s1_4"/>
			</nt>
			<nt id="s1_505" cat="adjp">
				<edge label="DA" idref="s1_6"/>
				<edge label="H" idref="s1_7"/>
			</nt>
			<nt id="s1_506" cat="fcl">
				<edge label="fA" idref="s1_8"/>
				<edge label="S" idref="s1_507"/>
				<edge label="P" idref="s1_11"/>
				<edge label="Cs" idref="s1_508"/>
			</nt>
			<nt id="s1_507" cat="np">
				<edge label="DN" idref="s1_9"/>
				<edge label="H" idref="s1_10"/>
			</nt>
			<nt id="s1_508" cat="par">
				<edge label="CJT" idref="s1_12"/>
				<edge label="PU" idref="s1_13"/>
				<edge label="CJT" idref="s1_509"/>
			</nt>
			<nt id="s1_509" cat="pp">
				<edge label="H" idref="s1_14"/>
				<edge label="DP" idref="s1_510"/>
			</nt>
			<nt id="s1_510" cat="np">
				<edge label="H" idref="s1_15"/>
				<edge label="DN" idref="s1_16"/>
			</nt>
			<nt id="s1_511" cat="fcl">
				<edge label="P" idref="s1_18"/>
				<edge label="Cs" idref="s1_512"/>
				<edge label="S" idref="s1_513"/>
			</nt>
			<nt id="s1_512" cat="np">
				<edge label="DN" idref="s1_19"/>
				<edge label="H" idref="s1_20"/>
			</nt>
			<nt id="s1_513" cat="icl">
				<edge label="P" idref="s1_21"/>
				<edge label="fA" idref="s1_514"/>
			</nt>
			<nt id="s1_514" cat="pp">
				<edge label="H" idref="s1_22"/>
				<edge label="DP" idref="s1_515"/>
			</nt>
			<nt id="s1_515" cat="fcl">
				<edge label="S" idref="s1_23"/>
				<edge label="fA" idref="s1_24"/>
				<edge label="P" idref="s1_25"/>
				<edge label="Cs" idref="s1_26"/>
			</nt>
		</nonterminals>
	</graph>
</s>

	</body>
</corpus>
