<?xml version="1.0" encoding="UTF-8"?>
<corpus>

	<body>
<s id="s1" ref="1" source="Running text" forest="1" text="marca boa e celular ótimo, perfeito, super.">
	<graph root="s1_500">
		<terminals>
			<t id="s1_1" word="marca" lemma="marca" pos="n" morph="F S" sem="ac-sign Labs bar" extra="--"/>
			<t id="s1_2" word="boa" lemma="bom" pos="adj" morph="F S" extra="np-close"/>
			<t id="s1_3" word="e" lemma="e" pos="conj-c" morph="--" extra="--"/>
			<t id="s1_4" word="celular" lemma="celular" pos="adj" morph="M/F S" extra="nh np-close"/>
			<t id="s1_5" word="ótimo" lemma="bom" pos="adj" morph="M S" extra="SUP np-long"/>
			<t id="s1_6" word="," lemma="--" pos="pu" morph="--" extra="--"/>
			<t id="s1_7" word="perfeito" lemma="perfeito" pos="adj" morph="M S" extra="jh"/>
			<t id="s1_8" word="," lemma="--" pos="pu" morph="--" extra="--"/>
			<t id="s1_9" word="super" lemma="super" pos="adj" morph="M/F S" extra="nh mente"/>
			<t id="s1_10" word="." lemma="--" pos="pu" morph="--" extra="--"/>
		</terminals>

		<nonterminals>
			<nt id="s1_500" cat="s">
				<edge label="X" idref="s1_501"/>
			</nt>
			<nt id="s1_501" cat="np">
				<edge label="H" idref="s1_1"/>
				<edge label="DN" idref="s1_2"/>
				<edge label="DN" idref="s1_502"/>
				<edge label="DN" idref="s1_5"/>
				<edge label="PU" idref="s1_6"/>
				<edge label="fCs" idref="s1_7"/>
				<edge label="PU" idref="s1_8"/>
				<edge label="X" idref="s1_9"/>
				<edge label="PU" idref="s1_10"/>
			</nt>
			<nt id="s1_502" cat="adjp">
				<edge label="CO" idref="s1_3"/>
				<edge label="H" idref="s1_4"/>
			</nt>
		</nonterminals>
	</graph>
</s>

<s id="s2" ref="2" source="Running text" forest="1" text="amo ele, pois é super tecnológico, tem sistema operacional android, é muito útil para tudo e super lindo.">
	<graph root="s2_500">
		<terminals>
			<t id="s2_1" word="amo" lemma="amo" pos="n" morph="M S" sem="Hprof" extra="--"/>
			<t id="s2_2" word="ele" lemma="ele" pos="pron-pers" morph="M 3S NOM" extra="--"/>
			<t id="s2_3" word="," lemma="--" pos="pu" morph="--" extra="--"/>
			<t id="s2_4" word="pois" lemma="pois" pos="conj-s" morph="--" extra="clb"/>
			<t id="s2_5" word="é" lemma="ser" pos="v-fin" morph="PR 3S IND VFIN" extra="cjt-head cjt-head-STA vK fmc mv"/>
			<t id="s2_6" word="super" lemma="super" pos="adv" morph="--" extra="newlex"/>
			<t id="s2_7" word="tecnológico" lemma="tecnológico" pos="adj" morph="M S" extra="nh"/>
			<t id="s2_8" word="," lemma="--" pos="pu" morph="--" extra="--"/>
			<t id="s2_9" word="tem" lemma="ter" pos="v-fin" morph="PR 3S IND VFIN" extra="cjt-STA fmc mv"/>
			<t id="s2_10" word="sistema_operacional" lemma="sistema_operacional" pos="n" morph="M S" sem="ac" extra="--"/>
			<t id="s2_11" word="android" lemma="android" pos="n" morph="M S" extra="foreign heur"/>
			<t id="s2_12" word="," lemma="--" pos="pu" morph="--" extra="--"/>
			<t id="s2_13" word="é" lemma="ser" pos="v-fin" morph="PR 3S IND VFIN" extra="nosubj nosubj cjt-STA vK fmc mv"/>
			<t id="s2_14" word="muito" lemma="muito" pos="adv" morph="--" extra="quant"/>
			<t id="s2_15" word="útil" lemma="útil" pos="adj" morph="M/F S" extra="cjt-head cjt-head-Cs nh"/>
			<t id="s2_16" word="para" lemma="para" pos="prp" morph="--" extra="--"/>
			<t id="s2_17" word="tudo" lemma="tudo" pos="spec" morph="M S" extra="quant"/>
			<t id="s2_18" word="e" lemma="e" pos="conj-c" morph="--" extra="--"/>
			<t id="s2_19" word="super" lemma="super" pos="adj" morph="M/F S" extra="cjt-Cs n nh"/>
			<t id="s2_20" word="lindo" lemma="lindo" pos="adj" morph="M S" extra="np-close"/>
			<t id="s2_21" word="." lemma="--" pos="pu" morph="--" extra="--"/>
		</terminals>

		<nonterminals>
			<nt id="s2_500" cat="s">
				<edge label="X" idref="s2_501"/>
			</nt>
			<nt id="s2_501" cat="np">
				<edge label="H" idref="s2_1"/>
				<edge label="STA" idref="s2_502"/>
				<edge label="PU" idref="s2_21"/>
			</nt>
			<nt id="s2_502" cat="par">
				<edge label="CJT" idref="s2_503"/>
				<edge label="PU" idref="s2_8"/>
				<edge label="CJT" idref="s2_504"/>
				<edge label="PU" idref="s2_12"/>
				<edge label="CJT" idref="s2_505"/>
			</nt>
			<nt id="s2_503" cat="fcl">
				<edge label="S" idref="s2_2"/>
				<edge label="PU" idref="s2_3"/>
				<edge label="fA" idref="s2_4"/>
				<edge label="P" idref="s2_5"/>
				<edge label="fA" idref="s2_6"/>
				<edge label="Cs" idref="s2_7"/>
			</nt>
			<nt id="s2_504" cat="fcl">
				<edge label="P" idref="s2_9"/>
				<edge label="Od" idref="s2_10"/>
				<edge label="S" idref="s2_11"/>
			</nt>
			<nt id="s2_505" cat="x">
				<edge label="P" idref="s2_13"/>
				<edge label="Cs" idref="s2_506"/>
				<edge label="DP" idref="s2_509"/>
			</nt>
			<nt id="s2_506" cat="par">
				<edge label="CJT" idref="s2_507"/>
			</nt>
			<nt id="s2_507" cat="adjp">
				<edge label="DA" idref="s2_14"/>
				<edge label="H" idref="s2_15"/>
				<edge label="DA" idref="s2_508"/>
			</nt>
			<nt id="s2_508" cat="pp">
				<edge label="H" idref="s2_16"/>
				<edge label="DP" idref="s2_17"/>
			</nt>
			<nt id="s2_509" cat="adjp">
				<edge label="CO" idref="s2_18"/>
				<edge label="CJT" idref="s2_19"/>
				<edge label="H" idref="s2_20"/>
			</nt>
		</nonterminals>
	</graph>
</s>

<s id="s3" ref="3" source="Running text" forest="1" text="meu amigo comprou um logo que lançou e até hoje tenho ele.">
	<graph root="s3_500">
		<terminals>
			<t id="s3_1" word="meu" lemma="meu" pos="pron-poss" morph="DET M S" extra="poss 1S"/>
			<t id="s3_2" word="amigo" lemma="amigo" pos="n" morph="M S" sem="Hfam" extra="--"/>
			<t id="s3_3" word="comprou" lemma="comprar" pos="v-fin" morph="PS 3S IND VFIN" extra="cjt-head cjt-head-STA vH fmc mv"/>
			<t id="s3_4" word="um" lemma="um" pos="num" morph="M S" extra="card"/>
			<t id="s3_5" word="logo_que" lemma="logo_que" pos="adv" morph="--" extra="clb clb-fs ks rel"/>
			<t id="s3_6" word="lançou" lemma="lançar" pos="v-fin" morph="PS 3S IND VFIN" extra="vH mv np-close"/>
			<t id="s3_7" word="e" lemma="e" pos="conj-c" morph="--" extra="topkc"/>
			<t id="s3_8" word="até" lemma="até" pos="prp" morph="--" extra="--"/>
			<t id="s3_9" word="hoje" lemma="hoje" pos="adv" morph="--" extra="--"/>
			<t id="s3_10" word="tenho" lemma="ter" pos="v-fin" morph="PR 1S IND VFIN" extra="cjt-STA fmc mv"/>
			<t id="s3_11" word="ele" lemma="ele" pos="pron-pers" morph="M 3S NOM" extra="--"/>
			<t id="s3_12" word="." lemma="--" pos="pu" morph="--" extra="--"/>
		</terminals>

		<nonterminals>
			<nt id="s3_500" cat="s">
				<edge label="STA" idref="s3_501"/>
			</nt>
			<nt id="s3_501" cat="par">
				<edge label="CJT" idref="s3_502"/>
				<edge label="CO" idref="s3_7"/>
				<edge label="FOC" idref="s3_505"/>
				<edge label="CJT" idref="s3_506"/>
				<edge label="PU" idref="s3_12"/>
			</nt>
			<nt id="s3_502" cat="fcl">
				<edge label="S" idref="s3_503"/>
				<edge label="P" idref="s3_3"/>
				<edge label="Od" idref="s3_4"/>
				<edge label="fA" idref="s3_504"/>
			</nt>
			<nt id="s3_503" cat="np">
				<edge label="DN" idref="s3_1"/>
				<edge label="H" idref="s3_2"/>
			</nt>
			<nt id="s3_504" cat="fcl">
				<edge label="fA" idref="s3_5"/>
				<edge label="P" idref="s3_6"/>
			</nt>
			<nt id="s3_505" cat="pp">
			</nt>
			<nt id="s3_506" cat="fcl">
				<edge label="P" idref="s3_10"/>
				<edge label="S" idref="s3_11"/>
			</nt>
		</nonterminals>
	</graph>
</s>

<s id="s4" ref="4" source="Running text" forest="1" text="pode comprar, eu recomendo..">
	<graph root="s4_500">
		<terminals>
			<t id="s4_1" word="pode" lemma="poder" pos="v-fin" morph="PR 3S IND VFIN" extra="nosubj nosubj cjt-head cjt-head-STA fmc aux"/>
			<t id="s4_2" word="comprar" lemma="comprar" pos="v-inf" morph="--" extra="vH mv"/>
			<t id="s4_3" word="," lemma="--" pos="pu" morph="--" extra="--"/>
			<t id="s4_4" word="eu" lemma="eu" pos="pron-pers" morph="M/F 1S NOM" extra="--"/>
			<t id="s4_5" word="recomendo" lemma="recomendar" pos="v-fin" morph="PR 1S IND VFIN" extra="cjt-STA vH fmc mv"/>
			<t id="s4_6" word="." lemma="--" pos="pu" morph="--" extra="--"/>
			<t id="s4_7" word="." lemma="--" pos="pu" morph="--" extra="--"/>
		</terminals>

		<nonterminals>
			<nt id="s4_500" cat="s">
				<edge label="STA" idref="s4_501"/>
			</nt>
			<nt id="s4_501" cat="par">
				<edge label="CJT" idref="s4_502"/>
				<edge label="PU" idref="s4_3"/>
				<edge label="CJT" idref="s4_504"/>
				<edge label="PU" idref="s4_6"/>
				<edge label="PU" idref="s4_7"/>
			</nt>
			<nt id="s4_502" cat="fcl">
				<edge label="P" idref="s4_503"/>
			</nt>
			<nt id="s4_503" cat="vp">
				<edge label="Vaux" idref="s4_1"/>
				<edge label="Vm" idref="s4_2"/>
			</nt>
			<nt id="s4_504" cat="fcl">
				<edge label="S" idref="s4_4"/>
				<edge label="P" idref="s4_5"/>
			</nt>
		</nonterminals>
	</graph>
</s>

	</body>
</corpus>
