<?xml version="1.0" encoding="UTF-8"?>
<corpus>

	<body>
<s id="s1" ref="1" source="Running text" forest="1" text="celular altamente prático, com um design incrível, a câmera de ele é ótima, além de ter 1 ghz de velocidade para acessar a internet e também ter wifi, é um celular pra quem fala muito, passo horas no telefone e a bateria não cai, tenho o meu e recomendo!.">
	<graph root="s1_500">
		<terminals>
			<t id="s1_1" word="celular" lemma="celular" pos="adj" morph="M/F S" extra="nh"/>
			<t id="s1_2" word="altamente" lemma="altamente" pos="adv" morph="--" extra="quant"/>
			<t id="s1_3" word="prático" lemma="prático" pos="adj" morph="M S" extra="jh"/>
			<t id="s1_4" word="," lemma="--" pos="pu" morph="--" extra="--"/>
			<t id="s1_5" word="com" lemma="com" pos="prp" morph="--" extra="np-close"/>
			<t id="s1_6" word="um" lemma="um" pos="art" morph="M S" extra="--"/>
			<t id="s1_7" word="design" lemma="design" pos="n" morph="M S" sem="percep-f domain" extra="--"/>
			<t id="s1_8" word="incrível" lemma="incrível" pos="adj" morph="M S" extra="nh np-close"/>
			<t id="s1_9" word="," lemma="--" pos="pu" morph="--" extra="--"/>
			<t id="s1_10" word="a" lemma="o" pos="art" morph="F S" extra="--"/>
			<t id="s1_11" word="câmera" lemma="c�=mera" pos="n" morph="F S" sem="tool" extra="--"/>
			<t id="s1_12" word="de" lemma="de" pos="prp" morph="--" extra="sam- np-close"/>
			<t id="s1_13" word="ele" lemma="ele" pos="pron-pers" morph="M 3S NOM/PIV" extra="-sam"/>
			<t id="s1_14" word="é" lemma="ser" pos="v-fin" morph="PR 3S IND VFIN" extra="nosubj nosubj nosubj nosubj nosubj nosubj nosubj nosubj cjt-head cjt-head-STA vK fmc mv"/>
			<t id="s1_15" word="ótima" lemma="bom" pos="adj" morph="F S" extra="SUP"/>
			<t id="s1_16" word="," lemma="--" pos="pu" morph="--" extra="--"/>
			<t id="s1_17" word="além_de" lemma="além_de" pos="prp" morph="--" extra="--"/>
			<t id="s1_18" word="ter" lemma="ter" pos="v-inf" morph="--" extra="mv"/>
			<t id="s1_19" word="1" lemma="1" pos="num" morph="M S" extra="card"/>
			<t id="s1_20" word="ghz" lemma="ghz" pos="n" morph="M S" extra="foreign heur"/>
			<t id="s1_21" word="de" lemma="de" pos="prp" morph="--" extra="np-close"/>
			<t id="s1_22" word="velocidade" lemma="velocidade" pos="n" morph="F S" sem="f-q ac" extra="--"/>
			<t id="s1_23" word="para" lemma="para" pos="prp" morph="--" extra="--"/>
			<t id="s1_24" word="acessar" lemma="acessar" pos="v-inf" morph="--" extra="cjt-head cjt-head-DP mv"/>
			<t id="s1_25" word="a" lemma="o" pos="art" morph="F S" extra="--"/>
			<t id="s1_26" word="internet" lemma="internet" pos="n" morph="F S" extra="newlex"/>
			<t id="s1_27" word="e" lemma="e" pos="conj-c" morph="--" extra="--"/>
			<t id="s1_28" word="também" lemma="também" pos="adv" morph="--" extra="--"/>
			<t id="s1_29" word="ter" lemma="ter" pos="v-inf" morph="--" extra="cjt-DP mv"/>
			<t id="s1_30" word="wifi" lemma="wifer" pos="v-fin" morph="PS 1S IND VFIN" extra="nosubj nosubj cjt-STA foreign heur fmc mv"/>
			<t id="s1_31" word="," lemma="--" pos="pu" morph="--" extra="--"/>
			<t id="s1_32" word="é" lemma="ser" pos="v-fin" morph="PR 3S IND VFIN" extra="nosubj nosubj cjt-STA vK fmc mv"/>
			<t id="s1_33" word="um" lemma="um" pos="art" morph="M S" extra="--"/>
			<t id="s1_34" word="celular" lemma="celular" pos="adj" morph="M S" extra="n nh"/>
			<t id="s1_35" word="pra" lemma="para" pos="prp" morph="--" extra="np-close"/>
			<t id="s1_36" word="quem" lemma="quem" pos="spec" morph="M/F S" extra="clb clb-fs rel"/>
			<t id="s1_37" word="fala" lemma="falar" pos="v-fin" morph="PR 3S IND VFIN" extra="vH mv"/>
			<t id="s1_38" word="muito" lemma="muito" pos="adv" morph="--" extra="quant"/>
			<t id="s1_39" word="," lemma="--" pos="pu" morph="--" extra="--"/>
			<t id="s1_40" word="passo" lemma="passar" pos="v-fin" morph="PR 1S IND VFIN" extra="nosubj nosubj cjt-STA fmc mv"/>
			<t id="s1_41" word="horas" lemma="hora" pos="n" morph="F P" sem="dur temp unit" extra="--"/>
			<t id="s1_42" word="em" lemma="em" pos="prp" morph="--" extra="sam-"/>
			<t id="s1_43" word="o" lemma="o" pos="art" morph="M S" extra="-sam "/>
			<t id="s1_44" word="telefone" lemma="telefone" pos="n" morph="M S" sem="tool" extra="--"/>
			<t id="s1_45" word="e" lemma="e" pos="conj-c" morph="--" extra="--"/>
			<t id="s1_46" word="a" lemma="o" pos="art" morph="F S" extra="--"/>
			<t id="s1_47" word="bateria" lemma="bateria" pos="n" morph="F S" sem="tool" extra="--"/>
			<t id="s1_48" word="não" lemma="não" pos="adv" morph="--" extra="--"/>
			<t id="s1_49" word="cai" lemma="cair" pos="v-fin" morph="PR 3S IND VFIN" extra="cjt-STA fmc mv"/>
			<t id="s1_50" word="," lemma="--" pos="pu" morph="--" extra="--"/>
			<t id="s1_51" word="tenho" lemma="ter" pos="v-fin" morph="PR 1S IND VFIN" extra="nosubj nosubj cjt-STA fmc mv"/>
			<t id="s1_52" word="o" lemma="o" pos="art" morph="M S" extra="--"/>
			<t id="s1_53" word="meu" lemma="meu" pos="pron-poss" morph="DET M S" extra="poss 1S"/>
			<t id="s1_54" word="e" lemma="e" pos="conj-c" morph="--" extra="--"/>
			<t id="s1_55" word="recomendo" lemma="recomendar" pos="v-fin" morph="PR 1S IND VFIN" extra="nosubj nosubj cjt-STA vH fmc mv"/>
			<t id="s1_56" word="!" lemma="--" pos="pu" morph="--" extra="--"/>
			<t id="s1_57" word="." lemma="--" pos="pu" morph="--" extra="--"/>
		</terminals>

		<nonterminals>
			<nt id="s1_500" cat="s">
				<edge label="STA" idref="s1_501"/>
			</nt>
			<nt id="s1_501" cat="par">
				<edge label="CJT" idref="s1_502"/>
				<edge label="CJT" idref="s1_30"/>
				<edge label="PU" idref="s1_31"/>
				<edge label="CJT" idref="s1_517"/>
				<edge label="PU" idref="s1_39"/>
				<edge label="CJT" idref="s1_521"/>
				<edge label="CJT" idref="s1_524"/>
				<edge label="PU" idref="s1_50"/>
				<edge label="CJT" idref="s1_526"/>
				<edge label="DN" idref="s1_52"/>
				<edge label="CJT" idref="s1_55"/>
				<edge label="PU" idref="s1_56"/>
				<edge label="PU" idref="s1_57"/>
			</nt>
			<nt id="s1_502" cat="fcl">
				<edge label="fCs" idref="s1_1"/>
				<edge label="S" idref="s1_503"/>
				<edge label="PU" idref="s1_4"/>
				<edge label="DNc" idref="s1_504"/>
				<edge label="PU" idref="s1_9"/>
				<edge label="S" idref="s1_506"/>
				<edge label="H" idref="s1_11"/>
				<edge label="P" idref="s1_14"/>
				<edge label="Cs" idref="s1_15"/>
				<edge label="PU" idref="s1_16"/>
				<edge label="fA" idref="s1_508"/>
			</nt>
			<nt id="s1_503" cat="adjp">
				<edge label="DA" idref="s1_2"/>
				<edge label="H" idref="s1_3"/>
			</nt>
			<nt id="s1_504" cat="pp">
				<edge label="H" idref="s1_5"/>
				<edge label="DP" idref="s1_505"/>
			</nt>
			<nt id="s1_505" cat="np">
				<edge label="DN" idref="s1_6"/>
				<edge label="H" idref="s1_7"/>
				<edge label="DN" idref="s1_8"/>
			</nt>
			<nt id="s1_506" cat="np">
				<edge label="DN" idref="s1_10"/>
				<edge label="DN" idref="s1_507"/>
			</nt>
			<nt id="s1_507" cat="pp">
				<edge label="H" idref="s1_12"/>
				<edge label="DP" idref="s1_13"/>
			</nt>
			<nt id="s1_508" cat="pp">
				<edge label="H" idref="s1_17"/>
				<edge label="DP" idref="s1_509"/>
			</nt>
			<nt id="s1_509" cat="icl">
				<edge label="P" idref="s1_18"/>
				<edge label="Od" idref="s1_510"/>
				<edge label="fA" idref="s1_512"/>
			</nt>
			<nt id="s1_510" cat="np">
				<edge label="DN" idref="s1_19"/>
				<edge label="H" idref="s1_20"/>
				<edge label="DN" idref="s1_511"/>
			</nt>
			<nt id="s1_511" cat="pp">
				<edge label="H" idref="s1_21"/>
				<edge label="DP" idref="s1_22"/>
			</nt>
			<nt id="s1_512" cat="pp">
				<edge label="H" idref="s1_23"/>
				<edge label="DP" idref="s1_513"/>
			</nt>
			<nt id="s1_513" cat="par">
				<edge label="CJT" idref="s1_514"/>
				<edge label="CJT" idref="s1_516"/>
			</nt>
			<nt id="s1_514" cat="icl">
				<edge label="P" idref="s1_24"/>
				<edge label="Od" idref="s1_515"/>
				<edge label="CO" idref="s1_27"/>
			</nt>
			<nt id="s1_515" cat="np">
				<edge label="DN" idref="s1_25"/>
				<edge label="H" idref="s1_26"/>
				<edge label="DN" idref="s1_519"/>
			</nt>
			<nt id="s1_516" cat="icl">
				<edge label="fA" idref="s1_28"/>
				<edge label="P" idref="s1_29"/>
			</nt>
			<nt id="s1_517" cat="x">
				<edge label="P" idref="s1_32"/>
				<edge label="Cs" idref="s1_518"/>
			</nt>
			<nt id="s1_518" cat="np">
				<edge label="DN" idref="s1_33"/>
				<edge label="H" idref="s1_34"/>
			</nt>
			<nt id="s1_519" cat="pp">
				<edge label="H" idref="s1_35"/>
				<edge label="DP" idref="s1_520"/>
			</nt>
			<nt id="s1_520" cat="fcl">
				<edge label="S" idref="s1_36"/>
				<edge label="P" idref="s1_37"/>
				<edge label="fA" idref="s1_38"/>
			</nt>
			<nt id="s1_521" cat="x">
				<edge label="P" idref="s1_40"/>
				<edge label="Od" idref="s1_41"/>
				<edge label="fA" idref="s1_522"/>
			</nt>
			<nt id="s1_522" cat="pp">
				<edge label="H" idref="s1_42"/>
				<edge label="DP" idref="s1_523"/>
			</nt>
			<nt id="s1_523" cat="np">
				<edge label="DN" idref="s1_43"/>
				<edge label="H" idref="s1_44"/>
				<edge label="CO" idref="s1_45"/>
				<edge label="CO" idref="s1_54"/>
			</nt>
			<nt id="s1_524" cat="fcl">
				<edge label="S" idref="s1_525"/>
				<edge label="fA" idref="s1_48"/>
				<edge label="P" idref="s1_49"/>
			</nt>
			<nt id="s1_525" cat="np">
				<edge label="DN" idref="s1_46"/>
				<edge label="H" idref="s1_47"/>
			</nt>
			<nt id="s1_526" cat="x">
				<edge label="P" idref="s1_51"/>
				<edge label="Od" idref="s1_53"/>
			</nt>
		</nonterminals>
	</graph>
</s>

	</body>
</corpus>
