<?xml version="1.0" encoding="UTF-8"?>
<corpus>

	<body>
<s id="s1" ref="1" source="Running text" forest="1" text="excelente só faltou a câmera frontal!.">
	<graph root="s1_500">
		<terminals>
			<t id="s1_1" word="excelente" lemma="excelente" pos="adj" morph="M/F S" extra="jh"/>
			<t id="s1_2" word="só" lemma="só" pos="adv" morph="--" extra="--"/>
			<t id="s1_3" word="faltou" lemma="faltar" pos="v-fin" morph="PS 3S IND VFIN" extra="fmc mv"/>
			<t id="s1_4" word="a" lemma="o" pos="art" morph="F S" extra="--"/>
			<t id="s1_5" word="câmera" lemma="c�=mera" pos="n" morph="F S" sem="tool" extra="--"/>
			<t id="s1_6" word="frontal" lemma="frontal" pos="adj" morph="F S" extra="nh np-close"/>
			<t id="s1_7" word="!" lemma="--" pos="pu" morph="--" extra="--"/>
			<t id="s1_8" word="." lemma="--" pos="pu" morph="--" extra="--"/>
		</terminals>

		<nonterminals>
			<nt id="s1_500" cat="s">
				<edge label="STA" idref="s1_501"/>
			</nt>
			<nt id="s1_501" cat="fcl">
				<edge label="S" idref="s1_1"/>
				<edge label="fA" idref="s1_2"/>
				<edge label="P" idref="s1_3"/>
				<edge label="S" idref="s1_502"/>
				<edge label="H" idref="s1_5"/>
				<edge label="PU" idref="s1_7"/>
				<edge label="PU" idref="s1_8"/>
			</nt>
			<nt id="s1_502" cat="np">
				<edge label="DN" idref="s1_4"/>
				<edge label="DN" idref="s1_6"/>
			</nt>
		</nonterminals>
	</graph>
</s>

	</body>
</corpus>
