<?xml version="1.0" encoding="UTF-8"?>
<corpus>

	<body>
<s id="s1" ref="1" source="Running text" forest="1" text="valeu cada centavo o que gostei fácil de usar o que não gostei não percebi.">
	<graph root="s1_500">
		<terminals>
			<t id="s1_1" word="valeu" lemma="valer" pos="v-fin" morph="PS 3S IND VFIN" extra="nosubj nosubj cjt-head cjt-head-STA fmc mv"/>
			<t id="s1_2" word="cada" lemma="cada" pos="pron-indef" morph="DET M S" extra="quant"/>
			<t id="s1_3" word="centavo" lemma="centavo" pos="n" morph="M S" sem="cur unit" extra="cjt-head cjt-head-Od"/>
			<t id="s1_4" word="o" lemma="o" pos="pron-dem" morph="DET M S" extra="cjt-Od dem"/>
			<t id="s1_5" word="que" lemma="que" pos="spec" morph="M S" extra="clb clb-fs rel"/>
			<t id="s1_6" word="gostei" lemma="gostar" pos="v-fin" morph="PS 1S IND VFIN" extra="vH mv np-close"/>
			<t id="s1_7" word="fácil" lemma="fácil" pos="adj" morph="M/F S" extra="--"/>
			<t id="s1_8" word="de" lemma="de" pos="prp" morph="--" extra="--"/>
			<t id="s1_9" word="usar" lemma="usar" pos="v-inf" morph="--" extra="vH mv"/>
			<t id="s1_10" word="o" lemma="o" pos="pron-dem" morph="DET M S" extra="dem"/>
			<t id="s1_11" word="que" lemma="que" pos="spec" morph="M S" extra="clb clb-fs rel"/>
			<t id="s1_12" word="não" lemma="não" pos="adv" morph="--" extra="--"/>
			<t id="s1_13" word="gostei" lemma="gostar" pos="v-fin" morph="PS 1S IND VFIN" extra="vH mv np-close"/>
			<t id="s1_14" word="não" lemma="não" pos="adv" morph="--" extra="--"/>
			<t id="s1_15" word="percebi" lemma="perceber" pos="v-fin" morph="PS 1S IND VFIN" extra="nosubj nosubj cjt-STA vH fmc mv"/>
			<t id="s1_16" word="." lemma="--" pos="pu" morph="--" extra="--"/>
		</terminals>

		<nonterminals>
			<nt id="s1_500" cat="s">
				<edge label="STA" idref="s1_501"/>
			</nt>
			<nt id="s1_501" cat="par">
				<edge label="CJT" idref="s1_502"/>
				<edge label="CJT" idref="s1_15"/>
				<edge label="PU" idref="s1_16"/>
			</nt>
			<nt id="s1_502" cat="fcl">
				<edge label="P" idref="s1_1"/>
				<edge label="Od" idref="s1_503"/>
			</nt>
			<nt id="s1_503" cat="par">
				<edge label="CJT" idref="s1_504"/>
				<edge label="CJT" idref="s1_4"/>
			</nt>
			<nt id="s1_504" cat="np">
				<edge label="DN" idref="s1_2"/>
				<edge label="H" idref="s1_3"/>
				<edge label="DN" idref="s1_505"/>
				<edge label="DN" idref="s1_509"/>
			</nt>
			<nt id="s1_505" cat="fcl">
				<edge label="S" idref="s1_5"/>
				<edge label="P" idref="s1_6"/>
				<edge label="fCs" idref="s1_506"/>
			</nt>
			<nt id="s1_506" cat="adjp">
				<edge label="H" idref="s1_7"/>
				<edge label="DA" idref="s1_507"/>
			</nt>
			<nt id="s1_507" cat="pp">
				<edge label="H" idref="s1_8"/>
				<edge label="DP" idref="s1_508"/>
			</nt>
			<nt id="s1_508" cat="icl">
				<edge label="P" idref="s1_9"/>
				<edge label="Od" idref="s1_10"/>
			</nt>
			<nt id="s1_509" cat="fcl">
				<edge label="S" idref="s1_11"/>
				<edge label="fA" idref="s1_12"/>
				<edge label="P" idref="s1_13"/>
				<edge label="fA" idref="s1_14"/>
			</nt>
		</nonterminals>
	</graph>
</s>

	</body>
</corpus>
