<?xml version="1.0" encoding="UTF-8"?>
<corpus>

	<body>
<s id="s1" ref="1" source="Running text" forest="1" text="eu gostei do produto, mas é muito caro e esta tendo muito designe novo no mercado com preços ótimos.">
	<graph root="s1_500">
		<terminals>
			<t id="s1_1" word="eu" lemma="eu" pos="pron-pers" morph="M 1S NOM" extra="--"/>
			<t id="s1_2" word="gostei" lemma="gostar" pos="v-fin" morph="PS 1S IND VFIN" extra="nosubj nosubj cjt-head cjt-head-STA vH fmc mv"/>
			<t id="s1_3" word="de" lemma="de" pos="prp" morph="--" extra="sam-"/>
			<t id="s1_4" word="o" lemma="o" pos="art" morph="M S" extra="-sam "/>
			<t id="s1_5" word="produto" lemma="produto" pos="n" morph="M S" sem="cc-h mon ac-cat" extra="--"/>
			<t id="s1_6" word="," lemma="--" pos="pu" morph="--" extra="--"/>
			<t id="s1_7" word="mas" lemma="mas" pos="conj-c" morph="--" extra="clb"/>
			<t id="s1_8" word="é" lemma="ser" pos="v-fin" morph="PR 3S IND VFIN" extra="nosubj nosubj cjt-STA vK fmc mv"/>
			<t id="s1_9" word="muito" lemma="muito" pos="adv" morph="--" extra="quant"/>
			<t id="s1_10" word="caro" lemma="caro" pos="adj" morph="M S" extra="jh"/>
			<t id="s1_11" word="e" lemma="e" pos="conj-c" morph="--" extra="--"/>
			<t id="s1_12" word="esta" lemma="este" pos="pron-dem" morph="DET F S" extra="dem"/>
			<t id="s1_13" word="tendo" lemma="ter" pos="v-ger" morph="--" extra="mv"/>
			<t id="s1_14" word="muito" lemma="muito" pos="pron-indef" morph="DET M S" extra="quant"/>
			<t id="s1_15" word="designe" lemma="designar" pos="v-fin" morph="PR 3S SUBJ VFIN" extra="cjt-STA fmc mv"/>
			<t id="s1_16" word="novo" lemma="novo" pos="adj" morph="M S" extra="jh"/>
			<t id="s1_17" word="em" lemma="em" pos="prp" morph="--" extra="sam-"/>
			<t id="s1_18" word="o" lemma="o" pos="art" morph="M S" extra="-sam "/>
			<t id="s1_19" word="mercado" lemma="mercado" pos="n" morph="M S" sem="inst" extra="--"/>
			<t id="s1_20" word="com" lemma="com" pos="prp" morph="--" extra="--"/>
			<t id="s1_21" word="preços" lemma="preço" pos="n" morph="M P" sem="f-q" extra="--"/>
			<t id="s1_22" word="ótimos" lemma="bom" pos="adj" morph="M P" extra="SUP np-close"/>
			<t id="s1_23" word="." lemma="--" pos="pu" morph="--" extra="--"/>
		</terminals>

		<nonterminals>
			<nt id="s1_500" cat="s">
				<edge label="STA" idref="s1_501"/>
			</nt>
			<nt id="s1_501" cat="par">
				<edge label="CJT" idref="s1_502"/>
				<edge label="PU" idref="s1_6"/>
				<edge label="CO" idref="s1_7"/>
				<edge label="CJT" idref="s1_505"/>
				<edge label="CJT" idref="s1_507"/>
				<edge label="PU" idref="s1_23"/>
			</nt>
			<nt id="s1_502" cat="fcl">
				<edge label="S" idref="s1_1"/>
				<edge label="P" idref="s1_2"/>
				<edge label="Op" idref="s1_503"/>
			</nt>
			<nt id="s1_503" cat="pp">
				<edge label="H" idref="s1_3"/>
				<edge label="DP" idref="s1_504"/>
			</nt>
			<nt id="s1_504" cat="np">
				<edge label="DN" idref="s1_4"/>
				<edge label="H" idref="s1_5"/>
				<edge label="CO" idref="s1_11"/>
			</nt>
			<nt id="s1_505" cat="x">
				<edge label="P" idref="s1_8"/>
				<edge label="Cs" idref="s1_506"/>
			</nt>
			<nt id="s1_506" cat="adjp">
				<edge label="DA" idref="s1_9"/>
				<edge label="H" idref="s1_10"/>
			</nt>
			<nt id="s1_507" cat="fcl">
				<edge label="S" idref="s1_12"/>
				<edge label="fA" idref="s1_13"/>
				<edge label="S" idref="s1_14"/>
				<edge label="P" idref="s1_15"/>
				<edge label="fCs" idref="s1_16"/>
				<edge label="fA" idref="s1_508"/>
				<edge label="fA" idref="s1_510"/>
			</nt>
			<nt id="s1_508" cat="pp">
				<edge label="H" idref="s1_17"/>
				<edge label="DP" idref="s1_509"/>
			</nt>
			<nt id="s1_509" cat="np">
				<edge label="DN" idref="s1_18"/>
				<edge label="H" idref="s1_19"/>
			</nt>
			<nt id="s1_510" cat="pp">
				<edge label="H" idref="s1_20"/>
				<edge label="DP" idref="s1_511"/>
			</nt>
			<nt id="s1_511" cat="np">
				<edge label="H" idref="s1_21"/>
				<edge label="DN" idref="s1_22"/>
			</nt>
		</nonterminals>
	</graph>
</s>

<s id="s2" ref="2" source="Running text" forest="1" text="o que não gostei o preço.">
	<graph root="s2_500">
		<terminals>
			<t id="s2_1" word="o" lemma="o" pos="pron-dem" morph="DET M S" extra="dem"/>
			<t id="s2_2" word="que" lemma="que" pos="spec" morph="M S" extra="clb clb-fs rel"/>
			<t id="s2_3" word="não" lemma="não" pos="adv" morph="--" extra="--"/>
			<t id="s2_4" word="gostei" lemma="gostar" pos="v-fin" morph="PS 1S IND VFIN" extra="vH mv np-close"/>
			<t id="s2_5" word="o" lemma="o" pos="art" morph="M S" extra="--"/>
			<t id="s2_6" word="preço" lemma="preço" pos="n" morph="M S" sem="f-q" extra="--"/>
			<t id="s2_7" word="." lemma="--" pos="pu" morph="--" extra="--"/>
		</terminals>

		<nonterminals>
			<nt id="s2_500" cat="s">
				<edge label="UTT" idref="s2_501"/>
			</nt>
			<nt id="s2_501" cat="x">
				<edge label="X" idref="s2_1"/>
				<edge label="DN" idref="s2_502"/>
				<edge label="S" idref="s2_2"/>
				<edge label="fA" idref="s2_3"/>
				<edge label="P" idref="s2_4"/>
				<edge label="fCs" idref="s2_503"/>
				<edge label="DN" idref="s2_5"/>
				<edge label="H" idref="s2_6"/>
				<edge label="PU" idref="s2_7"/>
			</nt>
			<nt id="s2_502" cat="fcl">
			</nt>
			<nt id="s2_503" cat="np">
			</nt>
		</nonterminals>
	</graph>
</s>

	</body>
</corpus>
