<?xml version="1.0" encoding="UTF-8"?>
<corpus>

	<body>
<s id="s1" ref="1" source="Running text" forest="1" text="confesso que não gostei de quase nada o que gostei gostei do decoradora, alto falantes para ouvir canção o que não gostei bateria não dura quase nada, diferente de outros aparelhos nokia que já usei, pois o este é o ponto que mais gosto nos aparelhos nokia e este me decepcionou muito, poisson vou me desfazer do produto, odeio carregar bateria todo dia..">
	<graph root="s1_500">
		<terminals>
			<t id="s1_1" word="confesso" lemma="confessar" pos="v-fin" morph="PR 1S IND VFIN" extra="nosubj nosubj nosubj nosubj nosubj nosubj nosubj nosubj nosubj nosubj nosubj nosubj nosubj nosubj nosubj nosubj cjt-head cjt-head-STA vH fmc mv"/>
			<t id="s1_2" word="que" lemma="que" pos="conj-s" morph="--" extra="clb clb-fs"/>
			<t id="s1_3" word="não" lemma="não" pos="adv" morph="--" extra="--"/>
			<t id="s1_4" word="gostei" lemma="gostar" pos="v-fin" morph="PS 1S IND VFIN" extra="vH mv"/>
			<t id="s1_5" word="de" lemma="de" pos="prp" morph="--" extra="--"/>
			<t id="s1_6" word="quase" lemma="quase" pos="adv" morph="--" extra="quant"/>
			<t id="s1_7" word="nada" lemma="nada" pos="spec" morph="M S" extra="quant"/>
			<t id="s1_8" word="o" lemma="o" pos="pron-dem" morph="DET M S" extra="dem"/>
			<t id="s1_9" word="que" lemma="que" pos="spec" morph="M S" extra="clb clb-fs rel"/>
			<t id="s1_10" word="gostei" lemma="gostar" pos="v-fin" morph="PS 1S IND VFIN" extra="vH mv np-close"/>
			<t id="s1_11" word="gostei" lemma="gostar" pos="v-fin" morph="PS 1S IND VFIN" extra="cjt-STA vH fmc mv"/>
			<t id="s1_12" word="de" lemma="de" pos="prp" morph="--" extra="sam-"/>
			<t id="s1_13" word="o" lemma="o" pos="art" morph="M S" extra="-sam "/>
			<t id="s1_14" word="decoradora" lemma="decoradora" pos="n" morph="F S" sem="Hprof" extra="--"/>
			<t id="s1_15" word="," lemma="--" pos="pu" morph="--" extra="--"/>
			<t id="s1_16" word="alto" lemma="alto" pos="adv" morph="--" extra="--"/>
			<t id="s1_17" word="falantes" lemma="falante" pos="n" morph="M/F P" sem="H" extra="np-close"/>
			<t id="s1_18" word="para" lemma="para" pos="prp" morph="--" extra="--"/>
			<t id="s1_19" word="ouvir" lemma="ouvir" pos="v-inf" morph="--" extra="vH mv"/>
			<t id="s1_20" word="canção" lemma="canção" pos="n" morph="F S" sem="sem-l" extra="--"/>
			<t id="s1_21" word="o" lemma="o" pos="pron-dem" morph="DET M S" extra="dem"/>
			<t id="s1_22" word="que" lemma="que" pos="spec" morph="M S" extra="clb clb-fs rel"/>
			<t id="s1_23" word="não" lemma="não" pos="adv" morph="--" extra="--"/>
			<t id="s1_24" word="gostei" lemma="gostar" pos="v-fin" morph="PS 1S IND VFIN" extra="vH mv np-close"/>
			<t id="s1_25" word="bateria" lemma="bateria" pos="n" morph="F S" sem="tool" extra="--"/>
			<t id="s1_26" word="não" lemma="não" pos="adv" morph="--" extra="--"/>
			<t id="s1_27" word="dura" lemma="durar" pos="v-fin" morph="PR 3S IND VFIN" extra="cjt-STA vN fmc mv"/>
			<t id="s1_28" word="quase" lemma="quase" pos="adv" morph="--" extra="quant"/>
			<t id="s1_29" word="nada" lemma="nada" pos="spec" morph="M S" extra="quant"/>
			<t id="s1_30" word="," lemma="--" pos="pu" morph="--" extra="--"/>
			<t id="s1_31" word="diferente" lemma="diferente" pos="adj" morph="M/F S" extra="nh"/>
			<t id="s1_32" word="de" lemma="de" pos="prp" morph="--" extra="--"/>
			<t id="s1_33" word="outros" lemma="outro" pos="pron-indef" morph="DET M P" extra="diff KOMP"/>
			<t id="s1_34" word="aparelhos" lemma="aparelho" pos="n" morph="M P" sem="tool" extra="--"/>
			<t id="s1_35" word="nokia" lemma="noker" pos="v-fin" morph="IMPF 3S IND VFIN" extra="cjt-STA foreign heur fmc mv"/>
			<t id="s1_36" word="que" lemma="que" pos="conj-s" morph="--" extra="clb clb-fs"/>
			<t id="s1_37" word="já" lemma="já" pos="adv" morph="--" extra="--"/>
			<t id="s1_38" word="usei" lemma="usar" pos="v-fin" morph="PS 1S IND VFIN" extra="vH mv"/>
			<t id="s1_39" word="," lemma="--" pos="pu" morph="--" extra="--"/>
			<t id="s1_40" word="pois" lemma="pois" pos="conj-s" morph="--" extra="clb"/>
			<t id="s1_41" word="o" lemma="o" pos="art" morph="M S" extra="--"/>
			<t id="s1_42" word="este" lemma="este" pos="n" morph="M S" sem="dir" extra="--"/>
			<t id="s1_43" word="é" lemma="ser" pos="v-fin" morph="PR 3S IND VFIN" extra="cjt-STA vK fmc mv"/>
			<t id="s1_44" word="o" lemma="o" pos="art" morph="M S" extra="--"/>
			<t id="s1_45" word="ponto" lemma="ponto" pos="n" morph="M S" sem="Labs geom temp Lh sem-c unit" extra="--"/>
			<t id="s1_46" word="que" lemma="que" pos="spec" morph="M S" extra="clb clb-fs rel"/>
			<t id="s1_47" word="mais" lemma="mais" pos="adv" morph="--" extra="--"/>
			<t id="s1_48" word="gosto" lemma="gostar" pos="v-fin" morph="PR 1S IND VFIN" extra="vH mv np-close"/>
			<t id="s1_49" word="em" lemma="em" pos="prp" morph="--" extra="sam-"/>
			<t id="s1_50" word="os" lemma="o" pos="art" morph="M P" extra=" -sam"/>
			<t id="s1_51" word="aparelhos" lemma="aparelho" pos="n" morph="M P" sem="tool" extra="--"/>
			<t id="s1_52" word="nokia" lemma="noker" pos="v-fin" morph="IMPF 1/3S IND VFIN" extra="nosubj nosubj cjt-STA foreign heur fmc mv"/>
			<t id="s1_53" word="e" lemma="e" pos="conj-c" morph="--" extra="--"/>
			<t id="s1_54" word="este" lemma="este" pos="pron-dem" morph="DET M S" extra="dem"/>
			<t id="s1_55" word="me" lemma="eu" pos="pron-pers" morph="M/F 1S ACC" extra="--"/>
			<t id="s1_56" word="decepcionou" lemma="decepcionar" pos="v-fin" morph="PS 3S IND VFIN" extra="cjt-STA fmc mv"/>
			<t id="s1_57" word="muito" lemma="muito" pos="adv" morph="--" extra="quant"/>
			<t id="s1_58" word="," lemma="--" pos="pu" morph="--" extra="--"/>
			<t id="s1_59" word="poisson" lemma="poisson" pos="n" morph="M S" extra="heur"/>
			<t id="s1_60" word="vou" lemma="ir" pos="v-fin" morph="PR 1S IND VFIN" extra="nosubj nosubj cjt-STA fmc aux"/>
			<t id="s1_61" word="me" lemma="eu" pos="pron-pers" morph="M/F 1S ACC" extra="refl"/>
			<t id="s1_62" word="desfazer" lemma="desfazer" pos="v-inf" morph="--" extra="mv v-pron"/>
			<t id="s1_63" word="de" lemma="de" pos="prp" morph="--" extra="sam-"/>
			<t id="s1_64" word="o" lemma="o" pos="art" morph="M S" extra="-sam "/>
			<t id="s1_65" word="produto" lemma="produto" pos="n" morph="M S" sem="cc-h mon ac-cat" extra="--"/>
			<t id="s1_66" word="," lemma="--" pos="pu" morph="--" extra="--"/>
			<t id="s1_67" word="odeio" lemma="odiar" pos="v-fin" morph="PR 1S IND VFIN" extra="nosubj nosubj cjt-STA vH fmc mv"/>
			<t id="s1_68" word="carregar" lemma="carregar" pos="v-inf" morph="--" extra="vH mv"/>
			<t id="s1_69" word="bateria" lemma="bateria" pos="n" morph="F S" sem="tool" extra="--"/>
			<t id="s1_70" word="todo" lemma="todo" pos="pron-indef" morph="DET M S" extra="quant"/>
			<t id="s1_71" word="dia" lemma="dia" pos="n" morph="M S" sem="temp dur per unit" extra="--"/>
			<t id="s1_72" word="." lemma="--" pos="pu" morph="--" extra="--"/>
			<t id="s1_73" word="." lemma="--" pos="pu" morph="--" extra="--"/>
		</terminals>

		<nonterminals>
			<nt id="s1_500" cat="s">
				<edge label="STA" idref="s1_501"/>
			</nt>
			<nt id="s1_501" cat="par">
				<edge label="CJT" idref="s1_502"/>
				<edge label="CJT" idref="s1_506"/>
				<edge label="CJT" idref="s1_513"/>
				<edge label="CJT" idref="s1_515"/>
				<edge label="PU" idref="s1_39"/>
				<edge label="CJT" idref="s1_520"/>
				<edge label="CJT" idref="s1_52"/>
				<edge label="CJT" idref="s1_526"/>
				<edge label="CJT" idref="s1_527"/>
				<edge label="PU" idref="s1_66"/>
				<edge label="CJT" idref="s1_531"/>
				<edge label="PU" idref="s1_72"/>
				<edge label="PU" idref="s1_73"/>
			</nt>
			<nt id="s1_502" cat="fcl">
				<edge label="P" idref="s1_1"/>
				<edge label="Od" idref="s1_503"/>
			</nt>
			<nt id="s1_503" cat="fcl">
				<edge label="SUB" idref="s1_2"/>
				<edge label="fA" idref="s1_3"/>
				<edge label="P" idref="s1_4"/>
				<edge label="Op" idref="s1_504"/>
			</nt>
			<nt id="s1_504" cat="pp">
				<edge label="H" idref="s1_5"/>
				<edge label="DP" idref="s1_505"/>
				<edge label="DN" idref="s1_507"/>
			</nt>
			<nt id="s1_505" cat="adjp">
				<edge label="DA" idref="s1_6"/>
				<edge label="H" idref="s1_8"/>
			</nt>
			<nt id="s1_506" cat="fcl">
				<edge label="S" idref="s1_7"/>
				<edge label="P" idref="s1_11"/>
				<edge label="Op" idref="s1_508"/>
				<edge label="PU" idref="s1_15"/>
				<edge label="fA" idref="s1_16"/>
				<edge label="fA" idref="s1_510"/>
			</nt>
			<nt id="s1_507" cat="fcl">
				<edge label="S" idref="s1_9"/>
				<edge label="P" idref="s1_10"/>
			</nt>
			<nt id="s1_508" cat="pp">
				<edge label="H" idref="s1_12"/>
				<edge label="DP" idref="s1_509"/>
			</nt>
			<nt id="s1_509" cat="np">
				<edge label="DN" idref="s1_13"/>
				<edge label="H" idref="s1_14"/>
				<edge label="DNc" idref="s1_17"/>
			</nt>
			<nt id="s1_510" cat="pp">
				<edge label="H" idref="s1_18"/>
				<edge label="DP" idref="s1_511"/>
			</nt>
			<nt id="s1_511" cat="icl">
				<edge label="P" idref="s1_19"/>
				<edge label="Od" idref="s1_512"/>
			</nt>
			<nt id="s1_512" cat="np">
				<edge label="H" idref="s1_20"/>
				<edge label="DN" idref="s1_514"/>
			</nt>
			<nt id="s1_513" cat="fcl">
				<edge label="S" idref="s1_21"/>
				<edge label="S" idref="s1_25"/>
				<edge label="fA" idref="s1_26"/>
				<edge label="P" idref="s1_27"/>
			</nt>
			<nt id="s1_514" cat="fcl">
				<edge label="S" idref="s1_22"/>
				<edge label="fA" idref="s1_23"/>
				<edge label="P" idref="s1_24"/>
			</nt>
			<nt id="s1_515" cat="fcl">
				<edge label="S" idref="s1_516"/>
				<edge label="Co" idref="s1_29"/>
				<edge label="P" idref="s1_35"/>
				<edge label="Od" idref="s1_519"/>
			</nt>
			<nt id="s1_516" cat="adjp">
				<edge label="DA" idref="s1_28"/>
				<edge label="PU" idref="s1_30"/>
				<edge label="H" idref="s1_31"/>
				<edge label="DA" idref="s1_517"/>
			</nt>
			<nt id="s1_517" cat="pp">
				<edge label="H" idref="s1_32"/>
				<edge label="DP" idref="s1_518"/>
			</nt>
			<nt id="s1_518" cat="np">
				<edge label="DN" idref="s1_33"/>
				<edge label="H" idref="s1_34"/>
			</nt>
			<nt id="s1_519" cat="fcl">
				<edge label="SUB" idref="s1_36"/>
				<edge label="fA" idref="s1_37"/>
				<edge label="P" idref="s1_38"/>
			</nt>
			<nt id="s1_520" cat="fcl">
				<edge label="fA" idref="s1_40"/>
				<edge label="S" idref="s1_521"/>
				<edge label="P" idref="s1_43"/>
				<edge label="Cs" idref="s1_522"/>
			</nt>
			<nt id="s1_521" cat="np">
				<edge label="DN" idref="s1_41"/>
				<edge label="H" idref="s1_42"/>
			</nt>
			<nt id="s1_522" cat="np">
				<edge label="DN" idref="s1_44"/>
				<edge label="H" idref="s1_45"/>
				<edge label="DN" idref="s1_523"/>
			</nt>
			<nt id="s1_523" cat="fcl">
				<edge label="S" idref="s1_46"/>
				<edge label="fA" idref="s1_47"/>
				<edge label="P" idref="s1_48"/>
				<edge label="fA" idref="s1_524"/>
			</nt>
			<nt id="s1_524" cat="pp">
				<edge label="H" idref="s1_49"/>
				<edge label="DP" idref="s1_525"/>
			</nt>
			<nt id="s1_525" cat="np">
				<edge label="DN" idref="s1_50"/>
				<edge label="H" idref="s1_51"/>
				<edge label="CO" idref="s1_53"/>
			</nt>
			<nt id="s1_526" cat="fcl">
				<edge label="S" idref="s1_54"/>
				<edge label="Od" idref="s1_55"/>
				<edge label="P" idref="s1_56"/>
				<edge label="fA" idref="s1_57"/>
				<edge label="PU" idref="s1_58"/>
				<edge label="Cs" idref="s1_59"/>
			</nt>
			<nt id="s1_527" cat="x">
				<edge label="P" idref="s1_528"/>
				<edge label="Od" idref="s1_61"/>
				<edge label="fA" idref="s1_529"/>
			</nt>
			<nt id="s1_528" cat="vp">
				<edge label="Vaux" idref="s1_60"/>
				<edge label="Vm" idref="s1_62"/>
			</nt>
			<nt id="s1_529" cat="pp">
				<edge label="H" idref="s1_63"/>
				<edge label="DP" idref="s1_530"/>
			</nt>
			<nt id="s1_530" cat="np">
				<edge label="DN" idref="s1_64"/>
				<edge label="H" idref="s1_65"/>
			</nt>
			<nt id="s1_531" cat="x">
				<edge label="P" idref="s1_67"/>
				<edge label="Od" idref="s1_532"/>
			</nt>
			<nt id="s1_532" cat="icl">
				<edge label="P" idref="s1_68"/>
				<edge label="Od" idref="s1_69"/>
				<edge label="fA" idref="s1_533"/>
			</nt>
			<nt id="s1_533" cat="np">
				<edge label="DN" idref="s1_70"/>
				<edge label="H" idref="s1_71"/>
			</nt>
		</nonterminals>
	</graph>
</s>

	</body>
</corpus>
