<?xml version="1.0" encoding="UTF-8"?>
<corpus>

	<body>
<s id="s1" ref="1" source="Running text" forest="1" text="eu tenha um desse já faz number anos até hoje não deu problema e eu paguei number, number hoje está number, number o preço caiu muito.">
	<graph root="s1_500">
		<terminals>
			<t id="s1_1" word="eu" lemma="eu" pos="pron-pers" morph="M 1S NOM" extra="--"/>
			<t id="s1_2" word="tenha" lemma="ter" pos="v-fin" morph="PR 1S SUBJ VFIN" extra="nosubj nosubj nosubj nosubj nosubj nosubj nosubj nosubj cjt-head cjt-head-STA fmc mv"/>
			<t id="s1_3" word="um" lemma="um" pos="pron-indef" morph="DET M S" extra="quant"/>
			<t id="s1_4" word="de" lemma="de" pos="prp" morph="--" extra="sam- np-close"/>
			<t id="s1_5" word="esse" lemma="esse" pos="pron-dem" morph="DET M S" extra="dem -sam"/>
			<t id="s1_6" word="já" lemma="já" pos="adv" morph="--" extra="--"/>
			<t id="s1_7" word="faz" lemma="fazer" pos="v-fin" morph="PR 3S IND VFIN" extra="nosubj nosubj cjt-STA fmc mv"/>
			<t id="s1_8" word="number" lemma="number" pos="v-inf" morph="--" extra="heur mv"/>
			<t id="s1_9" word="anos" lemma="ano" pos="n" morph="M P" sem="dur temp per unit" extra="--"/>
			<t id="s1_10" word="até" lemma="até" pos="prp" morph="--" extra="--"/>
			<t id="s1_11" word="hoje" lemma="hoje" pos="adv" morph="--" extra="--"/>
			<t id="s1_12" word="não" lemma="não" pos="adv" morph="--" extra="--"/>
			<t id="s1_13" word="deu" lemma="dar" pos="v-fin" morph="PS 3S IND VFIN" extra="nosubj nosubj cjt-STA fmc mv"/>
			<t id="s1_14" word="problema" lemma="problema" pos="n" morph="M S" sem="ac" extra="--"/>
			<t id="s1_15" word="e" lemma="e" pos="conj-c" morph="--" extra="--"/>
			<t id="s1_16" word="eu" lemma="eu" pos="pron-pers" morph="M 1S NOM" extra="--"/>
			<t id="s1_17" word="paguei" lemma="pagar" pos="v-fin" morph="PS 1S IND VFIN" extra="cjt-STA vH fmc mv"/>
			<t id="s1_18" word="number" lemma="number" pos="n" morph="M S" extra="heur"/>
			<t id="s1_19" word="," lemma="--" pos="pu" morph="--" extra="--"/>
			<t id="s1_20" word="number" lemma="number" pos="n" morph="M S" extra="heur"/>
			<t id="s1_21" word="hoje" lemma="hoje" pos="adv" morph="--" extra="--"/>
			<t id="s1_22" word="está" lemma="estar" pos="v-fin" morph="PR 3S IND VFIN" extra="cjt-STA vK fmc mv"/>
			<t id="s1_23" word="number" lemma="number" pos="n" morph="M S" extra="heur"/>
			<t id="s1_24" word="," lemma="--" pos="pu" morph="--" extra="--"/>
			<t id="s1_25" word="number" lemma="number" pos="v-inf" morph="--" extra="heur mv"/>
			<t id="s1_26" word="o" lemma="o" pos="art" morph="M S" extra="--"/>
			<t id="s1_27" word="preço" lemma="preço" pos="n" morph="M S" sem="f-q" extra="--"/>
			<t id="s1_28" word="caiu" lemma="cair" pos="v-fin" morph="PS 3S IND VFIN" extra="cjt-STA fmc mv"/>
			<t id="s1_29" word="muito" lemma="muito" pos="pron-indef" morph="DET M S" extra="quant"/>
			<t id="s1_30" word="." lemma="--" pos="pu" morph="--" extra="--"/>
		</terminals>

		<nonterminals>
			<nt id="s1_500" cat="s">
				<edge label="STA" idref="s1_501"/>
			</nt>
			<nt id="s1_501" cat="par">
				<edge label="CJT" idref="s1_502"/>
				<edge label="CJT" idref="s1_505"/>
				<edge label="CJT" idref="s1_508"/>
				<edge label="CJT" idref="s1_509"/>
				<edge label="PU" idref="s1_19"/>
				<edge label="CJT" idref="s1_510"/>
				<edge label="PU" idref="s1_24"/>
				<edge label="UTT" idref="s1_25"/>
				<edge label="CJT" idref="s1_511"/>
				<edge label="PU" idref="s1_30"/>
			</nt>
			<nt id="s1_502" cat="fcl">
				<edge label="S" idref="s1_503"/>
				<edge label="P" idref="s1_2"/>
				<edge label="Od" idref="s1_3"/>
			</nt>
			<nt id="s1_503" cat="np">
				<edge label="H" idref="s1_1"/>
				<edge label="DN" idref="s1_504"/>
			</nt>
			<nt id="s1_504" cat="pp">
				<edge label="H" idref="s1_4"/>
				<edge label="DP" idref="s1_5"/>
			</nt>
			<nt id="s1_505" cat="x">
				<edge label="fA" idref="s1_6"/>
				<edge label="P" idref="s1_7"/>
				<edge label="Od" idref="s1_506"/>
			</nt>
			<nt id="s1_506" cat="icl">
				<edge label="P" idref="s1_8"/>
				<edge label="Od" idref="s1_9"/>
				<edge label="fA" idref="s1_507"/>
			</nt>
			<nt id="s1_507" cat="pp">
				<edge label="H" idref="s1_10"/>
				<edge label="DP" idref="s1_11"/>
			</nt>
			<nt id="s1_508" cat="x">
				<edge label="fA" idref="s1_12"/>
				<edge label="P" idref="s1_13"/>
				<edge label="Od" idref="s1_14"/>
			</nt>
			<nt id="s1_509" cat="fcl">
				<edge label="S" idref="s1_16"/>
				<edge label="P" idref="s1_17"/>
				<edge label="Od" idref="s1_18"/>
			</nt>
			<nt id="s1_510" cat="fcl">
				<edge label="S" idref="s1_20"/>
				<edge label="fA" idref="s1_21"/>
				<edge label="P" idref="s1_22"/>
				<edge label="Cs" idref="s1_23"/>
			</nt>
			<nt id="s1_511" cat="fcl">
				<edge label="S" idref="s1_512"/>
				<edge label="P" idref="s1_28"/>
				<edge label="Co" idref="s1_29"/>
			</nt>
			<nt id="s1_512" cat="np">
				<edge label="DN" idref="s1_26"/>
				<edge label="H" idref="s1_27"/>
			</nt>
		</nonterminals>
	</graph>
</s>

<s id="s2" ref="2" source="Running text" forest="1" text="o que gostei bom o que não gostei bom.">
	<graph root="s2_500">
		<terminals>
			<t id="s2_1" word="o" lemma="o" pos="pron-dem" morph="DET M S" extra="dem"/>
			<t id="s2_2" word="que" lemma="que" pos="spec" morph="M S" extra="clb clb-fs rel"/>
			<t id="s2_3" word="gostei" lemma="gostar" pos="v-fin" morph="PS 1S IND VFIN" extra="vH mv np-close"/>
			<t id="s2_4" word="bom" lemma="bom" pos="adj" morph="M S" extra="--"/>
			<t id="s2_5" word="o_que" lemma="o_que" pos="spec" morph="M S" extra="clb rel"/>
			<t id="s2_6" word="não" lemma="não" pos="adv" morph="--" extra="--"/>
			<t id="s2_7" word="gostei" lemma="gostar" pos="v-fin" morph="PS 1S IND VFIN" extra="vH mv"/>
			<t id="s2_8" word="bom" lemma="bom" pos="adj" morph="M S" extra="--"/>
			<t id="s2_9" word="." lemma="--" pos="pu" morph="--" extra="--"/>
		</terminals>

		<nonterminals>
			<nt id="s2_500" cat="s">
				<edge label="X" idref="s2_501"/>
			</nt>
			<nt id="s2_501" cat="adjp">
				<edge label="H" idref="s2_1"/>
				<edge label="DN" idref="s2_502"/>
				<edge label="S" idref="s2_2"/>
				<edge label="P" idref="s2_3"/>
				<edge label="fCs" idref="s2_4"/>
				<edge label="STA" idref="s2_503"/>
				<edge label="PU" idref="s2_9"/>
			</nt>
			<nt id="s2_502" cat="fcl">
			</nt>
			<nt id="s2_503" cat="fcl">
				<edge label="X" idref="s2_5"/>
				<edge label="fA" idref="s2_6"/>
				<edge label="P" idref="s2_7"/>
				<edge label="fCs" idref="s2_8"/>
			</nt>
		</nonterminals>
	</graph>
</s>

	</body>
</corpus>
