<?xml version="1.0" encoding="UTF-8"?>
<corpus>

	<body>
<s id="s1" ref="1" source="Running text" forest="1" text="lindo celular, muito prático, leve, fotos críveis, muito bom mesmo, vale apena o que gostei lindo o que não gostei não/ tem.">
	<graph root="s1_500">
		<terminals>
			<t id="s1_1" word="lindo" lemma="lindo" pos="adj" morph="M S" extra="--"/>
			<t id="s1_2" word="celular" lemma="celular" pos="adj" morph="M S" extra="nh"/>
			<t id="s1_3" word="," lemma="--" pos="pu" morph="--" extra="--"/>
			<t id="s1_4" word="muito" lemma="muito" pos="adv" morph="--" extra="quant"/>
			<t id="s1_5" word="prático" lemma="prático" pos="adj" morph="M S" extra="--"/>
			<t id="s1_6" word="," lemma="--" pos="pu" morph="--" extra="--"/>
			<t id="s1_7" word="leve" lemma="leve" pos="adj" morph="M/F S" extra="--"/>
			<t id="s1_8" word="," lemma="--" pos="pu" morph="--" extra="--"/>
			<t id="s1_9" word="fotos" lemma="foto" pos="n" morph="F P" sem="pict" extra="cjt-head cjt-head-X"/>
			<t id="s1_10" word="críveis" lemma="crível" pos="adj" morph="F P" extra="nh np-close"/>
			<t id="s1_11" word="," lemma="--" pos="pu" morph="--" extra="--"/>
			<t id="s1_12" word="muito" lemma="muito" pos="adv" morph="--" extra="quant"/>
			<t id="s1_13" word="bom" lemma="bom" pos="adj" morph="M S" extra="--"/>
			<t id="s1_14" word="mesmo" lemma="mesmo" pos="adv" morph="--" extra="quant"/>
			<t id="s1_15" word="," lemma="--" pos="pu" morph="--" extra="--"/>
			<t id="s1_16" word="vale" lemma="vale" pos="n" morph="M S" sem="Ltop cc-r" extra="cjt-X"/>
			<t id="s1_17" word="apena" lemma="apena" pos="n" morph="F S" sem="ac sit percep-f tool" extra="cjt-X DERP"/>
			<t id="s1_18" word="o" lemma="o" pos="pron-dem" morph="DET M S" extra="cjt-X dem"/>
			<t id="s1_19" word="que" lemma="que" pos="spec" morph="M S" extra="clb clb-fs rel"/>
			<t id="s1_20" word="gostei" lemma="gostar" pos="v-fin" morph="PS 1S IND VFIN" extra="vH mv np-close"/>
			<t id="s1_21" word="lindo" lemma="lindo" pos="adj" morph="M S" extra="--"/>
			<t id="s1_22" word="o_que" lemma="o_que" pos="spec" morph="M S" extra="clb rel"/>
			<t id="s1_23" word="não" lemma="não" pos="adv" morph="--" extra="--"/>
			<t id="s1_24" word="gostei" lemma="gostar" pos="v-fin" morph="PS 1S IND VFIN" extra="nosubj nosubj cjt-head cjt-head-STA vH mv"/>
			<t id="s1_25" word="não" lemma="não" pos="adv" morph="--" extra="--"/>
			<t id="s1_26" word="/" lemma="$/" pos="conj-c" morph="--" extra="co-fin"/>
			<t id="s1_27" word="tem" lemma="ter" pos="v-fin" morph="PR 3S IND VFIN" extra="nosubj cjt-STA nosubj cjt-STA fmc mv"/>
			<t id="s1_28" word="." lemma="--" pos="pu" morph="--" extra="--"/>
		</terminals>

		<nonterminals>
			<nt id="s1_500" cat="s">
				<edge label="X" idref="s1_501"/>
			</nt>
			<nt id="s1_501" cat="par">
				<edge label="CJT" idref="s1_502"/>
				<edge label="fCs" idref="s1_503"/>
				<edge label="DA" idref="s1_4"/>
				<edge label="H" idref="s1_5"/>
				<edge label="PU" idref="s1_6"/>
				<edge label="fCs" idref="s1_7"/>
				<edge label="fCs" idref="s1_504"/>
				<edge label="DA" idref="s1_12"/>
				<edge label="H" idref="s1_13"/>
				<edge label="fA" idref="s1_14"/>
				<edge label="PU" idref="s1_15"/>
				<edge label="CJT" idref="s1_16"/>
				<edge label="CJT" idref="s1_505"/>
				<edge label="CJT" idref="s1_506"/>
				<edge label="PU" idref="s1_28"/>
			</nt>
			<nt id="s1_502" cat="np">
				<edge label="DN" idref="s1_1"/>
				<edge label="fCs" idref="s1_2"/>
				<edge label="PU" idref="s1_3"/>
			</nt>
			<nt id="s1_503" cat="adjp">
				<edge label="PU" idref="s1_8"/>
				<edge label="H" idref="s1_9"/>
				<edge label="DN" idref="s1_10"/>
				<edge label="PU" idref="s1_11"/>
			</nt>
			<nt id="s1_504" cat="adjp">
			</nt>
			<nt id="s1_505" cat="np">
				<edge label="H" idref="s1_17"/>
			</nt>
			<nt id="s1_506" cat="adjp">
				<edge label="H" idref="s1_18"/>
				<edge label="DN" idref="s1_507"/>
				<edge label="STA" idref="s1_508"/>
			</nt>
			<nt id="s1_507" cat="fcl">
				<edge label="S" idref="s1_19"/>
				<edge label="P" idref="s1_20"/>
				<edge label="fCs" idref="s1_21"/>
			</nt>
			<nt id="s1_508" cat="par">
				<edge label="CJT" idref="s1_509"/>
				<edge label="CO" idref="s1_26"/>
				<edge label="CJT" idref="s1_27"/>
			</nt>
			<nt id="s1_509" cat="fcl">
				<edge label="X" idref="s1_22"/>
				<edge label="fA" idref="s1_23"/>
				<edge label="P" idref="s1_24"/>
				<edge label="fA" idref="s1_25"/>
			</nt>
		</nonterminals>
	</graph>
</s>

	</body>
</corpus>
