<?xml version="1.0" encoding="UTF-8"?>
<corpus>

	<body>
<s id="s1" ref="1" source="Running text" forest="1" text="comprei esse aparelho e ele é sensacional, camera ótima, muito bom.">
	<graph root="s1_500">
		<terminals>
			<t id="s1_1" word="comprei" lemma="comprar" pos="v-fin" morph="PS 1S IND VFIN" extra="nosubj nosubj cjt-head cjt-head-STA vH fmc mv"/>
			<t id="s1_2" word="esse" lemma="esse" pos="pron-dem" morph="DET M S" extra="dem"/>
			<t id="s1_3" word="aparelho" lemma="aparelho" pos="n" morph="M S" sem="tool" extra="--"/>
			<t id="s1_4" word="e" lemma="e" pos="conj-c" morph="--" extra="topkc"/>
			<t id="s1_5" word="ele" lemma="ele" pos="pron-pers" morph="M 3S NOM" extra="--"/>
			<t id="s1_6" word="é" lemma="ser" pos="v-fin" morph="PR 3S IND VFIN" extra="cjt-STA vK fmc mv"/>
			<t id="s1_7" word="sensacional" lemma="sensacional" pos="adj" morph="M S" extra="nh"/>
			<t id="s1_8" word="," lemma="--" pos="pu" morph="--" extra="--"/>
			<t id="s1_9" word="camera" lemma="c�=mara" pos="n" morph="F S" sem="Lh HH" extra="np-close"/>
			<t id="s1_10" word="ótima" lemma="bom" pos="adj" morph="F S" extra="SUP jh np-close"/>
			<t id="s1_11" word="," lemma="--" pos="pu" morph="--" extra="--"/>
			<t id="s1_12" word="muito" lemma="muito" pos="adv" morph="--" extra="quant"/>
			<t id="s1_13" word="bom" lemma="bom" pos="adj" morph="M S" extra="np-close"/>
			<t id="s1_14" word="." lemma="--" pos="pu" morph="--" extra="--"/>
		</terminals>

		<nonterminals>
			<nt id="s1_500" cat="s">
				<edge label="STA" idref="s1_501"/>
			</nt>
			<nt id="s1_501" cat="par">
				<edge label="CJT" idref="s1_502"/>
				<edge label="CO" idref="s1_4"/>
				<edge label="CJT" idref="s1_504"/>
				<edge label="PU" idref="s1_14"/>
			</nt>
			<nt id="s1_502" cat="np">
				<edge label="P" idref="s1_1"/>
				<edge label="Od" idref="s1_503"/>
			</nt>
			<nt id="s1_503" cat="np">
				<edge label="DN" idref="s1_2"/>
				<edge label="H" idref="s1_3"/>
			</nt>
			<nt id="s1_504" cat="fcl">
				<edge label="S" idref="s1_505"/>
				<edge label="P" idref="s1_6"/>
				<edge label="Cs" idref="s1_7"/>
				<edge label="PU" idref="s1_8"/>
				<edge label="PU" idref="s1_11"/>
				<edge label="DN" idref="s1_507"/>
			</nt>
			<nt id="s1_505" cat="np">
				<edge label="H" idref="s1_5"/>
				<edge label="DNc" idref="s1_506"/>
			</nt>
			<nt id="s1_506" cat="np">
				<edge label="H" idref="s1_9"/>
				<edge label="DN" idref="s1_10"/>
			</nt>
			<nt id="s1_507" cat="adjp">
				<edge label="DA" idref="s1_12"/>
				<edge label="H" idref="s1_13"/>
			</nt>
		</nonterminals>
	</graph>
</s>

	</body>
</corpus>
