<?xml version="1.0" encoding="UTF-8"?>
<corpus>

	<body>
<s id="s1" ref="1" source="Running text" forest="1" text="um celular muito bom, apesar de a bateria não durar tanto tempo assim, ela varia entre number ou number dias, dependendo do uso, mas em compensação a câmera é muito boa, mesmo sem flash ela tem um efeito que aumenta a quantidade de luz na foto e fica como se fosse flash, para falar também é excelente, bom pra ouvir, e bom pra quem nos ouve.">
	<graph root="s1_500">
		<terminals>
			<t id="s1_1" word="um" lemma="um" pos="art" morph="M S" extra="clb"/>
			<t id="s1_2" word="celular" lemma="celular" pos="adj" morph="M S" extra="n nh"/>
			<t id="s1_3" word="muito" lemma="muito" pos="adv" morph="--" extra="quant"/>
			<t id="s1_4" word="bom" lemma="bom" pos="adj" morph="M S" extra="np-close"/>
			<t id="s1_5" word="," lemma="--" pos="pu" morph="--" extra="--"/>
			<t id="s1_6" word="apesar_de" lemma="apesar_de" pos="prp" morph="--" extra="sam-"/>
			<t id="s1_7" word="a" lemma="o" pos="art" morph="F S" extra="clb  -sam"/>
			<t id="s1_8" word="bateria" lemma="bateria" pos="n" morph="F S" sem="tool" extra="--"/>
			<t id="s1_9" word="não" lemma="não" pos="adv" morph="--" extra="--"/>
			<t id="s1_10" word="durar" lemma="durar" pos="v-inf" morph="3S" extra="vN mv"/>
			<t id="s1_11" word="tanto" lemma="tanto" pos="pron-indef" morph="DET M S" extra="quant KOMP"/>
			<t id="s1_12" word="tempo" lemma="tempo" pos="n" morph="M S" sem="am temp per ac-cat wea" extra="--"/>
			<t id="s1_13" word="assim" lemma="assim" pos="adj" morph="M S" extra="np-close"/>
			<t id="s1_14" word="," lemma="--" pos="pu" morph="--" extra="--"/>
			<t id="s1_15" word="ela" lemma="ela" pos="pron-pers" morph="F 3S NOM" extra="--"/>
			<t id="s1_16" word="varia" lemma="variar" pos="v-fin" morph="PR 3S IND VFIN" extra="nosubj nosubj cjt-head cjt-head-STA fmc mv"/>
			<t id="s1_17" word="entre" lemma="entre" pos="prp" morph="--" extra="--"/>
			<t id="s1_18" word="number" lemma="number" pos="n" morph="M S" extra="heur"/>
			<t id="s1_19" word="ou" lemma="ou" pos="conj-c" morph="--" extra="--"/>
			<t id="s1_20" word="number" lemma="number" pos="v-inf" morph="--" extra="heur mv"/>
			<t id="s1_21" word="dias" lemma="dia" pos="n" morph="M P" sem="temp dur per unit" extra="--"/>
			<t id="s1_22" word="," lemma="--" pos="pu" morph="--" extra="--"/>
			<t id="s1_23" word="dependendo" lemma="depender" pos="v-ger" morph="--" extra="clb mv"/>
			<t id="s1_24" word="de" lemma="de" pos="prp" morph="--" extra="sam-"/>
			<t id="s1_25" word="o" lemma="o" pos="art" morph="M S" extra="-sam "/>
			<t id="s1_26" word="uso" lemma="uso" pos="n" morph="M S" sem="act ac" extra="--"/>
			<t id="s1_27" word="," lemma="--" pos="pu" morph="--" extra="--"/>
			<t id="s1_28" word="mas" lemma="mas" pos="conj-c" morph="--" extra="clb"/>
			<t id="s1_29" word="em" lemma="em" pos="prp" morph="--" extra="--"/>
			<t id="s1_30" word="compensação" lemma="compensação" pos="n" morph="F S" sem="act mon" extra="--"/>
			<t id="s1_31" word="a" lemma="o" pos="art" morph="F S" extra="--"/>
			<t id="s1_32" word="câmera" lemma="c�=mera" pos="n" morph="F S" sem="tool" extra="--"/>
			<t id="s1_33" word="é" lemma="ser" pos="v-fin" morph="PR 3S IND VFIN" extra="cjt-STA vK fmc mv"/>
			<t id="s1_34" word="muito" lemma="muito" pos="adv" morph="--" extra="quant"/>
			<t id="s1_35" word="boa" lemma="bom" pos="adj" morph="F S" extra="cjt-head cjt-head-Cs"/>
			<t id="s1_36" word="," lemma="--" pos="pu" morph="--" extra="--"/>
			<t id="s1_37" word="mesmo" lemma="mesmo" pos="adv" morph="--" extra="quant"/>
			<t id="s1_38" word="sem" lemma="sem" pos="prp" morph="--" extra="cjt-Cs np-close"/>
			<t id="s1_39" word="flash" lemma="flash" pos="n" morph="M S" sem="tool" extra="--"/>
			<t id="s1_40" word="ela" lemma="ela" pos="pron-pers" morph="F 3S NOM" extra="--"/>
			<t id="s1_41" word="tem" lemma="ter" pos="v-fin" morph="PR 3S IND VFIN" extra="cjt-STA fmc mv"/>
			<t id="s1_42" word="um" lemma="um" pos="art" morph="M S" extra="--"/>
			<t id="s1_43" word="efeito" lemma="efeito" pos="n" morph="M S" sem="ac cc-r" extra="--"/>
			<t id="s1_44" word="que" lemma="que" pos="spec" morph="M S" extra="clb clb-fs rel"/>
			<t id="s1_45" word="aumenta" lemma="aumentar" pos="v-fin" morph="PR 3S IND VFIN" extra="mv np-close"/>
			<t id="s1_46" word="a" lemma="o" pos="art" morph="F S" extra="--"/>
			<t id="s1_47" word="quantidade" lemma="quantidade" pos="n" morph="F S" sem="amount" extra="--"/>
			<t id="s1_48" word="de" lemma="de" pos="prp" morph="--" extra="np-close"/>
			<t id="s1_49" word="luz" lemma="luz" pos="n" morph="F S" sem="am cc-light" extra="--"/>
			<t id="s1_50" word="em" lemma="em" pos="prp" morph="--" extra="sam-"/>
			<t id="s1_51" word="a" lemma="o" pos="art" morph="F S" extra="-sam "/>
			<t id="s1_52" word="foto" lemma="foto" pos="n" morph="F S" sem="pict" extra="--"/>
			<t id="s1_53" word="e" lemma="e" pos="conj-c" morph="--" extra="--"/>
			<t id="s1_54" word="fica" lemma="ficar" pos="v-fin" morph="PR 3S IND VFIN" extra="vK fmc mv np-close"/>
			<t id="s1_55" word="como_se" lemma="como_se" pos="conj-s" morph="--" extra="clb clb-fs"/>
			<t id="s1_56" word="fosse" lemma="ser" pos="v-fin" morph="IMPF 3S SUBJ VFIN" extra="vK mv"/>
			<t id="s1_57" word="flash" lemma="flash" pos="n" morph="M S" sem="tool" extra="--"/>
			<t id="s1_58" word="," lemma="--" pos="pu" morph="--" extra="--"/>
			<t id="s1_59" word="para" lemma="para" pos="prp" morph="--" extra="--"/>
			<t id="s1_60" word="falar" lemma="falar" pos="v-inf" morph="--" extra="vH mv"/>
			<t id="s1_61" word="também" lemma="também" pos="adv" morph="--" extra="--"/>
			<t id="s1_62" word="é" lemma="ser" pos="v-fin" morph="PR 3S IND VFIN" extra="nosubj nosubj cjt-STA vK fmc mv"/>
			<t id="s1_63" word="excelente" lemma="excelente" pos="adj" morph="M S" extra="jh"/>
			<t id="s1_64" word="," lemma="--" pos="pu" morph="--" extra="--"/>
			<t id="s1_65" word="bom" lemma="bom" pos="adj" morph="M S" extra="np-close"/>
			<t id="s1_66" word="pra" lemma="para" pos="prp" morph="--" extra="--"/>
			<t id="s1_67" word="ouvir" lemma="ouvir" pos="v-inf" morph="--" extra="vH mv"/>
			<t id="s1_68" word="," lemma="--" pos="pu" morph="--" extra="--"/>
			<t id="s1_69" word="e" lemma="e" pos="conj-c" morph="--" extra="--"/>
			<t id="s1_70" word="bom" lemma="bom" pos="adj" morph="M S" extra="jh"/>
			<t id="s1_71" word="pra" lemma="para" pos="prp" morph="--" extra="--"/>
			<t id="s1_72" word="quem" lemma="quem" pos="spec" morph="M/F S/P" extra="clb-fs interr"/>
			<t id="s1_73" word="nos" lemma="nós" pos="pron-pers" morph="M/F 1P ACC" extra="--"/>
			<t id="s1_74" word="ouve" lemma="ouvir" pos="v-fin" morph="PR 3S IND VFIN" extra="vH mv"/>
			<t id="s1_75" word="." lemma="--" pos="pu" morph="--" extra="--"/>
		</terminals>

		<nonterminals>
			<nt id="s1_500" cat="s">
				<edge label="UTT" idref="s1_501"/>
			</nt>
			<nt id="s1_501" cat="x">
				<edge label="CJT" idref="s1_502"/>
				<edge label="STA" idref="s1_504"/>
				<edge label="CJT" idref="s1_505"/>
				<edge label="DN" idref="s1_506"/>
				<edge label="DA" idref="s1_3"/>
				<edge label="H" idref="s1_4"/>
				<edge label="UTT" idref="s1_512"/>
				<edge label="P" idref="s1_20"/>
				<edge label="Od" idref="s1_21"/>
				<edge label="PU" idref="s1_22"/>
				<edge label="fA" idref="s1_513"/>
				<edge label="PU" idref="s1_27"/>
				<edge label="CO" idref="s1_28"/>
				<edge label="CJT" idref="s1_521"/>
				<edge label="CJT" idref="s1_533"/>
				<edge label="PU" idref="s1_75"/>
			</nt>
			<nt id="s1_502" cat="fcl">
				<edge label="S" idref="s1_503"/>
				<edge label="fA" idref="s1_516"/>
				<edge label="S" idref="s1_517"/>
				<edge label="H" idref="s1_32"/>
				<edge label="P" idref="s1_33"/>
				<edge label="Cs" idref="s1_518"/>
			</nt>
			<nt id="s1_503" cat="np">
				<edge label="DN" idref="s1_1"/>
				<edge label="H" idref="s1_2"/>
			</nt>
			<nt id="s1_504" cat="par">
			</nt>
			<nt id="s1_505" cat="fcl">
			</nt>
			<nt id="s1_506" cat="adjp">
				<edge label="PU" idref="s1_5"/>
				<edge label="fA" idref="s1_507"/>
				<edge label="S" idref="s1_508"/>
				<edge label="PU" idref="s1_14"/>
				<edge label="S" idref="s1_15"/>
				<edge label="P" idref="s1_16"/>
				<edge label="fA" idref="s1_511"/>
			</nt>
			<nt id="s1_507" cat="pp">
				<edge label="H" idref="s1_6"/>
			</nt>
			<nt id="s1_508" cat="np">
				<edge label="DN" idref="s1_7"/>
				<edge label="H" idref="s1_8"/>
				<edge label="DP" idref="s1_509"/>
			</nt>
			<nt id="s1_509" cat="icl">
				<edge label="fA" idref="s1_9"/>
				<edge label="P" idref="s1_10"/>
				<edge label="As" idref="s1_510"/>
				<edge label="CO" idref="s1_19"/>
			</nt>
			<nt id="s1_510" cat="np">
				<edge label="DN" idref="s1_11"/>
				<edge label="H" idref="s1_12"/>
				<edge label="DN" idref="s1_13"/>
			</nt>
			<nt id="s1_511" cat="pp">
				<edge label="H" idref="s1_17"/>
				<edge label="DP" idref="s1_18"/>
			</nt>
			<nt id="s1_512" cat="icl">
			</nt>
			<nt id="s1_513" cat="advp">
				<edge label="P" idref="s1_23"/>
				<edge label="Op" idref="s1_514"/>
			</nt>
			<nt id="s1_514" cat="pp">
				<edge label="H" idref="s1_24"/>
				<edge label="DP" idref="s1_515"/>
			</nt>
			<nt id="s1_515" cat="np">
				<edge label="DN" idref="s1_25"/>
				<edge label="H" idref="s1_26"/>
			</nt>
			<nt id="s1_516" cat="pp">
				<edge label="H" idref="s1_29"/>
				<edge label="DP" idref="s1_30"/>
			</nt>
			<nt id="s1_517" cat="np">
				<edge label="DN" idref="s1_31"/>
			</nt>
			<nt id="s1_518" cat="par">
				<edge label="CJT" idref="s1_519"/>
				<edge label="PU" idref="s1_36"/>
				<edge label="CJT" idref="s1_520"/>
			</nt>
			<nt id="s1_519" cat="adjp">
				<edge label="DA" idref="s1_34"/>
				<edge label="H" idref="s1_35"/>
			</nt>
			<nt id="s1_520" cat="pp">
				<edge label="DPmod" idref="s1_37"/>
				<edge label="H" idref="s1_38"/>
				<edge label="DP" idref="s1_39"/>
			</nt>
			<nt id="s1_521" cat="fcl">
				<edge label="S" idref="s1_40"/>
				<edge label="P" idref="s1_41"/>
				<edge label="Od" idref="s1_522"/>
			</nt>
			<nt id="s1_522" cat="np">
				<edge label="DN" idref="s1_42"/>
				<edge label="H" idref="s1_43"/>
				<edge label="DN" idref="s1_523"/>
			</nt>
			<nt id="s1_523" cat="fcl">
				<edge label="S" idref="s1_44"/>
				<edge label="P" idref="s1_45"/>
				<edge label="Od" idref="s1_524"/>
				<edge label="fA" idref="s1_526"/>
			</nt>
			<nt id="s1_524" cat="np">
				<edge label="DN" idref="s1_46"/>
				<edge label="H" idref="s1_47"/>
				<edge label="DN" idref="s1_525"/>
			</nt>
			<nt id="s1_525" cat="pp">
				<edge label="H" idref="s1_48"/>
				<edge label="DP" idref="s1_49"/>
			</nt>
			<nt id="s1_526" cat="pp">
				<edge label="H" idref="s1_50"/>
				<edge label="DP" idref="s1_527"/>
			</nt>
			<nt id="s1_527" cat="np">
				<edge label="DN" idref="s1_51"/>
				<edge label="H" idref="s1_52"/>
				<edge label="CO" idref="s1_53"/>
				<edge label="DN" idref="s1_528"/>
				<edge label="PU" idref="s1_68"/>
				<edge label="CO" idref="s1_69"/>
			</nt>
			<nt id="s1_528" cat="fcl">
				<edge label="P" idref="s1_54"/>
				<edge label="fA" idref="s1_529"/>
			</nt>
			<nt id="s1_529" cat="fcl">
				<edge label="SUB" idref="s1_55"/>
				<edge label="P" idref="s1_56"/>
				<edge label="Cs" idref="s1_530"/>
				<edge label="PU" idref="s1_58"/>
				<edge label="fA" idref="s1_531"/>
			</nt>
			<nt id="s1_530" cat="np">
				<edge label="H" idref="s1_57"/>
			</nt>
			<nt id="s1_531" cat="pp">
				<edge label="H" idref="s1_59"/>
				<edge label="DP" idref="s1_532"/>
				<edge label="PU" idref="s1_64"/>
				<edge label="DNc" idref="s1_534"/>
			</nt>
			<nt id="s1_532" cat="icl">
				<edge label="P" idref="s1_60"/>
				<edge label="fA" idref="s1_61"/>
			</nt>
			<nt id="s1_533" cat="x">
				<edge label="P" idref="s1_62"/>
				<edge label="Cs" idref="s1_63"/>
			</nt>
			<nt id="s1_534" cat="adjp">
				<edge label="H" idref="s1_65"/>
				<edge label="DA" idref="s1_535"/>
			</nt>
			<nt id="s1_535" cat="pp">
				<edge label="H" idref="s1_66"/>
				<edge label="DP" idref="s1_536"/>
			</nt>
			<nt id="s1_536" cat="icl">
				<edge label="P" idref="s1_67"/>
				<edge label="Cs" idref="s1_537"/>
				<edge label="Od" idref="s1_539"/>
			</nt>
			<nt id="s1_537" cat="adjp">
				<edge label="H" idref="s1_70"/>
				<edge label="DA" idref="s1_538"/>
			</nt>
			<nt id="s1_538" cat="pp">
				<edge label="H" idref="s1_71"/>
				<edge label="DP" idref="s1_72"/>
			</nt>
			<nt id="s1_539" cat="fcl">
				<edge label="Od" idref="s1_73"/>
				<edge label="P" idref="s1_74"/>
			</nt>
		</nonterminals>
	</graph>
</s>

<s id="s2" ref="2" source="Running text" forest="1" text="outro ponto forte é o som do mp3, muito limpo e bom, uma ótima compra pra quem quer um celular relativamente simples, mas que contém funções básicas e outras mais sofisticadas, acho que pra celulares desse patamar esse é o melhor sem dúvida!.">
	<graph root="s2_500">
		<terminals>
			<t id="s2_1" word="outro" lemma="outro" pos="pron-indef" morph="DET M S" extra="diff KOMP"/>
			<t id="s2_2" word="ponto" lemma="ponto" pos="n" morph="M S" sem="Labs geom temp Lh sem-c unit" extra="--"/>
			<t id="s2_3" word="forte" lemma="forte" pos="adj" morph="M S" extra="jh np-close"/>
			<t id="s2_4" word="é" lemma="ser" pos="v-fin" morph="PR 3S IND VFIN" extra="cjt-head cjt-head-STA vK fmc mv"/>
			<t id="s2_5" word="o" lemma="o" pos="art" morph="M S" extra="--"/>
			<t id="s2_6" word="som" lemma="som" pos="n" morph="M S" sem="percep-l" extra="--"/>
			<t id="s2_7" word="de" lemma="de" pos="prp" morph="--" extra="sam- np-close"/>
			<t id="s2_8" word="o" lemma="o" pos="art" morph="M S" extra="-sam "/>
			<t id="s2_9" word="mp3" lemma="mp3" pos="n" morph="M S" extra="heur"/>
			<t id="s2_10" word="," lemma="--" pos="pu" morph="--" extra="--"/>
			<t id="s2_11" word="muito" lemma="muito" pos="adv" morph="--" extra="quant"/>
			<t id="s2_12" word="limpo" lemma="limpo" pos="adj" morph="M S" extra="--"/>
			<t id="s2_13" word="e" lemma="e" pos="conj-c" morph="--" extra="--"/>
			<t id="s2_14" word="bom" lemma="bom" pos="adj" morph="M S" extra="--"/>
			<t id="s2_15" word="," lemma="--" pos="pu" morph="--" extra="--"/>
			<t id="s2_16" word="uma" lemma="um" pos="art" morph="F S" extra="--"/>
			<t id="s2_17" word="ótima" lemma="bom" pos="adj" morph="F S" extra="SUP jh"/>
			<t id="s2_18" word="compra" lemma="compra" pos="n" morph="F S" sem="act cc" extra="--"/>
			<t id="s2_19" word="pra" lemma="para" pos="prp" morph="--" extra="clb"/>
			<t id="s2_20" word="quem" lemma="quem" pos="spec" morph="M/F S" extra="clb-fs rel"/>
			<t id="s2_21" word="quer" lemma="querer" pos="v-fin" morph="PR 3S IND VFIN" extra="vH mv"/>
			<t id="s2_22" word="um" lemma="um" pos="art" morph="M S" extra="--"/>
			<t id="s2_23" word="celular" lemma="celular" pos="adj" morph="M S" extra="n nh"/>
			<t id="s2_24" word="relativamente" lemma="relativamente" pos="adv" morph="--" extra="--"/>
			<t id="s2_25" word="simples" lemma="simples" pos="adj" morph="M/F S/P" extra="np-close"/>
			<t id="s2_26" word="," lemma="--" pos="pu" morph="--" extra="--"/>
			<t id="s2_27" word="mas" lemma="mas" pos="conj-c" morph="--" extra="co-fin-long"/>
			<t id="s2_28" word="que" lemma="que" pos="conj-s" morph="--" extra="clb clb-fs"/>
			<t id="s2_29" word="contém" lemma="conter" pos="v-fin" morph="PR 3S IND VFIN" extra="mv"/>
			<t id="s2_30" word="funções" lemma="função" pos="n" morph="F P" sem="ac pos-soc occ" extra="--"/>
			<t id="s2_31" word="básicas" lemma="básico" pos="adj" morph="F P" extra="nh np-close"/>
			<t id="s2_32" word="e" lemma="e" pos="conj-c" morph="--" extra="--"/>
			<t id="s2_33" word="outras" lemma="outro" pos="pron-indef" morph="DET F P" extra="diff KOMP"/>
			<t id="s2_34" word="mais" lemma="mais" pos="adv" morph="--" extra="quant KOMP"/>
			<t id="s2_35" word="sofisticadas" lemma="sofisticar" pos="v-pcp" morph="F P" extra="vH np-close"/>
			<t id="s2_36" word="," lemma="--" pos="pu" morph="--" extra="--"/>
			<t id="s2_37" word="acho" lemma="achar" pos="v-fin" morph="PR 1S IND VFIN" extra="cjt-STA vH fmc mv"/>
			<t id="s2_38" word="que" lemma="que" pos="conj-s" morph="--" extra="clb clb-fs"/>
			<t id="s2_39" word="pra" lemma="para" pos="prp" morph="--" extra="--"/>
			<t id="s2_40" word="celulares" lemma="celular" pos="adj" morph="M/F P" extra="n nh"/>
			<t id="s2_41" word="de" lemma="de" pos="prp" morph="--" extra="sam- np-close"/>
			<t id="s2_42" word="esse" lemma="esse" pos="pron-dem" morph="DET M S" extra="dem -sam"/>
			<t id="s2_43" word="patamar" lemma="patamar" pos="n" morph="M S" sem="part-build" extra="--"/>
			<t id="s2_44" word="esse" lemma="esse" pos="pron-dem" morph="DET M S" extra="dem"/>
			<t id="s2_45" word="é" lemma="ser" pos="v-fin" morph="PR 3S IND VFIN" extra="vK mv"/>
			<t id="s2_46" word="o" lemma="o" pos="art" morph="M S" extra="--"/>
			<t id="s2_47" word="melhor" lemma="bom" pos="adj" morph="M S" extra="n KOMP SUP jh"/>
			<t id="s2_48" word="sem" lemma="sem" pos="prp" morph="--" extra="np-close"/>
			<t id="s2_49" word="dúvida" lemma="dúvida" pos="n" morph="F S" sem="sem-c state-h" extra="--"/>
			<t id="s2_50" word="!" lemma="--" pos="pu" morph="--" extra="--"/>
			<t id="s2_51" word="." lemma="--" pos="pu" morph="--" extra="--"/>
		</terminals>

		<nonterminals>
			<nt id="s2_500" cat="s">
				<edge label="STA" idref="s2_501"/>
			</nt>
			<nt id="s2_501" cat="par">
				<edge label="CJT" idref="s2_502"/>
				<edge label="CJT" idref="s2_504"/>
				<edge label="PU" idref="s2_26"/>
				<edge label="CO" idref="s2_27"/>
				<edge label="PU" idref="s2_50"/>
				<edge label="PU" idref="s2_51"/>
			</nt>
			<nt id="s2_502" cat="np">
				<edge label="S" idref="s2_503"/>
				<edge label="P" idref="s2_4"/>
			</nt>
			<nt id="s2_503" cat="np">
				<edge label="DN" idref="s2_1"/>
				<edge label="H" idref="s2_2"/>
				<edge label="DN" idref="s2_3"/>
			</nt>
			<nt id="s2_504" cat="fcl">
				<edge label="fCs" idref="s2_505"/>
				<edge label="PU" idref="s2_10"/>
				<edge label="fCs" idref="s2_508"/>
				<edge label="fCs" idref="s2_14"/>
				<edge label="S" idref="s2_513"/>
				<edge label="DN" idref="s2_33"/>
				<edge label="PU" idref="s2_36"/>
				<edge label="P" idref="s2_37"/>
				<edge label="Od" idref="s2_516"/>
			</nt>
			<nt id="s2_505" cat="np">
				<edge label="DN" idref="s2_5"/>
				<edge label="H" idref="s2_6"/>
				<edge label="DN" idref="s2_506"/>
			</nt>
			<nt id="s2_506" cat="pp">
				<edge label="H" idref="s2_7"/>
				<edge label="DP" idref="s2_507"/>
				<edge label="PU" idref="s2_15"/>
				<edge label="DP" idref="s2_509"/>
			</nt>
			<nt id="s2_507" cat="np">
				<edge label="DN" idref="s2_8"/>
				<edge label="H" idref="s2_9"/>
				<edge label="CO" idref="s2_13"/>
			</nt>
			<nt id="s2_508" cat="adjp">
				<edge label="DA" idref="s2_11"/>
				<edge label="H" idref="s2_12"/>
			</nt>
			<nt id="s2_509" cat="fcl">
				<edge label="S" idref="s2_510"/>
				<edge label="fA" idref="s2_19"/>
				<edge label="S" idref="s2_20"/>
				<edge label="P" idref="s2_21"/>
				<edge label="Od" idref="s2_511"/>
			</nt>
			<nt id="s2_510" cat="np">
				<edge label="DN" idref="s2_16"/>
				<edge label="DN" idref="s2_17"/>
				<edge label="H" idref="s2_18"/>
			</nt>
			<nt id="s2_511" cat="np">
				<edge label="DN" idref="s2_22"/>
				<edge label="H" idref="s2_23"/>
				<edge label="DN" idref="s2_512"/>
			</nt>
			<nt id="s2_512" cat="adjp">
				<edge label="DA" idref="s2_24"/>
				<edge label="H" idref="s2_25"/>
			</nt>
			<nt id="s2_513" cat="fcl">
				<edge label="SUB" idref="s2_28"/>
				<edge label="P" idref="s2_29"/>
				<edge label="Od" idref="s2_514"/>
			</nt>
			<nt id="s2_514" cat="np">
				<edge label="H" idref="s2_30"/>
				<edge label="DN" idref="s2_31"/>
				<edge label="DN" idref="s2_515"/>
			</nt>
			<nt id="s2_515" cat="adjp">
				<edge label="CO" idref="s2_32"/>
				<edge label="DA" idref="s2_34"/>
				<edge label="H" idref="s2_35"/>
			</nt>
			<nt id="s2_516" cat="fcl">
				<edge label="SUB" idref="s2_38"/>
				<edge label="fA" idref="s2_517"/>
				<edge label="S" idref="s2_44"/>
				<edge label="P" idref="s2_45"/>
				<edge label="Cs" idref="s2_520"/>
			</nt>
			<nt id="s2_517" cat="pp">
				<edge label="H" idref="s2_39"/>
				<edge label="DP" idref="s2_40"/>
				<edge label="DN" idref="s2_518"/>
			</nt>
			<nt id="s2_518" cat="pp">
				<edge label="H" idref="s2_41"/>
				<edge label="DP" idref="s2_519"/>
			</nt>
			<nt id="s2_519" cat="np">
				<edge label="DN" idref="s2_42"/>
				<edge label="H" idref="s2_43"/>
				<edge label="DN" idref="s2_521"/>
			</nt>
			<nt id="s2_520" cat="np">
				<edge label="DN" idref="s2_46"/>
				<edge label="H" idref="s2_47"/>
			</nt>
			<nt id="s2_521" cat="pp">
				<edge label="H" idref="s2_48"/>
				<edge label="DP" idref="s2_49"/>
			</nt>
		</nonterminals>
	</graph>
</s>

	</body>
</corpus>
