<?xml version="1.0" encoding="UTF-8"?>
<corpus>

	<body>
<s id="s1" ref="1" source="Running text" forest="1" text="não confio em empresa que não atende, meu aparelho esta ha mais de number meses e eles não arrumaram.">
	<graph root="s1_500">
		<terminals>
			<t id="s1_1" word="não" lemma="não" pos="adv" morph="--" extra="--"/>
			<t id="s1_2" word="confio" lemma="confiar" pos="v-fin" morph="PR 1S IND VFIN" extra="nosubj nosubj cjt-head cjt-head-STA vH fmc mv"/>
			<t id="s1_3" word="em" lemma="em" pos="prp" morph="--" extra="--"/>
			<t id="s1_4" word="empresa" lemma="empresa" pos="n" morph="F S" sem="HH" extra="--"/>
			<t id="s1_5" word="que" lemma="que" pos="conj-s" morph="--" extra="clb clb-fs"/>
			<t id="s1_6" word="não" lemma="não" pos="adv" morph="--" extra="--"/>
			<t id="s1_7" word="atende" lemma="atender" pos="v-fin" morph="PR 3S IND VFIN" extra="vH mv"/>
			<t id="s1_8" word="," lemma="--" pos="pu" morph="--" extra="--"/>
			<t id="s1_9" word="meu" lemma="meu" pos="pron-poss" morph="DET M S" extra="poss 1S"/>
			<t id="s1_10" word="aparelho" lemma="aparelho" pos="n" morph="M S" sem="tool" extra="cjt-head cjt-head-Od"/>
			<t id="s1_11" word="esta" lemma="este" pos="pron-dem" morph="DET F S" extra="dem"/>
			<t id="s1_12" word="ha" lemma="ha" pos="n" morph="F S" extra="cjt-Od"/>
			<t id="s1_13" word="mais" lemma="mais" pos="adv" morph="--" extra="quant KOMP"/>
			<t id="s1_14" word="de" lemma="de" pos="prp" morph="--" extra="--"/>
			<t id="s1_15" word="number" lemma="number" pos="n" morph="M S" extra="heur"/>
			<t id="s1_16" word="meses" lemma="mês" pos="n" morph="M P" sem="dur per unit" extra="--"/>
			<t id="s1_17" word="e" lemma="e" pos="conj-c" morph="--" extra="--"/>
			<t id="s1_18" word="eles" lemma="eles" pos="pron-pers" morph="M 3P NOM" extra="--"/>
			<t id="s1_19" word="não" lemma="não" pos="adv" morph="--" extra="--"/>
			<t id="s1_20" word="arrumaram" lemma="arrumar" pos="v-fin" morph="PS/MQP 3P IND VFIN" extra="cjt-STA vH fmc mv"/>
			<t id="s1_21" word="." lemma="--" pos="pu" morph="--" extra="--"/>
		</terminals>

		<nonterminals>
			<nt id="s1_500" cat="s">
				<edge label="STA" idref="s1_501"/>
			</nt>
			<nt id="s1_501" cat="par">
				<edge label="CJT" idref="s1_502"/>
				<edge label="CJT" idref="s1_510"/>
				<edge label="PU" idref="s1_21"/>
			</nt>
			<nt id="s1_502" cat="fcl">
				<edge label="fA" idref="s1_1"/>
				<edge label="P" idref="s1_2"/>
				<edge label="Op" idref="s1_503"/>
				<edge label="Od" idref="s1_504"/>
			</nt>
			<nt id="s1_503" cat="pp">
				<edge label="H" idref="s1_3"/>
				<edge label="DP" idref="s1_4"/>
			</nt>
			<nt id="s1_504" cat="fcl">
				<edge label="SUB" idref="s1_5"/>
				<edge label="fA" idref="s1_6"/>
				<edge label="P" idref="s1_7"/>
				<edge label="PU" idref="s1_8"/>
				<edge label="Od" idref="s1_505"/>
				<edge label="fA" idref="s1_508"/>
			</nt>
			<nt id="s1_505" cat="par">
				<edge label="CJT" idref="s1_506"/>
				<edge label="CJT" idref="s1_507"/>
			</nt>
			<nt id="s1_506" cat="np">
				<edge label="DN" idref="s1_9"/>
				<edge label="H" idref="s1_10"/>
			</nt>
			<nt id="s1_507" cat="np">
				<edge label="DN" idref="s1_11"/>
				<edge label="H" idref="s1_12"/>
			</nt>
			<nt id="s1_508" cat="advp">
				<edge label="H" idref="s1_13"/>
				<edge label="DAcom" idref="s1_509"/>
			</nt>
			<nt id="s1_509" cat="pp">
				<edge label="H" idref="s1_14"/>
				<edge label="DP" idref="s1_15"/>
			</nt>
			<nt id="s1_510" cat="fcl">
				<edge label="S" idref="s1_16"/>
				<edge label="S" idref="s1_18"/>
				<edge label="fA" idref="s1_19"/>
				<edge label="P" idref="s1_20"/>
			</nt>
		</nonterminals>
	</graph>
</s>

<s id="s2" ref="2" source="Running text" forest="1" text="já pedi outro aparelho, devolução de dinheiro e eles disseram que se eu quiser, que entre na justiça para &quot;tentar �resolver.">
	<graph root="s2_500">
		<terminals>
			<t id="s2_1" word="já" lemma="já" pos="adv" morph="--" extra="--"/>
			<t id="s2_2" word="pedi" lemma="pedir" pos="v-fin" morph="PS 1S IND VFIN" extra="nosubj nosubj cjt-head cjt-head-STA vH fmc mv"/>
			<t id="s2_3" word="outro" lemma="outro" pos="pron-indef" morph="DET M S" extra="diff KOMP"/>
			<t id="s2_4" word="aparelho" lemma="aparelho" pos="n" morph="M S" sem="tool" extra="--"/>
			<t id="s2_5" word="," lemma="--" pos="pu" morph="--" extra="--"/>
			<t id="s2_6" word="devolução" lemma="devolução" pos="n" morph="F S" sem="act" extra="--"/>
			<t id="s2_7" word="de" lemma="de" pos="prp" morph="--" extra="np-close"/>
			<t id="s2_8" word="dinheiro" lemma="dinheiro" pos="n" morph="M S" sem="mon cm" extra="--"/>
			<t id="s2_9" word="e" lemma="e" pos="conj-c" morph="--" extra="--"/>
			<t id="s2_10" word="eles" lemma="eles" pos="pron-pers" morph="M 3P NOM" extra="--"/>
			<t id="s2_11" word="disseram" lemma="dizer" pos="v-fin" morph="PS/MQP 3P IND VFIN" extra="cjt-STA vH fmc mv"/>
			<t id="s2_12" word="que" lemma="que" pos="conj-s" morph="--" extra="clb clb-fs"/>
			<t id="s2_13" word="se" lemma="se" pos="conj-s" morph="--" extra="clb"/>
			<t id="s2_14" word="eu" lemma="eu" pos="pron-pers" morph="M/F 1S NOM" extra="--"/>
			<t id="s2_15" word="quiser" lemma="querer" pos="v-fin" morph="FUT 1S SUBJ VFIN" extra="vH mv"/>
			<t id="s2_16" word="," lemma="--" pos="pu" morph="--" extra="--"/>
			<t id="s2_17" word="que" lemma="que" pos="conj-s" morph="--" extra="clb clb-fs"/>
			<t id="s2_18" word="entre" lemma="entrar" pos="v-fin" morph="PR 1/3S SUBJ VFIN" extra="vH mv"/>
			<t id="s2_19" word="em" lemma="em" pos="prp" morph="--" extra="sam-"/>
			<t id="s2_20" word="a" lemma="o" pos="art" morph="F S" extra="-sam "/>
			<t id="s2_21" word="justiça" lemma="justiça" pos="n" morph="F S" sem="am HH" extra="--"/>
			<t id="s2_22" word="para" lemma="para" pos="prp" morph="--" extra="--"/>
			<t id="s2_23" word="&quot;" lemma="--" pos="pu" morph="--" extra="--"/>
			<t id="s2_24" word="tentar" lemma="tentar" pos="v-inf" morph="--" extra="vH mv"/>
			<t id="s2_25" word="&quot;" lemma="--" pos="pu" morph="--" extra="--"/>
			<t id="s2_26" word="resolver" lemma="resolver" pos="v-inf" morph="--" extra="vH mv"/>
			<t id="s2_27" word="." lemma="--" pos="pu" morph="--" extra="--"/>
		</terminals>

		<nonterminals>
			<nt id="s2_500" cat="s">
				<edge label="STA" idref="s2_501"/>
			</nt>
			<nt id="s2_501" cat="par">
				<edge label="CJT" idref="s2_502"/>
				<edge label="PU" idref="s2_5"/>
				<edge label="CJT" idref="s2_504"/>
				<edge label="SUB" idref="s2_12"/>
				<edge label="PU" idref="s2_27"/>
			</nt>
			<nt id="s2_502" cat="fcl">
				<edge label="fA" idref="s2_1"/>
				<edge label="P" idref="s2_2"/>
				<edge label="Od" idref="s2_503"/>
			</nt>
			<nt id="s2_503" cat="np">
				<edge label="DN" idref="s2_3"/>
				<edge label="H" idref="s2_4"/>
			</nt>
			<nt id="s2_504" cat="fcl">
				<edge label="S" idref="s2_505"/>
				<edge label="S" idref="s2_10"/>
				<edge label="P" idref="s2_11"/>
				<edge label="Od" idref="s2_507"/>
			</nt>
			<nt id="s2_505" cat="np">
				<edge label="H" idref="s2_6"/>
				<edge label="DN" idref="s2_506"/>
			</nt>
			<nt id="s2_506" cat="pp">
				<edge label="H" idref="s2_7"/>
				<edge label="DP" idref="s2_8"/>
			</nt>
			<nt id="s2_507" cat="fcl">
				<edge label="SUB" idref="s2_13"/>
				<edge label="S" idref="s2_14"/>
				<edge label="P" idref="s2_15"/>
				<edge label="PU" idref="s2_16"/>
				<edge label="Od" idref="s2_508"/>
			</nt>
			<nt id="s2_508" cat="fcl">
				<edge label="SUB" idref="s2_17"/>
				<edge label="P" idref="s2_18"/>
				<edge label="As" idref="s2_509"/>
				<edge label="fA" idref="s2_511"/>
			</nt>
			<nt id="s2_509" cat="pp">
				<edge label="H" idref="s2_19"/>
				<edge label="DP" idref="s2_510"/>
			</nt>
			<nt id="s2_510" cat="np">
				<edge label="DN" idref="s2_20"/>
				<edge label="H" idref="s2_21"/>
			</nt>
			<nt id="s2_511" cat="pp">
				<edge label="H" idref="s2_22"/>
				<edge label="PU" idref="s2_23"/>
				<edge label="DP" idref="s2_512"/>
			</nt>
			<nt id="s2_512" cat="icl">
				<edge label="P" idref="s2_24"/>
				<edge label="PU" idref="s2_25"/>
				<edge label="Od" idref="s2_26"/>
			</nt>
		</nonterminals>
	</graph>
</s>

<s id="s3" ref="3" source="Running text" forest="1" text="me ajudem, não comprem este lixo o que gostei lixo lixo lixo o que não gostei comprei um celular dessa chinesa lixo.">
	<graph root="s3_500">
		<terminals>
			<t id="s3_1" word="me" lemma="eu" pos="pron-pers" morph="M/F 1S ACC" extra="--"/>
			<t id="s3_2" word="ajudem" lemma="ajudar" pos="v-fin" morph="PR 3P SUBJ VFIN" extra="nosubj nosubj nosubj nosubj cjt-head cjt-head-STA vH fmc mv"/>
			<t id="s3_3" word="," lemma="--" pos="pu" morph="--" extra="--"/>
			<t id="s3_4" word="não" lemma="não" pos="adv" morph="--" extra="--"/>
			<t id="s3_5" word="comprem" lemma="comprar" pos="v-fin" morph="PR 3P SUBJ VFIN" extra="cjt-STA vH fmc mv"/>
			<t id="s3_6" word="este" lemma="este" pos="pron-dem" morph="DET M S" extra="dem"/>
			<t id="s3_7" word="lixo" lemma="lixo" pos="n" morph="M S" sem="cm-h" extra="--"/>
			<t id="s3_8" word="o" lemma="o" pos="pron-dem" morph="DET M S" extra="dem"/>
			<t id="s3_9" word="que" lemma="que" pos="spec" morph="M S" extra="clb clb-fs rel"/>
			<t id="s3_10" word="gostei" lemma="gostar" pos="v-fin" morph="PS 1S IND VFIN" extra="vH mv np-close"/>
			<t id="s3_11" word="lixo" lemma="lixo" pos="n" morph="M S" sem="cm-h" extra="--"/>
			<t id="s3_12" word="lixo" lemma="lixar" pos="v-fin" morph="PR 1S IND VFIN" extra="nosubj nosubj cjt-STA vH fmc mv"/>
			<t id="s3_13" word="lixo" lemma="lixo" pos="n" morph="M S" sem="cm-h" extra="--"/>
			<t id="s3_14" word="o_que" lemma="o_que" pos="spec" morph="M S" extra="clb clb-fs rel"/>
			<t id="s3_15" word="não" lemma="não" pos="adv" morph="--" extra="--"/>
			<t id="s3_16" word="gostei" lemma="gostar" pos="v-fin" morph="PS 1S IND VFIN" extra="vH mv np-close"/>
			<t id="s3_17" word="comprei" lemma="comprar" pos="v-fin" morph="PS 1S IND VFIN" extra="nosubj nosubj cjt-STA vH fmc mv"/>
			<t id="s3_18" word="um" lemma="um" pos="art" morph="M S" extra="--"/>
			<t id="s3_19" word="celular" lemma="celular" pos="adj" morph="M S" extra="n nh"/>
			<t id="s3_20" word="de" lemma="de" pos="prp" morph="--" extra="sam- np-close"/>
			<t id="s3_21" word="essa" lemma="esse" pos="pron-dem" morph="DET F S" extra="-sam dem"/>
			<t id="s3_22" word="chinesa" lemma="chinês" pos="adj" morph="F S" extra="nat"/>
			<t id="s3_23" word="lixo" lemma="lixo" pos="n" morph="M S" sem="cm-h" extra="--"/>
			<t id="s3_24" word="." lemma="--" pos="pu" morph="--" extra="--"/>
		</terminals>

		<nonterminals>
			<nt id="s3_500" cat="s">
				<edge label="STA" idref="s3_501"/>
			</nt>
			<nt id="s3_501" cat="par">
				<edge label="CJT" idref="s3_502"/>
				<edge label="PU" idref="s3_3"/>
				<edge label="CJT" idref="s3_503"/>
				<edge label="CJT" idref="s3_506"/>
				<edge label="CJT" idref="s3_509"/>
				<edge label="PU" idref="s3_24"/>
			</nt>
			<nt id="s3_502" cat="fcl">
				<edge label="Od" idref="s3_1"/>
				<edge label="P" idref="s3_2"/>
			</nt>
			<nt id="s3_503" cat="fcl">
				<edge label="fA" idref="s3_4"/>
				<edge label="P" idref="s3_5"/>
				<edge label="Od" idref="s3_504"/>
				<edge label="S" idref="s3_8"/>
			</nt>
			<nt id="s3_504" cat="np">
				<edge label="DN" idref="s3_6"/>
				<edge label="H" idref="s3_7"/>
				<edge label="DN" idref="s3_505"/>
			</nt>
			<nt id="s3_505" cat="fcl">
				<edge label="S" idref="s3_9"/>
				<edge label="P" idref="s3_10"/>
			</nt>
			<nt id="s3_506" cat="x">
				<edge label="fCs" idref="s3_11"/>
				<edge label="P" idref="s3_12"/>
				<edge label="Od" idref="s3_507"/>
			</nt>
			<nt id="s3_507" cat="np">
				<edge label="H" idref="s3_13"/>
				<edge label="DN" idref="s3_508"/>
			</nt>
			<nt id="s3_508" cat="fcl">
				<edge label="Od" idref="s3_14"/>
				<edge label="fA" idref="s3_15"/>
				<edge label="P" idref="s3_16"/>
			</nt>
			<nt id="s3_509" cat="x">
				<edge label="P" idref="s3_17"/>
				<edge label="Od" idref="s3_510"/>
			</nt>
			<nt id="s3_510" cat="np">
				<edge label="DN" idref="s3_18"/>
				<edge label="H" idref="s3_19"/>
				<edge label="DN" idref="s3_511"/>
			</nt>
			<nt id="s3_511" cat="pp">
				<edge label="H" idref="s3_20"/>
				<edge label="DP" idref="s3_512"/>
			</nt>
			<nt id="s3_512" cat="np">
				<edge label="DN" idref="s3_21"/>
				<edge label="DN" idref="s3_22"/>
				<edge label="H" idref="s3_23"/>
			</nt>
		</nonterminals>
	</graph>
</s>

<s id="s4" ref="4" source="Running text" forest="1" text="o produto deu problem com number dias de uso, ate hoje sofro com o atendimento, ou melhor falta de ele.">
	<graph root="s4_500">
		<terminals>
			<t id="s4_1" word="o" lemma="o" pos="art" morph="M S" extra="--"/>
			<t id="s4_2" word="produto" lemma="produto" pos="n" morph="M S" sem="cc-h mon ac-cat" extra="--"/>
			<t id="s4_3" word="deu" lemma="dar" pos="v-fin" morph="PS 3S IND VFIN" extra="nosubj nosubj nosubj nosubj cjt-head cjt-head-STA fmc mv"/>
			<t id="s4_4" word="problem" lemma="probler" pos="v-fin" morph="PR 3P IND VFIN" extra="nosubj nosubj cjt-STA heur fmc mv"/>
			<t id="s4_5" word="com" lemma="com" pos="prp" morph="--" extra="--"/>
			<t id="s4_6" word="number" lemma="number" pos="n" morph="M S" extra="heur"/>
			<t id="s4_7" word="dias" lemma="dia" pos="n" morph="M P" sem="temp dur per unit" extra="--"/>
			<t id="s4_8" word="de" lemma="de" pos="prp" morph="--" extra="np-close"/>
			<t id="s4_9" word="uso" lemma="uso" pos="n" morph="M S" sem="act ac" extra="--"/>
			<t id="s4_10" word="," lemma="--" pos="pu" morph="--" extra="--"/>
			<t id="s4_11" word="ate" lemma="atar" pos="v-fin" morph="PR 3S SUBJ VFIN" extra="nosubj nosubj cjt-STA vH fmc mv"/>
			<t id="s4_12" word="hoje" lemma="hoje" pos="adv" morph="--" extra="--"/>
			<t id="s4_13" word="sofro" lemma="sofrer" pos="v-fin" morph="PR 1S IND VFIN" extra="nosubj nosubj cjt-STA vH fmc mv"/>
			<t id="s4_14" word="com" lemma="com" pos="prp" morph="--" extra="--"/>
			<t id="s4_15" word="o" lemma="o" pos="art" morph="M S" extra="--"/>
			<t id="s4_16" word="atendimento" lemma="atendimento" pos="n" morph="M S" sem="act" extra="--"/>
			<t id="s4_17" word="," lemma="--" pos="pu" morph="--" extra="--"/>
			<t id="s4_18" word="ou" lemma="ou" pos="conj-c" morph="--" extra="--"/>
			<t id="s4_19" word="melhor" lemma="bom" pos="adj" morph="F S" extra="KOMP SUP"/>
			<t id="s4_20" word="falta" lemma="falta" pos="n" morph="F S" sem="f-c sit event" extra="np-close"/>
			<t id="s4_21" word="de" lemma="de" pos="prp" morph="--" extra="sam- np-close"/>
			<t id="s4_22" word="ele" lemma="ele" pos="pron-pers" morph="M 3S NOM/PIV" extra="-sam"/>
			<t id="s4_23" word="." lemma="--" pos="pu" morph="--" extra="--"/>
		</terminals>

		<nonterminals>
			<nt id="s4_500" cat="s">
				<edge label="STA" idref="s4_501"/>
			</nt>
			<nt id="s4_501" cat="par">
				<edge label="CJT" idref="s4_502"/>
				<edge label="CJT" idref="s4_504"/>
				<edge label="CJT" idref="s4_506"/>
				<edge label="CJT" idref="s4_509"/>
				<edge label="PU" idref="s4_23"/>
			</nt>
			<nt id="s4_502" cat="fcl">
				<edge label="S" idref="s4_503"/>
				<edge label="P" idref="s4_3"/>
			</nt>
			<nt id="s4_503" cat="np">
				<edge label="DN" idref="s4_1"/>
				<edge label="H" idref="s4_2"/>
			</nt>
			<nt id="s4_504" cat="x">
				<edge label="P" idref="s4_4"/>
				<edge label="fA" idref="s4_505"/>
			</nt>
			<nt id="s4_505" cat="pp">
				<edge label="H" idref="s4_5"/>
				<edge label="DP" idref="s4_6"/>
			</nt>
			<nt id="s4_506" cat="x">
				<edge label="fCs" idref="s4_507"/>
				<edge label="PU" idref="s4_10"/>
				<edge label="P" idref="s4_11"/>
				<edge label="fA" idref="s4_12"/>
			</nt>
			<nt id="s4_507" cat="np">
				<edge label="H" idref="s4_7"/>
				<edge label="DN" idref="s4_508"/>
			</nt>
			<nt id="s4_508" cat="pp">
				<edge label="H" idref="s4_8"/>
				<edge label="DP" idref="s4_9"/>
			</nt>
			<nt id="s4_509" cat="x">
				<edge label="P" idref="s4_13"/>
				<edge label="Op" idref="s4_510"/>
			</nt>
			<nt id="s4_510" cat="pp">
				<edge label="H" idref="s4_14"/>
				<edge label="DP" idref="s4_511"/>
			</nt>
			<nt id="s4_511" cat="np">
				<edge label="DN" idref="s4_15"/>
				<edge label="H" idref="s4_16"/>
				<edge label="PU" idref="s4_17"/>
				<edge label="DNc" idref="s4_512"/>
			</nt>
			<nt id="s4_512" cat="np">
				<edge label="CO" idref="s4_18"/>
				<edge label="DN" idref="s4_19"/>
				<edge label="H" idref="s4_20"/>
				<edge label="DN" idref="s4_513"/>
			</nt>
			<nt id="s4_513" cat="pp">
				<edge label="H" idref="s4_21"/>
				<edge label="DP" idref="s4_22"/>
			</nt>
		</nonterminals>
	</graph>
</s>

<s id="s5" ref="5" source="Running text" forest="1" text="esta empresinha chinesa não merece ter nenhum produto comprado por brasileiros.">
	<graph root="s5_500">
		<terminals>
			<t id="s5_1" word="esta" lemma="este" pos="pron-dem" morph="DET F S" extra="dem"/>
			<t id="s5_2" word="empresinha" lemma="empresinha" pos="n" morph="F S" extra="DERS"/>
			<t id="s5_3" word="chinesa" lemma="chinês" pos="adj" morph="F S" extra="nat np-close"/>
			<t id="s5_4" word="não" lemma="não" pos="adv" morph="--" extra="--"/>
			<t id="s5_5" word="merece" lemma="merecer" pos="v-fin" morph="PR 3S IND VFIN" extra="vH fmc mv"/>
			<t id="s5_6" word="ter" lemma="ter" pos="v-inf" morph="--" extra="mv"/>
			<t id="s5_7" word="nenhum" lemma="nenhum" pos="pron-indef" morph="DET M S" extra="quant"/>
			<t id="s5_8" word="produto" lemma="produto" pos="n" morph="M S" sem="cc-h mon ac-cat" extra="--"/>
			<t id="s5_9" word="comprado" lemma="comprar" pos="v-pcp" morph="M S" extra="vH np-close"/>
			<t id="s5_10" word="por" lemma="por" pos="prp" morph="--" extra="--"/>
			<t id="s5_11" word="brasileiros" lemma="brasileiro" pos="n" morph="M P" sem="Hnat" extra="--"/>
			<t id="s5_12" word="." lemma="--" pos="pu" morph="--" extra="--"/>
		</terminals>

		<nonterminals>
			<nt id="s5_500" cat="s">
				<edge label="STA" idref="s5_501"/>
			</nt>
			<nt id="s5_501" cat="fcl">
				<edge label="S" idref="s5_502"/>
				<edge label="fA" idref="s5_4"/>
				<edge label="P" idref="s5_5"/>
				<edge label="Od" idref="s5_503"/>
				<edge label="PU" idref="s5_12"/>
			</nt>
			<nt id="s5_502" cat="np">
				<edge label="DN" idref="s5_1"/>
				<edge label="H" idref="s5_2"/>
				<edge label="DN" idref="s5_3"/>
			</nt>
			<nt id="s5_503" cat="icl">
				<edge label="P" idref="s5_6"/>
				<edge label="Od" idref="s5_504"/>
				<edge label="Op" idref="s5_505"/>
			</nt>
			<nt id="s5_504" cat="np">
				<edge label="DN" idref="s5_7"/>
				<edge label="H" idref="s5_8"/>
				<edge label="DN" idref="s5_9"/>
			</nt>
			<nt id="s5_505" cat="pp">
				<edge label="H" idref="s5_10"/>
				<edge label="DP" idref="s5_11"/>
			</nt>
		</nonterminals>
	</graph>
</s>

<s id="s6" ref="6" source="Running text" forest="1" text="fujam desta marquinha de me.">
	<graph root="s6_500">
		<terminals>
			<t id="s6_1" word="fujam" lemma="fugir" pos="v-fin" morph="PR 3P SUBJ VFIN" extra="vH fmc mv"/>
			<t id="s6_2" word="de" lemma="de" pos="prp" morph="--" extra="sam-"/>
			<t id="s6_3" word="esta" lemma="este" pos="pron-dem" morph="DET F S" extra="-sam dem"/>
			<t id="s6_4" word="marquinha" lemma="marquinha" pos="n" morph="F S" extra="DERS"/>
			<t id="s6_5" word="de" lemma="de" pos="prp" morph="--" extra="--"/>
			<t id="s6_6" word="me" lemma="eu" pos="pron-pers" morph="M/F 1S DAT" extra="refl"/>
			<t id="s6_7" word="." lemma="--" pos="pu" morph="--" extra="--"/>
		</terminals>

		<nonterminals>
			<nt id="s6_500" cat="s">
				<edge label="STA" idref="s6_501"/>
			</nt>
			<nt id="s6_501" cat="fcl">
				<edge label="P" idref="s6_1"/>
				<edge label="fA" idref="s6_502"/>
				<edge label="As" idref="s6_5"/>
				<edge label="Oi" idref="s6_6"/>
				<edge label="PU" idref="s6_7"/>
			</nt>
			<nt id="s6_502" cat="pp">
				<edge label="H" idref="s6_2"/>
				<edge label="DP" idref="s6_503"/>
			</nt>
			<nt id="s6_503" cat="np">
				<edge label="DN" idref="s6_3"/>
				<edge label="H" idref="s6_4"/>
			</nt>
		</nonterminals>
	</graph>
</s>

<s id="s7" ref="7" source="Running text" forest="1" text="cerda..">
	<graph root="s7_500">
		<terminals>
			<t id="s7_1" word="cerda" lemma="cerda" pos="n" morph="F S" sem="anzo" extra="--"/>
			<t id="s7_2" word="." lemma="--" pos="pu" morph="--" extra="--"/>
			<t id="s7_3" word="." lemma="--" pos="pu" morph="--" extra="--"/>
		</terminals>

		<nonterminals>
			<nt id="s7_500" cat="s">
				<edge label="UTT" idref="s7_501"/>
			</nt>
			<nt id="s7_501" cat="x">
				<edge label="X" idref="s7_1"/>
				<edge label="PU" idref="s7_2"/>
				<edge label="PU" idref="s7_3"/>
			</nt>
		</nonterminals>
	</graph>
</s>

	</body>
</corpus>
