<?xml version="1.0" encoding="UTF-8"?>
<corpus>

	<body>
<s id="s1" ref="1" source="Running text" forest="1" text="é sem dúvida um dos melhores adutores disponíveis atualmente no mercado mundial.">
	<graph root="s1_500">
		<terminals>
			<t id="s1_1" word="é" lemma="ser" pos="v-fin" morph="PR 3S IND VFIN" extra="vK fmc mv"/>
			<t id="s1_2" word="sem" lemma="sem" pos="prp" morph="--" extra="--"/>
			<t id="s1_3" word="dúvida" lemma="dúvida" pos="n" morph="F S" sem="sem-c state-h" extra="--"/>
			<t id="s1_4" word="um" lemma="um" pos="num" morph="M S" extra="card"/>
			<t id="s1_5" word="de" lemma="de" pos="prp" morph="--" extra="sam- np-close"/>
			<t id="s1_6" word="os" lemma="o" pos="art" morph="M P" extra="-sam "/>
			<t id="s1_7" word="melhores" lemma="bom" pos="adj" morph="M P" extra="KOMP SUP"/>
			<t id="s1_8" word="adutores" lemma="adutor" pos="n" morph="M P" sem="anmov" extra="--"/>
			<t id="s1_9" word="disponíveis" lemma="disponível" pos="adj" morph="M P" extra="nh np-close"/>
			<t id="s1_10" word="atualmente" lemma="atualmente" pos="adv" morph="--" extra="--"/>
			<t id="s1_11" word="em" lemma="em" pos="prp" morph="--" extra="sam-"/>
			<t id="s1_12" word="o" lemma="o" pos="art" morph="M S" extra="-sam "/>
			<t id="s1_13" word="mercado" lemma="mercado" pos="n" morph="M S" sem="inst" extra="--"/>
			<t id="s1_14" word="mundial" lemma="mundial" pos="adj" morph="M S" extra="nh np-close"/>
			<t id="s1_15" word="." lemma="--" pos="pu" morph="--" extra="--"/>
		</terminals>

		<nonterminals>
			<nt id="s1_500" cat="s">
				<edge label="STA" idref="s1_501"/>
			</nt>
			<nt id="s1_501" cat="fcl">
				<edge label="P" idref="s1_1"/>
				<edge label="Cs" idref="s1_502"/>
				<edge label="S" idref="s1_4"/>
				<edge label="fA" idref="s1_10"/>
				<edge label="fA" idref="s1_506"/>
				<edge label="PU" idref="s1_15"/>
			</nt>
			<nt id="s1_502" cat="pp">
				<edge label="H" idref="s1_2"/>
				<edge label="DP" idref="s1_503"/>
			</nt>
			<nt id="s1_503" cat="np">
				<edge label="H" idref="s1_3"/>
				<edge label="DN" idref="s1_504"/>
			</nt>
			<nt id="s1_504" cat="pp">
				<edge label="H" idref="s1_5"/>
				<edge label="DP" idref="s1_505"/>
			</nt>
			<nt id="s1_505" cat="np">
				<edge label="DN" idref="s1_6"/>
				<edge label="DN" idref="s1_7"/>
				<edge label="H" idref="s1_8"/>
				<edge label="DN" idref="s1_9"/>
			</nt>
			<nt id="s1_506" cat="pp">
				<edge label="H" idref="s1_11"/>
				<edge label="DP" idref="s1_507"/>
			</nt>
			<nt id="s1_507" cat="np">
				<edge label="DN" idref="s1_12"/>
				<edge label="H" idref="s1_13"/>
				<edge label="DN" idref="s1_14"/>
			</nt>
		</nonterminals>
	</graph>
</s>

<s id="s2" ref="2" source="Running text" forest="1" text="pena que a fabricante ainda não tem previsão de venda no brasil.">
	<graph root="s2_500">
		<terminals>
			<t id="s2_1" word="pena" lemma="pena" pos="intj" morph="--" extra="--"/>
			<t id="s2_2" word="que" lemma="que" pos="conj-s" morph="--" extra="clb"/>
			<t id="s2_3" word="a" lemma="o" pos="art" morph="F S" extra="--"/>
			<t id="s2_4" word="fabricante" lemma="fabricante" pos="n" morph="F S" sem="Hprof" extra="--"/>
			<t id="s2_5" word="ainda" lemma="ainda" pos="adv" morph="--" extra="--"/>
			<t id="s2_6" word="não" lemma="não" pos="adv" morph="--" extra="--"/>
			<t id="s2_7" word="tem" lemma="ter" pos="v-fin" morph="PR 3S IND VFIN" extra="fmc mv"/>
			<t id="s2_8" word="previsão" lemma="previsão" pos="n" morph="F S" sem="sem-s sem-w" extra="--"/>
			<t id="s2_9" word="de" lemma="de" pos="prp" morph="--" extra="np-close"/>
			<t id="s2_10" word="venda" lemma="venda" pos="n" morph="F S" sem="act inst cloH" extra="--"/>
			<t id="s2_11" word="em" lemma="em" pos="prp" morph="--" extra="sam-"/>
			<t id="s2_12" word="o" lemma="o" pos="art" morph="M S" extra="-sam "/>
			<t id="s2_13" word="brasil" lemma="brasil" pos="adj" morph="M S" extra="n DERS jh"/>
			<t id="s2_14" word="." lemma="--" pos="pu" morph="--" extra="--"/>
		</terminals>

		<nonterminals>
			<nt id="s2_500" cat="s">
				<edge label="fA" idref="s2_501"/>
			</nt>
			<nt id="s2_501" cat="x">
				<edge label="H" idref="s2_1"/>
				<edge label="STA" idref="s2_502"/>
				<edge label="PU" idref="s2_14"/>
			</nt>
			<nt id="s2_502" cat="fcl">
				<edge label="SUB" idref="s2_2"/>
				<edge label="S" idref="s2_503"/>
				<edge label="fA" idref="s2_504"/>
				<edge label="P" idref="s2_7"/>
				<edge label="Od" idref="s2_505"/>
				<edge label="fA" idref="s2_507"/>
			</nt>
			<nt id="s2_503" cat="np">
				<edge label="DN" idref="s2_3"/>
				<edge label="H" idref="s2_4"/>
			</nt>
			<nt id="s2_504" cat="advp">
				<edge label="DA" idref="s2_5"/>
				<edge label="H" idref="s2_6"/>
			</nt>
			<nt id="s2_505" cat="np">
				<edge label="H" idref="s2_8"/>
				<edge label="DN" idref="s2_506"/>
			</nt>
			<nt id="s2_506" cat="pp">
				<edge label="H" idref="s2_9"/>
				<edge label="DP" idref="s2_10"/>
			</nt>
			<nt id="s2_507" cat="pp">
				<edge label="H" idref="s2_11"/>
				<edge label="DP" idref="s2_508"/>
			</nt>
			<nt id="s2_508" cat="np">
				<edge label="DN" idref="s2_12"/>
				<edge label="H" idref="s2_13"/>
			</nt>
		</nonterminals>
	</graph>
</s>

<s id="s3" ref="3" source="Running text" forest="1" text="para quem for comprar por aqui, tome muito cuidado pois estão vendendo réplicas desse aparelho como se fosse a original.">
	<graph root="s3_500">
		<terminals>
			<t id="s3_1" word="para" lemma="para" pos="prp" morph="--" extra="--"/>
			<t id="s3_2" word="quem" lemma="quem" pos="spec" morph="M/F S" extra="clb clb-fs rel"/>
			<t id="s3_3" word="for" lemma="ir" pos="v-fin" morph="FUT 3S SUBJ VFIN" extra="aux"/>
			<t id="s3_4" word="comprar" lemma="comprar" pos="v-inf" morph="--" extra="vH mv"/>
			<t id="s3_5" word="por_aqui" lemma="por_aqui" pos="adv" morph="--" sem="pp" extra="--"/>
			<t id="s3_6" word="," lemma="--" pos="pu" morph="--" extra="--"/>
			<t id="s3_7" word="tome" lemma="tomar" pos="v-fin" morph="PR 3S SUBJ VFIN" extra="nosubj nosubj cjt-head cjt-head-STA vH fmc mv"/>
			<t id="s3_8" word="muito" lemma="muito" pos="adv" morph="--" extra="quant"/>
			<t id="s3_9" word="cuidado" lemma="cuidado" pos="adj" morph="M S" extra="--"/>
			<t id="s3_10" word="pois" lemma="pois" pos="adv" morph="--" extra="kc"/>
			<t id="s3_11" word="estão" lemma="estar" pos="v-fin" morph="PR 3P IND VFIN" extra="clb-fs aux"/>
			<t id="s3_12" word="vendendo" lemma="vender" pos="v-ger" morph="--" extra="clb vH mv"/>
			<t id="s3_13" word="réplicas" lemma="réplica" pos="n" morph="F P" sem="sem-s" extra="--"/>
			<t id="s3_14" word="de" lemma="de" pos="prp" morph="--" extra="sam- np-close"/>
			<t id="s3_15" word="esse" lemma="esse" pos="pron-dem" morph="DET M S" extra="dem -sam"/>
			<t id="s3_16" word="aparelho" lemma="aparelho" pos="n" morph="M S" sem="tool" extra="--"/>
			<t id="s3_17" word="como_se" lemma="como_se" pos="conj-s" morph="--" extra="clb"/>
			<t id="s3_18" word="fosse" lemma="ir" pos="v-fin" morph="IMPF 3S SUBJ VFIN" extra="nosubj nosubj cjt-STA fmc mv"/>
			<t id="s3_19" word="a" lemma="a" pos="prp" morph="--" extra="--"/>
			<t id="s3_20" word="original" lemma="original" pos="n" morph="M S" sem="cc H" extra="--"/>
			<t id="s3_21" word="." lemma="--" pos="pu" morph="--" extra="--"/>
		</terminals>

		<nonterminals>
			<nt id="s3_500" cat="s">
				<edge label="STA" idref="s3_501"/>
			</nt>
			<nt id="s3_501" cat="par">
				<edge label="CJT" idref="s3_502"/>
				<edge label="CJT" idref="s3_512"/>
				<edge label="PU" idref="s3_21"/>
			</nt>
			<nt id="s3_502" cat="fcl">
				<edge label="As" idref="s3_503"/>
				<edge label="PU" idref="s3_6"/>
				<edge label="P" idref="s3_7"/>
				<edge label="fCs" idref="s3_506"/>
				<edge label="Od" idref="s3_507"/>
			</nt>
			<nt id="s3_503" cat="pp">
				<edge label="H" idref="s3_1"/>
				<edge label="DP" idref="s3_504"/>
			</nt>
			<nt id="s3_504" cat="fcl">
				<edge label="S" idref="s3_2"/>
				<edge label="P" idref="s3_505"/>
				<edge label="fA" idref="s3_5"/>
			</nt>
			<nt id="s3_505" cat="vp">
				<edge label="Vaux" idref="s3_3"/>
				<edge label="Vm" idref="s3_4"/>
			</nt>
			<nt id="s3_506" cat="adjp">
				<edge label="DA" idref="s3_8"/>
				<edge label="H" idref="s3_9"/>
			</nt>
			<nt id="s3_507" cat="fcl">
				<edge label="fA" idref="s3_10"/>
				<edge label="P" idref="s3_508"/>
				<edge label="Od" idref="s3_509"/>
			</nt>
			<nt id="s3_508" cat="vp">
				<edge label="Vaux" idref="s3_11"/>
				<edge label="Vm" idref="s3_12"/>
			</nt>
			<nt id="s3_509" cat="np">
				<edge label="H" idref="s3_13"/>
				<edge label="DN" idref="s3_510"/>
			</nt>
			<nt id="s3_510" cat="pp">
				<edge label="H" idref="s3_14"/>
				<edge label="DP" idref="s3_511"/>
			</nt>
			<nt id="s3_511" cat="np">
				<edge label="DN" idref="s3_15"/>
				<edge label="H" idref="s3_16"/>
			</nt>
			<nt id="s3_512" cat="x">
				<edge label="SUB" idref="s3_17"/>
				<edge label="P" idref="s3_18"/>
				<edge label="fA" idref="s3_513"/>
			</nt>
			<nt id="s3_513" cat="pp">
				<edge label="H" idref="s3_19"/>
				<edge label="DP" idref="s3_20"/>
			</nt>
		</nonterminals>
	</graph>
</s>

<s id="s4" ref="4" source="Running text" forest="1" text="algumas réplicas são tão perfeitas que olhando externamente não se nota nenhuma diferença, mas internamente são bem inferiores!">
	<graph root="s4_500">
		<terminals>
			<t id="s4_1" word="algumas" lemma="algum" pos="pron-indef" morph="DET F P" extra="quant"/>
			<t id="s4_2" word="réplicas" lemma="réplica" pos="n" morph="F P" sem="sem-s" extra="--"/>
			<t id="s4_3" word="são" lemma="ser" pos="v-fin" morph="PR 3P IND VFIN" extra="cjt-head cjt-head-STA vK fmc mv"/>
			<t id="s4_4" word="tão" lemma="tão" pos="adv" morph="--" extra="dem quant KOMP"/>
			<t id="s4_5" word="perfeitas" lemma="perfeito" pos="adj" morph="F P" extra="jh"/>
			<t id="s4_6" word="que" lemma="que" pos="conj-s" morph="--" extra="clb clb-fs"/>
			<t id="s4_7" word="olhando" lemma="olhar" pos="v-ger" morph="--" extra="clb vH mv"/>
			<t id="s4_8" word="externamente" lemma="externamente" pos="adv" morph="--" extra="nh"/>
			<t id="s4_9" word="não" lemma="não" pos="adv" morph="--" extra="--"/>
			<t id="s4_10" word="se" lemma="se" pos="pron-pers" morph="M/F 3S/P ACC" extra="--"/>
			<t id="s4_11" word="nota" lemma="notar" pos="v-fin" morph="PR 3S IND VFIN" extra="vH mv"/>
			<t id="s4_12" word="nenhuma" lemma="nenhum" pos="pron-indef" morph="DET F S" extra="quant"/>
			<t id="s4_13" word="diferença" lemma="diferença" pos="n" morph="F S" sem="ac" extra="--"/>
			<t id="s4_14" word="," lemma="--" pos="pu" morph="--" extra="--"/>
			<t id="s4_15" word="mas" lemma="mas" pos="conj-c" morph="--" extra="clb"/>
			<t id="s4_16" word="internamente" lemma="internamente" pos="adv" morph="--" extra="nh"/>
			<t id="s4_17" word="são" lemma="ser" pos="v-fin" morph="PR 3P IND VFIN" extra="nosubj nosubj cjt-STA vK fmc mv"/>
			<t id="s4_18" word="bem" lemma="bem" pos="adv" morph="--" extra="quant"/>
			<t id="s4_19" word="inferiores" lemma="inferior" pos="adj" morph="M/F P" extra="KOMP SUP jh"/>
			<t id="s4_20" word="!" lemma="--" pos="pu" morph="--" extra="--"/>
		</terminals>

		<nonterminals>
			<nt id="s4_500" cat="s">
				<edge label="STA" idref="s4_501"/>
			</nt>
			<nt id="s4_501" cat="par">
				<edge label="CJT" idref="s4_502"/>
				<edge label="PU" idref="s4_14"/>
				<edge label="CO" idref="s4_15"/>
				<edge label="CJT" idref="s4_508"/>
				<edge label="PU" idref="s4_20"/>
			</nt>
			<nt id="s4_502" cat="fcl">
				<edge label="S" idref="s4_503"/>
				<edge label="P" idref="s4_3"/>
				<edge label="Cs" idref="s4_504"/>
			</nt>
			<nt id="s4_503" cat="np">
				<edge label="DN" idref="s4_1"/>
				<edge label="H" idref="s4_2"/>
			</nt>
			<nt id="s4_504" cat="adjp">
				<edge label="DA" idref="s4_4"/>
				<edge label="H" idref="s4_5"/>
				<edge label="DAcom" idref="s4_505"/>
			</nt>
			<nt id="s4_505" cat="fcl">
				<edge label="SUB" idref="s4_6"/>
				<edge label="fA" idref="s4_506"/>
				<edge label="fA" idref="s4_9"/>
				<edge label="S" idref="s4_10"/>
				<edge label="P" idref="s4_11"/>
				<edge label="Od" idref="s4_507"/>
			</nt>
			<nt id="s4_506" cat="advp">
				<edge label="P" idref="s4_7"/>
				<edge label="fA" idref="s4_8"/>
			</nt>
			<nt id="s4_507" cat="np">
				<edge label="DN" idref="s4_12"/>
				<edge label="H" idref="s4_13"/>
			</nt>
			<nt id="s4_508" cat="x">
				<edge label="fA" idref="s4_16"/>
				<edge label="P" idref="s4_17"/>
				<edge label="Cs" idref="s4_509"/>
			</nt>
			<nt id="s4_509" cat="adjp">
				<edge label="DA" idref="s4_18"/>
				<edge label="H" idref="s4_19"/>
			</nt>
		</nonterminals>
	</graph>
</s>

<s id="s5" ref="5" source="Running text" forest="1" text="observação.">
	<graph root="s5_500">
		<terminals>
			<t id="s5_1" word="observação" lemma="observação" pos="n" morph="F S" sem="act activity sem-r act-s" extra="--"/>
			<t id="s5_2" word="." lemma="--" pos="pu" morph="--" extra="--"/>
		</terminals>

		<nonterminals>
			<nt id="s5_500" cat="s">
				<edge label="UTT" idref="s5_501"/>
			</nt>
			<nt id="s5_501" cat="x">
				<edge label="X" idref="s5_1"/>
				<edge label="PU" idref="s5_2"/>
			</nt>
		</nonterminals>
	</graph>
</s>

<s id="s6" ref="6" source="Running text" forest="1" text="como ainda não foi lançado no brasil, não existe versão de menus com o idioma portugues-brasil parte-brasileiro.">
	<graph root="s6_500">
		<terminals>
			<t id="s6_1" word="como" lemma="como" pos="conj-s" morph="--" extra="clb clb-fs"/>
			<t id="s6_2" word="ainda" lemma="ainda" pos="adv" morph="--" extra="--"/>
			<t id="s6_3" word="não" lemma="não" pos="adv" morph="--" extra="--"/>
			<t id="s6_4" word="foi" lemma="ser" pos="v-fin" morph="PS 3S IND VFIN" extra="aux"/>
			<t id="s6_5" word="lançado" lemma="lançar" pos="v-pcp" morph="M S" extra="vH mv"/>
			<t id="s6_6" word="em" lemma="em" pos="prp" morph="--" extra="sam-"/>
			<t id="s6_7" word="o" lemma="o" pos="art" morph="M S" extra="-sam "/>
			<t id="s6_8" word="brasil" lemma="brasil" pos="adj" morph="M S" extra="n DERS jh"/>
			<t id="s6_9" word="," lemma="--" pos="pu" morph="--" extra="--"/>
			<t id="s6_10" word="não" lemma="não" pos="adv" morph="--" extra="--"/>
			<t id="s6_11" word="existe" lemma="existir" pos="v-fin" morph="PR 3S IND VFIN" extra="fmc mv"/>
			<t id="s6_12" word="versão" lemma="versão" pos="n" morph="F S" sem="meta sem-r" extra="--"/>
			<t id="s6_13" word="de" lemma="de" pos="prp" morph="--" extra="np-close"/>
			<t id="s6_14" word="menus" lemma="menu" pos="n" morph="M P" sem="cc-r" extra="--"/>
			<t id="s6_15" word="com" lemma="com" pos="prp" morph="--" extra="--"/>
			<t id="s6_16" word="o" lemma="o" pos="art" morph="M S" extra="--"/>
			<t id="s6_17" word="idioma" lemma="idioma" pos="n" morph="M S" sem="ling" extra="--"/>
			<t id="s6_18" word="portugues-brasil" lemma="português-brasa" pos="n" morph="M S" sem="Hnat ling" extra="--"/>
			<t id="s6_19" word="parte-brasileiro" lemma="parte-brasileiro" pos="n" morph="F S" sem="part amount L HH sem-l ac" extra="--"/>
			<t id="s6_20" word="." lemma="--" pos="pu" morph="--" extra="--"/>
		</terminals>

		<nonterminals>
			<nt id="s6_500" cat="s">
				<edge label="STA" idref="s6_501"/>
			</nt>
			<nt id="s6_501" cat="fcl">
				<edge label="fA" idref="s6_502"/>
				<edge label="PU" idref="s6_9"/>
				<edge label="fA" idref="s6_10"/>
				<edge label="P" idref="s6_11"/>
				<edge label="S" idref="s6_507"/>
				<edge label="fA" idref="s6_509"/>
				<edge label="fCs" idref="s6_18"/>
				<edge label="fCs" idref="s6_19"/>
				<edge label="PU" idref="s6_20"/>
			</nt>
			<nt id="s6_502" cat="fcl">
				<edge label="SUB" idref="s6_1"/>
				<edge label="fA" idref="s6_503"/>
				<edge label="P" idref="s6_504"/>
				<edge label="fA" idref="s6_505"/>
			</nt>
			<nt id="s6_503" cat="advp">
				<edge label="DA" idref="s6_2"/>
				<edge label="H" idref="s6_3"/>
			</nt>
			<nt id="s6_504" cat="vp">
				<edge label="Vaux" idref="s6_4"/>
				<edge label="Vm" idref="s6_5"/>
			</nt>
			<nt id="s6_505" cat="pp">
				<edge label="H" idref="s6_6"/>
				<edge label="DP" idref="s6_506"/>
			</nt>
			<nt id="s6_506" cat="np">
				<edge label="DN" idref="s6_7"/>
				<edge label="H" idref="s6_8"/>
			</nt>
			<nt id="s6_507" cat="np">
				<edge label="H" idref="s6_12"/>
				<edge label="DN" idref="s6_508"/>
			</nt>
			<nt id="s6_508" cat="pp">
				<edge label="H" idref="s6_13"/>
				<edge label="DP" idref="s6_14"/>
			</nt>
			<nt id="s6_509" cat="pp">
				<edge label="H" idref="s6_15"/>
				<edge label="DP" idref="s6_510"/>
			</nt>
			<nt id="s6_510" cat="np">
				<edge label="DN" idref="s6_16"/>
				<edge label="H" idref="s6_17"/>
			</nt>
		</nonterminals>
	</graph>
</s>

<s id="s7" ref="7" source="Running text" forest="1" text="se encontrar um assim saiba que é réplica, pelo menos por enquanto.">
	<graph root="s7_500">
		<terminals>
			<t id="s7_1" word="se" lemma="se" pos="pron-pers" morph="M 3S ACC" sem="coll" extra="refl"/>
			<t id="s7_2" word="encontrar" lemma="encontrar" pos="v-inf" morph="--" extra="vH mv v-pron"/>
			<t id="s7_3" word="um" lemma="um" pos="num" morph="M S" extra="card"/>
			<t id="s7_4" word="assim" lemma="assim" pos="adv" morph="--" extra="kc"/>
			<t id="s7_5" word="saiba" lemma="saber" pos="v-fin" morph="PR 1/3S SUBJ VFIN" extra="fmc mv"/>
			<t id="s7_6" word="que" lemma="que" pos="conj-s" morph="--" extra="clb clb-fs"/>
			<t id="s7_7" word="é" lemma="ser" pos="v-fin" morph="PR 3S IND VFIN" extra="vK mv"/>
			<t id="s7_8" word="réplica" lemma="réplica" pos="n" morph="F S" sem="sem-s" extra="--"/>
			<t id="s7_9" word="," lemma="--" pos="pu" morph="--" extra="--"/>
			<t id="s7_10" word="pelo_menos" lemma="pelo_menos" pos="adv" morph="--" extra="quant"/>
			<t id="s7_11" word="por_enquanto" lemma="por_enquanto" pos="adv" morph="--" sem="pp" extra="--"/>
			<t id="s7_12" word="." lemma="--" pos="pu" morph="--" extra="--"/>
		</terminals>

		<nonterminals>
			<nt id="s7_500" cat="s">
				<edge label="STA" idref="s7_501"/>
			</nt>
			<nt id="s7_501" cat="fcl">
				<edge label="Od" idref="s7_502"/>
				<edge label="P" idref="s7_5"/>
				<edge label="Od" idref="s7_503"/>
				<edge label="PU" idref="s7_12"/>
			</nt>
			<nt id="s7_502" cat="fcl">
				<edge label="Od" idref="s7_1"/>
				<edge label="P" idref="s7_2"/>
				<edge label="S" idref="s7_3"/>
				<edge label="fA" idref="s7_4"/>
			</nt>
			<nt id="s7_503" cat="fcl">
				<edge label="SUB" idref="s7_6"/>
				<edge label="P" idref="s7_7"/>
				<edge label="Cs" idref="s7_8"/>
				<edge label="PU" idref="s7_9"/>
				<edge label="fA" idref="s7_10"/>
				<edge label="fA" idref="s7_11"/>
			</nt>
		</nonterminals>
	</graph>
</s>

<s id="s8" ref="8" source="Running text" forest="1" text="o que gostei processador 1 ghz um dos únicos com tal capacidade, tela de number �com number 6m ilhões de cores, multitouch e excelente sensibilidade ao toque, 3g, quadriband, windows mobile number para o, gps, wi-fi, conexão rápida com a internet até number, 2m bps, camera 5m px com zoom digital, auto focus e flash dual led.">
	<graph root="s8_500">
		<terminals>
			<t id="s8_1" word="o" lemma="o" pos="pron-dem" morph="DET M S" extra="dem"/>
			<t id="s8_2" word="que" lemma="que" pos="spec" morph="M S" extra="clb clb-fs rel"/>
			<t id="s8_3" word="gostei" lemma="gostar" pos="v-fin" morph="PS 1S IND VFIN" extra="vH mv np-close"/>
			<t id="s8_4" word="processador" lemma="processador" pos="n" morph="M S" sem="mach" extra="clb"/>
			<t id="s8_5" word="1" lemma="1" pos="num" morph="M S" extra="clb card"/>
			<t id="s8_6" word="ghz" lemma="ghz" pos="n" morph="M S" extra="foreign heur"/>
			<t id="s8_7" word="um" lemma="um" pos="num" morph="M S" extra="clb card"/>
			<t id="s8_8" word="de" lemma="de" pos="prp" morph="--" extra="sam- np-close"/>
			<t id="s8_9" word="os" lemma="o" pos="art" morph="M P" extra="-sam "/>
			<t id="s8_10" word="únicos" lemma="único" pos="adj" morph="M P" extra="n jh"/>
			<t id="s8_11" word="com" lemma="com" pos="prp" morph="--" extra="np-close"/>
			<t id="s8_12" word="tal" lemma="tal" pos="pron-indef" morph="DET F S" extra="diff KOMP"/>
			<t id="s8_13" word="capacidade" lemma="capacidade" pos="n" morph="F S &lt;percep-f&gt;" sem="am percep-f" extra="cjt-head cjt-head-DP F S"/>
			<t id="s8_14" word="," lemma="--" pos="pu" morph="--" extra="--"/>
			<t id="s8_15" word="tela" lemma="tela" pos="n" morph="F S" sem="cc-h pict mat-cloth" extra="cjt-DP"/>
			<t id="s8_16" word="de" lemma="de" pos="prp" morph="--" extra="np-close"/>
			<t id="s8_17" word="number" lemma="number" pos="v-inf" morph="--" extra="heur mv"/>
			<t id="s8_18" word="&quot;" lemma="--" pos="pu" morph="--" extra="--"/>
			<t id="s8_19" word="com" lemma="com" pos="prp" morph="--" extra="--"/>
			<t id="s8_20" word="number" lemma="number" pos="n" morph="M S" extra="heur"/>
			<t id="s8_21" word="6m" lemma="6m" pos="num" morph="M P" extra="card"/>
			<t id="s8_22" word="ilhões" lemma="ilhão" pos="n" morph="M P" extra="cjt-head cjt-head-Od DERS"/>
			<t id="s8_23" word="de" lemma="de" pos="prp" morph="--" extra="np-close"/>
			<t id="s8_24" word="cores" lemma="cor" pos="n" morph="F P" sem="f-c" extra="cjt-head cjt-head-DP"/>
			<t id="s8_25" word="," lemma="--" pos="pu" morph="--" extra="--"/>
			<t id="s8_26" word="multitouch" lemma="multitouch" pos="n" morph="M S" extra="cjt-DP heur"/>
			<t id="s8_27" word="e" lemma="e" pos="conj-c" morph="--" extra="--"/>
			<t id="s8_28" word="excelente" lemma="excelente" pos="adj" morph="F S" extra="--"/>
			<t id="s8_29" word="sensibilidade" lemma="sensibilidade" pos="n" morph="F S" sem="f-psych" extra="cjt-DP"/>
			<t id="s8_30" word="a" lemma="a" pos="prp" morph="--" extra="sam-"/>
			<t id="s8_31" word="o" lemma="o" pos="art" morph="M S" extra="-sam "/>
			<t id="s8_32" word="toque" lemma="toque" pos="n" morph="M S" sem="act-d percep-l" extra="--"/>
			<t id="s8_33" word="," lemma="--" pos="pu" morph="--" extra="--"/>
			<t id="s8_34" word="3g" lemma="3g" pos="num" morph="M/F P" extra="cjt-Od card"/>
			<t id="s8_35" word="," lemma="--" pos="pu" morph="--" extra="--"/>
			<t id="s8_36" word="quadriband" lemma="quadriband" pos="n" morph="M S" sem="HH" extra="cjt-Od DERP"/>
			<t id="s8_37" word="," lemma="--" pos="pu" morph="--" extra="--"/>
			<t id="s8_38" word="windows" lemma="window" pos="n" morph="M P" extra="cjt-Od heur foreign"/>
			<t id="s8_39" word="mobile" lemma="mobilar" pos="v-fin" morph="PR 3S SUBJ VFIN" extra="predco predco vH fmc mv"/>
			<t id="s8_40" word="number" lemma="number" pos="n" morph="M S" extra="heur"/>
			<t id="s8_41" word="para" lemma="para" pos="prp" morph="--" extra="sam-"/>
			<t id="s8_42" word="o" lemma="o" pos="art" morph="M S" extra="-sam "/>
			<t id="s8_43" word="," lemma="--" pos="pu" morph="--" extra="--"/>
			<t id="s8_44" word="gps" lemma="gps" pos="n" morph="M S" extra="foreign heur np-close"/>
			<t id="s8_45" word="," lemma="--" pos="pu" morph="--" extra="--"/>
			<t id="s8_46" word="wi-fi" lemma="wi-fer" pos="v-fin" morph="PS 1S IND VFIN" extra="cjt-STA foreign heur fmc mv"/>
			<t id="s8_47" word="," lemma="--" pos="pu" morph="--" extra="--"/>
			<t id="s8_48" word="conexão" lemma="conexão" pos="n" morph="F S" sem="ac cc" extra="cjt-head cjt-head-Od"/>
			<t id="s8_49" word="rápida" lemma="rápido" pos="adj" morph="F S" extra="adv np-close"/>
			<t id="s8_50" word="com" lemma="com" pos="prp" morph="--" extra="--"/>
			<t id="s8_51" word="a" lemma="o" pos="art" morph="F S" extra="--"/>
			<t id="s8_52" word="internet" lemma="internet" pos="n" morph="F S" sem="Labs" extra="--"/>
			<t id="s8_53" word="até" lemma="até" pos="adv" morph="--" extra="--"/>
			<t id="s8_54" word="number" lemma="number" pos="n" morph="M S" extra="cjt-Od heur"/>
			<t id="s8_55" word="," lemma="--" pos="pu" morph="--" extra="--"/>
			<t id="s8_56" word="2m" lemma="2m" pos="num" morph="M P" extra="card"/>
			<t id="s8_57" word="bps" lemma="bps" pos="n" morph="M P" sem="unit" extra="cjt-Od"/>
			<t id="s8_58" word="," lemma="--" pos="pu" morph="--" extra="--"/>
			<t id="s8_59" word="camera" lemma="c�=mara" pos="n" morph="F S" sem="Lh HH" extra="cjt-Od"/>
			<t id="s8_60" word="5m" lemma="5m" pos="num" morph="M/F P" extra="card"/>
			<t id="s8_61" word="px" lemma="px" pos="n" morph="M/F S" extra="cjt-Od foreign"/>
			<t id="s8_62" word="com" lemma="com" pos="prp" morph="--" extra="--"/>
			<t id="s8_63" word="zoom" lemma="zoom" pos="n" morph="M S" sem="f-q" extra="--"/>
			<t id="s8_64" word="digital" lemma="digital" pos="adj" morph="M S" extra="nh np-close"/>
			<t id="s8_65" word="," lemma="--" pos="pu" morph="--" extra="--"/>
			<t id="s8_66" word="auto" lemma="auto" pos="n" morph="M S" sem="occ V sem-r temp" extra="cjt-Od"/>
			<t id="s8_67" word="focus" lemma="focu" pos="n" morph="M P" extra="cjt-Od heur"/>
			<t id="s8_68" word="e" lemma="e" pos="conj-c" morph="--" extra="--"/>
			<t id="s8_69" word="flash" lemma="flash" pos="n" morph="M S" sem="tool" extra="cjt-Od"/>
			<t id="s8_70" word="dual" lemma="dual" pos="adj" morph="M S" extra="nh np-close"/>
			<t id="s8_71" word="led" lemma="led" pos="n" morph="M S" sem="cc-light" extra="cjt-Od"/>
			<t id="s8_72" word="." lemma="--" pos="pu" morph="--" extra="--"/>
		</terminals>

		<nonterminals>
			<nt id="s8_500" cat="s">
				<edge label="UTT" idref="s8_501"/>
			</nt>
			<nt id="s8_501" cat="x">
				<edge label="STA" idref="s8_502"/>
				<edge label="DN" idref="s8_503"/>
				<edge label="S" idref="s8_2"/>
				<edge label="P" idref="s8_3"/>
				<edge label="S" idref="s8_505"/>
				<edge label="S" idref="s8_7"/>
				<edge label="fA" idref="s8_520"/>
				<edge label="X" idref="s8_522"/>
				<edge label="PU" idref="s8_72"/>
			</nt>
			<nt id="s8_502" cat="fcl">
				<edge label="S" idref="s8_1"/>
			</nt>
			<nt id="s8_503" cat="fcl">
				<edge label="CJT" idref="s8_504"/>
			</nt>
			<nt id="s8_504" cat="fcl">
				<edge label="S" idref="s8_4"/>
			</nt>
			<nt id="s8_505" cat="np">
				<edge label="DN" idref="s8_5"/>
				<edge label="H" idref="s8_6"/>
				<edge label="DN" idref="s8_506"/>
				<edge label="DN" idref="s8_508"/>
			</nt>
			<nt id="s8_506" cat="pp">
				<edge label="H" idref="s8_8"/>
				<edge label="DP" idref="s8_507"/>
			</nt>
			<nt id="s8_507" cat="np">
				<edge label="DN" idref="s8_9"/>
				<edge label="H" idref="s8_10"/>
			</nt>
			<nt id="s8_508" cat="pp">
				<edge label="H" idref="s8_11"/>
				<edge label="DP" idref="s8_509"/>
			</nt>
			<nt id="s8_509" cat="par">
				<edge label="CJT" idref="s8_510"/>
				<edge label="PU" idref="s8_14"/>
				<edge label="CJT" idref="s8_511"/>
			</nt>
			<nt id="s8_510" cat="np">
				<edge label="DN" idref="s8_12"/>
				<edge label="H" idref="s8_13"/>
			</nt>
			<nt id="s8_511" cat="np">
				<edge label="H" idref="s8_15"/>
				<edge label="DN" idref="s8_512"/>
			</nt>
			<nt id="s8_512" cat="pp">
				<edge label="H" idref="s8_16"/>
				<edge label="DP" idref="s8_513"/>
			</nt>
			<nt id="s8_513" cat="icl">
				<edge label="P" idref="s8_17"/>
				<edge label="PU" idref="s8_18"/>
				<edge label="fA" idref="s8_514"/>
				<edge label="Od" idref="s8_515"/>
			</nt>
			<nt id="s8_514" cat="pp">
				<edge label="H" idref="s8_19"/>
				<edge label="DP" idref="s8_20"/>
			</nt>
			<nt id="s8_515" cat="par">
				<edge label="CJT" idref="s8_516"/>
				<edge label="PU" idref="s8_33"/>
				<edge label="CJT" idref="s8_34"/>
				<edge label="PU" idref="s8_35"/>
				<edge label="CJT" idref="s8_36"/>
				<edge label="PU" idref="s8_37"/>
				<edge label="CJT" idref="s8_38"/>
			</nt>
			<nt id="s8_516" cat="np">
				<edge label="DN" idref="s8_21"/>
				<edge label="H" idref="s8_22"/>
				<edge label="DN" idref="s8_517"/>
			</nt>
			<nt id="s8_517" cat="pp">
				<edge label="H" idref="s8_23"/>
				<edge label="DP" idref="s8_518"/>
			</nt>
			<nt id="s8_518" cat="par">
				<edge label="CJT" idref="s8_24"/>
				<edge label="PU" idref="s8_25"/>
				<edge label="CJT" idref="s8_26"/>
				<edge label="CO" idref="s8_27"/>
				<edge label="CJT" idref="s8_519"/>
			</nt>
			<nt id="s8_519" cat="np">
				<edge label="DN" idref="s8_28"/>
				<edge label="H" idref="s8_29"/>
			</nt>
			<nt id="s8_520" cat="pp">
				<edge label="H" idref="s8_30"/>
				<edge label="DP" idref="s8_521"/>
			</nt>
			<nt id="s8_521" cat="np">
				<edge label="DN" idref="s8_31"/>
				<edge label="H" idref="s8_32"/>
			</nt>
			<nt id="s8_522" cat="par">
				<edge label="CJT" idref="s8_523"/>
				<edge label="PU" idref="s8_45"/>
				<edge label="CJT" idref="s8_526"/>
			</nt>
			<nt id="s8_523" cat="x">
				<edge label="P" idref="s8_39"/>
				<edge label="S" idref="s8_524"/>
				<edge label="fA" idref="s8_41"/>
			</nt>
			<nt id="s8_524" cat="np">
				<edge label="H" idref="s8_40"/>
				<edge label="DNc" idref="s8_525"/>
			</nt>
			<nt id="s8_525" cat="np">
				<edge label="DN" idref="s8_42"/>
				<edge label="PU" idref="s8_43"/>
				<edge label="H" idref="s8_44"/>
			</nt>
			<nt id="s8_526" cat="fcl">
				<edge label="P" idref="s8_46"/>
				<edge label="PU" idref="s8_47"/>
				<edge label="Od" idref="s8_527"/>
				<edge label="fA" idref="s8_529"/>
				<edge label="fA" idref="s8_534"/>
			</nt>
			<nt id="s8_527" cat="par">
				<edge label="CJT" idref="s8_528"/>
			</nt>
			<nt id="s8_528" cat="np">
				<edge label="H" idref="s8_48"/>
				<edge label="DN" idref="s8_49"/>
			</nt>
			<nt id="s8_529" cat="pp">
				<edge label="H" idref="s8_50"/>
				<edge label="DP" idref="s8_530"/>
				<edge label="CJT" idref="s8_531"/>
				<edge label="PU" idref="s8_55"/>
				<edge label="CJT" idref="s8_532"/>
				<edge label="PU" idref="s8_58"/>
				<edge label="CJT" idref="s8_59"/>
				<edge label="CJT" idref="s8_533"/>
			</nt>
			<nt id="s8_530" cat="np">
				<edge label="DN" idref="s8_51"/>
				<edge label="H" idref="s8_52"/>
			</nt>
			<nt id="s8_531" cat="np">
				<edge label="DN" idref="s8_53"/>
				<edge label="H" idref="s8_54"/>
			</nt>
			<nt id="s8_532" cat="np">
				<edge label="DN" idref="s8_56"/>
				<edge label="H" idref="s8_57"/>
			</nt>
			<nt id="s8_533" cat="np">
				<edge label="DN" idref="s8_60"/>
				<edge label="H" idref="s8_61"/>
			</nt>
			<nt id="s8_534" cat="pp">
				<edge label="H" idref="s8_62"/>
				<edge label="DP" idref="s8_535"/>
				<edge label="PU" idref="s8_65"/>
				<edge label="CJT" idref="s8_66"/>
				<edge label="CJT" idref="s8_67"/>
				<edge label="CJT" idref="s8_536"/>
				<edge label="CJT" idref="s8_71"/>
			</nt>
			<nt id="s8_535" cat="np">
				<edge label="H" idref="s8_63"/>
				<edge label="DN" idref="s8_64"/>
			</nt>
			<nt id="s8_536" cat="np">
				<edge label="DN" idref="s8_537"/>
				<edge label="H" idref="s8_69"/>
				<edge label="-DN" idref="s8_70"/>
			</nt>
			<nt id="s8_537" cat="adjp">
				<edge label="CO" idref="s8_68"/>
			</nt>
		</nonterminals>
	</graph>
</s>

<s id="s9" ref="9" source="Running text" forest="1" text="e o primeiro htc com o htc sense que melhora a utilização das funções touch, principalmente com a digitação no teclado qwert no display.">
	<graph root="s9_500">
		<terminals>
			<t id="s9_1" word="e" lemma="e" pos="conj-c" morph="--" extra="--"/>
			<t id="s9_2" word="o" lemma="o" pos="art" morph="M S" extra="--"/>
			<t id="s9_3" word="primeiro" lemma="primeiro" pos="adj" morph="M S" extra="NUM-ord"/>
			<t id="s9_4" word="htc" lemma="htc" pos="n" morph="M S" extra="foreign heur"/>
			<t id="s9_5" word="com" lemma="com" pos="prp" morph="--" extra="np-close"/>
			<t id="s9_6" word="o" lemma="o" pos="art" morph="M S" extra="--"/>
			<t id="s9_7" word="htc" lemma="htc" pos="n" morph="M S" extra="foreign heur"/>
			<t id="s9_8" word="sense" lemma="senser" pos="v-fin" morph="PR 3S IND VFIN" extra="heur fmc mv"/>
			<t id="s9_9" word="que" lemma="que" pos="conj-s" morph="--" extra="clb clb-fs"/>
			<t id="s9_10" word="melhora" lemma="melhorar" pos="v-fin" morph="PR 3S IND VFIN" extra="mv"/>
			<t id="s9_11" word="a" lemma="o" pos="art" morph="F S" extra="--"/>
			<t id="s9_12" word="utilização" lemma="utilização" pos="n" morph="F S" sem="act" extra="cjt-head cjt-head-Od"/>
			<t id="s9_13" word="de" lemma="de" pos="prp" morph="--" extra="sam- np-close"/>
			<t id="s9_14" word="as" lemma="o" pos="art" morph="F P" extra="-sam "/>
			<t id="s9_15" word="funções" lemma="função" pos="n" morph="F P" sem="ac pos-soc occ" extra="--"/>
			<t id="s9_16" word="touch" lemma="touch" pos="n" morph="M S" extra="cjt-Od heur"/>
			<t id="s9_17" word="," lemma="--" pos="pu" morph="--" extra="--"/>
			<t id="s9_18" word="principalmente" lemma="principalmente" pos="adv" morph="--" extra="--"/>
			<t id="s9_19" word="com" lemma="com" pos="prp" morph="--" extra="--"/>
			<t id="s9_20" word="a" lemma="o" pos="art" morph="F S" extra="--"/>
			<t id="s9_21" word="digitação" lemma="digitação" pos="n" morph="F S" sem="activity" extra="--"/>
			<t id="s9_22" word="em" lemma="em" pos="prp" morph="--" extra="sam-"/>
			<t id="s9_23" word="o" lemma="o" pos="art" morph="M S" extra="-sam "/>
			<t id="s9_24" word="teclado" lemma="teclado" pos="n" morph="M S" sem="cc-h mach" extra="--"/>
			<t id="s9_25" word="qwert" lemma="qwert" pos="n" morph="M S" extra="cjt-Od foreign heur"/>
			<t id="s9_26" word="em" lemma="em" pos="prp" morph="--" extra="sam- np-close"/>
			<t id="s9_27" word="o" lemma="o" pos="art" morph="M S" extra="-sam "/>
			<t id="s9_28" word="display" lemma="display" pos="n" morph="M S" sem="furn" extra="--"/>
			<t id="s9_29" word="." lemma="--" pos="pu" morph="--" extra="--"/>
		</terminals>

		<nonterminals>
			<nt id="s9_500" cat="s">
				<edge label="STA" idref="s9_501"/>
			</nt>
			<nt id="s9_501" cat="fcl">
				<edge label="S" idref="s9_502"/>
				<edge label="P" idref="s9_8"/>
				<edge label="Od" idref="s9_505"/>
				<edge label="PU" idref="s9_29"/>
			</nt>
			<nt id="s9_502" cat="np">
				<edge label="DN" idref="s9_503"/>
				<edge label="DN" idref="s9_2"/>
				<edge label="DN" idref="s9_3"/>
				<edge label="H" idref="s9_4"/>
				<edge label="-DN" idref="s9_5"/>
			</nt>
			<nt id="s9_503" cat="pp">
				<edge label="CO" idref="s9_1"/>
				<edge label="DP" idref="s9_504"/>
			</nt>
			<nt id="s9_504" cat="np">
				<edge label="DN" idref="s9_6"/>
				<edge label="H" idref="s9_7"/>
			</nt>
			<nt id="s9_505" cat="fcl">
				<edge label="SUB" idref="s9_9"/>
				<edge label="P" idref="s9_10"/>
				<edge label="Od" idref="s9_506"/>
				<edge label="PU" idref="s9_17"/>
				<edge label="fA" idref="s9_510"/>
				<edge label="fA" idref="s9_512"/>
			</nt>
			<nt id="s9_506" cat="par">
				<edge label="CJT" idref="s9_507"/>
				<edge label="CJT" idref="s9_16"/>
			</nt>
			<nt id="s9_507" cat="np">
				<edge label="DN" idref="s9_11"/>
				<edge label="H" idref="s9_12"/>
				<edge label="DN" idref="s9_508"/>
			</nt>
			<nt id="s9_508" cat="pp">
				<edge label="H" idref="s9_13"/>
				<edge label="DP" idref="s9_509"/>
			</nt>
			<nt id="s9_509" cat="np">
				<edge label="DN" idref="s9_14"/>
				<edge label="H" idref="s9_15"/>
			</nt>
			<nt id="s9_510" cat="pp">
				<edge label="DPmod" idref="s9_18"/>
				<edge label="H" idref="s9_19"/>
				<edge label="DP" idref="s9_511"/>
			</nt>
			<nt id="s9_511" cat="np">
				<edge label="DN" idref="s9_20"/>
				<edge label="H" idref="s9_21"/>
			</nt>
			<nt id="s9_512" cat="pp">
				<edge label="H" idref="s9_22"/>
				<edge label="DP" idref="s9_513"/>
				<edge label="CJT" idref="s9_514"/>
			</nt>
			<nt id="s9_513" cat="np">
				<edge label="DN" idref="s9_23"/>
				<edge label="H" idref="s9_24"/>
			</nt>
			<nt id="s9_514" cat="np">
				<edge label="H" idref="s9_25"/>
				<edge label="DN" idref="s9_515"/>
			</nt>
			<nt id="s9_515" cat="pp">
				<edge label="H" idref="s9_26"/>
				<edge label="DP" idref="s9_516"/>
			</nt>
			<nt id="s9_516" cat="np">
				<edge label="DN" idref="s9_27"/>
				<edge label="H" idref="s9_28"/>
			</nt>
		</nonterminals>
	</graph>
</s>

<s id="s10" ref="10" source="Running text" forest="1" text="o que não gostei ainda é muito caro para a realidade brasileira.">
	<graph root="s10_500">
		<terminals>
			<t id="s10_1" word="o" lemma="o" pos="pron-dem" morph="DET M S" extra="dem"/>
			<t id="s10_2" word="que" lemma="que" pos="spec" morph="M S" extra="clb clb-fs rel"/>
			<t id="s10_3" word="não" lemma="não" pos="adv" morph="--" extra="--"/>
			<t id="s10_4" word="gostei" lemma="gostar" pos="v-fin" morph="PS 1S IND VFIN" extra="vH mv np-close"/>
			<t id="s10_5" word="ainda" lemma="ainda" pos="adv" morph="--" extra="--"/>
			<t id="s10_6" word="é" lemma="ser" pos="v-fin" morph="PR 3S IND VFIN" extra="vK fmc mv"/>
			<t id="s10_7" word="muito" lemma="muito" pos="adv" morph="--" extra="quant"/>
			<t id="s10_8" word="caro" lemma="caro" pos="adj" morph="M S" extra="jh"/>
			<t id="s10_9" word="para" lemma="para" pos="prp" morph="--" extra="--"/>
			<t id="s10_10" word="a" lemma="o" pos="art" morph="F S" extra="--"/>
			<t id="s10_11" word="realidade" lemma="realidade" pos="n" morph="F S" sem="sit percep-f" extra="--"/>
			<t id="s10_12" word="brasileira" lemma="brasileiro" pos="adj" morph="F S" extra="nat np-close"/>
			<t id="s10_13" word="." lemma="--" pos="pu" morph="--" extra="--"/>
		</terminals>

		<nonterminals>
			<nt id="s10_500" cat="s">
				<edge label="UTT" idref="s10_501"/>
			</nt>
			<nt id="s10_501" cat="x">
				<edge label="DN" idref="s10_503"/>
				<edge label="S" idref="s10_2"/>
				<edge label="fA" idref="s10_3"/>
				<edge label="P" idref="s10_4"/>
				<edge label="fA" idref="s10_5"/>
				<edge label="P" idref="s10_6"/>
				<edge label="Cs" idref="s10_504"/>
				<edge label="fA" idref="s10_505"/>
				<edge label="PU" idref="s10_13"/>
			</nt>
			<nt id="s10_502" cat="fcl">
				<edge label="S" idref="s10_1"/>
			</nt>
			<nt id="s10_503" cat="fcl">
			</nt>
			<nt id="s10_504" cat="adjp">
				<edge label="DA" idref="s10_7"/>
				<edge label="H" idref="s10_8"/>
			</nt>
			<nt id="s10_505" cat="pp">
				<edge label="H" idref="s10_9"/>
				<edge label="DP" idref="s10_506"/>
			</nt>
			<nt id="s10_506" cat="np">
				<edge label="DN" idref="s10_10"/>
				<edge label="H" idref="s10_11"/>
				<edge label="DN" idref="s10_12"/>
			</nt>
		</nonterminals>
	</graph>
</s>

<s id="s11" ref="11" source="Running text" forest="1" text="e faltou um teclado físico qwert, mas com o htc sense, isso é quase dispensável..">
	<graph root="s11_500">
		<terminals>
			<t id="s11_1" word="e" lemma="e" pos="conj-c" morph="--" extra="topkc"/>
			<t id="s11_2" word="faltou" lemma="faltar" pos="v-fin" morph="PS 3S IND VFIN" extra="predco predco predco predco fmc mv"/>
			<t id="s11_3" word="um" lemma="um" pos="art" morph="M S" extra="--"/>
			<t id="s11_4" word="teclado" lemma="teclado" pos="n" morph="M S" sem="cc-h mach" extra="--"/>
			<t id="s11_5" word="físico" lemma="físico" pos="adj" morph="M S" extra="nh np-close"/>
			<t id="s11_6" word="qwert" lemma="qwert" pos="n" morph="M S" extra="foreign heur"/>
			<t id="s11_7" word="," lemma="--" pos="pu" morph="--" extra="--"/>
			<t id="s11_8" word="mas" lemma="mas" pos="conj-c" morph="--" extra="clb"/>
			<t id="s11_9" word="com" lemma="com" pos="prp" morph="--" extra="--"/>
			<t id="s11_10" word="o" lemma="o" pos="art" morph="M S" extra="--"/>
			<t id="s11_11" word="htc" lemma="htc" pos="n" morph="M S" extra="foreign heur"/>
			<t id="s11_12" word="sense" lemma="senser" pos="v-fin" morph="PR 3S IND VFIN" extra="nosubj nosubj cjt-STA heur fmc mv"/>
			<t id="s11_13" word="," lemma="--" pos="pu" morph="--" extra="--"/>
			<t id="s11_14" word="isso" lemma="isso" pos="spec" morph="M S" extra="dem"/>
			<t id="s11_15" word="é" lemma="ser" pos="v-fin" morph="PR 3S IND VFIN" extra="cjt-STA vK fmc mv"/>
			<t id="s11_16" word="quase" lemma="quase" pos="adv" morph="--" extra="quant"/>
			<t id="s11_17" word="dispensável" lemma="dispensável" pos="adj" morph="M S" extra="--"/>
			<t id="s11_18" word="." lemma="--" pos="pu" morph="--" extra="--"/>
			<t id="s11_19" word="." lemma="--" pos="pu" morph="--" extra="--"/>
		</terminals>

		<nonterminals>
			<nt id="s11_500" cat="s">
				<edge label="STA" idref="s11_501"/>
			</nt>
			<nt id="s11_501" cat="fcl">
				<edge label="CO" idref="s11_1"/>
				<edge label="X" idref="s11_502"/>
				<edge label="PU" idref="s11_18"/>
				<edge label="PU" idref="s11_19"/>
			</nt>
			<nt id="s11_502" cat="par">
				<edge label="CJT" idref="s11_503"/>
				<edge label="PU" idref="s11_7"/>
				<edge label="CO" idref="s11_8"/>
				<edge label="CJT" idref="s11_505"/>
				<edge label="PU" idref="s11_13"/>
				<edge label="CJT" idref="s11_508"/>
			</nt>
			<nt id="s11_503" cat="x">
				<edge label="P" idref="s11_2"/>
				<edge label="S" idref="s11_504"/>
				<edge label="fCs" idref="s11_6"/>
			</nt>
			<nt id="s11_504" cat="np">
				<edge label="DN" idref="s11_3"/>
				<edge label="H" idref="s11_4"/>
				<edge label="DN" idref="s11_5"/>
			</nt>
			<nt id="s11_505" cat="x">
				<edge label="fA" idref="s11_506"/>
				<edge label="P" idref="s11_12"/>
			</nt>
			<nt id="s11_506" cat="pp">
				<edge label="H" idref="s11_9"/>
				<edge label="DP" idref="s11_507"/>
			</nt>
			<nt id="s11_507" cat="np">
				<edge label="DN" idref="s11_10"/>
				<edge label="H" idref="s11_11"/>
			</nt>
			<nt id="s11_508" cat="fcl">
				<edge label="S" idref="s11_14"/>
				<edge label="P" idref="s11_15"/>
				<edge label="Cs" idref="s11_509"/>
			</nt>
			<nt id="s11_509" cat="adjp">
				<edge label="DA" idref="s11_16"/>
				<edge label="H" idref="s11_17"/>
			</nt>
		</nonterminals>
	</graph>
</s>

	</body>
</corpus>
