<?xml version="1.0" encoding="UTF-8"?>
<corpus>

	<body>
<s id="s1" ref="1" source="Running text" forest="1" text="o aparelho é lindo e a câmera é ótima.">
	<graph root="s1_500">
		<terminals>
			<t id="s1_1" word="o" lemma="o" pos="art" morph="M S" extra="--"/>
			<t id="s1_2" word="aparelho" lemma="aparelho" pos="n" morph="M S" sem="tool" extra="--"/>
			<t id="s1_3" word="é" lemma="ser" pos="v-fin" morph="PR 3S IND VFIN" extra="cjt-head cjt-head-STA vK fmc mv"/>
			<t id="s1_4" word="lindo" lemma="lindo" pos="adj" morph="M S" extra="--"/>
			<t id="s1_5" word="e" lemma="e" pos="conj-c" morph="--" extra="topkc"/>
			<t id="s1_6" word="a" lemma="o" pos="art" morph="F S" extra="--"/>
			<t id="s1_7" word="câmera" lemma="c�=mera" pos="n" morph="F S" sem="tool" extra="--"/>
			<t id="s1_8" word="é" lemma="ser" pos="v-fin" morph="PR 3S IND VFIN" extra="cjt-STA vK fmc mv"/>
			<t id="s1_9" word="ótima" lemma="bom" pos="adj" morph="F S" extra="SUP"/>
			<t id="s1_10" word="." lemma="--" pos="pu" morph="--" extra="--"/>
		</terminals>

		<nonterminals>
			<nt id="s1_500" cat="s">
				<edge label="STA" idref="s1_501"/>
			</nt>
			<nt id="s1_501" cat="par">
				<edge label="CJT" idref="s1_502"/>
				<edge label="CO" idref="s1_5"/>
				<edge label="CJT" idref="s1_504"/>
				<edge label="PU" idref="s1_10"/>
			</nt>
			<nt id="s1_502" cat="fcl">
				<edge label="S" idref="s1_503"/>
				<edge label="P" idref="s1_3"/>
				<edge label="Cs" idref="s1_4"/>
			</nt>
			<nt id="s1_503" cat="np">
				<edge label="DN" idref="s1_1"/>
				<edge label="H" idref="s1_2"/>
			</nt>
			<nt id="s1_504" cat="fcl">
				<edge label="S" idref="s1_505"/>
				<edge label="H" idref="s1_7"/>
				<edge label="P" idref="s1_8"/>
				<edge label="Cs" idref="s1_9"/>
			</nt>
			<nt id="s1_505" cat="np">
				<edge label="DN" idref="s1_6"/>
			</nt>
		</nonterminals>
	</graph>
</s>

<s id="s2" ref="2" source="Running text" forest="1" text="o sistema de aprimoramento de áudio beats studio dá um toque especial e ouvir músicas em outros aparelhos nunca mais será a mesma coisa pra mim.">
	<graph root="s2_500">
		<terminals>
			<t id="s2_1" word="o" lemma="o" pos="art" morph="M S" extra="--"/>
			<t id="s2_2" word="sistema" lemma="sistema" pos="n" morph="M S" sem="ac" extra="--"/>
			<t id="s2_3" word="de" lemma="de" pos="prp" morph="--" extra="np-close"/>
			<t id="s2_4" word="aprimoramento" lemma="aprimoramento" pos="n" morph="M S" sem="act" extra="--"/>
			<t id="s2_5" word="de" lemma="de" pos="prp" morph="--" extra="np-close"/>
			<t id="s2_6" word="áudio" lemma="áudio" pos="n" morph="M S" sem="tool" extra="--"/>
			<t id="s2_7" word="beats" lemma="beat" pos="n" morph="M P" extra="heur"/>
			<t id="s2_8" word="studio" lemma="studio" pos="adj" morph="M S" extra="heur np-close"/>
			<t id="s2_9" word="dá" lemma="dar" pos="v-fin" morph="PR 3S IND VFIN" extra="cjt-head cjt-head-STA fmc mv"/>
			<t id="s2_10" word="um" lemma="um" pos="art" morph="M S" extra="--"/>
			<t id="s2_11" word="toque" lemma="toque" pos="n" morph="M S" sem="act-d percep-l" extra="--"/>
			<t id="s2_12" word="especial" lemma="especial" pos="adj" morph="M S" extra="nh np-close"/>
			<t id="s2_13" word="e" lemma="e" pos="conj-c" morph="--" extra="--"/>
			<t id="s2_14" word="ouvir" lemma="ouvir" pos="v-inf" morph="--" extra="vH mv"/>
			<t id="s2_15" word="músicas" lemma="música" pos="n" morph="F P" sem="domain sem-l cc-r" extra="--"/>
			<t id="s2_16" word="em" lemma="em" pos="prp" morph="--" extra="--"/>
			<t id="s2_17" word="outros" lemma="outro" pos="pron-indef" morph="DET M P" extra="diff KOMP"/>
			<t id="s2_18" word="aparelhos" lemma="aparelho" pos="n" morph="M P" sem="tool" extra="--"/>
			<t id="s2_19" word="nunca" lemma="nunca" pos="adv" morph="--" extra="--"/>
			<t id="s2_20" word="mais" lemma="muito" pos="pron-indef" morph="DET M/F S/P" extra="quant KOMP"/>
			<t id="s2_21" word="será" lemma="ser" pos="v-fin" morph="FUT 3S IND VFIN" extra="cjt-STA vK fmc mv"/>
			<t id="s2_22" word="a" lemma="o" pos="art" morph="F S" extra="--"/>
			<t id="s2_23" word="mesma" lemma="mesmo" pos="pron-indef" morph="DET F S" extra="cjt-head cjt-head-Cs diff KOMP"/>
			<t id="s2_24" word="coisa" lemma="coisa" pos="n" morph="F S" sem="cc ac" extra="cjt-Cs"/>
			<t id="s2_25" word="pra" lemma="para" pos="prp" morph="--" extra="np-close"/>
			<t id="s2_26" word="mim" lemma="eu" pos="pron-pers" morph="M/F 1S PIV" extra="--"/>
			<t id="s2_27" word="." lemma="--" pos="pu" morph="--" extra="--"/>
		</terminals>

		<nonterminals>
			<nt id="s2_500" cat="s">
				<edge label="STA" idref="s2_501"/>
			</nt>
			<nt id="s2_501" cat="par">
				<edge label="CJT" idref="s2_502"/>
				<edge label="CJT" idref="s2_509"/>
				<edge label="Cs" idref="s2_513"/>
				<edge label="PU" idref="s2_27"/>
			</nt>
			<nt id="s2_502" cat="fcl">
				<edge label="S" idref="s2_503"/>
				<edge label="fCs" idref="s2_507"/>
				<edge label="P" idref="s2_9"/>
				<edge label="Od" idref="s2_508"/>
			</nt>
			<nt id="s2_503" cat="np">
				<edge label="DN" idref="s2_1"/>
				<edge label="H" idref="s2_2"/>
				<edge label="DN" idref="s2_504"/>
			</nt>
			<nt id="s2_504" cat="pp">
				<edge label="H" idref="s2_3"/>
				<edge label="DP" idref="s2_505"/>
			</nt>
			<nt id="s2_505" cat="np">
				<edge label="H" idref="s2_4"/>
				<edge label="DN" idref="s2_506"/>
			</nt>
			<nt id="s2_506" cat="pp">
				<edge label="H" idref="s2_5"/>
				<edge label="DP" idref="s2_6"/>
			</nt>
			<nt id="s2_507" cat="np">
				<edge label="H" idref="s2_7"/>
				<edge label="DN" idref="s2_8"/>
			</nt>
			<nt id="s2_508" cat="np">
				<edge label="DN" idref="s2_10"/>
				<edge label="H" idref="s2_11"/>
				<edge label="DN" idref="s2_12"/>
			</nt>
			<nt id="s2_509" cat="fcl">
				<edge label="S" idref="s2_510"/>
				<edge label="P" idref="s2_21"/>
			</nt>
			<nt id="s2_510" cat="fcl">
				<edge label="P" idref="s2_14"/>
				<edge label="Od" idref="s2_15"/>
				<edge label="fA" idref="s2_511"/>
				<edge label="fA" idref="s2_19"/>
				<edge label="S" idref="s2_20"/>
			</nt>
			<nt id="s2_511" cat="pp">
				<edge label="H" idref="s2_16"/>
				<edge label="DP" idref="s2_512"/>
			</nt>
			<nt id="s2_512" cat="np">
				<edge label="DN" idref="s2_17"/>
				<edge label="H" idref="s2_18"/>
			</nt>
			<nt id="s2_513" cat="par">
				<edge label="CJT" idref="s2_514"/>
			</nt>
			<nt id="s2_514" cat="adjp">
				<edge label="CJT" idref="s2_515"/>
			</nt>
			<nt id="s2_515" cat="np">
				<edge label="DN" idref="s2_22"/>
				<edge label="H" idref="s2_23"/>
				<edge label="H" idref="s2_24"/>
				<edge label="DN" idref="s2_516"/>
			</nt>
			<nt id="s2_516" cat="pp">
				<edge label="H" idref="s2_25"/>
				<edge label="DP" idref="s2_26"/>
			</nt>
		</nonterminals>
	</graph>
</s>

<s id="s3" ref="3" source="Running text" forest="1" text="o único ponto negativo é o fato de que o aponte ainda não possui uma quantidade satisfatória de aplicativos.">
	<graph root="s3_500">
		<terminals>
			<t id="s3_1" word="o" lemma="o" pos="art" morph="M S" extra="--"/>
			<t id="s3_2" word="único" lemma="único" pos="adj" morph="M S" extra="jh"/>
			<t id="s3_3" word="ponto" lemma="ponto" pos="n" morph="M S" sem="Labs geom temp Lh sem-c unit" extra="--"/>
			<t id="s3_4" word="negativo" lemma="negativo" pos="adj" morph="M S" extra="nh np-close"/>
			<t id="s3_5" word="é" lemma="ser" pos="v-fin" morph="PR 3S IND VFIN" extra="cjt-head cjt-head-STA vK fmc mv"/>
			<t id="s3_6" word="o" lemma="o" pos="art" morph="M S" extra="--"/>
			<t id="s3_7" word="fato" lemma="fato" pos="n" morph="M S" sem="ac cloH AAdom" extra="--"/>
			<t id="s3_8" word="de" lemma="de" pos="prp" morph="--" extra="np-close"/>
			<t id="s3_9" word="que" lemma="que" pos="conj-s" morph="--" extra="clb clb-fs"/>
			<t id="s3_10" word="o" lemma="ele" pos="pron-pers" morph="M 3S ACC" extra="--"/>
			<t id="s3_11" word="aponte" lemma="apontar" pos="v-fin" morph="PR 3S SUBJ VFIN" extra="vH mv"/>
			<t id="s3_12" word="ainda" lemma="ainda" pos="adv" morph="--" extra="--"/>
			<t id="s3_13" word="não" lemma="não" pos="adv" morph="--" extra="--"/>
			<t id="s3_14" word="possui" lemma="possuir" pos="v-fin" morph="PR 3S IND VFIN" extra="nosubj nosubj cjt-STA vH fmc mv"/>
			<t id="s3_15" word="uma" lemma="um" pos="art" morph="F S" extra="--"/>
			<t id="s3_16" word="quantidade" lemma="quantidade" pos="n" morph="F S" sem="amount" extra="--"/>
			<t id="s3_17" word="satisfatória" lemma="satisfatório" pos="adj" morph="F S" extra="nh np-close"/>
			<t id="s3_18" word="de" lemma="de" pos="prp" morph="--" extra="np-close"/>
			<t id="s3_19" word="aplicativos" lemma="aplicativo" pos="n" morph="M P" sem="sem-c" extra="--"/>
			<t id="s3_20" word="." lemma="--" pos="pu" morph="--" extra="--"/>
		</terminals>

		<nonterminals>
			<nt id="s3_500" cat="s">
				<edge label="STA" idref="s3_501"/>
			</nt>
			<nt id="s3_501" cat="par">
				<edge label="CJT" idref="s3_502"/>
				<edge label="CJT" idref="s3_507"/>
				<edge label="PU" idref="s3_20"/>
			</nt>
			<nt id="s3_502" cat="fcl">
				<edge label="S" idref="s3_503"/>
				<edge label="P" idref="s3_5"/>
				<edge label="Cs" idref="s3_504"/>
			</nt>
			<nt id="s3_503" cat="np">
				<edge label="DN" idref="s3_1"/>
				<edge label="DN" idref="s3_2"/>
				<edge label="H" idref="s3_3"/>
				<edge label="DN" idref="s3_4"/>
			</nt>
			<nt id="s3_504" cat="np">
				<edge label="DN" idref="s3_6"/>
				<edge label="H" idref="s3_7"/>
				<edge label="DN" idref="s3_505"/>
			</nt>
			<nt id="s3_505" cat="pp">
				<edge label="H" idref="s3_8"/>
				<edge label="DP" idref="s3_506"/>
			</nt>
			<nt id="s3_506" cat="fcl">
				<edge label="SUB" idref="s3_9"/>
				<edge label="Od" idref="s3_10"/>
				<edge label="P" idref="s3_11"/>
			</nt>
			<nt id="s3_507" cat="x">
				<edge label="fA" idref="s3_508"/>
				<edge label="P" idref="s3_14"/>
				<edge label="Od" idref="s3_509"/>
			</nt>
			<nt id="s3_508" cat="advp">
				<edge label="DA" idref="s3_12"/>
				<edge label="H" idref="s3_13"/>
			</nt>
			<nt id="s3_509" cat="np">
				<edge label="DN" idref="s3_15"/>
				<edge label="H" idref="s3_16"/>
				<edge label="DN" idref="s3_17"/>
				<edge label="DN" idref="s3_510"/>
			</nt>
			<nt id="s3_510" cat="pp">
				<edge label="H" idref="s3_18"/>
				<edge label="DP" idref="s3_19"/>
			</nt>
		</nonterminals>
	</graph>
</s>

	</body>
</corpus>
