<?xml version="1.0" encoding="UTF-8"?>
<corpus>

	<body>
<s id="s1" ref="1" source="Running text" forest="1" text="muito bom o que gostei excelente produto, fácil de manusear o que não gostei não vi nada de desagradável até o presente.">
	<graph root="s1_500">
		<terminals>
			<t id="s1_1" word="muito" lemma="muito" pos="adv" morph="--" extra="quant"/>
			<t id="s1_2" word="bom" lemma="bom" pos="adj" morph="M S" extra="jh"/>
			<t id="s1_3" word="o" lemma="o" pos="pron-dem" morph="DET M S" extra="dem"/>
			<t id="s1_4" word="que" lemma="que" pos="spec" morph="M S" extra="clb clb-fs rel"/>
			<t id="s1_5" word="gostei" lemma="gostar" pos="v-fin" morph="PS 1S IND VFIN" extra="vH mv np-close"/>
			<t id="s1_6" word="excelente" lemma="excelente" pos="adj" morph="M S" extra="clb"/>
			<t id="s1_7" word="produto" lemma="produto" pos="n" morph="M S" sem="cc-h mon ac-cat" extra="--"/>
			<t id="s1_8" word="," lemma="--" pos="pu" morph="--" extra="--"/>
			<t id="s1_9" word="fácil" lemma="fácil" pos="adj" morph="M S" extra="np-close"/>
			<t id="s1_10" word="de" lemma="de" pos="prp" morph="--" extra="--"/>
			<t id="s1_11" word="manusear" lemma="manusear" pos="v-inf" morph="--" extra="vH mv"/>
			<t id="s1_12" word="o" lemma="o" pos="pron-dem" morph="DET M S" extra="dem"/>
			<t id="s1_13" word="que" lemma="que" pos="spec" morph="M S" extra="clb clb-fs rel"/>
			<t id="s1_14" word="não" lemma="não" pos="adv" morph="--" extra="--"/>
			<t id="s1_15" word="gostei" lemma="gostar" pos="v-fin" morph="PS 1S IND VFIN" extra="vH mv np-close"/>
			<t id="s1_16" word="não" lemma="não" pos="adv" morph="--" extra="--"/>
			<t id="s1_17" word="vi" lemma="ver" pos="v-fin" morph="PS 1S IND VFIN" extra="vH fmc mv"/>
			<t id="s1_18" word="nada" lemma="nada" pos="spec" morph="M S" extra="quant"/>
			<t id="s1_19" word="de" lemma="de" pos="prp" morph="--" extra="--"/>
			<t id="s1_20" word="desagradável" lemma="desagradável" pos="adj" morph="M/F S" extra="nh"/>
			<t id="s1_21" word="até" lemma="até" pos="prp" morph="--" extra="--"/>
			<t id="s1_22" word="o" lemma="o" pos="art" morph="M S" extra="--"/>
			<t id="s1_23" word="presente" lemma="presente" pos="n" morph="M S" sem="cc ac-cat per H" extra="--"/>
			<t id="s1_24" word="." lemma="--" pos="pu" morph="--" extra="--"/>
		</terminals>

		<nonterminals>
			<nt id="s1_500" cat="s">
				<edge label="UTT" idref="s1_501"/>
			</nt>
			<nt id="s1_501" cat="x">
				<edge label="STA" idref="s1_506"/>
				<edge label="S" idref="s1_507"/>
				<edge label="S" idref="s1_3"/>
				<edge label="DN" idref="s1_511"/>
				<edge label="S" idref="s1_4"/>
				<edge label="P" idref="s1_5"/>
				<edge label="P" idref="s1_17"/>
				<edge label="Od" idref="s1_18"/>
				<edge label="fA" idref="s1_516"/>
				<edge label="fA" idref="s1_517"/>
				<edge label="PU" idref="s1_24"/>
			</nt>
			<nt id="s1_502" cat="adjp">
				<edge label="DA" idref="s1_503"/>
			</nt>
			<nt id="s1_503" cat="pp">
				<edge label="DP" idref="s1_504"/>
			</nt>
			<nt id="s1_504" cat="icl">
				<edge label="fCs" idref="s1_505"/>
			</nt>
			<nt id="s1_505" cat="adjp">
				<edge label="DA" idref="s1_1"/>
				<edge label="H" idref="s1_2"/>
			</nt>
			<nt id="s1_506" cat="fcl">
			</nt>
			<nt id="s1_507" cat="np">
				<edge label="DNc" idref="s1_508"/>
			</nt>
			<nt id="s1_508" cat="adjp">
				<edge label="DA" idref="s1_509"/>
			</nt>
			<nt id="s1_509" cat="pp">
				<edge label="DP" idref="s1_510"/>
			</nt>
			<nt id="s1_510" cat="icl">
			</nt>
			<nt id="s1_511" cat="fcl">
				<edge label="DN" idref="s1_6"/>
				<edge label="H" idref="s1_7"/>
				<edge label="PU" idref="s1_8"/>
				<edge label="DNc" idref="s1_512"/>
				<edge label="DN" idref="s1_515"/>
			</nt>
			<nt id="s1_512" cat="adjp">
				<edge label="H" idref="s1_9"/>
				<edge label="DA" idref="s1_513"/>
			</nt>
			<nt id="s1_513" cat="pp">
				<edge label="H" idref="s1_10"/>
				<edge label="DP" idref="s1_514"/>
			</nt>
			<nt id="s1_514" cat="icl">
				<edge label="P" idref="s1_11"/>
				<edge label="Od" idref="s1_12"/>
			</nt>
			<nt id="s1_515" cat="fcl">
				<edge label="S" idref="s1_13"/>
				<edge label="fA" idref="s1_14"/>
				<edge label="P" idref="s1_15"/>
				<edge label="fA" idref="s1_16"/>
			</nt>
			<nt id="s1_516" cat="pp">
				<edge label="H" idref="s1_19"/>
				<edge label="DP" idref="s1_20"/>
			</nt>
			<nt id="s1_517" cat="pp">
				<edge label="H" idref="s1_21"/>
				<edge label="DP" idref="s1_518"/>
			</nt>
			<nt id="s1_518" cat="np">
				<edge label="DN" idref="s1_22"/>
				<edge label="H" idref="s1_23"/>
			</nt>
		</nonterminals>
	</graph>
</s>

	</body>
</corpus>
