<?xml version="1.0" encoding="UTF-8"?>
<corpus>

	<body>
<s id="s1" ref="1" source="Running text" forest="1" text="esse produto parece ser fácil de usar e com preço muito baixo o que gostei aparelho muito bonito e com preço baixo o que não gostei essa marca ainda é um pouco desconhecida eu pelo menos não vi ainda..">
	<graph root="s1_500">
		<terminals>
			<t id="s1_1" word="esse" lemma="esse" pos="pron-dem" morph="DET M S" extra="dem"/>
			<t id="s1_2" word="produto" lemma="produto" pos="n" morph="M S" sem="cc-h mon ac-cat" extra="--"/>
			<t id="s1_3" word="parece" lemma="parecer" pos="v-fin" morph="PR 3S IND VFIN" extra="nosubj nosubj cjt-head cjt-head-STA fmc aux"/>
			<t id="s1_4" word="ser" lemma="ser" pos="v-inf" morph="--" extra="vK mv"/>
			<t id="s1_5" word="fácil" lemma="fácil" pos="adj" morph="M S" extra="--"/>
			<t id="s1_6" word="de" lemma="de" pos="prp" morph="--" extra="--"/>
			<t id="s1_7" word="usar" lemma="usar" pos="v-inf" morph="--" extra="vH mv"/>
			<t id="s1_8" word="e" lemma="e" pos="conj-c" morph="--" extra="--"/>
			<t id="s1_9" word="com" lemma="com" pos="prp" morph="--" extra="--"/>
			<t id="s1_10" word="preço" lemma="preço" pos="n" morph="M S" sem="f-q" extra="--"/>
			<t id="s1_11" word="muito" lemma="muito" pos="adv" morph="--" extra="quant"/>
			<t id="s1_12" word="baixo" lemma="baixo" pos="adj" morph="M S" extra="np-close"/>
			<t id="s1_13" word="o" lemma="o" pos="pron-dem" morph="DET M S" extra="dem"/>
			<t id="s1_14" word="que" lemma="que" pos="spec" morph="M S" extra="clb clb-fs rel"/>
			<t id="s1_15" word="gostei" lemma="gostar" pos="v-fin" morph="PS 1S IND VFIN" extra="vH mv np-close"/>
			<t id="s1_16" word="aparelho" lemma="aparelho" pos="n" morph="M S" sem="tool" extra="--"/>
			<t id="s1_17" word="muito" lemma="muito" pos="adv" morph="--" extra="quant"/>
			<t id="s1_18" word="bonito" lemma="bonito" pos="adj" morph="M S" extra="np-close"/>
			<t id="s1_19" word="e" lemma="e" pos="conj-c" morph="--" extra="--"/>
			<t id="s1_20" word="com" lemma="com" pos="prp" morph="--" extra="np-close"/>
			<t id="s1_21" word="preço" lemma="preço" pos="n" morph="M S" sem="f-q" extra="--"/>
			<t id="s1_22" word="baixo" lemma="baixo" pos="adj" morph="M S" extra="np-close"/>
			<t id="s1_23" word="o" lemma="o" pos="pron-dem" morph="DET M S" extra="dem"/>
			<t id="s1_24" word="que" lemma="que" pos="spec" morph="M S" extra="clb clb-fs rel"/>
			<t id="s1_25" word="não" lemma="não" pos="adv" morph="--" extra="--"/>
			<t id="s1_26" word="gostei" lemma="gostar" pos="v-fin" morph="PS 1S IND VFIN" extra="vH mv np-close"/>
			<t id="s1_27" word="essa" lemma="esse" pos="pron-dem" morph="DET F S" extra="dem"/>
			<t id="s1_28" word="marca" lemma="marca" pos="n" morph="F S" sem="ac-sign Labs bar" extra="--"/>
			<t id="s1_29" word="ainda" lemma="ainda" pos="adv" morph="--" extra="--"/>
			<t id="s1_30" word="é" lemma="ser" pos="v-fin" morph="PR 3S IND VFIN" extra="cjt-STA vK fmc mv"/>
			<t id="s1_31" word="um_pouco" lemma="um_pouco" pos="adv" morph="--" extra="quant"/>
			<t id="s1_32" word="desconhecida" lemma="desconhecer" pos="v-pcp" morph="F S" extra="vH"/>
			<t id="s1_33" word="eu" lemma="eu" pos="pron-pers" morph="M/F 1S NOM" extra="--"/>
			<t id="s1_34" word="pelo_menos" lemma="pelo_menos" pos="adv" morph="--" extra="quant"/>
			<t id="s1_35" word="não" lemma="não" pos="adv" morph="--" extra="--"/>
			<t id="s1_36" word="vi" lemma="ver" pos="v-fin" morph="PS 1S IND VFIN" extra="cjt-STA vH fmc mv"/>
			<t id="s1_37" word="ainda" lemma="ainda" pos="adv" morph="--" extra="--"/>
			<t id="s1_38" word="." lemma="--" pos="pu" morph="--" extra="--"/>
			<t id="s1_39" word="." lemma="--" pos="pu" morph="--" extra="--"/>
		</terminals>

		<nonterminals>
			<nt id="s1_500" cat="s">
				<edge label="STA" idref="s1_501"/>
			</nt>
			<nt id="s1_501" cat="par">
				<edge label="CJT" idref="s1_502"/>
				<edge label="CJT" idref="s1_512"/>
				<edge label="CJT" idref="s1_517"/>
				<edge label="PU" idref="s1_38"/>
				<edge label="PU" idref="s1_39"/>
			</nt>
			<nt id="s1_502" cat="fcl">
				<edge label="S" idref="s1_503"/>
				<edge label="P" idref="s1_504"/>
				<edge label="Cs" idref="s1_505"/>
			</nt>
			<nt id="s1_503" cat="np">
				<edge label="DN" idref="s1_1"/>
				<edge label="H" idref="s1_2"/>
			</nt>
			<nt id="s1_504" cat="vp">
				<edge label="Vaux" idref="s1_3"/>
				<edge label="Vm" idref="s1_4"/>
			</nt>
			<nt id="s1_505" cat="adjp">
				<edge label="H" idref="s1_5"/>
				<edge label="DA" idref="s1_506"/>
			</nt>
			<nt id="s1_506" cat="pp">
				<edge label="H" idref="s1_6"/>
				<edge label="DP" idref="s1_507"/>
			</nt>
			<nt id="s1_507" cat="icl">
				<edge label="P" idref="s1_7"/>
				<edge label="Cs" idref="s1_508"/>
				<edge label="Od" idref="s1_13"/>
			</nt>
			<nt id="s1_508" cat="pp">
				<edge label="DP" idref="s1_509"/>
				<edge label="H" idref="s1_9"/>
			</nt>
			<nt id="s1_509" cat="np">
				<edge label="DN" idref="s1_510"/>
				<edge label="H" idref="s1_10"/>
				<edge label="DN" idref="s1_511"/>
			</nt>
			<nt id="s1_510" cat="adjp">
				<edge label="CO" idref="s1_8"/>
				<edge label="DA" idref="s1_11"/>
				<edge label="H" idref="s1_12"/>
			</nt>
			<nt id="s1_511" cat="fcl">
				<edge label="S" idref="s1_14"/>
				<edge label="P" idref="s1_15"/>
			</nt>
			<nt id="s1_512" cat="fcl">
				<edge label="S" idref="s1_513"/>
			</nt>
			<nt id="s1_513" cat="np">
				<edge label="H" idref="s1_16"/>
				<edge label="DN" idref="s1_514"/>
				<edge label="DN" idref="s1_515"/>
			</nt>
			<nt id="s1_514" cat="adjp">
				<edge label="DA" idref="s1_17"/>
				<edge label="H" idref="s1_18"/>
			</nt>
			<nt id="s1_515" cat="pp">
				<edge label="CO" idref="s1_19"/>
				<edge label="H" idref="s1_20"/>
				<edge label="DP" idref="s1_516"/>
			</nt>
			<nt id="s1_516" cat="np">
				<edge label="H" idref="s1_21"/>
				<edge label="DN" idref="s1_22"/>
				<edge label="DN" idref="s1_518"/>
			</nt>
			<nt id="s1_517" cat="fcl">
				<edge label="S" idref="s1_23"/>
				<edge label="S" idref="s1_519"/>
				<edge label="fA" idref="s1_29"/>
				<edge label="P" idref="s1_30"/>
				<edge label="Cs" idref="s1_520"/>
				<edge label="S" idref="s1_33"/>
				<edge label="fA" idref="s1_34"/>
				<edge label="fA" idref="s1_35"/>
				<edge label="P" idref="s1_36"/>
				<edge label="fA" idref="s1_37"/>
			</nt>
			<nt id="s1_518" cat="fcl">
				<edge label="S" idref="s1_24"/>
				<edge label="fA" idref="s1_25"/>
				<edge label="P" idref="s1_26"/>
			</nt>
			<nt id="s1_519" cat="np">
				<edge label="DN" idref="s1_27"/>
				<edge label="H" idref="s1_28"/>
			</nt>
			<nt id="s1_520" cat="adjp">
				<edge label="DA" idref="s1_31"/>
				<edge label="H" idref="s1_32"/>
			</nt>
		</nonterminals>
	</graph>
</s>

	</body>
</corpus>
