<?xml version="1.0" encoding="UTF-8"?>
<corpus>

	<body>
<s id="s1" ref="1" source="Running text" forest="1" text="o n8 é que é um smartphone relacionado para quem gosta de fotos e vídeos.">
	<graph root="s1_500">
		<terminals>
			<t id="s1_1" word="o" lemma="o" pos="art" morph="M S" extra="--"/>
			<t id="s1_2" word="n8" lemma="n8" pos="n" morph="M S" extra="foreign"/>
			<t id="s1_3" word="é_que" lemma="é_que" pos="adv" morph="--" extra="foc"/>
			<t id="s1_4" word="é" lemma="ser" pos="v-fin" morph="PR 3S IND VFIN" extra="vK fmc mv"/>
			<t id="s1_5" word="um" lemma="um" pos="art" morph="M S" extra="--"/>
			<t id="s1_6" word="smartphone" lemma="smartphone" pos="n" morph="M S" extra="heur foreign"/>
			<t id="s1_7" word="relacionado" lemma="relacionar" pos="v-pcp" morph="M S" extra="np-close"/>
			<t id="s1_8" word="para" lemma="para" pos="prp" morph="--" extra="--"/>
			<t id="s1_9" word="quem" lemma="quem" pos="spec" morph="M/F S" extra="clb clb-fs rel"/>
			<t id="s1_10" word="gosta" lemma="gostar" pos="v-fin" morph="PR 3S IND VFIN" extra="vH mv"/>
			<t id="s1_11" word="de" lemma="de" pos="prp" morph="--" extra="--"/>
			<t id="s1_12" word="fotos" lemma="foto" pos="n" morph="F P" sem="pict" extra="cjt-head cjt-head-DP"/>
			<t id="s1_13" word="e" lemma="e" pos="conj-c" morph="--" extra="--"/>
			<t id="s1_14" word="vídeos" lemma="vídeo" pos="n" morph="M P" sem="sem-w" extra="cjt-DP"/>
			<t id="s1_15" word="." lemma="--" pos="pu" morph="--" extra="--"/>
		</terminals>

		<nonterminals>
			<nt id="s1_500" cat="s">
				<edge label="STA" idref="s1_501"/>
			</nt>
			<nt id="s1_501" cat="fcl">
				<edge label="S" idref="s1_502"/>
				<edge label="FOC" idref="s1_3"/>
				<edge label="P" idref="s1_4"/>
				<edge label="Cs" idref="s1_503"/>
				<edge label="fA" idref="s1_504"/>
				<edge label="PU" idref="s1_15"/>
			</nt>
			<nt id="s1_502" cat="np">
				<edge label="DN" idref="s1_1"/>
				<edge label="H" idref="s1_2"/>
			</nt>
			<nt id="s1_503" cat="np">
				<edge label="DN" idref="s1_5"/>
				<edge label="H" idref="s1_6"/>
				<edge label="DN" idref="s1_7"/>
			</nt>
			<nt id="s1_504" cat="pp">
				<edge label="H" idref="s1_8"/>
				<edge label="DP" idref="s1_505"/>
			</nt>
			<nt id="s1_505" cat="fcl">
				<edge label="S" idref="s1_9"/>
				<edge label="P" idref="s1_10"/>
				<edge label="Op" idref="s1_506"/>
			</nt>
			<nt id="s1_506" cat="pp">
				<edge label="H" idref="s1_11"/>
				<edge label="DP" idref="s1_507"/>
			</nt>
			<nt id="s1_507" cat="par">
				<edge label="CJT" idref="s1_12"/>
				<edge label="CO" idref="s1_13"/>
				<edge label="CJT" idref="s1_14"/>
			</nt>
		</nonterminals>
	</graph>
</s>

<s id="s2" ref="2" source="Running text" forest="1" text="o que gostei memória de number 6 gb que pode ser expandida até number 8 gb.">
	<graph root="s2_500">
		<terminals>
			<t id="s2_1" word="o" lemma="o" pos="pron-dem" morph="DET M S" extra="dem"/>
			<t id="s2_2" word="que" lemma="que" pos="spec" morph="M S" extra="clb rel"/>
			<t id="s2_3" word="gostei" lemma="gostar" pos="v-fin" morph="PS 1S IND VFIN" extra="vH mv"/>
			<t id="s2_4" word="memória" lemma="memória" pos="n" morph="F S" sem="sem-c sem-r" extra="--"/>
			<t id="s2_5" word="de" lemma="de" pos="prp" morph="--" extra="np-close"/>
			<t id="s2_6" word="number" lemma="number" pos="v-inf" morph="--" extra="heur mv"/>
			<t id="s2_7" word="6" lemma="6" pos="num" morph="M/F P" extra="card"/>
			<t id="s2_8" word="gb" lemma="gb" pos="n" morph="M/F S" extra="foreign"/>
			<t id="s2_9" word="que" lemma="que" pos="spec" morph="M S" extra="clb clb-fs rel"/>
			<t id="s2_10" word="pode" lemma="poder" pos="v-fin" morph="PR 3S IND VFIN" extra="aux np-close"/>
			<t id="s2_11" word="ser" lemma="ser" pos="v-inf" morph="--" extra="aux"/>
			<t id="s2_12" word="expandida" lemma="expandir" pos="v-pcp" morph="F S" extra="mv"/>
			<t id="s2_13" word="até" lemma="até" pos="prp" morph="--" extra="--"/>
			<t id="s2_14" word="number" lemma="number" pos="v-inf" morph="--" extra="heur mv"/>
			<t id="s2_15" word="8" lemma="8" pos="num" morph="M/F P" extra="card"/>
			<t id="s2_16" word="gb" lemma="gb" pos="n" morph="M/F S" extra="foreign"/>
			<t id="s2_17" word="." lemma="--" pos="pu" morph="--" extra="--"/>
		</terminals>

		<nonterminals>
			<nt id="s2_500" cat="s">
				<edge label="X" idref="s2_501"/>
			</nt>
			<nt id="s2_501" cat="adjp">
				<edge label="H" idref="s2_1"/>
				<edge label="STA" idref="s2_502"/>
				<edge label="PU" idref="s2_17"/>
			</nt>
			<nt id="s2_502" cat="fcl">
				<edge label="X" idref="s2_2"/>
				<edge label="P" idref="s2_3"/>
				<edge label="S" idref="s2_503"/>
			</nt>
			<nt id="s2_503" cat="np">
				<edge label="H" idref="s2_4"/>
				<edge label="DN" idref="s2_504"/>
			</nt>
			<nt id="s2_504" cat="pp">
				<edge label="H" idref="s2_5"/>
				<edge label="DP" idref="s2_505"/>
			</nt>
			<nt id="s2_505" cat="icl">
				<edge label="P" idref="s2_6"/>
				<edge label="Od" idref="s2_506"/>
			</nt>
			<nt id="s2_506" cat="np">
				<edge label="DN" idref="s2_7"/>
				<edge label="H" idref="s2_8"/>
				<edge label="DN" idref="s2_507"/>
			</nt>
			<nt id="s2_507" cat="fcl">
				<edge label="S" idref="s2_9"/>
				<edge label="P" idref="s2_508"/>
				<edge label="fA" idref="s2_509"/>
			</nt>
			<nt id="s2_508" cat="vp">
				<edge label="Vaux" idref="s2_10"/>
				<edge label="Vaux" idref="s2_11"/>
				<edge label="Vm" idref="s2_12"/>
			</nt>
			<nt id="s2_509" cat="pp">
				<edge label="H" idref="s2_13"/>
				<edge label="DP" idref="s2_510"/>
			</nt>
			<nt id="s2_510" cat="icl">
				<edge label="P" idref="s2_14"/>
				<edge label="Od" idref="s2_511"/>
			</nt>
			<nt id="s2_511" cat="np">
				<edge label="DN" idref="s2_15"/>
				<edge label="H" idref="s2_16"/>
			</nt>
		</nonterminals>
	</graph>
</s>

<s id="s3" ref="3" source="Running text" forest="1" text="o que não gostei nada contra..">
	<graph root="s3_500">
		<terminals>
			<t id="s3_1" word="o" lemma="o" pos="pron-dem" morph="DET M S" extra="dem"/>
			<t id="s3_2" word="que" lemma="que" pos="spec" morph="M S" extra="clb clb-fs rel"/>
			<t id="s3_3" word="não" lemma="não" pos="adv" morph="--" extra="--"/>
			<t id="s3_4" word="gostei" lemma="gostar" pos="v-fin" morph="PS 1S IND VFIN" extra="vH mv np-close"/>
			<t id="s3_5" word="nada" lemma="nada" pos="spec" morph="M S" extra="quant"/>
			<t id="s3_6" word="contra" lemma="contra" pos="adv" morph="--" extra="--"/>
			<t id="s3_7" word="." lemma="--" pos="pu" morph="--" extra="--"/>
			<t id="s3_8" word="." lemma="--" pos="pu" morph="--" extra="--"/>
		</terminals>

		<nonterminals>
			<nt id="s3_500" cat="s">
				<edge label="UTT" idref="s3_501"/>
			</nt>
			<nt id="s3_501" cat="x">
				<edge label="X" idref="s3_1"/>
				<edge label="DN" idref="s3_502"/>
				<edge label="S" idref="s3_2"/>
				<edge label="fA" idref="s3_3"/>
				<edge label="P" idref="s3_4"/>
				<edge label="fA" idref="s3_5"/>
				<edge label="fA" idref="s3_6"/>
				<edge label="PU" idref="s3_7"/>
				<edge label="PU" idref="s3_8"/>
			</nt>
			<nt id="s3_502" cat="fcl">
			</nt>
		</nonterminals>
	</graph>
</s>

	</body>
</corpus>
