<?xml version="1.0" encoding="UTF-8"?>
<corpus>

	<body>
<s id="s1" ref="1" source="Running text" forest="1" text="ainda vou comprar esse aparelho.">
	<graph root="s1_500">
		<terminals>
			<t id="s1_1" word="ainda" lemma="ainda" pos="adv" morph="--" extra="--"/>
			<t id="s1_2" word="vou" lemma="ir" pos="v-fin" morph="PR 1S IND VFIN" extra="fmc aux"/>
			<t id="s1_3" word="comprar" lemma="comprar" pos="v-inf" morph="--" extra="vH mv"/>
			<t id="s1_4" word="esse" lemma="esse" pos="pron-dem" morph="DET M S" extra="dem"/>
			<t id="s1_5" word="aparelho" lemma="aparelho" pos="n" morph="M S" sem="tool" extra="--"/>
			<t id="s1_6" word="." lemma="--" pos="pu" morph="--" extra="--"/>
		</terminals>

		<nonterminals>
			<nt id="s1_500" cat="s">
				<edge label="STA" idref="s1_501"/>
			</nt>
			<nt id="s1_501" cat="fcl">
				<edge label="fA" idref="s1_1"/>
				<edge label="P" idref="s1_502"/>
				<edge label="Od" idref="s1_503"/>
				<edge label="PU" idref="s1_6"/>
			</nt>
			<nt id="s1_502" cat="vp">
				<edge label="Vaux" idref="s1_2"/>
				<edge label="Vm" idref="s1_3"/>
			</nt>
			<nt id="s1_503" cat="np">
				<edge label="DN" idref="s1_4"/>
				<edge label="H" idref="s1_5"/>
			</nt>
		</nonterminals>
	</graph>
</s>

<s id="s2" ref="2" source="Running text" forest="1" text="so estou em duvida quanto a marca o que gostei positiva o que não gostei vou comprar.">
	<graph root="s2_500">
		<terminals>
			<t id="s2_1" word="so" lemma="só" pos="adv" morph="--" extra="--"/>
			<t id="s2_2" word="estou" lemma="estar" pos="v-fin" morph="PR 1S IND VFIN" extra="nosubj nosubj cjt-head cjt-head-STA fmc mv"/>
			<t id="s2_3" word="em" lemma="em" pos="prp" morph="--" extra="--"/>
			<t id="s2_4" word="duvida" lemma="duvidar" pos="v-fin" morph="PR 3S IND VFIN" extra="nosubj nosubj cjt-STA vH fmc mv"/>
			<t id="s2_5" word="quanto_a" lemma="quanto_a" pos="prp" morph="--" extra="--"/>
			<t id="s2_6" word="marca" lemma="marca" pos="n" morph="F S" sem="ac-sign Labs bar" extra="--"/>
			<t id="s2_7" word="o" lemma="o" pos="pron-dem" morph="DET M S" extra="dem"/>
			<t id="s2_8" word="que" lemma="que" pos="spec" morph="M S" extra="clb clb-fs rel"/>
			<t id="s2_9" word="gostei" lemma="gostar" pos="v-fin" morph="PS 1S IND VFIN" extra="vH mv np-close"/>
			<t id="s2_10" word="positiva" lemma="positivo" pos="adj" morph="F S" extra="nh"/>
			<t id="s2_11" word="o" lemma="o" pos="pron-dem" morph="DET M S" extra="dem"/>
			<t id="s2_12" word="que" lemma="que" pos="spec" morph="M S" extra="clb clb-fs rel"/>
			<t id="s2_13" word="não" lemma="não" pos="adv" morph="--" extra="--"/>
			<t id="s2_14" word="gostei" lemma="gostar" pos="v-fin" morph="PS 1S IND VFIN" extra="vH mv np-close"/>
			<t id="s2_15" word="vou" lemma="ir" pos="v-fin" morph="PR 1S IND VFIN" extra="cjt-STA fmc aux"/>
			<t id="s2_16" word="comprar" lemma="comprar" pos="v-inf" morph="--" extra="vH mv"/>
			<t id="s2_17" word="." lemma="--" pos="pu" morph="--" extra="--"/>
		</terminals>

		<nonterminals>
			<nt id="s2_500" cat="s">
				<edge label="STA" idref="s2_501"/>
			</nt>
			<nt id="s2_501" cat="par">
				<edge label="CJT" idref="s2_502"/>
				<edge label="CJT" idref="s2_503"/>
				<edge label="CJT" idref="s2_507"/>
				<edge label="PU" idref="s2_17"/>
			</nt>
			<nt id="s2_502" cat="fcl">
				<edge label="fA" idref="s2_1"/>
				<edge label="P" idref="s2_2"/>
				<edge label="As" idref="s2_3"/>
			</nt>
			<nt id="s2_503" cat="x">
				<edge label="P" idref="s2_4"/>
				<edge label="fA" idref="s2_504"/>
				<edge label="Od" idref="s2_7"/>
			</nt>
			<nt id="s2_504" cat="pp">
				<edge label="H" idref="s2_5"/>
				<edge label="DP" idref="s2_505"/>
			</nt>
			<nt id="s2_505" cat="np">
				<edge label="H" idref="s2_6"/>
				<edge label="DN" idref="s2_506"/>
				<edge label="DN" idref="s2_508"/>
			</nt>
			<nt id="s2_506" cat="fcl">
				<edge label="S" idref="s2_8"/>
				<edge label="P" idref="s2_9"/>
			</nt>
			<nt id="s2_507" cat="fcl">
				<edge label="S" idref="s2_10"/>
				<edge label="S" idref="s2_11"/>
				<edge label="P" idref="s2_509"/>
			</nt>
			<nt id="s2_508" cat="fcl">
				<edge label="S" idref="s2_12"/>
				<edge label="fA" idref="s2_13"/>
				<edge label="P" idref="s2_14"/>
			</nt>
			<nt id="s2_509" cat="vp">
				<edge label="Vaux" idref="s2_15"/>
				<edge label="Vm" idref="s2_16"/>
			</nt>
		</nonterminals>
	</graph>
</s>

	</body>
</corpus>
