<?xml version="1.0" encoding="UTF-8"?>
<corpus>

	<body>
<s id="s1" ref="1" source="Running text" forest="1" text="bom o que gostei e um produto comum o que não gostei comum.">
	<graph root="s1_500">
		<terminals>
			<t id="s1_1" word="bom" lemma="bom" pos="adj" morph="M S" extra="cjt-head cjt-head-X jh"/>
			<t id="s1_2" word="o" lemma="o" pos="pron-dem" morph="DET M S" extra="cjt-X dem"/>
			<t id="s1_3" word="que" lemma="que" pos="spec" morph="M S" extra="clb clb-fs rel"/>
			<t id="s1_4" word="gostei" lemma="gostar" pos="v-fin" morph="PS 1S IND VFIN" extra="vH mv np-close"/>
			<t id="s1_5" word="e" lemma="e" pos="conj-c" morph="--" extra="--"/>
			<t id="s1_6" word="um" lemma="um" pos="art" morph="M S" extra="--"/>
			<t id="s1_7" word="produto" lemma="produto" pos="n" morph="M S" sem="cc-h mon ac-cat" extra="--"/>
			<t id="s1_8" word="comum" lemma="comum" pos="adj" morph="M S" extra="np-close"/>
			<t id="s1_9" word="o_que" lemma="o_que" pos="spec" morph="M S" extra="clb rel"/>
			<t id="s1_10" word="não" lemma="não" pos="adv" morph="--" extra="--"/>
			<t id="s1_11" word="gostei" lemma="gostar" pos="v-fin" morph="PS 1S IND VFIN" extra="vH mv"/>
			<t id="s1_12" word="comum" lemma="comum" pos="adj" morph="M/F S" extra="--"/>
			<t id="s1_13" word="." lemma="--" pos="pu" morph="--" extra="--"/>
		</terminals>

		<nonterminals>
			<nt id="s1_500" cat="s">
				<edge label="X" idref="s1_501"/>
			</nt>
			<nt id="s1_501" cat="par">
				<edge label="CJT" idref="s1_1"/>
				<edge label="CJT" idref="s1_502"/>
				<edge label="DN" idref="s1_503"/>
				<edge label="fCs" idref="s1_504"/>
				<edge label="PU" idref="s1_13"/>
			</nt>
			<nt id="s1_502" cat="adjp">
				<edge label="H" idref="s1_2"/>
			</nt>
			<nt id="s1_503" cat="fcl">
				<edge label="S" idref="s1_3"/>
				<edge label="P" idref="s1_4"/>
			</nt>
			<nt id="s1_504" cat="np">
				<edge label="DN" idref="s1_505"/>
				<edge label="DN" idref="s1_6"/>
				<edge label="H" idref="s1_7"/>
				<edge label="-DN" idref="s1_8"/>
				<edge label="STA" idref="s1_506"/>
			</nt>
			<nt id="s1_505" cat="adjp">
				<edge label="CO" idref="s1_5"/>
			</nt>
			<nt id="s1_506" cat="fcl">
				<edge label="X" idref="s1_9"/>
				<edge label="fA" idref="s1_10"/>
				<edge label="P" idref="s1_11"/>
				<edge label="fCs" idref="s1_12"/>
			</nt>
		</nonterminals>
	</graph>
</s>

	</body>
</corpus>
