<?xml version="1.0" encoding="UTF-8"?>
<corpus>

	<body>
<s id="s1" ref="1" source="Running text" forest="1" text="ótimo aparelho para quem mora fora de o brasil.">
	<graph root="s1_500">
		<terminals>
			<t id="s1_1" word="ótimo" lemma="bom" pos="adj" morph="M S" extra="SUP"/>
			<t id="s1_2" word="aparelho" lemma="aparelho" pos="n" morph="M S" sem="tool" extra="--"/>
			<t id="s1_3" word="para" lemma="para" pos="prp" morph="--" extra="np-close"/>
			<t id="s1_4" word="quem" lemma="quem" pos="spec" morph="M/F S" extra="clb clb-fs rel"/>
			<t id="s1_5" word="mora" lemma="morar" pos="v-fin" morph="PR 3S IND VFIN" extra="mv"/>
			<t id="s1_6" word="fora_de" lemma="fora_de" pos="prp" morph="--" extra="sam-"/>
			<t id="s1_7" word="o" lemma="o" pos="art" morph="M S" extra=" -sam"/>
			<t id="s1_8" word="brasil" lemma="brasil" pos="adj" morph="M S" extra="n DERS jh"/>
			<t id="s1_9" word="." lemma="--" pos="pu" morph="--" extra="--"/>
		</terminals>

		<nonterminals>
			<nt id="s1_500" cat="s">
				<edge label="X" idref="s1_501"/>
			</nt>
			<nt id="s1_501" cat="np">
				<edge label="DN" idref="s1_1"/>
				<edge label="H" idref="s1_2"/>
				<edge label="DN" idref="s1_502"/>
				<edge label="PU" idref="s1_9"/>
			</nt>
			<nt id="s1_502" cat="pp">
				<edge label="H" idref="s1_3"/>
				<edge label="DP" idref="s1_503"/>
			</nt>
			<nt id="s1_503" cat="fcl">
				<edge label="S" idref="s1_4"/>
				<edge label="P" idref="s1_5"/>
				<edge label="As" idref="s1_504"/>
			</nt>
			<nt id="s1_504" cat="pp">
				<edge label="H" idref="s1_6"/>
				<edge label="DP" idref="s1_505"/>
			</nt>
			<nt id="s1_505" cat="np">
				<edge label="DN" idref="s1_7"/>
				<edge label="H" idref="s1_8"/>
			</nt>
		</nonterminals>
	</graph>
</s>

<s id="s2" ref="2" source="Running text" forest="1" text="o que gostei aparelho muito funcional, conecta na internet fácil, bom acabamento.">
	<graph root="s2_500">
		<terminals>
			<t id="s2_1" word="o" lemma="o" pos="pron-dem" morph="DET M S" extra="dem"/>
			<t id="s2_2" word="que" lemma="que" pos="spec" morph="M S" extra="clb clb-fs rel"/>
			<t id="s2_3" word="gostei" lemma="gostar" pos="v-fin" morph="PS 1S IND VFIN" extra="vH mv np-close"/>
			<t id="s2_4" word="aparelho" lemma="aparelho" pos="n" morph="M S" sem="tool" extra="--"/>
			<t id="s2_5" word="muito" lemma="muito" pos="adv" morph="--" extra="quant"/>
			<t id="s2_6" word="funcional" lemma="funcional" pos="adj" morph="M/F S" extra="nh np-close"/>
			<t id="s2_7" word="," lemma="--" pos="pu" morph="--" extra="--"/>
			<t id="s2_8" word="conecta" lemma="conectar" pos="v-fin" morph="PR 3S IND VFIN" extra="fmc mv"/>
			<t id="s2_9" word="em" lemma="em" pos="prp" morph="--" extra="sam-"/>
			<t id="s2_10" word="a" lemma="o" pos="art" morph="F S" extra="-sam "/>
			<t id="s2_11" word="internet" lemma="internet" pos="n" morph="F S" sem="Labs" extra="--"/>
			<t id="s2_12" word="fácil" lemma="fácil" pos="adj" morph="F S" extra="np-close"/>
			<t id="s2_13" word="," lemma="--" pos="pu" morph="--" extra="--"/>
			<t id="s2_14" word="bom" lemma="bom" pos="adj" morph="M S" extra="jh"/>
			<t id="s2_15" word="acabamento" lemma="acabamento" pos="n" morph="M S" sem="act" extra="np-close"/>
			<t id="s2_16" word="." lemma="--" pos="pu" morph="--" extra="--"/>
		</terminals>

		<nonterminals>
			<nt id="s2_500" cat="s">
				<edge label="UTT" idref="s2_501"/>
			</nt>
			<nt id="s2_501" cat="x">
				<edge label="DN" idref="s2_503"/>
				<edge label="S" idref="s2_2"/>
				<edge label="P" idref="s2_3"/>
				<edge label="fCs" idref="s2_504"/>
				<edge label="PU" idref="s2_7"/>
				<edge label="P" idref="s2_8"/>
				<edge label="fA" idref="s2_506"/>
				<edge label="PU" idref="s2_16"/>
			</nt>
			<nt id="s2_502" cat="fcl">
				<edge label="S" idref="s2_1"/>
			</nt>
			<nt id="s2_503" cat="fcl">
			</nt>
			<nt id="s2_504" cat="np">
				<edge label="H" idref="s2_4"/>
				<edge label="DN" idref="s2_505"/>
			</nt>
			<nt id="s2_505" cat="adjp">
				<edge label="DA" idref="s2_5"/>
				<edge label="H" idref="s2_6"/>
			</nt>
			<nt id="s2_506" cat="pp">
				<edge label="H" idref="s2_9"/>
				<edge label="DP" idref="s2_507"/>
			</nt>
			<nt id="s2_507" cat="np">
				<edge label="DN" idref="s2_10"/>
				<edge label="H" idref="s2_11"/>
				<edge label="DN" idref="s2_12"/>
				<edge label="PU" idref="s2_13"/>
				<edge label="DNc" idref="s2_508"/>
			</nt>
			<nt id="s2_508" cat="np">
				<edge label="DN" idref="s2_14"/>
				<edge label="H" idref="s2_15"/>
			</nt>
		</nonterminals>
	</graph>
</s>

<s id="s3" ref="3" source="Running text" forest="1" text="display troca fácil em caso de quebra.">
	<graph root="s3_500">
		<terminals>
			<t id="s3_1" word="display" lemma="display" pos="n" morph="M S" sem="furn" extra="--"/>
			<t id="s3_2" word="troca" lemma="trocar" pos="v-fin" morph="PR 3S IND VFIN" extra="vH fmc mv"/>
			<t id="s3_3" word="fácil" lemma="fácil" pos="adj" morph="M/F S" extra="--"/>
			<t id="s3_4" word="em" lemma="em" pos="prp" morph="--" extra="--"/>
			<t id="s3_5" word="caso" lemma="caso" pos="n" morph="M S" sem="event ac-cat sem" extra="--"/>
			<t id="s3_6" word="de_quebra" lemma="de_quebra" pos="adj" morph="--" sem="pp" extra="--"/>
			<t id="s3_7" word="." lemma="--" pos="pu" morph="--" extra="--"/>
		</terminals>

		<nonterminals>
			<nt id="s3_500" cat="s">
				<edge label="STA" idref="s3_501"/>
			</nt>
			<nt id="s3_501" cat="fcl">
				<edge label="S" idref="s3_1"/>
				<edge label="P" idref="s3_2"/>
				<edge label="fCs" idref="s3_3"/>
				<edge label="fA" idref="s3_502"/>
				<edge label="PU" idref="s3_7"/>
			</nt>
			<nt id="s3_502" cat="pp">
				<edge label="H" idref="s3_4"/>
				<edge label="DP" idref="s3_503"/>
			</nt>
			<nt id="s3_503" cat="np">
				<edge label="H" idref="s3_5"/>
				<edge label="DN" idref="s3_6"/>
			</nt>
		</nonterminals>
	</graph>
</s>

<s id="s4" ref="4" source="Running text" forest="1" text="aparelho indicado exclusivamente para quem tem plano pós-pago full e mora em capital.">
	<graph root="s4_500">
		<terminals>
			<t id="s4_1" word="aparelho" lemma="aparelho" pos="n" morph="M S" sem="tool" extra="--"/>
			<t id="s4_2" word="indicado" lemma="indicar" pos="v-pcp" morph="M S" extra="np-close"/>
			<t id="s4_3" word="exclusivamente" lemma="exclusivamente" pos="adv" morph="--" extra="nh"/>
			<t id="s4_4" word="para" lemma="para" pos="prp" morph="--" extra="clb"/>
			<t id="s4_5" word="quem" lemma="quem" pos="spec" morph="M/F S/P" extra="rel"/>
			<t id="s4_6" word="tem" lemma="ter" pos="v-fin" morph="PR 3S IND VFIN" extra="nosubj nosubj cjt-head cjt-head-STA fmc mv"/>
			<t id="s4_7" word="plano" lemma="plano" pos="n" morph="M S" sem="sem-c geom Lsurf" extra="--"/>
			<t id="s4_8" word="pós-pago" lemma="pós-pagar" pos="v-pcp" morph="M S" extra="vH np-close"/>
			<t id="s4_9" word="full" lemma="full" pos="n" morph="M S" extra="foreign heur"/>
			<t id="s4_10" word="e" lemma="e" pos="conj-c" morph="--" extra="--"/>
			<t id="s4_11" word="mora" lemma="morar" pos="v-fin" morph="PR 3S IND VFIN" extra="cjt-STA fmc mv"/>
			<t id="s4_12" word="em" lemma="em" pos="prp" morph="--" extra="--"/>
			<t id="s4_13" word="capital" lemma="capital" pos="n" morph="M S" sem="mon" extra="--"/>
			<t id="s4_14" word="." lemma="--" pos="pu" morph="--" extra="--"/>
		</terminals>

		<nonterminals>
			<nt id="s4_500" cat="s">
				<edge label="X" idref="s4_501"/>
			</nt>
			<nt id="s4_501" cat="np">
				<edge label="H" idref="s4_1"/>
				<edge label="DN" idref="s4_2"/>
				<edge label="fA" idref="s4_3"/>
				<edge label="STA" idref="s4_502"/>
				<edge label="PU" idref="s4_14"/>
			</nt>
			<nt id="s4_502" cat="par">
				<edge label="CJT" idref="s4_503"/>
				<edge label="CJT" idref="s4_506"/>
			</nt>
			<nt id="s4_503" cat="fcl">
				<edge label="fA" idref="s4_504"/>
				<edge label="P" idref="s4_6"/>
				<edge label="Od" idref="s4_505"/>
			</nt>
			<nt id="s4_504" cat="pp">
				<edge label="H" idref="s4_4"/>
				<edge label="DP" idref="s4_5"/>
			</nt>
			<nt id="s4_505" cat="np">
				<edge label="H" idref="s4_7"/>
				<edge label="DN" idref="s4_8"/>
			</nt>
			<nt id="s4_506" cat="fcl">
				<edge label="S" idref="s4_9"/>
				<edge label="P" idref="s4_11"/>
				<edge label="As" idref="s4_507"/>
			</nt>
			<nt id="s4_507" cat="pp">
				<edge label="H" idref="s4_12"/>
				<edge label="DP" idref="s4_13"/>
			</nt>
		</nonterminals>
	</graph>
</s>

<s id="s5" ref="5" source="Running text" forest="1" text="o que não gostei só funciona se você usar o plano blackberry por a operadora, que custa caro.">
	<graph root="s5_500">
		<terminals>
			<t id="s5_1" word="o" lemma="o" pos="pron-dem" morph="DET M S" extra="dem"/>
			<t id="s5_2" word="que" lemma="que" pos="spec" morph="M S" extra="clb clb-fs rel"/>
			<t id="s5_3" word="não" lemma="não" pos="adv" morph="--" extra="--"/>
			<t id="s5_4" word="gostei" lemma="gostar" pos="v-fin" morph="PS 1S IND VFIN" extra="vH mv np-close"/>
			<t id="s5_5" word="só" lemma="só" pos="adv" morph="--" extra="--"/>
			<t id="s5_6" word="funciona" lemma="funcionar" pos="v-fin" morph="PR 3S IND VFIN" extra="fmc mv"/>
			<t id="s5_7" word="se" lemma="se" pos="conj-s" morph="--" extra="clb clb-fs"/>
			<t id="s5_8" word="você" lemma="você" pos="pron-pers" morph="M/F 3S NOM" extra="--"/>
			<t id="s5_9" word="usar" lemma="usar" pos="v-fin" morph="FUT 3S SUBJ VFIN" extra="vH mv"/>
			<t id="s5_10" word="o" lemma="o" pos="art" morph="M S" extra="--"/>
			<t id="s5_11" word="plano" lemma="plano" pos="adj" morph="M S" extra="nh"/>
			<t id="s5_12" word="blackberry" lemma="blackberry" pos="n" morph="M S" extra="foreign heur"/>
			<t id="s5_13" word="por" lemma="por" pos="prp" morph="--" extra="sam-"/>
			<t id="s5_14" word="a" lemma="o" pos="art" morph="F S" extra="-sam "/>
			<t id="s5_15" word="operadora" lemma="operadora" pos="n" morph="F S" sem="Hprof" extra="--"/>
			<t id="s5_16" word="," lemma="--" pos="pu" morph="--" extra="--"/>
			<t id="s5_17" word="que" lemma="que" pos="spec" morph="M S" extra="clb clb-fs rel"/>
			<t id="s5_18" word="custa" lemma="custar" pos="v-fin" morph="PR 3S IND VFIN" extra="vN mv np-close"/>
			<t id="s5_19" word="caro" lemma="caro" pos="adv" morph="--" extra="--"/>
			<t id="s5_20" word="." lemma="--" pos="pu" morph="--" extra="--"/>
		</terminals>

		<nonterminals>
			<nt id="s5_500" cat="s">
				<edge label="UTT" idref="s5_501"/>
			</nt>
			<nt id="s5_501" cat="x">
				<edge label="DN" idref="s5_503"/>
				<edge label="S" idref="s5_2"/>
				<edge label="fA" idref="s5_3"/>
				<edge label="P" idref="s5_4"/>
				<edge label="fA" idref="s5_5"/>
				<edge label="P" idref="s5_6"/>
				<edge label="fA" idref="s5_504"/>
				<edge label="PU" idref="s5_20"/>
			</nt>
			<nt id="s5_502" cat="fcl">
				<edge label="S" idref="s5_1"/>
			</nt>
			<nt id="s5_503" cat="fcl">
			</nt>
			<nt id="s5_504" cat="fcl">
				<edge label="SUB" idref="s5_7"/>
				<edge label="S" idref="s5_8"/>
				<edge label="P" idref="s5_9"/>
				<edge label="Od" idref="s5_505"/>
				<edge label="fA" idref="s5_506"/>
			</nt>
			<nt id="s5_505" cat="np">
				<edge label="DN" idref="s5_10"/>
				<edge label="DN" idref="s5_11"/>
				<edge label="H" idref="s5_12"/>
			</nt>
			<nt id="s5_506" cat="pp">
				<edge label="H" idref="s5_13"/>
				<edge label="DP" idref="s5_507"/>
			</nt>
			<nt id="s5_507" cat="np">
				<edge label="DN" idref="s5_14"/>
				<edge label="H" idref="s5_15"/>
				<edge label="PU" idref="s5_16"/>
				<edge label="DN" idref="s5_508"/>
			</nt>
			<nt id="s5_508" cat="fcl">
				<edge label="Od" idref="s5_17"/>
				<edge label="P" idref="s5_18"/>
				<edge label="fA" idref="s5_19"/>
			</nt>
		</nonterminals>
	</graph>
</s>

<s id="s6" ref="6" source="Running text" forest="1" text="não funciona em todo lugar a internet.">
	<graph root="s6_500">
		<terminals>
			<t id="s6_1" word="não" lemma="não" pos="adv" morph="--" extra="--"/>
			<t id="s6_2" word="funciona" lemma="funcionar" pos="v-fin" morph="PR 3S IND VFIN" extra="fmc mv"/>
			<t id="s6_3" word="em" lemma="em" pos="prp" morph="--" extra="--"/>
			<t id="s6_4" word="todo" lemma="todo" pos="pron-indef" morph="DET M S" extra="quant"/>
			<t id="s6_5" word="lugar" lemma="lugar" pos="n" morph="M S" sem="L Labs" extra="--"/>
			<t id="s6_6" word="a" lemma="o" pos="art" morph="F S" extra="--"/>
			<t id="s6_7" word="internet" lemma="internet" pos="n" morph="F S" extra="newlex"/>
			<t id="s6_8" word="." lemma="--" pos="pu" morph="--" extra="--"/>
		</terminals>

		<nonterminals>
			<nt id="s6_500" cat="s">
				<edge label="STA" idref="s6_501"/>
			</nt>
			<nt id="s6_501" cat="fcl">
				<edge label="fA" idref="s6_1"/>
				<edge label="P" idref="s6_2"/>
				<edge label="fA" idref="s6_502"/>
				<edge label="S" idref="s6_504"/>
				<edge label="PU" idref="s6_8"/>
			</nt>
			<nt id="s6_502" cat="pp">
				<edge label="H" idref="s6_3"/>
				<edge label="DP" idref="s6_503"/>
			</nt>
			<nt id="s6_503" cat="np">
				<edge label="DN" idref="s6_4"/>
				<edge label="H" idref="s6_5"/>
			</nt>
			<nt id="s6_504" cat="np">
				<edge label="DN" idref="s6_6"/>
				<edge label="H" idref="s6_7"/>
			</nt>
		</nonterminals>
	</graph>
</s>

<s id="s7" ref="7" source="Running text" forest="1" text="o sistema.">
	<graph root="s7_500">
		<terminals>
			<t id="s7_1" word="o" lemma="o" pos="art" morph="M S" extra="--"/>
			<t id="s7_2" word="sistema" lemma="sistema" pos="n" morph="M S" sem="ac" extra="--"/>
			<t id="s7_3" word="." lemma="--" pos="pu" morph="--" extra="--"/>
		</terminals>

		<nonterminals>
			<nt id="s7_500" cat="s">
				<edge label="X" idref="s7_501"/>
			</nt>
			<nt id="s7_501" cat="np">
				<edge label="DN" idref="s7_1"/>
				<edge label="H" idref="s7_2"/>
				<edge label="PU" idref="s7_3"/>
			</nt>
		</nonterminals>
	</graph>
</s>

<s id="s8" ref="8" source="Running text" forest="1" text="operacional é exclusivo, portanto muitas limitações de programas no brasil.">
	<graph root="s8_500">
		<terminals>
			<t id="s8_1" word="operacional" lemma="operacional" pos="adj" morph="M S" extra="nh"/>
			<t id="s8_2" word="é" lemma="ser" pos="v-fin" morph="PR 3S IND VFIN" extra="vK fmc mv"/>
			<t id="s8_3" word="exclusivo" lemma="exclusivo" pos="adj" morph="M S" extra="cjt-head cjt-head-Cs nh"/>
			<t id="s8_4" word="," lemma="--" pos="pu" morph="--" extra="--"/>
			<t id="s8_5" word="portanto" lemma="portanto" pos="adv" morph="--" extra="kc"/>
			<t id="s8_6" word="muitas" lemma="muito" pos="pron-indef" morph="DET F P" extra="quant"/>
			<t id="s8_7" word="limitações" lemma="limitação" pos="n" morph="F P" sem="act" extra="cjt-Cs"/>
			<t id="s8_8" word="de" lemma="de" pos="prp" morph="--" extra="np-close"/>
			<t id="s8_9" word="programas" lemma="programa" pos="n" morph="M P" sem="sem-c sem-r" extra="--"/>
			<t id="s8_10" word="em" lemma="em" pos="prp" morph="--" extra="sam- np-close"/>
			<t id="s8_11" word="o" lemma="o" pos="art" morph="M S" extra="-sam "/>
			<t id="s8_12" word="brasil" lemma="brasil" pos="adj" morph="M S" extra="n DERS jh"/>
			<t id="s8_13" word="." lemma="--" pos="pu" morph="--" extra="--"/>
		</terminals>

		<nonterminals>
			<nt id="s8_500" cat="s">
				<edge label="STA" idref="s8_501"/>
			</nt>
			<nt id="s8_501" cat="fcl">
				<edge label="S" idref="s8_1"/>
				<edge label="P" idref="s8_2"/>
				<edge label="Cs" idref="s8_502"/>
				<edge label="PU" idref="s8_4"/>
				<edge label="fA" idref="s8_5"/>
				<edge label="PU" idref="s8_13"/>
			</nt>
			<nt id="s8_502" cat="par">
				<edge label="CJT" idref="s8_3"/>
				<edge label="CJT" idref="s8_503"/>
			</nt>
			<nt id="s8_503" cat="np">
				<edge label="DN" idref="s8_6"/>
				<edge label="H" idref="s8_7"/>
				<edge label="DN" idref="s8_504"/>
			</nt>
			<nt id="s8_504" cat="pp">
				<edge label="H" idref="s8_8"/>
				<edge label="DP" idref="s8_505"/>
			</nt>
			<nt id="s8_505" cat="np">
				<edge label="H" idref="s8_9"/>
				<edge label="DN" idref="s8_506"/>
			</nt>
			<nt id="s8_506" cat="pp">
				<edge label="H" idref="s8_10"/>
				<edge label="DP" idref="s8_507"/>
			</nt>
			<nt id="s8_507" cat="np">
				<edge label="DN" idref="s8_11"/>
				<edge label="H" idref="s8_12"/>
			</nt>
		</nonterminals>
	</graph>
</s>

<s id="s9" ref="9" source="Running text" forest="1" text="se a bateria descarrega completamente ele não liga mais.">
	<graph root="s9_500">
		<terminals>
			<t id="s9_1" word="se" lemma="se" pos="conj-s" morph="--" extra="clb clb-fs"/>
			<t id="s9_2" word="a" lemma="o" pos="art" morph="F S" extra="--"/>
			<t id="s9_3" word="bateria" lemma="bateria" pos="n" morph="F S" sem="tool" extra="--"/>
			<t id="s9_4" word="descarrega" lemma="descarregar" pos="v-fin" morph="PR 3S IND VFIN" extra="vH mv"/>
			<t id="s9_5" word="completamente" lemma="completamente" pos="adv" morph="--" extra="nh"/>
			<t id="s9_6" word="ele" lemma="ele" pos="pron-pers" morph="M 3S NOM" extra="--"/>
			<t id="s9_7" word="não" lemma="não" pos="adv" morph="--" extra="--"/>
			<t id="s9_8" word="liga" lemma="ligar" pos="v-fin" morph="PR 3S IND VFIN" extra="fmc mv"/>
			<t id="s9_9" word="mais" lemma="mais" pos="adv" morph="--" extra="--"/>
			<t id="s9_10" word="." lemma="--" pos="pu" morph="--" extra="--"/>
		</terminals>

		<nonterminals>
			<nt id="s9_500" cat="s">
				<edge label="STA" idref="s9_501"/>
			</nt>
			<nt id="s9_501" cat="fcl">
				<edge label="fA" idref="s9_502"/>
				<edge label="S" idref="s9_6"/>
				<edge label="fA" idref="s9_7"/>
				<edge label="P" idref="s9_8"/>
				<edge label="fA" idref="s9_9"/>
				<edge label="PU" idref="s9_10"/>
			</nt>
			<nt id="s9_502" cat="fcl">
				<edge label="SUB" idref="s9_1"/>
				<edge label="S" idref="s9_503"/>
				<edge label="P" idref="s9_4"/>
				<edge label="fA" idref="s9_5"/>
			</nt>
			<nt id="s9_503" cat="np">
				<edge label="DN" idref="s9_2"/>
				<edge label="H" idref="s9_3"/>
			</nt>
		</nonterminals>
	</graph>
</s>

<s id="s10" ref="10" source="Running text" forest="1" text="assistência técnica não existe.">
	<graph root="s10_500">
		<terminals>
			<t id="s10_1" word="assistência" lemma="assistência" pos="n" morph="F S" sem="am" extra="--"/>
			<t id="s10_2" word="técnica" lemma="técnico" pos="adj" morph="F S" extra="nh np-close"/>
			<t id="s10_3" word="não" lemma="não" pos="adv" morph="--" extra="--"/>
			<t id="s10_4" word="existe" lemma="existir" pos="v-fin" morph="PR 3S IND VFIN" extra="fmc mv"/>
			<t id="s10_5" word="." lemma="--" pos="pu" morph="--" extra="--"/>
		</terminals>

		<nonterminals>
			<nt id="s10_500" cat="s">
				<edge label="STA" idref="s10_501"/>
			</nt>
			<nt id="s10_501" cat="fcl">
				<edge label="S" idref="s10_502"/>
				<edge label="fA" idref="s10_3"/>
				<edge label="P" idref="s10_4"/>
				<edge label="PU" idref="s10_5"/>
			</nt>
			<nt id="s10_502" cat="np">
				<edge label="H" idref="s10_1"/>
				<edge label="DN" idref="s10_2"/>
			</nt>
		</nonterminals>
	</graph>
</s>

<s id="s11" ref="11" source="Running text" forest="1" text="cabeça e touchscreen ruins.">
	<graph root="s11_500">
		<terminals>
			<t id="s11_1" word="cabeça" lemma="cabeça" pos="n" morph="F S" sem="anmov cc pos-soc Azo" extra="cjt-head cjt-head-X"/>
			<t id="s11_2" word="e" lemma="e" pos="conj-c" morph="--" extra="--"/>
			<t id="s11_3" word="touchscreen" lemma="touchscreen" pos="n" morph="M S" extra="cjt-X foreign heur"/>
			<t id="s11_4" word="ruins" lemma="ruim" pos="adj" morph="M P" extra="np-close"/>
			<t id="s11_5" word="." lemma="--" pos="pu" morph="--" extra="--"/>
		</terminals>

		<nonterminals>
			<nt id="s11_500" cat="s">
				<edge label="X" idref="s11_501"/>
			</nt>
			<nt id="s11_501" cat="par">
				<edge label="CJT" idref="s11_1"/>
				<edge label="CJT" idref="s11_502"/>
				<edge label="PU" idref="s11_5"/>
			</nt>
			<nt id="s11_502" cat="np">
				<edge label="DN" idref="s11_503"/>
				<edge label="H" idref="s11_3"/>
				<edge label="-DN" idref="s11_4"/>
			</nt>
			<nt id="s11_503" cat="adjp">
				<edge label="CO" idref="s11_2"/>
			</nt>
		</nonterminals>
	</graph>
</s>

<s id="s12" ref="12" source="Running text" forest="1" text="quis que o meu desse certo, pois paguei caríssimo, mas não deu..">
	<graph root="s12_500">
		<terminals>
			<t id="s12_1" word="quis" lemma="querer" pos="v-fin" morph="PS 1/3S IND VFIN" extra="nosubj nosubj cjt-head cjt-head-STA vH fmc mv"/>
			<t id="s12_2" word="que" lemma="que" pos="conj-s" morph="--" extra="clb clb-fs"/>
			<t id="s12_3" word="o" lemma="o" pos="art" morph="M S" extra="--"/>
			<t id="s12_4" word="meu" lemma="meu" pos="pron-poss" morph="DET M S" extra="poss 1S"/>
			<t id="s12_5" word="de" lemma="de" pos="prp" morph="--" extra="sam-"/>
			<t id="s12_6" word="esse" lemma="esse" pos="pron-dem" morph="DET M S" extra="dem -sam"/>
			<t id="s12_7" word="certo" lemma="certo" pos="adj" morph="M S" extra="n jh"/>
			<t id="s12_8" word="," lemma="--" pos="pu" morph="--" extra="--"/>
			<t id="s12_9" word="pois" lemma="pois" pos="conj-s" morph="--" extra="clb"/>
			<t id="s12_10" word="paguei" lemma="pagar" pos="v-fin" morph="PS 1S IND VFIN" extra="vH mv"/>
			<t id="s12_11" word="caríssimo" lemma="caríssimo" pos="adj" morph="M S" extra="--"/>
			<t id="s12_12" word="," lemma="--" pos="pu" morph="--" extra="--"/>
			<t id="s12_13" word="mas" lemma="mas" pos="conj-c" morph="--" extra="clb"/>
			<t id="s12_14" word="não" lemma="não" pos="adv" morph="--" extra="--"/>
			<t id="s12_15" word="deu" lemma="dar" pos="v-fin" morph="PS 3S IND VFIN" extra="nosubj nosubj cjt-STA fmc mv"/>
			<t id="s12_16" word="." lemma="--" pos="pu" morph="--" extra="--"/>
			<t id="s12_17" word="." lemma="--" pos="pu" morph="--" extra="--"/>
		</terminals>

		<nonterminals>
			<nt id="s12_500" cat="s">
				<edge label="STA" idref="s12_501"/>
			</nt>
			<nt id="s12_501" cat="par">
				<edge label="CJT" idref="s12_502"/>
				<edge label="SUB" idref="s12_2"/>
				<edge label="PU" idref="s12_12"/>
				<edge label="CO" idref="s12_13"/>
				<edge label="CJT" idref="s12_508"/>
				<edge label="PU" idref="s12_16"/>
				<edge label="PU" idref="s12_17"/>
			</nt>
			<nt id="s12_502" cat="fcl">
				<edge label="P" idref="s12_1"/>
				<edge label="Od" idref="s12_503"/>
				<edge label="fA" idref="s12_505"/>
			</nt>
			<nt id="s12_503" cat="fcl">
				<edge label="fCs" idref="s12_504"/>
				<edge label="Cs" idref="s12_4"/>
			</nt>
			<nt id="s12_504" cat="np">
				<edge label="DN" idref="s12_3"/>
			</nt>
			<nt id="s12_505" cat="pp">
				<edge label="H" idref="s12_5"/>
				<edge label="DP" idref="s12_506"/>
				<edge label="PU" idref="s12_8"/>
				<edge label="fA" idref="s12_9"/>
				<edge label="P" idref="s12_10"/>
				<edge label="fCs" idref="s12_507"/>
			</nt>
			<nt id="s12_506" cat="np">
				<edge label="DN" idref="s12_6"/>
				<edge label="H" idref="s12_7"/>
			</nt>
			<nt id="s12_507" cat="np">
				<edge label="H" idref="s12_11"/>
			</nt>
			<nt id="s12_508" cat="x">
				<edge label="fA" idref="s12_14"/>
				<edge label="P" idref="s12_15"/>
			</nt>
		</nonterminals>
	</graph>
</s>

	</body>
</corpus>
