<?xml version="1.0" encoding="UTF-8"?>
<corpus>

	<body>
<s id="s1" ref="1" source="Running text" forest="1" text="excelente produto, muito fácil de usar ou entender.">
	<graph root="s1_500">
		<terminals>
			<t id="s1_1" word="excelente" lemma="excelente" pos="adj" morph="M S" extra="--"/>
			<t id="s1_2" word="produto" lemma="produto" pos="n" morph="M S" sem="cc-h mon ac-cat" extra="--"/>
			<t id="s1_3" word="," lemma="--" pos="pu" morph="--" extra="--"/>
			<t id="s1_4" word="muito" lemma="muito" pos="adv" morph="--" extra="quant"/>
			<t id="s1_5" word="fácil" lemma="fácil" pos="adj" morph="M/F S" extra="np-close"/>
			<t id="s1_6" word="de" lemma="de" pos="prp" morph="--" extra="--"/>
			<t id="s1_7" word="usar" lemma="usar" pos="v-inf" morph="--" extra="cjt-head cjt-head-DP vH mv"/>
			<t id="s1_8" word="ou" lemma="ou" pos="conj-c" morph="--" extra="--"/>
			<t id="s1_9" word="entender" lemma="entender" pos="v-inf" morph="--" extra="cjt-DP vH mv"/>
			<t id="s1_10" word="." lemma="--" pos="pu" morph="--" extra="--"/>
		</terminals>

		<nonterminals>
			<nt id="s1_500" cat="s">
				<edge label="X" idref="s1_501"/>
			</nt>
			<nt id="s1_501" cat="np">
				<edge label="DN" idref="s1_1"/>
				<edge label="H" idref="s1_2"/>
				<edge label="PU" idref="s1_3"/>
				<edge label="DN" idref="s1_502"/>
				<edge label="PU" idref="s1_10"/>
			</nt>
			<nt id="s1_502" cat="adjp">
				<edge label="DA" idref="s1_4"/>
				<edge label="H" idref="s1_5"/>
				<edge label="DA" idref="s1_503"/>
			</nt>
			<nt id="s1_503" cat="pp">
				<edge label="H" idref="s1_6"/>
				<edge label="DP" idref="s1_504"/>
				<edge label="CO" idref="s1_8"/>
			</nt>
			<nt id="s1_504" cat="par">
				<edge label="CJT" idref="s1_7"/>
				<edge label="CJT" idref="s1_9"/>
			</nt>
		</nonterminals>
	</graph>
</s>

<s id="s2" ref="2" source="Running text" forest="1" text="aparelho muito simpático, em relação a o design e muito útil.">
	<graph root="s2_500">
		<terminals>
			<t id="s2_1" word="aparelho" lemma="aparelho" pos="n" morph="M S" sem="tool" extra="--"/>
			<t id="s2_2" word="muito" lemma="muito" pos="adv" morph="--" extra="quant"/>
			<t id="s2_3" word="simpático" lemma="simpático" pos="adj" morph="M S" extra="jh"/>
			<t id="s2_4" word="," lemma="--" pos="pu" morph="--" extra="--"/>
			<t id="s2_5" word="em_relação_a" lemma="em_relação_a" pos="prp" morph="--" extra="sam-"/>
			<t id="s2_6" word="o" lemma="o" pos="art" morph="M S" extra=" -sam"/>
			<t id="s2_7" word="design" lemma="design" pos="n" morph="M S" sem="percep-f domain" extra="cjt-head cjt-head-DP"/>
			<t id="s2_8" word="e" lemma="e" pos="conj-c" morph="--" extra="--"/>
			<t id="s2_9" word="muito" lemma="muito" pos="adv" morph="--" extra="quant"/>
			<t id="s2_10" word="útil" lemma="útil" pos="adj" morph="M/F S" extra="cjt-DP nh"/>
			<t id="s2_11" word="." lemma="--" pos="pu" morph="--" extra="--"/>
		</terminals>

		<nonterminals>
			<nt id="s2_500" cat="s">
				<edge label="X" idref="s2_501"/>
			</nt>
			<nt id="s2_501" cat="np">
				<edge label="H" idref="s2_1"/>
				<edge label="fCs" idref="s2_502"/>
				<edge label="DA" idref="s2_2"/>
				<edge label="H" idref="s2_3"/>
				<edge label="PU" idref="s2_4"/>
				<edge label="fA" idref="s2_503"/>
				<edge label="PU" idref="s2_11"/>
			</nt>
			<nt id="s2_502" cat="adjp">
			</nt>
			<nt id="s2_503" cat="pp">
				<edge label="H" idref="s2_5"/>
				<edge label="DP" idref="s2_504"/>
			</nt>
			<nt id="s2_504" cat="par">
				<edge label="CJT" idref="s2_505"/>
				<edge label="CO" idref="s2_8"/>
				<edge label="CJT" idref="s2_506"/>
			</nt>
			<nt id="s2_505" cat="np">
				<edge label="DN" idref="s2_6"/>
				<edge label="H" idref="s2_7"/>
			</nt>
			<nt id="s2_506" cat="adjp">
				<edge label="DA" idref="s2_9"/>
				<edge label="H" idref="s2_10"/>
			</nt>
		</nonterminals>
	</graph>
</s>

<s id="s3" ref="3" source="Running text" forest="1" text="ótimos aplicativos disponíveis para baixar, tanto de graça quanto os pagos.">
	<graph root="s3_500">
		<terminals>
			<t id="s3_1" word="ótimos" lemma="bom" pos="adj" morph="M P" extra="SUP jh"/>
			<t id="s3_2" word="aplicativos" lemma="aplicativo" pos="n" morph="M P" sem="sem-c" extra="cjt-head cjt-head-X"/>
			<t id="s3_3" word="disponíveis" lemma="disponível" pos="adj" morph="M P" extra="nh np-close"/>
			<t id="s3_4" word="para" lemma="para" pos="prp" morph="--" extra="np-long"/>
			<t id="s3_5" word="baixar" lemma="baixar" pos="v-inf" morph="--" extra="mv"/>
			<t id="s3_6" word="," lemma="--" pos="pu" morph="--" extra="--"/>
			<t id="s3_7" word="tanto" lemma="tanto" pos="adv" morph="--" extra="quant KOMP"/>
			<t id="s3_8" word="de_graça" lemma="de_graça" pos="adv" morph="--" sem="pp" extra="--"/>
			<t id="s3_9" word="quanto" lemma="quanto" pos="adv" morph="--" extra="clb-fs rel ks quant"/>
			<t id="s3_10" word="os" lemma="o" pos="art" morph="M P" extra="--"/>
			<t id="s3_11" word="pagos" lemma="pagar" pos="v-pcp" morph="M P" extra="cjt-X n vH"/>
			<t id="s3_12" word="." lemma="--" pos="pu" morph="--" extra="--"/>
		</terminals>

		<nonterminals>
			<nt id="s3_500" cat="s">
				<edge label="X" idref="s3_501"/>
			</nt>
			<nt id="s3_501" cat="par">
				<edge label="CJT" idref="s3_502"/>
				<edge label="CJT" idref="s3_506"/>
				<edge label="PU" idref="s3_12"/>
			</nt>
			<nt id="s3_502" cat="np">
				<edge label="DN" idref="s3_1"/>
				<edge label="H" idref="s3_2"/>
				<edge label="DN" idref="s3_3"/>
				<edge label="DN" idref="s3_503"/>
			</nt>
			<nt id="s3_503" cat="pp">
				<edge label="H" idref="s3_4"/>
				<edge label="DP" idref="s3_504"/>
			</nt>
			<nt id="s3_504" cat="icl">
				<edge label="P" idref="s3_5"/>
				<edge label="PU" idref="s3_6"/>
				<edge label="fA" idref="s3_505"/>
				<edge label="fA" idref="s3_9"/>
			</nt>
			<nt id="s3_505" cat="advp">
				<edge label="DA" idref="s3_7"/>
				<edge label="H" idref="s3_8"/>
			</nt>
			<nt id="s3_506" cat="np">
				<edge label="DN" idref="s3_10"/>
				<edge label="H" idref="s3_11"/>
			</nt>
		</nonterminals>
	</graph>
</s>

<s id="s4" ref="4" source="Running text" forest="1" text="tem várias opções de customização e ótima resolução da câmera.">
	<graph root="s4_500">
		<terminals>
			<t id="s4_1" word="tem" lemma="ter" pos="v-fin" morph="PR 3S IND VFIN" extra="fmc mv"/>
			<t id="s4_2" word="várias" lemma="várias" pos="pron-indef" morph="DET F P" extra="quant"/>
			<t id="s4_3" word="opções" lemma="opção" pos="n" morph="F P" sem="sem-c" extra="--"/>
			<t id="s4_4" word="de" lemma="de" pos="prp" morph="--" extra="np-close"/>
			<t id="s4_5" word="customização" lemma="customização" pos="n" morph="F S" sem="act" extra="cjt-head cjt-head-DP"/>
			<t id="s4_6" word="e" lemma="e" pos="conj-c" morph="--" extra="--"/>
			<t id="s4_7" word="ótima" lemma="bom" pos="adj" morph="F S" extra="SUP jh"/>
			<t id="s4_8" word="resolução" lemma="resolução" pos="n" morph="F S" sem="act" extra="cjt-DP"/>
			<t id="s4_9" word="de" lemma="de" pos="prp" morph="--" extra="sam- np-close"/>
			<t id="s4_10" word="a" lemma="o" pos="art" morph="F S" extra="-sam "/>
			<t id="s4_11" word="câmera" lemma="c�=mera" pos="n" morph="F S" sem="tool" extra="--"/>
			<t id="s4_12" word="." lemma="--" pos="pu" morph="--" extra="--"/>
		</terminals>

		<nonterminals>
			<nt id="s4_500" cat="s">
				<edge label="STA" idref="s4_501"/>
			</nt>
			<nt id="s4_501" cat="fcl">
				<edge label="P" idref="s4_1"/>
				<edge label="Od" idref="s4_502"/>
				<edge label="PU" idref="s4_12"/>
			</nt>
			<nt id="s4_502" cat="np">
				<edge label="DN" idref="s4_2"/>
				<edge label="H" idref="s4_3"/>
				<edge label="DN" idref="s4_503"/>
			</nt>
			<nt id="s4_503" cat="pp">
				<edge label="H" idref="s4_4"/>
				<edge label="DP" idref="s4_504"/>
			</nt>
			<nt id="s4_504" cat="par">
				<edge label="CJT" idref="s4_5"/>
				<edge label="CJT" idref="s4_505"/>
			</nt>
			<nt id="s4_505" cat="np">
				<edge label="DN" idref="s4_506"/>
				<edge label="DN" idref="s4_7"/>
				<edge label="H" idref="s4_8"/>
				<edge label="-DN" idref="s4_9"/>
			</nt>
			<nt id="s4_506" cat="pp">
				<edge label="CO" idref="s4_6"/>
				<edge label="DP" idref="s4_507"/>
				<edge label="H" idref="s4_11"/>
			</nt>
			<nt id="s4_507" cat="np">
				<edge label="DN" idref="s4_10"/>
			</nt>
		</nonterminals>
	</graph>
</s>

<s id="s5" ref="5" source="Running text" forest="1" text="únicos pontos negativos do produto, na minha opinião, são bluetooth e a sua duração da bateria, que dura pouco se o aparelho for usado na opção de máxima luminosidade.">
	<graph root="s5_500">
		<terminals>
			<t id="s5_1" word="únicos" lemma="único" pos="adj" morph="M P" extra="jh"/>
			<t id="s5_2" word="pontos" lemma="ponto" pos="n" morph="M P" sem="Labs geom temp Lh sem-c unit" extra="--"/>
			<t id="s5_3" word="negativos" lemma="negativo" pos="adj" morph="M P" extra="nh np-close"/>
			<t id="s5_4" word="de" lemma="de" pos="prp" morph="--" extra="sam- np-close"/>
			<t id="s5_5" word="o" lemma="o" pos="art" morph="M S" extra="-sam "/>
			<t id="s5_6" word="produto" lemma="produto" pos="n" morph="M S" sem="cc-h mon ac-cat" extra="--"/>
			<t id="s5_7" word="," lemma="--" pos="pu" morph="--" extra="--"/>
			<t id="s5_8" word="em" lemma="em" pos="prp" morph="--" extra="sam-"/>
			<t id="s5_9" word="a" lemma="o" pos="art" morph="F S" extra="-sam "/>
			<t id="s5_10" word="minha" lemma="meu" pos="pron-poss" morph="DET F S" extra="poss 1S"/>
			<t id="s5_11" word="opinião" lemma="opinião" pos="n" morph="F S" sem="sem-c" extra="--"/>
			<t id="s5_12" word="," lemma="--" pos="pu" morph="--" extra="--"/>
			<t id="s5_13" word="são" lemma="ser" pos="v-fin" morph="PR 3P IND VFIN" extra="vK fmc mv"/>
			<t id="s5_14" word="bluetooth" lemma="bluetooth" pos="n" morph="M S" extra="cjt-head cjt-head-Cs foreign heur"/>
			<t id="s5_15" word="e" lemma="e" pos="conj-c" morph="--" extra="--"/>
			<t id="s5_16" word="a" lemma="o" pos="art" morph="F S" extra="--"/>
			<t id="s5_17" word="sua" lemma="seu" pos="pron-poss" morph="DET F S" extra="poss 3S"/>
			<t id="s5_18" word="duração" lemma="duração" pos="n" morph="F S" sem="am" extra="cjt-Cs"/>
			<t id="s5_19" word="de" lemma="de" pos="prp" morph="--" extra="sam- np-close"/>
			<t id="s5_20" word="a" lemma="o" pos="art" morph="F S" extra="-sam "/>
			<t id="s5_21" word="bateria" lemma="bateria" pos="n" morph="F S" sem="tool" extra="--"/>
			<t id="s5_22" word="," lemma="--" pos="pu" morph="--" extra="--"/>
			<t id="s5_23" word="que" lemma="que" pos="spec" morph="M S" extra="clb clb-fs rel"/>
			<t id="s5_24" word="dura" lemma="durar" pos="v-fin" morph="PR 3S IND VFIN" extra="vN mv np-close"/>
			<t id="s5_25" word="pouco" lemma="pouco" pos="adv" morph="--" extra="quant"/>
			<t id="s5_26" word="se" lemma="se" pos="conj-s" morph="--" extra="clb clb-fs"/>
			<t id="s5_27" word="o" lemma="o" pos="art" morph="M S" extra="--"/>
			<t id="s5_28" word="aparelho" lemma="aparelho" pos="n" morph="M S" sem="tool" extra="--"/>
			<t id="s5_29" word="for" lemma="ser" pos="v-fin" morph="FUT 3S SUBJ VFIN" extra="aux"/>
			<t id="s5_30" word="usado" lemma="usar" pos="v-pcp" morph="M S" extra="vH mv"/>
			<t id="s5_31" word="em" lemma="em" pos="prp" morph="--" extra="sam-"/>
			<t id="s5_32" word="a" lemma="o" pos="art" morph="F S" extra="-sam "/>
			<t id="s5_33" word="opção" lemma="opção" pos="n" morph="F S" sem="sem-c" extra="--"/>
			<t id="s5_34" word="de" lemma="de" pos="prp" morph="--" extra="np-close"/>
			<t id="s5_35" word="máxima" lemma="grande" pos="adj" morph="F S" extra="SUP"/>
			<t id="s5_36" word="luminosidade" lemma="luminosidade" pos="n" morph="F S" sem="am" extra="--"/>
			<t id="s5_37" word="." lemma="--" pos="pu" morph="--" extra="--"/>
		</terminals>

		<nonterminals>
			<nt id="s5_500" cat="s">
				<edge label="STA" idref="s5_501"/>
			</nt>
			<nt id="s5_501" cat="fcl">
				<edge label="S" idref="s5_502"/>
				<edge label="PU" idref="s5_7"/>
				<edge label="fA" idref="s5_505"/>
				<edge label="PU" idref="s5_12"/>
				<edge label="P" idref="s5_13"/>
				<edge label="Cs" idref="s5_507"/>
				<edge label="PU" idref="s5_37"/>
			</nt>
			<nt id="s5_502" cat="np">
				<edge label="DN" idref="s5_1"/>
				<edge label="H" idref="s5_2"/>
				<edge label="DN" idref="s5_3"/>
				<edge label="DN" idref="s5_503"/>
			</nt>
			<nt id="s5_503" cat="pp">
				<edge label="H" idref="s5_4"/>
				<edge label="DP" idref="s5_504"/>
			</nt>
			<nt id="s5_504" cat="np">
				<edge label="DN" idref="s5_5"/>
				<edge label="H" idref="s5_6"/>
			</nt>
			<nt id="s5_505" cat="pp">
				<edge label="H" idref="s5_8"/>
				<edge label="DP" idref="s5_506"/>
			</nt>
			<nt id="s5_506" cat="np">
				<edge label="DN" idref="s5_9"/>
				<edge label="DN" idref="s5_10"/>
				<edge label="H" idref="s5_11"/>
			</nt>
			<nt id="s5_507" cat="par">
				<edge label="CJT" idref="s5_14"/>
				<edge label="CJT" idref="s5_508"/>
			</nt>
			<nt id="s5_508" cat="np">
				<edge label="DN" idref="s5_509"/>
				<edge label="DN" idref="s5_16"/>
				<edge label="DN" idref="s5_17"/>
				<edge label="H" idref="s5_18"/>
				<edge label="-DN" idref="s5_19"/>
			</nt>
			<nt id="s5_509" cat="pp">
				<edge label="CO" idref="s5_15"/>
				<edge label="DP" idref="s5_510"/>
			</nt>
			<nt id="s5_510" cat="np">
				<edge label="DN" idref="s5_20"/>
				<edge label="H" idref="s5_21"/>
				<edge label="PU" idref="s5_22"/>
				<edge label="DN" idref="s5_511"/>
			</nt>
			<nt id="s5_511" cat="fcl">
				<edge label="S" idref="s5_23"/>
				<edge label="P" idref="s5_24"/>
				<edge label="fA" idref="s5_25"/>
				<edge label="S" idref="s5_512"/>
			</nt>
			<nt id="s5_512" cat="fcl">
				<edge label="SUB" idref="s5_26"/>
				<edge label="S" idref="s5_513"/>
				<edge label="P" idref="s5_514"/>
				<edge label="fA" idref="s5_515"/>
			</nt>
			<nt id="s5_513" cat="np">
				<edge label="DN" idref="s5_27"/>
				<edge label="H" idref="s5_28"/>
			</nt>
			<nt id="s5_514" cat="vp">
				<edge label="Vaux" idref="s5_29"/>
				<edge label="Vm" idref="s5_30"/>
			</nt>
			<nt id="s5_515" cat="pp">
				<edge label="H" idref="s5_31"/>
				<edge label="DP" idref="s5_516"/>
			</nt>
			<nt id="s5_516" cat="np">
				<edge label="DN" idref="s5_32"/>
				<edge label="H" idref="s5_33"/>
				<edge label="DN" idref="s5_517"/>
			</nt>
			<nt id="s5_517" cat="pp">
				<edge label="H" idref="s5_34"/>
				<edge label="DP" idref="s5_518"/>
			</nt>
			<nt id="s5_518" cat="np">
				<edge label="DN" idref="s5_35"/>
				<edge label="H" idref="s5_36"/>
			</nt>
		</nonterminals>
	</graph>
</s>

<s id="s6" ref="6" source="Running text" forest="1" text="recomendo por todos os pontos já citados entre outros, realmente é uma ótima opção de compra!.">
	<graph root="s6_500">
		<terminals>
			<t id="s6_1" word="recomendo" lemma="recomendar" pos="v-fin" morph="PR 1S IND VFIN" extra="nosubj nosubj cjt-head cjt-head-STA vH fmc mv"/>
			<t id="s6_2" word="por" lemma="por" pos="prp" morph="--" extra="--"/>
			<t id="s6_3" word="todos_os" lemma="todo_o" pos="pron-indef" morph="DET M P" extra="quant"/>
			<t id="s6_4" word="pontos" lemma="ponto" pos="n" morph="M P" sem="Labs geom temp Lh sem-c unit" extra="--"/>
			<t id="s6_5" word="já" lemma="já" pos="adv" morph="--" extra="--"/>
			<t id="s6_6" word="citados" lemma="citar" pos="v-pcp" morph="M P" extra="vH jh mv np-close"/>
			<t id="s6_7" word="entre" lemma="entre" pos="prp" morph="--" extra="np-close"/>
			<t id="s6_8" word="outros" lemma="outro" pos="pron-indef" morph="DET M P" extra="diff KOMP"/>
			<t id="s6_9" word="," lemma="--" pos="pu" morph="--" extra="--"/>
			<t id="s6_10" word="realmente" lemma="realmente" pos="adv" morph="--" extra="--"/>
			<t id="s6_11" word="é" lemma="ser" pos="v-fin" morph="PR 3S IND VFIN" extra="nosubj nosubj cjt-STA vK fmc mv"/>
			<t id="s6_12" word="uma" lemma="um" pos="art" morph="F S" extra="--"/>
			<t id="s6_13" word="ótima" lemma="bom" pos="adj" morph="F S" extra="SUP jh"/>
			<t id="s6_14" word="opção" lemma="opção" pos="n" morph="F S" sem="sem-c" extra="--"/>
			<t id="s6_15" word="de" lemma="de" pos="prp" morph="--" extra="np-close"/>
			<t id="s6_16" word="compra" lemma="compra" pos="n" morph="F S" sem="act cc" extra="--"/>
			<t id="s6_17" word="!" lemma="--" pos="pu" morph="--" extra="--"/>
			<t id="s6_18" word="." lemma="--" pos="pu" morph="--" extra="--"/>
		</terminals>

		<nonterminals>
			<nt id="s6_500" cat="s">
				<edge label="STA" idref="s6_501"/>
			</nt>
			<nt id="s6_501" cat="par">
				<edge label="CJT" idref="s6_502"/>
				<edge label="PU" idref="s6_9"/>
				<edge label="CJT" idref="s6_507"/>
				<edge label="PU" idref="s6_17"/>
				<edge label="PU" idref="s6_18"/>
			</nt>
			<nt id="s6_502" cat="fcl">
				<edge label="P" idref="s6_1"/>
				<edge label="fA" idref="s6_503"/>
			</nt>
			<nt id="s6_503" cat="pp">
				<edge label="H" idref="s6_2"/>
				<edge label="DP" idref="s6_504"/>
			</nt>
			<nt id="s6_504" cat="np">
				<edge label="DN" idref="s6_3"/>
				<edge label="H" idref="s6_4"/>
				<edge label="DN" idref="s6_505"/>
			</nt>
			<nt id="s6_505" cat="np">
				<edge label="fA" idref="s6_5"/>
				<edge label="P" idref="s6_6"/>
				<edge label="DN" idref="s6_506"/>
			</nt>
			<nt id="s6_506" cat="pp">
				<edge label="H" idref="s6_7"/>
				<edge label="DP" idref="s6_8"/>
			</nt>
			<nt id="s6_507" cat="x">
				<edge label="fA" idref="s6_10"/>
				<edge label="P" idref="s6_11"/>
				<edge label="Cs" idref="s6_508"/>
			</nt>
			<nt id="s6_508" cat="np">
				<edge label="DN" idref="s6_12"/>
				<edge label="DN" idref="s6_13"/>
				<edge label="H" idref="s6_14"/>
				<edge label="DN" idref="s6_509"/>
			</nt>
			<nt id="s6_509" cat="pp">
				<edge label="H" idref="s6_15"/>
				<edge label="DP" idref="s6_16"/>
			</nt>
		</nonterminals>
	</graph>
</s>

	</body>
</corpus>
