<?xml version="1.0" encoding="UTF-8"?>
<corpus>

	<body>
<s id="s1" ref="1" source="Running text" forest="1" text="a tim tem uma burocracia danada e e´ difícil resolver problemas por o telefone.">
	<graph root="s1_500">
		<terminals>
			<t id="s1_1" word="a" lemma="o" pos="art" morph="F S" extra="--"/>
			<t id="s1_2" word="tim" lemma="tim" pos="n" morph="F S" extra="DERS"/>
			<t id="s1_3" word="tem" lemma="ter" pos="v-fin" morph="PR 3S IND VFIN" extra="fmc mv"/>
			<t id="s1_4" word="uma" lemma="um" pos="art" morph="F S" extra="--"/>
			<t id="s1_5" word="burocracia" lemma="burocracia" pos="n" morph="F S" sem="HH" extra="--"/>
			<t id="s1_6" word="danada" lemma="danado" pos="adj" morph="F S" extra="jh np-close"/>
			<t id="s1_7" word="e" lemma="e" pos="conj-c" morph="--" extra="--"/>
			<t id="s1_8" word="e" lemma="e" pos="conj-c" morph="--" extra="--"/>
			<t id="s1_9" word="´" lemma="--" pos="pu" morph="--" extra="--"/>
			<t id="s1_10" word="difícil" lemma="difícil" pos="adj" morph="M/F S" extra="nh np-close"/>
			<t id="s1_11" word="resolver" lemma="resolver" pos="v-inf" morph="3S" extra="vH mv"/>
			<t id="s1_12" word="problemas" lemma="problema" pos="n" morph="M P" sem="ac" extra="--"/>
			<t id="s1_13" word="por" lemma="por" pos="prp" morph="--" extra="sam-"/>
			<t id="s1_14" word="o" lemma="o" pos="art" morph="M S" extra="-sam "/>
			<t id="s1_15" word="telefone" lemma="telefone" pos="n" morph="M S" sem="tool" extra="--"/>
			<t id="s1_16" word="." lemma="--" pos="pu" morph="--" extra="--"/>
		</terminals>

		<nonterminals>
			<nt id="s1_500" cat="s">
				<edge label="STA" idref="s1_501"/>
			</nt>
			<nt id="s1_501" cat="fcl">
				<edge label="S" idref="s1_502"/>
				<edge label="P" idref="s1_3"/>
				<edge label="Od" idref="s1_503"/>
				<edge label="UTT" idref="s1_504"/>
				<edge label="PU" idref="s1_9"/>
				<edge label="PU" idref="s1_16"/>
			</nt>
			<nt id="s1_502" cat="np">
				<edge label="DN" idref="s1_1"/>
				<edge label="H" idref="s1_2"/>
			</nt>
			<nt id="s1_503" cat="np">
				<edge label="DN" idref="s1_4"/>
				<edge label="H" idref="s1_5"/>
				<edge label="DN" idref="s1_6"/>
			</nt>
			<nt id="s1_504" cat="np">
				<edge label="DN" idref="s1_505"/>
				<edge label="P" idref="s1_11"/>
				<edge label="Od" idref="s1_12"/>
				<edge label="fA" idref="s1_506"/>
			</nt>
			<nt id="s1_505" cat="adjp">
				<edge label="CO" idref="s1_7"/>
				<edge label="CO" idref="s1_8"/>
				<edge label="H" idref="s1_10"/>
			</nt>
			<nt id="s1_506" cat="pp">
				<edge label="H" idref="s1_13"/>
				<edge label="DP" idref="s1_507"/>
			</nt>
			<nt id="s1_507" cat="np">
				<edge label="DN" idref="s1_14"/>
				<edge label="H" idref="s1_15"/>
			</nt>
		</nonterminals>
	</graph>
</s>

<s id="s2" ref="2" source="Running text" forest="1" text="o que gostei telefona, quando a tim deixa.">
	<graph root="s2_500">
		<terminals>
			<t id="s2_1" word="o" lemma="o" pos="pron-dem" morph="DET M S" extra="dem"/>
			<t id="s2_2" word="que" lemma="que" pos="spec" morph="M S" extra="clb clb-fs rel"/>
			<t id="s2_3" word="gostei" lemma="gostar" pos="v-fin" morph="PS 1S IND VFIN" extra="vH mv np-close"/>
			<t id="s2_4" word="telefona" lemma="telefonar" pos="v-fin" morph="PR 3S IND VFIN" extra="vH fmc mv"/>
			<t id="s2_5" word="," lemma="--" pos="pu" morph="--" extra="--"/>
			<t id="s2_6" word="quando" lemma="quando" pos="adv" morph="--" extra="clb clb-fs rel ks"/>
			<t id="s2_7" word="a" lemma="o" pos="art" morph="F S" extra="--"/>
			<t id="s2_8" word="tim" lemma="tim" pos="n" morph="F S" extra="DERS"/>
			<t id="s2_9" word="deixa" lemma="deixar" pos="v-fin" morph="PR 3S IND VFIN" extra="mv"/>
			<t id="s2_10" word="." lemma="--" pos="pu" morph="--" extra="--"/>
		</terminals>

		<nonterminals>
			<nt id="s2_500" cat="s">
				<edge label="UTT" idref="s2_501"/>
			</nt>
			<nt id="s2_501" cat="x">
				<edge label="STA" idref="s2_502"/>
				<edge label="DN" idref="s2_503"/>
				<edge label="S" idref="s2_2"/>
				<edge label="P" idref="s2_3"/>
				<edge label="P" idref="s2_4"/>
				<edge label="PU" idref="s2_5"/>
				<edge label="fA" idref="s2_504"/>
				<edge label="PU" idref="s2_10"/>
			</nt>
			<nt id="s2_502" cat="fcl">
				<edge label="S" idref="s2_1"/>
			</nt>
			<nt id="s2_503" cat="fcl">
			</nt>
			<nt id="s2_504" cat="fcl">
				<edge label="fA" idref="s2_6"/>
				<edge label="S" idref="s2_505"/>
				<edge label="P" idref="s2_9"/>
			</nt>
			<nt id="s2_505" cat="np">
				<edge label="DN" idref="s2_7"/>
				<edge label="H" idref="s2_8"/>
			</nt>
		</nonterminals>
	</graph>
</s>

<s id="s3" ref="3" source="Running text" forest="1" text="o que não gostei o viva voz é muito baixo.">
	<graph root="s3_500">
		<terminals>
			<t id="s3_1" word="o" lemma="o" pos="pron-dem" morph="DET M S" extra="dem"/>
			<t id="s3_2" word="que" lemma="que" pos="spec" morph="M S" extra="clb clb-fs rel"/>
			<t id="s3_3" word="não" lemma="não" pos="adv" morph="--" extra="--"/>
			<t id="s3_4" word="gostei" lemma="gostar" pos="v-fin" morph="PS 1S IND VFIN" extra="vH mv np-close"/>
			<t id="s3_5" word="o" lemma="ele" pos="pron-pers" morph="M 3S ACC" extra="--"/>
			<t id="s3_6" word="viva" lemma="vivo" pos="adj" morph="F S" extra="--"/>
			<t id="s3_7" word="voz" lemma="voz" pos="n" morph="F S" sem="f-h percep-l ac-cat" extra="--"/>
			<t id="s3_8" word="é" lemma="ser" pos="v-fin" morph="PR 3S IND VFIN" extra="vK fmc mv"/>
			<t id="s3_9" word="muito" lemma="muito" pos="adv" morph="--" extra="quant"/>
			<t id="s3_10" word="baixo" lemma="baixo" pos="adj" morph="M S" extra="--"/>
			<t id="s3_11" word="." lemma="--" pos="pu" morph="--" extra="--"/>
		</terminals>

		<nonterminals>
			<nt id="s3_500" cat="s">
				<edge label="STA" idref="s3_501"/>
			</nt>
			<nt id="s3_501" cat="fcl">
				<edge label="S" idref="s3_1"/>
				<edge label="DN" idref="s3_502"/>
				<edge label="S" idref="s3_2"/>
				<edge label="fA" idref="s3_3"/>
				<edge label="P" idref="s3_4"/>
				<edge label="Od" idref="s3_5"/>
				<edge label="S" idref="s3_503"/>
				<edge label="P" idref="s3_8"/>
				<edge label="Cs" idref="s3_504"/>
				<edge label="PU" idref="s3_11"/>
			</nt>
			<nt id="s3_502" cat="fcl">
			</nt>
			<nt id="s3_503" cat="np">
				<edge label="DN" idref="s3_6"/>
				<edge label="H" idref="s3_7"/>
			</nt>
			<nt id="s3_504" cat="adjp">
				<edge label="DA" idref="s3_9"/>
				<edge label="H" idref="s3_10"/>
			</nt>
		</nonterminals>
	</graph>
</s>

<s id="s4" ref="4" source="Running text" forest="1" text="a bateria está com problema você carrega, dá carga completa.">
	<graph root="s4_500">
		<terminals>
			<t id="s4_1" word="a" lemma="o" pos="art" morph="F S" extra="--"/>
			<t id="s4_2" word="bateria" lemma="bateria" pos="n" morph="F S" sem="tool" extra="--"/>
			<t id="s4_3" word="está" lemma="estar" pos="v-fin" morph="PR 3S IND VFIN" extra="nosubj nosubj cjt-head cjt-head-STA vK fmc mv"/>
			<t id="s4_4" word="com" lemma="com" pos="prp" morph="--" extra="--"/>
			<t id="s4_5" word="problema" lemma="problema" pos="n" morph="M S" sem="ac" extra="--"/>
			<t id="s4_6" word="você" lemma="você" pos="pron-pers" morph="M/F 3S NOM" extra="--"/>
			<t id="s4_7" word="carrega" lemma="carregar" pos="v-fin" morph="PR 3S IND VFIN" extra="cjt-STA vH fmc mv"/>
			<t id="s4_8" word="," lemma="--" pos="pu" morph="--" extra="--"/>
			<t id="s4_9" word="dá" lemma="dar" pos="v-fin" morph="PR 3S IND VFIN" extra="nosubj nosubj cjt-STA fmc mv"/>
			<t id="s4_10" word="carga" lemma="carga" pos="n" morph="F S" sem="amount act ac" extra="--"/>
			<t id="s4_11" word="completa" lemma="completo" pos="adj" morph="F S" extra="nh np-close"/>
			<t id="s4_12" word="." lemma="--" pos="pu" morph="--" extra="--"/>
		</terminals>

		<nonterminals>
			<nt id="s4_500" cat="s">
				<edge label="STA" idref="s4_501"/>
			</nt>
			<nt id="s4_501" cat="par">
				<edge label="CJT" idref="s4_502"/>
				<edge label="CJT" idref="s4_505"/>
				<edge label="PU" idref="s4_8"/>
				<edge label="CJT" idref="s4_506"/>
				<edge label="PU" idref="s4_12"/>
			</nt>
			<nt id="s4_502" cat="fcl">
				<edge label="S" idref="s4_503"/>
				<edge label="P" idref="s4_3"/>
				<edge label="Cs" idref="s4_504"/>
			</nt>
			<nt id="s4_503" cat="np">
				<edge label="DN" idref="s4_1"/>
				<edge label="H" idref="s4_2"/>
			</nt>
			<nt id="s4_504" cat="pp">
				<edge label="H" idref="s4_4"/>
				<edge label="DP" idref="s4_5"/>
			</nt>
			<nt id="s4_505" cat="fcl">
				<edge label="S" idref="s4_6"/>
				<edge label="P" idref="s4_7"/>
			</nt>
			<nt id="s4_506" cat="x">
				<edge label="P" idref="s4_9"/>
				<edge label="Od" idref="s4_507"/>
			</nt>
			<nt id="s4_507" cat="np">
				<edge label="H" idref="s4_10"/>
				<edge label="DN" idref="s4_11"/>
			</nt>
		</nonterminals>
	</graph>
</s>

<s id="s5" ref="5" source="Running text" forest="1" text="aí você despolua e dá bateria fraca.">
	<graph root="s5_500">
		<terminals>
			<t id="s5_1" word="aí" lemma="aí" pos="adv" morph="--" extra="kc"/>
			<t id="s5_2" word="você" lemma="você" pos="pron-pers" morph="M/F 3S NOM" extra="--"/>
			<t id="s5_3" word="despolua" lemma="despoluir" pos="v-fin" morph="PR 3S SUBJ VFIN" extra="cjt-head cjt-head-STA vH fmc mv"/>
			<t id="s5_4" word="e" lemma="e" pos="conj-c" morph="--" extra="co-fin"/>
			<t id="s5_5" word="dá" lemma="dar" pos="v-fin" morph="PR 3S IND VFIN" extra="nosubj cjt-STA nosubj cjt-STA fmc mv"/>
			<t id="s5_6" word="bateria" lemma="bateria" pos="n" morph="F S" sem="tool" extra="--"/>
			<t id="s5_7" word="fraca" lemma="fraco" pos="adj" morph="F S" extra="np-close"/>
			<t id="s5_8" word="." lemma="--" pos="pu" morph="--" extra="--"/>
		</terminals>

		<nonterminals>
			<nt id="s5_500" cat="s">
				<edge label="STA" idref="s5_501"/>
			</nt>
			<nt id="s5_501" cat="par">
				<edge label="CJT" idref="s5_502"/>
				<edge label="CO" idref="s5_4"/>
				<edge label="CJT" idref="s5_503"/>
				<edge label="PU" idref="s5_8"/>
			</nt>
			<nt id="s5_502" cat="fcl">
				<edge label="fA" idref="s5_1"/>
				<edge label="S" idref="s5_2"/>
				<edge label="P" idref="s5_3"/>
			</nt>
			<nt id="s5_503" cat="x">
				<edge label="P" idref="s5_5"/>
				<edge label="Od" idref="s5_504"/>
			</nt>
			<nt id="s5_504" cat="np">
				<edge label="H" idref="s5_6"/>
				<edge label="DN" idref="s5_7"/>
			</nt>
		</nonterminals>
	</graph>
</s>

<s id="s6" ref="6" source="Running text" forest="1" text="carrega um instante de novo e aí é que fica cheia..">
	<graph root="s6_500">
		<terminals>
			<t id="s6_1" word="carrega" lemma="carregar" pos="v-fin" morph="PR 3S IND VFIN" extra="nosubj nosubj cjt-head cjt-head-STA vH fmc mv"/>
			<t id="s6_2" word="um" lemma="um" pos="num" morph="M S" extra="card"/>
			<t id="s6_3" word="instante" lemma="instante" pos="n" morph="M S" sem="temp dur" extra="--"/>
			<t id="s6_4" word="de_novo" lemma="de_novo" pos="adv" morph="--" extra="--"/>
			<t id="s6_5" word="e" lemma="e" pos="conj-c" morph="--" extra="topkc"/>
			<t id="s6_6" word="aí" lemma="aí" pos="adv" morph="--" extra="kc"/>
			<t id="s6_7" word="é_que" lemma="é_que" pos="adv" morph="--" extra="foc"/>
			<t id="s6_8" word="fica" lemma="ficar" pos="v-fin" morph="PR 3S IND VFIN" extra="nosubj nosubj cjt-STA vK fmc mv"/>
			<t id="s6_9" word="cheia" lemma="cheio" pos="adj" morph="F S" extra="jh"/>
			<t id="s6_10" word="." lemma="--" pos="pu" morph="--" extra="--"/>
			<t id="s6_11" word="." lemma="--" pos="pu" morph="--" extra="--"/>
		</terminals>

		<nonterminals>
			<nt id="s6_500" cat="s">
				<edge label="STA" idref="s6_501"/>
			</nt>
			<nt id="s6_501" cat="par">
				<edge label="CJT" idref="s6_502"/>
				<edge label="CO" idref="s6_5"/>
				<edge label="CJT" idref="s6_504"/>
				<edge label="PU" idref="s6_10"/>
				<edge label="PU" idref="s6_11"/>
			</nt>
			<nt id="s6_502" cat="fcl">
				<edge label="P" idref="s6_1"/>
				<edge label="Od" idref="s6_503"/>
				<edge label="fA" idref="s6_4"/>
			</nt>
			<nt id="s6_503" cat="np">
				<edge label="DN" idref="s6_2"/>
				<edge label="H" idref="s6_3"/>
			</nt>
			<nt id="s6_504" cat="x">
				<edge label="fA" idref="s6_6"/>
				<edge label="FOC" idref="s6_7"/>
				<edge label="P" idref="s6_8"/>
				<edge label="Cs" idref="s6_9"/>
			</nt>
		</nonterminals>
	</graph>
</s>

	</body>
</corpus>
