<?xml version="1.0" encoding="UTF-8"?>
<corpus>

	<body>
<s id="s1" ref="1" source="Running text" forest="1" text="comprei um há poucos dias!!!!!!!!">
	<graph root="s1_500">
		<terminals>
			<t id="s1_1" word="comprei" lemma="comprar" pos="v-fin" morph="PS 1S IND VFIN" extra="vH fmc mv"/>
			<t id="s1_2" word="um" lemma="um" pos="num" morph="M S" extra="card"/>
			<t id="s1_3" word="há" lemma="há" pos="prp" morph="--" extra="--"/>
			<t id="s1_4" word="poucos" lemma="pouco" pos="pron-indef" morph="DET M P" extra="quant"/>
			<t id="s1_5" word="dias" lemma="dia" pos="n" morph="M P" sem="temp dur per unit" extra="--"/>
			<t id="s1_6" word="!" lemma="--" pos="pu" morph="--" extra="--"/>
			<t id="s1_7" word="!" lemma="--" pos="pu" morph="--" extra="--"/>
			<t id="s1_8" word="!" lemma="--" pos="pu" morph="--" extra="--"/>
			<t id="s1_9" word="!" lemma="--" pos="pu" morph="--" extra="--"/>
			<t id="s1_10" word="!" lemma="--" pos="pu" morph="--" extra="--"/>
			<t id="s1_11" word="!" lemma="--" pos="pu" morph="--" extra="--"/>
			<t id="s1_12" word="!" lemma="--" pos="pu" morph="--" extra="--"/>
			<t id="s1_13" word="!" lemma="--" pos="pu" morph="--" extra="--"/>
		</terminals>

		<nonterminals>
			<nt id="s1_500" cat="s">
				<edge label="STA" idref="s1_501"/>
			</nt>
			<nt id="s1_501" cat="fcl">
				<edge label="P" idref="s1_1"/>
				<edge label="Od" idref="s1_2"/>
				<edge label="fA" idref="s1_502"/>
				<edge label="PU" idref="s1_6"/>
				<edge label="PU" idref="s1_7"/>
				<edge label="PU" idref="s1_8"/>
				<edge label="PU" idref="s1_9"/>
				<edge label="PU" idref="s1_10"/>
				<edge label="PU" idref="s1_11"/>
				<edge label="PU" idref="s1_12"/>
				<edge label="PU" idref="s1_13"/>
			</nt>
			<nt id="s1_502" cat="pp">
				<edge label="H" idref="s1_3"/>
				<edge label="DP" idref="s1_503"/>
			</nt>
			<nt id="s1_503" cat="np">
				<edge label="DN" idref="s1_4"/>
				<edge label="H" idref="s1_5"/>
			</nt>
		</nonterminals>
	</graph>
</s>

<s id="s2" ref="2" source="Running text" forest="1" text="é um ótimo smartphone e apesar de não ser um top ele supera alguns como o s3, note e o xperia zq no quesito processamento etc podem conferir a analise do tecmundo.">
	<graph root="s2_500">
		<terminals>
			<t id="s2_1" word="é" lemma="ser" pos="v-fin" morph="PR 3S IND VFIN" extra="nosubj nosubj nosubj nosubj nosubj nosubj nosubj nosubj cjt-head cjt-head-STA vK fmc mv"/>
			<t id="s2_2" word="um" lemma="um" pos="art" morph="M S" extra="--"/>
			<t id="s2_3" word="ótimo" lemma="bom" pos="adj" morph="M S" extra="SUP"/>
			<t id="s2_4" word="smartphone" lemma="smartphone" pos="n" morph="M S" extra="heur foreign"/>
			<t id="s2_5" word="e" lemma="e" pos="conj-c" morph="--" extra="topkc"/>
			<t id="s2_6" word="apesar_de" lemma="apesar_de" pos="prp" morph="--" extra="--"/>
			<t id="s2_7" word="não" lemma="não" pos="adv" morph="--" extra="--"/>
			<t id="s2_8" word="ser" lemma="ser" pos="v-inf" morph="--" extra="vK mv"/>
			<t id="s2_9" word="um" lemma="um" pos="art" morph="M S" extra="--"/>
			<t id="s2_10" word="top" lemma="top" pos="adj" morph="M S" extra="n jh"/>
			<t id="s2_11" word="ele" lemma="ele" pos="pron-pers" morph="M 3S NOM" extra="--"/>
			<t id="s2_12" word="supera" lemma="superar" pos="v-fin" morph="PR 3S IND VFIN" extra="cjt-STA vH fmc mv"/>
			<t id="s2_13" word="alguns" lemma="algum" pos="pron-indef" morph="DET M P" extra="quant"/>
			<t id="s2_14" word="como" lemma="como" pos="prp" morph="--" extra="com adv-rel"/>
			<t id="s2_15" word="o" lemma="o" pos="art" morph="M S" extra="--"/>
			<t id="s2_16" word="s3" lemma="s3" pos="n" morph="M S" extra="asarg foreign"/>
			<t id="s2_17" word="," lemma="--" pos="pu" morph="--" extra="--"/>
			<t id="s2_18" word="note" lemma="notar" pos="v-fin" morph="PR 3S SUBJ VFIN" extra="nosubj nosubj cjt-STA vH fmc mv"/>
			<t id="s2_19" word="e" lemma="e" pos="conj-c" morph="--" extra="--"/>
			<t id="s2_20" word="o" lemma="ele" pos="pron-pers" morph="M 3S ACC" extra="--"/>
			<t id="s2_21" word="xperia" lemma="xperer" pos="v-fin" morph="IMPF 3S IND VFIN" extra="cjt-STA heur fmc mv"/>
			<t id="s2_22" word="zq" lemma="zq" pos="n" morph="M/F S" extra="foreign"/>
			<t id="s2_23" word="em" lemma="em" pos="prp" morph="--" extra="sam-"/>
			<t id="s2_24" word="o" lemma="o" pos="art" morph="M S" extra="-sam "/>
			<t id="s2_25" word="quesito" lemma="quesito" pos="n" morph="M S" sem="sem-s" extra="--"/>
			<t id="s2_26" word="processamento" lemma="processamento" pos="n" morph="M S" sem="act" extra="--"/>
			<t id="s2_27" word="etc" lemma="etc" pos="adv" morph="--" extra="--"/>
			<t id="s2_28" word="podem" lemma="poder" pos="v-fin" morph="PR 3P IND VFIN" extra="cjt-STA fmc aux"/>
			<t id="s2_29" word="conferir" lemma="conferir" pos="v-inf" morph="--" extra="vH mv"/>
			<t id="s2_30" word="a" lemma="ela" pos="pron-pers" morph="F 3S ACC" extra="--"/>
			<t id="s2_31" word="analise" lemma="analisar" pos="v-fin" morph="PR 3S SUBJ VFIN" extra="nosubj nosubj cjt-STA vH fmc mv"/>
			<t id="s2_32" word="de" lemma="de" pos="prp" morph="--" extra="sam-"/>
			<t id="s2_33" word="o" lemma="o" pos="art" morph="M S" extra="-sam "/>
			<t id="s2_34" word="tecmundo" lemma="tecmundo" pos="n" morph="M S" extra="heur"/>
			<t id="s2_35" word="." lemma="--" pos="pu" morph="--" extra="--"/>
		</terminals>

		<nonterminals>
			<nt id="s2_500" cat="s">
				<edge label="STA" idref="s2_501"/>
			</nt>
			<nt id="s2_501" cat="par">
				<edge label="CJT" idref="s2_502"/>
				<edge label="CO" idref="s2_5"/>
				<edge label="FOC" idref="s2_504"/>
				<edge label="CJT" idref="s2_506"/>
				<edge label="PU" idref="s2_17"/>
				<edge label="CJT" idref="s2_18"/>
				<edge label="CJT" idref="s2_510"/>
				<edge label="CJT" idref="s2_513"/>
				<edge label="CJT" idref="s2_515"/>
				<edge label="PU" idref="s2_35"/>
			</nt>
			<nt id="s2_502" cat="fcl">
				<edge label="P" idref="s2_1"/>
				<edge label="Cs" idref="s2_503"/>
			</nt>
			<nt id="s2_503" cat="np">
				<edge label="DN" idref="s2_2"/>
				<edge label="DN" idref="s2_3"/>
				<edge label="H" idref="s2_4"/>
				<edge label="H" idref="s2_6"/>
				<edge label="DP" idref="s2_505"/>
			</nt>
			<nt id="s2_504" cat="pp">
			</nt>
			<nt id="s2_505" cat="icl">
				<edge label="fA" idref="s2_7"/>
				<edge label="P" idref="s2_8"/>
				<edge label="Cs" idref="s2_10"/>
			</nt>
			<nt id="s2_506" cat="fcl">
				<edge label="S" idref="s2_507"/>
				<edge label="P" idref="s2_12"/>
				<edge label="Od" idref="s2_13"/>
				<edge label="fA" idref="s2_508"/>
			</nt>
			<nt id="s2_507" cat="np">
				<edge label="DN" idref="s2_9"/>
				<edge label="H" idref="s2_11"/>
			</nt>
			<nt id="s2_508" cat="pp">
				<edge label="H" idref="s2_14"/>
				<edge label="DP" idref="s2_509"/>
			</nt>
			<nt id="s2_509" cat="np">
				<edge label="DN" idref="s2_15"/>
				<edge label="H" idref="s2_16"/>
				<edge label="CO" idref="s2_19"/>
			</nt>
			<nt id="s2_510" cat="fcl">
				<edge label="Od" idref="s2_20"/>
				<edge label="P" idref="s2_21"/>
				<edge label="S" idref="s2_22"/>
				<edge label="fA" idref="s2_511"/>
			</nt>
			<nt id="s2_511" cat="pp">
				<edge label="H" idref="s2_23"/>
				<edge label="DP" idref="s2_512"/>
			</nt>
			<nt id="s2_512" cat="np">
				<edge label="DN" idref="s2_24"/>
				<edge label="H" idref="s2_25"/>
			</nt>
			<nt id="s2_513" cat="fcl">
				<edge label="S" idref="s2_26"/>
				<edge label="fA" idref="s2_27"/>
				<edge label="P" idref="s2_514"/>
			</nt>
			<nt id="s2_514" cat="vp">
				<edge label="Vaux" idref="s2_28"/>
				<edge label="Vm" idref="s2_29"/>
			</nt>
			<nt id="s2_515" cat="x">
				<edge label="Od" idref="s2_30"/>
				<edge label="P" idref="s2_31"/>
				<edge label="fA" idref="s2_516"/>
			</nt>
			<nt id="s2_516" cat="pp">
				<edge label="H" idref="s2_32"/>
				<edge label="DP" idref="s2_517"/>
			</nt>
			<nt id="s2_517" cat="np">
				<edge label="DN" idref="s2_33"/>
				<edge label="H" idref="s2_34"/>
			</nt>
		</nonterminals>
	</graph>
</s>

<s id="s3" ref="3" source="Running text" forest="1" text="enfim eu estou satisfeito com o aparelho..">
	<graph root="s3_500">
		<terminals>
			<t id="s3_1" word="enfim" lemma="enfim" pos="adv" morph="--" extra="--"/>
			<t id="s3_2" word="eu" lemma="eu" pos="pron-pers" morph="M 1S NOM" extra="--"/>
			<t id="s3_3" word="estou" lemma="estar" pos="v-fin" morph="PR 1S IND VFIN" extra="vK fmc mv"/>
			<t id="s3_4" word="satisfeito" lemma="satisfazer" pos="v-pcp" morph="M S" extra="jh vH mv"/>
			<t id="s3_5" word="com" lemma="com" pos="prp" morph="--" extra="--"/>
			<t id="s3_6" word="o" lemma="o" pos="art" morph="M S" extra="--"/>
			<t id="s3_7" word="aparelho" lemma="aparelho" pos="n" morph="M S" sem="tool" extra="--"/>
			<t id="s3_8" word="." lemma="--" pos="pu" morph="--" extra="--"/>
			<t id="s3_9" word="." lemma="--" pos="pu" morph="--" extra="--"/>
		</terminals>

		<nonterminals>
			<nt id="s3_500" cat="s">
				<edge label="STA" idref="s3_501"/>
			</nt>
			<nt id="s3_501" cat="fcl">
				<edge label="fA" idref="s3_1"/>
				<edge label="S" idref="s3_2"/>
				<edge label="P" idref="s3_3"/>
				<edge label="Cs" idref="s3_502"/>
				<edge label="PU" idref="s3_8"/>
				<edge label="PU" idref="s3_9"/>
			</nt>
			<nt id="s3_502" cat="icl">
				<edge label="P" idref="s3_4"/>
				<edge label="fA" idref="s3_503"/>
			</nt>
			<nt id="s3_503" cat="pp">
				<edge label="H" idref="s3_5"/>
				<edge label="DP" idref="s3_504"/>
			</nt>
			<nt id="s3_504" cat="np">
				<edge label="DN" idref="s3_6"/>
				<edge label="H" idref="s3_7"/>
			</nt>
		</nonterminals>
	</graph>
</s>

	</body>
</corpus>
