<?xml version="1.0" encoding="UTF-8"?>
<corpus>

	<body>
<s id="s1" ref="1" source="Running text" forest="1" text="acima de as minhas expectativas.">
	<graph root="s1_500">
		<terminals>
			<t id="s1_1" word="acima_de" lemma="acima_de" pos="prp" morph="--" extra="sam-"/>
			<t id="s1_2" word="as" lemma="o" pos="art" morph="F P" extra=" -sam"/>
			<t id="s1_3" word="minhas" lemma="meu" pos="pron-poss" morph="DET F P" extra="poss 1S"/>
			<t id="s1_4" word="expectativas" lemma="expectativa" pos="n" morph="F P" sem="sem-c" extra="--"/>
			<t id="s1_5" word="." lemma="--" pos="pu" morph="--" extra="--"/>
		</terminals>

		<nonterminals>
			<nt id="s1_500" cat="s">
				<edge label="fA" idref="s1_501"/>
			</nt>
			<nt id="s1_501" cat="pp">
				<edge label="H" idref="s1_1"/>
				<edge label="DP" idref="s1_502"/>
				<edge label="PU" idref="s1_5"/>
			</nt>
			<nt id="s1_502" cat="np">
				<edge label="DN" idref="s1_2"/>
				<edge label="DN" idref="s1_3"/>
				<edge label="H" idref="s1_4"/>
			</nt>
		</nonterminals>
	</graph>
</s>

<s id="s2" ref="2" source="Running text" forest="1" text="o que gostei pequeno bonito e funcional.">
	<graph root="s2_500">
		<terminals>
			<t id="s2_1" word="o" lemma="o" pos="pron-dem" morph="DET M S" extra="dem"/>
			<t id="s2_2" word="que" lemma="que" pos="spec" morph="M S" extra="clb clb-fs rel"/>
			<t id="s2_3" word="gostei" lemma="gostar" pos="v-fin" morph="PS 1S IND VFIN" extra="vH mv np-close"/>
			<t id="s2_4" word="pequeno" lemma="pequeno" pos="n" morph="M S" sem="H" extra="--"/>
			<t id="s2_5" word="bonito" lemma="bonito" pos="adj" morph="M S" extra="jh np-close"/>
			<t id="s2_6" word="e" lemma="e" pos="conj-c" morph="--" extra="--"/>
			<t id="s2_7" word="funcional" lemma="funcional" pos="adj" morph="M/F S" extra="nh np-close"/>
			<t id="s2_8" word="." lemma="--" pos="pu" morph="--" extra="--"/>
		</terminals>

		<nonterminals>
			<nt id="s2_500" cat="s">
				<edge label="UTT" idref="s2_501"/>
			</nt>
			<nt id="s2_501" cat="x">
				<edge label="X" idref="s2_1"/>
				<edge label="DN" idref="s2_502"/>
				<edge label="S" idref="s2_2"/>
				<edge label="P" idref="s2_3"/>
				<edge label="fCs" idref="s2_503"/>
				<edge label="H" idref="s2_4"/>
				<edge label="DN" idref="s2_5"/>
				<edge label="DN" idref="s2_504"/>
				<edge label="PU" idref="s2_8"/>
			</nt>
			<nt id="s2_502" cat="fcl">
			</nt>
			<nt id="s2_503" cat="np">
			</nt>
			<nt id="s2_504" cat="adjp">
				<edge label="CO" idref="s2_6"/>
				<edge label="H" idref="s2_7"/>
			</nt>
		</nonterminals>
	</graph>
</s>

	</body>
</corpus>
