<?xml version="1.0" encoding="UTF-8"?>
<corpus>

	<body>
<s id="s1" ref="1" source="Running text" forest="1" text="ótimo celular, fácil manuseio, boa qualidade de áudio e televisão digital, acesso rápido a internet ou seja um celular perfeito.">
	<graph root="s1_500">
		<terminals>
			<t id="s1_1" word="ótimo" lemma="bom" pos="adj" morph="M S" extra="SUP"/>
			<t id="s1_2" word="celular" lemma="celular" pos="adj" morph="M S" extra="nh"/>
			<t id="s1_3" word="," lemma="--" pos="pu" morph="--" extra="--"/>
			<t id="s1_4" word="fácil" lemma="fácil" pos="adj" morph="M S" extra="jh"/>
			<t id="s1_5" word="manuseio" lemma="manuseio" pos="n" morph="M S" sem="act-d" extra="cjt-head cjt-head-X"/>
			<t id="s1_6" word="," lemma="--" pos="pu" morph="--" extra="--"/>
			<t id="s1_7" word="boa" lemma="bom" pos="adj" morph="F S" extra="--"/>
			<t id="s1_8" word="qualidade" lemma="qualidade" pos="n" morph="F S" sem="percep-f f-c" extra="cjt-X"/>
			<t id="s1_9" word="de" lemma="de" pos="prp" morph="--" extra="np-close"/>
			<t id="s1_10" word="áudio" lemma="áudio" pos="n" morph="M S" sem="tool" extra="cjt-head cjt-head-DP"/>
			<t id="s1_11" word="e" lemma="e" pos="conj-c" morph="--" extra="--"/>
			<t id="s1_12" word="televisão" lemma="televisão" pos="n" morph="F S" sem="sem-w HH" extra="cjt-DP"/>
			<t id="s1_13" word="digital" lemma="digital" pos="adj" morph="F S" extra="nh np-close"/>
			<t id="s1_14" word="," lemma="--" pos="pu" morph="--" extra="--"/>
			<t id="s1_15" word="acesso" lemma="acesso" pos="n" morph="M S" sem="event Lpath f-right" extra="cjt-X np-close"/>
			<t id="s1_16" word="rápido" lemma="rápido" pos="adj" morph="M S" extra="adv jh np-close"/>
			<t id="s1_17" word="a" lemma="o" pos="art" morph="F S" extra="--"/>
			<t id="s1_18" word="internet" lemma="internet" pos="n" morph="F S" sem="Labs" extra="cjt-X"/>
			<t id="s1_19" word="ou_seja" lemma="ou_seja" pos="adv" morph="--" extra="kc"/>
			<t id="s1_20" word="um" lemma="um" pos="art" morph="M S" extra="--"/>
			<t id="s1_21" word="celular" lemma="celular" pos="adj" morph="M S" extra="nh"/>
			<t id="s1_22" word="perfeito" lemma="perfeito" pos="adj" morph="M S" extra="jh"/>
			<t id="s1_23" word="." lemma="--" pos="pu" morph="--" extra="--"/>
		</terminals>

		<nonterminals>
			<nt id="s1_500" cat="s">
				<edge label="X" idref="s1_501"/>
			</nt>
			<nt id="s1_501" cat="par">
				<edge label="CJT" idref="s1_502"/>
				<edge label="PU" idref="s1_6"/>
				<edge label="CJT" idref="s1_503"/>
				<edge label="PU" idref="s1_14"/>
				<edge label="CJT" idref="s1_508"/>
				<edge label="CJT" idref="s1_509"/>
				<edge label="fCs" idref="s1_510"/>
				<edge label="fCs" idref="s1_22"/>
				<edge label="PU" idref="s1_23"/>
			</nt>
			<nt id="s1_502" cat="np">
				<edge label="DN" idref="s1_1"/>
				<edge label="DN" idref="s1_2"/>
				<edge label="PU" idref="s1_3"/>
				<edge label="DN" idref="s1_4"/>
				<edge label="H" idref="s1_5"/>
			</nt>
			<nt id="s1_503" cat="np">
				<edge label="DN" idref="s1_7"/>
				<edge label="H" idref="s1_8"/>
				<edge label="DN" idref="s1_504"/>
			</nt>
			<nt id="s1_504" cat="pp">
				<edge label="H" idref="s1_9"/>
				<edge label="DP" idref="s1_505"/>
			</nt>
			<nt id="s1_505" cat="par">
				<edge label="CJT" idref="s1_10"/>
				<edge label="CJT" idref="s1_506"/>
			</nt>
			<nt id="s1_506" cat="np">
				<edge label="DN" idref="s1_507"/>
				<edge label="H" idref="s1_12"/>
				<edge label="-DN" idref="s1_13"/>
			</nt>
			<nt id="s1_507" cat="adjp">
				<edge label="CO" idref="s1_11"/>
			</nt>
			<nt id="s1_508" cat="np">
				<edge label="H" idref="s1_15"/>
				<edge label="DN" idref="s1_16"/>
			</nt>
			<nt id="s1_509" cat="np">
				<edge label="DN" idref="s1_17"/>
				<edge label="H" idref="s1_18"/>
				<edge label="fA" idref="s1_19"/>
			</nt>
			<nt id="s1_510" cat="np">
				<edge label="DN" idref="s1_20"/>
				<edge label="H" idref="s1_21"/>
			</nt>
		</nonterminals>
	</graph>
</s>

<s id="s2" ref="2" source="Running text" forest="1" text="eu recomendo..">
	<graph root="s2_500">
		<terminals>
			<t id="s2_1" word="eu" lemma="eu" pos="pron-pers" morph="M/F 1S NOM" extra="--"/>
			<t id="s2_2" word="recomendo" lemma="recomendar" pos="v-fin" morph="PR 1S IND VFIN" extra="vH fmc mv"/>
			<t id="s2_3" word="." lemma="--" pos="pu" morph="--" extra="--"/>
			<t id="s2_4" word="." lemma="--" pos="pu" morph="--" extra="--"/>
		</terminals>

		<nonterminals>
			<nt id="s2_500" cat="s">
				<edge label="STA" idref="s2_501"/>
			</nt>
			<nt id="s2_501" cat="fcl">
				<edge label="S" idref="s2_1"/>
				<edge label="P" idref="s2_2"/>
				<edge label="PU" idref="s2_3"/>
				<edge label="PU" idref="s2_4"/>
			</nt>
		</nonterminals>
	</graph>
</s>

	</body>
</corpus>
