<?xml version="1.0" encoding="UTF-8"?>
<corpus>

	<body>
<s id="s1" ref="1" source="Running text" forest="1" text="o celular não é um top de linha mais por o seu preço ele é fantástico..">
	<graph root="s1_500">
		<terminals>
			<t id="s1_1" word="o" lemma="o" pos="art" morph="M S" extra="--"/>
			<t id="s1_2" word="celular" lemma="celular" pos="adj" morph="M S" extra="n nh"/>
			<t id="s1_3" word="não" lemma="não" pos="adv" morph="--" extra="--"/>
			<t id="s1_4" word="é" lemma="ser" pos="v-fin" morph="PR 3S IND VFIN" extra="cjt-head cjt-head-STA vK fmc mv"/>
			<t id="s1_5" word="um" lemma="um" pos="art" morph="M S" extra="--"/>
			<t id="s1_6" word="top" lemma="top" pos="adj" morph="M S" extra="n"/>
			<t id="s1_7" word="de" lemma="de" pos="prp" morph="--" extra="np-close"/>
			<t id="s1_8" word="linha" lemma="linha" pos="n" morph="F S" sem="geom-line cord Lpath" extra="--"/>
			<t id="s1_9" word="mais" lemma="mais" pos="adv" morph="--" extra="--"/>
			<t id="s1_10" word="por" lemma="por" pos="prp" morph="--" extra="sam-"/>
			<t id="s1_11" word="o" lemma="o" pos="art" morph="M S" extra="-sam "/>
			<t id="s1_12" word="seu" lemma="seu" pos="pron-poss" morph="DET M S" extra="si poss 3S"/>
			<t id="s1_13" word="preço" lemma="preço" pos="n" morph="M S" sem="f-q" extra="--"/>
			<t id="s1_14" word="ele" lemma="ele" pos="pron-pers" morph="M 3S NOM" extra="--"/>
			<t id="s1_15" word="é" lemma="ser" pos="v-fin" morph="PR 3S IND VFIN" extra="cjt-STA vK fmc mv"/>
			<t id="s1_16" word="fantástico" lemma="fantástico" pos="adj" morph="M S" extra="jh"/>
			<t id="s1_17" word="." lemma="--" pos="pu" morph="--" extra="--"/>
			<t id="s1_18" word="." lemma="--" pos="pu" morph="--" extra="--"/>
		</terminals>

		<nonterminals>
			<nt id="s1_500" cat="s">
				<edge label="STA" idref="s1_501"/>
			</nt>
			<nt id="s1_501" cat="par">
				<edge label="CJT" idref="s1_502"/>
				<edge label="CJT" idref="s1_508"/>
				<edge label="PU" idref="s1_17"/>
				<edge label="PU" idref="s1_18"/>
			</nt>
			<nt id="s1_502" cat="fcl">
				<edge label="S" idref="s1_503"/>
				<edge label="fA" idref="s1_3"/>
				<edge label="P" idref="s1_4"/>
				<edge label="Cs" idref="s1_504"/>
				<edge label="DN" idref="s1_505"/>
				<edge label="fA" idref="s1_9"/>
				<edge label="fA" idref="s1_506"/>
			</nt>
			<nt id="s1_503" cat="np">
				<edge label="DN" idref="s1_1"/>
				<edge label="H" idref="s1_2"/>
			</nt>
			<nt id="s1_504" cat="np">
				<edge label="DN" idref="s1_5"/>
				<edge label="H" idref="s1_6"/>
			</nt>
			<nt id="s1_505" cat="pp">
				<edge label="H" idref="s1_7"/>
				<edge label="DP" idref="s1_8"/>
			</nt>
			<nt id="s1_506" cat="pp">
				<edge label="H" idref="s1_10"/>
				<edge label="DP" idref="s1_507"/>
			</nt>
			<nt id="s1_507" cat="np">
				<edge label="DN" idref="s1_11"/>
				<edge label="DN" idref="s1_12"/>
				<edge label="H" idref="s1_13"/>
			</nt>
			<nt id="s1_508" cat="fcl">
				<edge label="S" idref="s1_14"/>
				<edge label="P" idref="s1_15"/>
				<edge label="Cs" idref="s1_16"/>
			</nt>
		</nonterminals>
	</graph>
</s>

	</body>
</corpus>
