<?xml version="1.0" encoding="UTF-8"?>
<corpus>

	<body>
<s id="s1" ref="1" source="Running text" forest="1" text="celular durável e com um design muito bonito, e com a qualidade de imagem da câmera excelente o que gostei câmera.">
	<graph root="s1_500">
		<terminals>
			<t id="s1_1" word="celular" lemma="celular" pos="adj" morph="M/F S" extra="nh"/>
			<t id="s1_2" word="durável" lemma="durável" pos="adj" morph="M/F S" extra="cjt-head cjt-head-X n nh"/>
			<t id="s1_3" word="e" lemma="e" pos="conj-c" morph="--" extra="--"/>
			<t id="s1_4" word="com" lemma="com" pos="prp" morph="--" extra="--"/>
			<t id="s1_5" word="um" lemma="um" pos="art" morph="M S" extra="--"/>
			<t id="s1_6" word="design" lemma="design" pos="n" morph="M S" sem="percep-f domain" extra="--"/>
			<t id="s1_7" word="muito" lemma="muito" pos="adv" morph="--" extra="quant"/>
			<t id="s1_8" word="bonito" lemma="bonito" pos="adj" morph="M S" extra="jh np-close"/>
			<t id="s1_9" word="," lemma="--" pos="pu" morph="--" extra="--"/>
			<t id="s1_10" word="e" lemma="e" pos="conj-c" morph="--" extra="--"/>
			<t id="s1_11" word="com" lemma="com" pos="prp" morph="--" extra="--"/>
			<t id="s1_12" word="a" lemma="o" pos="art" morph="F S" extra="--"/>
			<t id="s1_13" word="qualidade" lemma="qualidade" pos="n" morph="F S" sem="percep-f f-c" extra="--"/>
			<t id="s1_14" word="de" lemma="de" pos="prp" morph="--" extra="np-close"/>
			<t id="s1_15" word="imagem" lemma="imagem" pos="n" morph="F S" sem="pict sem-c ac-cat" extra="--"/>
			<t id="s1_16" word="de" lemma="de" pos="prp" morph="--" extra="sam- np-close"/>
			<t id="s1_17" word="a" lemma="o" pos="art" morph="F S" extra="-sam "/>
			<t id="s1_18" word="câmera" lemma="c�=mera" pos="n" morph="F S" sem="tool" extra="--"/>
			<t id="s1_19" word="excelente" lemma="excelente" pos="adj" morph="F S" extra="np-close"/>
			<t id="s1_20" word="o" lemma="o" pos="pron-dem" morph="DET M S" extra="cjt-X dem"/>
			<t id="s1_21" word="que" lemma="que" pos="spec" morph="M S" extra="clb clb-fs rel"/>
			<t id="s1_22" word="gostei" lemma="gostar" pos="v-fin" morph="PS 1S IND VFIN" extra="vH mv np-close"/>
			<t id="s1_23" word="câmera" lemma="c�=mera" pos="n" morph="F S" sem="tool" extra="--"/>
			<t id="s1_24" word="." lemma="--" pos="pu" morph="--" extra="--"/>
		</terminals>

		<nonterminals>
			<nt id="s1_500" cat="s">
				<edge label="X" idref="s1_501"/>
			</nt>
			<nt id="s1_501" cat="par">
				<edge label="CJT" idref="s1_502"/>
				<edge label="CJT" idref="s1_20"/>
				<edge label="PU" idref="s1_24"/>
			</nt>
			<nt id="s1_502" cat="np">
				<edge label="DN" idref="s1_1"/>
				<edge label="H" idref="s1_2"/>
				<edge label="fA" idref="s1_503"/>
				<edge label="PU" idref="s1_9"/>
				<edge label="fA" idref="s1_506"/>
			</nt>
			<nt id="s1_503" cat="pp">
				<edge label="DP" idref="s1_504"/>
				<edge label="H" idref="s1_4"/>
			</nt>
			<nt id="s1_504" cat="np">
				<edge label="DN" idref="s1_505"/>
				<edge label="DN" idref="s1_5"/>
				<edge label="H" idref="s1_6"/>
			</nt>
			<nt id="s1_505" cat="adjp">
				<edge label="CO" idref="s1_3"/>
				<edge label="DA" idref="s1_7"/>
				<edge label="H" idref="s1_8"/>
			</nt>
			<nt id="s1_506" cat="pp">
				<edge label="DP" idref="s1_507"/>
				<edge label="H" idref="s1_11"/>
			</nt>
			<nt id="s1_507" cat="np">
				<edge label="DN" idref="s1_508"/>
				<edge label="DN" idref="s1_12"/>
				<edge label="H" idref="s1_13"/>
				<edge label="-DN" idref="s1_14"/>
			</nt>
			<nt id="s1_508" cat="pp">
				<edge label="CO" idref="s1_10"/>
				<edge label="DP" idref="s1_509"/>
			</nt>
			<nt id="s1_509" cat="np">
				<edge label="H" idref="s1_15"/>
				<edge label="DN" idref="s1_510"/>
			</nt>
			<nt id="s1_510" cat="pp">
				<edge label="H" idref="s1_16"/>
				<edge label="DP" idref="s1_511"/>
				<edge label="H" idref="s1_18"/>
				<edge label="fCs" idref="s1_23"/>
			</nt>
			<nt id="s1_511" cat="np">
				<edge label="DN" idref="s1_17"/>
				<edge label="DN" idref="s1_19"/>
				<edge label="DN" idref="s1_512"/>
			</nt>
			<nt id="s1_512" cat="fcl">
				<edge label="S" idref="s1_21"/>
				<edge label="P" idref="s1_22"/>
			</nt>
		</nonterminals>
	</graph>
</s>

	</body>
</corpus>
