<?xml version="1.0" encoding="UTF-8"?>
<corpus>

	<body>
<s id="s1" ref="1" source="Running text" forest="1" text="muito bom, porem custo alto, para quem gosta de tecnologia e o aparelho certo.">
	<graph root="s1_500">
		<terminals>
			<t id="s1_1" word="muito" lemma="muito" pos="adv" morph="--" extra="quant"/>
			<t id="s1_2" word="bom" lemma="bom" pos="adj" morph="M S" extra="--"/>
			<t id="s1_3" word="," lemma="--" pos="pu" morph="--" extra="--"/>
			<t id="s1_4" word="porem" lemma="pôr" pos="v-inf" morph="3P" extra="mv"/>
			<t id="s1_5" word="custo" lemma="custo" pos="n" morph="M S" sem="mon" extra="--"/>
			<t id="s1_6" word="alto" lemma="alto" pos="adv" morph="--" extra="--"/>
			<t id="s1_7" word="," lemma="--" pos="pu" morph="--" extra="--"/>
			<t id="s1_8" word="para" lemma="para" pos="prp" morph="--" extra="--"/>
			<t id="s1_9" word="quem" lemma="quem" pos="spec" morph="M/F S" extra="clb clb-fs rel"/>
			<t id="s1_10" word="gosta" lemma="gostar" pos="v-fin" morph="PR 3S IND VFIN" extra="vH mv"/>
			<t id="s1_11" word="de" lemma="de" pos="prp" morph="--" extra="--"/>
			<t id="s1_12" word="tecnologia" lemma="tecnologia" pos="n" morph="F S" sem="domain" extra="--"/>
			<t id="s1_13" word="e" lemma="e" pos="conj-c" morph="--" extra="--"/>
			<t id="s1_14" word="o" lemma="o" pos="art" morph="M S" extra="--"/>
			<t id="s1_15" word="aparelho" lemma="aparelho" pos="n" morph="M S" sem="tool" extra="--"/>
			<t id="s1_16" word="certo" lemma="certo" pos="adj" morph="M S" extra="np-close"/>
			<t id="s1_17" word="." lemma="--" pos="pu" morph="--" extra="--"/>
		</terminals>

		<nonterminals>
			<nt id="s1_500" cat="s">
				<edge label="UTT" idref="s1_501"/>
			</nt>
			<nt id="s1_501" cat="icl">
				<edge label="fCs" idref="s1_502"/>
				<edge label="PU" idref="s1_3"/>
				<edge label="P" idref="s1_4"/>
				<edge label="Od" idref="s1_5"/>
				<edge label="fA" idref="s1_6"/>
				<edge label="PU" idref="s1_7"/>
				<edge label="fA" idref="s1_503"/>
				<edge label="PU" idref="s1_17"/>
			</nt>
			<nt id="s1_502" cat="adjp">
				<edge label="DA" idref="s1_1"/>
				<edge label="H" idref="s1_2"/>
			</nt>
			<nt id="s1_503" cat="pp">
				<edge label="H" idref="s1_8"/>
				<edge label="DP" idref="s1_504"/>
			</nt>
			<nt id="s1_504" cat="fcl">
				<edge label="S" idref="s1_9"/>
				<edge label="P" idref="s1_10"/>
				<edge label="Op" idref="s1_505"/>
				<edge label="fCs" idref="s1_506"/>
			</nt>
			<nt id="s1_505" cat="pp">
				<edge label="H" idref="s1_11"/>
				<edge label="DP" idref="s1_12"/>
			</nt>
			<nt id="s1_506" cat="np">
				<edge label="DN" idref="s1_507"/>
				<edge label="DN" idref="s1_14"/>
				<edge label="H" idref="s1_15"/>
				<edge label="-DN" idref="s1_16"/>
			</nt>
			<nt id="s1_507" cat="adjp">
				<edge label="CO" idref="s1_13"/>
			</nt>
		</nonterminals>
	</graph>
</s>

<s id="s2" ref="2" source="Running text" forest="1" text="o que gostei camera excelente, tudo excelente.">
	<graph root="s2_500">
		<terminals>
			<t id="s2_1" word="o" lemma="o" pos="pron-dem" morph="DET M S" extra="dem"/>
			<t id="s2_2" word="que" lemma="que" pos="spec" morph="M S" extra="clb clb-fs rel"/>
			<t id="s2_3" word="gostei" lemma="gostar" pos="v-fin" morph="PS 1S IND VFIN" extra="vH mv np-close"/>
			<t id="s2_4" word="camera" lemma="c�=mara" pos="n" morph="F S" sem="Lh HH" extra="--"/>
			<t id="s2_5" word="excelente" lemma="excelente" pos="adj" morph="F S" extra="jh np-close"/>
			<t id="s2_6" word="," lemma="--" pos="pu" morph="--" extra="--"/>
			<t id="s2_7" word="tudo" lemma="tudo" pos="spec" morph="M S" extra="quant"/>
			<t id="s2_8" word="excelente" lemma="excelente" pos="adj" morph="M/F S" extra="jh np-close"/>
			<t id="s2_9" word="." lemma="--" pos="pu" morph="--" extra="--"/>
		</terminals>

		<nonterminals>
			<nt id="s2_500" cat="s">
				<edge label="UTT" idref="s2_501"/>
			</nt>
			<nt id="s2_501" cat="x">
				<edge label="X" idref="s2_1"/>
				<edge label="DN" idref="s2_502"/>
				<edge label="S" idref="s2_2"/>
				<edge label="P" idref="s2_3"/>
				<edge label="fCs" idref="s2_503"/>
				<edge label="H" idref="s2_4"/>
				<edge label="DN" idref="s2_5"/>
				<edge label="PU" idref="s2_6"/>
				<edge label="fCsta" idref="s2_7"/>
				<edge label="DNc" idref="s2_8"/>
				<edge label="PU" idref="s2_9"/>
			</nt>
			<nt id="s2_502" cat="fcl">
			</nt>
			<nt id="s2_503" cat="np">
			</nt>
		</nonterminals>
	</graph>
</s>

<s id="s3" ref="3" source="Running text" forest="1" text="o que não gostei a bateria descarrega muito rápido quando se escuta musica..">
	<graph root="s3_500">
		<terminals>
			<t id="s3_1" word="o" lemma="o" pos="pron-dem" morph="DET M S" extra="dem"/>
			<t id="s3_2" word="que" lemma="que" pos="spec" morph="M S" extra="clb clb-fs rel"/>
			<t id="s3_3" word="não" lemma="não" pos="adv" morph="--" extra="--"/>
			<t id="s3_4" word="gostei" lemma="gostar" pos="v-fin" morph="PS 1S IND VFIN" extra="vH mv np-close"/>
			<t id="s3_5" word="a" lemma="o" pos="art" morph="F S" extra="--"/>
			<t id="s3_6" word="bateria" lemma="bateria" pos="n" morph="F S" sem="tool" extra="--"/>
			<t id="s3_7" word="descarrega" lemma="descarregar" pos="v-fin" morph="PR 3S IND VFIN" extra="cjt-head cjt-head-STA vH fmc mv"/>
			<t id="s3_8" word="muito" lemma="muito" pos="adv" morph="--" extra="quant"/>
			<t id="s3_9" word="rápido" lemma="rápido" pos="adj" morph="M S" extra="adv"/>
			<t id="s3_10" word="quando" lemma="quando" pos="adv" morph="--" extra="clb clb-fs rel ks"/>
			<t id="s3_11" word="se" lemma="se" pos="pron-pers" morph="M/F 3S ACC" extra="pass"/>
			<t id="s3_12" word="escuta" lemma="escutar" pos="v-fin" morph="PR 3S IND VFIN" extra="vH mv"/>
			<t id="s3_13" word="musica" lemma="musicar" pos="v-fin" morph="PR 3S IND VFIN" extra="nosubj nosubj cjt-STA vH fmc mv"/>
			<t id="s3_14" word="." lemma="--" pos="pu" morph="--" extra="--"/>
			<t id="s3_15" word="." lemma="--" pos="pu" morph="--" extra="--"/>
		</terminals>

		<nonterminals>
			<nt id="s3_500" cat="s">
				<edge label="STA" idref="s3_501"/>
			</nt>
			<nt id="s3_501" cat="par">
				<edge label="CJT" idref="s3_502"/>
				<edge label="DN" idref="s3_503"/>
				<edge label="S" idref="s3_2"/>
				<edge label="fA" idref="s3_3"/>
				<edge label="P" idref="s3_4"/>
				<edge label="CJT" idref="s3_13"/>
				<edge label="PU" idref="s3_14"/>
				<edge label="PU" idref="s3_15"/>
			</nt>
			<nt id="s3_502" cat="fcl">
				<edge label="S" idref="s3_1"/>
			</nt>
			<nt id="s3_503" cat="fcl">
				<edge label="S" idref="s3_504"/>
				<edge label="P" idref="s3_7"/>
				<edge label="fCs" idref="s3_505"/>
				<edge label="fA" idref="s3_506"/>
			</nt>
			<nt id="s3_504" cat="np">
				<edge label="DN" idref="s3_5"/>
				<edge label="H" idref="s3_6"/>
			</nt>
			<nt id="s3_505" cat="adjp">
				<edge label="DA" idref="s3_8"/>
				<edge label="H" idref="s3_9"/>
			</nt>
			<nt id="s3_506" cat="fcl">
				<edge label="fA" idref="s3_10"/>
				<edge label="Od" idref="s3_11"/>
				<edge label="P" idref="s3_12"/>
			</nt>
		</nonterminals>
	</graph>
</s>

	</body>
</corpus>
