<?xml version="1.0" encoding="UTF-8"?>
<corpus>

	<body>
<s id="s1" ref="1" source="Running text" forest="1" text="florianópolis o que gostei te o que não gostei não.">
	<graph root="s1_500">
		<terminals>
			<t id="s1_1" word="florianópolis" lemma="florianópolis" pos="adj" morph="M/F P" extra="cjt-head cjt-head-X DERS DERS DERS jh"/>
			<t id="s1_2" word="o" lemma="o" pos="pron-dem" morph="DET M S" extra="cjt-X dem"/>
			<t id="s1_3" word="que" lemma="que" pos="spec" morph="M S" extra="clb clb-fs rel"/>
			<t id="s1_4" word="gostei" lemma="gostar" pos="v-fin" morph="PS 1S IND VFIN" extra="vH mv np-close"/>
			<t id="s1_5" word="te" lemma="tu" pos="pron-pers" morph="M/F 2S DAT" extra="refl"/>
			<t id="s1_6" word="o_que" lemma="o_que" pos="spec" morph="M S" extra="clb rel"/>
			<t id="s1_7" word="não" lemma="não" pos="adv" morph="--" extra="--"/>
			<t id="s1_8" word="gostei" lemma="gostar" pos="v-fin" morph="PS 1S IND VFIN" extra="vH mv"/>
			<t id="s1_9" word="não" lemma="não" pos="adv" morph="--" extra="--"/>
			<t id="s1_10" word="." lemma="--" pos="pu" morph="--" extra="--"/>
		</terminals>

		<nonterminals>
			<nt id="s1_500" cat="s">
				<edge label="X" idref="s1_501"/>
			</nt>
			<nt id="s1_501" cat="par">
				<edge label="CJT" idref="s1_1"/>
				<edge label="CJT" idref="s1_502"/>
				<edge label="DN" idref="s1_503"/>
				<edge label="Oi" idref="s1_5"/>
				<edge label="PU" idref="s1_10"/>
			</nt>
			<nt id="s1_502" cat="adjp">
				<edge label="H" idref="s1_2"/>
			</nt>
			<nt id="s1_503" cat="fcl">
				<edge label="S" idref="s1_3"/>
				<edge label="P" idref="s1_4"/>
				<edge label="STA" idref="s1_504"/>
			</nt>
			<nt id="s1_504" cat="fcl">
				<edge label="X" idref="s1_6"/>
				<edge label="fA" idref="s1_7"/>
				<edge label="P" idref="s1_8"/>
				<edge label="fA" idref="s1_9"/>
			</nt>
		</nonterminals>
	</graph>
</s>

	</body>
</corpus>
