<?xml version="1.0" encoding="UTF-8"?>
<corpus>

	<body>
<s id="s1" ref="1" source="Running text" forest="1" text="deveria possuir android também..">
	<graph root="s1_500">
		<terminals>
			<t id="s1_1" word="deveria" lemma="dever" pos="v-fin" morph="COND 1/3S VFIN" extra="fmc aux"/>
			<t id="s1_2" word="possuir" lemma="possuir" pos="v-inf" morph="--" extra="vH mv"/>
			<t id="s1_3" word="android" lemma="android" pos="n" morph="M S" extra="foreign heur"/>
			<t id="s1_4" word="também" lemma="também" pos="adv" morph="--" extra="--"/>
			<t id="s1_5" word="." lemma="--" pos="pu" morph="--" extra="--"/>
			<t id="s1_6" word="." lemma="--" pos="pu" morph="--" extra="--"/>
		</terminals>

		<nonterminals>
			<nt id="s1_500" cat="s">
				<edge label="STA" idref="s1_501"/>
			</nt>
			<nt id="s1_501" cat="fcl">
				<edge label="P" idref="s1_502"/>
				<edge label="Od" idref="s1_3"/>
				<edge label="fA" idref="s1_4"/>
				<edge label="PU" idref="s1_5"/>
				<edge label="PU" idref="s1_6"/>
			</nt>
			<nt id="s1_502" cat="vp">
				<edge label="Vaux" idref="s1_1"/>
				<edge label="Vm" idref="s1_2"/>
			</nt>
		</nonterminals>
	</graph>
</s>

	</body>
</corpus>
