<?xml version="1.0" encoding="UTF-8"?>
<corpus>

	<body>
<s id="s1" ref="1" source="Running text" forest="1" text="muito boa o que gostei o aparelho e ótimo gostei muito o que não gostei demora na entrega manual de instrução não era em português e sem aviso que teria que paga number 5 reais de envio.">
	<graph root="s1_500">
		<terminals>
			<t id="s1_1" word="muito" lemma="muito" pos="adv" morph="--" extra="quant"/>
			<t id="s1_2" word="boa" lemma="bom" pos="adj" morph="F S" extra="jh"/>
			<t id="s1_3" word="o" lemma="o" pos="pron-dem" morph="DET M S" extra="dem"/>
			<t id="s1_4" word="que" lemma="que" pos="spec" morph="M S" extra="clb clb-fs rel"/>
			<t id="s1_5" word="gostei" lemma="gostar" pos="v-fin" morph="PS 1S IND VFIN" extra="vH mv np-close"/>
			<t id="s1_6" word="o" lemma="o" pos="art" morph="M S" extra="--"/>
			<t id="s1_7" word="aparelho" lemma="aparelho" pos="n" morph="M S" sem="tool" extra="--"/>
			<t id="s1_8" word="e" lemma="e" pos="conj-c" morph="--" extra="topkc"/>
			<t id="s1_9" word="ótimo" lemma="bom" pos="adj" morph="M S" extra="SUP jh"/>
			<t id="s1_10" word="gostei" lemma="gostar" pos="v-fin" morph="PS 1S IND VFIN" extra="predco predco predco predco vH fmc mv"/>
			<t id="s1_11" word="muito" lemma="muito" pos="adv" morph="--" extra="quant"/>
			<t id="s1_12" word="o" lemma="o" pos="pron-dem" morph="DET M S" extra="dem"/>
			<t id="s1_13" word="que" lemma="que" pos="spec" morph="M S" extra="clb clb-fs rel"/>
			<t id="s1_14" word="não" lemma="não" pos="adv" morph="--" extra="--"/>
			<t id="s1_15" word="gostei" lemma="gostar" pos="v-fin" morph="PS 1S IND VFIN" extra="vH mv np-close"/>
			<t id="s1_16" word="demora" lemma="demora" pos="n" morph="F S" sem="per" extra="--"/>
			<t id="s1_17" word="em" lemma="em" pos="prp" morph="--" extra="sam- np-close"/>
			<t id="s1_18" word="a" lemma="o" pos="art" morph="F S" extra="-sam "/>
			<t id="s1_19" word="entrega" lemma="entrega" pos="n" morph="F S" sem="act" extra="--"/>
			<t id="s1_20" word="manual" lemma="manual" pos="adj" morph="F S" extra="nh np-close"/>
			<t id="s1_21" word="de" lemma="de" pos="prp" morph="--" extra="np-close"/>
			<t id="s1_22" word="instrução" lemma="instrução" pos="n" morph="F S" sem="activity sem-c occ" extra="--"/>
			<t id="s1_23" word="não" lemma="não" pos="adv" morph="--" extra="--"/>
			<t id="s1_24" word="era" lemma="ser" pos="v-fin" morph="IMPF 3S IND VFIN" extra="cjt-STA fmc mv"/>
			<t id="s1_25" word="em_português" lemma="em_português" pos="adv" morph="--" sem="pp" extra="--"/>
			<t id="s1_26" word="e" lemma="e" pos="conj-c" morph="--" extra="--"/>
			<t id="s1_27" word="sem" lemma="sem" pos="prp" morph="--" extra="--"/>
			<t id="s1_28" word="aviso" lemma="aviso" pos="n" morph="M S" sem="sem-r" extra="--"/>
			<t id="s1_29" word="que" lemma="que" pos="spec" morph="M S" extra="clb clb-fs rel"/>
			<t id="s1_30" word="teria" lemma="ter" pos="v-fin" morph="COND 3S VFIN" extra="aux np-close"/>
			<t id="s1_31" word="que" lemma="que" pos="conj-s" morph="--" extra="clb"/>
			<t id="s1_32" word="paga" lemma="pagar" pos="v-fin" morph="PR 3S IND VFIN" extra="cjt-STA vH fmc mv"/>
			<t id="s1_33" word="number" lemma="number" pos="n" morph="M S" extra="heur"/>
			<t id="s1_34" word="5" lemma="5" pos="num" morph="M P" extra="card"/>
			<t id="s1_35" word="reais" lemma="real" pos="n" morph="M P" sem="cur" extra="--"/>
			<t id="s1_36" word="de" lemma="de" pos="prp" morph="--" extra="np-close"/>
			<t id="s1_37" word="envio" lemma="envio" pos="n" morph="M S" sem="act" extra="--"/>
			<t id="s1_38" word="." lemma="--" pos="pu" morph="--" extra="--"/>
		</terminals>

		<nonterminals>
			<nt id="s1_500" cat="s">
				<edge label="STA" idref="s1_501"/>
			</nt>
			<nt id="s1_501" cat="fcl">
				<edge label="S" idref="s1_502"/>
				<edge label="DN" idref="s1_504"/>
				<edge label="S" idref="s1_4"/>
				<edge label="P" idref="s1_5"/>
				<edge label="S" idref="s1_505"/>
				<edge label="CO" idref="s1_8"/>
				<edge label="S" idref="s1_9"/>
				<edge label="X" idref="s1_506"/>
				<edge label="fCs" idref="s1_519"/>
				<edge label="DN" idref="s1_34"/>
				<edge label="H" idref="s1_35"/>
				<edge label="DN" idref="s1_520"/>
				<edge label="PU" idref="s1_38"/>
			</nt>
			<nt id="s1_502" cat="adjp">
				<edge label="DA" idref="s1_1"/>
				<edge label="H" idref="s1_2"/>
				<edge label="CJT" idref="s1_503"/>
			</nt>
			<nt id="s1_503" cat="fcl">
				<edge label="S" idref="s1_3"/>
			</nt>
			<nt id="s1_504" cat="fcl">
			</nt>
			<nt id="s1_505" cat="np">
				<edge label="DN" idref="s1_6"/>
				<edge label="H" idref="s1_7"/>
				<edge label="DN" idref="s1_509"/>
				<edge label="CJT" idref="s1_518"/>
			</nt>
			<nt id="s1_506" cat="par">
				<edge label="CJT" idref="s1_507"/>
				<edge label="CJT" idref="s1_508"/>
			</nt>
			<nt id="s1_507" cat="x">
				<edge label="P" idref="s1_10"/>
				<edge label="fA" idref="s1_11"/>
			</nt>
			<nt id="s1_508" cat="fcl">
				<edge label="S" idref="s1_12"/>
			</nt>
			<nt id="s1_509" cat="fcl">
				<edge label="S" idref="s1_13"/>
				<edge label="fA" idref="s1_14"/>
				<edge label="P" idref="s1_15"/>
				<edge label="S" idref="s1_510"/>
				<edge label="fA" idref="s1_23"/>
				<edge label="P" idref="s1_24"/>
				<edge label="fA" idref="s1_25"/>
			</nt>
			<nt id="s1_510" cat="np">
				<edge label="H" idref="s1_16"/>
				<edge label="DN" idref="s1_511"/>
				<edge label="H" idref="s1_27"/>
				<edge label="DP" idref="s1_515"/>
			</nt>
			<nt id="s1_511" cat="pp">
				<edge label="H" idref="s1_17"/>
				<edge label="DP" idref="s1_512"/>
			</nt>
			<nt id="s1_512" cat="np">
				<edge label="DN" idref="s1_18"/>
				<edge label="H" idref="s1_19"/>
				<edge label="DN" idref="s1_20"/>
				<edge label="DN" idref="s1_513"/>
			</nt>
			<nt id="s1_513" cat="pp">
				<edge label="H" idref="s1_21"/>
				<edge label="DP" idref="s1_22"/>
			</nt>
			<nt id="s1_514" cat="pp">
			</nt>
			<nt id="s1_515" cat="np">
				<edge label="H" idref="s1_28"/>
				<edge label="DN" idref="s1_516"/>
			</nt>
			<nt id="s1_516" cat="fcl">
				<edge label="S" idref="s1_29"/>
				<edge label="P" idref="s1_517"/>
			</nt>
			<nt id="s1_517" cat="vp">
				<edge label="Vaux" idref="s1_30"/>
				<edge label="Vm" idref="s1_31"/>
			</nt>
			<nt id="s1_518" cat="fcl">
				<edge label="P" idref="s1_32"/>
				<edge label="Od" idref="s1_33"/>
			</nt>
			<nt id="s1_519" cat="np">
			</nt>
			<nt id="s1_520" cat="pp">
				<edge label="H" idref="s1_36"/>
				<edge label="DP" idref="s1_37"/>
			</nt>
		</nonterminals>
	</graph>
</s>

	</body>
</corpus>
