<?xml version="1.0" encoding="UTF-8"?>
<corpus>

	<body>
<s id="s1" ref="1" source="Running text" forest="1" text="acho ótima essa marca de celular e pretendo obter um assim que possível..">
	<graph root="s1_500">
		<terminals>
			<t id="s1_1" word="acho" lemma="achar" pos="v-fin" morph="PR 1S IND VFIN" extra="nosubj nosubj cjt-head cjt-head-STA vH fmc mv"/>
			<t id="s1_2" word="ótima" lemma="bom" pos="adj" morph="F S" extra="SUP"/>
			<t id="s1_3" word="essa" lemma="esse" pos="pron-dem" morph="DET F S" extra="dem"/>
			<t id="s1_4" word="marca" lemma="marca" pos="n" morph="F S" sem="ac-sign Labs bar" extra="--"/>
			<t id="s1_5" word="de" lemma="de" pos="prp" morph="--" extra="np-close"/>
			<t id="s1_6" word="celular" lemma="celular" pos="adj" morph="M/F S" extra="nh"/>
			<t id="s1_7" word="e" lemma="e" pos="conj-c" morph="--" extra="--"/>
			<t id="s1_8" word="pretendo" lemma="pretender" pos="v-fin" morph="PR 1S IND VFIN" extra="nosubj nosubj cjt-STA vH fmc mv"/>
			<t id="s1_9" word="obter" lemma="obter" pos="v-inf" morph="--" extra="vH mv"/>
			<t id="s1_10" word="um" lemma="um" pos="num" morph="M S" extra="card"/>
			<t id="s1_11" word="assim_que" lemma="assim_que" pos="adv" morph="--" extra="advl rel"/>
			<t id="s1_12" word="possível" lemma="possível" pos="adj" morph="M/F S" extra="nh"/>
			<t id="s1_13" word="." lemma="--" pos="pu" morph="--" extra="--"/>
			<t id="s1_14" word="." lemma="--" pos="pu" morph="--" extra="--"/>
		</terminals>

		<nonterminals>
			<nt id="s1_500" cat="s">
				<edge label="STA" idref="s1_501"/>
			</nt>
			<nt id="s1_501" cat="par">
				<edge label="CJT" idref="s1_502"/>
				<edge label="CJT" idref="s1_505"/>
				<edge label="PU" idref="s1_13"/>
				<edge label="PU" idref="s1_14"/>
			</nt>
			<nt id="s1_502" cat="fcl">
				<edge label="P" idref="s1_1"/>
				<edge label="Co" idref="s1_2"/>
				<edge label="Od" idref="s1_503"/>
			</nt>
			<nt id="s1_503" cat="np">
				<edge label="DN" idref="s1_3"/>
				<edge label="H" idref="s1_4"/>
				<edge label="DN" idref="s1_504"/>
			</nt>
			<nt id="s1_504" cat="pp">
				<edge label="H" idref="s1_5"/>
				<edge label="DP" idref="s1_6"/>
			</nt>
			<nt id="s1_505" cat="x">
				<edge label="P" idref="s1_8"/>
				<edge label="Od" idref="s1_506"/>
			</nt>
			<nt id="s1_506" cat="icl">
				<edge label="P" idref="s1_9"/>
				<edge label="Od" idref="s1_10"/>
				<edge label="fA" idref="s1_507"/>
			</nt>
			<nt id="s1_507" cat="acl">
				<edge label="H" idref="s1_11"/>
				<edge label="X" idref="s1_12"/>
			</nt>
		</nonterminals>
	</graph>
</s>

	</body>
</corpus>
