<?xml version="1.0" encoding="UTF-8"?>
<corpus>

	<body>
<s id="s1" ref="1" source="Running text" forest="1" text="ótimo produto.">
	<graph root="s1_500">
		<terminals>
			<t id="s1_1" word="ótimo" lemma="bom" pos="adj" morph="M S" extra="SUP"/>
			<t id="s1_2" word="produto" lemma="produto" pos="n" morph="M S" sem="cc-h mon ac-cat" extra="--"/>
			<t id="s1_3" word="." lemma="--" pos="pu" morph="--" extra="--"/>
		</terminals>

		<nonterminals>
			<nt id="s1_500" cat="s">
				<edge label="X" idref="s1_501"/>
			</nt>
			<nt id="s1_501" cat="np">
				<edge label="DN" idref="s1_1"/>
				<edge label="H" idref="s1_2"/>
				<edge label="PU" idref="s1_3"/>
			</nt>
		</nonterminals>
	</graph>
</s>

<s id="s2" ref="2" source="Running text" forest="1" text="recomendo porque atende ao objetivo para o qual foi projetado..">
	<graph root="s2_500">
		<terminals>
			<t id="s2_1" word="recomendo" lemma="recomendar" pos="v-fin" morph="PR 1S IND VFIN" extra="vH fmc mv"/>
			<t id="s2_2" word="porque" lemma="porque" pos="conj-s" morph="--" extra="clb clb-fs"/>
			<t id="s2_3" word="atende" lemma="atender" pos="v-fin" morph="PR 3S IND VFIN" extra="vH mv"/>
			<t id="s2_4" word="a" lemma="a" pos="prp" morph="--" extra="sam-"/>
			<t id="s2_5" word="o" lemma="o" pos="art" morph="M S" extra="-sam "/>
			<t id="s2_6" word="objetivo" lemma="objetivo" pos="n" morph="M S" sem="sem-c" extra="--"/>
			<t id="s2_7" word="para" lemma="para" pos="prp" morph="--" extra="clb"/>
			<t id="s2_8" word="o_qual" lemma="o_qual" pos="spec" morph="M S" extra="clb-fs rel"/>
			<t id="s2_9" word="foi" lemma="ser" pos="v-fin" morph="PS 3S IND VFIN" extra="aux np-close"/>
			<t id="s2_10" word="projetado" lemma="projetar" pos="v-pcp" morph="M S" extra="vH mv"/>
			<t id="s2_11" word="." lemma="--" pos="pu" morph="--" extra="--"/>
			<t id="s2_12" word="." lemma="--" pos="pu" morph="--" extra="--"/>
		</terminals>

		<nonterminals>
			<nt id="s2_500" cat="s">
				<edge label="STA" idref="s2_501"/>
			</nt>
			<nt id="s2_501" cat="fcl">
				<edge label="P" idref="s2_1"/>
				<edge label="fA" idref="s2_502"/>
				<edge label="PU" idref="s2_11"/>
				<edge label="PU" idref="s2_12"/>
			</nt>
			<nt id="s2_502" cat="fcl">
				<edge label="SUB" idref="s2_2"/>
				<edge label="P" idref="s2_3"/>
				<edge label="Op" idref="s2_503"/>
			</nt>
			<nt id="s2_503" cat="pp">
				<edge label="H" idref="s2_4"/>
				<edge label="DP" idref="s2_504"/>
			</nt>
			<nt id="s2_504" cat="np">
				<edge label="DN" idref="s2_5"/>
				<edge label="H" idref="s2_6"/>
				<edge label="DN" idref="s2_505"/>
			</nt>
			<nt id="s2_505" cat="fcl">
				<edge label="fA" idref="s2_506"/>
				<edge label="P" idref="s2_507"/>
			</nt>
			<nt id="s2_506" cat="pp">
				<edge label="H" idref="s2_7"/>
				<edge label="DP" idref="s2_8"/>
			</nt>
			<nt id="s2_507" cat="vp">
				<edge label="Vaux" idref="s2_9"/>
				<edge label="Vm" idref="s2_10"/>
			</nt>
		</nonterminals>
	</graph>
</s>

	</body>
</corpus>
