<?xml version="1.0" encoding="UTF-8"?>
<corpus>

	<body>
<s id="s1" ref="1" source="Running text" forest="1" text="por ser nokia.">
	<graph root="s1_500">
		<terminals>
			<t id="s1_1" word="por" lemma="por" pos="prp" morph="--" extra="--"/>
			<t id="s1_2" word="ser" lemma="ser" pos="v-inf" morph="--" extra="vK mv"/>
			<t id="s1_3" word="nokia" lemma="nokia" pos="n" morph="F S" extra="heur foreign"/>
			<t id="s1_4" word="." lemma="--" pos="pu" morph="--" extra="--"/>
		</terminals>

		<nonterminals>
			<nt id="s1_500" cat="s">
				<edge label="fA" idref="s1_501"/>
			</nt>
			<nt id="s1_501" cat="pp">
				<edge label="H" idref="s1_1"/>
				<edge label="DP" idref="s1_502"/>
				<edge label="PU" idref="s1_4"/>
			</nt>
			<nt id="s1_502" cat="icl">
				<edge label="P" idref="s1_2"/>
				<edge label="Cs" idref="s1_3"/>
			</nt>
		</nonterminals>
	</graph>
</s>

<s id="s2" ref="2" source="Running text" forest="1" text="eu só adquiro celulares nokia e agora já tem o produto com gps.">
	<graph root="s2_500">
		<terminals>
			<t id="s2_1" word="eu" lemma="eu" pos="pron-pers" morph="M/F 1S NOM" extra="--"/>
			<t id="s2_2" word="só" lemma="só" pos="adv" morph="--" extra="--"/>
			<t id="s2_3" word="adquiro" lemma="adquirir" pos="v-fin" morph="PR 1S IND VFIN" extra="cjt-head cjt-head-STA vH fmc mv"/>
			<t id="s2_4" word="celulares" lemma="celular" pos="adj" morph="F P" extra="nh"/>
			<t id="s2_5" word="nokia" lemma="nokia" pos="n" morph="F S" extra="heur foreign"/>
			<t id="s2_6" word="e" lemma="e" pos="conj-c" morph="--" extra="topkc"/>
			<t id="s2_7" word="agora" lemma="agora" pos="adv" morph="--" extra="kc"/>
			<t id="s2_8" word="já" lemma="já" pos="adv" morph="--" extra="--"/>
			<t id="s2_9" word="tem" lemma="ter" pos="v-fin" morph="PR 3S IND VFIN" extra="nosubj nosubj cjt-STA fmc mv"/>
			<t id="s2_10" word="o" lemma="o" pos="art" morph="M S" extra="--"/>
			<t id="s2_11" word="produto" lemma="produto" pos="n" morph="M S" sem="cc-h mon ac-cat" extra="--"/>
			<t id="s2_12" word="com" lemma="com" pos="prp" morph="--" extra="--"/>
			<t id="s2_13" word="gps" lemma="gps" pos="n" morph="M S" extra="foreign heur"/>
			<t id="s2_14" word="." lemma="--" pos="pu" morph="--" extra="--"/>
		</terminals>

		<nonterminals>
			<nt id="s2_500" cat="s">
				<edge label="STA" idref="s2_501"/>
			</nt>
			<nt id="s2_501" cat="par">
				<edge label="CJT" idref="s2_502"/>
				<edge label="CO" idref="s2_6"/>
				<edge label="CJT" idref="s2_504"/>
				<edge label="PU" idref="s2_14"/>
			</nt>
			<nt id="s2_502" cat="fcl">
				<edge label="S" idref="s2_1"/>
				<edge label="fA" idref="s2_2"/>
				<edge label="P" idref="s2_3"/>
				<edge label="Od" idref="s2_503"/>
			</nt>
			<nt id="s2_503" cat="np">
				<edge label="DN" idref="s2_4"/>
				<edge label="H" idref="s2_5"/>
			</nt>
			<nt id="s2_504" cat="x">
				<edge label="fA" idref="s2_7"/>
				<edge label="fA" idref="s2_8"/>
				<edge label="P" idref="s2_9"/>
				<edge label="Od" idref="s2_505"/>
				<edge label="fA" idref="s2_506"/>
			</nt>
			<nt id="s2_505" cat="np">
				<edge label="DN" idref="s2_10"/>
				<edge label="H" idref="s2_11"/>
			</nt>
			<nt id="s2_506" cat="pp">
				<edge label="H" idref="s2_12"/>
				<edge label="DP" idref="s2_13"/>
			</nt>
		</nonterminals>
	</graph>
</s>

<s id="s3" ref="3" source="Running text" forest="1" text="o que gostei pretendo comprar, pois tenho referencias de que é uma ótima aquisição.">
	<graph root="s3_500">
		<terminals>
			<t id="s3_1" word="o" lemma="o" pos="pron-dem" morph="DET M S" extra="dem"/>
			<t id="s3_2" word="que" lemma="que" pos="spec" morph="M S" extra="clb clb-fs rel"/>
			<t id="s3_3" word="gostei" lemma="gostar" pos="v-fin" morph="PS 1S IND VFIN" extra="vH mv np-close"/>
			<t id="s3_4" word="pretendo" lemma="pretender" pos="v-fin" morph="PR 1S IND VFIN" extra="nosubj nosubj cjt-head cjt-head-STA vH fmc mv"/>
			<t id="s3_5" word="comprar" lemma="comprar" pos="v-inf" morph="--" extra="vH mv"/>
			<t id="s3_6" word="," lemma="--" pos="pu" morph="--" extra="--"/>
			<t id="s3_7" word="pois" lemma="pois" pos="conj-s" morph="--" extra="clb"/>
			<t id="s3_8" word="tenho" lemma="ter" pos="v-fin" morph="PR 1S IND VFIN" extra="nosubj nosubj cjt-STA fmc mv"/>
			<t id="s3_9" word="referencias" lemma="referenciar" pos="v-fin" morph="PR 2S IND VFIN" extra="nosubj nosubj cjt-STA vH fmc mv"/>
			<t id="s3_10" word="de" lemma="de" pos="prp" morph="--" extra="--"/>
			<t id="s3_11" word="que" lemma="que" pos="conj-s" morph="--" extra="clb clb-fs"/>
			<t id="s3_12" word="é" lemma="ser" pos="v-fin" morph="PR 3S IND VFIN" extra="vK mv"/>
			<t id="s3_13" word="uma" lemma="um" pos="art" morph="F S" extra="--"/>
			<t id="s3_14" word="ótima" lemma="bom" pos="adj" morph="F S" extra="SUP jh"/>
			<t id="s3_15" word="aquisição" lemma="aquisição" pos="n" morph="F S" sem="act" extra="--"/>
			<t id="s3_16" word="." lemma="--" pos="pu" morph="--" extra="--"/>
		</terminals>

		<nonterminals>
			<nt id="s3_500" cat="s">
				<edge label="UTT" idref="s3_501"/>
			</nt>
			<nt id="s3_501" cat="x">
				<edge label="DN" idref="s3_504"/>
				<edge label="S" idref="s3_2"/>
				<edge label="P" idref="s3_3"/>
				<edge label="PU" idref="s3_6"/>
				<edge label="CJT" idref="s3_505"/>
				<edge label="CJT" idref="s3_506"/>
				<edge label="PU" idref="s3_16"/>
			</nt>
			<nt id="s3_502" cat="par">
				<edge label="CJT" idref="s3_503"/>
			</nt>
			<nt id="s3_503" cat="fcl">
				<edge label="S" idref="s3_1"/>
			</nt>
			<nt id="s3_504" cat="fcl">
				<edge label="P" idref="s3_4"/>
				<edge label="Od" idref="s3_5"/>
			</nt>
			<nt id="s3_505" cat="x">
				<edge label="fA" idref="s3_7"/>
				<edge label="P" idref="s3_8"/>
			</nt>
			<nt id="s3_506" cat="x">
				<edge label="P" idref="s3_9"/>
				<edge label="fA" idref="s3_507"/>
			</nt>
			<nt id="s3_507" cat="pp">
				<edge label="H" idref="s3_10"/>
				<edge label="DP" idref="s3_508"/>
			</nt>
			<nt id="s3_508" cat="fcl">
				<edge label="SUB" idref="s3_11"/>
				<edge label="P" idref="s3_12"/>
				<edge label="Cs" idref="s3_509"/>
			</nt>
			<nt id="s3_509" cat="np">
				<edge label="DN" idref="s3_13"/>
				<edge label="DN" idref="s3_14"/>
				<edge label="H" idref="s3_15"/>
			</nt>
		</nonterminals>
	</graph>
</s>

<s id="s4" ref="4" source="Running text" forest="1" text="o que não gostei não tenho.">
	<graph root="s4_500">
		<terminals>
			<t id="s4_1" word="o" lemma="o" pos="pron-dem" morph="DET M S" extra="dem"/>
			<t id="s4_2" word="que" lemma="que" pos="spec" morph="M S" extra="clb clb-fs rel"/>
			<t id="s4_3" word="não" lemma="não" pos="adv" morph="--" extra="--"/>
			<t id="s4_4" word="gostei" lemma="gostar" pos="v-fin" morph="PS 1S IND VFIN" extra="vH mv np-close"/>
			<t id="s4_5" word="não" lemma="não" pos="adv" morph="--" extra="--"/>
			<t id="s4_6" word="tenho" lemma="ter" pos="v-fin" morph="PR 1S IND VFIN" extra="fmc mv"/>
			<t id="s4_7" word="." lemma="--" pos="pu" morph="--" extra="--"/>
		</terminals>

		<nonterminals>
			<nt id="s4_500" cat="s">
				<edge label="STA" idref="s4_501"/>
			</nt>
			<nt id="s4_501" cat="fcl">
				<edge label="S" idref="s4_1"/>
				<edge label="DN" idref="s4_502"/>
				<edge label="S" idref="s4_2"/>
				<edge label="fA" idref="s4_3"/>
				<edge label="P" idref="s4_4"/>
				<edge label="fA" idref="s4_5"/>
				<edge label="P" idref="s4_6"/>
				<edge label="PU" idref="s4_7"/>
			</nt>
			<nt id="s4_502" cat="fcl">
			</nt>
		</nonterminals>
	</graph>
</s>

	</body>
</corpus>
