<?xml version="1.0" encoding="UTF-8"?>
<corpus>

	<body>
<s id="s1" ref="1" source="Running text" forest="1" text="é um bom aparelho de entrada, fácil de usar.">
	<graph root="s1_500">
		<terminals>
			<t id="s1_1" word="é" lemma="ser" pos="v-fin" morph="PR 3S IND VFIN" extra="vK fmc mv"/>
			<t id="s1_2" word="um" lemma="um" pos="art" morph="M S" extra="--"/>
			<t id="s1_3" word="bom" lemma="bom" pos="adj" morph="M S" extra="--"/>
			<t id="s1_4" word="aparelho" lemma="aparelho" pos="n" morph="M S" sem="tool" extra="--"/>
			<t id="s1_5" word="de" lemma="de" pos="prp" morph="--" extra="np-close"/>
			<t id="s1_6" word="entrada" lemma="entrada" pos="n" morph="F S" sem="Lh cc-r mon act part-build" extra="--"/>
			<t id="s1_7" word="," lemma="--" pos="pu" morph="--" extra="--"/>
			<t id="s1_8" word="fácil" lemma="fácil" pos="adj" morph="M/F S" extra="jh np-close"/>
			<t id="s1_9" word="de" lemma="de" pos="prp" morph="--" extra="--"/>
			<t id="s1_10" word="usar" lemma="usar" pos="v-inf" morph="--" extra="vH mv"/>
			<t id="s1_11" word="." lemma="--" pos="pu" morph="--" extra="--"/>
		</terminals>

		<nonterminals>
			<nt id="s1_500" cat="s">
				<edge label="STA" idref="s1_501"/>
			</nt>
			<nt id="s1_501" cat="fcl">
				<edge label="P" idref="s1_1"/>
				<edge label="Cs" idref="s1_502"/>
				<edge label="PU" idref="s1_11"/>
			</nt>
			<nt id="s1_502" cat="np">
				<edge label="DN" idref="s1_2"/>
				<edge label="DN" idref="s1_3"/>
				<edge label="H" idref="s1_4"/>
				<edge label="DN" idref="s1_503"/>
			</nt>
			<nt id="s1_503" cat="pp">
				<edge label="H" idref="s1_5"/>
				<edge label="DP" idref="s1_504"/>
			</nt>
			<nt id="s1_504" cat="np">
				<edge label="H" idref="s1_6"/>
				<edge label="PU" idref="s1_7"/>
				<edge label="DNc" idref="s1_505"/>
			</nt>
			<nt id="s1_505" cat="adjp">
				<edge label="H" idref="s1_8"/>
				<edge label="DA" idref="s1_506"/>
			</nt>
			<nt id="s1_506" cat="pp">
				<edge label="H" idref="s1_9"/>
				<edge label="DP" idref="s1_10"/>
			</nt>
		</nonterminals>
	</graph>
</s>

<s id="s2" ref="2" source="Running text" forest="1" text="embora tenha jogos e outras funcionalidades, é um aparelho ideal para quem usa o celular apenas para falar.">
	<graph root="s2_500">
		<terminals>
			<t id="s2_1" word="embora" lemma="embora" pos="conj-s" morph="--" extra="clb clb-fs"/>
			<t id="s2_2" word="tenha" lemma="ter" pos="v-fin" morph="PR 1/3S SUBJ VFIN" extra="mv"/>
			<t id="s2_3" word="jogos" lemma="jogo" pos="n" morph="M P" sem="activity occ cc-h game" extra="cjt-head cjt-head-Od"/>
			<t id="s2_4" word="e" lemma="e" pos="conj-c" morph="--" extra="topkc"/>
			<t id="s2_5" word="outras" lemma="outro" pos="pron-indef" morph="DET F P" extra="diff KOMP"/>
			<t id="s2_6" word="funcionalidades" lemma="funcionalidade" pos="n" morph="F P" sem="percep-f" extra="cjt-Od"/>
			<t id="s2_7" word="," lemma="--" pos="pu" morph="--" extra="--"/>
			<t id="s2_8" word="é" lemma="ser" pos="v-fin" morph="PR 3S IND VFIN" extra="vK fmc mv"/>
			<t id="s2_9" word="um" lemma="um" pos="art" morph="M S" extra="--"/>
			<t id="s2_10" word="aparelho" lemma="aparelho" pos="n" morph="M S" sem="tool" extra="--"/>
			<t id="s2_11" word="ideal" lemma="ideal" pos="adj" morph="M S" extra="np-close"/>
			<t id="s2_12" word="para" lemma="para" pos="prp" morph="--" extra="--"/>
			<t id="s2_13" word="quem" lemma="quem" pos="spec" morph="M/F S" extra="clb clb-fs rel"/>
			<t id="s2_14" word="usa" lemma="usar" pos="v-fin" morph="PR 3S IND VFIN" extra="vH mv"/>
			<t id="s2_15" word="o" lemma="o" pos="art" morph="M S" extra="--"/>
			<t id="s2_16" word="celular" lemma="celular" pos="adj" morph="M S" extra="n nh"/>
			<t id="s2_17" word="apenas" lemma="apenas" pos="adv" morph="--" extra="--"/>
			<t id="s2_18" word="para" lemma="para" pos="prp" morph="--" extra="--"/>
			<t id="s2_19" word="falar" lemma="falar" pos="v-inf" morph="--" extra="vH mv"/>
			<t id="s2_20" word="." lemma="--" pos="pu" morph="--" extra="--"/>
		</terminals>

		<nonterminals>
			<nt id="s2_500" cat="s">
				<edge label="STA" idref="s2_501"/>
			</nt>
			<nt id="s2_501" cat="fcl">
				<edge label="fA" idref="s2_502"/>
				<edge label="CO" idref="s2_4"/>
				<edge label="PU" idref="s2_7"/>
				<edge label="P" idref="s2_8"/>
				<edge label="Cs" idref="s2_505"/>
				<edge label="fA" idref="s2_506"/>
				<edge label="PU" idref="s2_20"/>
			</nt>
			<nt id="s2_502" cat="fcl">
				<edge label="SUB" idref="s2_1"/>
				<edge label="P" idref="s2_2"/>
				<edge label="Od" idref="s2_503"/>
			</nt>
			<nt id="s2_503" cat="par">
				<edge label="CJT" idref="s2_3"/>
				<edge label="CJT" idref="s2_504"/>
			</nt>
			<nt id="s2_504" cat="np">
				<edge label="DN" idref="s2_5"/>
				<edge label="H" idref="s2_6"/>
			</nt>
			<nt id="s2_505" cat="np">
				<edge label="DN" idref="s2_9"/>
				<edge label="H" idref="s2_10"/>
				<edge label="DN" idref="s2_11"/>
			</nt>
			<nt id="s2_506" cat="pp">
				<edge label="H" idref="s2_12"/>
				<edge label="DP" idref="s2_507"/>
			</nt>
			<nt id="s2_507" cat="fcl">
				<edge label="S" idref="s2_13"/>
				<edge label="P" idref="s2_14"/>
				<edge label="Od" idref="s2_508"/>
				<edge label="fA" idref="s2_509"/>
			</nt>
			<nt id="s2_508" cat="np">
				<edge label="DN" idref="s2_15"/>
				<edge label="H" idref="s2_16"/>
			</nt>
			<nt id="s2_509" cat="pp">
				<edge label="DPmod" idref="s2_17"/>
				<edge label="H" idref="s2_18"/>
				<edge label="DP" idref="s2_19"/>
			</nt>
		</nonterminals>
	</graph>
</s>

<s id="s3" ref="3" source="Running text" forest="1" text="o que gostei boa relação preço/ qualidade.">
	<graph root="s3_500">
		<terminals>
			<t id="s3_1" word="o" lemma="o" pos="pron-dem" morph="DET M S" extra="dem"/>
			<t id="s3_2" word="que" lemma="que" pos="spec" morph="M S" extra="clb rel"/>
			<t id="s3_3" word="gostei" lemma="gostar" pos="v-fin" morph="PS 1S IND VFIN" extra="vH mv"/>
			<t id="s3_4" word="boa" lemma="bom" pos="adj" morph="F S" extra="jh"/>
			<t id="s3_5" word="relação" lemma="relação" pos="n" morph="F S" sem="ac sem-r" extra="cjt-head cjt-head-S"/>
			<t id="s3_6" word="preço" lemma="preço" pos="n" morph="M S" sem="f-q" extra="cjt-S"/>
			<t id="s3_7" word="/" lemma="$/" pos="conj-c" morph="--" extra="co-subj"/>
			<t id="s3_8" word="qualidade" lemma="qualidade" pos="n" morph="F S" sem="percep-f f-c" extra="cjt-S"/>
			<t id="s3_9" word="." lemma="--" pos="pu" morph="--" extra="--"/>
		</terminals>

		<nonterminals>
			<nt id="s3_500" cat="s">
				<edge label="X" idref="s3_501"/>
			</nt>
			<nt id="s3_501" cat="adjp">
				<edge label="H" idref="s3_1"/>
				<edge label="STA" idref="s3_502"/>
				<edge label="PU" idref="s3_9"/>
			</nt>
			<nt id="s3_502" cat="fcl">
				<edge label="X" idref="s3_2"/>
				<edge label="P" idref="s3_3"/>
				<edge label="S" idref="s3_503"/>
			</nt>
			<nt id="s3_503" cat="par">
				<edge label="CJT" idref="s3_504"/>
				<edge label="CJT" idref="s3_6"/>
				<edge label="CO" idref="s3_7"/>
				<edge label="CJT" idref="s3_8"/>
			</nt>
			<nt id="s3_504" cat="np">
				<edge label="DN" idref="s3_4"/>
				<edge label="H" idref="s3_5"/>
			</nt>
		</nonterminals>
	</graph>
</s>

<s id="s4" ref="4" source="Running text" forest="1" text="o que não gostei frágil.">
	<graph root="s4_500">
		<terminals>
			<t id="s4_1" word="o" lemma="o" pos="pron-dem" morph="DET M S" extra="dem"/>
			<t id="s4_2" word="que" lemma="que" pos="spec" morph="M S" extra="clb clb-fs rel"/>
			<t id="s4_3" word="não" lemma="não" pos="adv" morph="--" extra="--"/>
			<t id="s4_4" word="gostei" lemma="gostar" pos="v-fin" morph="PS 1S IND VFIN" extra="vH mv np-close"/>
			<t id="s4_5" word="frágil" lemma="frágil" pos="adj" morph="M/F S" extra="--"/>
			<t id="s4_6" word="." lemma="--" pos="pu" morph="--" extra="--"/>
		</terminals>

		<nonterminals>
			<nt id="s4_500" cat="s">
				<edge label="UTT" idref="s4_501"/>
			</nt>
			<nt id="s4_501" cat="x">
				<edge label="X" idref="s4_1"/>
				<edge label="DN" idref="s4_502"/>
				<edge label="S" idref="s4_2"/>
				<edge label="fA" idref="s4_3"/>
				<edge label="P" idref="s4_4"/>
				<edge label="fCs" idref="s4_5"/>
				<edge label="PU" idref="s4_6"/>
			</nt>
			<nt id="s4_502" cat="fcl">
			</nt>
		</nonterminals>
	</graph>
</s>

	</body>
</corpus>
