<?xml version="1.0" encoding="UTF-8"?>
<corpus>

	<body>
<s id="s1" ref="1" source="Running text" forest="1" text="um ótimo produto recomendo a todos o que gostei uma ótima usabilidade o que não gostei por enquanto ele esta atendendo as minhas expectativas nada contra.">
	<graph root="s1_500">
		<terminals>
			<t id="s1_1" word="um" lemma="um" pos="art" morph="M S" extra="--"/>
			<t id="s1_2" word="ótimo" lemma="bom" pos="adj" morph="M S" extra="SUP"/>
			<t id="s1_3" word="produto" lemma="produto" pos="n" morph="M S" sem="cc-h mon ac-cat" extra="--"/>
			<t id="s1_4" word="recomendo" lemma="recomendar" pos="v-fin" morph="PR 1S IND VFIN" extra="cjt-head cjt-head-STA vH fmc mv"/>
			<t id="s1_5" word="a" lemma="a" pos="prp" morph="--" extra="--"/>
			<t id="s1_6" word="todos" lemma="todo" pos="pron-indef" morph="DET M P" extra="quant"/>
			<t id="s1_7" word="o" lemma="o" pos="pron-dem" morph="DET M S" extra="dem"/>
			<t id="s1_8" word="que" lemma="que" pos="spec" morph="M S" extra="clb rel"/>
			<t id="s1_9" word="gostei" lemma="gostar" pos="v-fin" morph="PS 1S IND VFIN" extra="cjt-STA vH mv"/>
			<t id="s1_10" word="uma" lemma="um" pos="art" morph="F S" extra="--"/>
			<t id="s1_11" word="ótima" lemma="bom" pos="adj" morph="F S" extra="SUP"/>
			<t id="s1_12" word="usabilidade" lemma="usabilidade" pos="n" morph="F S" extra="DERS DERS"/>
			<t id="s1_13" word="o_que" lemma="o_que" pos="spec" morph="M S" extra="clb clb-fs rel"/>
			<t id="s1_14" word="não" lemma="não" pos="adv" morph="--" extra="--"/>
			<t id="s1_15" word="gostei" lemma="gostar" pos="v-fin" morph="PS 1S IND VFIN" extra="vH mv np-close"/>
			<t id="s1_16" word="por_enquanto" lemma="por_enquanto" pos="adv" morph="--" sem="pp" extra="--"/>
			<t id="s1_17" word="ele" lemma="ele" pos="pron-pers" morph="M 3S NOM" extra="cjt-head cjt-head-S"/>
			<t id="s1_18" word="esta" lemma="este" pos="pron-dem" morph="DET F S" extra="cjt-S dem"/>
			<t id="s1_19" word="atendendo" lemma="atender" pos="v-ger" morph="--" extra="clb vH mv"/>
			<t id="s1_20" word="as" lemma="o" pos="art" morph="F P" extra="--"/>
			<t id="s1_21" word="minhas" lemma="meu" pos="pron-poss" morph="DET F P" extra="poss 1S"/>
			<t id="s1_22" word="expectativas" lemma="expectativa" pos="n" morph="F P" sem="sem-c" extra="cjt-head cjt-head-Od"/>
			<t id="s1_23" word="nada" lemma="nada" pos="spec" morph="M S" extra="cjt-Od quant"/>
			<t id="s1_24" word="contra" lemma="contra" pos="adv" morph="--" extra="--"/>
			<t id="s1_25" word="." lemma="--" pos="pu" morph="--" extra="--"/>
		</terminals>

		<nonterminals>
			<nt id="s1_500" cat="s">
				<edge label="STA" idref="s1_501"/>
			</nt>
			<nt id="s1_501" cat="par">
				<edge label="CJT" idref="s1_502"/>
				<edge label="CJT" idref="s1_505"/>
				<edge label="PU" idref="s1_25"/>
			</nt>
			<nt id="s1_502" cat="fcl">
				<edge label="S" idref="s1_503"/>
				<edge label="P" idref="s1_4"/>
				<edge label="fA" idref="s1_504"/>
				<edge label="Od" idref="s1_7"/>
			</nt>
			<nt id="s1_503" cat="np">
				<edge label="DN" idref="s1_1"/>
				<edge label="DN" idref="s1_2"/>
				<edge label="H" idref="s1_3"/>
			</nt>
			<nt id="s1_504" cat="pp">
				<edge label="H" idref="s1_5"/>
				<edge label="DP" idref="s1_6"/>
			</nt>
			<nt id="s1_505" cat="fcl">
				<edge label="X" idref="s1_8"/>
				<edge label="P" idref="s1_9"/>
				<edge label="S" idref="s1_506"/>
			</nt>
			<nt id="s1_506" cat="np">
				<edge label="DN" idref="s1_10"/>
				<edge label="DN" idref="s1_11"/>
				<edge label="H" idref="s1_12"/>
				<edge label="DN" idref="s1_507"/>
			</nt>
			<nt id="s1_507" cat="fcl">
				<edge label="Od" idref="s1_13"/>
				<edge label="fA" idref="s1_14"/>
				<edge label="P" idref="s1_15"/>
				<edge label="fA" idref="s1_16"/>
				<edge label="fA" idref="s1_508"/>
			</nt>
			<nt id="s1_508" cat="fcl">
				<edge label="S" idref="s1_509"/>
				<edge label="P" idref="s1_19"/>
				<edge label="Od" idref="s1_510"/>
				<edge label="fA" idref="s1_24"/>
			</nt>
			<nt id="s1_509" cat="par">
				<edge label="CJT" idref="s1_17"/>
				<edge label="CJT" idref="s1_18"/>
			</nt>
			<nt id="s1_510" cat="par">
				<edge label="CJT" idref="s1_511"/>
				<edge label="CJT" idref="s1_23"/>
			</nt>
			<nt id="s1_511" cat="np">
				<edge label="DN" idref="s1_20"/>
				<edge label="DN" idref="s1_21"/>
				<edge label="H" idref="s1_22"/>
			</nt>
		</nonterminals>
	</graph>
</s>

	</body>
</corpus>
