<?xml version="1.0" encoding="UTF-8"?>
<corpus>

	<body>
<s id="s1" ref="1" source="Running text" forest="1" text="é ótimo para pesquisas estudos on-line fazer fotos e imagem.">
	<graph root="s1_500">
		<terminals>
			<t id="s1_1" word="é" lemma="ser" pos="v-fin" morph="PR 3S IND VFIN" extra="vK fmc mv"/>
			<t id="s1_2" word="ótimo" lemma="bom" pos="adj" morph="M S" extra="SUP jh"/>
			<t id="s1_3" word="para" lemma="para" pos="prp" morph="--" extra="--"/>
			<t id="s1_4" word="pesquisas" lemma="pesquisa" pos="n" morph="F P" sem="occ act-d" extra="--"/>
			<t id="s1_5" word="estudos" lemma="estudo" pos="n" morph="M P" sem="sem-r per sem-l activity" extra="--"/>
			<t id="s1_6" word="on-line" lemma="on-line" pos="adv" morph="--" extra="--"/>
			<t id="s1_7" word="fazer" lemma="fazer" pos="v-inf" morph="3S" extra="mv"/>
			<t id="s1_8" word="fotos" lemma="foto" pos="n" morph="F P" sem="pict" extra="cjt-head cjt-head-Od"/>
			<t id="s1_9" word="e" lemma="e" pos="conj-c" morph="--" extra="--"/>
			<t id="s1_10" word="imagem" lemma="imagem" pos="n" morph="F S" sem="pict sem-c ac-cat" extra="cjt-Od"/>
			<t id="s1_11" word="." lemma="--" pos="pu" morph="--" extra="--"/>
		</terminals>

		<nonterminals>
			<nt id="s1_500" cat="s">
				<edge label="STA" idref="s1_501"/>
			</nt>
			<nt id="s1_501" cat="fcl">
				<edge label="P" idref="s1_1"/>
				<edge label="Cs" idref="s1_2"/>
				<edge label="fA" idref="s1_502"/>
				<edge label="UTT" idref="s1_503"/>
				<edge label="PU" idref="s1_11"/>
			</nt>
			<nt id="s1_502" cat="pp">
				<edge label="H" idref="s1_3"/>
				<edge label="DP" idref="s1_4"/>
			</nt>
			<nt id="s1_503" cat="fcl">
				<edge label="S" idref="s1_5"/>
				<edge label="fA" idref="s1_6"/>
				<edge label="P" idref="s1_7"/>
				<edge label="Od" idref="s1_504"/>
			</nt>
			<nt id="s1_504" cat="par">
				<edge label="CJT" idref="s1_8"/>
				<edge label="CO" idref="s1_9"/>
			</nt>
		</nonterminals>
	</graph>
</s>

	</body>
</corpus>
