<?xml version="1.0" encoding="UTF-8"?>
<corpus>

	<body>
<s id="s1" ref="1" source="Running text" forest="1" text="tive a oportunidade de ver o aparelho, fantástico, e o design também é muito bacana.">
	<graph root="s1_500">
		<terminals>
			<t id="s1_1" word="tive" lemma="ter" pos="v-fin" morph="PS 1S IND VFIN" extra="nosubj nosubj cjt-head cjt-head-STA fmc mv"/>
			<t id="s1_2" word="a" lemma="o" pos="art" morph="F S" extra="--"/>
			<t id="s1_3" word="oportunidade" lemma="oportunidade" pos="n" morph="F S" sem="ac event am" extra="--"/>
			<t id="s1_4" word="de" lemma="de" pos="prp" morph="--" extra="np-close"/>
			<t id="s1_5" word="ver" lemma="ver" pos="v-inf" morph="--" extra="vH mv"/>
			<t id="s1_6" word="o" lemma="o" pos="art" morph="M S" extra="--"/>
			<t id="s1_7" word="aparelho" lemma="aparelho" pos="n" morph="M S" sem="tool" extra="--"/>
			<t id="s1_8" word="," lemma="--" pos="pu" morph="--" extra="--"/>
			<t id="s1_9" word="fantástico" lemma="fantástico" pos="adj" morph="M S" extra="np-close"/>
			<t id="s1_10" word="," lemma="--" pos="pu" morph="--" extra="--"/>
			<t id="s1_11" word="e" lemma="e" pos="conj-c" morph="--" extra="clb"/>
			<t id="s1_12" word="o" lemma="o" pos="art" morph="M S" extra="--"/>
			<t id="s1_13" word="design" lemma="design" pos="n" morph="M S" sem="percep-f domain" extra="--"/>
			<t id="s1_14" word="também" lemma="também" pos="adv" morph="--" extra="--"/>
			<t id="s1_15" word="é" lemma="ser" pos="v-fin" morph="PR 3S IND VFIN" extra="cjt-STA vK fmc mv"/>
			<t id="s1_16" word="muito" lemma="muito" pos="adv" morph="--" extra="quant"/>
			<t id="s1_17" word="bacana" lemma="bacana" pos="adj" morph="M S" extra="nh"/>
			<t id="s1_18" word="." lemma="--" pos="pu" morph="--" extra="--"/>
		</terminals>

		<nonterminals>
			<nt id="s1_500" cat="s">
				<edge label="STA" idref="s1_501"/>
			</nt>
			<nt id="s1_501" cat="par">
				<edge label="CJT" idref="s1_502"/>
				<edge label="PU" idref="s1_10"/>
				<edge label="CO" idref="s1_11"/>
				<edge label="CJT" idref="s1_507"/>
				<edge label="PU" idref="s1_18"/>
			</nt>
			<nt id="s1_502" cat="fcl">
				<edge label="P" idref="s1_1"/>
				<edge label="Od" idref="s1_503"/>
			</nt>
			<nt id="s1_503" cat="np">
				<edge label="DN" idref="s1_2"/>
				<edge label="H" idref="s1_3"/>
				<edge label="DN" idref="s1_504"/>
			</nt>
			<nt id="s1_504" cat="pp">
				<edge label="H" idref="s1_4"/>
				<edge label="DP" idref="s1_505"/>
			</nt>
			<nt id="s1_505" cat="icl">
				<edge label="P" idref="s1_5"/>
				<edge label="Od" idref="s1_506"/>
			</nt>
			<nt id="s1_506" cat="np">
				<edge label="DN" idref="s1_6"/>
				<edge label="H" idref="s1_7"/>
				<edge label="PU" idref="s1_8"/>
				<edge label="DNc" idref="s1_9"/>
			</nt>
			<nt id="s1_507" cat="fcl">
				<edge label="S" idref="s1_508"/>
				<edge label="fA" idref="s1_14"/>
				<edge label="P" idref="s1_15"/>
				<edge label="Cs" idref="s1_509"/>
			</nt>
			<nt id="s1_508" cat="np">
				<edge label="DN" idref="s1_12"/>
				<edge label="H" idref="s1_13"/>
			</nt>
			<nt id="s1_509" cat="adjp">
				<edge label="DA" idref="s1_16"/>
				<edge label="H" idref="s1_17"/>
			</nt>
		</nonterminals>
	</graph>
</s>

<s id="s2" ref="2" source="Running text" forest="1" text="o que gostei super moderno!">
	<graph root="s2_500">
		<terminals>
			<t id="s2_1" word="o" lemma="o" pos="pron-dem" morph="DET M S" extra="dem"/>
			<t id="s2_2" word="que" lemma="que" pos="spec" morph="M S" extra="clb clb-fs rel"/>
			<t id="s2_3" word="gostei" lemma="gostar" pos="v-fin" morph="PS 1S IND VFIN" extra="vH mv np-close"/>
			<t id="s2_4" word="super" lemma="super" pos="adv" morph="--" extra="newlex"/>
			<t id="s2_5" word="moderno" lemma="moderno" pos="adj" morph="M S" extra="np-close"/>
			<t id="s2_6" word="!" lemma="--" pos="pu" morph="--" extra="--"/>
		</terminals>

		<nonterminals>
			<nt id="s2_500" cat="s">
				<edge label="UTT" idref="s2_501"/>
			</nt>
			<nt id="s2_501" cat="x">
				<edge label="X" idref="s2_1"/>
				<edge label="DN" idref="s2_502"/>
				<edge label="S" idref="s2_2"/>
				<edge label="P" idref="s2_3"/>
				<edge label="DN" idref="s2_503"/>
				<edge label="DA" idref="s2_4"/>
				<edge label="H" idref="s2_5"/>
				<edge label="PU" idref="s2_6"/>
			</nt>
			<nt id="s2_502" cat="fcl">
			</nt>
			<nt id="s2_503" cat="adjp">
			</nt>
		</nonterminals>
	</graph>
</s>

<s id="s3" ref="3" source="Running text" forest="1" text="o que não gostei muito bom, mas os gatunos podem querer um deste também..">
	<graph root="s3_500">
		<terminals>
			<t id="s3_1" word="o" lemma="o" pos="pron-dem" morph="DET M S" extra="dem"/>
			<t id="s3_2" word="que" lemma="que" pos="spec" morph="M S" extra="clb clb-fs rel"/>
			<t id="s3_3" word="não" lemma="não" pos="adv" morph="--" extra="--"/>
			<t id="s3_4" word="gostei" lemma="gostar" pos="v-fin" morph="PS 1S IND VFIN" extra="vH mv np-close"/>
			<t id="s3_5" word="muito" lemma="muito" pos="adv" morph="--" extra="quant"/>
			<t id="s3_6" word="bom" lemma="bom" pos="adj" morph="M S" extra="--"/>
			<t id="s3_7" word="," lemma="--" pos="pu" morph="--" extra="--"/>
			<t id="s3_8" word="mas" lemma="mas" pos="conj-c" morph="--" extra="clb"/>
			<t id="s3_9" word="os" lemma="o" pos="art" morph="M P" extra="--"/>
			<t id="s3_10" word="gatunos" lemma="gatuno" pos="n" morph="M P" sem="Hprof" extra="--"/>
			<t id="s3_11" word="podem" lemma="poder" pos="v-fin" morph="PR 3P IND VFIN" extra="fmc aux"/>
			<t id="s3_12" word="querer" lemma="querer" pos="v-inf" morph="--" extra="vH mv"/>
			<t id="s3_13" word="um" lemma="um" pos="pron-indef" morph="DET M S" extra="quant"/>
			<t id="s3_14" word="de" lemma="de" pos="prp" morph="--" extra="sam- np-close"/>
			<t id="s3_15" word="este" lemma="este" pos="pron-dem" morph="DET M S" extra="dem -sam"/>
			<t id="s3_16" word="também" lemma="também" pos="adv" morph="--" extra="--"/>
			<t id="s3_17" word="." lemma="--" pos="pu" morph="--" extra="--"/>
			<t id="s3_18" word="." lemma="--" pos="pu" morph="--" extra="--"/>
		</terminals>

		<nonterminals>
			<nt id="s3_500" cat="s">
				<edge label="STA" idref="s3_501"/>
			</nt>
			<nt id="s3_501" cat="fcl">
				<edge label="S" idref="s3_1"/>
				<edge label="DN" idref="s3_502"/>
				<edge label="S" idref="s3_2"/>
				<edge label="fA" idref="s3_3"/>
				<edge label="P" idref="s3_4"/>
				<edge label="fCs" idref="s3_503"/>
				<edge label="PU" idref="s3_17"/>
				<edge label="PU" idref="s3_18"/>
			</nt>
			<nt id="s3_502" cat="fcl">
			</nt>
			<nt id="s3_503" cat="adjp">
				<edge label="DA" idref="s3_5"/>
				<edge label="H" idref="s3_6"/>
				<edge label="PU" idref="s3_7"/>
				<edge label="CO" idref="s3_8"/>
				<edge label="S" idref="s3_504"/>
				<edge label="P" idref="s3_505"/>
				<edge label="Od" idref="s3_13"/>
				<edge label="fA" idref="s3_16"/>
			</nt>
			<nt id="s3_504" cat="np">
				<edge label="DN" idref="s3_9"/>
				<edge label="H" idref="s3_10"/>
				<edge label="DN" idref="s3_506"/>
			</nt>
			<nt id="s3_505" cat="vp">
				<edge label="Vaux" idref="s3_11"/>
				<edge label="Vm" idref="s3_12"/>
			</nt>
			<nt id="s3_506" cat="pp">
				<edge label="H" idref="s3_14"/>
				<edge label="DP" idref="s3_15"/>
			</nt>
		</nonterminals>
	</graph>
</s>

	</body>
</corpus>
