<?xml version="1.0" encoding="UTF-8"?>
<corpus>

	<body>
<s id="s1" ref="1" source="Running text" forest="1" text="fiz uma péssima compra.">
	<graph root="s1_500">
		<terminals>
			<t id="s1_1" word="fiz" lemma="fazer" pos="v-fin" morph="PS 1S IND VFIN" extra="fmc mv"/>
			<t id="s1_2" word="uma" lemma="um" pos="art" morph="F S" extra="--"/>
			<t id="s1_3" word="péssima" lemma="mal" pos="adj" morph="F S" extra="SUP jh"/>
			<t id="s1_4" word="compra" lemma="compra" pos="n" morph="F S" sem="act cc" extra="--"/>
			<t id="s1_5" word="." lemma="--" pos="pu" morph="--" extra="--"/>
		</terminals>

		<nonterminals>
			<nt id="s1_500" cat="s">
				<edge label="STA" idref="s1_501"/>
			</nt>
			<nt id="s1_501" cat="fcl">
				<edge label="P" idref="s1_1"/>
				<edge label="Od" idref="s1_502"/>
				<edge label="PU" idref="s1_5"/>
			</nt>
			<nt id="s1_502" cat="np">
				<edge label="DN" idref="s1_2"/>
				<edge label="DN" idref="s1_3"/>
				<edge label="H" idref="s1_4"/>
			</nt>
		</nonterminals>
	</graph>
</s>

<s id="s2" ref="2" source="Running text" forest="1" text="ching-ling nunca mais, tem outros produtos em lojas com preço razoável que vale bem mais apena o que gostei number chips o que não gostei televisão horrível, duração de bateria péssima mesmo com number baterias, para fazer chama não é tão fácil, de entre outras coisas..">
	<graph root="s2_500">
		<terminals>
			<t id="s2_1" word="ching-ling" lemma="ching-ling" pos="n" morph="M S" extra="heur"/>
			<t id="s2_2" word="nunca" lemma="nunca" pos="adv" morph="--" extra="--"/>
			<t id="s2_3" word="mais" lemma="mais" pos="adv" morph="--" extra="--"/>
			<t id="s2_4" word="," lemma="--" pos="pu" morph="--" extra="--"/>
			<t id="s2_5" word="tem" lemma="ter" pos="v-fin" morph="PR 3S IND VFIN" extra="nosubj nosubj cjt-head cjt-head-STA fmc mv"/>
			<t id="s2_6" word="outros" lemma="outro" pos="pron-indef" morph="DET M P" extra="diff KOMP"/>
			<t id="s2_7" word="produtos" lemma="produto" pos="n" morph="M P" sem="cc-h mon ac-cat" extra="--"/>
			<t id="s2_8" word="em" lemma="em" pos="prp" morph="--" extra="--"/>
			<t id="s2_9" word="lojas" lemma="loja" pos="n" morph="F P" sem="inst Lh" extra="--"/>
			<t id="s2_10" word="com" lemma="com" pos="prp" morph="--" extra="np-close"/>
			<t id="s2_11" word="preço" lemma="preço" pos="n" morph="M S" sem="f-q" extra="--"/>
			<t id="s2_12" word="razoável" lemma="razoável" pos="adj" morph="M S" extra="np-close"/>
			<t id="s2_13" word="que" lemma="que" pos="spec" morph="M S" extra="clb clb-fs rel"/>
			<t id="s2_14" word="vale" lemma="vale" pos="n" morph="M S" sem="Ltop cc-r" extra="--"/>
			<t id="s2_15" word="bem" lemma="bem" pos="adv" morph="--" extra="quant"/>
			<t id="s2_16" word="mais" lemma="muito" pos="pron-indef" morph="DET F S" extra="quant KOMP"/>
			<t id="s2_17" word="apena" lemma="apena" pos="n" morph="F S" sem="ac sit percep-f tool" extra="DERP"/>
			<t id="s2_18" word="o" lemma="o" pos="art" morph="M S" extra="--"/>
			<t id="s2_19" word="que" lemma="que" pos="spec" morph="M S" extra="clb clb-fs rel"/>
			<t id="s2_20" word="gostei" lemma="gostar" pos="v-fin" morph="PS 1S IND VFIN" extra="vH mv np-close"/>
			<t id="s2_21" word="number" lemma="number" pos="v-inf" morph="--" extra="heur mv"/>
			<t id="s2_22" word="chips" lemma="chip" pos="n" morph="M P" sem="cc" extra="--"/>
			<t id="s2_23" word="o_que" lemma="o_que" pos="spec" morph="M S" extra="clb rel"/>
			<t id="s2_24" word="não" lemma="não" pos="adv" morph="--" extra="--"/>
			<t id="s2_25" word="gostei" lemma="gostar" pos="v-fin" morph="PS 1S IND VFIN" extra="vH mv np-close"/>
			<t id="s2_26" word="televisão" lemma="televisão" pos="n" morph="F S" sem="sem-w HH" extra="clb"/>
			<t id="s2_27" word="horrível" lemma="horrível" pos="adj" morph="F S" extra="jh np-close"/>
			<t id="s2_28" word="," lemma="--" pos="pu" morph="--" extra="--"/>
			<t id="s2_29" word="duração" lemma="duração" pos="n" morph="F S" sem="am" extra="np-close"/>
			<t id="s2_30" word="de" lemma="de" pos="prp" morph="--" extra="np-close"/>
			<t id="s2_31" word="bateria" lemma="bateria" pos="n" morph="F S" sem="tool" extra="--"/>
			<t id="s2_32" word="péssima" lemma="mal" pos="adj" morph="F S" extra="SUP np-close"/>
			<t id="s2_33" word="mesmo" lemma="mesmo" pos="adv" morph="--" extra="quant"/>
			<t id="s2_34" word="com" lemma="com" pos="prp" morph="--" extra="np-close"/>
			<t id="s2_35" word="number" lemma="number" pos="v-inf" morph="--" extra="heur mv"/>
			<t id="s2_36" word="baterias" lemma="bateria" pos="n" morph="F P" sem="tool" extra="--"/>
			<t id="s2_37" word="," lemma="--" pos="pu" morph="--" extra="--"/>
			<t id="s2_38" word="para" lemma="para" pos="prp" morph="--" extra="--"/>
			<t id="s2_39" word="fazer" lemma="fazer" pos="v-inf" morph="--" extra="mv"/>
			<t id="s2_40" word="chama" lemma="chamar" pos="v-fin" morph="PR 3S IND VFIN" extra="cjt-STA vH fmc mv"/>
			<t id="s2_41" word="não" lemma="não" pos="adv" morph="--" extra="--"/>
			<t id="s2_42" word="é" lemma="ser" pos="v-fin" morph="PR 3S IND VFIN" extra="cjt-STA vK fmc mv"/>
			<t id="s2_43" word="tão" lemma="tão" pos="adv" morph="--" extra="dem quant"/>
			<t id="s2_44" word="fácil" lemma="fácil" pos="adj" morph="F S" extra="jh"/>
			<t id="s2_45" word="," lemma="--" pos="pu" morph="--" extra="--"/>
			<t id="s2_46" word="de" lemma="de" pos="prp" morph="--" extra="sam-"/>
			<t id="s2_47" word="entre" lemma="entre" pos="prp" morph="--" extra="-sam"/>
			<t id="s2_48" word="outras" lemma="outro" pos="pron-indef" morph="DET F P" extra="diff KOMP"/>
			<t id="s2_49" word="coisas" lemma="coisa" pos="n" morph="F P" sem="cc ac" extra="--"/>
			<t id="s2_50" word="." lemma="--" pos="pu" morph="--" extra="--"/>
			<t id="s2_51" word="." lemma="--" pos="pu" morph="--" extra="--"/>
		</terminals>

		<nonterminals>
			<nt id="s2_500" cat="s">
				<edge label="STA" idref="s2_501"/>
			</nt>
			<nt id="s2_501" cat="par">
				<edge label="CJT" idref="s2_502"/>
				<edge label="CJT" idref="s2_510"/>
				<edge label="CJT" idref="s2_511"/>
				<edge label="PU" idref="s2_50"/>
				<edge label="PU" idref="s2_51"/>
			</nt>
			<nt id="s2_502" cat="fcl">
				<edge label="S" idref="s2_1"/>
				<edge label="fA" idref="s2_2"/>
				<edge label="fA" idref="s2_3"/>
				<edge label="PU" idref="s2_4"/>
				<edge label="P" idref="s2_5"/>
				<edge label="Od" idref="s2_503"/>
				<edge label="fA" idref="s2_504"/>
			</nt>
			<nt id="s2_503" cat="np">
				<edge label="DN" idref="s2_6"/>
				<edge label="H" idref="s2_7"/>
			</nt>
			<nt id="s2_504" cat="pp">
				<edge label="H" idref="s2_8"/>
				<edge label="DP" idref="s2_505"/>
				<edge label="DN" idref="s2_508"/>
			</nt>
			<nt id="s2_505" cat="np">
				<edge label="H" idref="s2_9"/>
				<edge label="DN" idref="s2_506"/>
			</nt>
			<nt id="s2_506" cat="pp">
				<edge label="H" idref="s2_10"/>
				<edge label="DP" idref="s2_507"/>
			</nt>
			<nt id="s2_507" cat="np">
				<edge label="H" idref="s2_11"/>
				<edge label="DN" idref="s2_12"/>
			</nt>
			<nt id="s2_508" cat="fcl">
				<edge label="S" idref="s2_509"/>
			</nt>
			<nt id="s2_509" cat="np">
				<edge label="Od" idref="s2_13"/>
				<edge label="DN" idref="s2_18"/>
				<edge label="P" idref="s2_21"/>
				<edge label="Od" idref="s2_22"/>
			</nt>
			<nt id="s2_510" cat="fcl">
				<edge label="S" idref="s2_14"/>
			</nt>
			<nt id="s2_511" cat="fcl">
				<edge label="S" idref="s2_512"/>
				<edge label="S" idref="s2_516"/>
				<edge label="P" idref="s2_40"/>
				<edge label="fA" idref="s2_41"/>
				<edge label="P" idref="s2_42"/>
				<edge label="Cs" idref="s2_523"/>
				<edge label="PU" idref="s2_45"/>
				<edge label="fA" idref="s2_524"/>
			</nt>
			<nt id="s2_512" cat="np">
				<edge label="DN" idref="s2_513"/>
				<edge label="H" idref="s2_17"/>
				<edge label="DN" idref="s2_514"/>
				<edge label="DN" idref="s2_515"/>
			</nt>
			<nt id="s2_513" cat="adjp">
				<edge label="DA" idref="s2_15"/>
				<edge label="H" idref="s2_16"/>
			</nt>
			<nt id="s2_514" cat="fcl">
				<edge label="S" idref="s2_19"/>
				<edge label="P" idref="s2_20"/>
			</nt>
			<nt id="s2_515" cat="fcl">
				<edge label="X" idref="s2_23"/>
				<edge label="fA" idref="s2_24"/>
				<edge label="P" idref="s2_25"/>
			</nt>
			<nt id="s2_516" cat="np">
				<edge label="H" idref="s2_26"/>
				<edge label="DN" idref="s2_27"/>
				<edge label="PU" idref="s2_28"/>
				<edge label="DNc" idref="s2_517"/>
			</nt>
			<nt id="s2_517" cat="np">
				<edge label="H" idref="s2_29"/>
				<edge label="DN" idref="s2_518"/>
			</nt>
			<nt id="s2_518" cat="pp">
				<edge label="H" idref="s2_30"/>
				<edge label="DP" idref="s2_519"/>
			</nt>
			<nt id="s2_519" cat="np">
				<edge label="H" idref="s2_31"/>
				<edge label="DN" idref="s2_32"/>
				<edge label="DN" idref="s2_520"/>
			</nt>
			<nt id="s2_520" cat="pp">
				<edge label="DPmod" idref="s2_33"/>
				<edge label="H" idref="s2_34"/>
				<edge label="DP" idref="s2_521"/>
			</nt>
			<nt id="s2_521" cat="icl">
				<edge label="P" idref="s2_35"/>
				<edge label="Od" idref="s2_36"/>
				<edge label="PU" idref="s2_37"/>
				<edge label="fA" idref="s2_522"/>
			</nt>
			<nt id="s2_522" cat="pp">
				<edge label="H" idref="s2_38"/>
				<edge label="DP" idref="s2_39"/>
			</nt>
			<nt id="s2_523" cat="adjp">
				<edge label="DA" idref="s2_43"/>
				<edge label="H" idref="s2_44"/>
			</nt>
			<nt id="s2_524" cat="pp">
				<edge label="H" idref="s2_46"/>
				<edge label="DP" idref="s2_525"/>
			</nt>
			<nt id="s2_525" cat="pp">
				<edge label="H" idref="s2_47"/>
				<edge label="DP" idref="s2_526"/>
			</nt>
			<nt id="s2_526" cat="np">
				<edge label="DN" idref="s2_48"/>
				<edge label="H" idref="s2_49"/>
			</nt>
		</nonterminals>
	</graph>
</s>

	</body>
</corpus>
