<?xml version="1.0" encoding="UTF-8"?>
<corpus>

	<body>
<s id="s1" ref="1" source="Running text" forest="1" text="é um produto diferente dos demais, para quem tem um gosto refinado, projetado para pessoas antenadas e que queiram se conectar com o mundo com praticidade e fazendo uso de um produto que não é apenas um celular, é também um projetor, um roteador, não perde em nada para o tablet, e ainda vem com duas baterias e um carregador de viagem.">
	<graph root="s1_500">
		<terminals>
			<t id="s1_1" word="é" lemma="ser" pos="v-fin" morph="PR 3S IND VFIN" extra="nosubj nosubj nosubj nosubj cjt-head cjt-head-STA vK fmc mv"/>
			<t id="s1_2" word="um" lemma="um" pos="art" morph="M S" extra="--"/>
			<t id="s1_3" word="produto" lemma="produto" pos="n" morph="M S" sem="cc-h mon ac-cat" extra="--"/>
			<t id="s1_4" word="diferente" lemma="diferente" pos="adj" morph="M S" extra="nh np-close"/>
			<t id="s1_5" word="de" lemma="de" pos="prp" morph="--" extra="sam-"/>
			<t id="s1_6" word="os" lemma="o" pos="art" morph="M P" extra="-sam "/>
			<t id="s1_7" word="demais" lemma="demais" pos="pron-indef" morph="DET M/F S/P" extra="--"/>
			<t id="s1_8" word="," lemma="--" pos="pu" morph="--" extra="--"/>
			<t id="s1_9" word="para" lemma="para" pos="prp" morph="--" extra="--"/>
			<t id="s1_10" word="quem" lemma="quem" pos="spec" morph="M/F S" extra="clb clb-fs rel"/>
			<t id="s1_11" word="tem" lemma="ter" pos="v-fin" morph="PR 3S IND VFIN" extra="mv"/>
			<t id="s1_12" word="um" lemma="um" pos="art" morph="M S" extra="--"/>
			<t id="s1_13" word="gosto" lemma="gosto" pos="n" morph="M S" sem="am" extra="--"/>
			<t id="s1_14" word="refinado" lemma="refinar" pos="v-pcp" morph="M S" extra="vH np-close"/>
			<t id="s1_15" word="," lemma="--" pos="pu" morph="--" extra="--"/>
			<t id="s1_16" word="projetado" lemma="projetar" pos="v-pcp" morph="M S" extra="vH np-close"/>
			<t id="s1_17" word="para" lemma="para" pos="prp" morph="--" extra="--"/>
			<t id="s1_18" word="pessoas" lemma="pessoa" pos="n" morph="F P" sem="H" extra="--"/>
			<t id="s1_19" word="antenadas" lemma="antenado" pos="adj" morph="F P" extra="np-close"/>
			<t id="s1_20" word="e" lemma="e" pos="conj-c" morph="--" extra="--"/>
			<t id="s1_21" word="que" lemma="que" pos="spec" morph="M S" extra="clb clb-fs rel"/>
			<t id="s1_22" word="queiram" lemma="querer" pos="v-fin" morph="PR 3P SUBJ VFIN" extra="vH mv"/>
			<t id="s1_23" word="se" lemma="se" pos="pron-pers" morph="M/F 3S ACC" extra="pass"/>
			<t id="s1_24" word="conectar" lemma="conectar" pos="v-inf" morph="--" extra="mv"/>
			<t id="s1_25" word="com" lemma="com" pos="prp" morph="--" extra="--"/>
			<t id="s1_26" word="o" lemma="o" pos="art" morph="M S" extra="--"/>
			<t id="s1_27" word="mundo" lemma="mundo" pos="n" morph="M S" sem="L" extra="--"/>
			<t id="s1_28" word="com" lemma="com" pos="prp" morph="--" extra="--"/>
			<t id="s1_29" word="praticidade" lemma="praticidade" pos="n" morph="F S" sem="percep-f" extra="--"/>
			<t id="s1_30" word="e" lemma="e" pos="conj-c" morph="--" extra="--"/>
			<t id="s1_31" word="fazendo" lemma="fazer" pos="v-ger" morph="--" extra="clb mv"/>
			<t id="s1_32" word="uso" lemma="uso" pos="n" morph="M S" sem="act ac" extra="--"/>
			<t id="s1_33" word="de" lemma="de" pos="prp" morph="--" extra="np-close"/>
			<t id="s1_34" word="um" lemma="um" pos="art" morph="M S" extra="--"/>
			<t id="s1_35" word="produto" lemma="produto" pos="n" morph="M S" sem="cc-h mon ac-cat" extra="--"/>
			<t id="s1_36" word="que" lemma="que" pos="spec" morph="M S" extra="clb clb-fs rel"/>
			<t id="s1_37" word="não" lemma="não" pos="adv" morph="--" extra="--"/>
			<t id="s1_38" word="é" lemma="ser" pos="v-fin" morph="PR 3S IND VFIN" extra="vK mv np-close"/>
			<t id="s1_39" word="apenas" lemma="apenas" pos="adv" morph="--" extra="--"/>
			<t id="s1_40" word="um" lemma="um" pos="num" morph="M S" extra="card"/>
			<t id="s1_41" word="celular" lemma="celular" pos="adj" morph="M S" extra="n nh"/>
			<t id="s1_42" word="," lemma="--" pos="pu" morph="--" extra="--"/>
			<t id="s1_43" word="é" lemma="ser" pos="v-fin" morph="PR 3S IND VFIN" extra="cjt-STA vK fmc mv"/>
			<t id="s1_44" word="também" lemma="também" pos="adv" morph="--" extra="--"/>
			<t id="s1_45" word="um" lemma="um" pos="art" morph="M S" extra="--"/>
			<t id="s1_46" word="projetor" lemma="projetor" pos="n" morph="M S" sem="tool" extra="--"/>
			<t id="s1_47" word="," lemma="--" pos="pu" morph="--" extra="--"/>
			<t id="s1_48" word="um" lemma="um" pos="art" morph="M S" extra="--"/>
			<t id="s1_49" word="roteador" lemma="roteador" pos="n" morph="M S" sem="H mach" extra="np-close"/>
			<t id="s1_50" word="," lemma="--" pos="pu" morph="--" extra="--"/>
			<t id="s1_51" word="não" lemma="não" pos="adv" morph="--" extra="--"/>
			<t id="s1_52" word="perde" lemma="perder" pos="v-fin" morph="PR 3S IND VFIN" extra="nosubj nosubj cjt-STA fmc mv"/>
			<t id="s1_53" word="em" lemma="em" pos="prp" morph="--" extra="--"/>
			<t id="s1_54" word="nada" lemma="nada" pos="spec" morph="M S" extra="quant"/>
			<t id="s1_55" word="para" lemma="para" pos="prp" morph="--" extra="--"/>
			<t id="s1_56" word="o" lemma="o" pos="art" morph="M S" extra="--"/>
			<t id="s1_57" word="tablet" lemma="tablet" pos="n" morph="M S" extra="heur"/>
			<t id="s1_58" word="," lemma="--" pos="pu" morph="--" extra="--"/>
			<t id="s1_59" word="e" lemma="e" pos="conj-c" morph="--" extra="clb"/>
			<t id="s1_60" word="ainda" lemma="ainda" pos="adv" morph="--" extra="--"/>
			<t id="s1_61" word="vem" lemma="vir" pos="v-fin" morph="PR 3S IND VFIN" extra="nosubj nosubj cjt-STA fmc mv"/>
			<t id="s1_62" word="com" lemma="com" pos="prp" morph="--" extra="--"/>
			<t id="s1_63" word="duas" lemma="dois" pos="num" morph="F P" extra="card"/>
			<t id="s1_64" word="baterias" lemma="bateria" pos="n" morph="F P" sem="tool" extra="cjt-head cjt-head-DP"/>
			<t id="s1_65" word="e" lemma="e" pos="conj-c" morph="--" extra="--"/>
			<t id="s1_66" word="um" lemma="um" pos="art" morph="M S" extra="--"/>
			<t id="s1_67" word="carregador" lemma="carregador" pos="n" morph="M S" sem="Hprof con" extra="cjt-DP"/>
			<t id="s1_68" word="de" lemma="de" pos="prp" morph="--" extra="np-close"/>
			<t id="s1_69" word="viagem" lemma="viagem" pos="n" morph="F S" sem="activity" extra="--"/>
			<t id="s1_70" word="." lemma="--" pos="pu" morph="--" extra="--"/>
		</terminals>

		<nonterminals>
			<nt id="s1_500" cat="s">
				<edge label="STA" idref="s1_501"/>
			</nt>
			<nt id="s1_501" cat="par">
				<edge label="CJT" idref="s1_502"/>
				<edge label="CJT" idref="s1_511"/>
				<edge label="PU" idref="s1_50"/>
				<edge label="CJT" idref="s1_524"/>
				<edge label="PU" idref="s1_58"/>
				<edge label="CO" idref="s1_59"/>
				<edge label="CJT" idref="s1_528"/>
				<edge label="PU" idref="s1_70"/>
			</nt>
			<nt id="s1_502" cat="fcl">
				<edge label="P" idref="s1_1"/>
				<edge label="Cs" idref="s1_503"/>
				<edge label="PU" idref="s1_8"/>
				<edge label="fA" idref="s1_507"/>
			</nt>
			<nt id="s1_503" cat="np">
				<edge label="DN" idref="s1_2"/>
				<edge label="H" idref="s1_3"/>
				<edge label="DN" idref="s1_504"/>
			</nt>
			<nt id="s1_504" cat="adjp">
				<edge label="H" idref="s1_4"/>
				<edge label="DA" idref="s1_505"/>
			</nt>
			<nt id="s1_505" cat="pp">
				<edge label="H" idref="s1_5"/>
				<edge label="DP" idref="s1_506"/>
			</nt>
			<nt id="s1_506" cat="np">
				<edge label="DN" idref="s1_6"/>
				<edge label="H" idref="s1_7"/>
				<edge label="DN" idref="s1_14"/>
				<edge label="PU" idref="s1_15"/>
				<edge label="DNc" idref="s1_16"/>
				<edge label="DN" idref="s1_19"/>
				<edge label="CO" idref="s1_20"/>
			</nt>
			<nt id="s1_507" cat="pp">
				<edge label="H" idref="s1_9"/>
				<edge label="DP" idref="s1_508"/>
			</nt>
			<nt id="s1_508" cat="fcl">
				<edge label="S" idref="s1_10"/>
				<edge label="P" idref="s1_11"/>
				<edge label="Od" idref="s1_509"/>
				<edge label="fA" idref="s1_510"/>
			</nt>
			<nt id="s1_509" cat="np">
				<edge label="DN" idref="s1_12"/>
				<edge label="H" idref="s1_13"/>
			</nt>
			<nt id="s1_510" cat="pp">
				<edge label="H" idref="s1_17"/>
				<edge label="DP" idref="s1_18"/>
			</nt>
			<nt id="s1_511" cat="fcl">
				<edge label="S" idref="s1_512"/>
				<edge label="Cs" idref="s1_521"/>
				<edge label="PU" idref="s1_42"/>
				<edge label="P" idref="s1_43"/>
			</nt>
			<nt id="s1_512" cat="fcl">
				<edge label="Od" idref="s1_21"/>
				<edge label="P" idref="s1_22"/>
				<edge label="Od" idref="s1_513"/>
			</nt>
			<nt id="s1_513" cat="icl">
				<edge label="Od" idref="s1_23"/>
				<edge label="P" idref="s1_24"/>
				<edge label="fA" idref="s1_514"/>
				<edge label="fA" idref="s1_516"/>
			</nt>
			<nt id="s1_514" cat="pp">
				<edge label="H" idref="s1_25"/>
				<edge label="DP" idref="s1_515"/>
			</nt>
			<nt id="s1_515" cat="np">
				<edge label="DN" idref="s1_26"/>
				<edge label="H" idref="s1_27"/>
				<edge label="CO" idref="s1_30"/>
				<edge label="FOC" idref="s1_517"/>
				<edge label="DN" idref="s1_518"/>
				<edge label="DN" idref="s1_520"/>
				<edge label="PU" idref="s1_47"/>
				<edge label="DNc" idref="s1_523"/>
				<edge label="DN" idref="s1_532"/>
			</nt>
			<nt id="s1_516" cat="pp">
				<edge label="H" idref="s1_28"/>
				<edge label="DP" idref="s1_29"/>
				<edge label="P" idref="s1_31"/>
				<edge label="Od" idref="s1_32"/>
			</nt>
			<nt id="s1_517" cat="advp">
			</nt>
			<nt id="s1_518" cat="pp">
				<edge label="H" idref="s1_33"/>
				<edge label="DP" idref="s1_519"/>
			</nt>
			<nt id="s1_519" cat="np">
				<edge label="DN" idref="s1_34"/>
				<edge label="H" idref="s1_35"/>
			</nt>
			<nt id="s1_520" cat="fcl">
				<edge label="S" idref="s1_36"/>
				<edge label="fA" idref="s1_37"/>
				<edge label="P" idref="s1_38"/>
				<edge label="Cs" idref="s1_41"/>
			</nt>
			<nt id="s1_521" cat="np">
				<edge label="DN" idref="s1_522"/>
				<edge label="DN" idref="s1_44"/>
				<edge label="DN" idref="s1_45"/>
				<edge label="H" idref="s1_46"/>
			</nt>
			<nt id="s1_522" cat="adjp">
				<edge label="DA" idref="s1_39"/>
				<edge label="H" idref="s1_40"/>
			</nt>
			<nt id="s1_523" cat="np">
				<edge label="DN" idref="s1_48"/>
				<edge label="H" idref="s1_49"/>
			</nt>
			<nt id="s1_524" cat="x">
				<edge label="fA" idref="s1_51"/>
				<edge label="P" idref="s1_52"/>
				<edge label="fA" idref="s1_525"/>
				<edge label="fA" idref="s1_526"/>
			</nt>
			<nt id="s1_525" cat="pp">
				<edge label="H" idref="s1_53"/>
				<edge label="DP" idref="s1_54"/>
			</nt>
			<nt id="s1_526" cat="pp">
				<edge label="H" idref="s1_55"/>
				<edge label="DP" idref="s1_527"/>
			</nt>
			<nt id="s1_527" cat="np">
				<edge label="DN" idref="s1_56"/>
				<edge label="H" idref="s1_57"/>
			</nt>
			<nt id="s1_528" cat="x">
				<edge label="fA" idref="s1_60"/>
				<edge label="P" idref="s1_61"/>
				<edge label="fA" idref="s1_529"/>
			</nt>
			<nt id="s1_529" cat="pp">
				<edge label="H" idref="s1_62"/>
				<edge label="DP" idref="s1_530"/>
			</nt>
			<nt id="s1_530" cat="par">
				<edge label="CJT" idref="s1_531"/>
				<edge label="CJT" idref="s1_533"/>
			</nt>
			<nt id="s1_531" cat="np">
				<edge label="DN" idref="s1_63"/>
				<edge label="H" idref="s1_64"/>
			</nt>
			<nt id="s1_532" cat="pp">
				<edge label="CO" idref="s1_65"/>
				<edge label="H" idref="s1_68"/>
				<edge label="DP" idref="s1_69"/>
			</nt>
			<nt id="s1_533" cat="np">
				<edge label="DN" idref="s1_66"/>
				<edge label="H" idref="s1_67"/>
			</nt>
		</nonterminals>
	</graph>
</s>

<s id="s2" ref="2" source="Running text" forest="1" text="enfim, a inovação chegou com o samsung galaxy beam gt-i8530..">
	<graph root="s2_500">
		<terminals>
			<t id="s2_1" word="enfim" lemma="enfim" pos="adv" morph="--" extra="--"/>
			<t id="s2_2" word="," lemma="--" pos="pu" morph="--" extra="--"/>
			<t id="s2_3" word="a" lemma="o" pos="art" morph="F S" extra="--"/>
			<t id="s2_4" word="inovação" lemma="inovação" pos="n" morph="F S" sem="act" extra="--"/>
			<t id="s2_5" word="chegou" lemma="chegar" pos="v-fin" morph="PS 3S IND VFIN" extra="fmc mv"/>
			<t id="s2_6" word="com" lemma="com" pos="prp" morph="--" extra="--"/>
			<t id="s2_7" word="o" lemma="o" pos="art" morph="M S" extra="--"/>
			<t id="s2_8" word="samsung" lemma="samsung" pos="n" morph="M S" extra="heur"/>
			<t id="s2_9" word="galaxy" lemma="galaxy" pos="n" morph="M S" extra="foreign heur"/>
			<t id="s2_10" word="beam" lemma="beam" pos="n" morph="M S" extra="heur"/>
			<t id="s2_11" word="gt-i8530" lemma="gt-i8530" pos="n" morph="M/F S" extra="heur foreign"/>
			<t id="s2_12" word="." lemma="--" pos="pu" morph="--" extra="--"/>
			<t id="s2_13" word="." lemma="--" pos="pu" morph="--" extra="--"/>
		</terminals>

		<nonterminals>
			<nt id="s2_500" cat="s">
				<edge label="STA" idref="s2_501"/>
			</nt>
			<nt id="s2_501" cat="fcl">
				<edge label="fA" idref="s2_1"/>
				<edge label="PU" idref="s2_2"/>
				<edge label="S" idref="s2_502"/>
				<edge label="P" idref="s2_5"/>
				<edge label="fA" idref="s2_503"/>
				<edge label="Od" idref="s2_9"/>
				<edge label="fCs" idref="s2_10"/>
				<edge label="fCs" idref="s2_11"/>
				<edge label="PU" idref="s2_12"/>
				<edge label="PU" idref="s2_13"/>
			</nt>
			<nt id="s2_502" cat="np">
				<edge label="DN" idref="s2_3"/>
				<edge label="H" idref="s2_4"/>
			</nt>
			<nt id="s2_503" cat="pp">
				<edge label="H" idref="s2_6"/>
				<edge label="DP" idref="s2_504"/>
			</nt>
			<nt id="s2_504" cat="np">
				<edge label="DN" idref="s2_7"/>
				<edge label="H" idref="s2_8"/>
			</nt>
		</nonterminals>
	</graph>
</s>

	</body>
</corpus>
