<?xml version="1.0" encoding="UTF-8"?>
<corpus>

	<body>
<s id="s1" ref="1" source="Running text" forest="1" text="esse tablet é fantástico simplesmente quando eu o vi fiquei apaixonado so de olhar para aquela beleza e hoje é um dos meus sonhos.">
	<graph root="s1_500">
		<terminals>
			<t id="s1_1" word="esse" lemma="esse" pos="pron-dem" morph="DET M S" extra="dem"/>
			<t id="s1_2" word="tablet" lemma="tablet" pos="n" morph="M S" extra="heur"/>
			<t id="s1_3" word="é" lemma="ser" pos="v-fin" morph="PR 3S IND VFIN" extra="nosubj nosubj cjt-head cjt-head-STA vK fmc mv"/>
			<t id="s1_4" word="fantástico" lemma="fantástico" pos="adj" morph="M S" extra="--"/>
			<t id="s1_5" word="simplesmente" lemma="simplesmente" pos="adv" morph="--" extra="--"/>
			<t id="s1_6" word="quando" lemma="quando" pos="adv" morph="--" extra="clb clb-fs rel ks"/>
			<t id="s1_7" word="eu" lemma="eu" pos="pron-pers" morph="M 1S NOM" extra="--"/>
			<t id="s1_8" word="o" lemma="ele" pos="pron-pers" morph="M 3S ACC" extra="--"/>
			<t id="s1_9" word="vi" lemma="ver" pos="v-fin" morph="PS 1S IND VFIN" extra="vH mv"/>
			<t id="s1_10" word="fiquei" lemma="ficar" pos="v-fin" morph="PS 1S IND VFIN" extra="nosubj nosubj cjt-STA vK fmc mv"/>
			<t id="s1_11" word="apaixonado" lemma="apaixonado" pos="adj" morph="M S" extra="jh"/>
			<t id="s1_12" word="so" lemma="só" pos="adv" morph="--" extra="--"/>
			<t id="s1_13" word="de" lemma="de" pos="prp" morph="--" extra="np-close"/>
			<t id="s1_14" word="olhar" lemma="olhar" pos="n" morph="M S" sem="act-d" extra="--"/>
			<t id="s1_15" word="para" lemma="para" pos="prp" morph="--" extra="--"/>
			<t id="s1_16" word="aquela" lemma="aquele" pos="pron-dem" morph="DET F S" extra="dem"/>
			<t id="s1_17" word="beleza" lemma="beleza" pos="n" morph="F S" sem="am" extra="--"/>
			<t id="s1_18" word="e" lemma="e" pos="conj-c" morph="--" extra="--"/>
			<t id="s1_19" word="hoje" lemma="hoje" pos="adv" morph="--" extra="--"/>
			<t id="s1_20" word="é" lemma="ser" pos="v-fin" morph="PR 3S IND VFIN" extra="nosubj nosubj cjt-STA vK fmc mv"/>
			<t id="s1_21" word="um" lemma="um" pos="num" morph="M S" extra="card"/>
			<t id="s1_22" word="de" lemma="de" pos="prp" morph="--" extra="sam- np-close"/>
			<t id="s1_23" word="os" lemma="o" pos="art" morph="M P" extra="-sam "/>
			<t id="s1_24" word="meus" lemma="meu" pos="pron-poss" morph="DET M P" extra="poss 1S"/>
			<t id="s1_25" word="sonhos" lemma="sonho" pos="n" morph="M P" sem="sem-w" extra="--"/>
			<t id="s1_26" word="." lemma="--" pos="pu" morph="--" extra="--"/>
		</terminals>

		<nonterminals>
			<nt id="s1_500" cat="s">
				<edge label="STA" idref="s1_501"/>
			</nt>
			<nt id="s1_501" cat="par">
				<edge label="CJT" idref="s1_502"/>
				<edge label="CJT" idref="s1_506"/>
				<edge label="CJT" idref="s1_512"/>
				<edge label="PU" idref="s1_26"/>
			</nt>
			<nt id="s1_502" cat="fcl">
				<edge label="S" idref="s1_503"/>
				<edge label="P" idref="s1_3"/>
				<edge label="Cs" idref="s1_4"/>
				<edge label="fA" idref="s1_5"/>
				<edge label="fA" idref="s1_504"/>
			</nt>
			<nt id="s1_503" cat="np">
				<edge label="DN" idref="s1_1"/>
				<edge label="H" idref="s1_2"/>
			</nt>
			<nt id="s1_504" cat="fcl">
				<edge label="fA" idref="s1_6"/>
				<edge label="S" idref="s1_7"/>
				<edge label="Od" idref="s1_505"/>
				<edge label="P" idref="s1_9"/>
				<secedge label="*" idref="s1_508"/>
			</nt>
			<nt id="s1_505" cat="np">
				<edge label="H" idref="s1_8"/>
			</nt>
			<nt id="s1_506" cat="x">
				<edge label="P" idref="s1_10"/>
				<edge label="Cs" idref="s1_11"/>
				<edge label="fA" idref="s1_507"/>
				<edge label="fA" idref="s1_510"/>
			</nt>
			<nt id="s1_507" cat="fcl">
				<edge label="Od" idref="s1_508"/>
			</nt>
			<nt id="s1_508" cat="np">
				<edge label="DN" idref="s1_509"/>
			</nt>
			<nt id="s1_509" cat="pp">
				<edge label="DPmod" idref="s1_12"/>
				<edge label="H" idref="s1_13"/>
				<edge label="DP" idref="s1_14"/>
			</nt>
			<nt id="s1_510" cat="pp">
				<edge label="H" idref="s1_15"/>
				<edge label="DP" idref="s1_511"/>
			</nt>
			<nt id="s1_511" cat="np">
				<edge label="DN" idref="s1_16"/>
				<edge label="H" idref="s1_17"/>
				<edge label="CO" idref="s1_18"/>
				<edge label="DN" idref="s1_513"/>
			</nt>
			<nt id="s1_512" cat="x">
				<edge label="fA" idref="s1_19"/>
				<edge label="P" idref="s1_20"/>
				<edge label="Cs" idref="s1_21"/>
			</nt>
			<nt id="s1_513" cat="pp">
				<edge label="H" idref="s1_22"/>
				<edge label="DP" idref="s1_514"/>
			</nt>
			<nt id="s1_514" cat="np">
				<edge label="DN" idref="s1_23"/>
				<edge label="DN" idref="s1_24"/>
				<edge label="H" idref="s1_25"/>
			</nt>
		</nonterminals>
	</graph>
</s>

<s id="s2" ref="2" source="Running text" forest="1" text="simplesmente fantástico..">
	<graph root="s2_500">
		<terminals>
			<t id="s2_1" word="simplesmente" lemma="simplesmente" pos="adv" morph="--" extra="--"/>
			<t id="s2_2" word="fantástico" lemma="fantástico" pos="adj" morph="M S" extra="jh"/>
			<t id="s2_3" word="." lemma="--" pos="pu" morph="--" extra="--"/>
			<t id="s2_4" word="." lemma="--" pos="pu" morph="--" extra="--"/>
		</terminals>

		<nonterminals>
			<nt id="s2_500" cat="s">
				<edge label="fA" idref="s2_501"/>
			</nt>
			<nt id="s2_501" cat="advp">
				<edge label="H" idref="s2_1"/>
				<edge label="X" idref="s2_2"/>
				<edge label="PU" idref="s2_3"/>
				<edge label="PU" idref="s2_4"/>
			</nt>
		</nonterminals>
	</graph>
</s>

	</body>
</corpus>
