<?xml version="1.0" encoding="UTF-8"?>
<corpus>

	<body>
<s id="s1" ref="1" source="Running text" forest="1" text="é como esperava que fosse.">
	<graph root="s1_500">
		<terminals>
			<t id="s1_1" word="é" lemma="ser" pos="v-fin" morph="PR 3S IND VFIN" extra="fmc mv"/>
			<t id="s1_2" word="como" lemma="como" pos="adv" morph="--" extra="clb clb-fs rel ks"/>
			<t id="s1_3" word="esperava" lemma="esperar" pos="v-fin" morph="IMPF 1/3S IND VFIN" extra="vH mv"/>
			<t id="s1_4" word="que" lemma="que" pos="conj-s" morph="--" extra="clb clb-fs"/>
			<t id="s1_5" word="fosse" lemma="ser" pos="v-fin" morph="IMPF 1/3S SUBJ VFIN" extra="mv"/>
			<t id="s1_6" word="." lemma="--" pos="pu" morph="--" extra="--"/>
		</terminals>

		<nonterminals>
			<nt id="s1_500" cat="s">
				<edge label="STA" idref="s1_501"/>
			</nt>
			<nt id="s1_501" cat="fcl">
				<edge label="P" idref="s1_1"/>
				<edge label="fA" idref="s1_502"/>
				<edge label="PU" idref="s1_6"/>
			</nt>
			<nt id="s1_502" cat="fcl">
				<edge label="fA" idref="s1_2"/>
				<edge label="P" idref="s1_3"/>
				<edge label="Od" idref="s1_503"/>
			</nt>
			<nt id="s1_503" cat="fcl">
				<edge label="SUB" idref="s1_4"/>
				<edge label="P" idref="s1_5"/>
			</nt>
		</nonterminals>
	</graph>
</s>

<s id="s2" ref="2" source="Running text" forest="1" text="o que gostei até o momento estou satisfeita.">
	<graph root="s2_500">
		<terminals>
			<t id="s2_1" word="o" lemma="o" pos="pron-dem" morph="DET M S" extra="dem"/>
			<t id="s2_2" word="que" lemma="que" pos="spec" morph="M S" extra="clb clb-fs rel"/>
			<t id="s2_3" word="gostei" lemma="gostar" pos="v-fin" morph="PS 1S IND VFIN" extra="vH mv np-close"/>
			<t id="s2_4" word="até" lemma="até" pos="prp" morph="--" extra="--"/>
			<t id="s2_5" word="o" lemma="o" pos="art" morph="M S" extra="--"/>
			<t id="s2_6" word="momento" lemma="momento" pos="n" morph="M S" sem="dur f-q" extra="--"/>
			<t id="s2_7" word="estou" lemma="estar" pos="v-fin" morph="PR 1S IND VFIN" extra="vK fmc mv"/>
			<t id="s2_8" word="satisfeita" lemma="satisfazer" pos="v-pcp" morph="F S" extra="jh vH"/>
			<t id="s2_9" word="." lemma="--" pos="pu" morph="--" extra="--"/>
		</terminals>

		<nonterminals>
			<nt id="s2_500" cat="s">
				<edge label="UTT" idref="s2_501"/>
			</nt>
			<nt id="s2_501" cat="x">
				<edge label="DN" idref="s2_503"/>
				<edge label="S" idref="s2_2"/>
				<edge label="P" idref="s2_3"/>
				<edge label="fA" idref="s2_504"/>
				<edge label="PU" idref="s2_9"/>
			</nt>
			<nt id="s2_502" cat="fcl">
				<edge label="S" idref="s2_1"/>
			</nt>
			<nt id="s2_503" cat="fcl">
			</nt>
			<nt id="s2_504" cat="pp">
				<edge label="H" idref="s2_4"/>
				<edge label="DP" idref="s2_505"/>
			</nt>
			<nt id="s2_505" cat="np">
				<edge label="DN" idref="s2_5"/>
				<edge label="H" idref="s2_6"/>
				<edge label="P" idref="s2_7"/>
				<edge label="Cs" idref="s2_8"/>
			</nt>
		</nonterminals>
	</graph>
</s>

<s id="s3" ref="3" source="Running text" forest="1" text="o que não gostei veio com uma das baterias estragadas, é que comprei number aparelhos e um veio com uma bateria com defeito..">
	<graph root="s3_500">
		<terminals>
			<t id="s3_1" word="o" lemma="o" pos="pron-dem" morph="DET M S" extra="dem"/>
			<t id="s3_2" word="que" lemma="que" pos="spec" morph="M S" extra="clb clb-fs rel"/>
			<t id="s3_3" word="não" lemma="não" pos="adv" morph="--" extra="--"/>
			<t id="s3_4" word="gostei" lemma="gostar" pos="v-fin" morph="PS 1S IND VFIN" extra="vH mv np-close"/>
			<t id="s3_5" word="veio" lemma="vir" pos="v-fin" morph="PS 3S IND VFIN" extra="nosubj nosubj cjt-head cjt-head-STA fmc mv"/>
			<t id="s3_6" word="com" lemma="com" pos="prp" morph="--" extra="--"/>
			<t id="s3_7" word="uma" lemma="uma" pos="num" morph="F S" extra="card"/>
			<t id="s3_8" word="de" lemma="de" pos="prp" morph="--" extra="sam- np-close"/>
			<t id="s3_9" word="as" lemma="o" pos="art" morph="F P" extra="-sam "/>
			<t id="s3_10" word="baterias" lemma="bateria" pos="n" morph="F P" sem="tool" extra="--"/>
			<t id="s3_11" word="estragadas" lemma="estragar" pos="v-pcp" morph="F P" extra="np-close"/>
			<t id="s3_12" word="," lemma="--" pos="pu" morph="--" extra="--"/>
			<t id="s3_13" word="é" lemma="ser" pos="v-fin" morph="PS 3S IND VFIN" extra="nosubj nosubj cjt-STA fmc mv"/>
			<t id="s3_14" word="que" lemma="que" pos="conj-s" morph="--" extra="clb clb-fs"/>
			<t id="s3_15" word="comprei" lemma="comprar" pos="v-fin" morph="PS 1S IND VFIN" extra="vH mv"/>
			<t id="s3_16" word="number" lemma="number" pos="v-inf" morph="--" extra="heur mv"/>
			<t id="s3_17" word="aparelhos" lemma="aparelho" pos="n" morph="M P" sem="tool" extra="cjt-head cjt-head-Od"/>
			<t id="s3_18" word="e" lemma="e" pos="conj-c" morph="--" extra="--"/>
			<t id="s3_19" word="um" lemma="um" pos="num" morph="M S" extra="cjt-Od card"/>
			<t id="s3_20" word="veio" lemma="vir" pos="v-fin" morph="PS 3S IND VFIN" extra="nosubj nosubj cjt-STA fmc mv"/>
			<t id="s3_21" word="com" lemma="com" pos="prp" morph="--" extra="--"/>
			<t id="s3_22" word="uma" lemma="um" pos="art" morph="F S" extra="--"/>
			<t id="s3_23" word="bateria" lemma="bateria" pos="n" morph="F S" sem="tool" extra="--"/>
			<t id="s3_24" word="com" lemma="com" pos="prp" morph="--" extra="np-close"/>
			<t id="s3_25" word="defeito" lemma="defeito" pos="n" morph="M S" sem="ac" extra="--"/>
			<t id="s3_26" word="." lemma="--" pos="pu" morph="--" extra="--"/>
			<t id="s3_27" word="." lemma="--" pos="pu" morph="--" extra="--"/>
		</terminals>

		<nonterminals>
			<nt id="s3_500" cat="s">
				<edge label="UTT" idref="s3_501"/>
			</nt>
			<nt id="s3_501" cat="x">
				<edge label="DN" idref="s3_504"/>
				<edge label="S" idref="s3_2"/>
				<edge label="fA" idref="s3_3"/>
				<edge label="P" idref="s3_4"/>
				<edge label="DN" idref="s3_506"/>
				<edge label="H" idref="s3_8"/>
				<edge label="DP" idref="s3_507"/>
				<edge label="PU" idref="s3_12"/>
				<edge label="CJT" idref="s3_508"/>
				<edge label="CJT" idref="s3_512"/>
				<edge label="PU" idref="s3_26"/>
				<edge label="PU" idref="s3_27"/>
			</nt>
			<nt id="s3_502" cat="par">
				<edge label="CJT" idref="s3_503"/>
			</nt>
			<nt id="s3_503" cat="fcl">
				<edge label="S" idref="s3_1"/>
			</nt>
			<nt id="s3_504" cat="fcl">
				<edge label="P" idref="s3_5"/>
				<edge label="fA" idref="s3_505"/>
			</nt>
			<nt id="s3_505" cat="pp">
				<edge label="H" idref="s3_6"/>
				<edge label="DP" idref="s3_7"/>
			</nt>
			<nt id="s3_506" cat="pp">
			</nt>
			<nt id="s3_507" cat="np">
				<edge label="DN" idref="s3_9"/>
				<edge label="H" idref="s3_10"/>
				<edge label="DN" idref="s3_11"/>
			</nt>
			<nt id="s3_508" cat="x">
				<edge label="P" idref="s3_13"/>
				<edge label="Cs" idref="s3_509"/>
				<edge label="CO" idref="s3_18"/>
			</nt>
			<nt id="s3_509" cat="fcl">
				<edge label="SUB" idref="s3_14"/>
				<edge label="P" idref="s3_15"/>
				<edge label="Od" idref="s3_510"/>
			</nt>
			<nt id="s3_510" cat="icl">
				<edge label="P" idref="s3_16"/>
				<edge label="Od" idref="s3_511"/>
			</nt>
			<nt id="s3_511" cat="par">
				<edge label="CJT" idref="s3_17"/>
				<edge label="CJT" idref="s3_19"/>
			</nt>
			<nt id="s3_512" cat="x">
				<edge label="P" idref="s3_20"/>
				<edge label="fA" idref="s3_513"/>
			</nt>
			<nt id="s3_513" cat="pp">
				<edge label="H" idref="s3_21"/>
				<edge label="DP" idref="s3_514"/>
			</nt>
			<nt id="s3_514" cat="np">
				<edge label="DN" idref="s3_22"/>
				<edge label="H" idref="s3_23"/>
				<edge label="DN" idref="s3_515"/>
			</nt>
			<nt id="s3_515" cat="pp">
				<edge label="H" idref="s3_24"/>
				<edge label="DP" idref="s3_25"/>
			</nt>
		</nonterminals>
	</graph>
</s>

	</body>
</corpus>
