<?xml version="1.0" encoding="UTF-8"?>
<corpus>

	<body>
<s id="s1" ref="1" source="Running text" forest="1" text="produto atende tudo que um smartphone precisa ter.">
	<graph root="s1_500">
		<terminals>
			<t id="s1_1" word="produto" lemma="produto" pos="n" morph="M S" sem="cc-h mon ac-cat" extra="--"/>
			<t id="s1_2" word="atende" lemma="atender" pos="v-fin" morph="PR 3S IND VFIN" extra="vH fmc mv"/>
			<t id="s1_3" word="tudo" lemma="tudo" pos="spec" morph="M S" extra="quant"/>
			<t id="s1_4" word="que" lemma="que" pos="spec" morph="M S" extra="clb clb-fs rel"/>
			<t id="s1_5" word="um" lemma="um" pos="art" morph="M S" extra="--"/>
			<t id="s1_6" word="smartphone" lemma="smartphone" pos="n" morph="M S" extra="heur foreign"/>
			<t id="s1_7" word="precisa" lemma="precisar" pos="v-fin" morph="PR 3S IND VFIN" extra="mv np-close"/>
			<t id="s1_8" word="ter" lemma="ter" pos="v-inf" morph="--" extra="mv"/>
			<t id="s1_9" word="." lemma="--" pos="pu" morph="--" extra="--"/>
		</terminals>

		<nonterminals>
			<nt id="s1_500" cat="s">
				<edge label="STA" idref="s1_501"/>
			</nt>
			<nt id="s1_501" cat="fcl">
				<edge label="S" idref="s1_502"/>
				<edge label="P" idref="s1_2"/>
				<edge label="fA" idref="s1_3"/>
				<edge label="Od" idref="s1_8"/>
				<edge label="PU" idref="s1_9"/>
			</nt>
			<nt id="s1_502" cat="np">
				<edge label="H" idref="s1_1"/>
				<edge label="DN" idref="s1_503"/>
			</nt>
			<nt id="s1_503" cat="fcl">
				<edge label="Od" idref="s1_4"/>
				<edge label="S" idref="s1_504"/>
				<edge label="P" idref="s1_7"/>
			</nt>
			<nt id="s1_504" cat="np">
				<edge label="DN" idref="s1_5"/>
				<edge label="H" idref="s1_6"/>
			</nt>
		</nonterminals>
	</graph>
</s>

	</body>
</corpus>
