<?xml version="1.0" encoding="UTF-8"?>
<corpus>

	<body>
<s id="s1" ref="1" source="Running text" forest="1" text="para nunca mais, perdi meu dinheiro somente nokia agora o que gostei tamanho o que não gostei o sinal cai toda hora e em outros aparelhos o sinal é bom.">
	<graph root="s1_500">
		<terminals>
			<t id="s1_1" word="para" lemma="para" pos="prp" morph="--" extra="--"/>
			<t id="s1_2" word="nunca" lemma="nunca" pos="adv" morph="--" extra="--"/>
			<t id="s1_3" word="mais" lemma="mais" pos="adv" morph="--" extra="--"/>
			<t id="s1_4" word="," lemma="--" pos="pu" morph="--" extra="--"/>
			<t id="s1_5" word="perdi" lemma="perder" pos="v-fin" morph="PS 1S IND VFIN" extra="predco predco predco predco fmc mv"/>
			<t id="s1_6" word="meu" lemma="meu" pos="pron-poss" morph="DET M S" extra="poss 1S"/>
			<t id="s1_7" word="dinheiro" lemma="dinheiro" pos="n" morph="M S" sem="mon cm" extra="--"/>
			<t id="s1_8" word="somente" lemma="somente" pos="adv" morph="--" extra="--"/>
			<t id="s1_9" word="nokia" lemma="nokia" pos="n" morph="F S" extra="cjt-head cjt-head-S heur foreign"/>
			<t id="s1_10" word="agora" lemma="agora" pos="adv" morph="--" extra="kc"/>
			<t id="s1_11" word="o" lemma="o" pos="pron-dem" morph="DET M S" extra="cjt-S dem"/>
			<t id="s1_12" word="que" lemma="que" pos="spec" morph="M S" extra="clb clb-fs rel"/>
			<t id="s1_13" word="gostei" lemma="gostar" pos="v-fin" morph="PS 1S IND VFIN" extra="vH mv np-close"/>
			<t id="s1_14" word="tamanho" lemma="tamanho" pos="n" morph="M S" sem="f-q" extra="--"/>
			<t id="s1_15" word="o" lemma="ele" pos="pron-pers" morph="M 3S ACC" extra="--"/>
			<t id="s1_16" word="que" lemma="que" pos="conj-s" morph="--" extra="clb clb-fs"/>
			<t id="s1_17" word="não" lemma="não" pos="adv" morph="--" extra="--"/>
			<t id="s1_18" word="gostei" lemma="gostar" pos="v-fin" morph="PS 1S IND VFIN" extra="vH mv"/>
			<t id="s1_19" word="o" lemma="o" pos="art" morph="M S" extra="--"/>
			<t id="s1_20" word="sinal" lemma="sinal" pos="n" morph="M S" sem="percep-l percep-w ac ac-sign mon sem-r sick-c" extra="--"/>
			<t id="s1_21" word="cai" lemma="cair" pos="v-fin" morph="PR 3S IND VFIN" extra="cjt-STA fmc mv"/>
			<t id="s1_22" word="toda" lemma="todo" pos="pron-indef" morph="DET F S" extra="quant"/>
			<t id="s1_23" word="hora" lemma="hora" pos="n" morph="F S" sem="dur temp unit" extra="--"/>
			<t id="s1_24" word="e" lemma="e" pos="conj-c" morph="--" extra="--"/>
			<t id="s1_25" word="em" lemma="em" pos="prp" morph="--" extra="--"/>
			<t id="s1_26" word="outros" lemma="outro" pos="pron-indef" morph="DET M P" extra="diff KOMP"/>
			<t id="s1_27" word="aparelhos" lemma="aparelho" pos="n" morph="M P" sem="tool" extra="--"/>
			<t id="s1_28" word="o" lemma="o" pos="art" morph="M S" extra="--"/>
			<t id="s1_29" word="sinal" lemma="sinal" pos="n" morph="M S" sem="percep-l percep-w ac ac-sign mon sem-r sick-c" extra="--"/>
			<t id="s1_30" word="é" lemma="ser" pos="v-fin" morph="PR 3S IND VFIN" extra="cjt-STA vK fmc mv"/>
			<t id="s1_31" word="bom" lemma="bom" pos="adj" morph="M S" extra="jh"/>
			<t id="s1_32" word="." lemma="--" pos="pu" morph="--" extra="--"/>
		</terminals>

		<nonterminals>
			<nt id="s1_500" cat="s">
				<edge label="STA" idref="s1_501"/>
			</nt>
			<nt id="s1_501" cat="fcl">
				<edge label="fA" idref="s1_502"/>
				<edge label="fA" idref="s1_3"/>
				<edge label="PU" idref="s1_4"/>
				<edge label="X" idref="s1_503"/>
				<edge label="PU" idref="s1_32"/>
			</nt>
			<nt id="s1_502" cat="pp">
				<edge label="H" idref="s1_1"/>
				<edge label="DP" idref="s1_2"/>
			</nt>
			<nt id="s1_503" cat="par">
				<edge label="CJT" idref="s1_504"/>
				<edge label="CJT" idref="s1_510"/>
				<edge label="CJT" idref="s1_515"/>
			</nt>
			<nt id="s1_504" cat="x">
				<edge label="P" idref="s1_5"/>
				<edge label="Od" idref="s1_505"/>
				<edge label="S" idref="s1_506"/>
				<edge label="fA" idref="s1_10"/>
			</nt>
			<nt id="s1_505" cat="np">
				<edge label="DN" idref="s1_6"/>
				<edge label="H" idref="s1_7"/>
			</nt>
			<nt id="s1_506" cat="par">
				<edge label="CJT" idref="s1_507"/>
				<edge label="CJT" idref="s1_11"/>
			</nt>
			<nt id="s1_507" cat="np">
				<edge label="DN" idref="s1_8"/>
				<edge label="H" idref="s1_9"/>
				<edge label="DN" idref="s1_508"/>
			</nt>
			<nt id="s1_508" cat="fcl">
				<edge label="S" idref="s1_12"/>
				<edge label="P" idref="s1_13"/>
				<edge label="Od" idref="s1_509"/>
			</nt>
			<nt id="s1_509" cat="fcl">
				<edge label="S" idref="s1_14"/>
				<edge label="SUB" idref="s1_16"/>
				<edge label="fA" idref="s1_17"/>
				<edge label="P" idref="s1_18"/>
			</nt>
			<nt id="s1_510" cat="fcl">
				<edge label="Od" idref="s1_15"/>
				<edge label="S" idref="s1_511"/>
				<edge label="P" idref="s1_21"/>
				<edge label="fA" idref="s1_512"/>
				<edge label="CO" idref="s1_24"/>
				<edge label="FOC" idref="s1_513"/>
			</nt>
			<nt id="s1_511" cat="np">
				<edge label="DN" idref="s1_19"/>
				<edge label="H" idref="s1_20"/>
			</nt>
			<nt id="s1_512" cat="np">
				<edge label="DN" idref="s1_22"/>
				<edge label="H" idref="s1_23"/>
			</nt>
			<nt id="s1_513" cat="pp">
				<edge label="H" idref="s1_25"/>
				<edge label="DP" idref="s1_514"/>
			</nt>
			<nt id="s1_514" cat="np">
				<edge label="DN" idref="s1_26"/>
				<edge label="H" idref="s1_27"/>
			</nt>
			<nt id="s1_515" cat="fcl">
				<edge label="S" idref="s1_516"/>
				<edge label="P" idref="s1_30"/>
				<edge label="Cs" idref="s1_31"/>
			</nt>
			<nt id="s1_516" cat="np">
				<edge label="DN" idref="s1_28"/>
				<edge label="H" idref="s1_29"/>
			</nt>
		</nonterminals>
	</graph>
</s>

	</body>
</corpus>
