<?xml version="1.0" encoding="UTF-8"?>
<corpus>

	<body>
<s id="s1" ref="1" source="Running text" forest="1" text="este é um ótimo produto eu recomendo pois ele alem de fácil de se anuviar tem ótimo durabilidade e muitas outra qualidades certo.">
	<graph root="s1_500">
		<terminals>
			<t id="s1_1" word="este" lemma="este" pos="pron-dem" morph="DET M S" extra="dem"/>
			<t id="s1_2" word="é" lemma="ser" pos="v-fin" morph="PR 3S IND VFIN" extra="cjt-head cjt-head-STA vK fmc mv"/>
			<t id="s1_3" word="um" lemma="um" pos="art" morph="M S" extra="--"/>
			<t id="s1_4" word="ótimo" lemma="bom" pos="adj" morph="M S" extra="SUP"/>
			<t id="s1_5" word="produto" lemma="produto" pos="n" morph="M S" sem="cc-h mon ac-cat" extra="--"/>
			<t id="s1_6" word="eu" lemma="eu" pos="pron-pers" morph="M/F 1S NOM" extra="--"/>
			<t id="s1_7" word="recomendo" lemma="recomendar" pos="v-fin" morph="PR 1S IND VFIN" extra="cjt-STA vH fmc mv"/>
			<t id="s1_8" word="pois" lemma="pois" pos="adv" morph="--" extra="kc"/>
			<t id="s1_9" word="ele" lemma="ele" pos="pron-pers" morph="M 3S NOM" extra="--"/>
			<t id="s1_10" word="alem" lemma="além" pos="adv" morph="--" extra="--"/>
			<t id="s1_11" word="de" lemma="de" pos="prp" morph="--" extra="--"/>
			<t id="s1_12" word="fácil" lemma="fácil" pos="adj" morph="M/F S" extra="jh"/>
			<t id="s1_13" word="de" lemma="de" pos="prp" morph="--" extra="--"/>
			<t id="s1_14" word="se" lemma="se" pos="pron-pers" morph="M/F 3S/P ACC" extra="clb"/>
			<t id="s1_15" word="anuviar" lemma="anuviar" pos="v-inf" morph="3S" extra="vH mv"/>
			<t id="s1_16" word="tem" lemma="ter" pos="v-fin" morph="PR 3S IND VFIN" extra="clb-fs mv"/>
			<t id="s1_17" word="ótimo" lemma="bom" pos="adj" morph="M S" extra="SUP"/>
			<t id="s1_18" word="durabilidade" lemma="durabilidade" pos="n" morph="F S" sem="am" extra="cjt-head cjt-head-Od"/>
			<t id="s1_19" word="e" lemma="e" pos="conj-c" morph="--" extra="--"/>
			<t id="s1_20" word="muitas" lemma="muito" pos="pron-indef" morph="DET F P" extra="quant"/>
			<t id="s1_21" word="outra" lemma="outro" pos="pron-indef" morph="DET F S" extra="diff KOMP"/>
			<t id="s1_22" word="qualidades" lemma="qualidade" pos="n" morph="F P" sem="percep-f f-c" extra="cjt-Od"/>
			<t id="s1_23" word="certo" lemma="certo" pos="adj" morph="M S" extra="np-close"/>
			<t id="s1_24" word="." lemma="--" pos="pu" morph="--" extra="--"/>
		</terminals>

		<nonterminals>
			<nt id="s1_500" cat="s">
				<edge label="STA" idref="s1_501"/>
			</nt>
			<nt id="s1_501" cat="par">
				<edge label="CJT" idref="s1_502"/>
				<edge label="CJT" idref="s1_504"/>
				<edge label="PU" idref="s1_24"/>
			</nt>
			<nt id="s1_502" cat="fcl">
				<edge label="S" idref="s1_1"/>
				<edge label="P" idref="s1_2"/>
				<edge label="Cs" idref="s1_503"/>
			</nt>
			<nt id="s1_503" cat="np">
				<edge label="DN" idref="s1_3"/>
				<edge label="DN" idref="s1_4"/>
				<edge label="H" idref="s1_5"/>
			</nt>
			<nt id="s1_504" cat="fcl">
				<edge label="S" idref="s1_6"/>
				<edge label="P" idref="s1_7"/>
				<edge label="fA" idref="s1_505"/>
				<edge label="S" idref="s1_9"/>
				<edge label="fA" idref="s1_10"/>
			</nt>
			<nt id="s1_505" cat="pp">
				<edge label="DP" idref="s1_506"/>
				<edge label="H" idref="s1_11"/>
			</nt>
			<nt id="s1_506" cat="adjp">
				<edge label="DA" idref="s1_507"/>
			</nt>
			<nt id="s1_507" cat="pp">
				<edge label="DP" idref="s1_508"/>
			</nt>
			<nt id="s1_508" cat="icl">
				<edge label="Od" idref="s1_509"/>
				<edge label="H" idref="s1_12"/>
				<edge label="DA" idref="s1_510"/>
			</nt>
			<nt id="s1_509" cat="fcl">
				<edge label="fA" idref="s1_8"/>
			</nt>
			<nt id="s1_510" cat="pp">
				<edge label="H" idref="s1_13"/>
				<edge label="DP" idref="s1_511"/>
			</nt>
			<nt id="s1_511" cat="icl">
				<edge label="Od" idref="s1_512"/>
				<edge label="P" idref="s1_15"/>
				<edge label="Od" idref="s1_513"/>
			</nt>
			<nt id="s1_512" cat="fcl">
				<edge label="S" idref="s1_14"/>
			</nt>
			<nt id="s1_513" cat="fcl">
				<edge label="P" idref="s1_16"/>
				<edge label="Od" idref="s1_514"/>
			</nt>
			<nt id="s1_514" cat="par">
				<edge label="CJT" idref="s1_515"/>
				<edge label="CJT" idref="s1_516"/>
			</nt>
			<nt id="s1_515" cat="np">
				<edge label="DN" idref="s1_17"/>
				<edge label="H" idref="s1_18"/>
			</nt>
			<nt id="s1_516" cat="np">
				<edge label="DN" idref="s1_517"/>
				<edge label="DN" idref="s1_20"/>
				<edge label="DN" idref="s1_21"/>
				<edge label="H" idref="s1_22"/>
				<edge label="-DN" idref="s1_23"/>
			</nt>
			<nt id="s1_517" cat="adjp">
				<edge label="CO" idref="s1_19"/>
			</nt>
		</nonterminals>
	</graph>
</s>

<s id="s2" ref="2" source="Running text" forest="1" text="o que gostei eu gosto das suas ótimas funções e fácil de se anuviar.">
	<graph root="s2_500">
		<terminals>
			<t id="s2_1" word="o" lemma="o" pos="pron-dem" morph="DET M S" extra="dem"/>
			<t id="s2_2" word="que" lemma="que" pos="spec" morph="M S" extra="clb clb-fs rel"/>
			<t id="s2_3" word="gostei" lemma="gostar" pos="v-fin" morph="PS 1S IND VFIN" extra="vH mv np-close"/>
			<t id="s2_4" word="eu" lemma="eu" pos="pron-pers" morph="M/F 1S NOM" extra="--"/>
			<t id="s2_5" word="gosto" lemma="gostar" pos="v-fin" morph="PR 1S IND VFIN" extra="vH fmc mv"/>
			<t id="s2_6" word="de" lemma="de" pos="prp" morph="--" extra="sam-"/>
			<t id="s2_7" word="as" lemma="o" pos="art" morph="F P" extra="-sam "/>
			<t id="s2_8" word="suas" lemma="seu" pos="pron-poss" morph="DET F P" extra="poss 3S"/>
			<t id="s2_9" word="ótimas" lemma="bom" pos="adj" morph="F P" extra="SUP jh"/>
			<t id="s2_10" word="funções" lemma="função" pos="n" morph="F P" sem="ac pos-soc occ" extra="--"/>
			<t id="s2_11" word="e" lemma="e" pos="conj-c" morph="--" extra="--"/>
			<t id="s2_12" word="fácil" lemma="fácil" pos="adj" morph="M/F S" extra="jh"/>
			<t id="s2_13" word="de" lemma="de" pos="prp" morph="--" extra="--"/>
			<t id="s2_14" word="se" lemma="se" pos="pron-pers" morph="M/F 3S/P DAT" extra="refl"/>
			<t id="s2_15" word="anuviar" lemma="anuviar" pos="v-inf" morph="--" extra="vH mv"/>
			<t id="s2_16" word="." lemma="--" pos="pu" morph="--" extra="--"/>
		</terminals>

		<nonterminals>
			<nt id="s2_500" cat="s">
				<edge label="UTT" idref="s2_501"/>
			</nt>
			<nt id="s2_501" cat="x">
				<edge label="DN" idref="s2_503"/>
				<edge label="S" idref="s2_2"/>
				<edge label="P" idref="s2_3"/>
				<edge label="S" idref="s2_4"/>
				<edge label="P" idref="s2_5"/>
				<edge label="Op" idref="s2_504"/>
				<edge label="fCs" idref="s2_506"/>
				<edge label="H" idref="s2_12"/>
				<edge label="DA" idref="s2_507"/>
				<edge label="PU" idref="s2_16"/>
			</nt>
			<nt id="s2_502" cat="fcl">
				<edge label="S" idref="s2_1"/>
			</nt>
			<nt id="s2_503" cat="fcl">
			</nt>
			<nt id="s2_504" cat="pp">
				<edge label="H" idref="s2_6"/>
				<edge label="DP" idref="s2_505"/>
			</nt>
			<nt id="s2_505" cat="np">
				<edge label="DN" idref="s2_7"/>
				<edge label="DN" idref="s2_8"/>
				<edge label="DN" idref="s2_9"/>
				<edge label="H" idref="s2_10"/>
				<edge label="CO" idref="s2_11"/>
			</nt>
			<nt id="s2_506" cat="adjp">
			</nt>
			<nt id="s2_507" cat="pp">
				<edge label="H" idref="s2_13"/>
				<edge label="DP" idref="s2_508"/>
			</nt>
			<nt id="s2_508" cat="icl">
				<edge label="Oi" idref="s2_14"/>
				<edge label="P" idref="s2_15"/>
			</nt>
		</nonterminals>
	</graph>
</s>

<s id="s3" ref="3" source="Running text" forest="1" text="o que não gostei eu não tenho nenhuma coisa que eu não goste desde produto certo..">
	<graph root="s3_500">
		<terminals>
			<t id="s3_1" word="o" lemma="o" pos="pron-dem" morph="DET M S" extra="dem"/>
			<t id="s3_2" word="que" lemma="que" pos="spec" morph="M S" extra="clb clb-fs rel"/>
			<t id="s3_3" word="não" lemma="não" pos="adv" morph="--" extra="--"/>
			<t id="s3_4" word="gostei" lemma="gostar" pos="v-fin" morph="PS 1S IND VFIN" extra="vH mv np-close"/>
			<t id="s3_5" word="eu" lemma="eu" pos="pron-pers" morph="M/F 1S NOM" extra="--"/>
			<t id="s3_6" word="não" lemma="não" pos="adv" morph="--" extra="--"/>
			<t id="s3_7" word="tenho" lemma="ter" pos="v-fin" morph="PR 1S IND VFIN" extra="fmc mv"/>
			<t id="s3_8" word="nenhuma" lemma="nenhum" pos="pron-indef" morph="DET F S" extra="quant"/>
			<t id="s3_9" word="coisa" lemma="coisa" pos="n" morph="F S" sem="cc ac" extra="--"/>
			<t id="s3_10" word="que" lemma="que" pos="spec" morph="M S" extra="clb clb-fs rel"/>
			<t id="s3_11" word="eu" lemma="eu" pos="pron-pers" morph="M/F 1S NOM" extra="--"/>
			<t id="s3_12" word="não" lemma="não" pos="adv" morph="--" extra="--"/>
			<t id="s3_13" word="goste" lemma="gostar" pos="v-fin" morph="PR 1S SUBJ VFIN" extra="vH mv np-close"/>
			<t id="s3_14" word="desde" lemma="desde" pos="prp" morph="--" extra="--"/>
			<t id="s3_15" word="produto" lemma="produto" pos="n" morph="M S" sem="cc-h mon ac-cat" extra="--"/>
			<t id="s3_16" word="certo" lemma="certo" pos="adj" morph="M S" extra="np-close"/>
			<t id="s3_17" word="." lemma="--" pos="pu" morph="--" extra="--"/>
			<t id="s3_18" word="." lemma="--" pos="pu" morph="--" extra="--"/>
		</terminals>

		<nonterminals>
			<nt id="s3_500" cat="s">
				<edge label="STA" idref="s3_501"/>
			</nt>
			<nt id="s3_501" cat="fcl">
				<edge label="S" idref="s3_1"/>
				<edge label="DN" idref="s3_502"/>
				<edge label="S" idref="s3_2"/>
				<edge label="fA" idref="s3_3"/>
				<edge label="P" idref="s3_4"/>
				<edge label="S" idref="s3_5"/>
				<edge label="fA" idref="s3_6"/>
				<edge label="P" idref="s3_7"/>
				<edge label="Od" idref="s3_503"/>
				<edge label="PU" idref="s3_17"/>
				<edge label="PU" idref="s3_18"/>
			</nt>
			<nt id="s3_502" cat="fcl">
			</nt>
			<nt id="s3_503" cat="np">
				<edge label="DN" idref="s3_8"/>
				<edge label="H" idref="s3_9"/>
				<edge label="DN" idref="s3_504"/>
			</nt>
			<nt id="s3_504" cat="fcl">
				<edge label="Od" idref="s3_10"/>
				<edge label="S" idref="s3_11"/>
				<edge label="fA" idref="s3_12"/>
				<edge label="P" idref="s3_13"/>
				<edge label="fA" idref="s3_505"/>
			</nt>
			<nt id="s3_505" cat="pp">
				<edge label="H" idref="s3_14"/>
				<edge label="DP" idref="s3_506"/>
			</nt>
			<nt id="s3_506" cat="np">
				<edge label="H" idref="s3_15"/>
				<edge label="DN" idref="s3_16"/>
			</nt>
		</nonterminals>
	</graph>
</s>

	</body>
</corpus>
