<?xml version="1.0" encoding="UTF-8"?>
<corpus>

	<body>
<s id="s1" ref="1" source="Running text" forest="1" text="custo/ benefício bom o que gostei completo e funcional o que não gostei pesado.">
	<graph root="s1_500">
		<terminals>
			<t id="s1_1" word="custo" lemma="custo" pos="n" morph="M S" sem="mon" extra="cjt-head cjt-head-X"/>
			<t id="s1_2" word="/" lemma="$/" pos="conj-c" morph="--" extra="--"/>
			<t id="s1_3" word="benefício" lemma="benefício" pos="n" morph="M S" sem="act-d mon" extra="cjt-X"/>
			<t id="s1_4" word="bom" lemma="bom" pos="adj" morph="M S" extra="jh np-close"/>
			<t id="s1_5" word="o" lemma="o" pos="pron-dem" morph="DET M S" extra="cjt-X dem"/>
			<t id="s1_6" word="que" lemma="que" pos="spec" morph="M S" extra="clb clb-fs rel"/>
			<t id="s1_7" word="gostei" lemma="gostar" pos="v-fin" morph="PS 1S IND VFIN" extra="vH mv np-close"/>
			<t id="s1_8" word="completo" lemma="completo" pos="adj" morph="M S" extra="nh"/>
			<t id="s1_9" word="e" lemma="e" pos="conj-c" morph="--" extra="--"/>
			<t id="s1_10" word="funcional" lemma="funcional" pos="adj" morph="M/F S" extra="nh"/>
			<t id="s1_11" word="o_que" lemma="o_que" pos="spec" morph="M S" extra="clb rel"/>
			<t id="s1_12" word="não" lemma="não" pos="adv" morph="--" extra="--"/>
			<t id="s1_13" word="gostei" lemma="gostar" pos="v-fin" morph="PS 1S IND VFIN" extra="vH mv"/>
			<t id="s1_14" word="pesado" lemma="pesado" pos="adj" morph="M S" extra="--"/>
			<t id="s1_15" word="." lemma="--" pos="pu" morph="--" extra="--"/>
		</terminals>

		<nonterminals>
			<nt id="s1_500" cat="s">
				<edge label="X" idref="s1_501"/>
			</nt>
			<nt id="s1_501" cat="par">
				<edge label="CJT" idref="s1_1"/>
				<edge label="CJT" idref="s1_502"/>
				<edge label="CJT" idref="s1_504"/>
				<edge label="PU" idref="s1_15"/>
			</nt>
			<nt id="s1_502" cat="np">
				<edge label="DN" idref="s1_503"/>
				<edge label="H" idref="s1_3"/>
				<edge label="-DN" idref="s1_4"/>
			</nt>
			<nt id="s1_503" cat="adjp">
				<edge label="CO" idref="s1_2"/>
			</nt>
			<nt id="s1_504" cat="adjp">
				<edge label="H" idref="s1_5"/>
				<edge label="DN" idref="s1_505"/>
				<edge label="STA" idref="s1_507"/>
			</nt>
			<nt id="s1_505" cat="fcl">
				<edge label="S" idref="s1_6"/>
				<edge label="P" idref="s1_7"/>
				<edge label="fCs" idref="s1_8"/>
				<edge label="fCs" idref="s1_506"/>
			</nt>
			<nt id="s1_506" cat="adjp">
				<edge label="CO" idref="s1_9"/>
				<edge label="H" idref="s1_10"/>
			</nt>
			<nt id="s1_507" cat="fcl">
				<edge label="X" idref="s1_11"/>
				<edge label="fA" idref="s1_12"/>
				<edge label="P" idref="s1_13"/>
				<edge label="fCs" idref="s1_14"/>
			</nt>
		</nonterminals>
	</graph>
</s>

	</body>
</corpus>
