<?xml version="1.0" encoding="UTF-8"?>
<corpus>

	<body>
<s id="s1" ref="1" source="Running text" forest="1" text="por o aparelho que é poderia ser mais em conta o que gostei aparelho resistente o que não gostei sem muitas formulas.">
	<graph root="s1_500">
		<terminals>
			<t id="s1_1" word="por" lemma="por" pos="prp" morph="--" extra="sam-"/>
			<t id="s1_2" word="o" lemma="o" pos="art" morph="M S" extra="-sam "/>
			<t id="s1_3" word="aparelho" lemma="aparelho" pos="n" morph="M S" sem="tool" extra="--"/>
			<t id="s1_4" word="que" lemma="que" pos="spec" morph="M S" extra="clb clb-fs rel"/>
			<t id="s1_5" word="é" lemma="ser" pos="v-fin" morph="PR 3S IND VFIN" extra="vK mv np-close"/>
			<t id="s1_6" word="poderia" lemma="poder" pos="v-fin" morph="COND 3S VFIN" extra="nosubj nosubj cjt-head cjt-head-STA fmc aux"/>
			<t id="s1_7" word="ser" lemma="ser" pos="v-inf" morph="--" extra="vK mv"/>
			<t id="s1_8" word="mais" lemma="mais" pos="adv" morph="--" extra="--"/>
			<t id="s1_9" word="em_conta" lemma="em_conta" pos="adj" morph="--" sem="pp" extra="--"/>
			<t id="s1_10" word="o_que" lemma="o_que" pos="spec" morph="M S" extra="clb rel"/>
			<t id="s1_11" word="gostei" lemma="gostar" pos="v-fin" morph="PS 1S IND VFIN" extra="nosubj nosubj cjt-STA vH mv"/>
			<t id="s1_12" word="aparelho" lemma="aparelho" pos="n" morph="M S" sem="tool" extra="--"/>
			<t id="s1_13" word="resistente" lemma="resistente" pos="adj" morph="M S" extra="nh np-close"/>
			<t id="s1_14" word="o" lemma="o" pos="pron-dem" morph="DET M S" extra="dem"/>
			<t id="s1_15" word="que" lemma="que" pos="spec" morph="M S" extra="clb clb-fs rel"/>
			<t id="s1_16" word="não" lemma="não" pos="adv" morph="--" extra="--"/>
			<t id="s1_17" word="gostei" lemma="gostar" pos="v-fin" morph="PS 1S IND VFIN" extra="vH mv np-close"/>
			<t id="s1_18" word="sem" lemma="sem" pos="prp" morph="--" extra="--"/>
			<t id="s1_19" word="muitas" lemma="muito" pos="pron-indef" morph="DET F P" extra="quant"/>
			<t id="s1_20" word="formulas" lemma="formular" pos="v-fin" morph="PR 2S IND VFIN" extra="cjt-STA vH fmc mv"/>
			<t id="s1_21" word="." lemma="--" pos="pu" morph="--" extra="--"/>
		</terminals>

		<nonterminals>
			<nt id="s1_500" cat="s">
				<edge label="STA" idref="s1_501"/>
			</nt>
			<nt id="s1_501" cat="par">
				<edge label="CJT" idref="s1_502"/>
				<edge label="CJT" idref="s1_507"/>
				<edge label="CJT" idref="s1_508"/>
				<edge label="PU" idref="s1_21"/>
			</nt>
			<nt id="s1_502" cat="fcl">
				<edge label="fA" idref="s1_503"/>
				<edge label="P" idref="s1_506"/>
				<edge label="fA" idref="s1_8"/>
				<edge label="Cs" idref="s1_9"/>
			</nt>
			<nt id="s1_503" cat="pp">
				<edge label="H" idref="s1_1"/>
				<edge label="DP" idref="s1_504"/>
			</nt>
			<nt id="s1_504" cat="np">
				<edge label="DN" idref="s1_2"/>
				<edge label="H" idref="s1_3"/>
				<edge label="DN" idref="s1_505"/>
			</nt>
			<nt id="s1_505" cat="fcl">
				<edge label="S" idref="s1_4"/>
				<edge label="P" idref="s1_5"/>
			</nt>
			<nt id="s1_506" cat="vp">
				<edge label="Vaux" idref="s1_6"/>
				<edge label="Vm" idref="s1_7"/>
			</nt>
			<nt id="s1_507" cat="x">
				<edge label="X" idref="s1_10"/>
				<edge label="P" idref="s1_11"/>
			</nt>
			<nt id="s1_508" cat="fcl">
				<edge label="S" idref="s1_509"/>
				<edge label="S" idref="s1_14"/>
				<edge label="P" idref="s1_20"/>
			</nt>
			<nt id="s1_509" cat="np">
				<edge label="H" idref="s1_12"/>
				<edge label="DN" idref="s1_13"/>
				<edge label="DN" idref="s1_510"/>
			</nt>
			<nt id="s1_510" cat="fcl">
				<edge label="S" idref="s1_15"/>
				<edge label="fA" idref="s1_16"/>
				<edge label="P" idref="s1_17"/>
				<edge label="fA" idref="s1_511"/>
			</nt>
			<nt id="s1_511" cat="pp">
				<edge label="H" idref="s1_18"/>
				<edge label="DP" idref="s1_19"/>
			</nt>
		</nonterminals>
	</graph>
</s>

	</body>
</corpus>
