<?xml version="1.0" encoding="UTF-8"?>
<corpus>

	<body>
<s id="s1" ref="1" source="Running text" forest="1" text="pesquisei vários celulares e na época esse foi o que mais me encantou.">
	<graph root="s1_500">
		<terminals>
			<t id="s1_1" word="pesquisei" lemma="pesquisar" pos="v-fin" morph="PS 1S IND VFIN" extra="nosubj nosubj cjt-head cjt-head-STA vH fmc mv"/>
			<t id="s1_2" word="vários" lemma="vários" pos="pron-indef" morph="DET M P" extra="quant"/>
			<t id="s1_3" word="celulares" lemma="celular" pos="adj" morph="M P" extra="n nh"/>
			<t id="s1_4" word="e" lemma="e" pos="conj-c" morph="--" extra="topkc"/>
			<t id="s1_5" word="em" lemma="em" pos="prp" morph="--" extra="sam-"/>
			<t id="s1_6" word="a" lemma="o" pos="art" morph="F S" extra="-sam "/>
			<t id="s1_7" word="época" lemma="época" pos="n" morph="F S" sem="per" extra="--"/>
			<t id="s1_8" word="esse" lemma="esse" pos="pron-dem" morph="DET M S" extra="dem"/>
			<t id="s1_9" word="foi" lemma="ser" pos="v-fin" morph="PS 3S IND VFIN" extra="cjt-STA vK fmc mv"/>
			<t id="s1_10" word="o" lemma="o" pos="pron-dem" morph="DET M S" extra="dem"/>
			<t id="s1_11" word="que" lemma="que" pos="spec" morph="M S" extra="clb clb-fs rel"/>
			<t id="s1_12" word="mais" lemma="mais" pos="adv" morph="--" extra="quant KOMP"/>
			<t id="s1_13" word="me" lemma="eu" pos="pron-pers" morph="M/F 1S ACC" extra="--"/>
			<t id="s1_14" word="encantou" lemma="encantar" pos="v-fin" morph="PS 3S IND VFIN" extra="mv np-close"/>
			<t id="s1_15" word="." lemma="--" pos="pu" morph="--" extra="--"/>
		</terminals>

		<nonterminals>
			<nt id="s1_500" cat="s">
				<edge label="STA" idref="s1_501"/>
			</nt>
			<nt id="s1_501" cat="par">
				<edge label="CJT" idref="s1_502"/>
				<edge label="CO" idref="s1_4"/>
				<edge label="FOC" idref="s1_504"/>
				<edge label="CJT" idref="s1_506"/>
				<edge label="PU" idref="s1_15"/>
			</nt>
			<nt id="s1_502" cat="fcl">
				<edge label="P" idref="s1_1"/>
				<edge label="Od" idref="s1_503"/>
			</nt>
			<nt id="s1_503" cat="np">
				<edge label="DN" idref="s1_2"/>
				<edge label="H" idref="s1_3"/>
				<edge label="H" idref="s1_5"/>
				<edge label="DP" idref="s1_505"/>
			</nt>
			<nt id="s1_504" cat="pp">
			</nt>
			<nt id="s1_505" cat="np">
				<edge label="DN" idref="s1_6"/>
				<edge label="H" idref="s1_7"/>
				<edge label="DN" idref="s1_507"/>
			</nt>
			<nt id="s1_506" cat="fcl">
				<edge label="S" idref="s1_8"/>
				<edge label="P" idref="s1_9"/>
				<edge label="Cs" idref="s1_10"/>
			</nt>
			<nt id="s1_507" cat="fcl">
				<edge label="S" idref="s1_11"/>
				<edge label="fA" idref="s1_12"/>
				<edge label="Od" idref="s1_13"/>
				<edge label="P" idref="s1_14"/>
			</nt>
		</nonterminals>
	</graph>
</s>

<s id="s2" ref="2" source="Running text" forest="1" text="adorei!">
	<graph root="s2_500">
		<terminals>
			<t id="s2_1" word="adorei" lemma="adorar" pos="v-fin" morph="PS 1S IND VFIN" extra="vH fmc mv"/>
			<t id="s2_2" word="!" lemma="--" pos="pu" morph="--" extra="--"/>
		</terminals>

		<nonterminals>
			<nt id="s2_500" cat="s">
				<edge label="UTT" idref="s2_501"/>
			</nt>
			<nt id="s2_501" cat="x">
				<edge label="STA" idref="s2_1"/>
				<edge label="PU" idref="s2_2"/>
			</nt>
		</nonterminals>
	</graph>
</s>

<s id="s3" ref="3" source="Running text" forest="1" text="a única coisa que decepciona é o tempo de duração da bateria que é curto e o despertador que não toca com ele desligado!">
	<graph root="s3_500">
		<terminals>
			<t id="s3_1" word="a" lemma="o" pos="art" morph="F S" extra="--"/>
			<t id="s3_2" word="única" lemma="único" pos="adj" morph="F S" extra="--"/>
			<t id="s3_3" word="coisa" lemma="coisa" pos="n" morph="F S" sem="cc ac" extra="--"/>
			<t id="s3_4" word="que" lemma="que" pos="spec" morph="M S" extra="clb clb-fs rel"/>
			<t id="s3_5" word="decepciona" lemma="decepcionar" pos="v-fin" morph="PR 3S IND VFIN" extra="mv np-close"/>
			<t id="s3_6" word="é" lemma="ser" pos="v-fin" morph="PR 3S IND VFIN" extra="vK fmc mv"/>
			<t id="s3_7" word="o" lemma="o" pos="art" morph="M S" extra="--"/>
			<t id="s3_8" word="tempo" lemma="tempo" pos="n" morph="M S" sem="am temp per ac-cat wea" extra="--"/>
			<t id="s3_9" word="de" lemma="de" pos="prp" morph="--" extra="np-close"/>
			<t id="s3_10" word="duração" lemma="duração" pos="n" morph="F S" sem="am" extra="--"/>
			<t id="s3_11" word="de" lemma="de" pos="prp" morph="--" extra="sam- np-close"/>
			<t id="s3_12" word="a" lemma="o" pos="art" morph="F S" extra="-sam "/>
			<t id="s3_13" word="bateria" lemma="bateria" pos="n" morph="F S" sem="tool" extra="--"/>
			<t id="s3_14" word="que" lemma="que" pos="spec" morph="M S" extra="clb clb-fs rel"/>
			<t id="s3_15" word="é" lemma="ser" pos="v-fin" morph="PR 3S IND VFIN" extra="vK mv np-close"/>
			<t id="s3_16" word="curto" lemma="curto" pos="adj" morph="M S" extra="cjt-head cjt-head-Cs nh"/>
			<t id="s3_17" word="e" lemma="e" pos="conj-c" morph="--" extra="--"/>
			<t id="s3_18" word="o" lemma="o" pos="art" morph="M S" extra="--"/>
			<t id="s3_19" word="despertador" lemma="despertador" pos="n" morph="M S" sem="tool" extra="cjt-Cs"/>
			<t id="s3_20" word="que" lemma="que" pos="spec" morph="M S" extra="clb clb-fs rel"/>
			<t id="s3_21" word="não" lemma="não" pos="adv" morph="--" extra="--"/>
			<t id="s3_22" word="toca" lemma="tocar" pos="v-fin" morph="PR 3S IND VFIN" extra="mv np-close"/>
			<t id="s3_23" word="com" lemma="com" pos="prp" morph="--" extra="--"/>
			<t id="s3_24" word="ele" lemma="ele" pos="pron-pers" morph="M 3S NOM/PIV" extra="--"/>
			<t id="s3_25" word="desligado" lemma="desligar" pos="v-pcp" morph="M S" extra="vH jh"/>
			<t id="s3_26" word="!" lemma="--" pos="pu" morph="--" extra="--"/>
		</terminals>

		<nonterminals>
			<nt id="s3_500" cat="s">
				<edge label="STA" idref="s3_501"/>
			</nt>
			<nt id="s3_501" cat="fcl">
				<edge label="S" idref="s3_502"/>
				<edge label="P" idref="s3_6"/>
				<edge label="Cs" idref="s3_504"/>
				<edge label="PU" idref="s3_26"/>
			</nt>
			<nt id="s3_502" cat="np">
				<edge label="DN" idref="s3_1"/>
				<edge label="DN" idref="s3_2"/>
				<edge label="H" idref="s3_3"/>
				<edge label="DN" idref="s3_503"/>
			</nt>
			<nt id="s3_503" cat="fcl">
				<edge label="Od" idref="s3_4"/>
				<edge label="P" idref="s3_5"/>
			</nt>
			<nt id="s3_504" cat="np">
				<edge label="DN" idref="s3_7"/>
				<edge label="H" idref="s3_8"/>
				<edge label="DN" idref="s3_505"/>
			</nt>
			<nt id="s3_505" cat="pp">
				<edge label="H" idref="s3_9"/>
				<edge label="DP" idref="s3_506"/>
			</nt>
			<nt id="s3_506" cat="np">
				<edge label="H" idref="s3_10"/>
				<edge label="DN" idref="s3_507"/>
			</nt>
			<nt id="s3_507" cat="pp">
				<edge label="H" idref="s3_11"/>
				<edge label="DP" idref="s3_508"/>
			</nt>
			<nt id="s3_508" cat="np">
				<edge label="DN" idref="s3_12"/>
				<edge label="H" idref="s3_13"/>
				<edge label="DN" idref="s3_509"/>
				<edge label="CO" idref="s3_17"/>
			</nt>
			<nt id="s3_509" cat="fcl">
				<edge label="S" idref="s3_14"/>
				<edge label="P" idref="s3_15"/>
				<edge label="Cs" idref="s3_510"/>
			</nt>
			<nt id="s3_510" cat="par">
				<edge label="CJT" idref="s3_16"/>
				<edge label="CJT" idref="s3_511"/>
			</nt>
			<nt id="s3_511" cat="np">
				<edge label="DN" idref="s3_18"/>
				<edge label="H" idref="s3_19"/>
				<edge label="DN" idref="s3_512"/>
			</nt>
			<nt id="s3_512" cat="fcl">
				<edge label="S" idref="s3_20"/>
				<edge label="fA" idref="s3_21"/>
				<edge label="P" idref="s3_22"/>
				<edge label="fA" idref="s3_513"/>
				<edge label="fCs" idref="s3_25"/>
			</nt>
			<nt id="s3_513" cat="pp">
				<edge label="H" idref="s3_23"/>
				<edge label="DP" idref="s3_24"/>
			</nt>
		</nonterminals>
	</graph>
</s>

<s id="s4" ref="4" source="Running text" forest="1" text="o que gostei é bonito, câmera boa, muitas funções, toca mp3, visor grande, teclas grandes, boa resolução, tem as luzes quando o celular toca que ajudam quando você está no escuro.">
	<graph root="s4_500">
		<terminals>
			<t id="s4_1" word="o" lemma="o" pos="pron-dem" morph="DET M S" extra="dem"/>
			<t id="s4_2" word="que" lemma="que" pos="spec" morph="M S" extra="clb clb-fs rel"/>
			<t id="s4_3" word="gostei" lemma="gostar" pos="v-fin" morph="PS 1S IND VFIN" extra="vH mv np-close"/>
			<t id="s4_4" word="é" lemma="ser" pos="v-fin" morph="PR 3S IND VFIN" extra="nosubj nosubj cjt-head cjt-head-STA vK fmc mv"/>
			<t id="s4_5" word="bonito" lemma="bonito" pos="adj" morph="M S" extra="jh"/>
			<t id="s4_6" word="," lemma="--" pos="pu" morph="--" extra="--"/>
			<t id="s4_7" word="câmera" lemma="c�=mera" pos="n" morph="F S" sem="tool" extra="np-close"/>
			<t id="s4_8" word="boa" lemma="bom" pos="adj" morph="F S" extra="np-close"/>
			<t id="s4_9" word="," lemma="--" pos="pu" morph="--" extra="--"/>
			<t id="s4_10" word="muitas" lemma="muito" pos="pron-indef" morph="DET F P" extra="quant"/>
			<t id="s4_11" word="funções" lemma="função" pos="n" morph="F P" sem="ac pos-soc occ" extra="np-close"/>
			<t id="s4_12" word="," lemma="--" pos="pu" morph="--" extra="--"/>
			<t id="s4_13" word="toca" lemma="tocar" pos="v-fin" morph="PR 3S IND VFIN" extra="nosubj nosubj cjt-STA fmc mv"/>
			<t id="s4_14" word="mp3" lemma="mp3" pos="n" morph="M S" extra="heur"/>
			<t id="s4_15" word="," lemma="--" pos="pu" morph="--" extra="--"/>
			<t id="s4_16" word="visor" lemma="visor" pos="n" morph="M S" sem="tool" extra="np-close"/>
			<t id="s4_17" word="grande" lemma="grande" pos="adj" morph="M S" extra="np-close"/>
			<t id="s4_18" word="," lemma="--" pos="pu" morph="--" extra="--"/>
			<t id="s4_19" word="teclas" lemma="tecla" pos="n" morph="F P" sem="tool" extra="np-close"/>
			<t id="s4_20" word="grandes" lemma="grande" pos="adj" morph="F P" extra="np-close"/>
			<t id="s4_21" word="," lemma="--" pos="pu" morph="--" extra="--"/>
			<t id="s4_22" word="boa" lemma="bom" pos="adj" morph="F S" extra="jh"/>
			<t id="s4_23" word="resolução" lemma="resolução" pos="n" morph="F S" sem="act" extra="np-close"/>
			<t id="s4_24" word="," lemma="--" pos="pu" morph="--" extra="--"/>
			<t id="s4_25" word="tem" lemma="ter" pos="v-fin" morph="PR 3S IND VFIN" extra="cjt-STA fmc mv"/>
			<t id="s4_26" word="as" lemma="o" pos="art" morph="F P" extra="--"/>
			<t id="s4_27" word="luzes" lemma="luz" pos="n" morph="F P" sem="am cc-light" extra="--"/>
			<t id="s4_28" word="quando" lemma="quando" pos="adv" morph="--" extra="clb clb-fs rel ks"/>
			<t id="s4_29" word="o" lemma="o" pos="art" morph="M S" extra="--"/>
			<t id="s4_30" word="celular" lemma="celular" pos="adj" morph="M S" extra="n nh"/>
			<t id="s4_31" word="toca" lemma="tocar" pos="v-fin" morph="PR 3S IND VFIN" extra="mv"/>
			<t id="s4_32" word="que" lemma="que" pos="conj-s" morph="--" extra="clb clb-fs"/>
			<t id="s4_33" word="ajudam" lemma="ajudar" pos="v-fin" morph="PR 3P IND VFIN" extra="vH mv"/>
			<t id="s4_34" word="quando" lemma="quando" pos="adv" morph="--" extra="clb clb-fs rel ks"/>
			<t id="s4_35" word="você" lemma="você" pos="pron-pers" morph="M/F 3S NOM" extra="--"/>
			<t id="s4_36" word="está" lemma="estar" pos="v-fin" morph="PR 3S IND VFIN" extra="mv"/>
			<t id="s4_37" word="em" lemma="em" pos="prp" morph="--" extra="sam-"/>
			<t id="s4_38" word="o" lemma="o" pos="art" morph="M S" extra="-sam "/>
			<t id="s4_39" word="escuro" lemma="escuro" pos="adj" morph="M S" sem="col" extra="n jh"/>
			<t id="s4_40" word="." lemma="--" pos="pu" morph="--" extra="--"/>
		</terminals>

		<nonterminals>
			<nt id="s4_500" cat="s">
				<edge label="UTT" idref="s4_501"/>
			</nt>
			<nt id="s4_501" cat="x">
				<edge label="DN" idref="s4_504"/>
				<edge label="S" idref="s4_2"/>
				<edge label="P" idref="s4_3"/>
				<edge label="DNc" idref="s4_505"/>
				<edge label="H" idref="s4_7"/>
				<edge label="DN" idref="s4_8"/>
				<edge label="PU" idref="s4_9"/>
				<edge label="DNc" idref="s4_506"/>
				<edge label="PU" idref="s4_12"/>
				<edge label="CJT" idref="s4_13"/>
				<edge label="CJT" idref="s4_507"/>
				<edge label="PU" idref="s4_40"/>
			</nt>
			<nt id="s4_502" cat="par">
				<edge label="CJT" idref="s4_503"/>
			</nt>
			<nt id="s4_503" cat="fcl">
				<edge label="S" idref="s4_1"/>
			</nt>
			<nt id="s4_504" cat="fcl">
				<edge label="P" idref="s4_4"/>
				<edge label="Cs" idref="s4_5"/>
				<edge label="PU" idref="s4_6"/>
			</nt>
			<nt id="s4_505" cat="np">
			</nt>
			<nt id="s4_506" cat="np">
				<edge label="DN" idref="s4_10"/>
				<edge label="H" idref="s4_11"/>
			</nt>
			<nt id="s4_507" cat="fcl">
				<edge label="S" idref="s4_508"/>
				<edge label="PU" idref="s4_24"/>
				<edge label="P" idref="s4_25"/>
				<edge label="Od" idref="s4_512"/>
				<edge label="fA" idref="s4_513"/>
			</nt>
			<nt id="s4_508" cat="np">
				<edge label="H" idref="s4_14"/>
				<edge label="PU" idref="s4_15"/>
				<edge label="DNc" idref="s4_509"/>
			</nt>
			<nt id="s4_509" cat="np">
				<edge label="H" idref="s4_16"/>
				<edge label="DN" idref="s4_17"/>
				<edge label="PU" idref="s4_18"/>
				<edge label="DNc" idref="s4_510"/>
			</nt>
			<nt id="s4_510" cat="np">
				<edge label="H" idref="s4_19"/>
				<edge label="DN" idref="s4_20"/>
				<edge label="PU" idref="s4_21"/>
				<edge label="DNc" idref="s4_511"/>
			</nt>
			<nt id="s4_511" cat="np">
				<edge label="DN" idref="s4_22"/>
				<edge label="H" idref="s4_23"/>
			</nt>
			<nt id="s4_512" cat="np">
				<edge label="DN" idref="s4_26"/>
				<edge label="H" idref="s4_27"/>
			</nt>
			<nt id="s4_513" cat="fcl">
				<edge label="fA" idref="s4_28"/>
				<edge label="S" idref="s4_514"/>
				<edge label="P" idref="s4_31"/>
				<edge label="S" idref="s4_515"/>
			</nt>
			<nt id="s4_514" cat="np">
				<edge label="DN" idref="s4_29"/>
				<edge label="H" idref="s4_30"/>
			</nt>
			<nt id="s4_515" cat="fcl">
				<edge label="SUB" idref="s4_32"/>
				<edge label="P" idref="s4_33"/>
				<edge label="fA" idref="s4_516"/>
			</nt>
			<nt id="s4_516" cat="fcl">
				<edge label="fA" idref="s4_34"/>
				<edge label="S" idref="s4_35"/>
				<edge label="P" idref="s4_36"/>
				<edge label="As" idref="s4_517"/>
			</nt>
			<nt id="s4_517" cat="pp">
				<edge label="H" idref="s4_37"/>
				<edge label="DP" idref="s4_518"/>
			</nt>
			<nt id="s4_518" cat="np">
				<edge label="DN" idref="s4_38"/>
				<edge label="H" idref="s4_39"/>
			</nt>
		</nonterminals>
	</graph>
</s>

<s id="s5" ref="5" source="Running text" forest="1" text="o que não gostei a bateria acaba rápido assim como todos os motoras, o despertador não funciona com o celular desligado, quando colocamos pra tocar e vibrar, ele vibra por um tempo antes e só depois começa a tocar, e não faz as duas coisas juntas.">
	<graph root="s5_500">
		<terminals>
			<t id="s5_1" word="o" lemma="o" pos="pron-dem" morph="DET M S" extra="dem"/>
			<t id="s5_2" word="que" lemma="que" pos="spec" morph="M S" extra="clb clb-fs rel"/>
			<t id="s5_3" word="não" lemma="não" pos="adv" morph="--" extra="--"/>
			<t id="s5_4" word="gostei" lemma="gostar" pos="v-fin" morph="PS 1S IND VFIN" extra="vH mv np-close"/>
			<t id="s5_5" word="a" lemma="o" pos="art" morph="F S" extra="--"/>
			<t id="s5_6" word="bateria" lemma="bateria" pos="n" morph="F S" sem="tool" extra="--"/>
			<t id="s5_7" word="acaba" lemma="acabar" pos="v-fin" morph="PR 3S IND VFIN" extra="nosubj nosubj nosubj nosubj nosubj nosubj cjt-head cjt-head-STA vK fmc mv"/>
			<t id="s5_8" word="rápido" lemma="rápido" pos="adj" morph="M S" extra="adv"/>
			<t id="s5_9" word="assim_como" lemma="assim_como" pos="adv" morph="--" extra="com rel"/>
			<t id="s5_10" word="todos_os" lemma="todo_o" pos="pron-indef" morph="DET M P" extra="quant"/>
			<t id="s5_11" word="motoras" lemma="motor" pos="adj" morph="F P" extra="nh"/>
			<t id="s5_12" word="," lemma="--" pos="pu" morph="--" extra="--"/>
			<t id="s5_13" word="o" lemma="o" pos="art" morph="M S" extra="--"/>
			<t id="s5_14" word="despertador" lemma="despertador" pos="n" morph="M S" sem="tool" extra="--"/>
			<t id="s5_15" word="não" lemma="não" pos="adv" morph="--" extra="--"/>
			<t id="s5_16" word="funciona" lemma="funcionar" pos="v-fin" morph="PR 3S IND VFIN" extra="cjt-STA fmc mv"/>
			<t id="s5_17" word="com" lemma="com" pos="prp" morph="--" extra="--"/>
			<t id="s5_18" word="o" lemma="o" pos="art" morph="M S" extra="--"/>
			<t id="s5_19" word="celular" lemma="celular" pos="adj" morph="M S" extra="n nh"/>
			<t id="s5_20" word="desligado" lemma="desligado" pos="adj" morph="M S" extra="nh np-close"/>
			<t id="s5_21" word="," lemma="--" pos="pu" morph="--" extra="--"/>
			<t id="s5_22" word="quando" lemma="quando" pos="adv" morph="--" extra="clb clb-fs rel ks"/>
			<t id="s5_23" word="colocamos" lemma="colocar" pos="v-fin" morph="PR 1P IND VFIN" extra="vH mv"/>
			<t id="s5_24" word="pra" lemma="para" pos="prp" morph="--" extra="--"/>
			<t id="s5_25" word="tocar" lemma="tocar" pos="v-inf" morph="--" extra="vpheadcjt vpheadcjt mv"/>
			<t id="s5_26" word="e" lemma="e" pos="conj-c" morph="--" extra="co-vp co-inf"/>
			<t id="s5_27" word="vibrar" lemma="vibrar" pos="v-inf" morph="--" extra="vpcjt vpcjt cjt-DP vN mv"/>
			<t id="s5_28" word="," lemma="--" pos="pu" morph="--" extra="--"/>
			<t id="s5_29" word="ele" lemma="ele" pos="pron-pers" morph="M 3S NOM" extra="--"/>
			<t id="s5_30" word="vibra" lemma="vibrar" pos="v-fin" morph="PR 3S IND VFIN" extra="cjt-STA vN fmc mv"/>
			<t id="s5_31" word="por" lemma="por" pos="prp" morph="--" extra="--"/>
			<t id="s5_32" word="um" lemma="um" pos="art" morph="M S" extra="--"/>
			<t id="s5_33" word="tempo" lemma="tempo" pos="n" morph="M S" sem="am temp per ac-cat wea" extra="--"/>
			<t id="s5_34" word="antes" lemma="antes" pos="adv" morph="--" extra="np-close"/>
			<t id="s5_35" word="e" lemma="e" pos="conj-c" morph="--" extra="--"/>
			<t id="s5_36" word="só" lemma="só" pos="adv" morph="--" extra="--"/>
			<t id="s5_37" word="depois" lemma="depois" pos="adv" morph="--" extra="--"/>
			<t id="s5_38" word="começa" lemma="começar" pos="v-fin" morph="PR 3S IND VFIN" extra="nosubj nosubj cjt-STA vH fmc aux"/>
			<t id="s5_39" word="a" lemma="a" pos="prp" morph="--" extra="--"/>
			<t id="s5_40" word="tocar" lemma="tocar" pos="v-inf" morph="--" extra="mv"/>
			<t id="s5_41" word="," lemma="--" pos="pu" morph="--" extra="--"/>
			<t id="s5_42" word="e" lemma="e" pos="conj-c" morph="--" extra="clb"/>
			<t id="s5_43" word="não" lemma="não" pos="adv" morph="--" extra="--"/>
			<t id="s5_44" word="faz" lemma="fazer" pos="v-fin" morph="PR 3S IND VFIN" extra="nosubj nosubj cjt-STA fmc mv"/>
			<t id="s5_45" word="as" lemma="o" pos="art" morph="F P" extra="--"/>
			<t id="s5_46" word="duas" lemma="dois" pos="num" morph="F P" extra="card"/>
			<t id="s5_47" word="coisas" lemma="coisa" pos="n" morph="F P" sem="cc ac" extra="--"/>
			<t id="s5_48" word="juntas" lemma="juntar" pos="v-pcp" morph="F P" extra="vH"/>
			<t id="s5_49" word="." lemma="--" pos="pu" morph="--" extra="--"/>
		</terminals>

		<nonterminals>
			<nt id="s5_500" cat="s">
				<edge label="X" idref="s5_501"/>
			</nt>
			<nt id="s5_501" cat="adjp">
				<edge label="H" idref="s5_1"/>
				<edge label="DN" idref="s5_502"/>
				<edge label="S" idref="s5_2"/>
				<edge label="fA" idref="s5_3"/>
				<edge label="P" idref="s5_4"/>
				<edge label="STA" idref="s5_503"/>
				<edge label="PU" idref="s5_49"/>
			</nt>
			<nt id="s5_502" cat="fcl">
			</nt>
			<nt id="s5_503" cat="par">
				<edge label="CJT" idref="s5_504"/>
				<edge label="CJT" idref="s5_506"/>
				<edge label="PU" idref="s5_28"/>
				<edge label="CJT" idref="s5_514"/>
				<edge label="CJT" idref="s5_517"/>
				<edge label="PU" idref="s5_41"/>
				<edge label="CO" idref="s5_42"/>
				<edge label="CJT" idref="s5_520"/>
			</nt>
			<nt id="s5_504" cat="fcl">
				<edge label="S" idref="s5_505"/>
				<edge label="P" idref="s5_7"/>
				<edge label="Cs" idref="s5_8"/>
			</nt>
			<nt id="s5_505" cat="np">
				<edge label="DN" idref="s5_5"/>
				<edge label="H" idref="s5_6"/>
			</nt>
			<nt id="s5_506" cat="fcl">
				<edge label="fA" idref="s5_507"/>
				<edge label="S" idref="s5_508"/>
				<edge label="PU" idref="s5_12"/>
				<edge label="fA" idref="s5_15"/>
				<edge label="P" idref="s5_16"/>
				<edge label="fA" idref="s5_509"/>
				<edge label="PU" idref="s5_21"/>
				<edge label="fA" idref="s5_511"/>
			</nt>
			<nt id="s5_507" cat="acl">
				<edge label="H" idref="s5_9"/>
			</nt>
			<nt id="s5_508" cat="np">
				<edge label="DN" idref="s5_10"/>
				<edge label="X" idref="s5_11"/>
				<edge label="DN" idref="s5_13"/>
				<edge label="H" idref="s5_14"/>
			</nt>
			<nt id="s5_509" cat="pp">
				<edge label="H" idref="s5_17"/>
				<edge label="DP" idref="s5_510"/>
				<edge label="DN" idref="s5_20"/>
			</nt>
			<nt id="s5_510" cat="np">
				<edge label="DN" idref="s5_18"/>
				<edge label="H" idref="s5_19"/>
			</nt>
			<nt id="s5_511" cat="fcl">
				<edge label="fA" idref="s5_22"/>
				<edge label="P" idref="s5_23"/>
				<edge label="fA" idref="s5_512"/>
			</nt>
			<nt id="s5_512" cat="pp">
				<edge label="H" idref="s5_24"/>
				<edge label="DP" idref="s5_513"/>
			</nt>
			<nt id="s5_513" cat="par">
				<edge label="CJT" idref="s5_25"/>
				<edge label="CJT" idref="s5_27"/>
			</nt>
			<nt id="s5_514" cat="np">
				<edge label="S" idref="s5_29"/>
				<edge label="P" idref="s5_30"/>
				<edge label="fA" idref="s5_31"/>
				<edge label="DN" idref="s5_515"/>
			</nt>
			<nt id="s5_515" cat="advp">
				<edge label="DA" idref="s5_516"/>
				<edge label="H" idref="s5_34"/>
			</nt>
			<nt id="s5_516" cat="np">
				<edge label="DN" idref="s5_32"/>
				<edge label="H" idref="s5_33"/>
				<edge label="CO" idref="s5_35"/>
			</nt>
			<nt id="s5_517" cat="x">
				<edge label="fA" idref="s5_518"/>
				<edge label="P" idref="s5_519"/>
			</nt>
			<nt id="s5_518" cat="advp">
				<edge label="DA" idref="s5_36"/>
				<edge label="H" idref="s5_37"/>
			</nt>
			<nt id="s5_519" cat="vp">
				<edge label="Vaux" idref="s5_38"/>
				<edge label="SUBaux" idref="s5_39"/>
				<edge label="Vm" idref="s5_40"/>
			</nt>
			<nt id="s5_520" cat="x">
				<edge label="fA" idref="s5_43"/>
				<edge label="P" idref="s5_44"/>
				<edge label="Od" idref="s5_521"/>
				<edge label="Co" idref="s5_48"/>
			</nt>
			<nt id="s5_521" cat="np">
				<edge label="DN" idref="s5_45"/>
				<edge label="DN" idref="s5_46"/>
				<edge label="H" idref="s5_47"/>
			</nt>
		</nonterminals>
	</graph>
</s>

	</body>
</corpus>
