<?xml version="1.0" encoding="UTF-8"?>
<corpus>

	<body>
<s id="s1" ref="1" source="Running text" forest="1" text="fiquei apenas number dias com o aparelho e devolvi.">
	<graph root="s1_500">
		<terminals>
			<t id="s1_1" word="fiquei" lemma="ficar" pos="v-fin" morph="PS 1S IND VFIN" extra="nosubj nosubj cjt-head cjt-head-STA fmc aux"/>
			<t id="s1_2" word="apenas" lemma="apenas" pos="adv" morph="--" extra="--"/>
			<t id="s1_3" word="number" lemma="number" pos="v-inf" morph="--" extra="heur mv"/>
			<t id="s1_4" word="dias" lemma="dia" pos="n" morph="M P" sem="temp dur per unit" extra="--"/>
			<t id="s1_5" word="com" lemma="com" pos="prp" morph="--" extra="--"/>
			<t id="s1_6" word="o" lemma="o" pos="art" morph="M S" extra="--"/>
			<t id="s1_7" word="aparelho" lemma="aparelho" pos="n" morph="M S" sem="tool" extra="--"/>
			<t id="s1_8" word="e" lemma="e" pos="conj-c" morph="--" extra="--"/>
			<t id="s1_9" word="devolvi" lemma="devolver" pos="v-fin" morph="PS 1S IND VFIN" extra="nosubj nosubj cjt-STA vH fmc mv"/>
			<t id="s1_10" word="." lemma="--" pos="pu" morph="--" extra="--"/>
		</terminals>

		<nonterminals>
			<nt id="s1_500" cat="s">
				<edge label="STA" idref="s1_501"/>
			</nt>
			<nt id="s1_501" cat="par">
				<edge label="CJT" idref="s1_502"/>
				<edge label="CJT" idref="s1_9"/>
				<edge label="PU" idref="s1_10"/>
			</nt>
			<nt id="s1_502" cat="fcl">
				<edge label="P" idref="s1_503"/>
				<edge label="fA" idref="s1_2"/>
				<edge label="Od" idref="s1_4"/>
				<edge label="fA" idref="s1_504"/>
			</nt>
			<nt id="s1_503" cat="vp">
				<edge label="Vaux" idref="s1_1"/>
				<edge label="Vm" idref="s1_3"/>
			</nt>
			<nt id="s1_504" cat="pp">
				<edge label="H" idref="s1_5"/>
				<edge label="DP" idref="s1_505"/>
			</nt>
			<nt id="s1_505" cat="np">
				<edge label="DN" idref="s1_6"/>
				<edge label="H" idref="s1_7"/>
				<edge label="CO" idref="s1_8"/>
			</nt>
		</nonterminals>
	</graph>
</s>

<s id="s2" ref="2" source="Running text" forest="1" text="o que gostei nada o que não gostei fraco, menu confuso, muito frágil.">
	<graph root="s2_500">
		<terminals>
			<t id="s2_1" word="o" lemma="o" pos="pron-dem" morph="DET M S" extra="dem"/>
			<t id="s2_2" word="que" lemma="que" pos="spec" morph="M S" extra="clb clb-fs rel"/>
			<t id="s2_3" word="gostei" lemma="gostar" pos="v-fin" morph="PS 1S IND VFIN" extra="vH mv np-close"/>
			<t id="s2_4" word="nada" lemma="nada" pos="adv" morph="--" extra="quant det"/>
			<t id="s2_5" word="o_que" lemma="o_que" pos="spec" morph="M S" extra="clb rel"/>
			<t id="s2_6" word="não" lemma="não" pos="adv" morph="--" extra="--"/>
			<t id="s2_7" word="gostei" lemma="gostar" pos="v-fin" morph="PS 1S IND VFIN" extra="vH mv"/>
			<t id="s2_8" word="fraco" lemma="fraco" pos="n" morph="M S" sem="f-psych" extra="--"/>
			<t id="s2_9" word="," lemma="--" pos="pu" morph="--" extra="--"/>
			<t id="s2_10" word="menu" lemma="menu" pos="n" morph="M S" sem="cc-r" extra="np-close"/>
			<t id="s2_11" word="confuso" lemma="confuso" pos="adj" morph="M S" extra="np-close"/>
			<t id="s2_12" word="," lemma="--" pos="pu" morph="--" extra="--"/>
			<t id="s2_13" word="muito" lemma="muito" pos="adv" morph="--" extra="quant"/>
			<t id="s2_14" word="frágil" lemma="frágil" pos="adj" morph="M/F S" extra="np-close"/>
			<t id="s2_15" word="." lemma="--" pos="pu" morph="--" extra="--"/>
		</terminals>

		<nonterminals>
			<nt id="s2_500" cat="s">
				<edge label="X" idref="s2_501"/>
			</nt>
			<nt id="s2_501" cat="adjp">
				<edge label="H" idref="s2_1"/>
				<edge label="DN" idref="s2_502"/>
				<edge label="S" idref="s2_2"/>
				<edge label="P" idref="s2_3"/>
				<edge label="fA" idref="s2_4"/>
				<edge label="STA" idref="s2_503"/>
				<edge label="PU" idref="s2_15"/>
			</nt>
			<nt id="s2_502" cat="fcl">
			</nt>
			<nt id="s2_503" cat="fcl">
				<edge label="X" idref="s2_5"/>
				<edge label="fA" idref="s2_6"/>
				<edge label="P" idref="s2_7"/>
				<edge label="S" idref="s2_504"/>
			</nt>
			<nt id="s2_504" cat="np">
				<edge label="H" idref="s2_8"/>
				<edge label="PU" idref="s2_9"/>
				<edge label="DNc" idref="s2_505"/>
			</nt>
			<nt id="s2_505" cat="np">
				<edge label="H" idref="s2_10"/>
				<edge label="DN" idref="s2_11"/>
				<edge label="PU" idref="s2_12"/>
				<edge label="DNc" idref="s2_506"/>
			</nt>
			<nt id="s2_506" cat="adjp">
				<edge label="DA" idref="s2_13"/>
				<edge label="H" idref="s2_14"/>
			</nt>
		</nonterminals>
	</graph>
</s>

<s id="s3" ref="3" source="Running text" forest="1" text="muito caro, por a qualidade do telefone..">
	<graph root="s3_500">
		<terminals>
			<t id="s3_1" word="muito" lemma="muito" pos="adv" morph="--" extra="quant"/>
			<t id="s3_2" word="caro" lemma="caro" pos="adv" morph="--" extra="cjt-head cjt-head-fA"/>
			<t id="s3_3" word="," lemma="--" pos="pu" morph="--" extra="--"/>
			<t id="s3_4" word="por" lemma="por" pos="prp" morph="--" extra="cjt-fA sam-"/>
			<t id="s3_5" word="a" lemma="o" pos="art" morph="F S" extra="-sam "/>
			<t id="s3_6" word="qualidade" lemma="qualidade" pos="n" morph="F S" sem="percep-f f-c" extra="--"/>
			<t id="s3_7" word="de" lemma="de" pos="prp" morph="--" extra="sam- np-close"/>
			<t id="s3_8" word="o" lemma="o" pos="art" morph="M S" extra="-sam "/>
			<t id="s3_9" word="telefone" lemma="telefone" pos="n" morph="M S" sem="tool" extra="--"/>
			<t id="s3_10" word="." lemma="--" pos="pu" morph="--" extra="--"/>
			<t id="s3_11" word="." lemma="--" pos="pu" morph="--" extra="--"/>
		</terminals>

		<nonterminals>
			<nt id="s3_500" cat="s">
				<edge label="fA" idref="s3_501"/>
			</nt>
			<nt id="s3_501" cat="par">
				<edge label="CJT" idref="s3_502"/>
				<edge label="PU" idref="s3_3"/>
				<edge label="CJT" idref="s3_503"/>
				<edge label="PU" idref="s3_10"/>
				<edge label="PU" idref="s3_11"/>
			</nt>
			<nt id="s3_502" cat="advp">
				<edge label="DA" idref="s3_1"/>
				<edge label="H" idref="s3_2"/>
			</nt>
			<nt id="s3_503" cat="pp">
				<edge label="H" idref="s3_4"/>
				<edge label="DP" idref="s3_504"/>
			</nt>
			<nt id="s3_504" cat="np">
				<edge label="DN" idref="s3_5"/>
				<edge label="H" idref="s3_6"/>
				<edge label="DN" idref="s3_505"/>
			</nt>
			<nt id="s3_505" cat="pp">
				<edge label="H" idref="s3_7"/>
				<edge label="DP" idref="s3_506"/>
			</nt>
			<nt id="s3_506" cat="np">
				<edge label="DN" idref="s3_8"/>
				<edge label="H" idref="s3_9"/>
			</nt>
		</nonterminals>
	</graph>
</s>

	</body>
</corpus>
