<?xml version="1.0" encoding="UTF-8"?>
<corpus>

	<body>
<s id="s1" ref="1" source="Running text" forest="1" text="o produto e bom.">
	<graph root="s1_500">
		<terminals>
			<t id="s1_1" word="o" lemma="o" pos="art" morph="M S" extra="--"/>
			<t id="s1_2" word="produto" lemma="produto" pos="n" morph="M S" sem="cc-h mon ac-cat" extra="cjt-head cjt-head-X"/>
			<t id="s1_3" word="e" lemma="e" pos="conj-c" morph="--" extra="--"/>
			<t id="s1_4" word="bom" lemma="bom" pos="adj" morph="M S" extra="cjt-X jh"/>
			<t id="s1_5" word="." lemma="--" pos="pu" morph="--" extra="--"/>
		</terminals>

		<nonterminals>
			<nt id="s1_500" cat="s">
				<edge label="X" idref="s1_501"/>
			</nt>
			<nt id="s1_501" cat="par">
				<edge label="CJT" idref="s1_502"/>
				<edge label="CO" idref="s1_3"/>
				<edge label="CJT" idref="s1_4"/>
				<edge label="PU" idref="s1_5"/>
			</nt>
			<nt id="s1_502" cat="np">
				<edge label="DN" idref="s1_1"/>
				<edge label="H" idref="s1_2"/>
			</nt>
		</nonterminals>
	</graph>
</s>

	</body>
</corpus>
