<?xml version="1.0" encoding="UTF-8"?>
<corpus>

	<body>
<s id="s1" ref="1" source="Running text" forest="1" text="duração da bateria design custo-benefício facilidade de uso funções e características durabilidade display operadora câmera.">
	<graph root="s1_500">
		<terminals>
			<t id="s1_1" word="duração" lemma="duração" pos="n" morph="F S" sem="am" extra="cjt-head cjt-head-X"/>
			<t id="s1_2" word="de" lemma="de" pos="prp" morph="--" extra="sam- np-close"/>
			<t id="s1_3" word="a" lemma="o" pos="art" morph="F S" extra="-sam "/>
			<t id="s1_4" word="bateria" lemma="bateria" pos="n" morph="F S" sem="tool" extra="--"/>
			<t id="s1_5" word="design" lemma="design" pos="n" morph="M S" sem="percep-f domain" extra="cjt-X"/>
			<t id="s1_6" word="custo-benefício" lemma="custo-benefício" pos="n" morph="M S" sem="mon" extra="cjt-X"/>
			<t id="s1_7" word="facilidade" lemma="facilidade" pos="n" morph="F S" sem="am" extra="--"/>
			<t id="s1_8" word="de" lemma="de" pos="prp" morph="--" extra="np-close"/>
			<t id="s1_9" word="uso" lemma="uso" pos="n" morph="M S" sem="act ac" extra="cjt-head cjt-head-DP"/>
			<t id="s1_10" word="funções" lemma="função" pos="n" morph="F P" sem="ac pos-soc occ" extra="cjt-X"/>
			<t id="s1_11" word="e" lemma="e" pos="conj-c" morph="--" extra="--"/>
			<t id="s1_12" word="características" lemma="característico" pos="adj" morph="F P" extra="--"/>
			<t id="s1_13" word="durabilidade" lemma="durabilidade" pos="n" morph="F S" sem="am" extra="cjt-fCs"/>
			<t id="s1_14" word="display" lemma="display" pos="n" morph="M S" sem="furn" extra="cjt-DP"/>
			<t id="s1_15" word="operadora" lemma="operadora" pos="n" morph="F S" sem="Hprof" extra="--"/>
			<t id="s1_16" word="câmera" lemma="c�=mera" pos="n" morph="F S" sem="tool" extra="cjt-DP"/>
			<t id="s1_17" word="." lemma="--" pos="pu" morph="--" extra="--"/>
		</terminals>

		<nonterminals>
			<nt id="s1_500" cat="s">
				<edge label="X" idref="s1_501"/>
			</nt>
			<nt id="s1_501" cat="par">
				<edge label="CJT" idref="s1_502"/>
				<edge label="CJT" idref="s1_5"/>
				<edge label="CJT" idref="s1_6"/>
				<edge label="fCs" idref="s1_505"/>
				<edge label="H" idref="s1_7"/>
				<edge label="DN" idref="s1_506"/>
				<edge label="CJT" idref="s1_10"/>
				<edge label="CO" idref="s1_11"/>
				<edge label="CJT" idref="s1_13"/>
				<edge label="fCs" idref="s1_15"/>
				<edge label="PU" idref="s1_17"/>
			</nt>
			<nt id="s1_502" cat="np">
				<edge label="H" idref="s1_1"/>
				<edge label="DN" idref="s1_503"/>
			</nt>
			<nt id="s1_503" cat="pp">
				<edge label="H" idref="s1_2"/>
				<edge label="DP" idref="s1_504"/>
			</nt>
			<nt id="s1_504" cat="np">
				<edge label="DN" idref="s1_3"/>
				<edge label="H" idref="s1_4"/>
			</nt>
			<nt id="s1_505" cat="np">
			</nt>
			<nt id="s1_506" cat="pp">
				<edge label="H" idref="s1_8"/>
				<edge label="DP" idref="s1_507"/>
				<edge label="CJT" idref="s1_16"/>
			</nt>
			<nt id="s1_507" cat="par">
				<edge label="CJT" idref="s1_9"/>
				<edge label="CJT" idref="s1_508"/>
			</nt>
			<nt id="s1_508" cat="np">
				<edge label="DN" idref="s1_12"/>
				<edge label="H" idref="s1_14"/>
			</nt>
		</nonterminals>
	</graph>
</s>

	</body>
</corpus>
