<?xml version="1.0" encoding="UTF-8"?>
<corpus>

	<body>
<s id="s1" ref="1" source="Running text" forest="1" text="a minha opinião sobre este produto é que ele é bonito tem um design incrível completo e tem tudo o que um aparelho mais caro e sofisticado possui o que gostei eu tive um mas perdi achei o design incrível fácil de manejar qualidade de fotos incríveis desbloqueado elida de lado deixando uma diferença muito grande dos outros aparelhos wap vivo play cartão de memoria fone estéreo cabo usb completo tenho vontade de ter um desse novamente o que não gostei no começo eu me perdia um pouco porque o teclado abria de lado achava meio estranho mas é uma questão de costume também.">
	<graph root="s1_500">
		<terminals>
			<t id="s1_1" word="a" lemma="o" pos="art" morph="F S" extra="--"/>
			<t id="s1_2" word="minha" lemma="meu" pos="pron-poss" morph="DET F S" extra="poss 1S"/>
			<t id="s1_3" word="opinião" lemma="opinião" pos="n" morph="F S" sem="sem-c" extra="--"/>
			<t id="s1_4" word="sobre" lemma="sobre" pos="prp" morph="--" extra="np-close"/>
			<t id="s1_5" word="este" lemma="este" pos="pron-dem" morph="DET M S" extra="dem"/>
			<t id="s1_6" word="produto" lemma="produto" pos="n" morph="M S" sem="cc-h mon ac-cat" extra="--"/>
			<t id="s1_7" word="é" lemma="ser" pos="v-fin" morph="PS 3S IND VFIN" extra="nosubj nosubj nosubj nosubj nosubj nosubj nosubj nosubj nosubj nosubj nosubj nosubj nosubj nosubj nosubj nosubj cjt-head cjt-head-STA vK fmc mv"/>
			<t id="s1_8" word="que" lemma="que" pos="conj-s" morph="--" extra="clb clb-fs"/>
			<t id="s1_9" word="ele" lemma="ele" pos="pron-pers" morph="M 3S NOM" extra="--"/>
			<t id="s1_10" word="é" lemma="ser" pos="v-fin" morph="PR 3S IND VFIN" extra="vK mv"/>
			<t id="s1_11" word="bonito" lemma="bonito" pos="adj" morph="M S" extra="jh"/>
			<t id="s1_12" word="tem" lemma="ter" pos="v-fin" morph="PR 3S IND VFIN" extra="nosubj nosubj cjt-STA fmc mv"/>
			<t id="s1_13" word="um" lemma="um" pos="art" morph="M S" extra="--"/>
			<t id="s1_14" word="design" lemma="design" pos="n" morph="M S" sem="percep-f domain" extra="--"/>
			<t id="s1_15" word="incrível" lemma="incrível" pos="adj" morph="M S" extra="nh np-close"/>
			<t id="s1_16" word="completo" lemma="completo" pos="adj" morph="M S" extra="nh np-long"/>
			<t id="s1_17" word="e" lemma="e" pos="conj-c" morph="--" extra="--"/>
			<t id="s1_18" word="tem" lemma="ter" pos="v-fin" morph="PR 3S IND VFIN" extra="nosubj nosubj cjt-STA fmc mv"/>
			<t id="s1_19" word="tudo_o_que" lemma="tudo_o_que" pos="spec" morph="M S" extra="clb clb-fs quant rel"/>
			<t id="s1_20" word="um" lemma="um" pos="art" morph="M S" extra="--"/>
			<t id="s1_21" word="aparelho" lemma="aparelho" pos="n" morph="M S" sem="tool" extra="--"/>
			<t id="s1_22" word="mais" lemma="mais" pos="adv" morph="--" extra="quant KOMP"/>
			<t id="s1_23" word="caro" lemma="caro" pos="adj" morph="M S" extra="np-close"/>
			<t id="s1_24" word="e" lemma="e" pos="conj-c" morph="--" extra="--"/>
			<t id="s1_25" word="sofisticado" lemma="sofisticar" pos="v-pcp" morph="M S" extra="vH np-close"/>
			<t id="s1_26" word="possui" lemma="possuir" pos="v-fin" morph="PR 3S IND VFIN" extra="vH mv"/>
			<t id="s1_27" word="o" lemma="o" pos="pron-dem" morph="DET M S" extra="dem"/>
			<t id="s1_28" word="que" lemma="que" pos="spec" morph="M S" extra="clb clb-fs rel"/>
			<t id="s1_29" word="gostei" lemma="gostar" pos="v-fin" morph="PS 1S IND VFIN" extra="vH mv np-close"/>
			<t id="s1_30" word="eu" lemma="eu" pos="pron-pers" morph="M/F 1S NOM" extra="--"/>
			<t id="s1_31" word="tive" lemma="ter" pos="v-fin" morph="PS 1S IND VFIN" extra="cjt-STA fmc mv"/>
			<t id="s1_32" word="um" lemma="um" pos="num" morph="M S" extra="card"/>
			<t id="s1_33" word="mas" lemma="mas" pos="conj-c" morph="--" extra="--"/>
			<t id="s1_34" word="perdi" lemma="perder" pos="v-fin" morph="PS 1S IND VFIN" extra="nosubj nosubj cjt-STA fmc mv"/>
			<t id="s1_35" word="achei" lemma="achar" pos="v-fin" morph="PS 1S IND VFIN" extra="nosubj nosubj cjt-STA vH fmc mv"/>
			<t id="s1_36" word="o" lemma="o" pos="art" morph="M S" extra="--"/>
			<t id="s1_37" word="design" lemma="design" pos="n" morph="M S" sem="percep-f domain" extra="--"/>
			<t id="s1_38" word="incrível" lemma="incrível" pos="adj" morph="M/F S" extra="cjt-head cjt-head-Co nh"/>
			<t id="s1_39" word="fácil" lemma="fácil" pos="adj" morph="M/F S" extra="cjt-Co jh"/>
			<t id="s1_40" word="de" lemma="de" pos="prp" morph="--" extra="--"/>
			<t id="s1_41" word="manejar" lemma="manejar" pos="v-inf" morph="--" extra="vH mv"/>
			<t id="s1_42" word="qualidade" lemma="qualidade" pos="n" morph="F S" sem="percep-f f-c" extra="--"/>
			<t id="s1_43" word="de" lemma="de" pos="prp" morph="--" extra="np-close"/>
			<t id="s1_44" word="fotos" lemma="foto" pos="n" morph="F P" sem="pict" extra="--"/>
			<t id="s1_45" word="incríveis" lemma="incrível" pos="adj" morph="F P" extra="nh np-close"/>
			<t id="s1_46" word="desbloqueado" lemma="desbloquear" pos="v-pcp" morph="M S" extra="vH np-long"/>
			<t id="s1_47" word="elida" lemma="elidir" pos="v-fin" morph="PR 3S SUBJ VFIN" extra="cjt-STA vH fmc mv"/>
			<t id="s1_48" word="de" lemma="de" pos="prp" morph="--" extra="--"/>
			<t id="s1_49" word="lado" lemma="lado" pos="n" morph="M S" sem="Labs" extra="--"/>
			<t id="s1_50" word="deixando" lemma="deixar" pos="v-ger" morph="--" extra="mv np-close"/>
			<t id="s1_51" word="uma" lemma="um" pos="art" morph="F S" extra="--"/>
			<t id="s1_52" word="diferença" lemma="diferença" pos="n" morph="F S" sem="ac" extra="cjt-head cjt-head-Od"/>
			<t id="s1_53" word="muito" lemma="muito" pos="adv" morph="--" extra="quant"/>
			<t id="s1_54" word="grande" lemma="grande" pos="adj" morph="M/F S" extra="np-close"/>
			<t id="s1_55" word="de" lemma="de" pos="prp" morph="--" extra="sam- np-close"/>
			<t id="s1_56" word="os" lemma="o" pos="art" morph="M P" extra="-sam "/>
			<t id="s1_57" word="outros" lemma="outro" pos="pron-indef" morph="DET M P" extra="diff KOMP"/>
			<t id="s1_58" word="aparelhos" lemma="aparelho" pos="n" morph="M P" sem="tool" extra="--"/>
			<t id="s1_59" word="wap" lemma="wap" pos="n" morph="M S" extra="cjt-Od foreign heur"/>
			<t id="s1_60" word="vivo" lemma="vivo" pos="adj" morph="M S" extra="np-close"/>
			<t id="s1_61" word="play" lemma="play" pos="n" morph="M S" sem="act-d" extra="cjt-head cjt-head-S newlex"/>
			<t id="s1_62" word="cartão" lemma="cartão" pos="n" morph="M S" sem="cm cc-r" extra="cjt-S"/>
			<t id="s1_63" word="de" lemma="de" pos="prp" morph="--" extra="np-close"/>
			<t id="s1_64" word="memoria" lemma="memoriar" pos="v-fin" morph="PR 3S IND VFIN" extra="cjt-STA vH fmc mv"/>
			<t id="s1_65" word="fone" lemma="fone" pos="n" morph="M S" sem="ac-cat tool" extra="--"/>
			<t id="s1_66" word="estéreo" lemma="estéreo" pos="adj" morph="M S" extra="nh np-close"/>
			<t id="s1_67" word="cabo" lemma="cabo" pos="n" morph="M S" sem="cc-handle Ltop Labs cord Hprof" extra="np-long"/>
			<t id="s1_68" word="usb" lemma="usb" pos="n" morph="M S" extra="heur"/>
			<t id="s1_69" word="completo" lemma="completo" pos="adj" morph="M S" extra="nh np-close"/>
			<t id="s1_70" word="tenho" lemma="ter" pos="v-fin" morph="PR 1S IND VFIN" extra="nosubj nosubj cjt-STA fmc mv"/>
			<t id="s1_71" word="vontade" lemma="vontade" pos="n" morph="F S" sem="am" extra="--"/>
			<t id="s1_72" word="de" lemma="de" pos="prp" morph="--" extra="np-close"/>
			<t id="s1_73" word="ter" lemma="ter" pos="v-inf" morph="--" extra="mv"/>
			<t id="s1_74" word="um" lemma="um" pos="pron-indef" morph="DET M S" extra="cjt-head cjt-head-Od quant"/>
			<t id="s1_75" word="de" lemma="de" pos="prp" morph="--" extra="sam- np-close"/>
			<t id="s1_76" word="esse" lemma="esse" pos="pron-dem" morph="DET M S" extra="dem -sam"/>
			<t id="s1_77" word="novamente" lemma="novamente" pos="adv" morph="--" extra="--"/>
			<t id="s1_78" word="o" lemma="o" pos="pron-dem" morph="DET M S" extra="cjt-Od dem"/>
			<t id="s1_79" word="que" lemma="que" pos="spec" morph="M S" extra="clb clb-fs rel"/>
			<t id="s1_80" word="não" lemma="não" pos="adv" morph="--" extra="--"/>
			<t id="s1_81" word="gostei" lemma="gostar" pos="v-fin" morph="PS 1S IND VFIN" extra="vH mv np-close"/>
			<t id="s1_82" word="em" lemma="em" pos="prp" morph="--" extra="sam-"/>
			<t id="s1_83" word="o" lemma="o" pos="art" morph="M S" extra="-sam "/>
			<t id="s1_84" word="começo" lemma="começo" pos="n" morph="M S" sem="temp" extra="--"/>
			<t id="s1_85" word="eu" lemma="eu" pos="pron-pers" morph="M/F 1S NOM" extra="--"/>
			<t id="s1_86" word="me" lemma="eu" pos="pron-pers" morph="M/F 1S ACC" extra="refl"/>
			<t id="s1_87" word="perdia" lemma="perder" pos="v-fin" morph="IMPF 1S IND VFIN" extra="cjt-STA fmc mv v-pron"/>
			<t id="s1_88" word="um_pouco" lemma="um_pouco" pos="adv" morph="--" extra="quant"/>
			<t id="s1_89" word="porque" lemma="porque" pos="conj-s" morph="--" extra="clb clb-fs"/>
			<t id="s1_90" word="o" lemma="o" pos="art" morph="M S" extra="--"/>
			<t id="s1_91" word="teclado" lemma="teclado" pos="n" morph="M S" sem="cc-h mach" extra="--"/>
			<t id="s1_92" word="abria" lemma="abrir" pos="v-fin" morph="IMPF 3S IND VFIN" extra="vH mv"/>
			<t id="s1_93" word="de" lemma="de" pos="prp" morph="--" extra="--"/>
			<t id="s1_94" word="lado" lemma="lado" pos="n" morph="M S" sem="Labs" extra="--"/>
			<t id="s1_95" word="achava" lemma="achar" pos="v-fin" morph="IMPF 3S IND VFIN" extra="nosubj nosubj cjt-STA vH fmc mv"/>
			<t id="s1_96" word="meio" lemma="meio" pos="adv" morph="--" extra="quant det"/>
			<t id="s1_97" word="estranho" lemma="estranho" pos="adj" morph="M S" extra="jh"/>
			<t id="s1_98" word="mas" lemma="mas" pos="conj-c" morph="--" extra="--"/>
			<t id="s1_99" word="é" lemma="ser" pos="v-fin" morph="PR 3S IND VFIN" extra="nosubj nosubj cjt-STA vK fmc mv"/>
			<t id="s1_100" word="uma" lemma="um" pos="art" morph="F S" extra="--"/>
			<t id="s1_101" word="questão" lemma="questão" pos="n" morph="F S" sem="act-s ac" extra="--"/>
			<t id="s1_102" word="de_costume" lemma="de_costume" pos="adv" morph="--" sem="pp" extra="--"/>
			<t id="s1_103" word="também" lemma="também" pos="adv" morph="--" extra="--"/>
			<t id="s1_104" word="." lemma="--" pos="pu" morph="--" extra="--"/>
		</terminals>

		<nonterminals>
			<nt id="s1_500" cat="s">
				<edge label="STA" idref="s1_501"/>
			</nt>
			<nt id="s1_501" cat="par">
				<edge label="CJT" idref="s1_502"/>
				<edge label="CJT" idref="s1_507"/>
				<edge label="CJT" idref="s1_509"/>
				<edge label="CJT" idref="s1_515"/>
				<edge label="CJT" idref="s1_34"/>
				<edge label="CJT" idref="s1_516"/>
				<edge label="CJT" idref="s1_525"/>
				<edge label="CJT" idref="s1_536"/>
				<edge label="CJT" idref="s1_539"/>
				<edge label="CJT" idref="s1_548"/>
				<edge label="CJT" idref="s1_552"/>
				<edge label="CJT" idref="s1_554"/>
				<edge label="PU" idref="s1_104"/>
			</nt>
			<nt id="s1_502" cat="fcl">
				<edge label="S" idref="s1_503"/>
				<edge label="P" idref="s1_7"/>
				<edge label="Cs" idref="s1_506"/>
			</nt>
			<nt id="s1_503" cat="np">
				<edge label="DN" idref="s1_1"/>
				<edge label="DN" idref="s1_2"/>
				<edge label="H" idref="s1_3"/>
				<edge label="DN" idref="s1_504"/>
			</nt>
			<nt id="s1_504" cat="pp">
				<edge label="H" idref="s1_4"/>
				<edge label="DP" idref="s1_505"/>
			</nt>
			<nt id="s1_505" cat="np">
				<edge label="DN" idref="s1_5"/>
				<edge label="H" idref="s1_6"/>
				<edge label="CO" idref="s1_17"/>
			</nt>
			<nt id="s1_506" cat="fcl">
				<edge label="SUB" idref="s1_8"/>
				<edge label="S" idref="s1_9"/>
				<edge label="P" idref="s1_10"/>
				<edge label="Cs" idref="s1_11"/>
			</nt>
			<nt id="s1_507" cat="x">
				<edge label="P" idref="s1_12"/>
				<edge label="Od" idref="s1_508"/>
			</nt>
			<nt id="s1_508" cat="np">
				<edge label="DN" idref="s1_13"/>
				<edge label="H" idref="s1_14"/>
				<edge label="DN" idref="s1_15"/>
				<edge label="DN" idref="s1_16"/>
			</nt>
			<nt id="s1_509" cat="x">
				<edge label="P" idref="s1_18"/>
				<edge label="Od" idref="s1_510"/>
			</nt>
			<nt id="s1_510" cat="fcl">
				<edge label="SUB" idref="s1_19"/>
				<edge label="S" idref="s1_511"/>
				<edge label="P" idref="s1_26"/>
				<edge label="Od" idref="s1_27"/>
			</nt>
			<nt id="s1_511" cat="np">
				<edge label="DN" idref="s1_20"/>
				<edge label="H" idref="s1_21"/>
				<edge label="DN" idref="s1_512"/>
				<edge label="DN" idref="s1_513"/>
				<edge label="DN" idref="s1_514"/>
			</nt>
			<nt id="s1_512" cat="adjp">
				<edge label="DA" idref="s1_22"/>
				<edge label="H" idref="s1_23"/>
			</nt>
			<nt id="s1_513" cat="adjp">
				<edge label="CO" idref="s1_24"/>
				<edge label="H" idref="s1_25"/>
			</nt>
			<nt id="s1_514" cat="fcl">
				<edge label="S" idref="s1_28"/>
				<edge label="P" idref="s1_29"/>
				<edge label="CO" idref="s1_33"/>
			</nt>
			<nt id="s1_515" cat="fcl">
				<edge label="S" idref="s1_30"/>
				<edge label="P" idref="s1_31"/>
				<edge label="Od" idref="s1_32"/>
			</nt>
			<nt id="s1_516" cat="x">
				<edge label="P" idref="s1_35"/>
				<edge label="Od" idref="s1_517"/>
				<edge label="Co" idref="s1_518"/>
			</nt>
			<nt id="s1_517" cat="np">
				<edge label="DN" idref="s1_36"/>
				<edge label="H" idref="s1_37"/>
			</nt>
			<nt id="s1_518" cat="par">
				<edge label="CJT" idref="s1_38"/>
				<edge label="CJT" idref="s1_519"/>
			</nt>
			<nt id="s1_519" cat="adjp">
				<edge label="H" idref="s1_39"/>
				<edge label="DA" idref="s1_520"/>
			</nt>
			<nt id="s1_520" cat="pp">
				<edge label="H" idref="s1_40"/>
				<edge label="DP" idref="s1_521"/>
			</nt>
			<nt id="s1_521" cat="icl">
				<edge label="P" idref="s1_41"/>
				<edge label="Od" idref="s1_522"/>
			</nt>
			<nt id="s1_522" cat="np">
				<edge label="H" idref="s1_42"/>
				<edge label="DN" idref="s1_523"/>
			</nt>
			<nt id="s1_523" cat="pp">
				<edge label="H" idref="s1_43"/>
				<edge label="DP" idref="s1_524"/>
			</nt>
			<nt id="s1_524" cat="np">
				<edge label="H" idref="s1_44"/>
				<edge label="DN" idref="s1_45"/>
				<edge label="DN" idref="s1_46"/>
			</nt>
			<nt id="s1_525" cat="fcl">
				<edge label="P" idref="s1_47"/>
				<edge label="fA" idref="s1_526"/>
				<edge label="DN" idref="s1_527"/>
				<edge label="S" idref="s1_533"/>
			</nt>
			<nt id="s1_526" cat="pp">
				<edge label="H" idref="s1_48"/>
				<edge label="DP" idref="s1_49"/>
			</nt>
			<nt id="s1_527" cat="adjp">
				<edge label="P" idref="s1_50"/>
				<edge label="Od" idref="s1_528"/>
			</nt>
			<nt id="s1_528" cat="par">
				<edge label="CJT" idref="s1_529"/>
				<edge label="CJT" idref="s1_59"/>
			</nt>
			<nt id="s1_529" cat="np">
				<edge label="DN" idref="s1_51"/>
				<edge label="H" idref="s1_52"/>
				<edge label="DN" idref="s1_530"/>
				<edge label="DN" idref="s1_531"/>
			</nt>
			<nt id="s1_530" cat="adjp">
				<edge label="DA" idref="s1_53"/>
				<edge label="H" idref="s1_54"/>
			</nt>
			<nt id="s1_531" cat="pp">
				<edge label="H" idref="s1_55"/>
				<edge label="DP" idref="s1_532"/>
			</nt>
			<nt id="s1_532" cat="np">
				<edge label="DN" idref="s1_56"/>
				<edge label="DN" idref="s1_57"/>
				<edge label="H" idref="s1_58"/>
			</nt>
			<nt id="s1_533" cat="par">
				<edge label="CJT" idref="s1_534"/>
				<edge label="CJT" idref="s1_535"/>
			</nt>
			<nt id="s1_534" cat="np">
				<edge label="DN" idref="s1_60"/>
				<edge label="H" idref="s1_61"/>
			</nt>
			<nt id="s1_535" cat="np">
				<edge label="H" idref="s1_62"/>
				<edge label="DN" idref="s1_63"/>
			</nt>
			<nt id="s1_536" cat="fcl">
				<edge label="P" idref="s1_64"/>
				<edge label="Od" idref="s1_537"/>
				<edge label="S" idref="s1_538"/>
			</nt>
			<nt id="s1_537" cat="np">
				<edge label="H" idref="s1_65"/>
				<edge label="DN" idref="s1_66"/>
				<edge label="DN" idref="s1_67"/>
			</nt>
			<nt id="s1_538" cat="np">
				<edge label="H" idref="s1_68"/>
				<edge label="DN" idref="s1_69"/>
			</nt>
			<nt id="s1_539" cat="x">
				<edge label="P" idref="s1_70"/>
				<edge label="Od" idref="s1_540"/>
			</nt>
			<nt id="s1_540" cat="np">
				<edge label="H" idref="s1_71"/>
				<edge label="DN" idref="s1_541"/>
				<edge label="DN" idref="s1_544"/>
				<edge label="DN" idref="s1_545"/>
			</nt>
			<nt id="s1_541" cat="pp">
				<edge label="H" idref="s1_72"/>
				<edge label="DP" idref="s1_542"/>
			</nt>
			<nt id="s1_542" cat="icl">
				<edge label="P" idref="s1_73"/>
				<edge label="Od" idref="s1_543"/>
				<edge label="fA" idref="s1_77"/>
			</nt>
			<nt id="s1_543" cat="par">
				<edge label="CJT" idref="s1_74"/>
				<edge label="CJT" idref="s1_78"/>
			</nt>
			<nt id="s1_544" cat="pp">
				<edge label="H" idref="s1_75"/>
				<edge label="DP" idref="s1_76"/>
			</nt>
			<nt id="s1_545" cat="fcl">
				<edge label="S" idref="s1_79"/>
				<edge label="fA" idref="s1_80"/>
				<edge label="P" idref="s1_81"/>
				<edge label="fA" idref="s1_546"/>
			</nt>
			<nt id="s1_546" cat="pp">
				<edge label="H" idref="s1_82"/>
				<edge label="DP" idref="s1_547"/>
				<edge label="CO" idref="s1_98"/>
			</nt>
			<nt id="s1_547" cat="np">
				<edge label="DN" idref="s1_83"/>
				<edge label="H" idref="s1_84"/>
			</nt>
			<nt id="s1_548" cat="fcl">
				<edge label="S" idref="s1_85"/>
				<edge label="Od" idref="s1_86"/>
				<edge label="P" idref="s1_87"/>
				<edge label="fA" idref="s1_88"/>
				<edge label="fA" idref="s1_549"/>
			</nt>
			<nt id="s1_549" cat="fcl">
				<edge label="SUB" idref="s1_89"/>
				<edge label="S" idref="s1_550"/>
				<edge label="P" idref="s1_92"/>
				<edge label="fA" idref="s1_551"/>
			</nt>
			<nt id="s1_550" cat="np">
				<edge label="DN" idref="s1_90"/>
				<edge label="H" idref="s1_91"/>
			</nt>
			<nt id="s1_551" cat="pp">
				<edge label="H" idref="s1_93"/>
				<edge label="DP" idref="s1_94"/>
			</nt>
			<nt id="s1_552" cat="x">
				<edge label="P" idref="s1_95"/>
				<edge label="Co" idref="s1_553"/>
			</nt>
			<nt id="s1_553" cat="adjp">
				<edge label="DA" idref="s1_96"/>
				<edge label="H" idref="s1_97"/>
			</nt>
			<nt id="s1_554" cat="x">
				<edge label="P" idref="s1_99"/>
				<edge label="Cs" idref="s1_555"/>
				<edge label="fA" idref="s1_102"/>
				<edge label="fA" idref="s1_103"/>
			</nt>
			<nt id="s1_555" cat="np">
				<edge label="DN" idref="s1_100"/>
				<edge label="H" idref="s1_101"/>
			</nt>
		</nonterminals>
	</graph>
</s>

	</body>
</corpus>
