<?xml version="1.0" encoding="UTF-8"?>
<corpus>

	<body>
<s id="s1" ref="1" source="Running text" forest="1" text="é um bom celular com varias tecnologias atuais do mercado, mas tem pouco espaço de memória.">
	<graph root="s1_500">
		<terminals>
			<t id="s1_1" word="é" lemma="ser" pos="v-fin" morph="PR 3S IND VFIN" extra="nosubj nosubj nosubj nosubj cjt-head cjt-head-STA vK fmc mv"/>
			<t id="s1_2" word="um" lemma="um" pos="art" morph="M S" extra="--"/>
			<t id="s1_3" word="bom" lemma="bom" pos="adj" morph="M S" extra="--"/>
			<t id="s1_4" word="celular" lemma="celular" pos="adj" morph="M S" extra="n nh"/>
			<t id="s1_5" word="com" lemma="com" pos="prp" morph="--" extra="np-close"/>
			<t id="s1_6" word="varias" lemma="variar" pos="v-fin" morph="PR 2S IND VFIN" extra="nosubj nosubj cjt-STA fmc mv"/>
			<t id="s1_7" word="tecnologias" lemma="tecnologia" pos="n" morph="F P" sem="domain" extra="--"/>
			<t id="s1_8" word="atuais" lemma="atual" pos="adj" morph="F P" extra="nh np-close"/>
			<t id="s1_9" word="de" lemma="de" pos="prp" morph="--" extra="sam- np-close"/>
			<t id="s1_10" word="o" lemma="o" pos="art" morph="M S" extra="-sam "/>
			<t id="s1_11" word="mercado" lemma="mercado" pos="n" morph="M S" sem="inst" extra="--"/>
			<t id="s1_12" word="," lemma="--" pos="pu" morph="--" extra="--"/>
			<t id="s1_13" word="mas" lemma="mas" pos="conj-c" morph="--" extra="clb"/>
			<t id="s1_14" word="tem" lemma="ter" pos="v-fin" morph="PR 3S IND VFIN" extra="nosubj nosubj cjt-STA fmc mv"/>
			<t id="s1_15" word="pouco" lemma="pouco" pos="adv" morph="--" extra="quant"/>
			<t id="s1_16" word="espaço" lemma="espaço" pos="n" morph="M S" sem="Labs Ltop" extra="--"/>
			<t id="s1_17" word="de_memória" lemma="de_memória" pos="adv" morph="--" sem="pp" extra="--"/>
			<t id="s1_18" word="." lemma="--" pos="pu" morph="--" extra="--"/>
		</terminals>

		<nonterminals>
			<nt id="s1_500" cat="s">
				<edge label="STA" idref="s1_501"/>
			</nt>
			<nt id="s1_501" cat="par">
				<edge label="CJT" idref="s1_502"/>
				<edge label="CJT" idref="s1_504"/>
				<edge label="PU" idref="s1_12"/>
				<edge label="CO" idref="s1_13"/>
				<edge label="CJT" idref="s1_508"/>
				<edge label="PU" idref="s1_18"/>
			</nt>
			<nt id="s1_502" cat="fcl">
				<edge label="P" idref="s1_1"/>
				<edge label="Cs" idref="s1_503"/>
				<edge label="DN" idref="s1_5"/>
			</nt>
			<nt id="s1_503" cat="np">
				<edge label="DN" idref="s1_2"/>
				<edge label="DN" idref="s1_3"/>
				<edge label="H" idref="s1_4"/>
			</nt>
			<nt id="s1_504" cat="x">
				<edge label="P" idref="s1_6"/>
				<edge label="Od" idref="s1_505"/>
			</nt>
			<nt id="s1_505" cat="np">
				<edge label="H" idref="s1_7"/>
				<edge label="DN" idref="s1_8"/>
				<edge label="DN" idref="s1_506"/>
			</nt>
			<nt id="s1_506" cat="pp">
				<edge label="H" idref="s1_9"/>
				<edge label="DP" idref="s1_507"/>
			</nt>
			<nt id="s1_507" cat="np">
				<edge label="DN" idref="s1_10"/>
				<edge label="H" idref="s1_11"/>
			</nt>
			<nt id="s1_508" cat="x">
				<edge label="P" idref="s1_14"/>
				<edge label="fA" idref="s1_15"/>
				<edge label="Od" idref="s1_16"/>
				<edge label="fA" idref="s1_17"/>
			</nt>
		</nonterminals>
	</graph>
</s>

<s id="s2" ref="2" source="Running text" forest="1" text="com number chips é bom para aqueles que se dividem entre duas operadoras, é prático e com um tamanho e preço acessível.">
	<graph root="s2_500">
		<terminals>
			<t id="s2_1" word="com" lemma="com" pos="prp" morph="--" extra="--"/>
			<t id="s2_2" word="number" lemma="number" pos="n" morph="M S" extra="heur"/>
			<t id="s2_3" word="chips" lemma="chip" pos="n" morph="M P" sem="cc" extra="--"/>
			<t id="s2_4" word="é" lemma="ser" pos="v-fin" morph="PR 3S IND VFIN" extra="nosubj nosubj cjt-head cjt-head-STA vK fmc mv"/>
			<t id="s2_5" word="bom" lemma="bom" pos="adj" morph="M S" extra="jh"/>
			<t id="s2_6" word="para" lemma="para" pos="prp" morph="--" extra="--"/>
			<t id="s2_7" word="aqueles" lemma="aquele" pos="pron-dem" morph="DET M P" extra="dem"/>
			<t id="s2_8" word="que" lemma="que" pos="spec" morph="M S" extra="clb clb-fs rel"/>
			<t id="s2_9" word="se" lemma="se" pos="pron-pers" morph="M/F 3P ACC" extra="obj pass"/>
			<t id="s2_10" word="dividem" lemma="dividir" pos="v-fin" morph="PR 3P IND VFIN" extra="mv np-close"/>
			<t id="s2_11" word="entre" lemma="entre" pos="prp" morph="--" extra="--"/>
			<t id="s2_12" word="duas" lemma="dois" pos="num" morph="F P" extra="card"/>
			<t id="s2_13" word="operadoras" lemma="operadora" pos="n" morph="F P" sem="Hprof" extra="--"/>
			<t id="s2_14" word="," lemma="--" pos="pu" morph="--" extra="--"/>
			<t id="s2_15" word="é" lemma="ser" pos="v-fin" morph="PR 3S IND VFIN" extra="nosubj nosubj cjt-STA vK fmc mv"/>
			<t id="s2_16" word="prático" lemma="prático" pos="n" morph="M S" sem="H" extra="cjt-head cjt-head-Cs"/>
			<t id="s2_17" word="e" lemma="e" pos="conj-c" morph="--" extra="--"/>
			<t id="s2_18" word="com" lemma="com" pos="prp" morph="--" extra="cjt-Cs"/>
			<t id="s2_19" word="um" lemma="um" pos="art" morph="M S" extra="--"/>
			<t id="s2_20" word="tamanho" lemma="tamanho" pos="n" morph="M S" sem="f-q" extra="cjt-head cjt-head-DP"/>
			<t id="s2_21" word="e" lemma="e" pos="conj-c" morph="--" extra="--"/>
			<t id="s2_22" word="preço" lemma="preço" pos="n" morph="M S" sem="f-q" extra="cjt-DP"/>
			<t id="s2_23" word="acessível" lemma="acessível" pos="adj" morph="M S" extra="nh np-close"/>
			<t id="s2_24" word="." lemma="--" pos="pu" morph="--" extra="--"/>
		</terminals>

		<nonterminals>
			<nt id="s2_500" cat="s">
				<edge label="STA" idref="s2_501"/>
			</nt>
			<nt id="s2_501" cat="par">
				<edge label="CJT" idref="s2_502"/>
				<edge label="PU" idref="s2_14"/>
				<edge label="CJT" idref="s2_510"/>
				<edge label="CJT" idref="s2_518"/>
				<edge label="PU" idref="s2_24"/>
			</nt>
			<nt id="s2_502" cat="fcl">
				<edge label="fA" idref="s2_503"/>
				<edge label="fCs" idref="s2_504"/>
				<edge label="P" idref="s2_4"/>
				<edge label="Cs" idref="s2_505"/>
			</nt>
			<nt id="s2_503" cat="pp">
				<edge label="H" idref="s2_1"/>
				<edge label="DP" idref="s2_2"/>
			</nt>
			<nt id="s2_504" cat="np">
				<edge label="H" idref="s2_3"/>
				<edge label="DN" idref="s2_507"/>
			</nt>
			<nt id="s2_505" cat="adjp">
				<edge label="H" idref="s2_5"/>
				<edge label="DA" idref="s2_506"/>
			</nt>
			<nt id="s2_506" cat="pp">
				<edge label="H" idref="s2_6"/>
				<edge label="DP" idref="s2_7"/>
			</nt>
			<nt id="s2_507" cat="fcl">
				<edge label="S" idref="s2_8"/>
				<edge label="Od" idref="s2_9"/>
				<edge label="P" idref="s2_10"/>
				<edge label="fA" idref="s2_508"/>
			</nt>
			<nt id="s2_508" cat="pp">
				<edge label="H" idref="s2_11"/>
				<edge label="DP" idref="s2_509"/>
			</nt>
			<nt id="s2_509" cat="np">
				<edge label="DN" idref="s2_12"/>
				<edge label="H" idref="s2_13"/>
			</nt>
			<nt id="s2_510" cat="x">
				<edge label="P" idref="s2_15"/>
				<edge label="Cs" idref="s2_511"/>
				<edge label="CJT" idref="s2_512"/>
			</nt>
			<nt id="s2_511" cat="par">
				<edge label="CJT" idref="s2_16"/>
			</nt>
			<nt id="s2_512" cat="pp">
				<edge label="DP" idref="s2_513"/>
			</nt>
			<nt id="s2_513" cat="par">
				<edge label="CJT" idref="s2_514"/>
				<edge label="H" idref="s2_18"/>
				<edge label="DP" idref="s2_517"/>
			</nt>
			<nt id="s2_514" cat="np">
				<edge label="CJT" idref="s2_515"/>
			</nt>
			<nt id="s2_515" cat="np">
				<edge label="DN" idref="s2_516"/>
				<edge label="DN" idref="s2_19"/>
				<edge label="H" idref="s2_20"/>
			</nt>
			<nt id="s2_516" cat="adjp">
				<edge label="CO" idref="s2_17"/>
				<secedge label="*" idref="s2_21"/>
			</nt>
			<nt id="s2_517" cat="par">
				<edge label="CJT" idref="s2_519"/>
			</nt>
			<nt id="s2_518" cat="np">
			</nt>
			<nt id="s2_519" cat="np">
				<edge label="DN" idref="s2_520"/>
				<edge label="H" idref="s2_22"/>
				<edge label="-DN" idref="s2_23"/>
			</nt>
			<nt id="s2_520" cat="adjp">
				<edge label="CO" idref="s2_21"/>
			</nt>
		</nonterminals>
	</graph>
</s>

<s id="s3" ref="3" source="Running text" forest="1" text="as vezes, os seus number chips deixam o celular um pouco lento e tem- se que investir numa boa internet ou ele se tornará por completo lento.">
	<graph root="s3_500">
		<terminals>
			<t id="s3_1" word="as" lemma="o" pos="art" morph="F P" extra="--"/>
			<t id="s3_2" word="vezes" lemma="vez" pos="n" morph="F P" sem="temp" extra="--"/>
			<t id="s3_3" word="," lemma="--" pos="pu" morph="--" extra="--"/>
			<t id="s3_4" word="os" lemma="o" pos="art" morph="M P" extra="--"/>
			<t id="s3_5" word="seus" lemma="seu" pos="pron-poss" morph="DET M P" extra="si poss 3S"/>
			<t id="s3_6" word="number" lemma="number" pos="v-inf" morph="3S" extra="heur mv"/>
			<t id="s3_7" word="chips" lemma="chip" pos="n" morph="M P" sem="cc" extra="--"/>
			<t id="s3_8" word="deixam" lemma="deixar" pos="v-fin" morph="PR 3P IND VFIN" extra="cjt-head cjt-head-STA fmc mv"/>
			<t id="s3_9" word="o" lemma="o" pos="art" morph="M S" extra="--"/>
			<t id="s3_10" word="celular" lemma="celular" pos="adj" morph="M S" extra="n nh"/>
			<t id="s3_11" word="um_pouco" lemma="um_pouco" pos="adv" morph="--" extra="quant"/>
			<t id="s3_12" word="lento" lemma="lento" pos="adj" morph="M S" extra="nh np-close"/>
			<t id="s3_13" word="e" lemma="e" pos="conj-c" morph="--" extra="topkc"/>
			<t id="s3_14" word="tem-" lemma="ter" pos="v-fin" morph="PR 3S IND VFIN" extra="cjt-STA hyfen fmc mv"/>
			<t id="s3_15" word="se" lemma="se" pos="pron-pers" morph="M/F 3S/P ACC" extra="--"/>
			<t id="s3_16" word="que" lemma="que" pos="conj-s" morph="--" extra="clb clb-fs"/>
			<t id="s3_17" word="investir" lemma="investir" pos="v-inf" morph="--" extra="vH mv"/>
			<t id="s3_18" word="em" lemma="em" pos="prp" morph="--" extra="--"/>
			<t id="s3_19" word="uma" lemma="um" pos="art" morph="F S" extra="--"/>
			<t id="s3_20" word="boa" lemma="bom" pos="adj" morph="F S" extra="--"/>
			<t id="s3_21" word="internet" lemma="internet" pos="n" morph="F S" sem="Labs" extra="--"/>
			<t id="s3_22" word="ou" lemma="ou" pos="conj-c" morph="--" extra="--"/>
			<t id="s3_23" word="ele" lemma="ele" pos="pron-pers" morph="M 3S NOM" extra="--"/>
			<t id="s3_24" word="se" lemma="se" pos="pron-pers" morph="M/F 3S ACC" extra="refl"/>
			<t id="s3_25" word="tornará" lemma="tornar" pos="v-fin" morph="FUT 3S IND VFIN" extra="mv v-pron"/>
			<t id="s3_26" word="por_completo" lemma="por_completo" pos="adv" morph="--" sem="pp" extra="--"/>
			<t id="s3_27" word="lento" lemma="lento" pos="adj" morph="M S" extra="nh"/>
			<t id="s3_28" word="." lemma="--" pos="pu" morph="--" extra="--"/>
		</terminals>

		<nonterminals>
			<nt id="s3_500" cat="s">
				<edge label="UTT" idref="s3_501"/>
			</nt>
			<nt id="s3_501" cat="x">
				<edge label="UTT" idref="s3_505"/>
				<edge label="DN" idref="s3_4"/>
				<edge label="P" idref="s3_6"/>
				<edge label="Od" idref="s3_506"/>
				<edge label="PU" idref="s3_28"/>
			</nt>
			<nt id="s3_502" cat="par">
				<edge label="CJT" idref="s3_503"/>
			</nt>
			<nt id="s3_503" cat="fcl">
				<edge label="fA" idref="s3_504"/>
			</nt>
			<nt id="s3_504" cat="np">
				<edge label="DN" idref="s3_1"/>
				<edge label="H" idref="s3_2"/>
				<edge label="PU" idref="s3_3"/>
			</nt>
			<nt id="s3_505" cat="np">
				<edge label="S" idref="s3_5"/>
			</nt>
			<nt id="s3_506" cat="np">
				<edge label="H" idref="s3_7"/>
				<edge label="CJT" idref="s3_507"/>
				<edge label="DN" idref="s3_509"/>
				<edge label="UTT" idref="s3_511"/>
			</nt>
			<nt id="s3_507" cat="fcl">
				<edge label="S" idref="s3_508"/>
				<edge label="Od" idref="s3_10"/>
			</nt>
			<nt id="s3_508" cat="np">
				<edge label="DN" idref="s3_9"/>
				<edge label="P" idref="s3_14"/>
				<edge label="S" idref="s3_510"/>
			</nt>
			<nt id="s3_509" cat="adjp">
				<edge label="DA" idref="s3_11"/>
				<edge label="H" idref="s3_12"/>
				<edge label="CO" idref="s3_13"/>
			</nt>
			<nt id="s3_510" cat="np">
				<edge label="H" idref="s3_15"/>
			</nt>
			<nt id="s3_511" cat="fcl">
				<edge label="S" idref="s3_512"/>
				<edge label="P" idref="s3_17"/>
				<edge label="Op" idref="s3_513"/>
			</nt>
			<nt id="s3_512" cat="fcl">
				<edge label="SUB" idref="s3_16"/>
				<edge label="S" idref="s3_23"/>
				<edge label="Od" idref="s3_24"/>
				<edge label="P" idref="s3_25"/>
				<edge label="fA" idref="s3_26"/>
				<edge label="Co" idref="s3_27"/>
			</nt>
			<nt id="s3_513" cat="pp">
				<edge label="H" idref="s3_18"/>
				<edge label="DP" idref="s3_514"/>
			</nt>
			<nt id="s3_514" cat="np">
				<edge label="DN" idref="s3_19"/>
				<edge label="DN" idref="s3_20"/>
				<edge label="H" idref="s3_21"/>
				<edge label="CO" idref="s3_22"/>
			</nt>
		</nonterminals>
	</graph>
</s>

<s id="s4" ref="4" source="Running text" forest="1" text="ele já não está mais no topo das tecnologias existentes no mercado mas é um bom produto..">
	<graph root="s4_500">
		<terminals>
			<t id="s4_1" word="ele" lemma="ele" pos="pron-pers" morph="M 3S NOM" extra="--"/>
			<t id="s4_2" word="já_não" lemma="já_não" pos="adv" morph="--" extra="--"/>
			<t id="s4_3" word="está" lemma="estar" pos="v-fin" morph="PR 3S IND VFIN" extra="cjt-head cjt-head-STA vK fmc mv"/>
			<t id="s4_4" word="mais" lemma="mais" pos="adv" morph="--" extra="--"/>
			<t id="s4_5" word="em" lemma="em" pos="prp" morph="--" extra="sam-"/>
			<t id="s4_6" word="o" lemma="o" pos="art" morph="M S" extra="-sam "/>
			<t id="s4_7" word="topo" lemma="topo" pos="n" morph="M S" sem="Ltip event" extra="--"/>
			<t id="s4_8" word="de" lemma="de" pos="prp" morph="--" extra="sam- np-close"/>
			<t id="s4_9" word="as" lemma="o" pos="art" morph="F P" extra="-sam "/>
			<t id="s4_10" word="tecnologias" lemma="tecnologia" pos="n" morph="F P" sem="domain" extra="--"/>
			<t id="s4_11" word="existentes" lemma="existente" pos="adj" morph="F P" extra="nh np-close"/>
			<t id="s4_12" word="em" lemma="em" pos="prp" morph="--" extra="sam- np-long"/>
			<t id="s4_13" word="o" lemma="o" pos="art" morph="M S" extra="-sam "/>
			<t id="s4_14" word="mercado" lemma="mercado" pos="n" morph="M S" sem="inst" extra="--"/>
			<t id="s4_15" word="mas" lemma="mas" pos="conj-c" morph="--" extra="--"/>
			<t id="s4_16" word="é" lemma="ser" pos="v-fin" morph="PR 3S IND VFIN" extra="nosubj nosubj cjt-STA vK fmc mv"/>
			<t id="s4_17" word="um" lemma="um" pos="art" morph="M S" extra="--"/>
			<t id="s4_18" word="bom" lemma="bom" pos="adj" morph="M S" extra="--"/>
			<t id="s4_19" word="produto" lemma="produto" pos="n" morph="M S" sem="cc-h mon ac-cat" extra="--"/>
			<t id="s4_20" word="." lemma="--" pos="pu" morph="--" extra="--"/>
			<t id="s4_21" word="." lemma="--" pos="pu" morph="--" extra="--"/>
		</terminals>

		<nonterminals>
			<nt id="s4_500" cat="s">
				<edge label="STA" idref="s4_501"/>
			</nt>
			<nt id="s4_501" cat="par">
				<edge label="CJT" idref="s4_502"/>
				<edge label="CJT" idref="s4_509"/>
				<edge label="PU" idref="s4_20"/>
				<edge label="PU" idref="s4_21"/>
			</nt>
			<nt id="s4_502" cat="fcl">
				<edge label="S" idref="s4_1"/>
				<edge label="fA" idref="s4_2"/>
				<edge label="P" idref="s4_3"/>
				<edge label="fA" idref="s4_4"/>
				<edge label="As" idref="s4_503"/>
			</nt>
			<nt id="s4_503" cat="pp">
				<edge label="H" idref="s4_5"/>
				<edge label="DP" idref="s4_504"/>
			</nt>
			<nt id="s4_504" cat="np">
				<edge label="DN" idref="s4_6"/>
				<edge label="H" idref="s4_7"/>
				<edge label="DN" idref="s4_505"/>
			</nt>
			<nt id="s4_505" cat="pp">
				<edge label="H" idref="s4_8"/>
				<edge label="DP" idref="s4_506"/>
			</nt>
			<nt id="s4_506" cat="np">
				<edge label="DN" idref="s4_9"/>
				<edge label="H" idref="s4_10"/>
				<edge label="DN" idref="s4_11"/>
				<edge label="DN" idref="s4_507"/>
			</nt>
			<nt id="s4_507" cat="pp">
				<edge label="H" idref="s4_12"/>
				<edge label="DP" idref="s4_508"/>
			</nt>
			<nt id="s4_508" cat="np">
				<edge label="DN" idref="s4_13"/>
				<edge label="H" idref="s4_14"/>
				<edge label="CO" idref="s4_15"/>
			</nt>
			<nt id="s4_509" cat="x">
				<edge label="P" idref="s4_16"/>
				<edge label="Cs" idref="s4_510"/>
			</nt>
			<nt id="s4_510" cat="np">
				<edge label="DN" idref="s4_17"/>
				<edge label="DN" idref="s4_18"/>
				<edge label="H" idref="s4_19"/>
			</nt>
		</nonterminals>
	</graph>
</s>

	</body>
</corpus>
