<?xml version="1.0" encoding="UTF-8"?>
<corpus>

	<body>
<s id="s1" ref="1" source="Running text" forest="1" text="excelente custo benefício.">
	<graph root="s1_500">
		<terminals>
			<t id="s1_1" word="excelente" lemma="excelente" pos="adj" morph="M S" extra="--"/>
			<t id="s1_2" word="custo" lemma="custo" pos="n" morph="M S" sem="mon" extra="cjt-head cjt-head-X"/>
			<t id="s1_3" word="benefício" lemma="benefício" pos="n" morph="M S" sem="act-d mon" extra="cjt-X"/>
			<t id="s1_4" word="." lemma="--" pos="pu" morph="--" extra="--"/>
		</terminals>

		<nonterminals>
			<nt id="s1_500" cat="s">
				<edge label="X" idref="s1_501"/>
			</nt>
			<nt id="s1_501" cat="par">
				<edge label="CJT" idref="s1_502"/>
				<edge label="CJT" idref="s1_3"/>
				<edge label="PU" idref="s1_4"/>
			</nt>
			<nt id="s1_502" cat="np">
				<edge label="DN" idref="s1_1"/>
				<edge label="H" idref="s1_2"/>
			</nt>
		</nonterminals>
	</graph>
</s>

<s id="s2" ref="2" source="Running text" forest="1" text="o que gostei muito bom como um todo.">
	<graph root="s2_500">
		<terminals>
			<t id="s2_1" word="o" lemma="o" pos="pron-dem" morph="DET M S" extra="dem"/>
			<t id="s2_2" word="que" lemma="que" pos="spec" morph="M S" extra="clb clb-fs rel"/>
			<t id="s2_3" word="gostei" lemma="gostar" pos="v-fin" morph="PS 1S IND VFIN" extra="vH mv np-close"/>
			<t id="s2_4" word="muito" lemma="muito" pos="adv" morph="--" extra="quant"/>
			<t id="s2_5" word="bom" lemma="bom" pos="adj" morph="M S" extra="--"/>
			<t id="s2_6" word="como" lemma="como" pos="prp" morph="--" extra="com adv-rel"/>
			<t id="s2_7" word="um" lemma="um" pos="art" morph="M S" extra="--"/>
			<t id="s2_8" word="todo" lemma="todo" pos="pron-indef" morph="DET M S" extra="asarg quant"/>
			<t id="s2_9" word="." lemma="--" pos="pu" morph="--" extra="--"/>
		</terminals>

		<nonterminals>
			<nt id="s2_500" cat="s">
				<edge label="UTT" idref="s2_501"/>
			</nt>
			<nt id="s2_501" cat="x">
				<edge label="X" idref="s2_1"/>
				<edge label="DN" idref="s2_502"/>
				<edge label="S" idref="s2_2"/>
				<edge label="P" idref="s2_3"/>
				<edge label="fCs" idref="s2_503"/>
				<edge label="PU" idref="s2_9"/>
			</nt>
			<nt id="s2_502" cat="fcl">
			</nt>
			<nt id="s2_503" cat="adjp">
				<edge label="DA" idref="s2_4"/>
				<edge label="H" idref="s2_5"/>
				<edge label="DA" idref="s2_504"/>
			</nt>
			<nt id="s2_504" cat="pp">
				<edge label="H" idref="s2_6"/>
				<edge label="DP" idref="s2_505"/>
			</nt>
			<nt id="s2_505" cat="np">
				<edge label="DN" idref="s2_7"/>
				<edge label="H" idref="s2_8"/>
			</nt>
		</nonterminals>
	</graph>
</s>

<s id="s3" ref="3" source="Running text" forest="1" text="o que não gostei capa da bateria fica um pouco folgada..">
	<graph root="s3_500">
		<terminals>
			<t id="s3_1" word="o" lemma="o" pos="pron-dem" morph="DET M S" extra="dem"/>
			<t id="s3_2" word="que" lemma="que" pos="spec" morph="M S" extra="clb clb-fs rel"/>
			<t id="s3_3" word="não" lemma="não" pos="adv" morph="--" extra="--"/>
			<t id="s3_4" word="gostei" lemma="gostar" pos="v-fin" morph="PS 1S IND VFIN" extra="vH mv np-close"/>
			<t id="s3_5" word="capa" lemma="capa" pos="n" morph="F S" sem="cloH Lcover cc-r sem-s" extra="--"/>
			<t id="s3_6" word="de" lemma="de" pos="prp" morph="--" extra="sam- np-close"/>
			<t id="s3_7" word="a" lemma="o" pos="art" morph="F S" extra="-sam "/>
			<t id="s3_8" word="bateria" lemma="bateria" pos="n" morph="F S" sem="tool" extra="--"/>
			<t id="s3_9" word="fica" lemma="ficar" pos="v-fin" morph="PR 3S IND VFIN" extra="vK fmc mv"/>
			<t id="s3_10" word="um_pouco" lemma="um_pouco" pos="adv" morph="--" extra="quant"/>
			<t id="s3_11" word="folgada" lemma="folgar" pos="v-pcp" morph="F S" extra="vH jh"/>
			<t id="s3_12" word="." lemma="--" pos="pu" morph="--" extra="--"/>
			<t id="s3_13" word="." lemma="--" pos="pu" morph="--" extra="--"/>
		</terminals>

		<nonterminals>
			<nt id="s3_500" cat="s">
				<edge label="STA" idref="s3_501"/>
			</nt>
			<nt id="s3_501" cat="fcl">
				<edge label="S" idref="s3_1"/>
				<edge label="DN" idref="s3_502"/>
				<edge label="S" idref="s3_2"/>
				<edge label="fA" idref="s3_3"/>
				<edge label="P" idref="s3_4"/>
				<edge label="S" idref="s3_503"/>
				<edge label="P" idref="s3_9"/>
				<edge label="Cs" idref="s3_506"/>
				<edge label="PU" idref="s3_12"/>
				<edge label="PU" idref="s3_13"/>
			</nt>
			<nt id="s3_502" cat="fcl">
			</nt>
			<nt id="s3_503" cat="np">
				<edge label="H" idref="s3_5"/>
				<edge label="DN" idref="s3_504"/>
			</nt>
			<nt id="s3_504" cat="pp">
				<edge label="H" idref="s3_6"/>
				<edge label="DP" idref="s3_505"/>
			</nt>
			<nt id="s3_505" cat="np">
				<edge label="DN" idref="s3_7"/>
				<edge label="H" idref="s3_8"/>
			</nt>
			<nt id="s3_506" cat="adjp">
				<edge label="DA" idref="s3_10"/>
				<edge label="H" idref="s3_11"/>
			</nt>
		</nonterminals>
	</graph>
</s>

	</body>
</corpus>
