<?xml version="1.0" encoding="UTF-8"?>
<corpus>

	<body>
<s id="s1" ref="1" source="Running text" forest="1" text="dou nota number na minha opinião detalhe gosto redondamente de ele.">
	<graph root="s1_500">
		<terminals>
			<t id="s1_1" word="dou" lemma="dar" pos="v-fin" morph="PR 1S IND VFIN" extra="fmc mv"/>
			<t id="s1_2" word="nota" lemma="nota" pos="n" morph="F S &lt;sem-r&gt; &lt;ac-sign&gt; &lt;ac&gt;" sem="sem-r ac-sign ac" extra="--"/>
			<t id="s1_3" word="number" lemma="number" pos="n" morph="M S" extra="cjt-head cjt-head-S heur"/>
			<t id="s1_4" word="em" lemma="em" pos="prp" morph="--" extra="sam-"/>
			<t id="s1_5" word="a" lemma="o" pos="art" morph="F S" extra="-sam "/>
			<t id="s1_6" word="minha" lemma="meu" pos="pron-poss" morph="DET F S" extra="poss 1S"/>
			<t id="s1_7" word="opinião" lemma="opinião" pos="n" morph="F S" sem="sem-c" extra="--"/>
			<t id="s1_8" word="detalhe" lemma="detalhe" pos="n" morph="M S" sem="ac" extra="--"/>
			<t id="s1_9" word="gosto" lemma="gosto" pos="n" morph="M S" sem="am" extra="cjt-S"/>
			<t id="s1_10" word="redondamente" lemma="redondamente" pos="adv" morph="--" extra="--"/>
			<t id="s1_11" word="de" lemma="de" pos="prp" morph="--" extra="sam-"/>
			<t id="s1_12" word="ele" lemma="ele" pos="pron-pers" morph="M 3S NOM/PIV" extra="-sam"/>
			<t id="s1_13" word="." lemma="--" pos="pu" morph="--" extra="--"/>
		</terminals>

		<nonterminals>
			<nt id="s1_500" cat="s">
				<edge label="STA" idref="s1_501"/>
			</nt>
			<nt id="s1_501" cat="fcl">
				<edge label="P" idref="s1_1"/>
				<edge label="Od" idref="s1_2"/>
				<edge label="S" idref="s1_502"/>
				<edge label="fA" idref="s1_503"/>
				<edge label="fA" idref="s1_10"/>
				<edge label="fCs" idref="s1_505"/>
				<edge label="PU" idref="s1_13"/>
			</nt>
			<nt id="s1_502" cat="par">
				<edge label="CJT" idref="s1_3"/>
			</nt>
			<nt id="s1_503" cat="pp">
				<edge label="H" idref="s1_4"/>
				<edge label="DP" idref="s1_504"/>
				<edge label="fCs" idref="s1_8"/>
				<edge label="CJT" idref="s1_9"/>
			</nt>
			<nt id="s1_504" cat="np">
				<edge label="DN" idref="s1_5"/>
				<edge label="DN" idref="s1_6"/>
				<edge label="H" idref="s1_7"/>
			</nt>
			<nt id="s1_505" cat="pp">
				<edge label="H" idref="s1_11"/>
				<edge label="DP" idref="s1_12"/>
			</nt>
		</nonterminals>
	</graph>
</s>

<s id="s2" ref="2" source="Running text" forest="1" text="abraços já fá o que gostei nokia é o melhor custo beneficio.">
	<graph root="s2_500">
		<terminals>
			<t id="s2_1" word="abraços" lemma="abraço" pos="n" morph="M P" sem="act-d anbo" extra="--"/>
			<t id="s2_2" word="já" lemma="já" pos="adv" morph="--" extra="--"/>
			<t id="s2_3" word="fá" lemma="fá" pos="n" morph="M S" sem="ac-sign" extra="--"/>
			<t id="s2_4" word="o" lemma="o" pos="pron-dem" morph="DET M S" extra="dem"/>
			<t id="s2_5" word="que" lemma="que" pos="spec" morph="M S" extra="clb clb-fs rel"/>
			<t id="s2_6" word="gostei" lemma="gostar" pos="v-fin" morph="PS 1S IND VFIN" extra="vH mv np-close"/>
			<t id="s2_7" word="nokia" lemma="nokia" pos="n" morph="F S" extra="heur foreign"/>
			<t id="s2_8" word="é" lemma="ser" pos="v-fin" morph="PR 3S IND VFIN" extra="predco predco vK fmc mv"/>
			<t id="s2_9" word="o" lemma="o" pos="art" morph="M S" extra="--"/>
			<t id="s2_10" word="melhor" lemma="bom" pos="adj" morph="M S" extra="KOMP SUP"/>
			<t id="s2_11" word="custo" lemma="custo" pos="n" morph="M S" sem="mon" extra="--"/>
			<t id="s2_12" word="beneficio" lemma="beneficiar" pos="v-fin" morph="PR 1S IND VFIN" extra="cjt-STA vH fmc mv"/>
			<t id="s2_13" word="." lemma="--" pos="pu" morph="--" extra="--"/>
		</terminals>

		<nonterminals>
			<nt id="s2_500" cat="s">
				<edge label="STA" idref="s2_501"/>
			</nt>
			<nt id="s2_501" cat="fcl">
				<edge label="S" idref="s2_1"/>
				<edge label="fA" idref="s2_2"/>
				<edge label="S" idref="s2_4"/>
				<edge label="S" idref="s2_7"/>
				<edge label="X" idref="s2_505"/>
				<edge label="PU" idref="s2_13"/>
			</nt>
			<nt id="s2_502" cat="fcl">
				<edge label="S" idref="s2_503"/>
			</nt>
			<nt id="s2_503" cat="np">
				<edge label="H" idref="s2_3"/>
				<edge label="DN" idref="s2_504"/>
			</nt>
			<nt id="s2_504" cat="fcl">
				<edge label="S" idref="s2_5"/>
				<edge label="P" idref="s2_6"/>
			</nt>
			<nt id="s2_505" cat="par">
				<edge label="CJT" idref="s2_506"/>
				<edge label="CJT" idref="s2_508"/>
			</nt>
			<nt id="s2_506" cat="x">
				<edge label="P" idref="s2_8"/>
				<edge label="Cs" idref="s2_507"/>
			</nt>
			<nt id="s2_507" cat="np">
				<edge label="DN" idref="s2_9"/>
				<edge label="DN" idref="s2_10"/>
				<edge label="H" idref="s2_11"/>
			</nt>
			<nt id="s2_508" cat="fcl">
				<edge label="P" idref="s2_12"/>
			</nt>
		</nonterminals>
	</graph>
</s>

<s id="s3" ref="3" source="Running text" forest="1" text="o que não gostei bateria é um pouco fraca dura uns dois dias no máximo.">
	<graph root="s3_500">
		<terminals>
			<t id="s3_1" word="o" lemma="o" pos="pron-dem" morph="DET M S" extra="dem"/>
			<t id="s3_2" word="que" lemma="que" pos="spec" morph="M S" extra="clb clb-fs rel"/>
			<t id="s3_3" word="não" lemma="não" pos="adv" morph="--" extra="--"/>
			<t id="s3_4" word="gostei" lemma="gostar" pos="v-fin" morph="PS 1S IND VFIN" extra="vH mv np-close"/>
			<t id="s3_5" word="bateria" lemma="bateria" pos="n" morph="F S" sem="tool" extra="--"/>
			<t id="s3_6" word="é" lemma="ser" pos="v-fin" morph="PR 3S IND VFIN" extra="vK fmc mv"/>
			<t id="s3_7" word="um_pouco" lemma="um_pouco" pos="adv" morph="--" extra="quant"/>
			<t id="s3_8" word="fraca" lemma="fraco" pos="adj" morph="F S" extra="n"/>
			<t id="s3_9" word="dura" lemma="duro" pos="adj" morph="F S" extra="np-close"/>
			<t id="s3_10" word="uns" lemma="um" pos="pron-indef" morph="DET M P" extra="quant"/>
			<t id="s3_11" word="dois" lemma="dois" pos="num" morph="M P" extra="card"/>
			<t id="s3_12" word="dias" lemma="dia" pos="n" morph="M P" sem="temp dur per unit" extra="--"/>
			<t id="s3_13" word="no_máximo" lemma="no_máximo" pos="adv" morph="--" extra="--"/>
			<t id="s3_14" word="." lemma="--" pos="pu" morph="--" extra="--"/>
		</terminals>

		<nonterminals>
			<nt id="s3_500" cat="s">
				<edge label="UTT" idref="s3_501"/>
			</nt>
			<nt id="s3_501" cat="x">
				<edge label="DN" idref="s3_503"/>
				<edge label="S" idref="s3_2"/>
				<edge label="fA" idref="s3_3"/>
				<edge label="P" idref="s3_4"/>
				<edge label="S" idref="s3_504"/>
				<edge label="P" idref="s3_6"/>
				<edge label="Cs" idref="s3_505"/>
				<edge label="fA" idref="s3_506"/>
				<edge label="fA" idref="s3_13"/>
				<edge label="PU" idref="s3_14"/>
			</nt>
			<nt id="s3_502" cat="fcl">
				<edge label="S" idref="s3_1"/>
			</nt>
			<nt id="s3_503" cat="fcl">
			</nt>
			<nt id="s3_504" cat="np">
				<edge label="H" idref="s3_5"/>
				<edge label="DN" idref="s3_9"/>
			</nt>
			<nt id="s3_505" cat="adjp">
				<edge label="DA" idref="s3_7"/>
				<edge label="H" idref="s3_8"/>
			</nt>
			<nt id="s3_506" cat="np">
				<edge label="DN" idref="s3_10"/>
				<edge label="DN" idref="s3_11"/>
				<edge label="H" idref="s3_12"/>
			</nt>
		</nonterminals>
	</graph>
</s>

<s id="s4" ref="4" source="Running text" forest="1" text="e ele é um pouco grande.">
	<graph root="s4_500">
		<terminals>
			<t id="s4_1" word="e" lemma="e" pos="conj-c" morph="--" extra="topkc"/>
			<t id="s4_2" word="ele" lemma="ele" pos="pron-pers" morph="M 3S NOM" extra="--"/>
			<t id="s4_3" word="é" lemma="ser" pos="v-fin" morph="PR 3S IND VFIN" extra="vK fmc mv"/>
			<t id="s4_4" word="um_pouco" lemma="um_pouco" pos="adv" morph="--" extra="quant"/>
			<t id="s4_5" word="grande" lemma="grande" pos="adj" morph="M S" extra="jh"/>
			<t id="s4_6" word="." lemma="--" pos="pu" morph="--" extra="--"/>
		</terminals>

		<nonterminals>
			<nt id="s4_500" cat="s">
				<edge label="STA" idref="s4_501"/>
			</nt>
			<nt id="s4_501" cat="fcl">
				<edge label="CO" idref="s4_1"/>
				<edge label="S" idref="s4_2"/>
				<edge label="P" idref="s4_3"/>
				<edge label="Cs" idref="s4_502"/>
				<edge label="PU" idref="s4_6"/>
			</nt>
			<nt id="s4_502" cat="adjp">
				<edge label="DA" idref="s4_4"/>
				<edge label="H" idref="s4_5"/>
			</nt>
		</nonterminals>
	</graph>
</s>

	</body>
</corpus>
