<?xml version="1.0" encoding="UTF-8"?>
<corpus>

	<body>
<s id="s1" ref="1" source="Running text" forest="1" text="o sistema oracional não vale nada, piora quando se faz � atualização, deixa muito a desejar.">
	<graph root="s1_500">
		<terminals>
			<t id="s1_1" word="o" lemma="o" pos="art" morph="M S" extra="--"/>
			<t id="s1_2" word="sistema" lemma="sistema" pos="n" morph="M S" sem="ac" extra="--"/>
			<t id="s1_3" word="oracional" lemma="oracional" pos="adj" morph="M S" extra="DERS DERS np-close"/>
			<t id="s1_4" word="não" lemma="não" pos="adv" morph="--" extra="--"/>
			<t id="s1_5" word="vale" lemma="valer" pos="v-fin" morph="PR 3S IND VFIN" extra="nosubj nosubj cjt-head cjt-head-STA fmc mv"/>
			<t id="s1_6" word="nada" lemma="nada" pos="spec" morph="M S" extra="quant"/>
			<t id="s1_7" word="," lemma="--" pos="pu" morph="--" extra="--"/>
			<t id="s1_8" word="piora" lemma="piorar" pos="v-fin" morph="PR 3S IND VFIN" extra="nosubj nosubj cjt-STA vN fmc mv"/>
			<t id="s1_9" word="quando" lemma="quando" pos="adv" morph="--" extra="clb clb-fs rel ks"/>
			<t id="s1_10" word="se" lemma="se" pos="pron-pers" morph="M/F 3S ACC" extra="pass"/>
			<t id="s1_11" word="faz" lemma="fazer" pos="v-fin" morph="PR 3S IND VFIN" extra="mv"/>
			<t id="s1_12" word="a" lemma="a" pos="prp" morph="--" extra="--"/>
			<t id="s1_13" word="a" lemma="o" pos="art" morph="F S" extra="--"/>
			<t id="s1_14" word="atualização" lemma="atualização" pos="n" morph="F S" sem="act" extra="--"/>
			<t id="s1_15" word="," lemma="--" pos="pu" morph="--" extra="--"/>
			<t id="s1_16" word="deixa" lemma="deixar" pos="v-fin" morph="PR 3S IND VFIN" extra="nosubj nosubj cjt-STA fmc mv"/>
			<t id="s1_17" word="muito" lemma="muito" pos="pron-indef" morph="DET M S" extra="quant"/>
			<t id="s1_18" word="a" lemma="a" pos="prp" morph="--" extra="--"/>
			<t id="s1_19" word="desejar" lemma="desejar" pos="v-inf" morph="--" extra="vH mv"/>
			<t id="s1_20" word="." lemma="--" pos="pu" morph="--" extra="--"/>
		</terminals>

		<nonterminals>
			<nt id="s1_500" cat="s">
				<edge label="STA" idref="s1_501"/>
			</nt>
			<nt id="s1_501" cat="par">
				<edge label="CJT" idref="s1_502"/>
				<edge label="PU" idref="s1_7"/>
				<edge label="CJT" idref="s1_504"/>
				<edge label="PU" idref="s1_15"/>
				<edge label="CJT" idref="s1_508"/>
				<edge label="PU" idref="s1_20"/>
			</nt>
			<nt id="s1_502" cat="fcl">
				<edge label="S" idref="s1_503"/>
				<edge label="fA" idref="s1_4"/>
				<edge label="P" idref="s1_5"/>
				<edge label="fA" idref="s1_6"/>
			</nt>
			<nt id="s1_503" cat="np">
				<edge label="DN" idref="s1_1"/>
				<edge label="H" idref="s1_2"/>
				<edge label="DN" idref="s1_3"/>
			</nt>
			<nt id="s1_504" cat="x">
				<edge label="P" idref="s1_8"/>
				<edge label="fA" idref="s1_505"/>
			</nt>
			<nt id="s1_505" cat="fcl">
				<edge label="fA" idref="s1_9"/>
				<edge label="Od" idref="s1_10"/>
				<edge label="P" idref="s1_11"/>
				<edge label="fA" idref="s1_506"/>
			</nt>
			<nt id="s1_506" cat="pp">
				<edge label="H" idref="s1_12"/>
				<edge label="DP" idref="s1_507"/>
			</nt>
			<nt id="s1_507" cat="np">
				<edge label="DN" idref="s1_13"/>
				<edge label="H" idref="s1_14"/>
			</nt>
			<nt id="s1_508" cat="x">
				<edge label="P" idref="s1_16"/>
				<edge label="Od" idref="s1_17"/>
				<edge label="Op" idref="s1_509"/>
			</nt>
			<nt id="s1_509" cat="pp">
				<edge label="H" idref="s1_18"/>
				<edge label="DP" idref="s1_19"/>
			</nt>
		</nonterminals>
	</graph>
</s>

<s id="s2" ref="2" source="Running text" forest="1" text="o que gostei é um bonita aparelho sem duvida o que não gostei a duração da bateria é enganosa, na propaganda diz que dura number horas em stand by, mentira não dura, diz que dá para escutar number horas de musica, outra mentira..">
	<graph root="s2_500">
		<terminals>
			<t id="s2_1" word="o" lemma="o" pos="pron-dem" morph="DET M S" extra="dem"/>
			<t id="s2_2" word="que" lemma="que" pos="spec" morph="M S" extra="clb clb-fs rel"/>
			<t id="s2_3" word="gostei" lemma="gostar" pos="v-fin" morph="PS 1S IND VFIN" extra="vH mv np-close"/>
			<t id="s2_4" word="é" lemma="ser" pos="v-fin" morph="PR 3S IND VFIN" extra="nosubj nosubj nosubj nosubj nosubj nosubj nosubj nosubj nosubj nosubj cjt-head cjt-head-STA vK fmc mv"/>
			<t id="s2_5" word="um" lemma="um" pos="art" morph="M S" extra="--"/>
			<t id="s2_6" word="bonita" lemma="bonito" pos="adj" morph="F S" extra="--"/>
			<t id="s2_7" word="aparelho" lemma="aparelho" pos="n" morph="M S" sem="tool" extra="--"/>
			<t id="s2_8" word="sem" lemma="sem" pos="ec" morph="--" extra="--"/>
			<t id="s2_9" word="duvida" lemma="duvidar" pos="v-fin" morph="PR 3S IND VFIN" extra="nosubj nosubj cjt-STA vH fmc mv"/>
			<t id="s2_10" word="o" lemma="o" pos="pron-dem" morph="DET M S" extra="dem"/>
			<t id="s2_11" word="que" lemma="que" pos="spec" morph="M S" extra="clb clb-fs rel"/>
			<t id="s2_12" word="não" lemma="não" pos="adv" morph="--" extra="--"/>
			<t id="s2_13" word="gostei" lemma="gostar" pos="v-fin" morph="PS 1S IND VFIN" extra="vH mv np-close"/>
			<t id="s2_14" word="a" lemma="o" pos="art" morph="F S" extra="--"/>
			<t id="s2_15" word="duração" lemma="duração" pos="n" morph="F S" sem="am" extra="--"/>
			<t id="s2_16" word="de" lemma="de" pos="prp" morph="--" extra="sam- np-close"/>
			<t id="s2_17" word="a" lemma="o" pos="art" morph="F S" extra="-sam "/>
			<t id="s2_18" word="bateria" lemma="bateria" pos="n" morph="F S" sem="tool" extra="--"/>
			<t id="s2_19" word="é" lemma="ser" pos="v-fin" morph="PR 3S IND VFIN" extra="cjt-STA vK fmc mv"/>
			<t id="s2_20" word="enganosa" lemma="enganoso" pos="adj" morph="F S" extra="--"/>
			<t id="s2_21" word="," lemma="--" pos="pu" morph="--" extra="--"/>
			<t id="s2_22" word="em" lemma="em" pos="prp" morph="--" extra="sam-"/>
			<t id="s2_23" word="a" lemma="o" pos="art" morph="F S" extra="-sam "/>
			<t id="s2_24" word="propaganda" lemma="propaganda" pos="n" morph="F S" sem="sem-s activity" extra="--"/>
			<t id="s2_25" word="diz" lemma="dizer" pos="v-fin" morph="PR 3S IND VFIN" extra="nosubj nosubj cjt-STA vH fmc mv"/>
			<t id="s2_26" word="que" lemma="que" pos="conj-s" morph="--" extra="clb clb-fs"/>
			<t id="s2_27" word="dura" lemma="durar" pos="v-fin" morph="PR 3S IND VFIN" extra="vN mv"/>
			<t id="s2_28" word="number" lemma="number" pos="n" morph="M S" extra="heur"/>
			<t id="s2_29" word="horas" lemma="hora" pos="n" morph="F P" sem="dur temp unit" extra="--"/>
			<t id="s2_30" word="em" lemma="em" pos="prp" morph="--" extra="--"/>
			<t id="s2_31" word="stand" lemma="stand" pos="n" morph="M S" sem="Lh" extra="--"/>
			<t id="s2_32" word="by" lemma="by" pos="prp" morph="--" extra="foreign np-close"/>
			<t id="s2_33" word="," lemma="--" pos="pu" morph="--" extra="--"/>
			<t id="s2_34" word="mentira" lemma="mentir" pos="v-fin" morph="MQP 3S IND VFIN" extra="nosubj nosubj cjt-STA vH fmc mv"/>
			<t id="s2_35" word="não" lemma="não" pos="adv" morph="--" extra="--"/>
			<t id="s2_36" word="dura" lemma="durar" pos="v-fin" morph="PR 3S IND VFIN" extra="clb-fs vN mv"/>
			<t id="s2_37" word="," lemma="--" pos="pu" morph="--" extra="--"/>
			<t id="s2_38" word="diz" lemma="dizer" pos="v-fin" morph="PR 3S IND VFIN" extra="nosubj nosubj cjt-STA vH fmc mv"/>
			<t id="s2_39" word="que" lemma="que" pos="conj-s" morph="--" extra="clb clb-fs"/>
			<t id="s2_40" word="dá" lemma="dar" pos="v-fin" morph="PR 3S IND VFIN" extra="mv"/>
			<t id="s2_41" word="para" lemma="para" pos="prp" morph="--" extra="--"/>
			<t id="s2_42" word="escutar" lemma="escutar" pos="v-inf" morph="--" extra="vH mv"/>
			<t id="s2_43" word="number" lemma="number" pos="v-inf" morph="--" extra="heur mv"/>
			<t id="s2_44" word="horas" lemma="hora" pos="n" morph="F P" sem="dur temp unit" extra="--"/>
			<t id="s2_45" word="de" lemma="de" pos="prp" morph="--" extra="np-close"/>
			<t id="s2_46" word="musica" lemma="musicar" pos="v-fin" morph="PR 3S IND VFIN" extra="nosubj nosubj cjt-STA vH fmc mv"/>
			<t id="s2_47" word="," lemma="--" pos="pu" morph="--" extra="--"/>
			<t id="s2_48" word="outra" lemma="outro" pos="pron-indef" morph="DET F S" extra="diff KOMP"/>
			<t id="s2_49" word="mentira" lemma="mentira" pos="n" morph="F S" sem="sem-s" extra="--"/>
			<t id="s2_50" word="." lemma="--" pos="pu" morph="--" extra="--"/>
			<t id="s2_51" word="." lemma="--" pos="pu" morph="--" extra="--"/>
		</terminals>

		<nonterminals>
			<nt id="s2_500" cat="s">
				<edge label="UTT" idref="s2_501"/>
			</nt>
			<nt id="s2_501" cat="x">
				<edge label="DN" idref="s2_504"/>
				<edge label="S" idref="s2_2"/>
				<edge label="P" idref="s2_3"/>
				<edge label="CJT" idref="s2_506"/>
				<edge label="CJT" idref="s2_508"/>
				<edge label="PU" idref="s2_21"/>
				<edge label="CJT" idref="s2_512"/>
				<edge label="PU" idref="s2_33"/>
				<edge label="CJT" idref="s2_518"/>
				<edge label="PU" idref="s2_37"/>
				<edge label="CJT" idref="s2_519"/>
				<edge label="CJT" idref="s2_525"/>
				<edge label="PU" idref="s2_50"/>
				<edge label="PU" idref="s2_51"/>
			</nt>
			<nt id="s2_502" cat="par">
				<edge label="CJT" idref="s2_503"/>
			</nt>
			<nt id="s2_503" cat="fcl">
				<edge label="S" idref="s2_1"/>
			</nt>
			<nt id="s2_504" cat="fcl">
				<edge label="P" idref="s2_4"/>
				<edge label="Cs" idref="s2_505"/>
			</nt>
			<nt id="s2_505" cat="np">
				<edge label="DN" idref="s2_5"/>
				<edge label="DN" idref="s2_6"/>
				<edge label="H" idref="s2_7"/>
				<edge label="DN" idref="s2_507"/>
			</nt>
			<nt id="s2_506" cat="x">
				<edge label="PREF" idref="s2_8"/>
				<edge label="P" idref="s2_9"/>
				<edge label="Od" idref="s2_10"/>
			</nt>
			<nt id="s2_507" cat="fcl">
				<edge label="S" idref="s2_11"/>
				<edge label="fA" idref="s2_12"/>
				<edge label="P" idref="s2_13"/>
			</nt>
			<nt id="s2_508" cat="fcl">
				<edge label="S" idref="s2_509"/>
				<edge label="P" idref="s2_19"/>
				<edge label="Cs" idref="s2_20"/>
			</nt>
			<nt id="s2_509" cat="np">
				<edge label="DN" idref="s2_14"/>
				<edge label="H" idref="s2_15"/>
				<edge label="DN" idref="s2_510"/>
			</nt>
			<nt id="s2_510" cat="pp">
				<edge label="H" idref="s2_16"/>
				<edge label="DP" idref="s2_511"/>
			</nt>
			<nt id="s2_511" cat="np">
				<edge label="DN" idref="s2_17"/>
				<edge label="H" idref="s2_18"/>
			</nt>
			<nt id="s2_512" cat="x">
				<edge label="fA" idref="s2_513"/>
				<edge label="P" idref="s2_25"/>
				<edge label="Od" idref="s2_515"/>
			</nt>
			<nt id="s2_513" cat="pp">
				<edge label="H" idref="s2_22"/>
				<edge label="DP" idref="s2_514"/>
			</nt>
			<nt id="s2_514" cat="np">
				<edge label="DN" idref="s2_23"/>
				<edge label="H" idref="s2_24"/>
			</nt>
			<nt id="s2_515" cat="fcl">
				<edge label="SUB" idref="s2_26"/>
				<edge label="P" idref="s2_27"/>
				<edge label="S" idref="s2_28"/>
				<edge label="fA" idref="s2_29"/>
				<edge label="fA" idref="s2_516"/>
			</nt>
			<nt id="s2_516" cat="pp">
				<edge label="H" idref="s2_30"/>
				<edge label="DP" idref="s2_517"/>
			</nt>
			<nt id="s2_517" cat="np">
				<edge label="H" idref="s2_31"/>
				<edge label="DN" idref="s2_32"/>
			</nt>
			<nt id="s2_518" cat="x">
				<edge label="P" idref="s2_34"/>
				<edge label="fA" idref="s2_35"/>
				<edge label="Od" idref="s2_36"/>
			</nt>
			<nt id="s2_519" cat="x">
				<edge label="P" idref="s2_38"/>
				<edge label="Od" idref="s2_520"/>
			</nt>
			<nt id="s2_520" cat="fcl">
				<edge label="SUB" idref="s2_39"/>
				<edge label="P" idref="s2_40"/>
				<edge label="Op" idref="s2_521"/>
			</nt>
			<nt id="s2_521" cat="pp">
				<edge label="H" idref="s2_41"/>
				<edge label="DP" idref="s2_522"/>
			</nt>
			<nt id="s2_522" cat="icl">
				<edge label="P" idref="s2_42"/>
				<edge label="Od" idref="s2_523"/>
			</nt>
			<nt id="s2_523" cat="icl">
				<edge label="P" idref="s2_43"/>
				<edge label="Od" idref="s2_524"/>
			</nt>
			<nt id="s2_524" cat="np">
				<edge label="H" idref="s2_44"/>
				<edge label="DN" idref="s2_45"/>
			</nt>
			<nt id="s2_525" cat="x">
				<edge label="P" idref="s2_46"/>
				<edge label="PU" idref="s2_47"/>
				<edge label="Od" idref="s2_526"/>
			</nt>
			<nt id="s2_526" cat="np">
				<edge label="DN" idref="s2_48"/>
				<edge label="H" idref="s2_49"/>
			</nt>
		</nonterminals>
	</graph>
</s>

	</body>
</corpus>
