<?xml version="1.0" encoding="UTF-8"?>
<corpus>

	<body>
<s id="s1" ref="1" source="Running text" forest="1" text="é simples e prático.">
	<graph root="s1_500">
		<terminals>
			<t id="s1_1" word="é" lemma="ser" pos="v-fin" morph="PR 3S IND VFIN" extra="vK fmc mv"/>
			<t id="s1_2" word="simples" lemma="simples" pos="adj" morph="M/F S/P" extra="cjt-head cjt-head-Cs jh"/>
			<t id="s1_3" word="e" lemma="e" pos="conj-c" morph="--" extra="--"/>
			<t id="s1_4" word="prático" lemma="prático" pos="adj" morph="M S" extra="cjt-Cs jh"/>
			<t id="s1_5" word="." lemma="--" pos="pu" morph="--" extra="--"/>
		</terminals>

		<nonterminals>
			<nt id="s1_500" cat="s">
				<edge label="STA" idref="s1_501"/>
			</nt>
			<nt id="s1_501" cat="fcl">
				<edge label="P" idref="s1_1"/>
				<edge label="Cs" idref="s1_502"/>
				<edge label="CO" idref="s1_3"/>
				<edge label="PU" idref="s1_5"/>
			</nt>
			<nt id="s1_502" cat="par">
				<edge label="CJT" idref="s1_2"/>
				<edge label="CJT" idref="s1_4"/>
			</nt>
		</nonterminals>
	</graph>
</s>

<s id="s2" ref="2" source="Running text" forest="1" text="como celular cumpre o que promete e só.">
	<graph root="s2_500">
		<terminals>
			<t id="s2_1" word="como" lemma="como" pos="adv" morph="--" extra="clb clb-fs rel ks"/>
			<t id="s2_2" word="celular" lemma="celular" pos="adj" morph="M/F S" extra="nh"/>
			<t id="s2_3" word="cumpre" lemma="cumprir" pos="v-fin" morph="PR 3S IND VFIN" extra="mv np-close"/>
			<t id="s2_4" word="o" lemma="o" pos="pron-dem" morph="DET M S" extra="dem"/>
			<t id="s2_5" word="que" lemma="que" pos="spec" morph="M S" extra="clb clb-fs rel"/>
			<t id="s2_6" word="promete" lemma="prometer" pos="v-fin" morph="PR 3S IND VFIN" extra="vH mv np-close"/>
			<t id="s2_7" word="e" lemma="e" pos="conj-c" morph="--" extra="--"/>
			<t id="s2_8" word="só" lemma="só" pos="adv" morph="--" extra="--"/>
			<t id="s2_9" word="." lemma="--" pos="pu" morph="--" extra="--"/>
		</terminals>

		<nonterminals>
			<nt id="s2_500" cat="s">
				<edge label="DN" idref="s2_501"/>
			</nt>
			<nt id="s2_501" cat="fcl">
				<edge label="fA" idref="s2_1"/>
				<edge label="S" idref="s2_2"/>
				<edge label="P" idref="s2_3"/>
				<edge label="Od" idref="s2_4"/>
				<edge label="DN" idref="s2_502"/>
				<edge label="Od" idref="s2_5"/>
				<edge label="P" idref="s2_6"/>
				<edge label="CO" idref="s2_7"/>
				<edge label="fA" idref="s2_8"/>
				<edge label="PU" idref="s2_9"/>
			</nt>
			<nt id="s2_502" cat="fcl">
			</nt>
		</nonterminals>
	</graph>
</s>

<s id="s3" ref="3" source="Running text" forest="1" text="o que gostei funcional o que não gostei não tem internet wi-fi.">
	<graph root="s3_500">
		<terminals>
			<t id="s3_1" word="o" lemma="o" pos="pron-dem" morph="DET M S" extra="dem"/>
			<t id="s3_2" word="que" lemma="que" pos="spec" morph="M S" extra="clb clb-fs rel"/>
			<t id="s3_3" word="gostei" lemma="gostar" pos="v-fin" morph="PS 1S IND VFIN" extra="vH mv np-close"/>
			<t id="s3_4" word="funcional" lemma="funcional" pos="adj" morph="M/F S" extra="nh"/>
			<t id="s3_5" word="o" lemma="o" pos="pron-dem" morph="DET M S" extra="dem"/>
			<t id="s3_6" word="que" lemma="que" pos="spec" morph="M S" extra="clb clb-fs rel"/>
			<t id="s3_7" word="não" lemma="não" pos="adv" morph="--" extra="--"/>
			<t id="s3_8" word="gostei" lemma="gostar" pos="v-fin" morph="PS 1S IND VFIN" extra="vH mv np-close"/>
			<t id="s3_9" word="não" lemma="não" pos="adv" morph="--" extra="--"/>
			<t id="s3_10" word="tem" lemma="ter" pos="v-fin" morph="PR 3S IND VFIN" extra="predco predco fmc mv"/>
			<t id="s3_11" word="internet" lemma="internet" pos="n" morph="F S" extra="newlex"/>
			<t id="s3_12" word="wi-fi" lemma="wi-fer" pos="v-fin" morph="PS 1S IND VFIN" extra="cjt-STA foreign heur fmc mv"/>
			<t id="s3_13" word="." lemma="--" pos="pu" morph="--" extra="--"/>
		</terminals>

		<nonterminals>
			<nt id="s3_500" cat="s">
				<edge label="STA" idref="s3_501"/>
			</nt>
			<nt id="s3_501" cat="fcl">
				<edge label="S" idref="s3_1"/>
				<edge label="DN" idref="s3_502"/>
				<edge label="S" idref="s3_2"/>
				<edge label="P" idref="s3_3"/>
				<edge label="S" idref="s3_5"/>
				<edge label="DN" idref="s3_504"/>
				<edge label="S" idref="s3_6"/>
				<edge label="fA" idref="s3_7"/>
				<edge label="P" idref="s3_8"/>
				<edge label="fA" idref="s3_9"/>
				<edge label="X" idref="s3_505"/>
				<edge label="PU" idref="s3_13"/>
			</nt>
			<nt id="s3_502" cat="fcl">
				<edge label="CJT" idref="s3_503"/>
			</nt>
			<nt id="s3_503" cat="fcl">
				<edge label="S" idref="s3_4"/>
			</nt>
			<nt id="s3_504" cat="fcl">
			</nt>
			<nt id="s3_505" cat="par">
				<edge label="CJT" idref="s3_506"/>
				<edge label="CJT" idref="s3_507"/>
			</nt>
			<nt id="s3_506" cat="x">
				<edge label="P" idref="s3_10"/>
				<edge label="Od" idref="s3_11"/>
			</nt>
			<nt id="s3_507" cat="fcl">
				<edge label="P" idref="s3_12"/>
			</nt>
		</nonterminals>
	</graph>
</s>

	</body>
</corpus>
