<?xml version="1.0" encoding="UTF-8"?>
<corpus>

	<body>
<s id="s1" ref="1" source="Running text" forest="1" text="dinheiro bem aplicado, possui muitas funções, e é muito belo.">
	<graph root="s1_500">
		<terminals>
			<t id="s1_1" word="dinheiro" lemma="dinheiro" pos="n" morph="M S" sem="mon cm" extra="--"/>
			<t id="s1_2" word="bem" lemma="bem" pos="adv" morph="--" extra="quant"/>
			<t id="s1_3" word="aplicado" lemma="aplicar" pos="v-pcp" morph="M S" extra="np-close"/>
			<t id="s1_4" word="," lemma="--" pos="pu" morph="--" extra="--"/>
			<t id="s1_5" word="possui" lemma="possuir" pos="v-fin" morph="PR 3S IND VFIN" extra="cjt-head cjt-head-STA vH fmc mv"/>
			<t id="s1_6" word="muitas" lemma="muito" pos="pron-indef" morph="DET F P" extra="quant"/>
			<t id="s1_7" word="funções" lemma="função" pos="n" morph="F P" sem="ac pos-soc occ" extra="--"/>
			<t id="s1_8" word="," lemma="--" pos="pu" morph="--" extra="--"/>
			<t id="s1_9" word="e" lemma="e" pos="conj-c" morph="--" extra="clb"/>
			<t id="s1_10" word="é" lemma="ser" pos="v-fin" morph="PR 3S IND VFIN" extra="nosubj nosubj cjt-STA vK fmc mv"/>
			<t id="s1_11" word="muito" lemma="muito" pos="adv" morph="--" extra="quant"/>
			<t id="s1_12" word="belo" lemma="belo" pos="adj" morph="M S" extra="jh"/>
			<t id="s1_13" word="." lemma="--" pos="pu" morph="--" extra="--"/>
		</terminals>

		<nonterminals>
			<nt id="s1_500" cat="s">
				<edge label="STA" idref="s1_501"/>
			</nt>
			<nt id="s1_501" cat="par">
				<edge label="CJT" idref="s1_502"/>
				<edge label="PU" idref="s1_8"/>
				<edge label="CO" idref="s1_9"/>
				<edge label="CJT" idref="s1_506"/>
				<edge label="PU" idref="s1_13"/>
			</nt>
			<nt id="s1_502" cat="fcl">
				<edge label="S" idref="s1_503"/>
				<edge label="PU" idref="s1_4"/>
				<edge label="P" idref="s1_5"/>
				<edge label="Od" idref="s1_505"/>
			</nt>
			<nt id="s1_503" cat="np">
				<edge label="H" idref="s1_1"/>
				<edge label="DN" idref="s1_504"/>
			</nt>
			<nt id="s1_504" cat="adjp">
				<edge label="DA" idref="s1_2"/>
				<edge label="H" idref="s1_3"/>
			</nt>
			<nt id="s1_505" cat="np">
				<edge label="DN" idref="s1_6"/>
				<edge label="H" idref="s1_7"/>
			</nt>
			<nt id="s1_506" cat="x">
				<edge label="P" idref="s1_10"/>
				<edge label="Cs" idref="s1_507"/>
			</nt>
			<nt id="s1_507" cat="adjp">
				<edge label="DA" idref="s1_11"/>
				<edge label="H" idref="s1_12"/>
			</nt>
		</nonterminals>
	</graph>
</s>

<s id="s2" ref="2" source="Running text" forest="1" text="o que gostei alta durabilidade da bateria, design, entrada para cartão de memória.">
	<graph root="s2_500">
		<terminals>
			<t id="s2_1" word="o" lemma="o" pos="pron-dem" morph="DET M S" extra="dem"/>
			<t id="s2_2" word="que" lemma="que" pos="spec" morph="M S" extra="clb rel"/>
			<t id="s2_3" word="gostei" lemma="gostar" pos="v-fin" morph="PS 1S IND VFIN" extra="vH mv"/>
			<t id="s2_4" word="alta" lemma="alto" pos="adj" morph="F S" extra="--"/>
			<t id="s2_5" word="durabilidade" lemma="durabilidade" pos="n" morph="F S" sem="am" extra="--"/>
			<t id="s2_6" word="de" lemma="de" pos="prp" morph="--" extra="sam- np-close"/>
			<t id="s2_7" word="a" lemma="o" pos="art" morph="F S" extra="-sam "/>
			<t id="s2_8" word="bateria" lemma="bateria" pos="n" morph="F S" sem="tool" extra="--"/>
			<t id="s2_9" word="," lemma="--" pos="pu" morph="--" extra="--"/>
			<t id="s2_10" word="design" lemma="design" pos="n" morph="M S" sem="percep-f domain" extra="np-close"/>
			<t id="s2_11" word="," lemma="--" pos="pu" morph="--" extra="--"/>
			<t id="s2_12" word="entrada" lemma="entrada" pos="n" morph="F S" sem="Lh cc-r mon act part-build" extra="np-close"/>
			<t id="s2_13" word="para" lemma="para" pos="prp" morph="--" extra="--"/>
			<t id="s2_14" word="cartão" lemma="cartão" pos="n" morph="M S" sem="cm cc-r" extra="--"/>
			<t id="s2_15" word="de_memória" lemma="de_memória" pos="adv" morph="--" sem="pp" extra="--"/>
			<t id="s2_16" word="." lemma="--" pos="pu" morph="--" extra="--"/>
		</terminals>

		<nonterminals>
			<nt id="s2_500" cat="s">
				<edge label="X" idref="s2_501"/>
			</nt>
			<nt id="s2_501" cat="adjp">
				<edge label="H" idref="s2_1"/>
				<edge label="STA" idref="s2_502"/>
				<edge label="PU" idref="s2_16"/>
			</nt>
			<nt id="s2_502" cat="fcl">
				<edge label="X" idref="s2_2"/>
				<edge label="P" idref="s2_3"/>
				<edge label="S" idref="s2_503"/>
				<edge label="fA" idref="s2_507"/>
				<edge label="fA" idref="s2_15"/>
			</nt>
			<nt id="s2_503" cat="np">
				<edge label="DN" idref="s2_4"/>
				<edge label="H" idref="s2_5"/>
				<edge label="DN" idref="s2_504"/>
			</nt>
			<nt id="s2_504" cat="pp">
				<edge label="H" idref="s2_6"/>
				<edge label="DP" idref="s2_505"/>
			</nt>
			<nt id="s2_505" cat="np">
				<edge label="DN" idref="s2_7"/>
				<edge label="H" idref="s2_8"/>
				<edge label="PU" idref="s2_9"/>
				<edge label="DNc" idref="s2_506"/>
			</nt>
			<nt id="s2_506" cat="np">
				<edge label="H" idref="s2_10"/>
				<edge label="PU" idref="s2_11"/>
				<edge label="DNc" idref="s2_12"/>
			</nt>
			<nt id="s2_507" cat="pp">
				<edge label="H" idref="s2_13"/>
				<edge label="DP" idref="s2_14"/>
			</nt>
		</nonterminals>
	</graph>
</s>

<s id="s3" ref="3" source="Running text" forest="1" text="o que não gostei no começo estranhei o tamanho..">
	<graph root="s3_500">
		<terminals>
			<t id="s3_1" word="o" lemma="o" pos="pron-dem" morph="DET M S" extra="dem"/>
			<t id="s3_2" word="que" lemma="que" pos="spec" morph="M S" extra="clb clb-fs rel"/>
			<t id="s3_3" word="não" lemma="não" pos="adv" morph="--" extra="--"/>
			<t id="s3_4" word="gostei" lemma="gostar" pos="v-fin" morph="PS 1S IND VFIN" extra="vH mv np-close"/>
			<t id="s3_5" word="em" lemma="em" pos="prp" morph="--" extra="sam-"/>
			<t id="s3_6" word="o" lemma="o" pos="art" morph="M S" extra="-sam "/>
			<t id="s3_7" word="começo" lemma="começo" pos="n" morph="M S" sem="temp" extra="--"/>
			<t id="s3_8" word="estranhei" lemma="estranhar" pos="v-fin" morph="PS 1S IND VFIN" extra="vH fmc mv"/>
			<t id="s3_9" word="o" lemma="o" pos="art" morph="M S" extra="--"/>
			<t id="s3_10" word="tamanho" lemma="tamanho" pos="n" morph="M S" sem="f-q" extra="--"/>
			<t id="s3_11" word="." lemma="--" pos="pu" morph="--" extra="--"/>
			<t id="s3_12" word="." lemma="--" pos="pu" morph="--" extra="--"/>
		</terminals>

		<nonterminals>
			<nt id="s3_500" cat="s">
				<edge label="UTT" idref="s3_501"/>
			</nt>
			<nt id="s3_501" cat="x">
				<edge label="STA" idref="s3_502"/>
				<edge label="DN" idref="s3_503"/>
				<edge label="S" idref="s3_2"/>
				<edge label="fA" idref="s3_3"/>
				<edge label="P" idref="s3_4"/>
				<edge label="fA" idref="s3_504"/>
				<edge label="PU" idref="s3_11"/>
				<edge label="PU" idref="s3_12"/>
			</nt>
			<nt id="s3_502" cat="fcl">
				<edge label="S" idref="s3_1"/>
			</nt>
			<nt id="s3_503" cat="fcl">
			</nt>
			<nt id="s3_504" cat="pp">
				<edge label="H" idref="s3_5"/>
				<edge label="DP" idref="s3_505"/>
			</nt>
			<nt id="s3_505" cat="np">
				<edge label="DN" idref="s3_6"/>
				<edge label="H" idref="s3_7"/>
				<edge label="P" idref="s3_8"/>
				<edge label="Od" idref="s3_506"/>
			</nt>
			<nt id="s3_506" cat="np">
				<edge label="DN" idref="s3_9"/>
				<edge label="H" idref="s3_10"/>
			</nt>
		</nonterminals>
	</graph>
</s>

	</body>
</corpus>
