<?xml version="1.0" encoding="UTF-8"?>
<corpus>

	<body>
<s id="s1" ref="1" source="Running text" forest="1" text="para quem gosta de aparelhos com visualização de camera muito boa, esse aparelho é ótimo o que gostei visualização da camera muito boa o que não gostei ainda não encontrei nenhum contra, mas talvez a configuração de acesso a internet.">
	<graph root="s1_500">
		<terminals>
			<t id="s1_1" word="para" lemma="para" pos="prp" morph="--" extra="clb"/>
			<t id="s1_2" word="quem" lemma="quem" pos="spec" morph="M S" extra="clb-fs rel"/>
			<t id="s1_3" word="gosta" lemma="gostar" pos="v-fin" morph="PR 3S IND VFIN" extra="vH mv"/>
			<t id="s1_4" word="de" lemma="de" pos="prp" morph="--" extra="--"/>
			<t id="s1_5" word="aparelhos" lemma="aparelho" pos="n" morph="M P" sem="tool" extra="--"/>
			<t id="s1_6" word="com" lemma="com" pos="prp" morph="--" extra="np-close"/>
			<t id="s1_7" word="visualização" lemma="visualização" pos="n" morph="F S" sem="act" extra="--"/>
			<t id="s1_8" word="de" lemma="de" pos="prp" morph="--" extra="np-close"/>
			<t id="s1_9" word="camera" lemma="c�=mara" pos="n" morph="F S" sem="Lh HH" extra="--"/>
			<t id="s1_10" word="muito" lemma="muito" pos="adv" morph="--" extra="quant"/>
			<t id="s1_11" word="boa" lemma="bom" pos="adj" morph="F S" extra="jh np-close"/>
			<t id="s1_12" word="," lemma="--" pos="pu" morph="--" extra="--"/>
			<t id="s1_13" word="esse" lemma="esse" pos="pron-dem" morph="DET M S" extra="dem"/>
			<t id="s1_14" word="aparelho" lemma="aparelho" pos="n" morph="M S" sem="tool" extra="--"/>
			<t id="s1_15" word="é" lemma="ser" pos="v-fin" morph="PR 3S IND VFIN" extra="cjt-head cjt-head-STA vK fmc mv"/>
			<t id="s1_16" word="ótimo" lemma="bom" pos="adj" morph="M S" extra="SUP"/>
			<t id="s1_17" word="o" lemma="o" pos="pron-dem" morph="DET M S" extra="cjt-head cjt-head-S dem"/>
			<t id="s1_18" word="que" lemma="que" pos="spec" morph="M S" extra="clb clb-fs rel"/>
			<t id="s1_19" word="gostei" lemma="gostar" pos="v-fin" morph="PS 1S IND VFIN" extra="vH mv np-close"/>
			<t id="s1_20" word="visualização" lemma="visualização" pos="n" morph="F S" sem="act" extra="cjt-S"/>
			<t id="s1_21" word="de" lemma="de" pos="prp" morph="--" extra="sam- np-close"/>
			<t id="s1_22" word="a" lemma="o" pos="art" morph="F S" extra="-sam "/>
			<t id="s1_23" word="camera" lemma="c�=mara" pos="n" morph="F S" sem="Lh HH" extra="--"/>
			<t id="s1_24" word="muito" lemma="muito" pos="adv" morph="--" extra="quant"/>
			<t id="s1_25" word="boa" lemma="bom" pos="adj" morph="F S" extra="jh np-close"/>
			<t id="s1_26" word="o" lemma="o" pos="pron-dem" morph="DET M S" extra="dem"/>
			<t id="s1_27" word="que" lemma="que" pos="spec" morph="M S" extra="clb clb-fs rel"/>
			<t id="s1_28" word="não" lemma="não" pos="adv" morph="--" extra="--"/>
			<t id="s1_29" word="gostei" lemma="gostar" pos="v-fin" morph="PS 1S IND VFIN" extra="vH mv np-close"/>
			<t id="s1_30" word="ainda" lemma="ainda" pos="adv" morph="--" extra="--"/>
			<t id="s1_31" word="não" lemma="não" pos="adv" morph="--" extra="--"/>
			<t id="s1_32" word="encontrei" lemma="encontrar" pos="v-fin" morph="PS 1S IND VFIN" extra="cjt-STA vH fmc mv"/>
			<t id="s1_33" word="nenhum" lemma="nenhum" pos="pron-indef" morph="DET M S" extra="cjt-head cjt-head-Od quant"/>
			<t id="s1_34" word="contra" lemma="contra" pos="adv" morph="--" extra="--"/>
			<t id="s1_35" word="," lemma="--" pos="pu" morph="--" extra="--"/>
			<t id="s1_36" word="mas" lemma="mas" pos="conj-c" morph="--" extra="--"/>
			<t id="s1_37" word="talvez" lemma="talvez" pos="adv" morph="--" extra="--"/>
			<t id="s1_38" word="a" lemma="o" pos="art" morph="F S" extra="--"/>
			<t id="s1_39" word="configuração" lemma="configuração" pos="n" morph="F S" sem="act ac" extra="cjt-Od"/>
			<t id="s1_40" word="de" lemma="de" pos="prp" morph="--" extra="np-close"/>
			<t id="s1_41" word="acesso" lemma="acesso" pos="n" morph="M S" sem="event Lpath f-right" extra="--"/>
			<t id="s1_42" word="a" lemma="o" pos="art" morph="F S" extra="--"/>
			<t id="s1_43" word="internet" lemma="internet" pos="n" morph="F S" extra="cjt-Od newlex"/>
			<t id="s1_44" word="." lemma="--" pos="pu" morph="--" extra="--"/>
		</terminals>

		<nonterminals>
			<nt id="s1_500" cat="s">
				<edge label="DP" idref="s1_501"/>
			</nt>
			<nt id="s1_501" cat="fcl">
				<edge label="fA" idref="s1_1"/>
				<edge label="S" idref="s1_2"/>
				<edge label="P" idref="s1_3"/>
				<edge label="Op" idref="s1_502"/>
				<edge label="PU" idref="s1_44"/>
			</nt>
			<nt id="s1_502" cat="pp">
				<edge label="H" idref="s1_4"/>
				<edge label="DP" idref="s1_503"/>
			</nt>
			<nt id="s1_503" cat="np">
				<edge label="H" idref="s1_5"/>
				<edge label="DN" idref="s1_504"/>
			</nt>
			<nt id="s1_504" cat="pp">
				<edge label="H" idref="s1_6"/>
				<edge label="DP" idref="s1_505"/>
			</nt>
			<nt id="s1_505" cat="np">
				<edge label="H" idref="s1_7"/>
				<edge label="DN" idref="s1_506"/>
			</nt>
			<nt id="s1_506" cat="pp">
				<edge label="H" idref="s1_8"/>
				<edge label="DP" idref="s1_507"/>
			</nt>
			<nt id="s1_507" cat="np">
				<edge label="H" idref="s1_9"/>
				<edge label="DN" idref="s1_508"/>
				<edge label="PU" idref="s1_12"/>
				<edge label="STA" idref="s1_509"/>
			</nt>
			<nt id="s1_508" cat="adjp">
				<edge label="DA" idref="s1_10"/>
				<edge label="H" idref="s1_11"/>
			</nt>
			<nt id="s1_509" cat="par">
				<edge label="CJT" idref="s1_510"/>
				<edge label="CJT" idref="s1_512"/>
			</nt>
			<nt id="s1_510" cat="fcl">
				<edge label="S" idref="s1_511"/>
				<edge label="P" idref="s1_15"/>
				<edge label="Cs" idref="s1_16"/>
			</nt>
			<nt id="s1_511" cat="np">
				<edge label="DN" idref="s1_13"/>
				<edge label="H" idref="s1_14"/>
				<secedge label="*" idref="s1_515"/>
				<secedge label="*" idref="s1_516"/>
			</nt>
			<nt id="s1_512" cat="fcl">
				<edge label="S" idref="s1_513"/>
				<edge label="S" idref="s1_514"/>
				<edge label="S" idref="s1_26"/>
				<edge label="fA" idref="s1_521"/>
				<edge label="P" idref="s1_32"/>
				<edge label="Od" idref="s1_522"/>
				<edge label="fA" idref="s1_34"/>
				<edge label="fA" idref="s1_37"/>
			</nt>
			<nt id="s1_513" cat="par">
				<edge label="CJT" idref="s1_17"/>
			</nt>
			<nt id="s1_514" cat="np">
				<edge label="DN" idref="s1_515"/>
				<edge label="CJT" idref="s1_516"/>
			</nt>
			<nt id="s1_515" cat="fcl">
				<edge label="S" idref="s1_18"/>
				<edge label="P" idref="s1_19"/>
			</nt>
			<nt id="s1_516" cat="np">
				<edge label="H" idref="s1_20"/>
				<edge label="DN" idref="s1_517"/>
			</nt>
			<nt id="s1_517" cat="pp">
				<edge label="H" idref="s1_21"/>
				<edge label="DP" idref="s1_518"/>
			</nt>
			<nt id="s1_518" cat="np">
				<edge label="DN" idref="s1_22"/>
				<edge label="H" idref="s1_23"/>
				<edge label="DN" idref="s1_519"/>
				<edge label="DN" idref="s1_520"/>
			</nt>
			<nt id="s1_519" cat="adjp">
				<edge label="DA" idref="s1_24"/>
				<edge label="H" idref="s1_25"/>
			</nt>
			<nt id="s1_520" cat="fcl">
				<edge label="S" idref="s1_27"/>
				<edge label="fA" idref="s1_28"/>
				<edge label="P" idref="s1_29"/>
			</nt>
			<nt id="s1_521" cat="advp">
				<edge label="DA" idref="s1_30"/>
				<edge label="H" idref="s1_31"/>
			</nt>
			<nt id="s1_522" cat="par">
				<edge label="CJT" idref="s1_33"/>
				<edge label="PU" idref="s1_35"/>
				<edge label="CJT" idref="s1_523"/>
				<edge label="CJT" idref="s1_525"/>
			</nt>
			<nt id="s1_523" cat="np">
				<edge label="DN" idref="s1_524"/>
				<edge label="DN" idref="s1_38"/>
				<edge label="H" idref="s1_39"/>
				<edge label="-DN" idref="s1_40"/>
			</nt>
			<nt id="s1_524" cat="pp">
				<edge label="CO" idref="s1_36"/>
				<edge label="DP" idref="s1_41"/>
			</nt>
			<nt id="s1_525" cat="np">
				<edge label="DN" idref="s1_42"/>
				<edge label="H" idref="s1_43"/>
			</nt>
		</nonterminals>
	</graph>
</s>

	</body>
</corpus>
