<?xml version="1.0" encoding="UTF-8"?>
<corpus>

	<body>
<s id="s1" ref="1" source="Running text" forest="1" text="em as especificações técnicas diz até number horas de uso em stand-by, mas de acordo com a lg, em condições diárias ela só dura number ou number dias.">
	<graph root="s1_500">
		<terminals>
			<t id="s1_1" word="em" lemma="em" pos="prp" morph="--" extra="sam-"/>
			<t id="s1_2" word="as" lemma="o" pos="art" morph="F P" extra="-sam "/>
			<t id="s1_3" word="especificações" lemma="especificação" pos="n" morph="F P" sem="act" extra="--"/>
			<t id="s1_4" word="técnicas" lemma="técnico" pos="adj" morph="F P" extra="nh np-close"/>
			<t id="s1_5" word="diz" lemma="dizer" pos="v-fin" morph="PR 3S IND VFIN" extra="nosubj nosubj cjt-head cjt-head-STA vH fmc mv"/>
			<t id="s1_6" word="até" lemma="até" pos="adv" morph="--" extra="--"/>
			<t id="s1_7" word="number" lemma="number" pos="n" morph="M S" extra="heur"/>
			<t id="s1_8" word="horas" lemma="hora" pos="n" morph="F P" sem="dur temp unit" extra="--"/>
			<t id="s1_9" word="de" lemma="de" pos="prp" morph="--" extra="np-close"/>
			<t id="s1_10" word="uso" lemma="uso" pos="n" morph="M S" sem="act ac" extra="--"/>
			<t id="s1_11" word="em" lemma="em" pos="prp" morph="--" extra="--"/>
			<t id="s1_12" word="stand-by" lemma="stand-by" pos="n" morph="M S" extra="foreign heur"/>
			<t id="s1_13" word="," lemma="--" pos="pu" morph="--" extra="--"/>
			<t id="s1_14" word="mas" lemma="mas" pos="conj-c" morph="--" extra="--"/>
			<t id="s1_15" word="de_acordo" lemma="de_acordo" pos="adv" morph="--" sem="pp" extra="--"/>
			<t id="s1_16" word="com" lemma="com" pos="prp" morph="--" extra="--"/>
			<t id="s1_17" word="a" lemma="o" pos="art" morph="F S" extra="--"/>
			<t id="s1_18" word="lg" lemma="lg" pos="n" morph="F S" extra="foreign"/>
			<t id="s1_19" word="," lemma="--" pos="pu" morph="--" extra="--"/>
			<t id="s1_20" word="em" lemma="em" pos="prp" morph="--" extra="--"/>
			<t id="s1_21" word="condições" lemma="condição" pos="n" morph="F P" sem="sem-c sit state" extra="--"/>
			<t id="s1_22" word="diárias" lemma="diário" pos="adj" morph="F P" extra="nh np-close"/>
			<t id="s1_23" word="ela" lemma="ela" pos="pron-pers" morph="F 3S NOM" extra="--"/>
			<t id="s1_24" word="só" lemma="só" pos="adv" morph="--" extra="--"/>
			<t id="s1_25" word="dura" lemma="durar" pos="v-fin" morph="PR 3S IND VFIN" extra="cjt-STA vN fmc mv"/>
			<t id="s1_26" word="number" lemma="number" pos="n" morph="M S" extra="heur"/>
			<t id="s1_27" word="ou" lemma="ou" pos="conj-c" morph="--" extra="--"/>
			<t id="s1_28" word="number" lemma="number" pos="v-inf" morph="--" extra="heur mv"/>
			<t id="s1_29" word="dias" lemma="dia" pos="n" morph="M P" sem="temp dur per unit" extra="--"/>
			<t id="s1_30" word="." lemma="--" pos="pu" morph="--" extra="--"/>
		</terminals>

		<nonterminals>
			<nt id="s1_500" cat="s">
				<edge label="STA" idref="s1_501"/>
			</nt>
			<nt id="s1_501" cat="par">
				<edge label="CJT" idref="s1_502"/>
				<edge label="PU" idref="s1_13"/>
				<edge label="CJT" idref="s1_509"/>
				<edge label="UTT" idref="s1_517"/>
				<edge label="PU" idref="s1_30"/>
			</nt>
			<nt id="s1_502" cat="fcl">
				<edge label="fA" idref="s1_503"/>
				<edge label="P" idref="s1_5"/>
				<edge label="Od" idref="s1_505"/>
				<edge label="Co" idref="s1_506"/>
				<edge label="fA" idref="s1_508"/>
			</nt>
			<nt id="s1_503" cat="pp">
				<edge label="H" idref="s1_1"/>
				<edge label="DP" idref="s1_504"/>
			</nt>
			<nt id="s1_504" cat="np">
				<edge label="DN" idref="s1_2"/>
				<edge label="H" idref="s1_3"/>
				<edge label="DN" idref="s1_4"/>
			</nt>
			<nt id="s1_505" cat="np">
				<edge label="DN" idref="s1_6"/>
				<edge label="H" idref="s1_7"/>
			</nt>
			<nt id="s1_506" cat="np">
				<edge label="H" idref="s1_8"/>
				<edge label="DN" idref="s1_507"/>
			</nt>
			<nt id="s1_507" cat="pp">
				<edge label="H" idref="s1_9"/>
				<edge label="DP" idref="s1_10"/>
			</nt>
			<nt id="s1_508" cat="pp">
				<edge label="H" idref="s1_11"/>
				<edge label="DP" idref="s1_12"/>
			</nt>
			<nt id="s1_509" cat="fcl">
				<edge label="fA" idref="s1_510"/>
				<edge label="fA" idref="s1_513"/>
				<edge label="S" idref="s1_23"/>
				<edge label="fA" idref="s1_24"/>
				<edge label="P" idref="s1_25"/>
			</nt>
			<nt id="s1_510" cat="pp">
				<edge label="DP" idref="s1_511"/>
			</nt>
			<nt id="s1_511" cat="np">
				<edge label="DN" idref="s1_512"/>
			</nt>
			<nt id="s1_512" cat="adjp">
				<edge label="CO" idref="s1_14"/>
			</nt>
			<nt id="s1_513" cat="advp">
				<edge label="H" idref="s1_15"/>
				<edge label="DA" idref="s1_514"/>
				<edge label="PU" idref="s1_19"/>
				<edge label="H" idref="s1_20"/>
				<edge label="DP" idref="s1_516"/>
			</nt>
			<nt id="s1_514" cat="pp">
				<edge label="H" idref="s1_16"/>
				<edge label="DP" idref="s1_515"/>
			</nt>
			<nt id="s1_515" cat="np">
				<edge label="DN" idref="s1_17"/>
				<edge label="H" idref="s1_18"/>
			</nt>
			<nt id="s1_516" cat="np">
				<edge label="H" idref="s1_21"/>
				<edge label="-DN" idref="s1_22"/>
				<edge label="CO" idref="s1_27"/>
				<edge label="P" idref="s1_28"/>
				<edge label="As" idref="s1_29"/>
			</nt>
			<nt id="s1_517" cat="icl">
				<edge label="fCs" idref="s1_26"/>
			</nt>
		</nonterminals>
	</graph>
</s>

<s id="s2" ref="2" source="Running text" forest="1" text="isso se você não receber chamada, nem mensagens, não ouvir música, tirar todos os sons do aparelho, desabilitar iluminação de tela e nunca, ou disse nunca usar a internet.">
	<graph root="s2_500">
		<terminals>
			<t id="s2_1" word="isso" lemma="isso" pos="spec" morph="M S" extra="dem"/>
			<t id="s2_2" word="se" lemma="se" pos="conj-s" morph="--" extra="clb clb-fs"/>
			<t id="s2_3" word="você" lemma="você" pos="pron-pers" morph="M/F 3S NOM" extra="--"/>
			<t id="s2_4" word="não" lemma="não" pos="adv" morph="--" extra="--"/>
			<t id="s2_5" word="receber" lemma="receber" pos="v-fin" morph="FUT 3S SUBJ VFIN" extra="vH mv"/>
			<t id="s2_6" word="chamada" lemma="chamada" pos="n" morph="F S" sem="act-s" extra="--"/>
			<t id="s2_7" word="," lemma="--" pos="pu" morph="--" extra="--"/>
			<t id="s2_8" word="nem" lemma="nem" pos="conj-c" morph="--" extra="--"/>
			<t id="s2_9" word="mensagens" lemma="mensagem" pos="n" morph="F P" sem="sem-s" extra="np-close"/>
			<t id="s2_10" word="," lemma="--" pos="pu" morph="--" extra="--"/>
			<t id="s2_11" word="não" lemma="não" pos="adv" morph="--" extra="--"/>
			<t id="s2_12" word="ouvir" lemma="ouvir" pos="v-inf" morph="--" extra="vH mv"/>
			<t id="s2_13" word="música" lemma="música" pos="n" morph="F S" sem="domain sem-l cc-r" extra="--"/>
			<t id="s2_14" word="," lemma="--" pos="pu" morph="--" extra="--"/>
			<t id="s2_15" word="tirar" lemma="tirar" pos="v-inf" morph="--" extra="vH mv"/>
			<t id="s2_16" word="todos_os" lemma="todo_o" pos="pron-indef" morph="DET M P" extra="quant"/>
			<t id="s2_17" word="sons" lemma="som" pos="n" morph="M P" sem="percep-l" extra="--"/>
			<t id="s2_18" word="de" lemma="de" pos="prp" morph="--" extra="sam- np-close"/>
			<t id="s2_19" word="o" lemma="o" pos="art" morph="M S" extra="-sam "/>
			<t id="s2_20" word="aparelho" lemma="aparelho" pos="n" morph="M S" sem="tool" extra="--"/>
			<t id="s2_21" word="," lemma="--" pos="pu" morph="--" extra="--"/>
			<t id="s2_22" word="desabilitar" lemma="desabilitar" pos="v-inf" morph="--" extra="vH mv"/>
			<t id="s2_23" word="iluminação" lemma="iluminação" pos="n" morph="F S" sem="act sem-c" extra="--"/>
			<t id="s2_24" word="de" lemma="de" pos="prp" morph="--" extra="np-close"/>
			<t id="s2_25" word="tela" lemma="tela" pos="n" morph="F S" sem="cc-h pict mat-cloth" extra="--"/>
			<t id="s2_26" word="e" lemma="e" pos="conj-c" morph="--" extra="--"/>
			<t id="s2_27" word="nunca" lemma="nunca" pos="adv" morph="--" extra="--"/>
			<t id="s2_28" word="," lemma="--" pos="pu" morph="--" extra="--"/>
			<t id="s2_29" word="ou" lemma="ou" pos="conj-c" morph="--" extra="--"/>
			<t id="s2_30" word="disse" lemma="dizer" pos="v-fin" morph="PS 3S IND VFIN" extra="vH fmc mv"/>
			<t id="s2_31" word="nunca" lemma="nunca" pos="adv" morph="--" extra="--"/>
			<t id="s2_32" word="usar" lemma="usar" pos="v-inf" morph="--" extra="vH mv"/>
			<t id="s2_33" word="a" lemma="o" pos="art" morph="F S" extra="--"/>
			<t id="s2_34" word="internet" lemma="internet" pos="n" morph="F S" sem="Labs" extra="--"/>
			<t id="s2_35" word="." lemma="--" pos="pu" morph="--" extra="--"/>
		</terminals>

		<nonterminals>
			<nt id="s2_500" cat="s">
				<edge label="UTT" idref="s2_501"/>
			</nt>
			<nt id="s2_501" cat="x">
				<edge label="X" idref="s2_1"/>
				<edge label="fA" idref="s2_502"/>
				<edge label="fA" idref="s2_503"/>
				<edge label="P" idref="s2_30"/>
				<edge label="fA" idref="s2_31"/>
				<edge label="Od" idref="s2_514"/>
				<edge label="PU" idref="s2_35"/>
			</nt>
			<nt id="s2_502" cat="fcl">
			</nt>
			<nt id="s2_503" cat="fcl">
				<edge label="SUB" idref="s2_2"/>
				<edge label="S" idref="s2_3"/>
				<edge label="fA" idref="s2_4"/>
				<edge label="P" idref="s2_5"/>
				<edge label="Od" idref="s2_504"/>
				<edge label="PU" idref="s2_10"/>
				<edge label="Od" idref="s2_506"/>
				<edge label="Od" idref="s2_13"/>
				<edge label="Od" idref="s2_508"/>
			</nt>
			<nt id="s2_504" cat="np">
				<edge label="H" idref="s2_6"/>
				<edge label="PU" idref="s2_7"/>
				<edge label="DNc" idref="s2_505"/>
			</nt>
			<nt id="s2_505" cat="np">
				<edge label="CO" idref="s2_8"/>
				<edge label="H" idref="s2_9"/>
			</nt>
			<nt id="s2_506" cat="icl">
				<edge label="fA" idref="s2_11"/>
				<edge label="P" idref="s2_12"/>
				<edge label="PU" idref="s2_14"/>
				<edge label="Od" idref="s2_507"/>
			</nt>
			<nt id="s2_507" cat="icl">
				<edge label="P" idref="s2_15"/>
			</nt>
			<nt id="s2_508" cat="np">
				<edge label="DN" idref="s2_16"/>
				<edge label="H" idref="s2_17"/>
				<edge label="DN" idref="s2_509"/>
			</nt>
			<nt id="s2_509" cat="pp">
				<edge label="H" idref="s2_18"/>
				<edge label="DP" idref="s2_510"/>
				<edge label="PU" idref="s2_21"/>
				<edge label="Od" idref="s2_511"/>
			</nt>
			<nt id="s2_510" cat="np">
				<edge label="DN" idref="s2_19"/>
				<edge label="H" idref="s2_20"/>
			</nt>
			<nt id="s2_511" cat="icl">
				<edge label="P" idref="s2_22"/>
				<edge label="Od" idref="s2_512"/>
			</nt>
			<nt id="s2_512" cat="np">
				<edge label="H" idref="s2_23"/>
				<edge label="DN" idref="s2_513"/>
			</nt>
			<nt id="s2_513" cat="pp">
				<edge label="H" idref="s2_24"/>
				<edge label="DP" idref="s2_25"/>
			</nt>
			<nt id="s2_514" cat="icl">
				<edge label="P" idref="s2_32"/>
				<edge label="Od" idref="s2_515"/>
			</nt>
			<nt id="s2_515" cat="np">
				<edge label="DN" idref="s2_33"/>
				<edge label="H" idref="s2_34"/>
			</nt>
		</nonterminals>
	</graph>
</s>

<s id="s3" ref="3" source="Running text" forest="1" text="aí sim, você consegue ter um &quot;celular �sem carregar por number dias.">
	<graph root="s3_500">
		<terminals>
			<t id="s3_1" word="aí" lemma="aí" pos="adv" morph="--" extra="kc"/>
			<t id="s3_2" word="sim" lemma="sim" pos="adv" morph="--" extra="--"/>
			<t id="s3_3" word="," lemma="--" pos="pu" morph="--" extra="--"/>
			<t id="s3_4" word="você" lemma="você" pos="pron-pers" morph="M/F 3S NOM" extra="--"/>
			<t id="s3_5" word="consegue" lemma="conseguir" pos="v-fin" morph="PR 3S IND VFIN" extra="vH fmc mv"/>
			<t id="s3_6" word="ter" lemma="ter" pos="v-inf" morph="--" extra="mv"/>
			<t id="s3_7" word="um" lemma="um" pos="num" morph="M S" extra="cjt-head cjt-head-Od card"/>
			<t id="s3_8" word="&quot;" lemma="--" pos="pu" morph="--" extra="--"/>
			<t id="s3_9" word="celular" lemma="celular" pos="adj" morph="M/F S" extra="cjt-Od nh"/>
			<t id="s3_10" word="&quot;" lemma="--" pos="pu" morph="--" extra="--"/>
			<t id="s3_11" word="sem" lemma="sem" pos="prp" morph="--" extra="--"/>
			<t id="s3_12" word="carregar" lemma="carregar" pos="v-inf" morph="--" extra="vH mv"/>
			<t id="s3_13" word="por" lemma="por" pos="prp" morph="--" extra="--"/>
			<t id="s3_14" word="number" lemma="number" pos="n" morph="M S" extra="heur"/>
			<t id="s3_15" word="dias" lemma="dia" pos="n" morph="M P" sem="temp dur per unit" extra="--"/>
			<t id="s3_16" word="." lemma="--" pos="pu" morph="--" extra="--"/>
		</terminals>

		<nonterminals>
			<nt id="s3_500" cat="s">
				<edge label="STA" idref="s3_501"/>
			</nt>
			<nt id="s3_501" cat="fcl">
				<edge label="fA" idref="s3_1"/>
				<edge label="fA" idref="s3_2"/>
				<edge label="PU" idref="s3_3"/>
				<edge label="S" idref="s3_4"/>
				<edge label="P" idref="s3_5"/>
				<edge label="Od" idref="s3_502"/>
				<edge label="PU" idref="s3_16"/>
			</nt>
			<nt id="s3_502" cat="icl">
				<edge label="P" idref="s3_6"/>
				<edge label="Od" idref="s3_503"/>
				<edge label="PU" idref="s3_10"/>
				<edge label="fA" idref="s3_504"/>
			</nt>
			<nt id="s3_503" cat="par">
				<edge label="CJT" idref="s3_7"/>
				<edge label="PU" idref="s3_8"/>
				<edge label="CJT" idref="s3_9"/>
			</nt>
			<nt id="s3_504" cat="pp">
				<edge label="H" idref="s3_11"/>
				<edge label="DP" idref="s3_505"/>
			</nt>
			<nt id="s3_505" cat="icl">
				<edge label="P" idref="s3_12"/>
				<edge label="fA" idref="s3_506"/>
				<edge label="Od" idref="s3_15"/>
			</nt>
			<nt id="s3_506" cat="pp">
				<edge label="H" idref="s3_13"/>
				<edge label="DP" idref="s3_14"/>
			</nt>
		</nonterminals>
	</graph>
</s>

<s id="s4" ref="4" source="Running text" forest="1" text="o que gostei gostei do aparelho, mas a bateria irrita.">
	<graph root="s4_500">
		<terminals>
			<t id="s4_1" word="o" lemma="o" pos="pron-dem" morph="DET M S" extra="dem"/>
			<t id="s4_2" word="que" lemma="que" pos="spec" morph="M S" extra="clb clb-fs rel"/>
			<t id="s4_3" word="gostei" lemma="gostar" pos="v-fin" morph="PS 1S IND VFIN" extra="vH mv np-close"/>
			<t id="s4_4" word="gostei" lemma="gostar" pos="v-fin" morph="PS 1S IND VFIN" extra="cjt-head cjt-head-STA vH fmc mv"/>
			<t id="s4_5" word="de" lemma="de" pos="prp" morph="--" extra="sam-"/>
			<t id="s4_6" word="o" lemma="o" pos="art" morph="M S" extra="-sam "/>
			<t id="s4_7" word="aparelho" lemma="aparelho" pos="n" morph="M S" sem="tool" extra="--"/>
			<t id="s4_8" word="," lemma="--" pos="pu" morph="--" extra="--"/>
			<t id="s4_9" word="mas" lemma="mas" pos="conj-c" morph="--" extra="clb"/>
			<t id="s4_10" word="a" lemma="o" pos="art" morph="F S" extra="--"/>
			<t id="s4_11" word="bateria" lemma="bateria" pos="n" morph="F S" sem="tool" extra="--"/>
			<t id="s4_12" word="irrita" lemma="irritar" pos="v-fin" morph="PR 3S IND VFIN" extra="cjt-STA fmc mv"/>
			<t id="s4_13" word="." lemma="--" pos="pu" morph="--" extra="--"/>
		</terminals>

		<nonterminals>
			<nt id="s4_500" cat="s">
				<edge label="UTT" idref="s4_501"/>
			</nt>
			<nt id="s4_501" cat="x">
				<edge label="DN" idref="s4_504"/>
				<edge label="S" idref="s4_2"/>
				<edge label="P" idref="s4_3"/>
				<edge label="PU" idref="s4_8"/>
				<edge label="CO" idref="s4_9"/>
				<edge label="CJT" idref="s4_507"/>
				<edge label="PU" idref="s4_13"/>
			</nt>
			<nt id="s4_502" cat="par">
				<edge label="CJT" idref="s4_503"/>
			</nt>
			<nt id="s4_503" cat="fcl">
				<edge label="S" idref="s4_1"/>
			</nt>
			<nt id="s4_504" cat="fcl">
				<edge label="P" idref="s4_4"/>
				<edge label="Op" idref="s4_505"/>
			</nt>
			<nt id="s4_505" cat="pp">
				<edge label="H" idref="s4_5"/>
				<edge label="DP" idref="s4_506"/>
			</nt>
			<nt id="s4_506" cat="np">
				<edge label="DN" idref="s4_6"/>
				<edge label="H" idref="s4_7"/>
			</nt>
			<nt id="s4_507" cat="fcl">
				<edge label="S" idref="s4_508"/>
				<edge label="P" idref="s4_12"/>
			</nt>
			<nt id="s4_508" cat="np">
				<edge label="DN" idref="s4_10"/>
				<edge label="H" idref="s4_11"/>
			</nt>
		</nonterminals>
	</graph>
</s>

<s id="s5" ref="5" source="Running text" forest="1" text="o que não gostei tempo da bateria.">
	<graph root="s5_500">
		<terminals>
			<t id="s5_1" word="o" lemma="o" pos="pron-dem" morph="DET M S" extra="dem"/>
			<t id="s5_2" word="que" lemma="que" pos="spec" morph="M S" extra="clb clb-fs rel"/>
			<t id="s5_3" word="não" lemma="não" pos="adv" morph="--" extra="--"/>
			<t id="s5_4" word="gostei" lemma="gostar" pos="v-fin" morph="PS 1S IND VFIN" extra="vH mv np-close"/>
			<t id="s5_5" word="tempo" lemma="tempo" pos="n" morph="M S" sem="am temp per ac-cat wea" extra="--"/>
			<t id="s5_6" word="de" lemma="de" pos="prp" morph="--" extra="sam- np-close"/>
			<t id="s5_7" word="a" lemma="o" pos="art" morph="F S" extra="-sam "/>
			<t id="s5_8" word="bateria" lemma="bateria" pos="n" morph="F S" sem="tool" extra="--"/>
			<t id="s5_9" word="." lemma="--" pos="pu" morph="--" extra="--"/>
		</terminals>

		<nonterminals>
			<nt id="s5_500" cat="s">
				<edge label="UTT" idref="s5_501"/>
			</nt>
			<nt id="s5_501" cat="x">
				<edge label="X" idref="s5_1"/>
				<edge label="DN" idref="s5_502"/>
				<edge label="S" idref="s5_2"/>
				<edge label="fA" idref="s5_3"/>
				<edge label="P" idref="s5_4"/>
				<edge label="fCs" idref="s5_503"/>
				<edge label="H" idref="s5_5"/>
				<edge label="DN" idref="s5_504"/>
				<edge label="PU" idref="s5_9"/>
			</nt>
			<nt id="s5_502" cat="fcl">
			</nt>
			<nt id="s5_503" cat="np">
			</nt>
			<nt id="s5_504" cat="pp">
				<edge label="H" idref="s5_6"/>
				<edge label="DP" idref="s5_505"/>
			</nt>
			<nt id="s5_505" cat="np">
				<edge label="DN" idref="s5_7"/>
				<edge label="H" idref="s5_8"/>
			</nt>
		</nonterminals>
	</graph>
</s>

	</body>
</corpus>
