<?xml version="1.0" encoding="UTF-8"?>
<corpus>

	<body>
<s id="s1" ref="1" source="Running text" forest="1" text="ele é muito bom realmente.">
	<graph root="s1_500">
		<terminals>
			<t id="s1_1" word="ele" lemma="ele" pos="pron-pers" morph="M 3S NOM" extra="--"/>
			<t id="s1_2" word="é" lemma="ser" pos="v-fin" morph="PR 3S IND VFIN" extra="vK fmc mv"/>
			<t id="s1_3" word="muito" lemma="muito" pos="adv" morph="--" extra="quant"/>
			<t id="s1_4" word="bom" lemma="bom" pos="adj" morph="M S" extra="jh"/>
			<t id="s1_5" word="realmente" lemma="realmente" pos="adv" morph="--" extra="--"/>
			<t id="s1_6" word="." lemma="--" pos="pu" morph="--" extra="--"/>
		</terminals>

		<nonterminals>
			<nt id="s1_500" cat="s">
				<edge label="STA" idref="s1_501"/>
			</nt>
			<nt id="s1_501" cat="fcl">
				<edge label="S" idref="s1_1"/>
				<edge label="P" idref="s1_2"/>
				<edge label="Cs" idref="s1_502"/>
				<edge label="fA" idref="s1_5"/>
				<edge label="PU" idref="s1_6"/>
			</nt>
			<nt id="s1_502" cat="adjp">
				<edge label="DA" idref="s1_3"/>
				<edge label="H" idref="s1_4"/>
			</nt>
		</nonterminals>
	</graph>
</s>

<s id="s2" ref="2" source="Running text" forest="1" text="mas acho que perde um pouco na camera frontal que é apenas vga.">
	<graph root="s2_500">
		<terminals>
			<t id="s2_1" word="mas" lemma="mas" pos="conj-c" morph="--" extra="topkc"/>
			<t id="s2_2" word="acho" lemma="achar" pos="v-fin" morph="PR 1S IND VFIN" extra="vH fmc mv"/>
			<t id="s2_3" word="que" lemma="que" pos="conj-s" morph="--" extra="clb clb-fs"/>
			<t id="s2_4" word="perde" lemma="perder" pos="v-fin" morph="PR 3S IND VFIN" extra="mv"/>
			<t id="s2_5" word="um_pouco" lemma="um_pouco" pos="spec" morph="--" extra="quant"/>
			<t id="s2_6" word="em" lemma="em" pos="prp" morph="--" extra="sam-"/>
			<t id="s2_7" word="a" lemma="o" pos="art" morph="F S" extra="-sam "/>
			<t id="s2_8" word="camera" lemma="c�=mara" pos="n" morph="F S" sem="Lh HH" extra="--"/>
			<t id="s2_9" word="frontal" lemma="frontal" pos="adj" morph="F S" extra="nh np-close"/>
			<t id="s2_10" word="que" lemma="que" pos="spec" morph="M S" extra="clb clb-fs rel"/>
			<t id="s2_11" word="é" lemma="ser" pos="v-fin" morph="PR 3S IND VFIN" extra="vK mv np-close"/>
			<t id="s2_12" word="apenas" lemma="apenas" pos="adv" morph="--" extra="--"/>
			<t id="s2_13" word="vga" lemma="vga" pos="n" morph="F S" extra="heur"/>
			<t id="s2_14" word="." lemma="--" pos="pu" morph="--" extra="--"/>
		</terminals>

		<nonterminals>
			<nt id="s2_500" cat="s">
				<edge label="STA" idref="s2_501"/>
			</nt>
			<nt id="s2_501" cat="fcl">
				<edge label="CO" idref="s2_1"/>
				<edge label="P" idref="s2_2"/>
				<edge label="Od" idref="s2_502"/>
				<edge label="PU" idref="s2_14"/>
			</nt>
			<nt id="s2_502" cat="fcl">
				<edge label="SUB" idref="s2_3"/>
				<edge label="P" idref="s2_4"/>
				<edge label="Od" idref="s2_5"/>
				<edge label="fA" idref="s2_503"/>
			</nt>
			<nt id="s2_503" cat="pp">
				<edge label="H" idref="s2_6"/>
				<edge label="DP" idref="s2_504"/>
			</nt>
			<nt id="s2_504" cat="np">
				<edge label="DN" idref="s2_7"/>
				<edge label="H" idref="s2_8"/>
				<edge label="DN" idref="s2_9"/>
				<edge label="DN" idref="s2_505"/>
			</nt>
			<nt id="s2_505" cat="fcl">
				<edge label="S" idref="s2_10"/>
				<edge label="P" idref="s2_11"/>
				<edge label="Cs" idref="s2_506"/>
			</nt>
			<nt id="s2_506" cat="np">
				<edge label="DN" idref="s2_12"/>
				<edge label="H" idref="s2_13"/>
			</nt>
		</nonterminals>
	</graph>
</s>

<s id="s3" ref="3" source="Running text" forest="1" text="mais nada que prejudique ou que seja estão ruim assim.">
	<graph root="s3_500">
		<terminals>
			<t id="s3_1" word="mais_nada" lemma="mais_nada" pos="adv" morph="--" extra="--"/>
			<t id="s3_2" word="que" lemma="que" pos="conj-s" morph="--" extra="clb"/>
			<t id="s3_3" word="prejudique" lemma="prejudicar" pos="v-fin" morph="PR 1/3S SUBJ VFIN" extra="predco predco fmc mv"/>
			<t id="s3_4" word="ou" lemma="ou" pos="conj-c" morph="--" extra="topkc"/>
			<t id="s3_5" word="que" lemma="que" pos="conj-s" morph="--" extra="clb clb-fs"/>
			<t id="s3_6" word="seja" lemma="ser" pos="v-fin" morph="PR 1/3S SUBJ VFIN" extra="vK mv"/>
			<t id="s3_7" word="estão" lemma="estar" pos="v-fin" morph="PR 3P IND VFIN" extra="nosubj nosubj cjt-STA vK fmc mv"/>
			<t id="s3_8" word="ruim" lemma="ruim" pos="adj" morph="M/F S" extra="jh"/>
			<t id="s3_9" word="assim" lemma="assim" pos="adv" morph="--" extra="kc"/>
			<t id="s3_10" word="." lemma="--" pos="pu" morph="--" extra="--"/>
		</terminals>

		<nonterminals>
			<nt id="s3_500" cat="s">
				<edge label="UTT" idref="s3_501"/>
			</nt>
			<nt id="s3_501" cat="x">
				<edge label="fA" idref="s3_1"/>
				<edge label="STA" idref="s3_502"/>
				<edge label="SUB" idref="s3_2"/>
				<edge label="X" idref="s3_503"/>
				<edge label="PU" idref="s3_10"/>
			</nt>
			<nt id="s3_502" cat="fcl">
			</nt>
			<nt id="s3_503" cat="par">
				<edge label="CJT" idref="s3_504"/>
				<edge label="CJT" idref="s3_506"/>
			</nt>
			<nt id="s3_504" cat="x">
				<edge label="P" idref="s3_3"/>
				<edge label="S" idref="s3_505"/>
			</nt>
			<nt id="s3_505" cat="fcl">
				<edge label="CO" idref="s3_4"/>
				<edge label="SUB" idref="s3_5"/>
				<edge label="P" idref="s3_6"/>
			</nt>
			<nt id="s3_506" cat="x">
				<edge label="P" idref="s3_7"/>
				<edge label="Cs" idref="s3_8"/>
				<edge label="fA" idref="s3_9"/>
			</nt>
		</nonterminals>
	</graph>
</s>

<s id="s4" ref="4" source="Running text" forest="1" text="mais é um aparelho super avançado e rápido d eu adorei!.">
	<graph root="s4_500">
		<terminals>
			<t id="s4_1" word="mais" lemma="mais" pos="adv" morph="--" extra="quant KOMP"/>
			<t id="s4_2" word="é" lemma="ser" pos="v-fin" morph="PR 3S IND VFIN" extra="nosubj nosubj cjt-head cjt-head-STA vK fmc mv"/>
			<t id="s4_3" word="um" lemma="um" pos="art" morph="M S" extra="--"/>
			<t id="s4_4" word="aparelho" lemma="aparelho" pos="n" morph="M S" sem="tool" extra="--"/>
			<t id="s4_5" word="super" lemma="super" pos="adv" morph="--" extra="newlex"/>
			<t id="s4_6" word="avançado" lemma="avançar" pos="v-pcp" morph="M S" extra="vH mv np-close"/>
			<t id="s4_7" word="e" lemma="e" pos="conj-c" morph="--" extra="topkc"/>
			<t id="s4_8" word="rápido" lemma="rápido" pos="adj" morph="M S" extra="adv"/>
			<t id="s4_9" word="d" lemma="d" pos="n" morph="M S" sem="ac-sign" extra="--"/>
			<t id="s4_10" word="eu" lemma="eu" pos="pron-pers" morph="M/F 1S NOM" extra="--"/>
			<t id="s4_11" word="adorei" lemma="adorar" pos="v-fin" morph="PS 1S IND VFIN" extra="cjt-STA vH fmc mv"/>
			<t id="s4_12" word="!" lemma="--" pos="pu" morph="--" extra="--"/>
			<t id="s4_13" word="." lemma="--" pos="pu" morph="--" extra="--"/>
		</terminals>

		<nonterminals>
			<nt id="s4_500" cat="s">
				<edge label="STA" idref="s4_501"/>
			</nt>
			<nt id="s4_501" cat="par">
				<edge label="CJT" idref="s4_502"/>
				<edge label="CO" idref="s4_7"/>
				<edge label="CJT" idref="s4_506"/>
				<edge label="PU" idref="s4_12"/>
				<edge label="PU" idref="s4_13"/>
			</nt>
			<nt id="s4_502" cat="fcl">
				<edge label="fA" idref="s4_1"/>
				<edge label="P" idref="s4_2"/>
				<edge label="Cs" idref="s4_503"/>
			</nt>
			<nt id="s4_503" cat="np">
				<edge label="DN" idref="s4_3"/>
				<edge label="H" idref="s4_4"/>
				<edge label="DN" idref="s4_504"/>
			</nt>
			<nt id="s4_504" cat="icl">
				<edge label="fA" idref="s4_5"/>
				<edge label="P" idref="s4_6"/>
				<edge label="Cs" idref="s4_505"/>
			</nt>
			<nt id="s4_505" cat="np">
				<edge label="DN" idref="s4_8"/>
				<edge label="H" idref="s4_9"/>
			</nt>
			<nt id="s4_506" cat="fcl">
				<edge label="S" idref="s4_10"/>
				<edge label="P" idref="s4_11"/>
			</nt>
		</nonterminals>
	</graph>
</s>

	</body>
</corpus>
