<?xml version="1.0" encoding="UTF-8"?>
<corpus>

	<body>
<s id="s1" ref="1" source="Running text" forest="1" text="nenhum celular e uma porcaria importada por a philips, bateria não durava nada quando carregada com carregador original, depois que usei um carregador daqueles celulares mp7 melhorou muito e passou a durar number dias muito menos do que diz na caixa do aparelho que seria de number dias o que gostei nenhum celular e uma porcaria importada por a philips, bateria não durava nada quando carregada com carregador original, depois que usei um carregador daqueles celulares mp7 melhorou muito e passou a durar number dias muito menos do que diz na caixa do aparelho que seria de number dias o que não gostei nenhum celular e uma porcaria importada por a philips, bateria não durava nada quando carregada com carregador original, depois que usei um carregador daqueles celulares mp7 melhorou muito e passou a durar number dias muito menos do que diz na caixa do aparelho que seria de number dias.">
	<graph root="s1_500">
		<terminals>
			<t id="s1_1" word="nenhum" lemma="nenhum" pos="pron-indef" morph="DET M S" extra="quant"/>
			<t id="s1_2" word="celular" lemma="celular" pos="adj" morph="M S" extra="n nh"/>
			<t id="s1_3" word="e" lemma="e" pos="conj-c" morph="--" extra="topkc"/>
			<t id="s1_4" word="uma" lemma="um" pos="art" morph="F S" extra="--"/>
			<t id="s1_5" word="porcaria" lemma="porcaria" pos="n" morph="F S" sem="sit" extra="--"/>
			<t id="s1_6" word="importada" lemma="importar" pos="v-pcp" morph="F S" extra="mv np-close"/>
			<t id="s1_7" word="por" lemma="por" pos="prp" morph="--" extra="sam-"/>
			<t id="s1_8" word="a" lemma="o" pos="art" morph="F S" extra="-sam "/>
			<t id="s1_9" word="philips" lemma="philip" pos="n" morph="F P" extra="heur"/>
			<t id="s1_10" word="," lemma="--" pos="pu" morph="--" extra="--"/>
			<t id="s1_11" word="bateria" lemma="bateria" pos="n" morph="F S" sem="tool" extra="--"/>
			<t id="s1_12" word="não" lemma="não" pos="adv" morph="--" extra="--"/>
			<t id="s1_13" word="durava" lemma="durar" pos="v-fin" morph="IMPF 3S IND VFIN" extra="nosubj nosubj nosubj nosubj nosubj nosubj cjt-head cjt-head-STA vN fmc mv"/>
			<t id="s1_14" word="nada" lemma="nada" pos="spec" morph="M S" extra="quant"/>
			<t id="s1_15" word="quando" lemma="quando" pos="adv" morph="--" extra="advl rel"/>
			<t id="s1_16" word="carregada" lemma="carregar" pos="v-pcp" morph="F S" extra="vH jh"/>
			<t id="s1_17" word="com" lemma="com" pos="prp" morph="--" extra="--"/>
			<t id="s1_18" word="carregador" lemma="carregador" pos="n" morph="M S" sem="Hprof con" extra="--"/>
			<t id="s1_19" word="original" lemma="original" pos="adj" morph="M S" extra="jh np-close"/>
			<t id="s1_20" word="," lemma="--" pos="pu" morph="--" extra="--"/>
			<t id="s1_21" word="depois" lemma="depois" pos="prp" morph="--" extra="--"/>
			<t id="s1_22" word="que" lemma="que" pos="spec" morph="M S" extra="clb clb-fs rel"/>
			<t id="s1_23" word="usei" lemma="usar" pos="v-fin" morph="PS 1S IND VFIN" extra="vH mv"/>
			<t id="s1_24" word="um" lemma="um" pos="art" morph="M S" extra="--"/>
			<t id="s1_25" word="carregador" lemma="carregador" pos="n" morph="M S" sem="Hprof con" extra="--"/>
			<t id="s1_26" word="de" lemma="de" pos="prp" morph="--" extra="sam- np-close"/>
			<t id="s1_27" word="aqueles" lemma="aquele" pos="pron-dem" morph="DET M P" extra="-sam dem"/>
			<t id="s1_28" word="celulares" lemma="celular" pos="adj" morph="M P" extra="nh"/>
			<t id="s1_29" word="mp7" lemma="mp7" pos="n" morph="M P" extra="heur"/>
			<t id="s1_30" word="melhorou" lemma="melhorar" pos="v-fin" morph="PS 3S IND VFIN" extra="nosubj nosubj cjt-STA fmc mv"/>
			<t id="s1_31" word="muito" lemma="muito" pos="adv" morph="--" extra="quant"/>
			<t id="s1_32" word="e" lemma="e" pos="conj-c" morph="--" extra="--"/>
			<t id="s1_33" word="passou" lemma="passar" pos="v-fin" morph="PS 3S IND VFIN" extra="cjt-STA fmc aux"/>
			<t id="s1_34" word="a" lemma="a" pos="prp" morph="--" extra="--"/>
			<t id="s1_35" word="durar" lemma="durar" pos="v-inf" morph="--" extra="vN mv"/>
			<t id="s1_36" word="number" lemma="number" pos="v-inf" morph="--" extra="heur mv"/>
			<t id="s1_37" word="dias" lemma="dia" pos="n" morph="M P" sem="temp dur per unit" extra="--"/>
			<t id="s1_38" word="muito" lemma="muito" pos="adv" morph="--" extra="quant"/>
			<t id="s1_39" word="menos" lemma="menos" pos="adv" morph="--" extra="quant KOMP"/>
			<t id="s1_40" word="do_que" lemma="do_que" pos="conj-s" morph="--" extra="clb clb-fs"/>
			<t id="s1_41" word="diz" lemma="dizer" pos="v-fin" morph="PR 3S IND VFIN" extra="vH mv"/>
			<t id="s1_42" word="em" lemma="em" pos="prp" morph="--" extra="sam-"/>
			<t id="s1_43" word="a" lemma="o" pos="art" morph="F S" extra="-sam "/>
			<t id="s1_44" word="caixa" lemma="caixa" pos="n" morph="F S" sem="con cc-r" extra="--"/>
			<t id="s1_45" word="de" lemma="de" pos="prp" morph="--" extra="sam- np-close"/>
			<t id="s1_46" word="o" lemma="o" pos="art" morph="M S" extra="-sam "/>
			<t id="s1_47" word="aparelho" lemma="aparelho" pos="n" morph="M S" sem="tool" extra="--"/>
			<t id="s1_48" word="que" lemma="que" pos="spec" morph="M S" extra="clb clb-fs rel"/>
			<t id="s1_49" word="seria" lemma="ser" pos="v-fin" morph="COND 3S VFIN" extra="vK mv np-close"/>
			<t id="s1_50" word="de" lemma="de" pos="prp" morph="--" extra="cjt-head cjt-head-Cs"/>
			<t id="s1_51" word="number" lemma="number" pos="n" morph="M S" extra="heur"/>
			<t id="s1_52" word="dias" lemma="dia" pos="n" morph="M P" sem="temp dur per unit" extra="--"/>
			<t id="s1_53" word="o" lemma="o" pos="pron-dem" morph="DET M S" extra="cjt-Cs dem"/>
			<t id="s1_54" word="que" lemma="que" pos="spec" morph="M S" extra="clb clb-fs rel"/>
			<t id="s1_55" word="gostei" lemma="gostar" pos="v-fin" morph="PS 1S IND VFIN" extra="vH mv np-close"/>
			<t id="s1_56" word="nenhum" lemma="nenhum" pos="pron-indef" morph="DET M S" extra="quant"/>
			<t id="s1_57" word="celular" lemma="celular" pos="adj" morph="M S" extra="n nh"/>
			<t id="s1_58" word="e" lemma="e" pos="conj-c" morph="--" extra="--"/>
			<t id="s1_59" word="uma" lemma="um" pos="art" morph="F S" extra="--"/>
			<t id="s1_60" word="porcaria" lemma="porcaria" pos="n" morph="F S" sem="sit" extra="--"/>
			<t id="s1_61" word="importada" lemma="importar" pos="v-pcp" morph="F S" extra="mv np-close"/>
			<t id="s1_62" word="por" lemma="por" pos="prp" morph="--" extra="sam-"/>
			<t id="s1_63" word="a" lemma="o" pos="art" morph="F S" extra="-sam "/>
			<t id="s1_64" word="philips" lemma="philip" pos="n" morph="F P" extra="heur"/>
			<t id="s1_65" word="," lemma="--" pos="pu" morph="--" extra="--"/>
			<t id="s1_66" word="bateria" lemma="bateria" pos="n" morph="F S" sem="tool" extra="--"/>
			<t id="s1_67" word="não" lemma="não" pos="adv" morph="--" extra="--"/>
			<t id="s1_68" word="durava" lemma="durar" pos="v-fin" morph="IMPF 3S IND VFIN" extra="cjt-STA vN fmc mv"/>
			<t id="s1_69" word="nada" lemma="nada" pos="spec" morph="M S" extra="quant"/>
			<t id="s1_70" word="quando" lemma="quando" pos="adv" morph="--" extra="advl rel"/>
			<t id="s1_71" word="carregada" lemma="carregar" pos="v-pcp" morph="F S" extra="vH jh"/>
			<t id="s1_72" word="com" lemma="com" pos="prp" morph="--" extra="--"/>
			<t id="s1_73" word="carregador" lemma="carregador" pos="n" morph="M S" sem="Hprof con" extra="--"/>
			<t id="s1_74" word="original" lemma="original" pos="adj" morph="M S" extra="jh np-close"/>
			<t id="s1_75" word="," lemma="--" pos="pu" morph="--" extra="--"/>
			<t id="s1_76" word="depois" lemma="depois" pos="prp" morph="--" extra="--"/>
			<t id="s1_77" word="que" lemma="que" pos="spec" morph="M S" extra="clb clb-fs rel"/>
			<t id="s1_78" word="usei" lemma="usar" pos="v-fin" morph="PS 1S IND VFIN" extra="vH mv"/>
			<t id="s1_79" word="um" lemma="um" pos="art" morph="M S" extra="--"/>
			<t id="s1_80" word="carregador" lemma="carregador" pos="n" morph="M S" sem="Hprof con" extra="--"/>
			<t id="s1_81" word="de" lemma="de" pos="prp" morph="--" extra="sam- np-close"/>
			<t id="s1_82" word="aqueles" lemma="aquele" pos="pron-dem" morph="DET M P" extra="-sam dem"/>
			<t id="s1_83" word="celulares" lemma="celular" pos="adj" morph="M P" extra="nh"/>
			<t id="s1_84" word="mp7" lemma="mp7" pos="n" morph="M P" extra="heur"/>
			<t id="s1_85" word="melhorou" lemma="melhorar" pos="v-fin" morph="PS 3S IND VFIN" extra="cjt-STA fmc mv"/>
			<t id="s1_86" word="muito" lemma="muito" pos="adv" morph="--" extra="quant"/>
			<t id="s1_87" word="e" lemma="e" pos="conj-c" morph="--" extra="--"/>
			<t id="s1_88" word="passou" lemma="passar" pos="v-fin" morph="PS 3S IND VFIN" extra="cjt-STA fmc aux"/>
			<t id="s1_89" word="a" lemma="a" pos="prp" morph="--" extra="--"/>
			<t id="s1_90" word="durar" lemma="durar" pos="v-inf" morph="--" extra="vN mv"/>
			<t id="s1_91" word="number" lemma="number" pos="v-inf" morph="--" extra="heur mv"/>
			<t id="s1_92" word="dias" lemma="dia" pos="n" morph="M P" sem="temp dur per unit" extra="--"/>
			<t id="s1_93" word="muito" lemma="muito" pos="adv" morph="--" extra="quant"/>
			<t id="s1_94" word="menos" lemma="menos" pos="adv" morph="--" extra="quant KOMP"/>
			<t id="s1_95" word="do_que" lemma="do_que" pos="conj-s" morph="--" extra="clb clb-fs"/>
			<t id="s1_96" word="diz" lemma="dizer" pos="v-fin" morph="PR 3S IND VFIN" extra="vH mv"/>
			<t id="s1_97" word="em" lemma="em" pos="prp" morph="--" extra="sam-"/>
			<t id="s1_98" word="a" lemma="o" pos="art" morph="F S" extra="-sam "/>
			<t id="s1_99" word="caixa" lemma="caixa" pos="n" morph="F S" sem="con cc-r" extra="--"/>
			<t id="s1_100" word="de" lemma="de" pos="prp" morph="--" extra="sam- np-close"/>
			<t id="s1_101" word="o" lemma="o" pos="art" morph="M S" extra="-sam "/>
			<t id="s1_102" word="aparelho" lemma="aparelho" pos="n" morph="M S" sem="tool" extra="--"/>
			<t id="s1_103" word="que" lemma="que" pos="spec" morph="M S" extra="clb clb-fs rel"/>
			<t id="s1_104" word="seria" lemma="ser" pos="v-fin" morph="COND 3S VFIN" extra="vK mv np-close"/>
			<t id="s1_105" word="de" lemma="de" pos="prp" morph="--" extra="cjt-head cjt-head-Cs"/>
			<t id="s1_106" word="number" lemma="number" pos="n" morph="M S" extra="heur"/>
			<t id="s1_107" word="dias" lemma="dia" pos="n" morph="M P" sem="temp dur per unit" extra="--"/>
			<t id="s1_108" word="o" lemma="o" pos="pron-dem" morph="DET M S" extra="cjt-Cs dem"/>
			<t id="s1_109" word="que" lemma="que" pos="spec" morph="M S" extra="clb clb-fs rel"/>
			<t id="s1_110" word="não" lemma="não" pos="adv" morph="--" extra="--"/>
			<t id="s1_111" word="gostei" lemma="gostar" pos="v-fin" morph="PS 1S IND VFIN" extra="vH mv np-close"/>
			<t id="s1_112" word="nenhum" lemma="nenhum" pos="pron-indef" morph="DET M S" extra="quant"/>
			<t id="s1_113" word="celular" lemma="celular" pos="adj" morph="M S" extra="n nh"/>
			<t id="s1_114" word="e" lemma="e" pos="conj-c" morph="--" extra="--"/>
			<t id="s1_115" word="uma" lemma="um" pos="art" morph="F S" extra="--"/>
			<t id="s1_116" word="porcaria" lemma="porcaria" pos="n" morph="F S" sem="sit" extra="--"/>
			<t id="s1_117" word="importada" lemma="importar" pos="v-pcp" morph="F S" extra="mv np-close"/>
			<t id="s1_118" word="por" lemma="por" pos="prp" morph="--" extra="sam-"/>
			<t id="s1_119" word="a" lemma="o" pos="art" morph="F S" extra="-sam "/>
			<t id="s1_120" word="philips" lemma="philip" pos="n" morph="F P" extra="heur"/>
			<t id="s1_121" word="," lemma="--" pos="pu" morph="--" extra="--"/>
			<t id="s1_122" word="bateria" lemma="bateria" pos="n" morph="F S" sem="tool" extra="--"/>
			<t id="s1_123" word="não" lemma="não" pos="adv" morph="--" extra="--"/>
			<t id="s1_124" word="durava" lemma="durar" pos="v-fin" morph="IMPF 3S IND VFIN" extra="cjt-STA vN fmc mv"/>
			<t id="s1_125" word="nada" lemma="nada" pos="spec" morph="M S" extra="quant"/>
			<t id="s1_126" word="quando" lemma="quando" pos="adv" morph="--" extra="advl rel"/>
			<t id="s1_127" word="carregada" lemma="carregar" pos="v-pcp" morph="F S" extra="vH jh"/>
			<t id="s1_128" word="com" lemma="com" pos="prp" morph="--" extra="--"/>
			<t id="s1_129" word="carregador" lemma="carregador" pos="n" morph="M S" sem="Hprof con" extra="--"/>
			<t id="s1_130" word="original" lemma="original" pos="adj" morph="M S" extra="jh np-close"/>
			<t id="s1_131" word="," lemma="--" pos="pu" morph="--" extra="--"/>
			<t id="s1_132" word="depois" lemma="depois" pos="prp" morph="--" extra="--"/>
			<t id="s1_133" word="que" lemma="que" pos="spec" morph="M S" extra="clb clb-fs rel"/>
			<t id="s1_134" word="usei" lemma="usar" pos="v-fin" morph="PS 1S IND VFIN" extra="vH mv"/>
			<t id="s1_135" word="um" lemma="um" pos="art" morph="M S" extra="--"/>
			<t id="s1_136" word="carregador" lemma="carregador" pos="n" morph="M S" sem="Hprof con" extra="--"/>
			<t id="s1_137" word="de" lemma="de" pos="prp" morph="--" extra="sam- np-close"/>
			<t id="s1_138" word="aqueles" lemma="aquele" pos="pron-dem" morph="DET M P" extra="-sam dem"/>
			<t id="s1_139" word="celulares" lemma="celular" pos="adj" morph="M P" extra="nh"/>
			<t id="s1_140" word="mp7" lemma="mp7" pos="n" morph="M P" extra="heur"/>
			<t id="s1_141" word="melhorou" lemma="melhorar" pos="v-fin" morph="PS 3S IND VFIN" extra="cjt-STA fmc mv"/>
			<t id="s1_142" word="muito" lemma="muito" pos="adv" morph="--" extra="quant"/>
			<t id="s1_143" word="e" lemma="e" pos="conj-c" morph="--" extra="--"/>
			<t id="s1_144" word="passou" lemma="passar" pos="v-fin" morph="PS 3S IND VFIN" extra="cjt-STA fmc aux"/>
			<t id="s1_145" word="a" lemma="a" pos="prp" morph="--" extra="--"/>
			<t id="s1_146" word="durar" lemma="durar" pos="v-inf" morph="--" extra="vN mv"/>
			<t id="s1_147" word="number" lemma="number" pos="v-inf" morph="--" extra="heur mv"/>
			<t id="s1_148" word="dias" lemma="dia" pos="n" morph="M P" sem="temp dur per unit" extra="--"/>
			<t id="s1_149" word="muito" lemma="muito" pos="adv" morph="--" extra="quant"/>
			<t id="s1_150" word="menos" lemma="menos" pos="adv" morph="--" extra="quant KOMP"/>
			<t id="s1_151" word="do_que" lemma="do_que" pos="conj-s" morph="--" extra="clb clb-fs"/>
			<t id="s1_152" word="diz" lemma="dizer" pos="v-fin" morph="PR 3S IND VFIN" extra="vH mv"/>
			<t id="s1_153" word="em" lemma="em" pos="prp" morph="--" extra="sam-"/>
			<t id="s1_154" word="a" lemma="o" pos="art" morph="F S" extra="-sam "/>
			<t id="s1_155" word="caixa" lemma="caixa" pos="n" morph="F S" sem="con cc-r" extra="--"/>
			<t id="s1_156" word="de" lemma="de" pos="prp" morph="--" extra="sam- np-close"/>
			<t id="s1_157" word="o" lemma="o" pos="art" morph="M S" extra="-sam "/>
			<t id="s1_158" word="aparelho" lemma="aparelho" pos="n" morph="M S" sem="tool" extra="--"/>
			<t id="s1_159" word="que" lemma="que" pos="spec" morph="M S" extra="clb clb-fs rel"/>
			<t id="s1_160" word="seria" lemma="ser" pos="v-fin" morph="COND 3S VFIN" extra="vK mv np-close"/>
			<t id="s1_161" word="de" lemma="de" pos="prp" morph="--" extra="--"/>
			<t id="s1_162" word="number" lemma="number" pos="n" morph="M S" extra="heur"/>
			<t id="s1_163" word="dias" lemma="dia" pos="n" morph="M P" sem="temp dur per unit" extra="--"/>
			<t id="s1_164" word="." lemma="--" pos="pu" morph="--" extra="--"/>
		</terminals>

		<nonterminals>
			<nt id="s1_500" cat="s">
				<edge label="UTT" idref="s1_501"/>
			</nt>
			<nt id="s1_501" cat="x">
				<edge label="STA" idref="s1_503"/>
				<edge label="CJT" idref="s1_504"/>
				<edge label="CO" idref="s1_3"/>
				<edge label="CJT" idref="s1_516"/>
				<edge label="CJT" idref="s1_517"/>
				<edge label="CJT" idref="s1_529"/>
				<edge label="CJT" idref="s1_532"/>
				<edge label="CJT" idref="s1_545"/>
				<edge label="CJT" idref="s1_557"/>
				<edge label="CJT" idref="s1_560"/>
				<edge label="CJT" idref="s1_573"/>
				<edge label="PU" idref="s1_164"/>
			</nt>
			<nt id="s1_502" cat="np">
				<edge label="DN" idref="s1_1"/>
			</nt>
			<nt id="s1_503" cat="par">
			</nt>
			<nt id="s1_504" cat="fcl">
				<edge label="fA" idref="s1_505"/>
				<edge label="PU" idref="s1_10"/>
				<edge label="S" idref="s1_11"/>
				<edge label="fA" idref="s1_12"/>
				<edge label="P" idref="s1_13"/>
				<edge label="fA" idref="s1_14"/>
				<edge label="fA" idref="s1_510"/>
				<edge label="Op" idref="s1_511"/>
				<edge label="PU" idref="s1_20"/>
			</nt>
			<nt id="s1_505" cat="pp">
				<edge label="DP" idref="s1_506"/>
				<edge label="DN" idref="s1_4"/>
				<edge label="H" idref="s1_5"/>
				<edge label="DN" idref="s1_507"/>
				<edge label="H" idref="s1_21"/>
			</nt>
			<nt id="s1_506" cat="fcl">
				<edge label="S" idref="s1_2"/>
				<edge label="S" idref="s1_22"/>
				<edge label="P" idref="s1_23"/>
				<edge label="Od" idref="s1_513"/>
			</nt>
			<nt id="s1_507" cat="icl">
				<edge label="P" idref="s1_6"/>
				<edge label="fApass" idref="s1_508"/>
			</nt>
			<nt id="s1_508" cat="pp">
				<edge label="H" idref="s1_7"/>
				<edge label="DP" idref="s1_509"/>
			</nt>
			<nt id="s1_509" cat="np">
				<edge label="DN" idref="s1_8"/>
				<edge label="H" idref="s1_9"/>
			</nt>
			<nt id="s1_510" cat="acl">
				<edge label="H" idref="s1_15"/>
				<edge label="X" idref="s1_16"/>
			</nt>
			<nt id="s1_511" cat="pp">
				<edge label="H" idref="s1_17"/>
				<edge label="DP" idref="s1_512"/>
			</nt>
			<nt id="s1_512" cat="np">
				<edge label="H" idref="s1_18"/>
				<edge label="DN" idref="s1_19"/>
			</nt>
			<nt id="s1_513" cat="np">
				<edge label="DN" idref="s1_24"/>
				<edge label="H" idref="s1_25"/>
				<edge label="DN" idref="s1_514"/>
			</nt>
			<nt id="s1_514" cat="pp">
				<edge label="H" idref="s1_26"/>
				<edge label="DP" idref="s1_515"/>
			</nt>
			<nt id="s1_515" cat="np">
				<edge label="DN" idref="s1_27"/>
				<edge label="DN" idref="s1_28"/>
				<edge label="H" idref="s1_29"/>
				<edge label="CO" idref="s1_32"/>
			</nt>
			<nt id="s1_516" cat="x">
				<edge label="P" idref="s1_30"/>
				<edge label="fA" idref="s1_31"/>
			</nt>
			<nt id="s1_517" cat="fcl">
				<edge label="P" idref="s1_518"/>
				<edge label="S" idref="s1_519"/>
			</nt>
			<nt id="s1_518" cat="vp">
				<edge label="Vaux" idref="s1_33"/>
				<edge label="SUBaux" idref="s1_34"/>
				<edge label="Vm" idref="s1_35"/>
			</nt>
			<nt id="s1_519" cat="icl">
				<edge label="P" idref="s1_36"/>
				<edge label="As" idref="s1_37"/>
				<edge label="fA" idref="s1_520"/>
			</nt>
			<nt id="s1_520" cat="advp">
				<edge label="DA" idref="s1_38"/>
				<edge label="H" idref="s1_39"/>
				<edge label="DAcom" idref="s1_521"/>
			</nt>
			<nt id="s1_521" cat="fcl">
				<edge label="COM" idref="s1_40"/>
				<edge label="P" idref="s1_41"/>
				<edge label="fA" idref="s1_522"/>
			</nt>
			<nt id="s1_522" cat="pp">
				<edge label="H" idref="s1_42"/>
				<edge label="DP" idref="s1_523"/>
			</nt>
			<nt id="s1_523" cat="np">
				<edge label="DN" idref="s1_43"/>
				<edge label="H" idref="s1_44"/>
				<edge label="DN" idref="s1_524"/>
			</nt>
			<nt id="s1_524" cat="pp">
				<edge label="H" idref="s1_45"/>
				<edge label="DP" idref="s1_525"/>
			</nt>
			<nt id="s1_525" cat="np">
				<edge label="DN" idref="s1_46"/>
				<edge label="H" idref="s1_47"/>
				<edge label="DN" idref="s1_526"/>
			</nt>
			<nt id="s1_526" cat="fcl">
				<edge label="S" idref="s1_48"/>
				<edge label="P" idref="s1_49"/>
				<edge label="Cs" idref="s1_527"/>
			</nt>
			<nt id="s1_527" cat="par">
				<edge label="CJT" idref="s1_528"/>
				<edge label="CJT" idref="s1_53"/>
			</nt>
			<nt id="s1_528" cat="pp">
				<edge label="H" idref="s1_50"/>
				<edge label="DP" idref="s1_51"/>
			</nt>
			<nt id="s1_529" cat="fcl">
				<edge label="S" idref="s1_530"/>
			</nt>
			<nt id="s1_530" cat="np">
				<edge label="H" idref="s1_52"/>
				<edge label="DN" idref="s1_531"/>
			</nt>
			<nt id="s1_531" cat="fcl">
				<edge label="S" idref="s1_54"/>
				<edge label="P" idref="s1_55"/>
			</nt>
			<nt id="s1_532" cat="fcl">
				<edge label="S" idref="s1_533"/>
				<edge label="fA" idref="s1_534"/>
				<edge label="PU" idref="s1_65"/>
				<edge label="S" idref="s1_66"/>
				<edge label="fA" idref="s1_67"/>
				<edge label="P" idref="s1_68"/>
				<edge label="fA" idref="s1_69"/>
				<edge label="fA" idref="s1_539"/>
				<edge label="Op" idref="s1_540"/>
				<edge label="PU" idref="s1_75"/>
				<edge label="P" idref="s1_85"/>
				<edge label="fA" idref="s1_86"/>
			</nt>
			<nt id="s1_533" cat="np">
				<edge label="DN" idref="s1_56"/>
			</nt>
			<nt id="s1_534" cat="pp">
				<edge label="DP" idref="s1_535"/>
				<edge label="DN" idref="s1_59"/>
				<edge label="H" idref="s1_60"/>
				<edge label="DN" idref="s1_536"/>
				<edge label="H" idref="s1_76"/>
			</nt>
			<nt id="s1_535" cat="fcl">
				<edge label="S" idref="s1_57"/>
				<edge label="S" idref="s1_77"/>
				<edge label="P" idref="s1_78"/>
				<edge label="Od" idref="s1_542"/>
			</nt>
			<nt id="s1_536" cat="icl">
				<edge label="P" idref="s1_61"/>
				<edge label="fApass" idref="s1_537"/>
			</nt>
			<nt id="s1_537" cat="pp">
				<edge label="H" idref="s1_62"/>
				<edge label="DP" idref="s1_538"/>
			</nt>
			<nt id="s1_538" cat="np">
				<edge label="DN" idref="s1_63"/>
				<edge label="H" idref="s1_64"/>
			</nt>
			<nt id="s1_539" cat="acl">
				<edge label="H" idref="s1_70"/>
				<edge label="X" idref="s1_71"/>
			</nt>
			<nt id="s1_540" cat="pp">
				<edge label="H" idref="s1_72"/>
				<edge label="DP" idref="s1_541"/>
			</nt>
			<nt id="s1_541" cat="np">
				<edge label="H" idref="s1_73"/>
				<edge label="DN" idref="s1_74"/>
			</nt>
			<nt id="s1_542" cat="np">
				<edge label="DN" idref="s1_79"/>
				<edge label="H" idref="s1_80"/>
				<edge label="DN" idref="s1_543"/>
			</nt>
			<nt id="s1_543" cat="pp">
				<edge label="H" idref="s1_81"/>
				<edge label="DP" idref="s1_544"/>
			</nt>
			<nt id="s1_544" cat="np">
				<edge label="DN" idref="s1_82"/>
				<edge label="DN" idref="s1_83"/>
				<edge label="H" idref="s1_84"/>
				<edge label="CO" idref="s1_87"/>
			</nt>
			<nt id="s1_545" cat="fcl">
				<edge label="P" idref="s1_546"/>
				<edge label="S" idref="s1_547"/>
			</nt>
			<nt id="s1_546" cat="vp">
				<edge label="Vaux" idref="s1_88"/>
				<edge label="SUBaux" idref="s1_89"/>
				<edge label="Vm" idref="s1_90"/>
			</nt>
			<nt id="s1_547" cat="icl">
				<edge label="P" idref="s1_91"/>
				<edge label="As" idref="s1_92"/>
				<edge label="fA" idref="s1_548"/>
			</nt>
			<nt id="s1_548" cat="advp">
				<edge label="DA" idref="s1_93"/>
				<edge label="H" idref="s1_94"/>
				<edge label="DAcom" idref="s1_549"/>
			</nt>
			<nt id="s1_549" cat="fcl">
				<edge label="COM" idref="s1_95"/>
				<edge label="P" idref="s1_96"/>
				<edge label="fA" idref="s1_550"/>
			</nt>
			<nt id="s1_550" cat="pp">
				<edge label="H" idref="s1_97"/>
				<edge label="DP" idref="s1_551"/>
			</nt>
			<nt id="s1_551" cat="np">
				<edge label="DN" idref="s1_98"/>
				<edge label="H" idref="s1_99"/>
				<edge label="DN" idref="s1_552"/>
			</nt>
			<nt id="s1_552" cat="pp">
				<edge label="H" idref="s1_100"/>
				<edge label="DP" idref="s1_553"/>
			</nt>
			<nt id="s1_553" cat="np">
				<edge label="DN" idref="s1_101"/>
				<edge label="H" idref="s1_102"/>
				<edge label="DN" idref="s1_554"/>
			</nt>
			<nt id="s1_554" cat="fcl">
				<edge label="S" idref="s1_103"/>
				<edge label="P" idref="s1_104"/>
				<edge label="Cs" idref="s1_555"/>
			</nt>
			<nt id="s1_555" cat="par">
				<edge label="CJT" idref="s1_556"/>
				<edge label="CJT" idref="s1_108"/>
			</nt>
			<nt id="s1_556" cat="pp">
				<edge label="H" idref="s1_105"/>
				<edge label="DP" idref="s1_106"/>
			</nt>
			<nt id="s1_557" cat="fcl">
				<edge label="S" idref="s1_558"/>
			</nt>
			<nt id="s1_558" cat="np">
				<edge label="H" idref="s1_107"/>
				<edge label="DN" idref="s1_559"/>
			</nt>
			<nt id="s1_559" cat="fcl">
				<edge label="S" idref="s1_109"/>
				<edge label="fA" idref="s1_110"/>
				<edge label="P" idref="s1_111"/>
			</nt>
			<nt id="s1_560" cat="fcl">
				<edge label="S" idref="s1_561"/>
				<edge label="fA" idref="s1_562"/>
				<edge label="PU" idref="s1_121"/>
				<edge label="S" idref="s1_122"/>
				<edge label="fA" idref="s1_123"/>
				<edge label="P" idref="s1_124"/>
				<edge label="fA" idref="s1_125"/>
				<edge label="fA" idref="s1_567"/>
				<edge label="Op" idref="s1_568"/>
				<edge label="PU" idref="s1_131"/>
				<edge label="P" idref="s1_141"/>
				<edge label="fA" idref="s1_142"/>
			</nt>
			<nt id="s1_561" cat="np">
				<edge label="DN" idref="s1_112"/>
			</nt>
			<nt id="s1_562" cat="pp">
				<edge label="DP" idref="s1_563"/>
				<edge label="DN" idref="s1_115"/>
				<edge label="H" idref="s1_116"/>
				<edge label="DN" idref="s1_564"/>
				<edge label="H" idref="s1_132"/>
			</nt>
			<nt id="s1_563" cat="fcl">
				<edge label="S" idref="s1_113"/>
				<edge label="S" idref="s1_133"/>
				<edge label="P" idref="s1_134"/>
				<edge label="Od" idref="s1_570"/>
			</nt>
			<nt id="s1_564" cat="icl">
				<edge label="P" idref="s1_117"/>
				<edge label="fApass" idref="s1_565"/>
			</nt>
			<nt id="s1_565" cat="pp">
				<edge label="H" idref="s1_118"/>
				<edge label="DP" idref="s1_566"/>
			</nt>
			<nt id="s1_566" cat="np">
				<edge label="DN" idref="s1_119"/>
				<edge label="H" idref="s1_120"/>
			</nt>
			<nt id="s1_567" cat="acl">
				<edge label="H" idref="s1_126"/>
				<edge label="X" idref="s1_127"/>
			</nt>
			<nt id="s1_568" cat="pp">
				<edge label="H" idref="s1_128"/>
				<edge label="DP" idref="s1_569"/>
			</nt>
			<nt id="s1_569" cat="np">
				<edge label="H" idref="s1_129"/>
				<edge label="DN" idref="s1_130"/>
			</nt>
			<nt id="s1_570" cat="np">
				<edge label="DN" idref="s1_135"/>
				<edge label="H" idref="s1_136"/>
				<edge label="DN" idref="s1_571"/>
			</nt>
			<nt id="s1_571" cat="pp">
				<edge label="H" idref="s1_137"/>
				<edge label="DP" idref="s1_572"/>
			</nt>
			<nt id="s1_572" cat="np">
				<edge label="DN" idref="s1_138"/>
				<edge label="DN" idref="s1_139"/>
				<edge label="H" idref="s1_140"/>
				<edge label="CO" idref="s1_143"/>
			</nt>
			<nt id="s1_573" cat="x">
				<edge label="P" idref="s1_574"/>
				<edge label="DP" idref="s1_575"/>
			</nt>
			<nt id="s1_574" cat="vp">
				<edge label="Vaux" idref="s1_144"/>
				<edge label="SUBaux" idref="s1_145"/>
				<edge label="Vm" idref="s1_146"/>
			</nt>
			<nt id="s1_575" cat="icl">
				<edge label="P" idref="s1_147"/>
				<edge label="As" idref="s1_148"/>
				<edge label="fA" idref="s1_576"/>
				<edge label="X" idref="s1_163"/>
			</nt>
			<nt id="s1_576" cat="advp">
				<edge label="DA" idref="s1_149"/>
				<edge label="H" idref="s1_150"/>
				<edge label="DAcom" idref="s1_577"/>
			</nt>
			<nt id="s1_577" cat="fcl">
				<edge label="COM" idref="s1_151"/>
				<edge label="P" idref="s1_152"/>
				<edge label="fA" idref="s1_578"/>
			</nt>
			<nt id="s1_578" cat="pp">
				<edge label="H" idref="s1_153"/>
				<edge label="DP" idref="s1_579"/>
			</nt>
			<nt id="s1_579" cat="np">
				<edge label="DN" idref="s1_154"/>
				<edge label="H" idref="s1_155"/>
				<edge label="DN" idref="s1_580"/>
			</nt>
			<nt id="s1_580" cat="pp">
				<edge label="H" idref="s1_156"/>
				<edge label="DP" idref="s1_581"/>
			</nt>
			<nt id="s1_581" cat="np">
				<edge label="DN" idref="s1_157"/>
				<edge label="H" idref="s1_158"/>
				<edge label="DN" idref="s1_582"/>
			</nt>
			<nt id="s1_582" cat="fcl">
				<edge label="S" idref="s1_159"/>
				<edge label="P" idref="s1_160"/>
				<edge label="Cs" idref="s1_583"/>
			</nt>
			<nt id="s1_583" cat="pp">
				<edge label="H" idref="s1_161"/>
				<edge label="DP" idref="s1_162"/>
			</nt>
		</nonterminals>
	</graph>
</s>

	</body>
</corpus>
