<?xml version="1.0" encoding="UTF-8"?>
<corpus>

	<body>
<s id="s1" ref="1" source="Running text" forest="1" text="qualidade do som deprimente.">
	<graph root="s1_500">
		<terminals>
			<t id="s1_1" word="qualidade" lemma="qualidade" pos="n" morph="F S" sem="percep-f f-c" extra="--"/>
			<t id="s1_2" word="de" lemma="de" pos="prp" morph="--" extra="sam- np-close"/>
			<t id="s1_3" word="o" lemma="o" pos="art" morph="M S" extra="-sam "/>
			<t id="s1_4" word="som" lemma="som" pos="n" morph="M S" sem="percep-l" extra="--"/>
			<t id="s1_5" word="deprimente" lemma="deprimente" pos="adj" morph="M S" extra="nh np-close"/>
			<t id="s1_6" word="." lemma="--" pos="pu" morph="--" extra="--"/>
		</terminals>

		<nonterminals>
			<nt id="s1_500" cat="s">
				<edge label="X" idref="s1_501"/>
			</nt>
			<nt id="s1_501" cat="np">
				<edge label="H" idref="s1_1"/>
				<edge label="DN" idref="s1_502"/>
				<edge label="PU" idref="s1_6"/>
			</nt>
			<nt id="s1_502" cat="pp">
				<edge label="H" idref="s1_2"/>
				<edge label="DP" idref="s1_503"/>
			</nt>
			<nt id="s1_503" cat="np">
				<edge label="DN" idref="s1_3"/>
				<edge label="H" idref="s1_4"/>
				<edge label="DN" idref="s1_5"/>
			</nt>
		</nonterminals>
	</graph>
</s>

<s id="s2" ref="2" source="Running text" forest="1" text="difícil ter conversas com esse telefone.">
	<graph root="s2_500">
		<terminals>
			<t id="s2_1" word="difícil" lemma="difícil" pos="adj" morph="M/F S" extra="nh"/>
			<t id="s2_2" word="ter" lemma="ter" pos="v-inf" morph="3S" extra="mv"/>
			<t id="s2_3" word="conversas" lemma="conversa" pos="n" morph="F P" sem="talk" extra="--"/>
			<t id="s2_4" word="com" lemma="com" pos="prp" morph="--" extra="np-close"/>
			<t id="s2_5" word="esse" lemma="esse" pos="pron-dem" morph="DET M S" extra="dem"/>
			<t id="s2_6" word="telefone" lemma="telefone" pos="n" morph="M S" sem="tool" extra="--"/>
			<t id="s2_7" word="." lemma="--" pos="pu" morph="--" extra="--"/>
		</terminals>

		<nonterminals>
			<nt id="s2_500" cat="s">
				<edge label="UTT" idref="s2_501"/>
			</nt>
			<nt id="s2_501" cat="fcl">
				<edge label="S" idref="s2_1"/>
				<edge label="P" idref="s2_2"/>
				<edge label="Od" idref="s2_502"/>
				<edge label="PU" idref="s2_7"/>
			</nt>
			<nt id="s2_502" cat="np">
				<edge label="H" idref="s2_3"/>
				<edge label="DN" idref="s2_503"/>
			</nt>
			<nt id="s2_503" cat="pp">
				<edge label="H" idref="s2_4"/>
				<edge label="DP" idref="s2_504"/>
			</nt>
			<nt id="s2_504" cat="np">
				<edge label="DN" idref="s2_5"/>
				<edge label="H" idref="s2_6"/>
			</nt>
		</nonterminals>
	</graph>
</s>

<s id="s3" ref="3" source="Running text" forest="1" text="péssimo para escutar e para falar.">
	<graph root="s3_500">
		<terminals>
			<t id="s3_1" word="péssimo" lemma="mal" pos="adj" morph="M S" extra="n SUP jh"/>
			<t id="s3_2" word="para" lemma="para" pos="prp" morph="--" extra="np-close"/>
			<t id="s3_3" word="escutar" lemma="escutar" pos="v-inf" morph="--" extra="vH mv"/>
			<t id="s3_4" word="e" lemma="e" pos="conj-c" morph="--" extra="--"/>
			<t id="s3_5" word="para" lemma="para" pos="prp" morph="--" extra="--"/>
			<t id="s3_6" word="falar" lemma="falar" pos="v-inf" morph="--" extra="vH mv"/>
			<t id="s3_7" word="." lemma="--" pos="pu" morph="--" extra="--"/>
		</terminals>

		<nonterminals>
			<nt id="s3_500" cat="s">
				<edge label="UTT" idref="s3_501"/>
			</nt>
			<nt id="s3_501" cat="x">
				<edge label="X" idref="s3_1"/>
				<edge label="DN" idref="s3_502"/>
				<edge label="H" idref="s3_2"/>
				<edge label="DP" idref="s3_503"/>
				<edge label="CO" idref="s3_4"/>
				<edge label="PU" idref="s3_7"/>
			</nt>
			<nt id="s3_502" cat="pp">
			</nt>
			<nt id="s3_503" cat="icl">
				<edge label="P" idref="s3_3"/>
				<edge label="fA" idref="s3_504"/>
			</nt>
			<nt id="s3_504" cat="pp">
				<edge label="H" idref="s3_5"/>
				<edge label="DP" idref="s3_6"/>
			</nt>
		</nonterminals>
	</graph>
</s>

<s id="s4" ref="4" source="Running text" forest="1" text="menu não-amigável.">
	<graph root="s4_500">
		<terminals>
			<t id="s4_1" word="menu" lemma="menu" pos="n" morph="M S" sem="cc-r" extra="--"/>
			<t id="s4_2" word="não-amigável" lemma="não-amigável" pos="adj" morph="M S" extra="nh np-close"/>
			<t id="s4_3" word="." lemma="--" pos="pu" morph="--" extra="--"/>
		</terminals>

		<nonterminals>
			<nt id="s4_500" cat="s">
				<edge label="X" idref="s4_501"/>
			</nt>
			<nt id="s4_501" cat="np">
				<edge label="H" idref="s4_1"/>
				<edge label="DN" idref="s4_2"/>
				<edge label="PU" idref="s4_3"/>
			</nt>
		</nonterminals>
	</graph>
</s>

<s id="s5" ref="5" source="Running text" forest="1" text="despertador complicado.">
	<graph root="s5_500">
		<terminals>
			<t id="s5_1" word="despertador" lemma="despertador" pos="n" morph="M S" sem="tool" extra="--"/>
			<t id="s5_2" word="complicado" lemma="complicado" pos="adj" morph="M S" extra="nh np-close"/>
			<t id="s5_3" word="." lemma="--" pos="pu" morph="--" extra="--"/>
		</terminals>

		<nonterminals>
			<nt id="s5_500" cat="s">
				<edge label="X" idref="s5_501"/>
			</nt>
			<nt id="s5_501" cat="np">
				<edge label="H" idref="s5_1"/>
				<edge label="DN" idref="s5_2"/>
				<edge label="PU" idref="s5_3"/>
			</nt>
		</nonterminals>
	</graph>
</s>

<s id="s6" ref="6" source="Running text" forest="1" text="péssimo para salvar números, chamadas e enviar mensagens.">
	<graph root="s6_500">
		<terminals>
			<t id="s6_1" word="péssimo" lemma="mal" pos="adj" morph="M S" extra="SUP jh"/>
			<t id="s6_2" word="para" lemma="para" pos="prp" morph="--" extra="np-close"/>
			<t id="s6_3" word="salvar" lemma="salvar" pos="v-inf" morph="--" extra="vH mv"/>
			<t id="s6_4" word="números" lemma="número" pos="n" morph="M P" sem="ac ac-sign sem ac-cat" extra="cjt-head cjt-head-Od"/>
			<t id="s6_5" word="," lemma="--" pos="pu" morph="--" extra="--"/>
			<t id="s6_6" word="chamadas" lemma="chamada" pos="n" morph="F P" sem="act-s" extra="cjt-Od"/>
			<t id="s6_7" word="e" lemma="e" pos="conj-c" morph="--" extra="--"/>
			<t id="s6_8" word="enviar" lemma="enviar" pos="v-inf" morph="--" extra="vH mv"/>
			<t id="s6_9" word="mensagens" lemma="mensagem" pos="n" morph="F P" sem="sem-s" extra="--"/>
			<t id="s6_10" word="." lemma="--" pos="pu" morph="--" extra="--"/>
		</terminals>

		<nonterminals>
			<nt id="s6_500" cat="s">
				<edge label="DN" idref="s6_501"/>
			</nt>
			<nt id="s6_501" cat="pp">
				<edge label="DP" idref="s6_502"/>
				<edge label="H" idref="s6_2"/>
				<edge label="PU" idref="s6_10"/>
			</nt>
			<nt id="s6_502" cat="icl">
				<edge label="fCs" idref="s6_1"/>
				<edge label="P" idref="s6_3"/>
				<edge label="Od" idref="s6_503"/>
				<edge label="CO" idref="s6_7"/>
				<edge label="UTT" idref="s6_504"/>
			</nt>
			<nt id="s6_503" cat="par">
				<edge label="CJT" idref="s6_4"/>
				<edge label="PU" idref="s6_5"/>
				<edge label="CJT" idref="s6_6"/>
			</nt>
			<nt id="s6_504" cat="icl">
				<edge label="P" idref="s6_8"/>
				<edge label="Od" idref="s6_9"/>
			</nt>
		</nonterminals>
	</graph>
</s>

<s id="s7" ref="7" source="Running text" forest="1" text="quem já teve um nokia, jamais vai querer um celular desse.">
	<graph root="s7_500">
		<terminals>
			<t id="s7_1" word="quem" lemma="quem" pos="spec" morph="M/F S" extra="clb rel"/>
			<t id="s7_2" word="já" lemma="já" pos="adv" morph="--" extra="--"/>
			<t id="s7_3" word="teve" lemma="ter" pos="v-fin" morph="PS 3S IND VFIN" extra="cjt-head cjt-head-STA fmc mv"/>
			<t id="s7_4" word="um" lemma="um" pos="art" morph="M S" extra="--"/>
			<t id="s7_5" word="nokia" lemma="nokia" pos="n" morph="F S" extra="heur foreign"/>
			<t id="s7_6" word="," lemma="--" pos="pu" morph="--" extra="--"/>
			<t id="s7_7" word="jamais" lemma="jamais" pos="adv" morph="--" extra="--"/>
			<t id="s7_8" word="vai" lemma="ir" pos="v-fin" morph="PR 3S IND VFIN" extra="nosubj nosubj cjt-STA fmc aux"/>
			<t id="s7_9" word="querer" lemma="querer" pos="v-inf" morph="--" extra="vH mv"/>
			<t id="s7_10" word="um" lemma="um" pos="art" morph="M S" extra="--"/>
			<t id="s7_11" word="celular" lemma="celular" pos="adj" morph="M S" extra="n nh"/>
			<t id="s7_12" word="de" lemma="de" pos="prp" morph="--" extra="sam- np-close"/>
			<t id="s7_13" word="esse" lemma="esse" pos="pron-dem" morph="DET M S" extra="dem -sam"/>
			<t id="s7_14" word="." lemma="--" pos="pu" morph="--" extra="--"/>
		</terminals>

		<nonterminals>
			<nt id="s7_500" cat="s">
				<edge label="STA" idref="s7_501"/>
			</nt>
			<nt id="s7_501" cat="par">
				<edge label="CJT" idref="s7_502"/>
				<edge label="PU" idref="s7_6"/>
				<edge label="CJT" idref="s7_504"/>
				<edge label="PU" idref="s7_14"/>
			</nt>
			<nt id="s7_502" cat="fcl">
				<edge label="S" idref="s7_1"/>
				<edge label="fA" idref="s7_2"/>
				<edge label="P" idref="s7_3"/>
				<edge label="Od" idref="s7_503"/>
			</nt>
			<nt id="s7_503" cat="np">
				<edge label="DN" idref="s7_4"/>
				<edge label="H" idref="s7_5"/>
			</nt>
			<nt id="s7_504" cat="x">
				<edge label="fA" idref="s7_7"/>
				<edge label="P" idref="s7_505"/>
				<edge label="Od" idref="s7_506"/>
			</nt>
			<nt id="s7_505" cat="vp">
				<edge label="Vaux" idref="s7_8"/>
				<edge label="Vm" idref="s7_9"/>
			</nt>
			<nt id="s7_506" cat="np">
				<edge label="DN" idref="s7_10"/>
				<edge label="H" idref="s7_11"/>
				<edge label="DN" idref="s7_507"/>
			</nt>
			<nt id="s7_507" cat="pp">
				<edge label="H" idref="s7_12"/>
				<edge label="DP" idref="s7_13"/>
			</nt>
		</nonterminals>
	</graph>
</s>

<s id="s8" ref="8" source="Running text" forest="1" text="o que gostei barato.">
	<graph root="s8_500">
		<terminals>
			<t id="s8_1" word="o" lemma="o" pos="pron-dem" morph="DET M S" extra="dem"/>
			<t id="s8_2" word="que" lemma="que" pos="spec" morph="M S" extra="clb clb-fs rel"/>
			<t id="s8_3" word="gostei" lemma="gostar" pos="v-fin" morph="PS 1S IND VFIN" extra="vH mv np-close"/>
			<t id="s8_4" word="barato" lemma="barato" pos="n" morph="M S" sem="mon" extra="--"/>
			<t id="s8_5" word="." lemma="--" pos="pu" morph="--" extra="--"/>
		</terminals>

		<nonterminals>
			<nt id="s8_500" cat="s">
				<edge label="UTT" idref="s8_501"/>
			</nt>
			<nt id="s8_501" cat="x">
				<edge label="X" idref="s8_1"/>
				<edge label="DN" idref="s8_502"/>
				<edge label="S" idref="s8_2"/>
				<edge label="P" idref="s8_3"/>
				<edge label="fCs" idref="s8_4"/>
				<edge label="PU" idref="s8_5"/>
			</nt>
			<nt id="s8_502" cat="fcl">
			</nt>
		</nonterminals>
	</graph>
</s>

<s id="s9" ref="9" source="Running text" forest="1" text="o que não gostei qualidade do som deprimente.">
	<graph root="s9_500">
		<terminals>
			<t id="s9_1" word="o" lemma="o" pos="pron-dem" morph="DET M S" extra="dem"/>
			<t id="s9_2" word="que" lemma="que" pos="spec" morph="M S" extra="clb clb-fs rel"/>
			<t id="s9_3" word="não" lemma="não" pos="adv" morph="--" extra="--"/>
			<t id="s9_4" word="gostei" lemma="gostar" pos="v-fin" morph="PS 1S IND VFIN" extra="vH mv np-close"/>
			<t id="s9_5" word="qualidade" lemma="qualidade" pos="n" morph="F S" sem="percep-f f-c" extra="--"/>
			<t id="s9_6" word="de" lemma="de" pos="prp" morph="--" extra="sam- np-close"/>
			<t id="s9_7" word="o" lemma="o" pos="art" morph="M S" extra="-sam "/>
			<t id="s9_8" word="som" lemma="som" pos="n" morph="M S" sem="percep-l" extra="--"/>
			<t id="s9_9" word="deprimente" lemma="deprimente" pos="adj" morph="M S" extra="nh np-close"/>
			<t id="s9_10" word="." lemma="--" pos="pu" morph="--" extra="--"/>
		</terminals>

		<nonterminals>
			<nt id="s9_500" cat="s">
				<edge label="UTT" idref="s9_501"/>
			</nt>
			<nt id="s9_501" cat="x">
				<edge label="X" idref="s9_1"/>
				<edge label="DN" idref="s9_502"/>
				<edge label="S" idref="s9_2"/>
				<edge label="fA" idref="s9_3"/>
				<edge label="P" idref="s9_4"/>
				<edge label="fCs" idref="s9_503"/>
				<edge label="H" idref="s9_5"/>
				<edge label="DN" idref="s9_504"/>
				<edge label="PU" idref="s9_10"/>
			</nt>
			<nt id="s9_502" cat="fcl">
			</nt>
			<nt id="s9_503" cat="np">
			</nt>
			<nt id="s9_504" cat="pp">
				<edge label="H" idref="s9_6"/>
				<edge label="DP" idref="s9_505"/>
			</nt>
			<nt id="s9_505" cat="np">
				<edge label="DN" idref="s9_7"/>
				<edge label="H" idref="s9_8"/>
				<edge label="DN" idref="s9_9"/>
			</nt>
		</nonterminals>
	</graph>
</s>

<s id="s10" ref="10" source="Running text" forest="1" text="péssimo para escutar e para falar.">
	<graph root="s10_500">
		<terminals>
			<t id="s10_1" word="péssimo" lemma="mal" pos="adj" morph="M S" extra="n SUP jh"/>
			<t id="s10_2" word="para" lemma="para" pos="prp" morph="--" extra="np-close"/>
			<t id="s10_3" word="escutar" lemma="escutar" pos="v-inf" morph="--" extra="vH mv"/>
			<t id="s10_4" word="e" lemma="e" pos="conj-c" morph="--" extra="--"/>
			<t id="s10_5" word="para" lemma="para" pos="prp" morph="--" extra="--"/>
			<t id="s10_6" word="falar" lemma="falar" pos="v-inf" morph="--" extra="vH mv"/>
			<t id="s10_7" word="." lemma="--" pos="pu" morph="--" extra="--"/>
		</terminals>

		<nonterminals>
			<nt id="s10_500" cat="s">
				<edge label="UTT" idref="s10_501"/>
			</nt>
			<nt id="s10_501" cat="x">
				<edge label="X" idref="s10_1"/>
				<edge label="DN" idref="s10_502"/>
				<edge label="H" idref="s10_2"/>
				<edge label="DP" idref="s10_503"/>
				<edge label="CO" idref="s10_4"/>
				<edge label="PU" idref="s10_7"/>
			</nt>
			<nt id="s10_502" cat="pp">
			</nt>
			<nt id="s10_503" cat="icl">
				<edge label="P" idref="s10_3"/>
				<edge label="fA" idref="s10_504"/>
			</nt>
			<nt id="s10_504" cat="pp">
				<edge label="H" idref="s10_5"/>
				<edge label="DP" idref="s10_6"/>
			</nt>
		</nonterminals>
	</graph>
</s>

<s id="s11" ref="11" source="Running text" forest="1" text="menu não-amigável..">
	<graph root="s11_500">
		<terminals>
			<t id="s11_1" word="menu" lemma="menu" pos="n" morph="M S" sem="cc-r" extra="--"/>
			<t id="s11_2" word="não-amigável" lemma="não-amigável" pos="adj" morph="M S" extra="nh np-close"/>
			<t id="s11_3" word="." lemma="--" pos="pu" morph="--" extra="--"/>
			<t id="s11_4" word="." lemma="--" pos="pu" morph="--" extra="--"/>
		</terminals>

		<nonterminals>
			<nt id="s11_500" cat="s">
				<edge label="X" idref="s11_501"/>
			</nt>
			<nt id="s11_501" cat="np">
				<edge label="H" idref="s11_1"/>
				<edge label="DN" idref="s11_2"/>
				<edge label="PU" idref="s11_3"/>
				<edge label="PU" idref="s11_4"/>
			</nt>
		</nonterminals>
	</graph>
</s>

	</body>
</corpus>
