<?xml version="1.0" encoding="UTF-8"?>
<corpus>

	<body>
<s id="s1" ref="1" source="Running text" forest="1" text="opinião comprei um, só vejo o que elogiar, o aparelho é muito bom, muito bonito, principalmente o azul.">
	<graph root="s1_500">
		<terminals>
			<t id="s1_1" word="opinião" lemma="opinião" pos="n" morph="F S" sem="sem-c" extra="--"/>
			<t id="s1_2" word="comprei" lemma="comprar" pos="v-fin" morph="PS 1S IND VFIN" extra="cjt-head cjt-head-STA vH fmc mv"/>
			<t id="s1_3" word="um" lemma="um" pos="num" morph="M S" extra="card"/>
			<t id="s1_4" word="," lemma="--" pos="pu" morph="--" extra="--"/>
			<t id="s1_5" word="só" lemma="só" pos="adv" morph="--" extra="--"/>
			<t id="s1_6" word="vejo" lemma="ver" pos="v-fin" morph="PR 1S IND VFIN" extra="nosubj nosubj cjt-STA vH fmc mv"/>
			<t id="s1_7" word="o_que" lemma="o_que" pos="spec" morph="M S" extra="clb interr"/>
			<t id="s1_8" word="elogiar" lemma="elogiar" pos="v-inf" morph="--" extra="vH mv"/>
			<t id="s1_9" word="," lemma="--" pos="pu" morph="--" extra="--"/>
			<t id="s1_10" word="o" lemma="o" pos="art" morph="M S" extra="--"/>
			<t id="s1_11" word="aparelho" lemma="aparelho" pos="n" morph="M S" sem="tool" extra="--"/>
			<t id="s1_12" word="é" lemma="ser" pos="v-fin" morph="PR 3S IND VFIN" extra="cjt-STA vK mv"/>
			<t id="s1_13" word="muito" lemma="muito" pos="adv" morph="--" extra="quant"/>
			<t id="s1_14" word="bom" lemma="bom" pos="adj" morph="M S" extra="--"/>
			<t id="s1_15" word="," lemma="--" pos="pu" morph="--" extra="--"/>
			<t id="s1_16" word="muito" lemma="muito" pos="adv" morph="--" extra="quant"/>
			<t id="s1_17" word="bonito" lemma="bonito" pos="adj" morph="M S" extra="np-close"/>
			<t id="s1_18" word="," lemma="--" pos="pu" morph="--" extra="--"/>
			<t id="s1_19" word="principalmente" lemma="principalmente" pos="adv" morph="--" extra="--"/>
			<t id="s1_20" word="o" lemma="o" pos="art" morph="M S" extra="--"/>
			<t id="s1_21" word="azul" lemma="azul" pos="adj" morph="M S" sem="col" extra="n jh"/>
			<t id="s1_22" word="." lemma="--" pos="pu" morph="--" extra="--"/>
		</terminals>

		<nonterminals>
			<nt id="s1_500" cat="s">
				<edge label="STA" idref="s1_501"/>
			</nt>
			<nt id="s1_501" cat="par">
				<edge label="CJT" idref="s1_502"/>
				<edge label="PU" idref="s1_4"/>
				<edge label="CJT" idref="s1_503"/>
				<edge label="CJT" idref="s1_504"/>
				<edge label="PU" idref="s1_22"/>
			</nt>
			<nt id="s1_502" cat="fcl">
				<edge label="S" idref="s1_1"/>
				<edge label="P" idref="s1_2"/>
				<edge label="Od" idref="s1_3"/>
			</nt>
			<nt id="s1_503" cat="x">
				<edge label="fA" idref="s1_5"/>
				<edge label="P" idref="s1_6"/>
			</nt>
			<nt id="s1_504" cat="fcl">
				<edge label="X" idref="s1_7"/>
				<edge label="Od" idref="s1_8"/>
				<edge label="PU" idref="s1_9"/>
				<edge label="S" idref="s1_505"/>
				<edge label="P" idref="s1_12"/>
				<edge label="Cs" idref="s1_506"/>
				<edge label="PU" idref="s1_15"/>
				<edge label="S" idref="s1_507"/>
			</nt>
			<nt id="s1_505" cat="np">
				<edge label="DN" idref="s1_10"/>
				<edge label="H" idref="s1_11"/>
			</nt>
			<nt id="s1_506" cat="adjp">
				<edge label="DA" idref="s1_13"/>
				<edge label="H" idref="s1_14"/>
			</nt>
			<nt id="s1_507" cat="np">
				<edge label="DN" idref="s1_508"/>
				<edge label="PU" idref="s1_18"/>
				<edge label="DN" idref="s1_19"/>
				<edge label="DN" idref="s1_20"/>
				<edge label="H" idref="s1_21"/>
			</nt>
			<nt id="s1_508" cat="adjp">
				<edge label="DA" idref="s1_16"/>
				<edge label="H" idref="s1_17"/>
			</nt>
		</nonterminals>
	</graph>
</s>

<s id="s2" ref="2" source="Running text" forest="1" text="para começar, o som é excelente, vem com cartão de memória de number gigabytes, vem também com number ótimos jogos, além de um preço barato.">
	<graph root="s2_500">
		<terminals>
			<t id="s2_1" word="para" lemma="para" pos="prp" morph="--" extra="--"/>
			<t id="s2_2" word="começar" lemma="começar" pos="v-inf" morph="--" extra="vH mv"/>
			<t id="s2_3" word="," lemma="--" pos="pu" morph="--" extra="--"/>
			<t id="s2_4" word="o" lemma="o" pos="art" morph="M S" extra="--"/>
			<t id="s2_5" word="som" lemma="som" pos="n" morph="M S" sem="percep-l" extra="--"/>
			<t id="s2_6" word="é" lemma="ser" pos="v-fin" morph="PR 3S IND VFIN" extra="nosubj nosubj cjt-head cjt-head-STA vK fmc mv"/>
			<t id="s2_7" word="excelente" lemma="excelente" pos="adj" morph="M S" extra="--"/>
			<t id="s2_8" word="," lemma="--" pos="pu" morph="--" extra="--"/>
			<t id="s2_9" word="vem" lemma="vir" pos="v-fin" morph="PR 3S IND VFIN" extra="nosubj nosubj cjt-STA fmc mv"/>
			<t id="s2_10" word="com" lemma="com" pos="prp" morph="--" extra="--"/>
			<t id="s2_11" word="cartão" lemma="cartão" pos="n" morph="M S" sem="cm cc-r" extra="--"/>
			<t id="s2_12" word="de_memória" lemma="de_memória" pos="adv" morph="--" sem="pp" extra="--"/>
			<t id="s2_13" word="de" lemma="de" pos="prp" morph="--" extra="--"/>
			<t id="s2_14" word="number" lemma="number" pos="v-inf" morph="--" extra="heur mv"/>
			<t id="s2_15" word="gigabytes" lemma="gigabyte" pos="n" morph="M P" sem="unit" extra="DERP"/>
			<t id="s2_16" word="," lemma="--" pos="pu" morph="--" extra="--"/>
			<t id="s2_17" word="vem" lemma="vir" pos="v-fin" morph="PR 3S IND VFIN" extra="nosubj nosubj cjt-STA fmc mv"/>
			<t id="s2_18" word="também" lemma="também" pos="adv" morph="--" extra="--"/>
			<t id="s2_19" word="com" lemma="com" pos="prp" morph="--" extra="--"/>
			<t id="s2_20" word="number" lemma="number" pos="v-inf" morph="--" extra="heur mv"/>
			<t id="s2_21" word="ótimos" lemma="bom" pos="adj" morph="M P" extra="SUP jh"/>
			<t id="s2_22" word="jogos" lemma="jogo" pos="n" morph="M P" sem="activity occ cc-h game" extra="--"/>
			<t id="s2_23" word="," lemma="--" pos="pu" morph="--" extra="--"/>
			<t id="s2_24" word="além_de" lemma="além_de" pos="prp" morph="--" extra="--"/>
			<t id="s2_25" word="um" lemma="um" pos="art" morph="M S" extra="--"/>
			<t id="s2_26" word="preço" lemma="preço" pos="n" morph="M S" sem="f-q" extra="--"/>
			<t id="s2_27" word="barato" lemma="barato" pos="adj" morph="M S" extra="nh np-close"/>
			<t id="s2_28" word="." lemma="--" pos="pu" morph="--" extra="--"/>
		</terminals>

		<nonterminals>
			<nt id="s2_500" cat="s">
				<edge label="STA" idref="s2_501"/>
			</nt>
			<nt id="s2_501" cat="par">
				<edge label="CJT" idref="s2_502"/>
				<edge label="PU" idref="s2_8"/>
				<edge label="CJT" idref="s2_505"/>
				<edge label="PU" idref="s2_16"/>
				<edge label="CJT" idref="s2_509"/>
				<edge label="PU" idref="s2_28"/>
			</nt>
			<nt id="s2_502" cat="fcl">
				<edge label="fA" idref="s2_503"/>
				<edge label="PU" idref="s2_3"/>
				<edge label="S" idref="s2_504"/>
				<edge label="P" idref="s2_6"/>
				<edge label="Cs" idref="s2_7"/>
			</nt>
			<nt id="s2_503" cat="pp">
				<edge label="H" idref="s2_1"/>
				<edge label="DP" idref="s2_2"/>
			</nt>
			<nt id="s2_504" cat="np">
				<edge label="DN" idref="s2_4"/>
				<edge label="H" idref="s2_5"/>
			</nt>
			<nt id="s2_505" cat="x">
				<edge label="P" idref="s2_9"/>
				<edge label="Cs" idref="s2_506"/>
				<edge label="fA" idref="s2_12"/>
				<edge label="fCs" idref="s2_507"/>
			</nt>
			<nt id="s2_506" cat="pp">
				<edge label="H" idref="s2_10"/>
				<edge label="DP" idref="s2_11"/>
			</nt>
			<nt id="s2_507" cat="pp">
				<edge label="H" idref="s2_13"/>
				<edge label="DP" idref="s2_508"/>
			</nt>
			<nt id="s2_508" cat="icl">
				<edge label="P" idref="s2_14"/>
				<edge label="Od" idref="s2_15"/>
			</nt>
			<nt id="s2_509" cat="x">
				<edge label="P" idref="s2_17"/>
				<edge label="Cs" idref="s2_510"/>
			</nt>
			<nt id="s2_510" cat="pp">
				<edge label="DPmod" idref="s2_18"/>
				<edge label="H" idref="s2_19"/>
				<edge label="DP" idref="s2_511"/>
			</nt>
			<nt id="s2_511" cat="icl">
				<edge label="P" idref="s2_20"/>
				<edge label="Od" idref="s2_512"/>
				<edge label="PU" idref="s2_23"/>
				<edge label="fA" idref="s2_513"/>
			</nt>
			<nt id="s2_512" cat="np">
				<edge label="DN" idref="s2_21"/>
				<edge label="H" idref="s2_22"/>
			</nt>
			<nt id="s2_513" cat="pp">
				<edge label="H" idref="s2_24"/>
				<edge label="DP" idref="s2_514"/>
			</nt>
			<nt id="s2_514" cat="np">
				<edge label="DN" idref="s2_25"/>
				<edge label="H" idref="s2_26"/>
				<edge label="DN" idref="s2_27"/>
			</nt>
		</nonterminals>
	</graph>
</s>

<s id="s3" ref="3" source="Running text" forest="1" text="recomendo a todos.">
	<graph root="s3_500">
		<terminals>
			<t id="s3_1" word="recomendo" lemma="recomendar" pos="v-fin" morph="PR 1S IND VFIN" extra="vH fmc mv"/>
			<t id="s3_2" word="a" lemma="a" pos="prp" morph="--" extra="--"/>
			<t id="s3_3" word="todos" lemma="todo" pos="pron-indef" morph="DET M P" extra="quant"/>
			<t id="s3_4" word="." lemma="--" pos="pu" morph="--" extra="--"/>
		</terminals>

		<nonterminals>
			<nt id="s3_500" cat="s">
				<edge label="STA" idref="s3_501"/>
			</nt>
			<nt id="s3_501" cat="fcl">
				<edge label="P" idref="s3_1"/>
				<edge label="fA" idref="s3_502"/>
				<edge label="PU" idref="s3_4"/>
			</nt>
			<nt id="s3_502" cat="pp">
				<edge label="H" idref="s3_2"/>
				<edge label="DP" idref="s3_3"/>
			</nt>
		</nonterminals>
	</graph>
</s>

<s id="s4" ref="4" source="Running text" forest="1" text="se querem um bom celular, comprem um nokia ou um lg.">
	<graph root="s4_500">
		<terminals>
			<t id="s4_1" word="se" lemma="se" pos="pron-pers" morph="M/F 3P ACC" extra="pass"/>
			<t id="s4_2" word="querem" lemma="querer" pos="v-fin" morph="PR 3P IND VFIN" extra="nosubj nosubj cjt-head cjt-head-STA vH fmc mv"/>
			<t id="s4_3" word="um" lemma="um" pos="art" morph="M S" extra="--"/>
			<t id="s4_4" word="bom" lemma="bom" pos="adj" morph="M S" extra="n jh"/>
			<t id="s4_5" word="celular" lemma="celular" pos="adj" morph="M/F S" extra="nh np-close"/>
			<t id="s4_6" word="," lemma="--" pos="pu" morph="--" extra="--"/>
			<t id="s4_7" word="comprem" lemma="comprar" pos="v-fin" morph="PR 3P SUBJ VFIN" extra="nosubj nosubj cjt-STA vH fmc mv"/>
			<t id="s4_8" word="um" lemma="um" pos="num" morph="M S" extra="card"/>
			<t id="s4_9" word="nokia" lemma="nokia" pos="n" morph="F S" extra="cjt-head cjt-head-Od heur foreign"/>
			<t id="s4_10" word="ou" lemma="ou" pos="conj-c" morph="--" extra="--"/>
			<t id="s4_11" word="um" lemma="um" pos="art" morph="M S" extra="--"/>
			<t id="s4_12" word="lg" lemma="lg" pos="n" morph="M S" extra="cjt-Od foreign"/>
			<t id="s4_13" word="." lemma="--" pos="pu" morph="--" extra="--"/>
		</terminals>

		<nonterminals>
			<nt id="s4_500" cat="s">
				<edge label="STA" idref="s4_501"/>
			</nt>
			<nt id="s4_501" cat="par">
				<edge label="CJT" idref="s4_502"/>
				<edge label="CJT" idref="s4_504"/>
				<edge label="CJT" idref="s4_509"/>
				<edge label="PU" idref="s4_13"/>
			</nt>
			<nt id="s4_502" cat="fcl">
				<edge label="Od" idref="s4_503"/>
				<edge label="P" idref="s4_2"/>
			</nt>
			<nt id="s4_503" cat="np">
				<edge label="H" idref="s4_1"/>
				<secedge label="*" idref="s4_5"/>
				<secedge label="*" idref="s4_10"/>
				<secedge label="*" idref="s4_510"/>
			</nt>
			<nt id="s4_504" cat="x">
				<edge label="Od" idref="s4_505"/>
				<edge label="Co" idref="s4_4"/>
				<edge label="Od" idref="s4_507"/>
				<edge label="PU" idref="s4_6"/>
				<edge label="P" idref="s4_7"/>
				<edge label="Od" idref="s4_508"/>
			</nt>
			<nt id="s4_505" cat="par">
				<edge label="CJT" idref="s4_506"/>
			</nt>
			<nt id="s4_506" cat="np">
				<edge label="DN" idref="s4_3"/>
				<edge label="DN" idref="s4_8"/>
				<edge label="H" idref="s4_9"/>
			</nt>
			<nt id="s4_507" cat="np">
				<edge label="DN" idref="s4_5"/>
			</nt>
			<nt id="s4_508" cat="par">
				<edge label="CO" idref="s4_10"/>
				<edge label="CJT" idref="s4_510"/>
			</nt>
			<nt id="s4_509" cat="np">
			</nt>
			<nt id="s4_510" cat="np">
				<edge label="DN" idref="s4_11"/>
				<edge label="H" idref="s4_12"/>
			</nt>
		</nonterminals>
	</graph>
</s>

<s id="s5" ref="5" source="Running text" forest="1" text="o que gostei tudo o que não gostei nada.">
	<graph root="s5_500">
		<terminals>
			<t id="s5_1" word="o" lemma="o" pos="pron-dem" morph="DET M S" extra="dem"/>
			<t id="s5_2" word="que" lemma="que" pos="spec" morph="M S" extra="clb clb-fs rel"/>
			<t id="s5_3" word="gostei" lemma="gostar" pos="v-fin" morph="PS 1S IND VFIN" extra="vH mv np-close"/>
			<t id="s5_4" word="tudo_o_que" lemma="tudo_o_que" pos="spec" morph="M S" extra="clb quant rel"/>
			<t id="s5_5" word="não" lemma="não" pos="adv" morph="--" extra="--"/>
			<t id="s5_6" word="gostei" lemma="gostar" pos="v-fin" morph="PS 1S IND VFIN" extra="vH mv"/>
			<t id="s5_7" word="nada" lemma="nada" pos="spec" morph="M S" extra="quant"/>
			<t id="s5_8" word="." lemma="--" pos="pu" morph="--" extra="--"/>
		</terminals>

		<nonterminals>
			<nt id="s5_500" cat="s">
				<edge label="X" idref="s5_501"/>
			</nt>
			<nt id="s5_501" cat="adjp">
				<edge label="H" idref="s5_1"/>
				<edge label="DN" idref="s5_502"/>
				<edge label="S" idref="s5_2"/>
				<edge label="P" idref="s5_3"/>
				<edge label="STA" idref="s5_503"/>
				<edge label="PU" idref="s5_8"/>
			</nt>
			<nt id="s5_502" cat="fcl">
			</nt>
			<nt id="s5_503" cat="fcl">
				<edge label="X" idref="s5_4"/>
				<edge label="fA" idref="s5_5"/>
				<edge label="P" idref="s5_6"/>
				<edge label="fA" idref="s5_7"/>
			</nt>
		</nonterminals>
	</graph>
</s>

	</body>
</corpus>
