<?xml version="1.0" encoding="UTF-8"?>
<corpus>

	<body>
<s id="s1" ref="1" source="Running text" forest="1" text="um produto bom, com facilidade de uso e várias funções.">
	<graph root="s1_500">
		<terminals>
			<t id="s1_1" word="um" lemma="um" pos="art" morph="M S" extra="--"/>
			<t id="s1_2" word="produto" lemma="produto" pos="n" morph="M S" sem="cc-h mon ac-cat" extra="--"/>
			<t id="s1_3" word="bom" lemma="bom" pos="adj" morph="M S" extra="np-close"/>
			<t id="s1_4" word="," lemma="--" pos="pu" morph="--" extra="--"/>
			<t id="s1_5" word="com" lemma="com" pos="prp" morph="--" extra="--"/>
			<t id="s1_6" word="facilidade" lemma="facilidade" pos="n" morph="F S" sem="am" extra="--"/>
			<t id="s1_7" word="de" lemma="de" pos="prp" morph="--" extra="np-close"/>
			<t id="s1_8" word="uso" lemma="uso" pos="n" morph="M S" sem="act ac" extra="cjt-head cjt-head-DP"/>
			<t id="s1_9" word="e" lemma="e" pos="conj-c" morph="--" extra="--"/>
			<t id="s1_10" word="várias" lemma="várias" pos="pron-indef" morph="DET F P" extra="quant"/>
			<t id="s1_11" word="funções" lemma="função" pos="n" morph="F P" sem="ac pos-soc occ" extra="cjt-DP"/>
			<t id="s1_12" word="." lemma="--" pos="pu" morph="--" extra="--"/>
		</terminals>

		<nonterminals>
			<nt id="s1_500" cat="s">
				<edge label="X" idref="s1_501"/>
			</nt>
			<nt id="s1_501" cat="np">
				<edge label="DN" idref="s1_1"/>
				<edge label="H" idref="s1_2"/>
				<edge label="DN" idref="s1_3"/>
				<edge label="PU" idref="s1_4"/>
				<edge label="fA" idref="s1_502"/>
				<edge label="PU" idref="s1_12"/>
			</nt>
			<nt id="s1_502" cat="pp">
				<edge label="H" idref="s1_5"/>
				<edge label="DP" idref="s1_503"/>
			</nt>
			<nt id="s1_503" cat="np">
				<edge label="H" idref="s1_6"/>
				<edge label="DN" idref="s1_504"/>
			</nt>
			<nt id="s1_504" cat="pp">
				<edge label="H" idref="s1_7"/>
				<edge label="DP" idref="s1_505"/>
			</nt>
			<nt id="s1_505" cat="par">
				<edge label="CJT" idref="s1_8"/>
				<edge label="CO" idref="s1_9"/>
				<edge label="CJT" idref="s1_506"/>
			</nt>
			<nt id="s1_506" cat="np">
				<edge label="DN" idref="s1_10"/>
				<edge label="H" idref="s1_11"/>
			</nt>
		</nonterminals>
	</graph>
</s>

	</body>
</corpus>
