<?xml version="1.0" encoding="UTF-8"?>
<corpus>

	<body>
<s id="s1" ref="1" source="Running text" forest="1" text="celular muito bom, prático e funcional.">
	<graph root="s1_500">
		<terminals>
			<t id="s1_1" word="celular" lemma="celular" pos="adj" morph="M/F S" extra="nh"/>
			<t id="s1_2" word="muito" lemma="muito" pos="adv" morph="--" extra="quant"/>
			<t id="s1_3" word="bom" lemma="bom" pos="adj" morph="M S" extra="cjt-head cjt-head-X jh"/>
			<t id="s1_4" word="," lemma="--" pos="pu" morph="--" extra="--"/>
			<t id="s1_5" word="prático" lemma="prático" pos="adj" morph="M S" extra="cjt-X jh"/>
			<t id="s1_6" word="e" lemma="e" pos="conj-c" morph="--" extra="--"/>
			<t id="s1_7" word="funcional" lemma="funcional" pos="adj" morph="M/F S" extra="cjt-X nh"/>
			<t id="s1_8" word="." lemma="--" pos="pu" morph="--" extra="--"/>
		</terminals>

		<nonterminals>
			<nt id="s1_500" cat="s">
				<edge label="UTT" idref="s1_501"/>
			</nt>
			<nt id="s1_501" cat="x">
				<edge label="fCs" idref="s1_1"/>
				<edge label="X" idref="s1_502"/>
				<edge label="CJT" idref="s1_503"/>
				<edge label="PU" idref="s1_4"/>
				<edge label="CJT" idref="s1_5"/>
				<edge label="CO" idref="s1_6"/>
				<edge label="CJT" idref="s1_7"/>
				<edge label="PU" idref="s1_8"/>
			</nt>
			<nt id="s1_502" cat="par">
			</nt>
			<nt id="s1_503" cat="adjp">
				<edge label="DA" idref="s1_2"/>
				<edge label="H" idref="s1_3"/>
			</nt>
		</nonterminals>
	</graph>
</s>

<s id="s2" ref="2" source="Running text" forest="1" text="ótimo player e o touch responde muito bem.">
	<graph root="s2_500">
		<terminals>
			<t id="s2_1" word="ótimo" lemma="bom" pos="adj" morph="M S" extra="SUP"/>
			<t id="s2_2" word="player" lemma="player" pos="n" morph="M S" sem="tool" extra="--"/>
			<t id="s2_3" word="e" lemma="e" pos="conj-c" morph="--" extra="topkc"/>
			<t id="s2_4" word="o" lemma="o" pos="art" morph="M S" extra="--"/>
			<t id="s2_5" word="touch" lemma="touch" pos="n" morph="M S" extra="heur"/>
			<t id="s2_6" word="responde" lemma="responder" pos="v-fin" morph="PR 3S IND VFIN" extra="fmc mv"/>
			<t id="s2_7" word="muito" lemma="muito" pos="adv" morph="--" extra="quant"/>
			<t id="s2_8" word="bem" lemma="bem" pos="adv" morph="--" extra="quant"/>
			<t id="s2_9" word="." lemma="--" pos="pu" morph="--" extra="--"/>
		</terminals>

		<nonterminals>
			<nt id="s2_500" cat="s">
				<edge label="STA" idref="s2_501"/>
			</nt>
			<nt id="s2_501" cat="fcl">
				<edge label="S" idref="s2_502"/>
				<edge label="CO" idref="s2_3"/>
				<edge label="S" idref="s2_503"/>
				<edge label="P" idref="s2_6"/>
				<edge label="fA" idref="s2_504"/>
				<edge label="PU" idref="s2_9"/>
			</nt>
			<nt id="s2_502" cat="np">
				<edge label="DN" idref="s2_1"/>
				<edge label="H" idref="s2_2"/>
			</nt>
			<nt id="s2_503" cat="np">
				<edge label="DN" idref="s2_4"/>
				<edge label="H" idref="s2_5"/>
			</nt>
			<nt id="s2_504" cat="advp">
				<edge label="DA" idref="s2_7"/>
				<edge label="H" idref="s2_8"/>
			</nt>
		</nonterminals>
	</graph>
</s>

<s id="s3" ref="3" source="Running text" forest="1" text="o que gostei leve muito bonito fácil uso ótimo gadgets o que não gostei não tem wi-fi.">
	<graph root="s3_500">
		<terminals>
			<t id="s3_1" word="o" lemma="o" pos="pron-dem" morph="DET M S" extra="dem"/>
			<t id="s3_2" word="que" lemma="que" pos="spec" morph="M S" extra="clb rel"/>
			<t id="s3_3" word="gostei" lemma="gostar" pos="v-fin" morph="PS 1S IND VFIN" extra="predco predco predco predco vH mv"/>
			<t id="s3_4" word="leve" lemma="leve" pos="adj" morph="M/F S" extra="--"/>
			<t id="s3_5" word="muito" lemma="muito" pos="adv" morph="--" extra="quant"/>
			<t id="s3_6" word="bonito" lemma="bonito" pos="adj" morph="M S" extra="np-close"/>
			<t id="s3_7" word="fácil" lemma="fácil" pos="adj" morph="M S" extra="--"/>
			<t id="s3_8" word="uso" lemma="uso" pos="n" morph="M S" sem="act ac" extra="--"/>
			<t id="s3_9" word="ótimo" lemma="bom" pos="adj" morph="M S" extra="SUP"/>
			<t id="s3_10" word="gadgets" lemma="gadget" pos="n" morph="M P" extra="heur"/>
			<t id="s3_11" word="o" lemma="o" pos="art" morph="M S" extra="--"/>
			<t id="s3_12" word="que" lemma="que" pos="spec" morph="M S" extra="clb clb-fs rel"/>
			<t id="s3_13" word="não" lemma="não" pos="adv" morph="--" extra="--"/>
			<t id="s3_14" word="gostei" lemma="gostar" pos="v-fin" morph="PS 1S IND VFIN" extra="vH mv np-close"/>
			<t id="s3_15" word="não" lemma="não" pos="adv" morph="--" extra="--"/>
			<t id="s3_16" word="tem" lemma="ter" pos="v-fin" morph="PR 3S IND VFIN" extra="cjt-STA fmc mv"/>
			<t id="s3_17" word="wi-fi" lemma="wi-fer" pos="v-fin" morph="PS 1S IND VFIN" extra="nosubj nosubj cjt-STA foreign heur fmc mv"/>
			<t id="s3_18" word="." lemma="--" pos="pu" morph="--" extra="--"/>
		</terminals>

		<nonterminals>
			<nt id="s3_500" cat="s">
				<edge label="STA" idref="s3_501"/>
			</nt>
			<nt id="s3_501" cat="fcl">
				<edge label="S" idref="s3_1"/>
				<edge label="X" idref="s3_2"/>
				<edge label="X" idref="s3_502"/>
				<edge label="PU" idref="s3_18"/>
			</nt>
			<nt id="s3_502" cat="par">
				<edge label="CJT" idref="s3_503"/>
				<edge label="CJT" idref="s3_506"/>
				<edge label="CJT" idref="s3_17"/>
			</nt>
			<nt id="s3_503" cat="x">
				<edge label="P" idref="s3_3"/>
				<edge label="S" idref="s3_504"/>
				<edge label="DN" idref="s3_505"/>
			</nt>
			<nt id="s3_504" cat="np">
				<edge label="DN" idref="s3_4"/>
			</nt>
			<nt id="s3_505" cat="adjp">
				<edge label="DA" idref="s3_5"/>
				<edge label="H" idref="s3_6"/>
				<edge label="DN" idref="s3_7"/>
				<edge label="H" idref="s3_8"/>
			</nt>
			<nt id="s3_506" cat="fcl">
				<edge label="S" idref="s3_507"/>
				<edge label="DN" idref="s3_11"/>
				<edge label="P" idref="s3_16"/>
			</nt>
			<nt id="s3_507" cat="np">
				<edge label="DN" idref="s3_9"/>
				<edge label="H" idref="s3_10"/>
				<edge label="DN" idref="s3_508"/>
			</nt>
			<nt id="s3_508" cat="fcl">
				<edge label="S" idref="s3_12"/>
				<edge label="fA" idref="s3_13"/>
				<edge label="P" idref="s3_14"/>
				<edge label="fA" idref="s3_15"/>
			</nt>
		</nonterminals>
	</graph>
</s>

	</body>
</corpus>
