<?xml version="1.0" encoding="UTF-8"?>
<corpus>

	<body>
<s id="s1" ref="1" source="Running text" forest="1" text="produto fantástico.">
	<graph root="s1_500">
		<terminals>
			<t id="s1_1" word="produto" lemma="produto" pos="n" morph="M S" sem="cc-h mon ac-cat" extra="--"/>
			<t id="s1_2" word="fantástico" lemma="fantástico" pos="adj" morph="M S" extra="np-close"/>
			<t id="s1_3" word="." lemma="--" pos="pu" morph="--" extra="--"/>
		</terminals>

		<nonterminals>
			<nt id="s1_500" cat="s">
				<edge label="X" idref="s1_501"/>
			</nt>
			<nt id="s1_501" cat="np">
				<edge label="H" idref="s1_1"/>
				<edge label="DN" idref="s1_2"/>
				<edge label="PU" idref="s1_3"/>
			</nt>
		</nonterminals>
	</graph>
</s>

<s id="s2" ref="2" source="Running text" forest="1" text="melhor custo benefício.">
	<graph root="s2_500">
		<terminals>
			<t id="s2_1" word="melhor" lemma="bom" pos="adj" morph="M S" extra="KOMP SUP"/>
			<t id="s2_2" word="custo" lemma="custo" pos="n" morph="M S" sem="mon" extra="cjt-head cjt-head-X"/>
			<t id="s2_3" word="benefício" lemma="benefício" pos="n" morph="M S" sem="act-d mon" extra="cjt-X"/>
			<t id="s2_4" word="." lemma="--" pos="pu" morph="--" extra="--"/>
		</terminals>

		<nonterminals>
			<nt id="s2_500" cat="s">
				<edge label="X" idref="s2_501"/>
			</nt>
			<nt id="s2_501" cat="par">
				<edge label="CJT" idref="s2_502"/>
				<edge label="CJT" idref="s2_3"/>
				<edge label="PU" idref="s2_4"/>
			</nt>
			<nt id="s2_502" cat="np">
				<edge label="DN" idref="s2_1"/>
				<edge label="H" idref="s2_2"/>
			</nt>
		</nonterminals>
	</graph>
</s>

	</body>
</corpus>
