<?xml version="1.0" encoding="UTF-8"?>
<corpus>

	<body>
<s id="s1" ref="1" source="Running text" forest="1" text="gente e muito bom eu tenho me divirto muito mesmo ele tem camera, pastor, musicas sai perfeita em ele ele e muito bom eu recomendo porte tem bateria boa a tela muito grande fácil de digitar em ele a letras afastadas, muito fácil de usar, display ótimo sensacional, androide de number, wi-fi, gps, bluetooth, fm, mp3, e garantido as conversas com seus amigos rápido carregamento das coisas e mensagem, gravar vídeos em celular desses e excelente, muito bom mesmo recomendo!!!!.">
	<graph root="s1_500">
		<terminals>
			<t id="s1_1" word="gente" lemma="gente" pos="n" morph="F S" sem="HH" extra="--"/>
			<t id="s1_2" word="e" lemma="e" pos="conj-c" morph="--" extra="--"/>
			<t id="s1_3" word="muito" lemma="muito" pos="adv" morph="--" extra="quant"/>
			<t id="s1_4" word="bom" lemma="bom" pos="adj" morph="M S" extra="jh np-close"/>
			<t id="s1_5" word="eu" lemma="eu" pos="pron-pers" morph="F 1S NOM" extra="--"/>
			<t id="s1_6" word="tenho" lemma="ter" pos="v-fin" morph="PR 1S IND VFIN" extra="nosubj nosubj nosubj nosubj nosubj nosubj nosubj nosubj nosubj nosubj nosubj nosubj cjt-head cjt-head-STA fmc mv"/>
			<t id="s1_7" word="me" lemma="eu" pos="pron-pers" morph="M/F 1S ACC" extra="refl"/>
			<t id="s1_8" word="divirto" lemma="divertir" pos="v-fin" morph="PR 1S IND VFIN" extra="nosubj nosubj cjt-STA fmc mv v-pron"/>
			<t id="s1_9" word="muito" lemma="muito" pos="adv" morph="--" extra="quant"/>
			<t id="s1_10" word="mesmo" lemma="mesmo" pos="adv" morph="--" extra="quant"/>
			<t id="s1_11" word="ele" lemma="ele" pos="pron-pers" morph="M 3S NOM" extra="--"/>
			<t id="s1_12" word="tem" lemma="ter" pos="v-fin" morph="PR 3S IND VFIN" extra="cjt-STA fmc mv"/>
			<t id="s1_13" word="camera" lemma="c�=mara" pos="n" morph="F S" sem="Lh HH" extra="--"/>
			<t id="s1_14" word="," lemma="--" pos="pu" morph="--" extra="--"/>
			<t id="s1_15" word="pastor" lemma="pastor" pos="n" morph="M S" sem="Hprof" extra="np-close"/>
			<t id="s1_16" word="," lemma="--" pos="pu" morph="--" extra="--"/>
			<t id="s1_17" word="musicas" lemma="musicar" pos="v-fin" morph="PR 2S IND VFIN" extra="nosubj nosubj cjt-STA vH fmc mv"/>
			<t id="s1_18" word="sai" lemma="sair" pos="v-fin" morph="PR 3S IND VFIN" extra="nosubj nosubj cjt-STA vK fmc mv"/>
			<t id="s1_19" word="perfeita" lemma="perfeito" pos="adj" morph="F S" extra="jh"/>
			<t id="s1_20" word="em" lemma="em" pos="prp" morph="--" extra="sam-"/>
			<t id="s1_21" word="ele" lemma="ele" pos="pron-pers" morph="M 3S NOM/PIV" extra="-sam"/>
			<t id="s1_22" word="ele" lemma="ele" pos="pron-pers" morph="M 3S NOM" extra="--"/>
			<t id="s1_23" word="e" lemma="e" pos="conj-c" morph="--" extra="--"/>
			<t id="s1_24" word="muito" lemma="muito" pos="adv" morph="--" extra="quant"/>
			<t id="s1_25" word="bom" lemma="bom" pos="adj" morph="M S" extra="jh"/>
			<t id="s1_26" word="eu" lemma="eu" pos="pron-pers" morph="M/F 1S NOM" extra="--"/>
			<t id="s1_27" word="recomendo" lemma="recomendar" pos="v-fin" morph="PR 1S IND VFIN" extra="cjt-STA vH fmc mv"/>
			<t id="s1_28" word="porte" lemma="porte" pos="n" morph="F S" sem="f-q activity mon" extra="--"/>
			<t id="s1_29" word="tem" lemma="ter" pos="v-fin" morph="PR 3S IND VFIN" extra="nosubj nosubj cjt-STA fmc mv"/>
			<t id="s1_30" word="bateria" lemma="bateria" pos="n" morph="F S" sem="tool" extra="--"/>
			<t id="s1_31" word="boa" lemma="bom" pos="adj" morph="F S" extra="np-close"/>
			<t id="s1_32" word="a" lemma="o" pos="art" morph="F S" extra="clb"/>
			<t id="s1_33" word="tela" lemma="tela" pos="n" morph="F S" sem="cc-h pict mat-cloth" extra="--"/>
			<t id="s1_34" word="muito" lemma="muito" pos="adv" morph="--" extra="quant"/>
			<t id="s1_35" word="grande" lemma="grande" pos="adj" morph="M/F S" extra="np-close"/>
			<t id="s1_36" word="fácil" lemma="fácil" pos="adj" morph="M/F S" extra="np-long"/>
			<t id="s1_37" word="de" lemma="de" pos="prp" morph="--" extra="--"/>
			<t id="s1_38" word="digitar" lemma="digitar" pos="v-inf" morph="--" extra="vH mv"/>
			<t id="s1_39" word="em" lemma="em" pos="prp" morph="--" extra="sam-"/>
			<t id="s1_40" word="ele" lemma="ele" pos="pron-pers" morph="M 3S NOM/PIV" extra="-sam"/>
			<t id="s1_41" word="a" lemma="a" pos="prp" morph="--" extra="--"/>
			<t id="s1_42" word="letras" lemma="letra" pos="n" morph="F P" sem="ac-sign sem-r domain" extra="--"/>
			<t id="s1_43" word="afastadas" lemma="afastar" pos="v-pcp" morph="F P" extra="vH jh np-close"/>
			<t id="s1_44" word="," lemma="--" pos="pu" morph="--" extra="--"/>
			<t id="s1_45" word="muito" lemma="muito" pos="adv" morph="--" extra="quant"/>
			<t id="s1_46" word="fácil" lemma="fácil" pos="adj" morph="M/F S" extra="jh np-close"/>
			<t id="s1_47" word="de" lemma="de" pos="prp" morph="--" extra="--"/>
			<t id="s1_48" word="usar" lemma="usar" pos="v-inf" morph="--" extra="vH mv"/>
			<t id="s1_49" word="," lemma="--" pos="pu" morph="--" extra="--"/>
			<t id="s1_50" word="display" lemma="display" pos="n" morph="M S" sem="furn" extra="--"/>
			<t id="s1_51" word="ótimo" lemma="bom" pos="adj" morph="M S" extra="SUP np-close"/>
			<t id="s1_52" word="sensacional" lemma="sensacional" pos="adj" morph="M S" extra="nh np-long"/>
			<t id="s1_53" word="," lemma="--" pos="pu" morph="--" extra="--"/>
			<t id="s1_54" word="androide" lemma="andróide" pos="n" morph="M S" sem="Hmyth" extra="--"/>
			<t id="s1_55" word="de" lemma="de" pos="prp" morph="--" extra="np-close"/>
			<t id="s1_56" word="number" lemma="number" pos="n" morph="M S" extra="heur"/>
			<t id="s1_57" word="," lemma="--" pos="pu" morph="--" extra="--"/>
			<t id="s1_58" word="wi-fi" lemma="wi-fer" pos="v-fin" morph="PS 1S IND VFIN" extra="cjt-STA foreign heur fmc mv"/>
			<t id="s1_59" word="," lemma="--" pos="pu" morph="--" extra="--"/>
			<t id="s1_60" word="gps" lemma="gps" pos="n" morph="M S" extra="cjt-head cjt-head-Od foreign heur"/>
			<t id="s1_61" word="," lemma="--" pos="pu" morph="--" extra="--"/>
			<t id="s1_62" word="bluetooth" lemma="bluetooth" pos="n" morph="M S" extra="cjt-Od foreign heur"/>
			<t id="s1_63" word="," lemma="--" pos="pu" morph="--" extra="--"/>
			<t id="s1_64" word="fm" lemma="fm" pos="n" morph="M/F S" extra="cjt-Od foreign"/>
			<t id="s1_65" word="," lemma="--" pos="pu" morph="--" extra="--"/>
			<t id="s1_66" word="mp3" lemma="mp3" pos="n" morph="M S" extra="cjt-Od heur"/>
			<t id="s1_67" word="," lemma="--" pos="pu" morph="--" extra="--"/>
			<t id="s1_68" word="e" lemma="e" pos="conj-c" morph="--" extra="--"/>
			<t id="s1_69" word="garantido" lemma="garantir" pos="v-pcp" morph="M S" extra="cjt-Od vH"/>
			<t id="s1_70" word="as" lemma="o" pos="art" morph="F P" extra="--"/>
			<t id="s1_71" word="conversas" lemma="conversa" pos="n" morph="F P" sem="talk" extra="cjt-Od"/>
			<t id="s1_72" word="com" lemma="com" pos="prp" morph="--" extra="np-close"/>
			<t id="s1_73" word="seus" lemma="seu" pos="pron-poss" morph="DET M P" extra="poss 3S"/>
			<t id="s1_74" word="amigos" lemma="amigo" pos="n" morph="M P" sem="Hfam" extra="--"/>
			<t id="s1_75" word="rápido" lemma="rápido" pos="adj" morph="M S" extra="adv jh np-close"/>
			<t id="s1_76" word="carregamento" lemma="carregamento" pos="n" morph="M S" sem="act" extra="--"/>
			<t id="s1_77" word="de" lemma="de" pos="prp" morph="--" extra="sam- np-close"/>
			<t id="s1_78" word="as" lemma="o" pos="art" morph="F P" extra="-sam "/>
			<t id="s1_79" word="coisas" lemma="coisa" pos="n" morph="F P" sem="cc ac" extra="--"/>
			<t id="s1_80" word="e" lemma="e" pos="conj-c" morph="--" extra="--"/>
			<t id="s1_81" word="mensagem" lemma="mensagem" pos="n" morph="F S" sem="sem-s" extra="--"/>
			<t id="s1_82" word="," lemma="--" pos="pu" morph="--" extra="--"/>
			<t id="s1_83" word="gravar" lemma="gravar" pos="v-inf" morph="--" extra="vH mv"/>
			<t id="s1_84" word="vídeos" lemma="vídeo" pos="n" morph="M P" sem="sem-w" extra="--"/>
			<t id="s1_85" word="em" lemma="em" pos="prp" morph="--" extra="--"/>
			<t id="s1_86" word="celular" lemma="celular" pos="adj" morph="M/F S" extra="nh"/>
			<t id="s1_87" word="de" lemma="de" pos="prp" morph="--" extra="sam-"/>
			<t id="s1_88" word="esses" lemma="esse" pos="pron-dem" morph="DET M P" extra="dem -sam"/>
			<t id="s1_89" word="e" lemma="e" pos="conj-c" morph="--" extra="--"/>
			<t id="s1_90" word="excelente" lemma="excelente" pos="adj" morph="M/F S" extra="--"/>
			<t id="s1_91" word="," lemma="--" pos="pu" morph="--" extra="--"/>
			<t id="s1_92" word="muito" lemma="muito" pos="adv" morph="--" extra="quant"/>
			<t id="s1_93" word="bom" lemma="bom" pos="adj" morph="M S" extra="np-close"/>
			<t id="s1_94" word="mesmo" lemma="mesmo" pos="adv" morph="--" extra="quant"/>
			<t id="s1_95" word="recomendo" lemma="recomendar" pos="v-fin" morph="PR 1S IND VFIN" extra="cjt-STA vH fmc mv"/>
			<t id="s1_96" word="!" lemma="--" pos="pu" morph="--" extra="--"/>
			<t id="s1_97" word="!" lemma="--" pos="pu" morph="--" extra="--"/>
			<t id="s1_98" word="!" lemma="--" pos="pu" morph="--" extra="--"/>
			<t id="s1_99" word="!" lemma="--" pos="pu" morph="--" extra="--"/>
			<t id="s1_100" word="." lemma="--" pos="pu" morph="--" extra="--"/>
		</terminals>

		<nonterminals>
			<nt id="s1_500" cat="s">
				<edge label="STA" idref="s1_501"/>
			</nt>
			<nt id="s1_501" cat="par">
				<edge label="CJT" idref="s1_502"/>
				<edge label="CJT" idref="s1_505"/>
				<edge label="CJT" idref="s1_506"/>
				<edge label="PU" idref="s1_16"/>
				<edge label="CJT" idref="s1_17"/>
				<edge label="CJT" idref="s1_510"/>
				<edge label="CJT" idref="s1_512"/>
				<edge label="CJT" idref="s1_514"/>
				<edge label="CJT" idref="s1_516"/>
				<edge label="CJT" idref="s1_535"/>
				<edge label="PU" idref="s1_96"/>
				<edge label="PU" idref="s1_97"/>
				<edge label="PU" idref="s1_98"/>
				<edge label="PU" idref="s1_99"/>
				<edge label="PU" idref="s1_100"/>
			</nt>
			<nt id="s1_502" cat="fcl">
				<edge label="S" idref="s1_503"/>
				<edge label="S" idref="s1_5"/>
				<edge label="P" idref="s1_6"/>
			</nt>
			<nt id="s1_503" cat="np">
				<edge label="H" idref="s1_1"/>
				<edge label="DN" idref="s1_504"/>
			</nt>
			<nt id="s1_504" cat="adjp">
				<edge label="CO" idref="s1_2"/>
				<edge label="DA" idref="s1_3"/>
				<edge label="H" idref="s1_4"/>
			</nt>
			<nt id="s1_505" cat="x">
				<edge label="Od" idref="s1_7"/>
				<edge label="P" idref="s1_8"/>
			</nt>
			<nt id="s1_506" cat="fcl">
				<edge label="S" idref="s1_507"/>
				<edge label="P" idref="s1_12"/>
				<edge label="Od" idref="s1_509"/>
			</nt>
			<nt id="s1_507" cat="np">
				<edge label="DN" idref="s1_508"/>
				<edge label="H" idref="s1_11"/>
			</nt>
			<nt id="s1_508" cat="advp">
				<edge label="DA" idref="s1_9"/>
				<edge label="H" idref="s1_10"/>
				<edge label="CO" idref="s1_23"/>
			</nt>
			<nt id="s1_509" cat="np">
				<edge label="H" idref="s1_13"/>
				<edge label="PU" idref="s1_14"/>
				<edge label="DNc" idref="s1_15"/>
			</nt>
			<nt id="s1_510" cat="x">
				<edge label="P" idref="s1_18"/>
				<edge label="Cs" idref="s1_19"/>
				<edge label="fA" idref="s1_511"/>
			</nt>
			<nt id="s1_511" cat="pp">
				<edge label="H" idref="s1_20"/>
				<edge label="DP" idref="s1_21"/>
			</nt>
			<nt id="s1_512" cat="fcl">
				<edge label="S" idref="s1_22"/>
				<edge label="fCs" idref="s1_513"/>
				<edge label="S" idref="s1_26"/>
				<edge label="P" idref="s1_27"/>
				<edge label="Od" idref="s1_28"/>
			</nt>
			<nt id="s1_513" cat="adjp">
				<edge label="DA" idref="s1_24"/>
				<edge label="H" idref="s1_25"/>
			</nt>
			<nt id="s1_514" cat="x">
				<edge label="P" idref="s1_29"/>
				<edge label="Od" idref="s1_515"/>
			</nt>
			<nt id="s1_515" cat="np">
				<edge label="H" idref="s1_30"/>
				<edge label="DN" idref="s1_31"/>
			</nt>
			<nt id="s1_516" cat="fcl">
				<edge label="S" idref="s1_517"/>
				<edge label="PU" idref="s1_57"/>
				<edge label="P" idref="s1_58"/>
			</nt>
			<nt id="s1_517" cat="np">
				<edge label="DN" idref="s1_32"/>
				<edge label="H" idref="s1_33"/>
				<edge label="DN" idref="s1_518"/>
				<edge label="DN" idref="s1_519"/>
			</nt>
			<nt id="s1_518" cat="adjp">
				<edge label="DA" idref="s1_34"/>
				<edge label="H" idref="s1_35"/>
			</nt>
			<nt id="s1_519" cat="adjp">
				<edge label="H" idref="s1_36"/>
				<edge label="DA" idref="s1_520"/>
			</nt>
			<nt id="s1_520" cat="pp">
				<edge label="H" idref="s1_37"/>
				<edge label="DP" idref="s1_521"/>
			</nt>
			<nt id="s1_521" cat="icl">
				<edge label="P" idref="s1_38"/>
				<edge label="fA" idref="s1_522"/>
				<edge label="fA" idref="s1_523"/>
			</nt>
			<nt id="s1_522" cat="pp">
				<edge label="H" idref="s1_39"/>
				<edge label="DP" idref="s1_40"/>
			</nt>
			<nt id="s1_523" cat="pp">
				<edge label="H" idref="s1_41"/>
				<edge label="DP" idref="s1_524"/>
			</nt>
			<nt id="s1_524" cat="np">
				<edge label="H" idref="s1_42"/>
				<edge label="DN" idref="s1_43"/>
				<edge label="PU" idref="s1_44"/>
				<edge label="DNc" idref="s1_525"/>
			</nt>
			<nt id="s1_525" cat="adjp">
				<edge label="DA" idref="s1_45"/>
				<edge label="H" idref="s1_46"/>
				<edge label="DA" idref="s1_526"/>
			</nt>
			<nt id="s1_526" cat="pp">
				<edge label="H" idref="s1_47"/>
				<edge label="DP" idref="s1_527"/>
			</nt>
			<nt id="s1_527" cat="icl">
				<edge label="P" idref="s1_48"/>
				<edge label="PU" idref="s1_49"/>
				<edge label="fCs" idref="s1_528"/>
				<edge label="PU" idref="s1_53"/>
				<edge label="fCs" idref="s1_529"/>
				<edge label="PU" idref="s1_59"/>
				<edge label="Od" idref="s1_531"/>
			</nt>
			<nt id="s1_528" cat="np">
				<edge label="H" idref="s1_50"/>
				<edge label="DN" idref="s1_51"/>
				<edge label="DN" idref="s1_52"/>
			</nt>
			<nt id="s1_529" cat="np">
				<edge label="H" idref="s1_54"/>
				<edge label="DN" idref="s1_530"/>
			</nt>
			<nt id="s1_530" cat="pp">
				<edge label="H" idref="s1_55"/>
				<edge label="DP" idref="s1_56"/>
			</nt>
			<nt id="s1_531" cat="par">
				<edge label="CJT" idref="s1_60"/>
				<edge label="PU" idref="s1_61"/>
				<edge label="CJT" idref="s1_62"/>
				<edge label="PU" idref="s1_63"/>
				<edge label="CJT" idref="s1_64"/>
				<edge label="PU" idref="s1_65"/>
				<edge label="CJT" idref="s1_66"/>
				<edge label="PU" idref="s1_67"/>
				<edge label="CJT" idref="s1_532"/>
				<edge label="CJT" idref="s1_69"/>
			</nt>
			<nt id="s1_532" cat="np">
				<edge label="DN" idref="s1_533"/>
				<edge label="DN" idref="s1_70"/>
				<edge label="H" idref="s1_71"/>
				<edge label="-DN" idref="s1_72"/>
			</nt>
			<nt id="s1_533" cat="pp">
				<edge label="CO" idref="s1_68"/>
				<edge label="DP" idref="s1_534"/>
			</nt>
			<nt id="s1_534" cat="np">
				<edge label="DN" idref="s1_73"/>
				<edge label="H" idref="s1_74"/>
				<edge label="DN" idref="s1_75"/>
			</nt>
			<nt id="s1_535" cat="fcl">
				<edge label="S" idref="s1_536"/>
				<edge label="S" idref="s1_81"/>
				<edge label="PU" idref="s1_82"/>
				<edge label="Od" idref="s1_539"/>
				<edge label="fA" idref="s1_94"/>
				<edge label="P" idref="s1_95"/>
			</nt>
			<nt id="s1_536" cat="np">
				<edge label="H" idref="s1_76"/>
				<edge label="DN" idref="s1_537"/>
			</nt>
			<nt id="s1_537" cat="pp">
				<edge label="H" idref="s1_77"/>
				<edge label="DP" idref="s1_538"/>
			</nt>
			<nt id="s1_538" cat="np">
				<edge label="DN" idref="s1_78"/>
				<edge label="H" idref="s1_79"/>
				<edge label="CO" idref="s1_80"/>
			</nt>
			<nt id="s1_539" cat="icl">
				<edge label="P" idref="s1_83"/>
				<edge label="Od" idref="s1_540"/>
				<edge label="fA" idref="s1_541"/>
				<edge label="Op" idref="s1_542"/>
			</nt>
			<nt id="s1_540" cat="np">
				<edge label="H" idref="s1_84"/>
			</nt>
			<nt id="s1_541" cat="pp">
				<edge label="H" idref="s1_85"/>
				<edge label="DP" idref="s1_86"/>
			</nt>
			<nt id="s1_542" cat="pp">
				<edge label="H" idref="s1_87"/>
				<edge label="DP" idref="s1_88"/>
				<edge label="DN" idref="s1_543"/>
				<edge label="DN" idref="s1_90"/>
			</nt>
			<nt id="s1_543" cat="adjp">
				<edge label="CO" idref="s1_89"/>
				<edge label="PU" idref="s1_91"/>
				<edge label="DA" idref="s1_92"/>
				<edge label="H" idref="s1_93"/>
			</nt>
		</nonterminals>
	</graph>
</s>

	</body>
</corpus>
