<?xml version="1.0" encoding="UTF-8"?>
<corpus>

	<body>
<s id="s1" ref="1" source="Running text" forest="1" text="celular muito bom, cumpre o que promete, ótimo custo benefício..">
	<graph root="s1_500">
		<terminals>
			<t id="s1_1" word="celular" lemma="celular" pos="adj" morph="M/F S" extra="nh"/>
			<t id="s1_2" word="muito" lemma="muito" pos="adv" morph="--" extra="quant"/>
			<t id="s1_3" word="bom" lemma="bom" pos="adj" morph="M S" extra="--"/>
			<t id="s1_4" word="," lemma="--" pos="pu" morph="--" extra="--"/>
			<t id="s1_5" word="cumpre" lemma="cumprir" pos="v-fin" morph="PR 3S IND VFIN" extra="fmc mv"/>
			<t id="s1_6" word="o" lemma="o" pos="pron-dem" morph="DET M S" extra="dem"/>
			<t id="s1_7" word="que" lemma="que" pos="spec" morph="M S" extra="clb clb-fs rel"/>
			<t id="s1_8" word="promete" lemma="prometer" pos="v-fin" morph="PR 3S IND VFIN" extra="vH mv np-close"/>
			<t id="s1_9" word="," lemma="--" pos="pu" morph="--" extra="--"/>
			<t id="s1_10" word="ótimo" lemma="bom" pos="adj" morph="M S" extra="SUP"/>
			<t id="s1_11" word="custo" lemma="custo" pos="n" morph="M S" sem="mon" extra="--"/>
			<t id="s1_12" word="benefício" lemma="benefício" pos="n" morph="M S" sem="act-d mon" extra="--"/>
			<t id="s1_13" word="." lemma="--" pos="pu" morph="--" extra="--"/>
			<t id="s1_14" word="." lemma="--" pos="pu" morph="--" extra="--"/>
		</terminals>

		<nonterminals>
			<nt id="s1_500" cat="s">
				<edge label="STA" idref="s1_501"/>
			</nt>
			<nt id="s1_501" cat="fcl">
				<edge label="fCs" idref="s1_1"/>
				<edge label="fCs" idref="s1_502"/>
				<edge label="PU" idref="s1_4"/>
				<edge label="P" idref="s1_5"/>
				<edge label="Od" idref="s1_6"/>
				<edge label="DN" idref="s1_503"/>
				<edge label="S" idref="s1_7"/>
				<edge label="P" idref="s1_8"/>
				<edge label="PU" idref="s1_9"/>
				<edge label="Od" idref="s1_504"/>
				<edge label="fCs" idref="s1_12"/>
				<edge label="PU" idref="s1_13"/>
				<edge label="PU" idref="s1_14"/>
			</nt>
			<nt id="s1_502" cat="adjp">
				<edge label="DA" idref="s1_2"/>
				<edge label="H" idref="s1_3"/>
			</nt>
			<nt id="s1_503" cat="fcl">
			</nt>
			<nt id="s1_504" cat="np">
				<edge label="DN" idref="s1_10"/>
				<edge label="H" idref="s1_11"/>
			</nt>
		</nonterminals>
	</graph>
</s>

	</body>
</corpus>
