<?xml version="1.0" encoding="UTF-8"?>
<corpus>

	<body>
<s id="s1" ref="1" source="Running text" forest="1" text="so que na minha cidade não pega televisão digital o que não gostei fácil de uso.">
	<graph root="s1_500">
		<terminals>
			<t id="s1_1" word="so" lemma="só" pos="adj" morph="M/F S" extra="cjt-head cjt-head-X jh"/>
			<t id="s1_2" word="que" lemma="que" pos="conj-s" morph="--" extra="clb"/>
			<t id="s1_3" word="em" lemma="em" pos="prp" morph="--" extra="sam-"/>
			<t id="s1_4" word="a" lemma="o" pos="art" morph="F S" extra="-sam "/>
			<t id="s1_5" word="minha" lemma="meu" pos="pron-poss" morph="DET F S" extra="poss 1S"/>
			<t id="s1_6" word="cidade" lemma="cidade" pos="n" morph="F S" sem="Lciv" extra="--"/>
			<t id="s1_7" word="não" lemma="não" pos="adv" morph="--" extra="--"/>
			<t id="s1_8" word="pega" lemma="pegar" pos="v-pcp" morph="F S" extra="--"/>
			<t id="s1_9" word="televisão" lemma="televisão" pos="n" morph="F S" sem="sem-w HH" extra="cjt-X"/>
			<t id="s1_10" word="digital" lemma="digital" pos="adj" morph="F S" extra="nh np-close"/>
			<t id="s1_11" word="o" lemma="o" pos="pron-dem" morph="DET M S" extra="cjt-X dem"/>
			<t id="s1_12" word="que" lemma="que" pos="spec" morph="M S" extra="clb clb-fs rel"/>
			<t id="s1_13" word="não" lemma="não" pos="adv" morph="--" extra="--"/>
			<t id="s1_14" word="gostei" lemma="gostar" pos="v-fin" morph="PS 1S IND VFIN" extra="vH mv np-close"/>
			<t id="s1_15" word="fácil" lemma="fácil" pos="adj" morph="M/F S" extra="--"/>
			<t id="s1_16" word="de" lemma="de" pos="prp" morph="--" extra="--"/>
			<t id="s1_17" word="uso" lemma="uso" pos="n" morph="M S" sem="act ac" extra="--"/>
			<t id="s1_18" word="." lemma="--" pos="pu" morph="--" extra="--"/>
		</terminals>

		<nonterminals>
			<nt id="s1_500" cat="s">
				<edge label="X" idref="s1_501"/>
			</nt>
			<nt id="s1_501" cat="par">
				<edge label="CJT" idref="s1_502"/>
				<edge label="SUB" idref="s1_2"/>
				<edge label="CJT" idref="s1_505"/>
				<edge label="CJT" idref="s1_11"/>
				<edge label="PU" idref="s1_18"/>
			</nt>
			<nt id="s1_502" cat="adjp">
				<edge label="H" idref="s1_1"/>
				<edge label="fA" idref="s1_503"/>
			</nt>
			<nt id="s1_503" cat="pp">
				<edge label="H" idref="s1_3"/>
				<edge label="DP" idref="s1_504"/>
				<edge label="fA" idref="s1_7"/>
			</nt>
			<nt id="s1_504" cat="np">
				<edge label="DN" idref="s1_4"/>
				<edge label="DN" idref="s1_5"/>
				<edge label="H" idref="s1_6"/>
			</nt>
			<nt id="s1_505" cat="np">
				<edge label="DN" idref="s1_8"/>
				<edge label="H" idref="s1_9"/>
				<edge label="DN" idref="s1_10"/>
				<edge label="DN" idref="s1_506"/>
			</nt>
			<nt id="s1_506" cat="fcl">
				<edge label="S" idref="s1_12"/>
				<edge label="fA" idref="s1_13"/>
				<edge label="P" idref="s1_14"/>
				<edge label="fCs" idref="s1_507"/>
			</nt>
			<nt id="s1_507" cat="adjp">
				<edge label="H" idref="s1_15"/>
				<edge label="DA" idref="s1_508"/>
			</nt>
			<nt id="s1_508" cat="pp">
				<edge label="H" idref="s1_16"/>
				<edge label="DP" idref="s1_17"/>
			</nt>
		</nonterminals>
	</graph>
</s>

	</body>
</corpus>
