<?xml version="1.0" encoding="UTF-8"?>
<corpus>

	<body>
<s id="s1" ref="1" source="Running text" forest="1" text="excelente custo beneficio camera muito boa, rápido, imagem perfeita e muito bonito- recomendo- melhor custo beneficio do mercado.">
	<graph root="s1_500">
		<terminals>
			<t id="s1_1" word="excelente" lemma="excelente" pos="adj" morph="M S" extra="--"/>
			<t id="s1_2" word="custo" lemma="custo" pos="n" morph="M S" sem="mon" extra="--"/>
			<t id="s1_3" word="beneficio" lemma="beneficiar" pos="v-fin" morph="PR 1S IND VFIN" extra="nosubj nosubj cjt-head cjt-head-STA vH fmc mv"/>
			<t id="s1_4" word="camera" lemma="c�=mara" pos="n" morph="F S" sem="Lh HH" extra="cjt-head cjt-head-Od"/>
			<t id="s1_5" word="muito" lemma="muito" pos="adv" morph="--" extra="quant"/>
			<t id="s1_6" word="boa" lemma="bom" pos="adj" morph="F S" extra="jh np-close"/>
			<t id="s1_7" word="," lemma="--" pos="pu" morph="--" extra="--"/>
			<t id="s1_8" word="rápido" lemma="rápido" pos="adj" morph="M S" extra="adv jh np-close"/>
			<t id="s1_9" word="," lemma="--" pos="pu" morph="--" extra="--"/>
			<t id="s1_10" word="imagem" lemma="imagem" pos="n" morph="F S" sem="pict sem-c ac-cat" extra="cjt-Od"/>
			<t id="s1_11" word="perfeita" lemma="perfeito" pos="adj" morph="F S" extra="jh np-close"/>
			<t id="s1_12" word="e" lemma="e" pos="conj-c" morph="--" extra="--"/>
			<t id="s1_13" word="muito" lemma="muito" pos="adv" morph="--" extra="quant"/>
			<t id="s1_14" word="bonito-" lemma="bonito" pos="adj" morph="M S" extra="hyfen jh np-close"/>
			<t id="s1_15" word="recomendo-" lemma="recomendar" pos="v-fin" morph="PR 1S IND VFIN" extra="nosubj nosubj cjt-STA hyfen vH fmc mv"/>
			<t id="s1_16" word="melhor" lemma="bom" pos="adj" morph="M S" extra="KOMP SUP"/>
			<t id="s1_17" word="custo" lemma="custo" pos="n" morph="M S" sem="mon" extra="--"/>
			<t id="s1_18" word="beneficio" lemma="beneficiar" pos="v-fin" morph="PR 1S IND VFIN" extra="nosubj nosubj cjt-STA vH fmc mv"/>
			<t id="s1_19" word="de" lemma="de" pos="prp" morph="--" extra="sam-"/>
			<t id="s1_20" word="o" lemma="o" pos="art" morph="M S" extra="-sam "/>
			<t id="s1_21" word="mercado" lemma="mercado" pos="n" morph="M S" sem="inst" extra="--"/>
			<t id="s1_22" word="." lemma="--" pos="pu" morph="--" extra="--"/>
		</terminals>

		<nonterminals>
			<nt id="s1_500" cat="s">
				<edge label="STA" idref="s1_501"/>
			</nt>
			<nt id="s1_501" cat="par">
				<edge label="CJT" idref="s1_502"/>
				<edge label="Od" idref="s1_504"/>
				<edge label="CJT" idref="s1_509"/>
				<edge label="CJT" idref="s1_511"/>
				<edge label="PU" idref="s1_22"/>
			</nt>
			<nt id="s1_502" cat="fcl">
				<edge label="S" idref="s1_503"/>
				<edge label="P" idref="s1_3"/>
			</nt>
			<nt id="s1_503" cat="np">
				<edge label="DN" idref="s1_1"/>
				<edge label="H" idref="s1_2"/>
			</nt>
			<nt id="s1_504" cat="par">
				<edge label="CJT" idref="s1_505"/>
			</nt>
			<nt id="s1_505" cat="np">
				<edge label="H" idref="s1_4"/>
				<edge label="PU" idref="s1_9"/>
				<edge label="CJT" idref="s1_507"/>
			</nt>
			<nt id="s1_506" cat="adjp">
				<edge label="DA" idref="s1_5"/>
				<edge label="H" idref="s1_6"/>
			</nt>
			<nt id="s1_507" cat="np">
				<edge label="H" idref="s1_10"/>
				<edge label="DN" idref="s1_11"/>
				<edge label="DN" idref="s1_508"/>
			</nt>
			<nt id="s1_508" cat="adjp">
				<edge label="CO" idref="s1_12"/>
				<edge label="DA" idref="s1_13"/>
				<edge label="H" idref="s1_14"/>
			</nt>
			<nt id="s1_509" cat="x">
				<edge label="P" idref="s1_15"/>
				<edge label="Od" idref="s1_510"/>
			</nt>
			<nt id="s1_510" cat="np">
				<edge label="DN" idref="s1_16"/>
				<edge label="H" idref="s1_17"/>
			</nt>
			<nt id="s1_511" cat="x">
				<edge label="P" idref="s1_18"/>
				<edge label="Op" idref="s1_512"/>
			</nt>
			<nt id="s1_512" cat="pp">
				<edge label="H" idref="s1_19"/>
				<edge label="DP" idref="s1_513"/>
			</nt>
			<nt id="s1_513" cat="np">
				<edge label="DN" idref="s1_20"/>
				<edge label="H" idref="s1_21"/>
			</nt>
		</nonterminals>
	</graph>
</s>

	</body>
</corpus>
