<?xml version="1.0" encoding="UTF-8"?>
<corpus>

	<body>
<s id="s1" ref="1" source="Running text" forest="1" text="ótimo smartphone, só precisava ter mais atualizações..">
	<graph root="s1_500">
		<terminals>
			<t id="s1_1" word="ótimo" lemma="bom" pos="adj" morph="M S" extra="SUP"/>
			<t id="s1_2" word="smartphone" lemma="smartphone" pos="n" morph="M S" extra="heur foreign"/>
			<t id="s1_3" word="," lemma="--" pos="pu" morph="--" extra="--"/>
			<t id="s1_4" word="só" lemma="só" pos="adv" morph="--" extra="--"/>
			<t id="s1_5" word="precisava" lemma="precisar" pos="v-fin" morph="IMPF 3S IND VFIN" extra="fmc mv"/>
			<t id="s1_6" word="ter" lemma="ter" pos="v-inf" morph="--" extra="mv"/>
			<t id="s1_7" word="mais" lemma="mais" pos="adv" morph="--" extra="--"/>
			<t id="s1_8" word="atualizações" lemma="atualização" pos="n" morph="F P" sem="act" extra="--"/>
			<t id="s1_9" word="." lemma="--" pos="pu" morph="--" extra="--"/>
			<t id="s1_10" word="." lemma="--" pos="pu" morph="--" extra="--"/>
		</terminals>

		<nonterminals>
			<nt id="s1_500" cat="s">
				<edge label="STA" idref="s1_501"/>
			</nt>
			<nt id="s1_501" cat="fcl">
				<edge label="S" idref="s1_502"/>
				<edge label="PU" idref="s1_3"/>
				<edge label="fA" idref="s1_4"/>
				<edge label="P" idref="s1_5"/>
				<edge label="Od" idref="s1_503"/>
				<edge label="PU" idref="s1_9"/>
				<edge label="PU" idref="s1_10"/>
			</nt>
			<nt id="s1_502" cat="np">
				<edge label="DN" idref="s1_1"/>
				<edge label="H" idref="s1_2"/>
			</nt>
			<nt id="s1_503" cat="icl">
				<edge label="P" idref="s1_6"/>
				<edge label="fA" idref="s1_7"/>
				<edge label="Od" idref="s1_8"/>
			</nt>
		</nonterminals>
	</graph>
</s>

	</body>
</corpus>
