<?xml version="1.0" encoding="UTF-8"?>
<corpus>

	<body>
<s id="s1" ref="1" source="Running text" forest="1" text="ótimo produto por a relação custo ex benefício e atendeu minhas necessidades.">
	<graph root="s1_500">
		<terminals>
			<t id="s1_1" word="ótimo" lemma="bom" pos="adj" morph="M S" extra="SUP"/>
			<t id="s1_2" word="produto" lemma="produto" pos="n" morph="M S" sem="cc-h mon ac-cat" extra="cjt-head cjt-head-S"/>
			<t id="s1_3" word="por" lemma="por" pos="prp" morph="--" extra="sam- np-close"/>
			<t id="s1_4" word="a" lemma="o" pos="art" morph="F S" extra="-sam "/>
			<t id="s1_5" word="relação" lemma="relação" pos="n" morph="F S" sem="ac sem-r" extra="--"/>
			<t id="s1_6" word="custo" lemma="custo" pos="n" morph="M S" sem="mon" extra="cjt-S"/>
			<t id="s1_7" word="ex" lemma="ex" pos="n" morph="M/F S" extra="foreign"/>
			<t id="s1_8" word="benefício" lemma="benefício" pos="n" morph="M S" sem="act-d mon" extra="--"/>
			<t id="s1_9" word="e" lemma="e" pos="conj-c" morph="--" extra="--"/>
			<t id="s1_10" word="atendeu" lemma="atender" pos="v-fin" morph="PS 3S IND VFIN" extra="vH fmc mv"/>
			<t id="s1_11" word="minhas" lemma="meu" pos="pron-poss" morph="DET F P" extra="poss 1S"/>
			<t id="s1_12" word="necessidades" lemma="necessidade" pos="n" morph="F P" sem="am sit" extra="--"/>
			<t id="s1_13" word="." lemma="--" pos="pu" morph="--" extra="--"/>
		</terminals>

		<nonterminals>
			<nt id="s1_500" cat="s">
				<edge label="STA" idref="s1_501"/>
			</nt>
			<nt id="s1_501" cat="fcl">
				<edge label="S" idref="s1_502"/>
				<edge label="S" idref="s1_7"/>
				<edge label="S" idref="s1_8"/>
				<edge label="P" idref="s1_10"/>
				<edge label="Od" idref="s1_506"/>
				<edge label="PU" idref="s1_13"/>
			</nt>
			<nt id="s1_502" cat="par">
				<edge label="CJT" idref="s1_503"/>
				<edge label="CJT" idref="s1_6"/>
			</nt>
			<nt id="s1_503" cat="np">
				<edge label="DN" idref="s1_1"/>
				<edge label="H" idref="s1_2"/>
				<edge label="DN" idref="s1_504"/>
			</nt>
			<nt id="s1_504" cat="pp">
				<edge label="H" idref="s1_3"/>
				<edge label="DP" idref="s1_505"/>
			</nt>
			<nt id="s1_505" cat="np">
				<edge label="DN" idref="s1_4"/>
				<edge label="H" idref="s1_5"/>
				<edge label="CO" idref="s1_9"/>
			</nt>
			<nt id="s1_506" cat="np">
				<edge label="DN" idref="s1_11"/>
				<edge label="H" idref="s1_12"/>
			</nt>
		</nonterminals>
	</graph>
</s>

<s id="s2" ref="2" source="Running text" forest="1" text="o que gostei leve, fino, fácil manuseio, a duração da bateria é muito boa.">
	<graph root="s2_500">
		<terminals>
			<t id="s2_1" word="o" lemma="o" pos="pron-dem" morph="DET M S" extra="dem"/>
			<t id="s2_2" word="que" lemma="que" pos="spec" morph="M S" extra="clb clb-fs rel"/>
			<t id="s2_3" word="gostei" lemma="gostar" pos="v-fin" morph="PS 1S IND VFIN" extra="vH mv np-close"/>
			<t id="s2_4" word="leve" lemma="leve" pos="adj" morph="M S" extra="--"/>
			<t id="s2_5" word="," lemma="--" pos="pu" morph="--" extra="--"/>
			<t id="s2_6" word="fino" lemma="fino" pos="adj" morph="M S" extra="--"/>
			<t id="s2_7" word="," lemma="--" pos="pu" morph="--" extra="--"/>
			<t id="s2_8" word="fácil" lemma="fácil" pos="adj" morph="M S" extra="jh"/>
			<t id="s2_9" word="manuseio" lemma="manuseio" pos="n" morph="M S" sem="act-d" extra="--"/>
			<t id="s2_10" word="," lemma="--" pos="pu" morph="--" extra="--"/>
			<t id="s2_11" word="a" lemma="o" pos="art" morph="F S" extra="--"/>
			<t id="s2_12" word="duração" lemma="duração" pos="n" morph="F S" sem="am" extra="--"/>
			<t id="s2_13" word="de" lemma="de" pos="prp" morph="--" extra="sam- np-close"/>
			<t id="s2_14" word="a" lemma="o" pos="art" morph="F S" extra="-sam "/>
			<t id="s2_15" word="bateria" lemma="bateria" pos="n" morph="F S" sem="tool" extra="--"/>
			<t id="s2_16" word="é" lemma="ser" pos="v-fin" morph="PR 3S IND VFIN" extra="vK fmc mv"/>
			<t id="s2_17" word="muito" lemma="muito" pos="adv" morph="--" extra="quant"/>
			<t id="s2_18" word="boa" lemma="bom" pos="adj" morph="F S" extra="--"/>
			<t id="s2_19" word="." lemma="--" pos="pu" morph="--" extra="--"/>
		</terminals>

		<nonterminals>
			<nt id="s2_500" cat="s">
				<edge label="UTT" idref="s2_501"/>
			</nt>
			<nt id="s2_501" cat="x">
				<edge label="STA" idref="s2_502"/>
				<edge label="DN" idref="s2_503"/>
				<edge label="S" idref="s2_2"/>
				<edge label="P" idref="s2_3"/>
				<edge label="S" idref="s2_504"/>
				<edge label="PU" idref="s2_5"/>
				<edge label="DN" idref="s2_6"/>
				<edge label="PU" idref="s2_10"/>
				<edge label="S" idref="s2_505"/>
				<edge label="P" idref="s2_16"/>
				<edge label="Cs" idref="s2_508"/>
				<edge label="PU" idref="s2_19"/>
			</nt>
			<nt id="s2_502" cat="fcl">
				<edge label="S" idref="s2_1"/>
			</nt>
			<nt id="s2_503" cat="np">
			</nt>
			<nt id="s2_504" cat="np">
				<edge label="DN" idref="s2_4"/>
				<edge label="PU" idref="s2_7"/>
				<edge label="DN" idref="s2_8"/>
				<edge label="H" idref="s2_9"/>
			</nt>
			<nt id="s2_505" cat="np">
				<edge label="DN" idref="s2_11"/>
				<edge label="H" idref="s2_12"/>
				<edge label="DN" idref="s2_506"/>
			</nt>
			<nt id="s2_506" cat="pp">
				<edge label="H" idref="s2_13"/>
				<edge label="DP" idref="s2_507"/>
			</nt>
			<nt id="s2_507" cat="np">
				<edge label="DN" idref="s2_14"/>
				<edge label="H" idref="s2_15"/>
			</nt>
			<nt id="s2_508" cat="adjp">
				<edge label="DA" idref="s2_17"/>
				<edge label="H" idref="s2_18"/>
			</nt>
		</nonterminals>
	</graph>
</s>

<s id="s3" ref="3" source="Running text" forest="1" text="o que não gostei não possui.">
	<graph root="s3_500">
		<terminals>
			<t id="s3_1" word="o" lemma="o" pos="pron-dem" morph="DET M S" extra="dem"/>
			<t id="s3_2" word="que" lemma="que" pos="spec" morph="M S" extra="clb clb-fs rel"/>
			<t id="s3_3" word="não" lemma="não" pos="adv" morph="--" extra="--"/>
			<t id="s3_4" word="gostei" lemma="gostar" pos="v-fin" morph="PS 1S IND VFIN" extra="vH mv np-close"/>
			<t id="s3_5" word="não" lemma="não" pos="adv" morph="--" extra="--"/>
			<t id="s3_6" word="possui" lemma="possuir" pos="v-fin" morph="PR 3S IND VFIN" extra="vH fmc mv"/>
			<t id="s3_7" word="." lemma="--" pos="pu" morph="--" extra="--"/>
		</terminals>

		<nonterminals>
			<nt id="s3_500" cat="s">
				<edge label="STA" idref="s3_501"/>
			</nt>
			<nt id="s3_501" cat="fcl">
				<edge label="S" idref="s3_1"/>
				<edge label="DN" idref="s3_502"/>
				<edge label="S" idref="s3_2"/>
				<edge label="fA" idref="s3_3"/>
				<edge label="P" idref="s3_4"/>
				<edge label="fA" idref="s3_5"/>
				<edge label="P" idref="s3_6"/>
				<edge label="PU" idref="s3_7"/>
			</nt>
			<nt id="s3_502" cat="fcl">
			</nt>
		</nonterminals>
	</graph>
</s>

	</body>
</corpus>
