<?xml version="1.0" encoding="UTF-8"?>
<corpus>

	<body>
<s id="s1" ref="1" source="Running text" forest="1" text="esse aparelho tinha tudo para set perfeito ao meu ver, porém a bateria de ele é horrível, sem utilizar nenhum aplicativo, só ligação e poucas, a bateria não chega a durar number horas.">
	<graph root="s1_500">
		<terminals>
			<t id="s1_1" word="esse" lemma="esse" pos="pron-dem" morph="DET M S" extra="dem"/>
			<t id="s1_2" word="aparelho" lemma="aparelho" pos="n" morph="M S" sem="tool" extra="--"/>
			<t id="s1_3" word="tinha" lemma="ter" pos="v-fin" morph="IMPF 3S IND VFIN" extra="nosubj nosubj cjt-head cjt-head-STA fmc mv"/>
			<t id="s1_4" word="tudo" lemma="tudo" pos="spec" morph="M S" extra="quant"/>
			<t id="s1_5" word="para" lemma="para" pos="prp" morph="--" extra="--"/>
			<t id="s1_6" word="set" lemma="set" pos="n" morph="M S" sem="coll" extra="--"/>
			<t id="s1_7" word="perfeito" lemma="perfeito" pos="adj" morph="M S" extra="np-close"/>
			<t id="s1_8" word="a" lemma="a" pos="prp" morph="--" extra="sam- np-long"/>
			<t id="s1_9" word="o" lemma="o" pos="art" morph="M S" extra="clb -sam artd"/>
			<t id="s1_10" word="meu" lemma="meu" pos="pron-poss" morph="DET M S" extra="poss 1S"/>
			<t id="s1_11" word="ver" lemma="ver" pos="v-inf" morph="3S" extra="vH mv"/>
			<t id="s1_12" word="," lemma="--" pos="pu" morph="--" extra="--"/>
			<t id="s1_13" word="porém" lemma="porém" pos="adv" morph="--" extra="kc"/>
			<t id="s1_14" word="a" lemma="o" pos="art" morph="F S" extra="--"/>
			<t id="s1_15" word="bateria" lemma="bateria" pos="n" morph="F S" sem="tool" extra="--"/>
			<t id="s1_16" word="de" lemma="de" pos="prp" morph="--" extra="sam- np-close"/>
			<t id="s1_17" word="ele" lemma="ele" pos="pron-pers" morph="M 3S NOM/PIV" extra="-sam"/>
			<t id="s1_18" word="é" lemma="ser" pos="v-fin" morph="PR 3S IND VFIN" extra="cjt-STA vK fmc mv"/>
			<t id="s1_19" word="horrível" lemma="horrível" pos="adj" morph="F S" extra="--"/>
			<t id="s1_20" word="," lemma="--" pos="pu" morph="--" extra="--"/>
			<t id="s1_21" word="sem" lemma="sem" pos="prp" morph="--" extra="--"/>
			<t id="s1_22" word="utilizar" lemma="utilizar" pos="v-inf" morph="--" extra="vH mv"/>
			<t id="s1_23" word="nenhum" lemma="nenhum" pos="pron-indef" morph="DET M S" extra="quant"/>
			<t id="s1_24" word="aplicativo" lemma="aplicativo" pos="n" morph="M S" sem="sem-c" extra="cjt-head cjt-head-Od"/>
			<t id="s1_25" word="," lemma="--" pos="pu" morph="--" extra="--"/>
			<t id="s1_26" word="só" lemma="só" pos="adv" morph="--" extra="--"/>
			<t id="s1_27" word="ligação" lemma="ligação" pos="n" morph="F S" sem="act ac ac-sign Labs" extra="cjt-Od"/>
			<t id="s1_28" word="e" lemma="e" pos="conj-c" morph="--" extra="--"/>
			<t id="s1_29" word="poucas" lemma="pouco" pos="pron-indef" morph="DET F P" extra="cjt-Od quant"/>
			<t id="s1_30" word="," lemma="--" pos="pu" morph="--" extra="--"/>
			<t id="s1_31" word="a" lemma="o" pos="art" morph="F S" extra="--"/>
			<t id="s1_32" word="bateria" lemma="bateria" pos="n" morph="F S" sem="tool" extra="--"/>
			<t id="s1_33" word="não" lemma="não" pos="adv" morph="--" extra="--"/>
			<t id="s1_34" word="chega" lemma="chegar" pos="v-fin" morph="PR 3S IND VFIN" extra="cjt-STA fmc aux"/>
			<t id="s1_35" word="a" lemma="a" pos="prp" morph="--" extra="--"/>
			<t id="s1_36" word="durar" lemma="durar" pos="v-inf" morph="--" extra="vN mv"/>
			<t id="s1_37" word="number" lemma="number" pos="v-inf" morph="--" extra="heur mv"/>
			<t id="s1_38" word="horas" lemma="hora" pos="n" morph="F P" sem="dur temp unit" extra="--"/>
			<t id="s1_39" word="." lemma="--" pos="pu" morph="--" extra="--"/>
		</terminals>

		<nonterminals>
			<nt id="s1_500" cat="s">
				<edge label="STA" idref="s1_501"/>
			</nt>
			<nt id="s1_501" cat="par">
				<edge label="CJT" idref="s1_502"/>
				<edge label="CJT" idref="s1_508"/>
				<edge label="PU" idref="s1_30"/>
				<edge label="CJT" idref="s1_516"/>
				<edge label="PU" idref="s1_39"/>
			</nt>
			<nt id="s1_502" cat="fcl">
				<edge label="S" idref="s1_503"/>
				<edge label="P" idref="s1_3"/>
				<edge label="Od" idref="s1_4"/>
				<edge label="fA" idref="s1_504"/>
			</nt>
			<nt id="s1_503" cat="np">
				<edge label="DN" idref="s1_1"/>
				<edge label="H" idref="s1_2"/>
			</nt>
			<nt id="s1_504" cat="pp">
				<edge label="H" idref="s1_5"/>
				<edge label="DP" idref="s1_505"/>
			</nt>
			<nt id="s1_505" cat="np">
				<edge label="H" idref="s1_6"/>
				<edge label="DN" idref="s1_7"/>
				<edge label="DN" idref="s1_506"/>
			</nt>
			<nt id="s1_506" cat="pp">
				<edge label="H" idref="s1_8"/>
				<edge label="DP" idref="s1_507"/>
			</nt>
			<nt id="s1_507" cat="np">
				<edge label="DN" idref="s1_9"/>
				<edge label="P" idref="s1_11"/>
			</nt>
			<nt id="s1_508" cat="fcl">
				<edge label="S" idref="s1_10"/>
				<edge label="PU" idref="s1_12"/>
				<edge label="fA" idref="s1_13"/>
				<edge label="S" idref="s1_509"/>
				<edge label="P" idref="s1_18"/>
				<edge label="Cs" idref="s1_19"/>
				<edge label="PU" idref="s1_20"/>
				<edge label="fA" idref="s1_511"/>
			</nt>
			<nt id="s1_509" cat="np">
				<edge label="DN" idref="s1_14"/>
				<edge label="H" idref="s1_15"/>
				<edge label="DN" idref="s1_510"/>
			</nt>
			<nt id="s1_510" cat="pp">
				<edge label="H" idref="s1_16"/>
				<edge label="DP" idref="s1_17"/>
			</nt>
			<nt id="s1_511" cat="pp">
				<edge label="H" idref="s1_21"/>
				<edge label="DP" idref="s1_512"/>
			</nt>
			<nt id="s1_512" cat="icl">
				<edge label="P" idref="s1_22"/>
				<edge label="Od" idref="s1_513"/>
			</nt>
			<nt id="s1_513" cat="par">
				<edge label="CJT" idref="s1_514"/>
				<edge label="PU" idref="s1_25"/>
				<edge label="CJT" idref="s1_515"/>
				<edge label="CO" idref="s1_28"/>
				<edge label="CJT" idref="s1_29"/>
			</nt>
			<nt id="s1_514" cat="np">
				<edge label="DN" idref="s1_23"/>
				<edge label="H" idref="s1_24"/>
			</nt>
			<nt id="s1_515" cat="np">
				<edge label="DN" idref="s1_26"/>
				<edge label="H" idref="s1_27"/>
			</nt>
			<nt id="s1_516" cat="fcl">
				<edge label="S" idref="s1_517"/>
				<edge label="fA" idref="s1_33"/>
				<edge label="P" idref="s1_518"/>
				<edge label="DP" idref="s1_519"/>
			</nt>
			<nt id="s1_517" cat="np">
				<edge label="DN" idref="s1_31"/>
				<edge label="H" idref="s1_32"/>
			</nt>
			<nt id="s1_518" cat="vp">
				<edge label="Vaux" idref="s1_34"/>
				<edge label="SUBaux" idref="s1_35"/>
				<edge label="Vm" idref="s1_36"/>
			</nt>
			<nt id="s1_519" cat="icl">
				<edge label="P" idref="s1_37"/>
				<edge label="As" idref="s1_38"/>
			</nt>
		</nonterminals>
	</graph>
</s>

<s id="s2" ref="2" source="Running text" forest="1" text="já enviei para a assistência técnica, no dia que fui tinham mais number pessoas lá com o mesmo problema.">
	<graph root="s2_500">
		<terminals>
			<t id="s2_1" word="já" lemma="já" pos="adv" morph="--" extra="--"/>
			<t id="s2_2" word="enviei" lemma="enviar" pos="v-fin" morph="PS 1S IND VFIN" extra="nosubj nosubj cjt-head cjt-head-STA vH fmc mv"/>
			<t id="s2_3" word="para" lemma="para" pos="prp" morph="--" extra="--"/>
			<t id="s2_4" word="a" lemma="o" pos="art" morph="F S" extra="--"/>
			<t id="s2_5" word="assistência" lemma="assistência" pos="n" morph="F S" sem="am" extra="--"/>
			<t id="s2_6" word="técnica" lemma="técnico" pos="adj" morph="F S" extra="nh np-close"/>
			<t id="s2_7" word="," lemma="--" pos="pu" morph="--" extra="--"/>
			<t id="s2_8" word="em" lemma="em" pos="prp" morph="--" extra="sam-"/>
			<t id="s2_9" word="o" lemma="o" pos="art" morph="M S" extra="-sam "/>
			<t id="s2_10" word="dia" lemma="dia" pos="n" morph="M S" sem="temp dur per unit" extra="--"/>
			<t id="s2_11" word="que" lemma="que" pos="spec" morph="M S" extra="clb clb-fs rel"/>
			<t id="s2_12" word="fui" lemma="ser" pos="v-fin" morph="PS 1S IND VFIN" extra="mv np-close"/>
			<t id="s2_13" word="tinham" lemma="ter" pos="v-fin" morph="IMPF 3P IND VFIN" extra="nosubj nosubj cjt-STA fmc mv"/>
			<t id="s2_14" word="mais" lemma="mais" pos="adv" morph="--" extra="--"/>
			<t id="s2_15" word="number" lemma="number" pos="v-inf" morph="--" extra="heur mv"/>
			<t id="s2_16" word="pessoas" lemma="pessoa" pos="n" morph="F P" sem="H" extra="--"/>
			<t id="s2_17" word="lá" lemma="lá" pos="adv" morph="--" extra="--"/>
			<t id="s2_18" word="com" lemma="com" pos="prp" morph="--" extra="--"/>
			<t id="s2_19" word="o" lemma="o" pos="art" morph="M S" extra="--"/>
			<t id="s2_20" word="mesmo" lemma="mesmo" pos="pron-indef" morph="DET M S" extra="diff KOMP"/>
			<t id="s2_21" word="problema" lemma="problema" pos="n" morph="M S" sem="ac" extra="--"/>
			<t id="s2_22" word="." lemma="--" pos="pu" morph="--" extra="--"/>
		</terminals>

		<nonterminals>
			<nt id="s2_500" cat="s">
				<edge label="STA" idref="s2_501"/>
			</nt>
			<nt id="s2_501" cat="par">
				<edge label="CJT" idref="s2_502"/>
				<edge label="CJT" idref="s2_508"/>
				<edge label="PU" idref="s2_22"/>
			</nt>
			<nt id="s2_502" cat="fcl">
				<edge label="fA" idref="s2_1"/>
				<edge label="P" idref="s2_2"/>
				<edge label="fA" idref="s2_503"/>
				<edge label="PU" idref="s2_7"/>
				<edge label="fA" idref="s2_505"/>
			</nt>
			<nt id="s2_503" cat="pp">
				<edge label="H" idref="s2_3"/>
				<edge label="DP" idref="s2_504"/>
			</nt>
			<nt id="s2_504" cat="np">
				<edge label="DN" idref="s2_4"/>
				<edge label="H" idref="s2_5"/>
				<edge label="DN" idref="s2_6"/>
			</nt>
			<nt id="s2_505" cat="pp">
				<edge label="H" idref="s2_8"/>
				<edge label="DP" idref="s2_506"/>
			</nt>
			<nt id="s2_506" cat="np">
				<edge label="DN" idref="s2_9"/>
				<edge label="H" idref="s2_10"/>
				<edge label="DN" idref="s2_507"/>
			</nt>
			<nt id="s2_507" cat="fcl">
				<edge label="S" idref="s2_11"/>
				<edge label="P" idref="s2_12"/>
			</nt>
			<nt id="s2_508" cat="x">
				<edge label="P" idref="s2_13"/>
				<edge label="fA" idref="s2_14"/>
				<edge label="Od" idref="s2_509"/>
			</nt>
			<nt id="s2_509" cat="icl">
				<edge label="P" idref="s2_15"/>
				<edge label="Od" idref="s2_16"/>
				<edge label="fA" idref="s2_17"/>
				<edge label="fA" idref="s2_510"/>
			</nt>
			<nt id="s2_510" cat="pp">
				<edge label="H" idref="s2_18"/>
				<edge label="DP" idref="s2_511"/>
			</nt>
			<nt id="s2_511" cat="np">
				<edge label="DN" idref="s2_19"/>
				<edge label="DN" idref="s2_20"/>
				<edge label="H" idref="s2_21"/>
			</nt>
		</nonterminals>
	</graph>
</s>

<s id="s3" ref="3" source="Running text" forest="1" text="retornou da assistência como se tivesse sido realizado um reparo mecânico no laudo, porém a bateria continua a mesma porcaria.">
	<graph root="s3_500">
		<terminals>
			<t id="s3_1" word="retornou" lemma="retornar" pos="v-fin" morph="PS 3S IND VFIN" extra="nosubj nosubj cjt-head cjt-head-STA vH fmc mv"/>
			<t id="s3_2" word="de" lemma="de" pos="prp" morph="--" extra="sam-"/>
			<t id="s3_3" word="a" lemma="o" pos="art" morph="F S" extra="-sam "/>
			<t id="s3_4" word="assistência" lemma="assistência" pos="n" morph="F S" sem="am" extra="--"/>
			<t id="s3_5" word="como_se" lemma="como_se" pos="conj-s" morph="--" extra="clb clb-fs"/>
			<t id="s3_6" word="tivesse" lemma="ter" pos="v-fin" morph="IMPF 1/3S SUBJ VFIN" extra="aux"/>
			<t id="s3_7" word="sido" lemma="ser" pos="v-pcp" morph="--" extra="aux"/>
			<t id="s3_8" word="realizado" lemma="realizar" pos="v-pcp" morph="M S" extra="vH mv"/>
			<t id="s3_9" word="um" lemma="um" pos="art" morph="M S" extra="--"/>
			<t id="s3_10" word="reparo" lemma="reparo" pos="n" morph="M S" sem="act-d act-s percep-w" extra="--"/>
			<t id="s3_11" word="mecânico" lemma="mec�=nico" pos="adj" morph="M S" extra="nh np-close"/>
			<t id="s3_12" word="em" lemma="em" pos="prp" morph="--" extra="sam-"/>
			<t id="s3_13" word="o" lemma="o" pos="art" morph="M S" extra="-sam "/>
			<t id="s3_14" word="laudo" lemma="laudo" pos="n" morph="M S" sem="sem-r" extra="--"/>
			<t id="s3_15" word="," lemma="--" pos="pu" morph="--" extra="--"/>
			<t id="s3_16" word="porém" lemma="porém" pos="adv" morph="--" extra="kc"/>
			<t id="s3_17" word="a" lemma="o" pos="art" morph="F S" extra="--"/>
			<t id="s3_18" word="bateria" lemma="bateria" pos="n" morph="F S" sem="tool" extra="--"/>
			<t id="s3_19" word="continua" lemma="continuar" pos="v-fin" morph="PR 3S IND VFIN" extra="cjt-STA vH vK fmc mv"/>
			<t id="s3_20" word="a" lemma="o" pos="art" morph="F S" extra="--"/>
			<t id="s3_21" word="mesma" lemma="mesmo" pos="pron-indef" morph="DET F S" extra="diff KOMP"/>
			<t id="s3_22" word="porcaria" lemma="porcaria" pos="n" morph="F S" sem="sit" extra="--"/>
			<t id="s3_23" word="." lemma="--" pos="pu" morph="--" extra="--"/>
		</terminals>

		<nonterminals>
			<nt id="s3_500" cat="s">
				<edge label="STA" idref="s3_501"/>
			</nt>
			<nt id="s3_501" cat="par">
				<edge label="CJT" idref="s3_502"/>
				<edge label="PU" idref="s3_15"/>
				<edge label="CJT" idref="s3_510"/>
				<edge label="fCs" idref="s3_512"/>
				<edge label="PU" idref="s3_23"/>
			</nt>
			<nt id="s3_502" cat="fcl">
				<edge label="P" idref="s3_1"/>
				<edge label="fA" idref="s3_503"/>
				<edge label="fA" idref="s3_505"/>
			</nt>
			<nt id="s3_503" cat="pp">
				<edge label="H" idref="s3_2"/>
				<edge label="DP" idref="s3_504"/>
			</nt>
			<nt id="s3_504" cat="np">
				<edge label="DN" idref="s3_3"/>
				<edge label="H" idref="s3_4"/>
			</nt>
			<nt id="s3_505" cat="fcl">
				<edge label="SUB" idref="s3_5"/>
				<edge label="P" idref="s3_506"/>
				<edge label="Od" idref="s3_507"/>
				<edge label="DN" idref="s3_11"/>
				<edge label="fA" idref="s3_508"/>
			</nt>
			<nt id="s3_506" cat="vp">
				<edge label="Vaux" idref="s3_6"/>
				<edge label="Vaux" idref="s3_7"/>
				<edge label="Vm" idref="s3_8"/>
			</nt>
			<nt id="s3_507" cat="np">
				<edge label="DN" idref="s3_9"/>
				<edge label="H" idref="s3_10"/>
			</nt>
			<nt id="s3_508" cat="pp">
				<edge label="H" idref="s3_12"/>
				<edge label="DP" idref="s3_509"/>
			</nt>
			<nt id="s3_509" cat="np">
				<edge label="DN" idref="s3_13"/>
				<edge label="H" idref="s3_14"/>
			</nt>
			<nt id="s3_510" cat="fcl">
				<edge label="fA" idref="s3_16"/>
				<edge label="S" idref="s3_511"/>
				<edge label="P" idref="s3_19"/>
			</nt>
			<nt id="s3_511" cat="np">
				<edge label="DN" idref="s3_17"/>
				<edge label="H" idref="s3_18"/>
			</nt>
			<nt id="s3_512" cat="np">
				<edge label="DN" idref="s3_20"/>
				<edge label="Cs" idref="s3_21"/>
				<edge label="H" idref="s3_22"/>
			</nt>
		</nonterminals>
	</graph>
</s>

<s id="s4" ref="4" source="Running text" forest="1" text="sinceramente, não indico para ninguém.">
	<graph root="s4_500">
		<terminals>
			<t id="s4_1" word="sinceramente" lemma="sinceramente" pos="adv" morph="--" extra="jh"/>
			<t id="s4_2" word="," lemma="--" pos="pu" morph="--" extra="--"/>
			<t id="s4_3" word="não" lemma="não" pos="adv" morph="--" extra="--"/>
			<t id="s4_4" word="indico" lemma="indicar" pos="v-fin" morph="PR 1S IND VFIN" extra="fmc mv"/>
			<t id="s4_5" word="para" lemma="para" pos="prp" morph="--" extra="--"/>
			<t id="s4_6" word="ninguém" lemma="ninguém" pos="spec" morph="M S" extra="--"/>
			<t id="s4_7" word="." lemma="--" pos="pu" morph="--" extra="--"/>
		</terminals>

		<nonterminals>
			<nt id="s4_500" cat="s">
				<edge label="STA" idref="s4_501"/>
			</nt>
			<nt id="s4_501" cat="fcl">
				<edge label="fA" idref="s4_1"/>
				<edge label="PU" idref="s4_2"/>
				<edge label="fA" idref="s4_3"/>
				<edge label="P" idref="s4_4"/>
				<edge label="fA" idref="s4_502"/>
				<edge label="PU" idref="s4_7"/>
			</nt>
			<nt id="s4_502" cat="pp">
				<edge label="H" idref="s4_5"/>
				<edge label="DP" idref="s4_6"/>
			</nt>
		</nonterminals>
	</graph>
</s>

<s id="s5" ref="5" source="Running text" forest="1" text="o que gostei aplicativos o que não gostei bateria.">
	<graph root="s5_500">
		<terminals>
			<t id="s5_1" word="o" lemma="o" pos="pron-dem" morph="DET M S" extra="dem"/>
			<t id="s5_2" word="que" lemma="que" pos="spec" morph="M S" extra="clb clb-fs rel"/>
			<t id="s5_3" word="gostei" lemma="gostar" pos="v-fin" morph="PS 1S IND VFIN" extra="vH mv np-close"/>
			<t id="s5_4" word="aplicativos" lemma="aplicativo" pos="n" morph="M P" sem="sem-c" extra="--"/>
			<t id="s5_5" word="o_que" lemma="o_que" pos="spec" morph="M S" extra="clb rel"/>
			<t id="s5_6" word="não" lemma="não" pos="adv" morph="--" extra="--"/>
			<t id="s5_7" word="gostei" lemma="gostar" pos="v-fin" morph="PS 1S IND VFIN" extra="vH mv"/>
			<t id="s5_8" word="bateria" lemma="bateria" pos="n" morph="F S" sem="tool" extra="--"/>
			<t id="s5_9" word="." lemma="--" pos="pu" morph="--" extra="--"/>
		</terminals>

		<nonterminals>
			<nt id="s5_500" cat="s">
				<edge label="X" idref="s5_501"/>
			</nt>
			<nt id="s5_501" cat="adjp">
				<edge label="H" idref="s5_1"/>
				<edge label="DN" idref="s5_502"/>
				<edge label="S" idref="s5_2"/>
				<edge label="P" idref="s5_3"/>
				<edge label="fCs" idref="s5_4"/>
				<edge label="STA" idref="s5_503"/>
				<edge label="fCs" idref="s5_8"/>
				<edge label="PU" idref="s5_9"/>
			</nt>
			<nt id="s5_502" cat="fcl">
			</nt>
			<nt id="s5_503" cat="fcl">
				<edge label="X" idref="s5_5"/>
				<edge label="fA" idref="s5_6"/>
				<edge label="P" idref="s5_7"/>
			</nt>
		</nonterminals>
	</graph>
</s>

	</body>
</corpus>
