<?xml version="1.0" encoding="UTF-8"?>
<corpus>

	<body>
<s id="s1" ref="1" source="Running text" forest="1" text="o produto vem apresentando defeito quando se usa a letra &quot;a �do decolado, a tecla de navegação e algumas outras estão descascando, o que torna o celular com cara de velho, a bateria dura menos de number dias.">
	<graph root="s1_500">
		<terminals>
			<t id="s1_1" word="o" lemma="o" pos="art" morph="M S" extra="--"/>
			<t id="s1_2" word="produto" lemma="produto" pos="n" morph="M S" sem="cc-h mon ac-cat" extra="--"/>
			<t id="s1_3" word="vem" lemma="vir" pos="v-fin" morph="PR 3S IND VFIN" extra="cjt-head cjt-head-STA fmc aux"/>
			<t id="s1_4" word="apresentando" lemma="apresentar" pos="v-ger" morph="--" extra="clb vH mv"/>
			<t id="s1_5" word="defeito" lemma="defeito" pos="n" morph="M S" sem="ac" extra="--"/>
			<t id="s1_6" word="quando" lemma="quando" pos="adv" morph="--" extra="clb clb-fs rel ks"/>
			<t id="s1_7" word="se" lemma="se" pos="pron-pers" morph="M/F 3S/P ACC" extra="--"/>
			<t id="s1_8" word="usa" lemma="usar" pos="v-fin" morph="PR 3S IND VFIN" extra="vH mv"/>
			<t id="s1_9" word="a" lemma="o" pos="art" morph="F S" extra="--"/>
			<t id="s1_10" word="letra" lemma="letra" pos="n" morph="F S &lt;domain&gt;" sem="ac-sign sem-r domain" extra="F S"/>
			<t id="s1_11" word="&quot;" lemma="--" pos="pu" morph="--" extra="--"/>
			<t id="s1_12" word="a" lemma="a" pos="prp" morph="--" extra="--"/>
			<t id="s1_13" word="&quot;" lemma="--" pos="pu" morph="--" extra="--"/>
			<t id="s1_14" word="de" lemma="de" pos="prp" morph="--" extra="sam-"/>
			<t id="s1_15" word="o" lemma="o" pos="art" morph="M S" extra="-sam "/>
			<t id="s1_16" word="decolado" lemma="decolar" pos="v-pcp" morph="M S" extra="n vN"/>
			<t id="s1_17" word="," lemma="--" pos="pu" morph="--" extra="--"/>
			<t id="s1_18" word="a" lemma="o" pos="art" morph="F S" extra="--"/>
			<t id="s1_19" word="tecla" lemma="tecla" pos="n" morph="F S" sem="tool" extra="--"/>
			<t id="s1_20" word="de" lemma="de" pos="prp" morph="--" extra="np-close"/>
			<t id="s1_21" word="navegação" lemma="navegação" pos="n" morph="F S" sem="act" extra="--"/>
			<t id="s1_22" word="e" lemma="e" pos="conj-c" morph="--" extra="--"/>
			<t id="s1_23" word="algumas" lemma="algum" pos="pron-indef" morph="DET F P" extra="quant"/>
			<t id="s1_24" word="outras" lemma="outro" pos="pron-indef" morph="DET F P" extra="diff KOMP"/>
			<t id="s1_25" word="estão" lemma="estar" pos="v-fin" morph="PR 3P IND VFIN" extra="cjt-STA fmc aux"/>
			<t id="s1_26" word="descascando" lemma="descascar" pos="v-ger" morph="--" extra="vH mv"/>
			<t id="s1_27" word="," lemma="--" pos="pu" morph="--" extra="--"/>
			<t id="s1_28" word="o_que" lemma="o_que" pos="spec" morph="M S" extra="clb clb-fs rel"/>
			<t id="s1_29" word="torna" lemma="tornar" pos="v-fin" morph="PR 3S IND VFIN" extra="mv"/>
			<t id="s1_30" word="o" lemma="o" pos="art" morph="M S" extra="--"/>
			<t id="s1_31" word="celular" lemma="celular" pos="adj" morph="M S" extra="cjt-head cjt-head-Od n nh"/>
			<t id="s1_32" word="com" lemma="com" pos="prp" morph="--" extra="--"/>
			<t id="s1_33" word="cara" lemma="cara" pos="n" morph="F S" sem="f-an f-h Labs" extra="--"/>
			<t id="s1_34" word="de" lemma="de" pos="prp" morph="--" extra="np-close"/>
			<t id="s1_35" word="velho" lemma="velho" pos="adj" morph="M S" extra="jh"/>
			<t id="s1_36" word="," lemma="--" pos="pu" morph="--" extra="--"/>
			<t id="s1_37" word="a" lemma="o" pos="art" morph="F S" extra="--"/>
			<t id="s1_38" word="bateria" lemma="bateria" pos="n" morph="F S" sem="tool" extra="cjt-Od"/>
			<t id="s1_39" word="dura" lemma="duro" pos="adj" morph="F S" extra="np-close"/>
			<t id="s1_40" word="menos" lemma="menos" pos="adv" morph="--" extra="quant KOMP"/>
			<t id="s1_41" word="de" lemma="de" pos="prp" morph="--" extra="--"/>
			<t id="s1_42" word="number" lemma="number" pos="n" morph="M S" extra="heur"/>
			<t id="s1_43" word="dias" lemma="dia" pos="n" morph="M P" sem="temp dur per unit" extra="cjt-Od"/>
			<t id="s1_44" word="." lemma="--" pos="pu" morph="--" extra="--"/>
		</terminals>

		<nonterminals>
			<nt id="s1_500" cat="s">
				<edge label="STA" idref="s1_501"/>
			</nt>
			<nt id="s1_501" cat="par">
				<edge label="CJT" idref="s1_502"/>
				<edge label="PU" idref="s1_17"/>
				<edge label="CJT" idref="s1_509"/>
				<edge label="PU" idref="s1_44"/>
			</nt>
			<nt id="s1_502" cat="fcl">
				<edge label="S" idref="s1_503"/>
				<edge label="P" idref="s1_504"/>
				<edge label="Od" idref="s1_5"/>
				<edge label="fA" idref="s1_505"/>
			</nt>
			<nt id="s1_503" cat="np">
				<edge label="DN" idref="s1_1"/>
				<edge label="H" idref="s1_2"/>
			</nt>
			<nt id="s1_504" cat="vp">
				<edge label="Vaux" idref="s1_3"/>
				<edge label="Vm" idref="s1_4"/>
			</nt>
			<nt id="s1_505" cat="fcl">
				<edge label="fA" idref="s1_6"/>
				<edge label="S" idref="s1_7"/>
				<edge label="P" idref="s1_8"/>
				<edge label="S" idref="s1_506"/>
				<edge label="PU" idref="s1_11"/>
				<edge label="fA" idref="s1_12"/>
				<edge label="PU" idref="s1_13"/>
				<edge label="fA" idref="s1_507"/>
			</nt>
			<nt id="s1_506" cat="np">
				<edge label="DN" idref="s1_9"/>
				<edge label="H" idref="s1_10"/>
			</nt>
			<nt id="s1_507" cat="pp">
				<edge label="H" idref="s1_14"/>
				<edge label="DP" idref="s1_508"/>
			</nt>
			<nt id="s1_508" cat="np">
				<edge label="DN" idref="s1_15"/>
				<edge label="H" idref="s1_16"/>
				<edge label="CO" idref="s1_22"/>
			</nt>
			<nt id="s1_509" cat="fcl">
				<edge label="S" idref="s1_510"/>
				<edge label="S" idref="s1_512"/>
				<edge label="P" idref="s1_513"/>
				<edge label="PU" idref="s1_27"/>
				<edge label="fCsta" idref="s1_514"/>
			</nt>
			<nt id="s1_510" cat="np">
				<edge label="DN" idref="s1_18"/>
				<edge label="H" idref="s1_19"/>
				<edge label="DN" idref="s1_511"/>
			</nt>
			<nt id="s1_511" cat="pp">
				<edge label="H" idref="s1_20"/>
				<edge label="DP" idref="s1_21"/>
			</nt>
			<nt id="s1_512" cat="np">
				<edge label="DN" idref="s1_23"/>
				<edge label="H" idref="s1_24"/>
				<edge label="DN" idref="s1_518"/>
				<edge label="DN" idref="s1_39"/>
				<edge label="fA" idref="s1_520"/>
			</nt>
			<nt id="s1_513" cat="vp">
				<edge label="Vaux" idref="s1_25"/>
				<edge label="Vm" idref="s1_26"/>
			</nt>
			<nt id="s1_514" cat="fcl">
				<edge label="S" idref="s1_28"/>
				<edge label="P" idref="s1_29"/>
				<edge label="Od" idref="s1_515"/>
				<edge label="fA" idref="s1_517"/>
			</nt>
			<nt id="s1_515" cat="par">
				<edge label="CJT" idref="s1_516"/>
			</nt>
			<nt id="s1_516" cat="np">
				<edge label="DN" idref="s1_30"/>
				<edge label="H" idref="s1_31"/>
			</nt>
			<nt id="s1_517" cat="pp">
				<edge label="H" idref="s1_32"/>
				<edge label="DP" idref="s1_33"/>
			</nt>
			<nt id="s1_518" cat="pp">
				<edge label="H" idref="s1_34"/>
				<edge label="DP" idref="s1_35"/>
				<edge label="PU" idref="s1_36"/>
				<edge label="CJT" idref="s1_519"/>
			</nt>
			<nt id="s1_519" cat="np">
				<edge label="DN" idref="s1_37"/>
				<edge label="H" idref="s1_38"/>
			</nt>
			<nt id="s1_520" cat="advp">
				<edge label="H" idref="s1_40"/>
				<edge label="DAcom" idref="s1_521"/>
				<edge label="CJT" idref="s1_43"/>
			</nt>
			<nt id="s1_521" cat="pp">
				<edge label="H" idref="s1_41"/>
				<edge label="DP" idref="s1_42"/>
			</nt>
		</nonterminals>
	</graph>
</s>

<s id="s2" ref="2" source="Running text" forest="1" text="estou totalmente insatisfeito com o produto, conheço similares que foram contrabandeados que o único inconveniente se refere a duração da bateria.">
	<graph root="s2_500">
		<terminals>
			<t id="s2_1" word="estou" lemma="estar" pos="v-fin" morph="PR 1S IND VFIN" extra="nosubj nosubj nosubj nosubj cjt-head cjt-head-STA vK fmc mv"/>
			<t id="s2_2" word="totalmente" lemma="totalmente" pos="adv" morph="--" extra="quant"/>
			<t id="s2_3" word="insatisfeito" lemma="insatisfeito" pos="adj" morph="M S" extra="jh"/>
			<t id="s2_4" word="com" lemma="com" pos="prp" morph="--" extra="--"/>
			<t id="s2_5" word="o" lemma="o" pos="art" morph="M S" extra="--"/>
			<t id="s2_6" word="produto" lemma="produto" pos="n" morph="M S" sem="cc-h mon ac-cat" extra="--"/>
			<t id="s2_7" word="," lemma="--" pos="pu" morph="--" extra="--"/>
			<t id="s2_8" word="conheço" lemma="conhecer" pos="v-fin" morph="PR 1S IND VFIN" extra="nosubj nosubj cjt-STA vH fmc mv"/>
			<t id="s2_9" word="similares" lemma="similar" pos="n" morph="M P" sem="act-d" extra="--"/>
			<t id="s2_10" word="que" lemma="que" pos="spec" morph="M S" extra="clb clb-fs rel"/>
			<t id="s2_11" word="foram" lemma="ser" pos="v-fin" morph="PS/MQP 3P IND VFIN" extra="aux np-close"/>
			<t id="s2_12" word="contrabandeados" lemma="contrabandear" pos="v-pcp" morph="M P" extra="vH mv"/>
			<t id="s2_13" word="que" lemma="que" pos="conj-s" morph="--" extra="clb"/>
			<t id="s2_14" word="o" lemma="o" pos="art" morph="M S" extra="--"/>
			<t id="s2_15" word="único" lemma="único" pos="adj" morph="M S" extra="--"/>
			<t id="s2_16" word="inconveniente" lemma="inconveniente" pos="n" morph="M S" sem="ac" extra="--"/>
			<t id="s2_17" word="se" lemma="se" pos="pron-pers" morph="M/F 3S/P DAT" extra="refl"/>
			<t id="s2_18" word="refere" lemma="referir" pos="v-fin" morph="PR 3S IND VFIN" extra="cjt-STA vH fmc mv"/>
			<t id="s2_19" word="a" lemma="o" pos="art" morph="F S" extra="--"/>
			<t id="s2_20" word="duração" lemma="duração" pos="n" morph="F S" sem="am" extra="--"/>
			<t id="s2_21" word="de" lemma="de" pos="prp" morph="--" extra="sam- np-close"/>
			<t id="s2_22" word="a" lemma="o" pos="art" morph="F S" extra="-sam "/>
			<t id="s2_23" word="bateria" lemma="bateria" pos="n" morph="F S" sem="tool" extra="--"/>
			<t id="s2_24" word="." lemma="--" pos="pu" morph="--" extra="--"/>
		</terminals>

		<nonterminals>
			<nt id="s2_500" cat="s">
				<edge label="STA" idref="s2_501"/>
			</nt>
			<nt id="s2_501" cat="par">
				<edge label="CJT" idref="s2_502"/>
				<edge label="PU" idref="s2_7"/>
				<edge label="CJT" idref="s2_506"/>
				<edge label="CJT" idref="s2_510"/>
				<edge label="PU" idref="s2_24"/>
			</nt>
			<nt id="s2_502" cat="fcl">
				<edge label="P" idref="s2_1"/>
				<edge label="Cs" idref="s2_503"/>
				<edge label="fA" idref="s2_504"/>
			</nt>
			<nt id="s2_503" cat="adjp">
				<edge label="DA" idref="s2_2"/>
				<edge label="H" idref="s2_3"/>
			</nt>
			<nt id="s2_504" cat="pp">
				<edge label="H" idref="s2_4"/>
				<edge label="DP" idref="s2_505"/>
			</nt>
			<nt id="s2_505" cat="np">
				<edge label="DN" idref="s2_5"/>
				<edge label="H" idref="s2_6"/>
			</nt>
			<nt id="s2_506" cat="x">
				<edge label="P" idref="s2_8"/>
				<edge label="Od" idref="s2_507"/>
			</nt>
			<nt id="s2_507" cat="np">
				<edge label="H" idref="s2_9"/>
				<edge label="DN" idref="s2_508"/>
			</nt>
			<nt id="s2_508" cat="fcl">
				<edge label="S" idref="s2_10"/>
				<edge label="P" idref="s2_509"/>
			</nt>
			<nt id="s2_509" cat="vp">
				<edge label="Vaux" idref="s2_11"/>
				<edge label="Vm" idref="s2_12"/>
			</nt>
			<nt id="s2_510" cat="fcl">
				<edge label="SUB" idref="s2_13"/>
				<edge label="S" idref="s2_511"/>
				<edge label="Oi" idref="s2_17"/>
				<edge label="P" idref="s2_18"/>
				<edge label="Od" idref="s2_512"/>
			</nt>
			<nt id="s2_511" cat="np">
				<edge label="DN" idref="s2_14"/>
				<edge label="DN" idref="s2_15"/>
				<edge label="H" idref="s2_16"/>
			</nt>
			<nt id="s2_512" cat="np">
				<edge label="DN" idref="s2_19"/>
				<edge label="H" idref="s2_20"/>
				<edge label="DN" idref="s2_513"/>
			</nt>
			<nt id="s2_513" cat="pp">
				<edge label="H" idref="s2_21"/>
				<edge label="DP" idref="s2_514"/>
			</nt>
			<nt id="s2_514" cat="np">
				<edge label="DN" idref="s2_22"/>
				<edge label="H" idref="s2_23"/>
			</nt>
		</nonterminals>
	</graph>
</s>

<s id="s3" ref="3" source="Running text" forest="1" text="somente estou usando por o uso de dois chips.">
	<graph root="s3_500">
		<terminals>
			<t id="s3_1" word="somente" lemma="somente" pos="adv" morph="--" extra="--"/>
			<t id="s3_2" word="estou" lemma="estar" pos="v-fin" morph="PR 1S IND VFIN" extra="fmc aux"/>
			<t id="s3_3" word="usando" lemma="usar" pos="v-ger" morph="--" extra="clb vH mv"/>
			<t id="s3_4" word="por" lemma="por" pos="prp" morph="--" extra="sam-"/>
			<t id="s3_5" word="o" lemma="o" pos="art" morph="M S" extra="-sam "/>
			<t id="s3_6" word="uso" lemma="uso" pos="n" morph="M S" sem="act ac" extra="--"/>
			<t id="s3_7" word="de" lemma="de" pos="prp" morph="--" extra="np-close"/>
			<t id="s3_8" word="dois" lemma="dois" pos="num" morph="M P" extra="card"/>
			<t id="s3_9" word="chips" lemma="chip" pos="n" morph="M P" sem="cc" extra="--"/>
			<t id="s3_10" word="." lemma="--" pos="pu" morph="--" extra="--"/>
		</terminals>

		<nonterminals>
			<nt id="s3_500" cat="s">
				<edge label="STA" idref="s3_501"/>
			</nt>
			<nt id="s3_501" cat="fcl">
				<edge label="fA" idref="s3_1"/>
				<edge label="P" idref="s3_502"/>
				<edge label="fA" idref="s3_503"/>
				<edge label="PU" idref="s3_10"/>
			</nt>
			<nt id="s3_502" cat="vp">
				<edge label="Vaux" idref="s3_2"/>
				<edge label="Vm" idref="s3_3"/>
			</nt>
			<nt id="s3_503" cat="pp">
				<edge label="H" idref="s3_4"/>
				<edge label="DP" idref="s3_504"/>
			</nt>
			<nt id="s3_504" cat="np">
				<edge label="DN" idref="s3_5"/>
				<edge label="H" idref="s3_6"/>
				<edge label="DN" idref="s3_505"/>
			</nt>
			<nt id="s3_505" cat="pp">
				<edge label="H" idref="s3_7"/>
				<edge label="DP" idref="s3_506"/>
			</nt>
			<nt id="s3_506" cat="np">
				<edge label="DN" idref="s3_8"/>
				<edge label="H" idref="s3_9"/>
			</nt>
		</nonterminals>
	</graph>
</s>

<s id="s4" ref="4" source="Running text" forest="1" text="o que gostei possibilidade de utilizar number chips.">
	<graph root="s4_500">
		<terminals>
			<t id="s4_1" word="o" lemma="o" pos="pron-dem" morph="DET M S" extra="dem"/>
			<t id="s4_2" word="que" lemma="que" pos="spec" morph="M S" extra="clb rel"/>
			<t id="s4_3" word="gostei" lemma="gostar" pos="v-fin" morph="PS 1S IND VFIN" extra="vH mv"/>
			<t id="s4_4" word="possibilidade" lemma="possibilidade" pos="n" morph="F S" sem="ac" extra="--"/>
			<t id="s4_5" word="de" lemma="de" pos="prp" morph="--" extra="np-close"/>
			<t id="s4_6" word="utilizar" lemma="utilizar" pos="v-inf" morph="--" extra="vH mv"/>
			<t id="s4_7" word="number" lemma="number" pos="v-inf" morph="--" extra="heur mv"/>
			<t id="s4_8" word="chips" lemma="chip" pos="n" morph="M P" sem="cc" extra="--"/>
			<t id="s4_9" word="." lemma="--" pos="pu" morph="--" extra="--"/>
		</terminals>

		<nonterminals>
			<nt id="s4_500" cat="s">
				<edge label="X" idref="s4_501"/>
			</nt>
			<nt id="s4_501" cat="adjp">
				<edge label="H" idref="s4_1"/>
				<edge label="STA" idref="s4_502"/>
				<edge label="PU" idref="s4_9"/>
			</nt>
			<nt id="s4_502" cat="fcl">
				<edge label="X" idref="s4_2"/>
				<edge label="P" idref="s4_3"/>
				<edge label="S" idref="s4_503"/>
			</nt>
			<nt id="s4_503" cat="np">
				<edge label="H" idref="s4_4"/>
				<edge label="DN" idref="s4_504"/>
			</nt>
			<nt id="s4_504" cat="pp">
				<edge label="H" idref="s4_5"/>
				<edge label="DP" idref="s4_505"/>
			</nt>
			<nt id="s4_505" cat="icl">
				<edge label="P" idref="s4_6"/>
				<edge label="Od" idref="s4_506"/>
			</nt>
			<nt id="s4_506" cat="icl">
				<edge label="P" idref="s4_7"/>
				<edge label="Od" idref="s4_8"/>
			</nt>
		</nonterminals>
	</graph>
</s>

<s id="s5" ref="5" source="Running text" forest="1" text="o que não gostei teclado descascando, letra a não funciona, bateria descarrega rápido..">
	<graph root="s5_500">
		<terminals>
			<t id="s5_1" word="o" lemma="o" pos="pron-dem" morph="DET M S" extra="dem"/>
			<t id="s5_2" word="que" lemma="que" pos="spec" morph="M S" extra="clb clb-fs rel"/>
			<t id="s5_3" word="não" lemma="não" pos="adv" morph="--" extra="--"/>
			<t id="s5_4" word="gostei" lemma="gostar" pos="v-fin" morph="PS 1S IND VFIN" extra="vH mv np-close"/>
			<t id="s5_5" word="teclado" lemma="teclar" pos="v-pcp" morph="M S" extra="vH"/>
			<t id="s5_6" word="descascando" lemma="descascar" pos="v-ger" morph="--" extra="vH mv"/>
			<t id="s5_7" word="," lemma="--" pos="pu" morph="--" extra="--"/>
			<t id="s5_8" word="letra" lemma="letra" pos="n" morph="F S &lt;domain&gt;" sem="ac-sign sem-r domain" extra="F S"/>
			<t id="s5_9" word="a" lemma="a" pos="prp" morph="--" extra="np-close"/>
			<t id="s5_10" word="não" lemma="não" pos="adv" morph="--" extra="--"/>
			<t id="s5_11" word="funciona" lemma="funcionar" pos="v-fin" morph="PR 3S IND VFIN" extra="cjt-head cjt-head-STA fmc mv"/>
			<t id="s5_12" word="," lemma="--" pos="pu" morph="--" extra="--"/>
			<t id="s5_13" word="bateria" lemma="bateria" pos="n" morph="F S" sem="tool" extra="--"/>
			<t id="s5_14" word="descarrega" lemma="descarregar" pos="v-fin" morph="PR 3S IND VFIN" extra="cjt-STA vH fmc mv"/>
			<t id="s5_15" word="rápido" lemma="rápido" pos="adj" morph="M S" extra="adv"/>
			<t id="s5_16" word="." lemma="--" pos="pu" morph="--" extra="--"/>
			<t id="s5_17" word="." lemma="--" pos="pu" morph="--" extra="--"/>
		</terminals>

		<nonterminals>
			<nt id="s5_500" cat="s">
				<edge label="UTT" idref="s5_501"/>
			</nt>
			<nt id="s5_501" cat="x">
				<edge label="DN" idref="s5_505"/>
				<edge label="S" idref="s5_2"/>
				<edge label="fA" idref="s5_3"/>
				<edge label="P" idref="s5_4"/>
				<edge label="fA" idref="s5_6"/>
				<edge label="PU" idref="s5_12"/>
				<edge label="PU" idref="s5_16"/>
				<edge label="PU" idref="s5_17"/>
			</nt>
			<nt id="s5_502" cat="par">
				<edge label="CJT" idref="s5_503"/>
			</nt>
			<nt id="s5_503" cat="fcl">
				<edge label="CJT" idref="s5_504"/>
			</nt>
			<nt id="s5_504" cat="fcl">
				<edge label="S" idref="s5_1"/>
				<edge label="S" idref="s5_13"/>
				<edge label="P" idref="s5_14"/>
				<edge label="fCs" idref="s5_15"/>
			</nt>
			<nt id="s5_505" cat="fcl">
				<edge label="S" idref="s5_5"/>
				<edge label="PU" idref="s5_7"/>
				<edge label="S" idref="s5_506"/>
				<edge label="fA" idref="s5_10"/>
				<edge label="P" idref="s5_11"/>
			</nt>
			<nt id="s5_506" cat="np">
				<edge label="H" idref="s5_8"/>
				<edge label="DN" idref="s5_9"/>
			</nt>
		</nonterminals>
	</graph>
</s>

	</body>
</corpus>
