<?xml version="1.0" encoding="UTF-8"?>
<corpus>

	<body>
<s id="s1" ref="1" source="Running text" forest="1" text="já tive varias oportunidades de usar este produto ele é ótimo sua qualidade é alta nunca vi alguém reclamar de algum problema que tenha acontecido.">
	<graph root="s1_500">
		<terminals>
			<t id="s1_1" word="já" lemma="já" pos="adv" morph="--" extra="--"/>
			<t id="s1_2" word="tive" lemma="ter" pos="v-fin" morph="PS 1S IND VFIN" extra="nosubj nosubj nosubj nosubj nosubj nosubj nosubj nosubj cjt-head cjt-head-STA fmc mv"/>
			<t id="s1_3" word="varias" lemma="variar" pos="v-fin" morph="PR 2S IND VFIN" extra="nosubj nosubj cjt-STA fmc mv"/>
			<t id="s1_4" word="oportunidades" lemma="oportunidade" pos="n" morph="F P" sem="ac event am" extra="--"/>
			<t id="s1_5" word="de" lemma="de" pos="prp" morph="--" extra="np-close"/>
			<t id="s1_6" word="usar" lemma="usar" pos="v-inf" morph="--" extra="vH mv"/>
			<t id="s1_7" word="este" lemma="este" pos="pron-dem" morph="DET M S" extra="dem"/>
			<t id="s1_8" word="produto" lemma="produto" pos="n" morph="M S" sem="cc-h mon ac-cat" extra="--"/>
			<t id="s1_9" word="ele" lemma="ele" pos="pron-pers" morph="M 3S NOM" extra="--"/>
			<t id="s1_10" word="é" lemma="ser" pos="v-fin" morph="PR 3S IND VFIN" extra="cjt-STA vK fmc mv"/>
			<t id="s1_11" word="ótimo" lemma="bom" pos="adj" morph="M S" extra="SUP jh"/>
			<t id="s1_12" word="sua" lemma="seu" pos="pron-poss" morph="DET F S" extra="poss 3S"/>
			<t id="s1_13" word="qualidade" lemma="qualidade" pos="n" morph="F S" sem="percep-f f-c" extra="--"/>
			<t id="s1_14" word="é" lemma="ser" pos="v-fin" morph="PR 3S IND VFIN" extra="nosubj nosubj cjt-STA vK fmc mv"/>
			<t id="s1_15" word="alta" lemma="alto" pos="adj" morph="F S" extra="jh"/>
			<t id="s1_16" word="nunca" lemma="nunca" pos="adv" morph="--" extra="--"/>
			<t id="s1_17" word="vi" lemma="ver" pos="v-fin" morph="PS 1S IND VFIN" extra="nosubj nosubj cjt-STA vH fmc mv"/>
			<t id="s1_18" word="alguém" lemma="alguém" pos="spec" morph="M S" extra="--"/>
			<t id="s1_19" word="reclamar" lemma="reclamar" pos="v-inf" morph="3S" extra="vH mv"/>
			<t id="s1_20" word="de" lemma="de" pos="prp" morph="--" extra="--"/>
			<t id="s1_21" word="algum" lemma="algum" pos="pron-indef" morph="DET M S" extra="quant"/>
			<t id="s1_22" word="problema" lemma="problema" pos="n" morph="M S" sem="ac" extra="--"/>
			<t id="s1_23" word="que" lemma="que" pos="conj-s" morph="--" extra="clb clb-fs"/>
			<t id="s1_24" word="tenha" lemma="ter" pos="v-fin" morph="PR 3S SUBJ VFIN" extra="aux"/>
			<t id="s1_25" word="acontecido" lemma="acontecer" pos="v-pcp" morph="--" extra="vN mv"/>
			<t id="s1_26" word="." lemma="--" pos="pu" morph="--" extra="--"/>
		</terminals>

		<nonterminals>
			<nt id="s1_500" cat="s">
				<edge label="STA" idref="s1_501"/>
			</nt>
			<nt id="s1_501" cat="par">
				<edge label="CJT" idref="s1_502"/>
				<edge label="CJT" idref="s1_503"/>
				<edge label="CJT" idref="s1_508"/>
				<edge label="CJT" idref="s1_509"/>
				<edge label="CJT" idref="s1_511"/>
				<edge label="PU" idref="s1_26"/>
			</nt>
			<nt id="s1_502" cat="fcl">
				<edge label="fA" idref="s1_1"/>
				<edge label="P" idref="s1_2"/>
			</nt>
			<nt id="s1_503" cat="x">
				<edge label="P" idref="s1_3"/>
				<edge label="Od" idref="s1_504"/>
			</nt>
			<nt id="s1_504" cat="np">
				<edge label="H" idref="s1_4"/>
				<edge label="DN" idref="s1_505"/>
			</nt>
			<nt id="s1_505" cat="pp">
				<edge label="H" idref="s1_5"/>
				<edge label="DP" idref="s1_506"/>
			</nt>
			<nt id="s1_506" cat="icl">
				<edge label="P" idref="s1_6"/>
				<edge label="Od" idref="s1_507"/>
			</nt>
			<nt id="s1_507" cat="np">
				<edge label="DN" idref="s1_7"/>
				<edge label="H" idref="s1_8"/>
			</nt>
			<nt id="s1_508" cat="fcl">
				<edge label="S" idref="s1_9"/>
				<edge label="P" idref="s1_10"/>
				<edge label="Cs" idref="s1_11"/>
			</nt>
			<nt id="s1_509" cat="x">
				<edge label="fCs" idref="s1_510"/>
				<edge label="P" idref="s1_14"/>
				<edge label="Cs" idref="s1_15"/>
			</nt>
			<nt id="s1_510" cat="np">
				<edge label="DN" idref="s1_12"/>
				<edge label="H" idref="s1_13"/>
			</nt>
			<nt id="s1_511" cat="x">
				<edge label="fA" idref="s1_16"/>
				<edge label="P" idref="s1_17"/>
				<edge label="Od" idref="s1_512"/>
			</nt>
			<nt id="s1_512" cat="icl">
				<edge label="Od" idref="s1_513"/>
				<edge label="P" idref="s1_19"/>
				<edge label="fA" idref="s1_514"/>
			</nt>
			<nt id="s1_513" cat="fcl">
				<edge label="S" idref="s1_18"/>
				<edge label="SUB" idref="s1_23"/>
				<edge label="P" idref="s1_516"/>
			</nt>
			<nt id="s1_514" cat="pp">
				<edge label="H" idref="s1_20"/>
				<edge label="DP" idref="s1_515"/>
			</nt>
			<nt id="s1_515" cat="np">
				<edge label="DN" idref="s1_21"/>
				<edge label="H" idref="s1_22"/>
			</nt>
			<nt id="s1_516" cat="vp">
				<edge label="Vaux" idref="s1_24"/>
				<edge label="Vm" idref="s1_25"/>
			</nt>
		</nonterminals>
	</graph>
</s>

<s id="s2" ref="2" source="Running text" forest="1" text="ele é rápido e de fácil acesso com um ótimo design alem de bonito ele esbanja qualidade e tecnologia no seu embelezamento e não é lento e nem trava como a maioria.">
	<graph root="s2_500">
		<terminals>
			<t id="s2_1" word="ele" lemma="ele" pos="pron-pers" morph="M 3S NOM" extra="--"/>
			<t id="s2_2" word="é" lemma="ser" pos="v-fin" morph="PR 3S IND VFIN" extra="nosubj nosubj nosubj nosubj cjt-head cjt-head-STA vK fmc mv"/>
			<t id="s2_3" word="rápido" lemma="rápido" pos="adj" morph="M S" extra="cjt-head cjt-head-Cs adv jh"/>
			<t id="s2_4" word="e" lemma="e" pos="conj-c" morph="--" extra="--"/>
			<t id="s2_5" word="de" lemma="de" pos="prp" morph="--" extra="cjt-Cs"/>
			<t id="s2_6" word="fácil" lemma="fácil" pos="adj" morph="M S" extra="jh"/>
			<t id="s2_7" word="acesso" lemma="acesso" pos="n" morph="M S" sem="event Lpath f-right" extra="--"/>
			<t id="s2_8" word="com" lemma="com" pos="prp" morph="--" extra="np-close"/>
			<t id="s2_9" word="um" lemma="um" pos="art" morph="M S" extra="--"/>
			<t id="s2_10" word="ótimo" lemma="bom" pos="adj" morph="M S" extra="SUP jh"/>
			<t id="s2_11" word="design" lemma="design" pos="n" morph="M S" sem="percep-f domain" extra="--"/>
			<t id="s2_12" word="alem" lemma="além" pos="adv" morph="--" extra="np-close"/>
			<t id="s2_13" word="de" lemma="de" pos="prp" morph="--" extra="--"/>
			<t id="s2_14" word="bonito" lemma="bonito" pos="adj" morph="M S" extra="--"/>
			<t id="s2_15" word="ele" lemma="ele" pos="n" morph="M S" sem="ac-sign" extra="--"/>
			<t id="s2_16" word="esbanja" lemma="esbanjar" pos="v-fin" morph="PR 3S IND VFIN" extra="nosubj nosubj cjt-STA vH fmc mv"/>
			<t id="s2_17" word="qualidade" lemma="qualidade" pos="n" morph="F S" sem="percep-f f-c" extra="cjt-head cjt-head-Od"/>
			<t id="s2_18" word="e" lemma="e" pos="conj-c" morph="--" extra="--"/>
			<t id="s2_19" word="tecnologia" lemma="tecnologia" pos="n" morph="F S" sem="domain" extra="cjt-Od"/>
			<t id="s2_20" word="em" lemma="em" pos="prp" morph="--" extra="sam-"/>
			<t id="s2_21" word="o" lemma="o" pos="art" morph="M S" extra="-sam "/>
			<t id="s2_22" word="seu" lemma="seu" pos="pron-poss" morph="DET M S" extra="si poss 3S"/>
			<t id="s2_23" word="embelezamento" lemma="embelezamento" pos="n" morph="M S" sem="act" extra="--"/>
			<t id="s2_24" word="e" lemma="e" pos="conj-c" morph="--" extra="--"/>
			<t id="s2_25" word="não" lemma="não" pos="adv" morph="--" extra="--"/>
			<t id="s2_26" word="é" lemma="ser" pos="v-fin" morph="PR 3S IND VFIN" extra="nosubj nosubj cjt-STA vK fmc mv"/>
			<t id="s2_27" word="lento" lemma="lento" pos="adj" morph="M S" extra="nh"/>
			<t id="s2_28" word="e" lemma="e" pos="conj-c" morph="--" extra="--"/>
			<t id="s2_29" word="nem" lemma="nem" pos="conj-c" morph="--" extra="--"/>
			<t id="s2_30" word="trava" lemma="travar" pos="v-fin" morph="PR 3S IND VFIN" extra="nosubj nosubj cjt-STA fmc mv"/>
			<t id="s2_31" word="como" lemma="como" pos="prp" morph="--" extra="com adv-rel"/>
			<t id="s2_32" word="a" lemma="o" pos="art" morph="F S" extra="--"/>
			<t id="s2_33" word="maioria" lemma="maioria" pos="n" morph="F S" sem="HH" extra="asarg"/>
			<t id="s2_34" word="." lemma="--" pos="pu" morph="--" extra="--"/>
		</terminals>

		<nonterminals>
			<nt id="s2_500" cat="s">
				<edge label="STA" idref="s2_501"/>
			</nt>
			<nt id="s2_501" cat="par">
				<edge label="CJT" idref="s2_502"/>
				<edge label="CJT" idref="s2_510"/>
				<edge label="CJT" idref="s2_514"/>
				<edge label="CJT" idref="s2_515"/>
				<edge label="PU" idref="s2_34"/>
			</nt>
			<nt id="s2_502" cat="fcl">
				<edge label="S" idref="s2_1"/>
				<edge label="P" idref="s2_2"/>
				<edge label="Cs" idref="s2_503"/>
				<edge label="fA" idref="s2_508"/>
			</nt>
			<nt id="s2_503" cat="par">
				<edge label="CJT" idref="s2_3"/>
				<edge label="CJT" idref="s2_504"/>
			</nt>
			<nt id="s2_504" cat="pp">
				<edge label="DP" idref="s2_505"/>
				<edge label="H" idref="s2_5"/>
			</nt>
			<nt id="s2_505" cat="np">
				<edge label="DN" idref="s2_506"/>
				<edge label="DN" idref="s2_6"/>
				<edge label="H" idref="s2_7"/>
				<edge label="-DN" idref="s2_8"/>
			</nt>
			<nt id="s2_506" cat="pp">
				<edge label="CO" idref="s2_4"/>
				<edge label="DP" idref="s2_507"/>
			</nt>
			<nt id="s2_507" cat="np">
				<edge label="DN" idref="s2_9"/>
				<edge label="DN" idref="s2_10"/>
				<edge label="H" idref="s2_11"/>
				<edge label="DNc" idref="s2_12"/>
			</nt>
			<nt id="s2_508" cat="pp">
				<edge label="H" idref="s2_13"/>
				<edge label="DP" idref="s2_509"/>
			</nt>
			<nt id="s2_509" cat="np">
				<edge label="DN" idref="s2_14"/>
				<edge label="H" idref="s2_15"/>
				<edge label="CO" idref="s2_18"/>
			</nt>
			<nt id="s2_510" cat="x">
				<edge label="P" idref="s2_16"/>
				<edge label="Od" idref="s2_511"/>
				<edge label="fA" idref="s2_512"/>
			</nt>
			<nt id="s2_511" cat="par">
				<edge label="CJT" idref="s2_17"/>
				<edge label="CJT" idref="s2_19"/>
			</nt>
			<nt id="s2_512" cat="pp">
				<edge label="H" idref="s2_20"/>
				<edge label="DP" idref="s2_513"/>
			</nt>
			<nt id="s2_513" cat="np">
				<edge label="DN" idref="s2_21"/>
				<edge label="DN" idref="s2_22"/>
				<edge label="H" idref="s2_23"/>
				<edge label="CO" idref="s2_24"/>
				<edge label="CO" idref="s2_28"/>
				<edge label="CO" idref="s2_29"/>
			</nt>
			<nt id="s2_514" cat="x">
				<edge label="fA" idref="s2_25"/>
				<edge label="P" idref="s2_26"/>
				<edge label="Cs" idref="s2_27"/>
			</nt>
			<nt id="s2_515" cat="x">
				<edge label="P" idref="s2_30"/>
				<edge label="fA" idref="s2_516"/>
			</nt>
			<nt id="s2_516" cat="pp">
				<edge label="H" idref="s2_31"/>
				<edge label="DP" idref="s2_517"/>
			</nt>
			<nt id="s2_517" cat="np">
				<edge label="DN" idref="s2_32"/>
				<edge label="H" idref="s2_33"/>
			</nt>
		</nonterminals>
	</graph>
</s>

<s id="s3" ref="3" source="Running text" forest="1" text="o único problema é as peças que é caro mais por ser um produto de qualidade que não vai dar problema nem dor de cabeça compensa pagar um pouco mais caro..">
	<graph root="s3_500">
		<terminals>
			<t id="s3_1" word="o" lemma="o" pos="art" morph="M S" extra="--"/>
			<t id="s3_2" word="único" lemma="único" pos="adj" morph="M S" extra="--"/>
			<t id="s3_3" word="problema" lemma="problema" pos="n" morph="M S" sem="ac" extra="--"/>
			<t id="s3_4" word="é" lemma="ser" pos="v-fin" morph="PR 3S IND VFIN" extra="cjt-head cjt-head-STA vK fmc mv"/>
			<t id="s3_5" word="as" lemma="o" pos="art" morph="F P" extra="--"/>
			<t id="s3_6" word="peças" lemma="peça" pos="n" morph="F P" sem="sem-c cc-h amount cc-gun furn" extra="--"/>
			<t id="s3_7" word="que" lemma="que" pos="spec" morph="M S" extra="clb clb-fs rel"/>
			<t id="s3_8" word="é" lemma="ser" pos="v-fin" morph="PR 3S IND VFIN" extra="vK mv np-close"/>
			<t id="s3_9" word="caro" lemma="caro" pos="adj" morph="M S" extra="--"/>
			<t id="s3_10" word="mais" lemma="mais" pos="adv" morph="--" extra="--"/>
			<t id="s3_11" word="por" lemma="por" pos="prp" morph="--" extra="--"/>
			<t id="s3_12" word="ser" lemma="ser" pos="v-inf" morph="--" extra="vK mv"/>
			<t id="s3_13" word="um" lemma="um" pos="art" morph="M S" extra="--"/>
			<t id="s3_14" word="produto" lemma="produto" pos="n" morph="M S" sem="cc-h mon ac-cat" extra="--"/>
			<t id="s3_15" word="de" lemma="de" pos="prp" morph="--" extra="np-close"/>
			<t id="s3_16" word="qualidade" lemma="qualidade" pos="n" morph="F S" sem="percep-f f-c" extra="--"/>
			<t id="s3_17" word="que" lemma="que" pos="spec" morph="M S" extra="clb clb-fs rel"/>
			<t id="s3_18" word="não" lemma="não" pos="adv" morph="--" extra="--"/>
			<t id="s3_19" word="vai" lemma="ir" pos="v-fin" morph="PR 3S IND VFIN" extra="aux np-close"/>
			<t id="s3_20" word="dar" lemma="dar" pos="v-inf" morph="--" extra="mv"/>
			<t id="s3_21" word="problema" lemma="problema" pos="n" morph="M S" sem="ac" extra="--"/>
			<t id="s3_22" word="nem" lemma="nem" pos="conj-c" morph="--" extra="--"/>
			<t id="s3_23" word="dor_de_cabeça" lemma="dor_de_cabeça" pos="n" morph="F S" sem="am" extra="--"/>
			<t id="s3_24" word="compensa" lemma="compensar" pos="v-fin" morph="PR 3S IND VFIN" extra="cjt-STA fmc mv"/>
			<t id="s3_25" word="pagar" lemma="pagar" pos="v-inf" morph="--" extra="vH mv"/>
			<t id="s3_26" word="um_pouco" lemma="um_pouco" pos="adv" morph="--" extra="quant"/>
			<t id="s3_27" word="mais" lemma="mais" pos="adv" morph="--" extra="quant KOMP"/>
			<t id="s3_28" word="caro" lemma="caro" pos="adv" morph="--" extra="--"/>
			<t id="s3_29" word="." lemma="--" pos="pu" morph="--" extra="--"/>
			<t id="s3_30" word="." lemma="--" pos="pu" morph="--" extra="--"/>
		</terminals>

		<nonterminals>
			<nt id="s3_500" cat="s">
				<edge label="STA" idref="s3_501"/>
			</nt>
			<nt id="s3_501" cat="par">
				<edge label="CJT" idref="s3_502"/>
				<edge label="CJT" idref="s3_513"/>
				<edge label="PU" idref="s3_29"/>
				<edge label="PU" idref="s3_30"/>
			</nt>
			<nt id="s3_502" cat="fcl">
				<edge label="S" idref="s3_503"/>
				<edge label="P" idref="s3_4"/>
				<edge label="Cs" idref="s3_504"/>
			</nt>
			<nt id="s3_503" cat="np">
				<edge label="DN" idref="s3_1"/>
				<edge label="DN" idref="s3_2"/>
				<edge label="H" idref="s3_3"/>
			</nt>
			<nt id="s3_504" cat="np">
				<edge label="DN" idref="s3_5"/>
				<edge label="H" idref="s3_6"/>
				<edge label="DN" idref="s3_505"/>
			</nt>
			<nt id="s3_505" cat="fcl">
				<edge label="S" idref="s3_7"/>
				<edge label="P" idref="s3_8"/>
				<edge label="Cs" idref="s3_9"/>
				<edge label="fA" idref="s3_10"/>
				<edge label="fA" idref="s3_506"/>
			</nt>
			<nt id="s3_506" cat="pp">
				<edge label="H" idref="s3_11"/>
				<edge label="DP" idref="s3_507"/>
			</nt>
			<nt id="s3_507" cat="icl">
				<edge label="P" idref="s3_12"/>
				<edge label="Cs" idref="s3_508"/>
			</nt>
			<nt id="s3_508" cat="np">
				<edge label="DN" idref="s3_13"/>
				<edge label="H" idref="s3_14"/>
				<edge label="DN" idref="s3_509"/>
			</nt>
			<nt id="s3_509" cat="pp">
				<edge label="H" idref="s3_15"/>
				<edge label="DP" idref="s3_510"/>
			</nt>
			<nt id="s3_510" cat="np">
				<edge label="H" idref="s3_16"/>
				<edge label="DN" idref="s3_511"/>
				<edge label="CO" idref="s3_22"/>
			</nt>
			<nt id="s3_511" cat="fcl">
				<edge label="S" idref="s3_17"/>
				<edge label="fA" idref="s3_18"/>
				<edge label="P" idref="s3_512"/>
				<edge label="Od" idref="s3_21"/>
			</nt>
			<nt id="s3_512" cat="vp">
				<edge label="Vaux" idref="s3_19"/>
				<edge label="Vm" idref="s3_20"/>
			</nt>
			<nt id="s3_513" cat="fcl">
				<edge label="S" idref="s3_23"/>
				<edge label="P" idref="s3_24"/>
				<edge label="Od" idref="s3_514"/>
			</nt>
			<nt id="s3_514" cat="icl">
				<edge label="P" idref="s3_25"/>
				<edge label="fA" idref="s3_515"/>
			</nt>
			<nt id="s3_515" cat="advp">
				<edge label="DA" idref="s3_516"/>
				<edge label="H" idref="s3_28"/>
			</nt>
			<nt id="s3_516" cat="advp">
				<edge label="DA" idref="s3_26"/>
				<edge label="H" idref="s3_27"/>
			</nt>
		</nonterminals>
	</graph>
</s>

	</body>
</corpus>
