<?xml version="1.0" encoding="UTF-8"?>
<corpus>

	<body>
<s id="s1" ref="1" source="Running text" forest="1" text="excelente produto..">
	<graph root="s1_500">
		<terminals>
			<t id="s1_1" word="excelente" lemma="excelente" pos="adj" morph="M S" extra="--"/>
			<t id="s1_2" word="produto" lemma="produto" pos="n" morph="M S" sem="cc-h mon ac-cat" extra="--"/>
			<t id="s1_3" word="." lemma="--" pos="pu" morph="--" extra="--"/>
			<t id="s1_4" word="." lemma="--" pos="pu" morph="--" extra="--"/>
		</terminals>

		<nonterminals>
			<nt id="s1_500" cat="s">
				<edge label="X" idref="s1_501"/>
			</nt>
			<nt id="s1_501" cat="np">
				<edge label="DN" idref="s1_1"/>
				<edge label="H" idref="s1_2"/>
				<edge label="PU" idref="s1_3"/>
				<edge label="PU" idref="s1_4"/>
			</nt>
		</nonterminals>
	</graph>
</s>

	</body>
</corpus>
