<?xml version="1.0" encoding="UTF-8"?>
<corpus>

	<body>
<s id="s1" ref="1" source="Running text" forest="1" text="fiquei sabendo de muitas pessoas que compraram esse aparelho que todos dessa linha dão defeito no alto falante.">
	<graph root="s1_500">
		<terminals>
			<t id="s1_1" word="fiquei" lemma="ficar" pos="v-fin" morph="PS 1S IND VFIN" extra="fmc aux"/>
			<t id="s1_2" word="sabendo" lemma="saber" pos="v-ger" morph="--" extra="clb mv"/>
			<t id="s1_3" word="de" lemma="de" pos="prp" morph="--" extra="--"/>
			<t id="s1_4" word="muitas" lemma="muito" pos="pron-indef" morph="DET F P" extra="quant"/>
			<t id="s1_5" word="pessoas" lemma="pessoa" pos="n" morph="F P" sem="H" extra="--"/>
			<t id="s1_6" word="que" lemma="que" pos="conj-s" morph="--" extra="clb clb-fs"/>
			<t id="s1_7" word="compraram" lemma="comprar" pos="v-fin" morph="PS/MQP 3P IND VFIN" extra="vH mv"/>
			<t id="s1_8" word="esse" lemma="esse" pos="pron-dem" morph="DET M S" extra="dem"/>
			<t id="s1_9" word="aparelho" lemma="aparelho" pos="n" morph="M S" sem="tool" extra="cjt-head cjt-head-Od"/>
			<t id="s1_10" word="que" lemma="que" pos="spec" morph="M S" extra="clb clb-fs rel"/>
			<t id="s1_11" word="todos" lemma="todo" pos="pron-indef" morph="DET M P" extra="quant"/>
			<t id="s1_12" word="de" lemma="de" pos="prp" morph="--" extra="sam-"/>
			<t id="s1_13" word="essa" lemma="esse" pos="pron-dem" morph="DET F S" extra="-sam dem"/>
			<t id="s1_14" word="linha" lemma="linha" pos="n" morph="F S" sem="geom-line cord Lpath" extra="--"/>
			<t id="s1_15" word="dão" lemma="dar" pos="v-fin" morph="PR 3P IND VFIN" extra="mv np-close"/>
			<t id="s1_16" word="defeito" lemma="defeito" pos="n" morph="M S" sem="ac" extra="cjt-Od"/>
			<t id="s1_17" word="em" lemma="em" pos="prp" morph="--" extra="sam-"/>
			<t id="s1_18" word="o" lemma="o" pos="art" morph="M S" extra="-sam "/>
			<t id="s1_19" word="alto" lemma="alto" pos="adj" morph="M S" extra="jh"/>
			<t id="s1_20" word="falante" lemma="falante" pos="n" morph="M S" sem="H" extra="--"/>
			<t id="s1_21" word="." lemma="--" pos="pu" morph="--" extra="--"/>
		</terminals>

		<nonterminals>
			<nt id="s1_500" cat="s">
				<edge label="STA" idref="s1_501"/>
			</nt>
			<nt id="s1_501" cat="fcl">
				<edge label="P" idref="s1_502"/>
				<edge label="Op" idref="s1_503"/>
				<edge label="Od" idref="s1_505"/>
				<edge label="PU" idref="s1_21"/>
			</nt>
			<nt id="s1_502" cat="vp">
				<edge label="Vaux" idref="s1_1"/>
				<edge label="Vm" idref="s1_2"/>
			</nt>
			<nt id="s1_503" cat="pp">
				<edge label="H" idref="s1_3"/>
				<edge label="DP" idref="s1_504"/>
			</nt>
			<nt id="s1_504" cat="np">
				<edge label="DN" idref="s1_4"/>
				<edge label="H" idref="s1_5"/>
			</nt>
			<nt id="s1_505" cat="fcl">
				<edge label="SUB" idref="s1_6"/>
				<edge label="P" idref="s1_7"/>
				<edge label="Od" idref="s1_506"/>
			</nt>
			<nt id="s1_506" cat="par">
				<edge label="CJT" idref="s1_507"/>
				<edge label="CJT" idref="s1_16"/>
			</nt>
			<nt id="s1_507" cat="np">
				<edge label="DN" idref="s1_8"/>
				<edge label="H" idref="s1_9"/>
				<edge label="DN" idref="s1_508"/>
			</nt>
			<nt id="s1_508" cat="fcl">
				<edge label="Od" idref="s1_10"/>
				<edge label="S" idref="s1_11"/>
				<edge label="Op" idref="s1_509"/>
				<edge label="P" idref="s1_15"/>
				<edge label="fA" idref="s1_511"/>
			</nt>
			<nt id="s1_509" cat="pp">
				<edge label="H" idref="s1_12"/>
				<edge label="DP" idref="s1_510"/>
			</nt>
			<nt id="s1_510" cat="np">
				<edge label="DN" idref="s1_13"/>
				<edge label="H" idref="s1_14"/>
			</nt>
			<nt id="s1_511" cat="pp">
				<edge label="H" idref="s1_17"/>
				<edge label="DP" idref="s1_512"/>
			</nt>
			<nt id="s1_512" cat="np">
				<edge label="DN" idref="s1_18"/>
				<edge label="DN" idref="s1_19"/>
				<edge label="H" idref="s1_20"/>
			</nt>
		</nonterminals>
	</graph>
</s>

<s id="s2" ref="2" source="Running text" forest="1" text="se querem um celular bom comprem um lg ou um nokia.">
	<graph root="s2_500">
		<terminals>
			<t id="s2_1" word="se" lemma="se" pos="pron-pers" morph="M/F 3P ACC" extra="pass"/>
			<t id="s2_2" word="querem" lemma="querer" pos="v-fin" morph="PR 3P IND VFIN" extra="nosubj nosubj cjt-head cjt-head-STA vH fmc mv"/>
			<t id="s2_3" word="um" lemma="um" pos="art" morph="M S" extra="--"/>
			<t id="s2_4" word="celular" lemma="celular" pos="adj" morph="M S" extra="n nh"/>
			<t id="s2_5" word="bom" lemma="bom" pos="adj" morph="M S" extra="np-close"/>
			<t id="s2_6" word="comprem" lemma="comprar" pos="v-fin" morph="PR 3P SUBJ VFIN" extra="clb-fs vH mv"/>
			<t id="s2_7" word="um" lemma="um" pos="art" morph="M S" extra="--"/>
			<t id="s2_8" word="lg" lemma="lg" pos="n" morph="M S" extra="foreign"/>
			<t id="s2_9" word="ou" lemma="ou" pos="conj-c" morph="--" extra="topkc"/>
			<t id="s2_10" word="um" lemma="um" pos="num" morph="M S" extra="card"/>
			<t id="s2_11" word="nokia" lemma="noker" pos="v-fin" morph="IMPF 3S IND VFIN" extra="cjt-STA foreign heur fmc mv"/>
			<t id="s2_12" word="." lemma="--" pos="pu" morph="--" extra="--"/>
		</terminals>

		<nonterminals>
			<nt id="s2_500" cat="s">
				<edge label="STA" idref="s2_501"/>
			</nt>
			<nt id="s2_501" cat="par">
				<edge label="CJT" idref="s2_502"/>
				<edge label="CO" idref="s2_9"/>
				<edge label="CJT" idref="s2_507"/>
				<edge label="PU" idref="s2_12"/>
			</nt>
			<nt id="s2_502" cat="fcl">
				<edge label="Od" idref="s2_503"/>
				<edge label="P" idref="s2_2"/>
				<edge label="Od" idref="s2_504"/>
				<edge label="Co" idref="s2_4"/>
			</nt>
			<nt id="s2_503" cat="np">
				<edge label="H" idref="s2_1"/>
			</nt>
			<nt id="s2_504" cat="fcl">
				<edge label="Od" idref="s2_505"/>
			</nt>
			<nt id="s2_505" cat="np">
				<edge label="DN" idref="s2_3"/>
				<edge label="DN" idref="s2_5"/>
				<edge label="P" idref="s2_6"/>
				<edge label="Od" idref="s2_506"/>
			</nt>
			<nt id="s2_506" cat="np">
				<edge label="DN" idref="s2_7"/>
				<edge label="H" idref="s2_8"/>
			</nt>
			<nt id="s2_507" cat="fcl">
				<edge label="S" idref="s2_10"/>
				<edge label="P" idref="s2_11"/>
			</nt>
		</nonterminals>
	</graph>
</s>

<s id="s3" ref="3" source="Running text" forest="1" text="o que gostei nada o que não gostei tudo.">
	<graph root="s3_500">
		<terminals>
			<t id="s3_1" word="o" lemma="o" pos="pron-dem" morph="DET M S" extra="dem"/>
			<t id="s3_2" word="que" lemma="que" pos="spec" morph="M S" extra="clb clb-fs rel"/>
			<t id="s3_3" word="gostei" lemma="gostar" pos="v-fin" morph="PS 1S IND VFIN" extra="vH mv np-close"/>
			<t id="s3_4" word="nada" lemma="nada" pos="adv" morph="--" extra="quant det"/>
			<t id="s3_5" word="o_que" lemma="o_que" pos="spec" morph="M S" extra="clb rel"/>
			<t id="s3_6" word="não" lemma="não" pos="adv" morph="--" extra="--"/>
			<t id="s3_7" word="gostei" lemma="gostar" pos="v-fin" morph="PS 1S IND VFIN" extra="vH mv"/>
			<t id="s3_8" word="tudo" lemma="tudo" pos="spec" morph="M S" extra="quant"/>
			<t id="s3_9" word="." lemma="--" pos="pu" morph="--" extra="--"/>
		</terminals>

		<nonterminals>
			<nt id="s3_500" cat="s">
				<edge label="X" idref="s3_501"/>
			</nt>
			<nt id="s3_501" cat="adjp">
				<edge label="H" idref="s3_1"/>
				<edge label="DN" idref="s3_502"/>
				<edge label="S" idref="s3_2"/>
				<edge label="P" idref="s3_3"/>
				<edge label="fA" idref="s3_4"/>
				<edge label="STA" idref="s3_503"/>
				<edge label="PU" idref="s3_9"/>
			</nt>
			<nt id="s3_502" cat="fcl">
			</nt>
			<nt id="s3_503" cat="fcl">
				<edge label="X" idref="s3_5"/>
				<edge label="fA" idref="s3_6"/>
				<edge label="P" idref="s3_7"/>
				<edge label="fA" idref="s3_8"/>
			</nt>
		</nonterminals>
	</graph>
</s>

	</body>
</corpus>
