<?xml version="1.0" encoding="UTF-8"?>
<corpus>

	<body>
<s id="s1" ref="1" source="Running text" forest="1" text="comprei o aparelho pensando que era em português e não fui informado que não tinha em língua portuguesa, nem no anúncio e nem na descrição da loja, como na loja não tinha outro aparelho que me interessava, fiquei com este mesmo.">
	<graph root="s1_500">
		<terminals>
			<t id="s1_1" word="comprei" lemma="comprar" pos="v-fin" morph="PS 1S IND VFIN" extra="nosubj nosubj nosubj nosubj cjt-head cjt-head-STA vH fmc mv"/>
			<t id="s1_2" word="o" lemma="o" pos="art" morph="M S" extra="--"/>
			<t id="s1_3" word="aparelho" lemma="aparelho" pos="n" morph="M S" sem="tool" extra="--"/>
			<t id="s1_4" word="pensando" lemma="pensar" pos="v-ger" morph="--" extra="vH mv"/>
			<t id="s1_5" word="que" lemma="que" pos="conj-s" morph="--" extra="clb clb-fs"/>
			<t id="s1_6" word="era" lemma="ser" pos="v-fin" morph="IMPF 1/3S IND VFIN" extra="vK mv"/>
			<t id="s1_7" word="em_português" lemma="em_português" pos="adv" morph="--" sem="pp" extra="--"/>
			<t id="s1_8" word="e" lemma="e" pos="conj-c" morph="--" extra="topkc"/>
			<t id="s1_9" word="não" lemma="não" pos="adv" morph="--" extra="--"/>
			<t id="s1_10" word="fui" lemma="ser" pos="v-fin" morph="PS 1S IND VFIN" extra="nosubj nosubj cjt-STA fmc aux"/>
			<t id="s1_11" word="informado" lemma="informar" pos="v-pcp" morph="M S" extra="vH mv"/>
			<t id="s1_12" word="que" lemma="que" pos="conj-s" morph="--" extra="clb clb-fs"/>
			<t id="s1_13" word="não" lemma="não" pos="adv" morph="--" extra="--"/>
			<t id="s1_14" word="tinha" lemma="ter" pos="v-fin" morph="IMPF 1/3S IND VFIN" extra="mv"/>
			<t id="s1_15" word="em" lemma="em" pos="prp" morph="--" extra="--"/>
			<t id="s1_16" word="língua" lemma="língua" pos="n" morph="F S" sem="anmov ling" extra="--"/>
			<t id="s1_17" word="portuguesa" lemma="português" pos="adj" morph="F S" extra="nat np-close"/>
			<t id="s1_18" word="," lemma="--" pos="pu" morph="--" extra="--"/>
			<t id="s1_19" word="nem" lemma="nem" pos="conj-c" morph="--" extra="parkc-1"/>
			<t id="s1_20" word="em" lemma="em" pos="prp" morph="--" extra="sam-"/>
			<t id="s1_21" word="o" lemma="o" pos="art" morph="M S" extra="-sam "/>
			<t id="s1_22" word="anúncio" lemma="anúncio" pos="n" morph="M S" sem="act-s" extra="--"/>
			<t id="s1_23" word="e" lemma="e" pos="conj-c" morph="--" extra="--"/>
			<t id="s1_24" word="nem" lemma="nem" pos="conj-c" morph="--" extra="parkc-2"/>
			<t id="s1_25" word="em" lemma="em" pos="prp" morph="--" extra="sam-"/>
			<t id="s1_26" word="a" lemma="o" pos="art" morph="F S" extra="-sam "/>
			<t id="s1_27" word="descrição" lemma="descrição" pos="n" morph="F S" sem="act sem-r" extra="--"/>
			<t id="s1_28" word="de" lemma="de" pos="prp" morph="--" extra="sam- np-close"/>
			<t id="s1_29" word="a" lemma="o" pos="art" morph="F S" extra="-sam "/>
			<t id="s1_30" word="loja" lemma="loja" pos="n" morph="F S" sem="inst Lh" extra="--"/>
			<t id="s1_31" word="," lemma="--" pos="pu" morph="--" extra="--"/>
			<t id="s1_32" word="como" lemma="como" pos="adv" morph="--" extra="clb clb-fs rel ks"/>
			<t id="s1_33" word="em" lemma="em" pos="prp" morph="--" extra="sam-"/>
			<t id="s1_34" word="a" lemma="o" pos="art" morph="F S" extra="-sam "/>
			<t id="s1_35" word="loja" lemma="loja" pos="n" morph="F S" sem="inst Lh" extra="--"/>
			<t id="s1_36" word="não" lemma="não" pos="adv" morph="--" extra="--"/>
			<t id="s1_37" word="tinha" lemma="ter" pos="v-fin" morph="IMPF 1/3S IND VFIN" extra="mv"/>
			<t id="s1_38" word="outro" lemma="outro" pos="pron-indef" morph="DET M S" extra="diff KOMP"/>
			<t id="s1_39" word="aparelho" lemma="aparelho" pos="n" morph="M S" sem="tool" extra="--"/>
			<t id="s1_40" word="que" lemma="que" pos="spec" morph="M S" extra="clb clb-fs rel"/>
			<t id="s1_41" word="me" lemma="eu" pos="pron-pers" morph="M/F 1S ACC" extra="--"/>
			<t id="s1_42" word="interessava" lemma="interessar" pos="v-fin" morph="IMPF 3S IND VFIN" extra="mv np-close"/>
			<t id="s1_43" word="," lemma="--" pos="pu" morph="--" extra="--"/>
			<t id="s1_44" word="fiquei" lemma="ficar" pos="v-fin" morph="PS 1S IND VFIN" extra="nosubj nosubj cjt-STA vK fmc mv"/>
			<t id="s1_45" word="com" lemma="com" pos="prp" morph="--" extra="--"/>
			<t id="s1_46" word="este" lemma="este" pos="pron-dem" morph="DET M S" extra="dem"/>
			<t id="s1_47" word="mesmo" lemma="mesmo" pos="adv" morph="--" extra="quant"/>
			<t id="s1_48" word="." lemma="--" pos="pu" morph="--" extra="--"/>
		</terminals>

		<nonterminals>
			<nt id="s1_500" cat="s">
				<edge label="STA" idref="s1_501"/>
			</nt>
			<nt id="s1_501" cat="par">
				<edge label="CJT" idref="s1_502"/>
				<edge label="CO" idref="s1_8"/>
				<edge label="CJT" idref="s1_506"/>
				<edge label="PU" idref="s1_43"/>
				<edge label="CJT" idref="s1_522"/>
				<edge label="PU" idref="s1_48"/>
			</nt>
			<nt id="s1_502" cat="fcl">
				<edge label="P" idref="s1_1"/>
				<edge label="Od" idref="s1_503"/>
				<edge label="fA" idref="s1_504"/>
			</nt>
			<nt id="s1_503" cat="np">
				<edge label="DN" idref="s1_2"/>
				<edge label="H" idref="s1_3"/>
			</nt>
			<nt id="s1_504" cat="advp">
				<edge label="P" idref="s1_4"/>
				<edge label="Od" idref="s1_505"/>
			</nt>
			<nt id="s1_505" cat="fcl">
				<edge label="SUB" idref="s1_5"/>
				<edge label="P" idref="s1_6"/>
				<edge label="fA" idref="s1_7"/>
			</nt>
			<nt id="s1_506" cat="x">
				<edge label="fA" idref="s1_9"/>
				<edge label="P" idref="s1_507"/>
				<edge label="Od" idref="s1_508"/>
			</nt>
			<nt id="s1_507" cat="vp">
				<edge label="Vaux" idref="s1_10"/>
				<edge label="Vm" idref="s1_11"/>
			</nt>
			<nt id="s1_508" cat="fcl">
				<edge label="SUB" idref="s1_12"/>
				<edge label="fA" idref="s1_13"/>
				<edge label="P" idref="s1_14"/>
				<edge label="fA" idref="s1_509"/>
				<edge label="PU" idref="s1_18"/>
				<edge label="FOC" idref="s1_19"/>
				<edge label="fA" idref="s1_511"/>
				<edge label="fA" idref="s1_513"/>
				<edge label="PU" idref="s1_31"/>
				<edge label="fA" idref="s1_517"/>
			</nt>
			<nt id="s1_509" cat="pp">
				<edge label="H" idref="s1_15"/>
				<edge label="DP" idref="s1_510"/>
			</nt>
			<nt id="s1_510" cat="np">
				<edge label="H" idref="s1_16"/>
				<edge label="DN" idref="s1_17"/>
			</nt>
			<nt id="s1_511" cat="pp">
				<edge label="H" idref="s1_20"/>
				<edge label="DP" idref="s1_512"/>
			</nt>
			<nt id="s1_512" cat="np">
				<edge label="DN" idref="s1_21"/>
				<edge label="H" idref="s1_22"/>
			</nt>
			<nt id="s1_513" cat="pp">
				<edge label="DP" idref="s1_514"/>
				<edge label="H" idref="s1_25"/>
			</nt>
			<nt id="s1_514" cat="np">
				<edge label="DN" idref="s1_515"/>
				<edge label="DN" idref="s1_26"/>
				<edge label="H" idref="s1_27"/>
				<edge label="-DN" idref="s1_28"/>
			</nt>
			<nt id="s1_515" cat="pp">
				<edge label="CO" idref="s1_23"/>
				<edge label="CO" idref="s1_24"/>
				<edge label="DP" idref="s1_516"/>
			</nt>
			<nt id="s1_516" cat="np">
				<edge label="DN" idref="s1_29"/>
				<edge label="H" idref="s1_30"/>
			</nt>
			<nt id="s1_517" cat="fcl">
				<edge label="fA" idref="s1_32"/>
				<edge label="fA" idref="s1_518"/>
				<edge label="fA" idref="s1_36"/>
				<edge label="P" idref="s1_37"/>
				<edge label="Od" idref="s1_520"/>
			</nt>
			<nt id="s1_518" cat="pp">
				<edge label="H" idref="s1_33"/>
				<edge label="DP" idref="s1_519"/>
			</nt>
			<nt id="s1_519" cat="np">
				<edge label="DN" idref="s1_34"/>
				<edge label="H" idref="s1_35"/>
			</nt>
			<nt id="s1_520" cat="np">
				<edge label="DN" idref="s1_38"/>
				<edge label="H" idref="s1_39"/>
				<edge label="DN" idref="s1_521"/>
			</nt>
			<nt id="s1_521" cat="fcl">
				<edge label="S" idref="s1_40"/>
				<edge label="Od" idref="s1_41"/>
				<edge label="P" idref="s1_42"/>
			</nt>
			<nt id="s1_522" cat="x">
				<edge label="P" idref="s1_44"/>
				<edge label="Cs" idref="s1_523"/>
				<edge label="fA" idref="s1_47"/>
			</nt>
			<nt id="s1_523" cat="pp">
				<edge label="H" idref="s1_45"/>
				<edge label="DP" idref="s1_46"/>
			</nt>
		</nonterminals>
	</graph>
</s>

<s id="s2" ref="2" source="Running text" forest="1" text="o que gostei aparelho muito bom mesmo.">
	<graph root="s2_500">
		<terminals>
			<t id="s2_1" word="o" lemma="o" pos="pron-dem" morph="DET M S" extra="dem"/>
			<t id="s2_2" word="que" lemma="que" pos="spec" morph="M S" extra="clb clb-fs rel"/>
			<t id="s2_3" word="gostei" lemma="gostar" pos="v-fin" morph="PS 1S IND VFIN" extra="vH mv np-close"/>
			<t id="s2_4" word="aparelho" lemma="aparelho" pos="n" morph="M S" sem="tool" extra="--"/>
			<t id="s2_5" word="muito" lemma="muito" pos="adv" morph="--" extra="quant"/>
			<t id="s2_6" word="bom" lemma="bom" pos="adj" morph="M S" extra="np-close"/>
			<t id="s2_7" word="mesmo" lemma="mesmo" pos="adv" morph="--" extra="quant"/>
			<t id="s2_8" word="." lemma="--" pos="pu" morph="--" extra="--"/>
		</terminals>

		<nonterminals>
			<nt id="s2_500" cat="s">
				<edge label="UTT" idref="s2_501"/>
			</nt>
			<nt id="s2_501" cat="x">
				<edge label="X" idref="s2_1"/>
				<edge label="DN" idref="s2_502"/>
				<edge label="S" idref="s2_2"/>
				<edge label="P" idref="s2_3"/>
				<edge label="fCs" idref="s2_503"/>
				<edge label="H" idref="s2_4"/>
				<edge label="DN" idref="s2_504"/>
				<edge label="fA" idref="s2_7"/>
				<edge label="PU" idref="s2_8"/>
			</nt>
			<nt id="s2_502" cat="fcl">
			</nt>
			<nt id="s2_503" cat="np">
			</nt>
			<nt id="s2_504" cat="adjp">
				<edge label="DA" idref="s2_5"/>
				<edge label="H" idref="s2_6"/>
			</nt>
		</nonterminals>
	</graph>
</s>

<s id="s3" ref="3" source="Running text" forest="1" text="o que não gostei não tem opção para configurar em português..">
	<graph root="s3_500">
		<terminals>
			<t id="s3_1" word="o" lemma="o" pos="pron-dem" morph="DET M S" extra="dem"/>
			<t id="s3_2" word="que" lemma="que" pos="spec" morph="M S" extra="clb clb-fs rel"/>
			<t id="s3_3" word="não" lemma="não" pos="adv" morph="--" extra="--"/>
			<t id="s3_4" word="gostei" lemma="gostar" pos="v-fin" morph="PS 1S IND VFIN" extra="vH mv np-close"/>
			<t id="s3_5" word="não" lemma="não" pos="adv" morph="--" extra="--"/>
			<t id="s3_6" word="tem" lemma="ter" pos="v-fin" morph="PR 3S IND VFIN" extra="fmc mv"/>
			<t id="s3_7" word="opção" lemma="opção" pos="n" morph="F S" sem="sem-c" extra="--"/>
			<t id="s3_8" word="para" lemma="para" pos="prp" morph="--" extra="np-close"/>
			<t id="s3_9" word="configurar" lemma="configurar" pos="v-inf" morph="--" extra="vH mv"/>
			<t id="s3_10" word="em_português" lemma="em_português" pos="adv" morph="--" sem="pp" extra="--"/>
			<t id="s3_11" word="." lemma="--" pos="pu" morph="--" extra="--"/>
			<t id="s3_12" word="." lemma="--" pos="pu" morph="--" extra="--"/>
		</terminals>

		<nonterminals>
			<nt id="s3_500" cat="s">
				<edge label="STA" idref="s3_501"/>
			</nt>
			<nt id="s3_501" cat="fcl">
				<edge label="S" idref="s3_1"/>
				<edge label="DN" idref="s3_502"/>
				<edge label="S" idref="s3_2"/>
				<edge label="fA" idref="s3_3"/>
				<edge label="P" idref="s3_4"/>
				<edge label="fA" idref="s3_5"/>
				<edge label="P" idref="s3_6"/>
				<edge label="Od" idref="s3_503"/>
				<edge label="PU" idref="s3_11"/>
				<edge label="PU" idref="s3_12"/>
			</nt>
			<nt id="s3_502" cat="fcl">
			</nt>
			<nt id="s3_503" cat="np">
				<edge label="H" idref="s3_7"/>
				<edge label="DN" idref="s3_504"/>
			</nt>
			<nt id="s3_504" cat="pp">
				<edge label="H" idref="s3_8"/>
				<edge label="DP" idref="s3_505"/>
			</nt>
			<nt id="s3_505" cat="icl">
				<edge label="P" idref="s3_9"/>
				<edge label="fA" idref="s3_10"/>
			</nt>
		</nonterminals>
	</graph>
</s>

	</body>
</corpus>
