<?xml version="1.0" encoding="UTF-8"?>
<corpus>

	<body>
<s id="s1" ref="1" source="Running text" forest="1" text="o iphone já é um objeto de desejo de muitas pessoas e após ter comprado meu iphone 3 gs entendi por que, o software conversa de forma completa e totalmente funcional com o hardware que além de ter um design magnifico é também muito efetivo, nunca antes havia sentido a necessidade de um smartphone mas após ter adquirido meu iphone 3 gs não consigo mais me imaginar sem um, verdade que a bateria não tem uma durabilidade muito boa mas isso também se deve ao fato de você acabar usando este aparelho o tempo todo, consulto meus e-mails, mando mensagens e faço ligações com pouquíssimos toques na tela, tenho conversores a mão, dicionários enciclopédias editores de texto, leitores de pdf e descobri que consigo até mesmo scanners documentos com os aplicativos disponíveis para o iphone, sem falar´ claro na infinidade de jogos e outros aplicativos para diversão!">
	<graph root="s1_500">
		<terminals>
			<t id="s1_1" word="o" lemma="o" pos="art" morph="M S" extra="--"/>
			<t id="s1_2" word="iphone" lemma="iphone" pos="n" morph="M S" extra="heur"/>
			<t id="s1_3" word="já" lemma="já" pos="adv" morph="--" extra="--"/>
			<t id="s1_4" word="é" lemma="ser" pos="v-fin" morph="PR 3S IND VFIN" extra="nosubj nosubj nosubj nosubj nosubj nosubj nosubj nosubj nosubj nosubj nosubj nosubj nosubj nosubj nosubj nosubj nosubj nosubj nosubj nosubj cjt-head cjt-head-STA vK fmc mv"/>
			<t id="s1_5" word="um" lemma="um" pos="art" morph="M S" extra="--"/>
			<t id="s1_6" word="objeto" lemma="objeto" pos="n" morph="M S" sem="cc ac-cat" extra="--"/>
			<t id="s1_7" word="de" lemma="de" pos="prp" morph="--" extra="np-close"/>
			<t id="s1_8" word="desejo" lemma="desejo" pos="n" morph="M S" sem="sem-c am percep-f" extra="--"/>
			<t id="s1_9" word="de" lemma="de" pos="prp" morph="--" extra="np-close"/>
			<t id="s1_10" word="muitas" lemma="muito" pos="pron-indef" morph="DET F P" extra="quant"/>
			<t id="s1_11" word="pessoas" lemma="pessoa" pos="n" morph="F P" sem="H" extra="--"/>
			<t id="s1_12" word="e" lemma="e" pos="conj-c" morph="--" extra="--"/>
			<t id="s1_13" word="após" lemma="após" pos="prp" morph="--" extra="np-close"/>
			<t id="s1_14" word="ter" lemma="ter" pos="v-inf" morph="--" extra="cjt-head cjt-head-DP aux"/>
			<t id="s1_15" word="comprado" lemma="comprar" pos="v-pcp" morph="--" extra="vH mv"/>
			<t id="s1_16" word="meu" lemma="meu" pos="pron-poss" morph="DET M S" extra="poss 1S"/>
			<t id="s1_17" word="iphone" lemma="iphone" pos="n" morph="M S" extra="heur"/>
			<t id="s1_18" word="3" lemma="3" pos="num" morph="M P" extra="card"/>
			<t id="s1_19" word="gs" lemma="g" pos="n" morph="M P" sem="ac-sign" extra="--"/>
			<t id="s1_20" word="entendi" lemma="entender" pos="v-fin" morph="PS 1S IND VFIN" extra="nosubj nosubj cjt-STA vH fmc mv"/>
			<t id="s1_21" word="por_que" lemma="por_que" pos="adv" morph="--" extra="clb clb-fs interr"/>
			<t id="s1_22" word="," lemma="--" pos="pu" morph="--" extra="--"/>
			<t id="s1_23" word="o" lemma="o" pos="art" morph="M S" extra="--"/>
			<t id="s1_24" word="software" lemma="software" pos="n" morph="M S" sem="am" extra="--"/>
			<t id="s1_25" word="conversa" lemma="conversar" pos="v-fin" morph="PR 3S IND VFIN" extra="vH mv"/>
			<t id="s1_26" word="de" lemma="de" pos="prp" morph="--" extra="--"/>
			<t id="s1_27" word="forma" lemma="forma" pos="n" morph="F S" sem="percep-f con" extra="--"/>
			<t id="s1_28" word="completa" lemma="completo" pos="adj" morph="F S" extra="nh mente"/>
			<t id="s1_29" word="e" lemma="e" pos="conj-c" morph="--" extra="--"/>
			<t id="s1_30" word="totalmente" lemma="totalmente" pos="adv" morph="--" extra="quant"/>
			<t id="s1_31" word="funcional" lemma="funcional" pos="adj" morph="M/F S" extra="nh np-close"/>
			<t id="s1_32" word="com" lemma="com" pos="prp" morph="--" extra="--"/>
			<t id="s1_33" word="o" lemma="o" pos="art" morph="M S" extra="--"/>
			<t id="s1_34" word="hardware" lemma="hardware" pos="n" morph="M S" sem="cm" extra="--"/>
			<t id="s1_35" word="que" lemma="que" pos="spec" morph="M S" extra="clb rel"/>
			<t id="s1_36" word="além_de" lemma="além_de" pos="prp" morph="--" extra="--"/>
			<t id="s1_37" word="ter" lemma="ter" pos="v-inf" morph="--" extra="cjt-DP mv"/>
			<t id="s1_38" word="um" lemma="um" pos="art" morph="M S" extra="--"/>
			<t id="s1_39" word="design" lemma="design" pos="n" morph="M S" sem="percep-f domain" extra="--"/>
			<t id="s1_40" word="magnifico" lemma="magnificar" pos="v-fin" morph="PR 1S IND VFIN" extra="nosubj nosubj cjt-STA mv"/>
			<t id="s1_41" word="é" lemma="ser" pos="v-fin" morph="PR 3S IND VFIN" extra="nosubj nosubj cjt-STA fmc mv"/>
			<t id="s1_42" word="também" lemma="também" pos="adv" morph="--" extra="--"/>
			<t id="s1_43" word="muito" lemma="muito" pos="adv" morph="--" extra="quant"/>
			<t id="s1_44" word="efetivo" lemma="efetivo" pos="adj" morph="M S" extra="jh"/>
			<t id="s1_45" word="," lemma="--" pos="pu" morph="--" extra="--"/>
			<t id="s1_46" word="nunca" lemma="nunca" pos="adv" morph="--" extra="--"/>
			<t id="s1_47" word="antes" lemma="antes" pos="adv" morph="--" extra="--"/>
			<t id="s1_48" word="havia" lemma="haver" pos="v-fin" morph="IMPF 1/3S IND VFIN" extra="nosubj nosubj cjt-STA fmc aux"/>
			<t id="s1_49" word="sentido" lemma="sentir" pos="v-pcp" morph="M S" extra="vH mv"/>
			<t id="s1_50" word="a" lemma="o" pos="art" morph="F S" extra="--"/>
			<t id="s1_51" word="necessidade" lemma="necessidade" pos="n" morph="F S" sem="am sit" extra="--"/>
			<t id="s1_52" word="de" lemma="de" pos="prp" morph="--" extra="np-close"/>
			<t id="s1_53" word="um" lemma="um" pos="art" morph="M S" extra="--"/>
			<t id="s1_54" word="smartphone" lemma="smartphone" pos="n" morph="M S" extra="heur foreign"/>
			<t id="s1_55" word="mas" lemma="mas" pos="conj-c" morph="--" extra="--"/>
			<t id="s1_56" word="após" lemma="após" pos="prp" morph="--" extra="np-close"/>
			<t id="s1_57" word="ter" lemma="ter" pos="v-inf" morph="--" extra="aux"/>
			<t id="s1_58" word="adquirido" lemma="adquirir" pos="v-pcp" morph="--" extra="vH mv"/>
			<t id="s1_59" word="meu" lemma="meu" pos="pron-poss" morph="DET M S" extra="poss 1S"/>
			<t id="s1_60" word="iphone" lemma="iphone" pos="n" morph="M S" extra="heur"/>
			<t id="s1_61" word="3" lemma="3" pos="num" morph="M P" extra="card"/>
			<t id="s1_62" word="gs" lemma="g" pos="n" morph="M P" sem="ac-sign" extra="--"/>
			<t id="s1_63" word="não" lemma="não" pos="adv" morph="--" extra="--"/>
			<t id="s1_64" word="consigo" lemma="conseguir" pos="v-fin" morph="PR 1S IND VFIN" extra="nosubj nosubj cjt-STA vH fmc mv"/>
			<t id="s1_65" word="mais" lemma="mais" pos="adv" morph="--" extra="--"/>
			<t id="s1_66" word="me" lemma="eu" pos="pron-pers" morph="M/F 1S DAT" extra="refl"/>
			<t id="s1_67" word="imaginar" lemma="imaginar" pos="v-inf" morph="--" extra="vH mv"/>
			<t id="s1_68" word="sem" lemma="sem" pos="prp" morph="--" extra="--"/>
			<t id="s1_69" word="um" lemma="um" pos="num" morph="M S" extra="card"/>
			<t id="s1_70" word="," lemma="--" pos="pu" morph="--" extra="--"/>
			<t id="s1_71" word="verdade" lemma="verdade" pos="intj" morph="--" extra="--"/>
			<t id="s1_72" word="que" lemma="que" pos="conj-s" morph="--" extra="clb"/>
			<t id="s1_73" word="a" lemma="o" pos="art" morph="F S" extra="--"/>
			<t id="s1_74" word="bateria" lemma="bateria" pos="n" morph="F S" sem="tool" extra="--"/>
			<t id="s1_75" word="não" lemma="não" pos="adv" morph="--" extra="--"/>
			<t id="s1_76" word="tem" lemma="ter" pos="v-fin" morph="PR 3S IND VFIN" extra="cjt-STA fmc mv"/>
			<t id="s1_77" word="uma" lemma="um" pos="art" morph="F S" extra="--"/>
			<t id="s1_78" word="durabilidade" lemma="durabilidade" pos="n" morph="F S" sem="am" extra="cjt-head cjt-head-Od"/>
			<t id="s1_79" word="muito" lemma="muito" pos="adv" morph="--" extra="quant"/>
			<t id="s1_80" word="boa" lemma="bom" pos="adj" morph="F S" extra="np-close"/>
			<t id="s1_81" word="mas" lemma="mas" pos="conj-c" morph="--" extra="--"/>
			<t id="s1_82" word="isso" lemma="isso" pos="spec" morph="M S" extra="cjt-Od dem"/>
			<t id="s1_83" word="também" lemma="também" pos="adv" morph="--" extra="--"/>
			<t id="s1_84" word="se" lemma="se" pos="conj-s" morph="--" extra="clb clb-fs"/>
			<t id="s1_85" word="deve" lemma="dever" pos="v-fin" morph="PR 3S IND VFIN" extra="mv"/>
			<t id="s1_86" word="a" lemma="a" pos="prp" morph="--" extra="sam-"/>
			<t id="s1_87" word="o" lemma="o" pos="art" morph="M S" extra="-sam "/>
			<t id="s1_88" word="fato" lemma="fato" pos="n" morph="M S" sem="ac cloH AAdom" extra="--"/>
			<t id="s1_89" word="de" lemma="de" pos="prp" morph="--" extra="np-close"/>
			<t id="s1_90" word="você" lemma="você" pos="pron-pers" morph="M/F 3S NOM" extra="clb"/>
			<t id="s1_91" word="acabar" lemma="acabar" pos="v-inf" morph="3S" extra="aux"/>
			<t id="s1_92" word="usando" lemma="usar" pos="v-ger" morph="--" extra="clb vH mv"/>
			<t id="s1_93" word="este" lemma="este" pos="pron-dem" morph="DET M S" extra="dem"/>
			<t id="s1_94" word="aparelho" lemma="aparelho" pos="n" morph="M S" sem="tool" extra="cjt-head cjt-head-Od"/>
			<t id="s1_95" word="o" lemma="o" pos="art" morph="M S" extra="--"/>
			<t id="s1_96" word="tempo" lemma="tempo" pos="n" morph="M S" sem="am temp per ac-cat wea" extra="cjt-Od"/>
			<t id="s1_97" word="todo" lemma="todo" pos="pron-indef" morph="DET M S" extra="quant np-close"/>
			<t id="s1_98" word="," lemma="--" pos="pu" morph="--" extra="--"/>
			<t id="s1_99" word="consulto" lemma="consultar" pos="v-fin" morph="PR 1S IND VFIN" extra="cjt-STA vH fmc mv"/>
			<t id="s1_100" word="meus" lemma="meu" pos="pron-poss" morph="DET M P" extra="poss 1S"/>
			<t id="s1_101" word="e-mails" lemma="e-mail" pos="n" morph="M P" extra="newlex"/>
			<t id="s1_102" word="," lemma="--" pos="pu" morph="--" extra="--"/>
			<t id="s1_103" word="mando" lemma="mandar" pos="v-fin" morph="PR 1S IND VFIN" extra="nosubj nosubj cjt-STA vH fmc mv"/>
			<t id="s1_104" word="mensagens" lemma="mensagem" pos="n" morph="F P" sem="sem-s" extra="--"/>
			<t id="s1_105" word="e" lemma="e" pos="conj-c" morph="--" extra="--"/>
			<t id="s1_106" word="faço" lemma="fazer" pos="v-fin" morph="PR 1S IND VFIN" extra="nosubj nosubj cjt-STA fmc mv"/>
			<t id="s1_107" word="ligações" lemma="ligação" pos="n" morph="F P" sem="act ac ac-sign Labs" extra="--"/>
			<t id="s1_108" word="com" lemma="com" pos="prp" morph="--" extra="np-close"/>
			<t id="s1_109" word="pouquíssimos" lemma="pouco" pos="adj" morph="M P" extra="SUP jh"/>
			<t id="s1_110" word="toques" lemma="toque" pos="n" morph="M P" sem="act-d percep-l" extra="--"/>
			<t id="s1_111" word="em" lemma="em" pos="prp" morph="--" extra="sam-"/>
			<t id="s1_112" word="a" lemma="o" pos="art" morph="F S" extra="-sam "/>
			<t id="s1_113" word="tela" lemma="tela" pos="n" morph="F S" sem="cc-h pict mat-cloth" extra="--"/>
			<t id="s1_114" word="," lemma="--" pos="pu" morph="--" extra="--"/>
			<t id="s1_115" word="tenho" lemma="ter" pos="v-fin" morph="PR 1S IND VFIN" extra="nosubj nosubj cjt-STA fmc mv"/>
			<t id="s1_116" word="conversores" lemma="conversor" pos="adj" morph="M P" extra="cjt-head cjt-head-Od jh"/>
			<t id="s1_117" word="a" lemma="o" pos="art" morph="F S" extra="--"/>
			<t id="s1_118" word="mão" lemma="mão" pos="n" morph="F S" sem="anmov" extra="cjt-Od"/>
			<t id="s1_119" word="," lemma="--" pos="pu" morph="--" extra="--"/>
			<t id="s1_120" word="dicionários" lemma="dicionário" pos="n" morph="M P" sem="sem-r" extra="np-close"/>
			<t id="s1_121" word="enciclopédias" lemma="enciclopédia" pos="n" morph="F P" sem="sem-r" extra="np-close"/>
			<t id="s1_122" word="editores" lemma="editor" pos="n" morph="M P" sem="Hprof" extra="np-close"/>
			<t id="s1_123" word="de" lemma="de" pos="prp" morph="--" extra="np-close"/>
			<t id="s1_124" word="texto" lemma="texto" pos="n" morph="M S" sem="sem-r" extra="--"/>
			<t id="s1_125" word="," lemma="--" pos="pu" morph="--" extra="--"/>
			<t id="s1_126" word="leitores" lemma="leitor" pos="n" morph="M P" sem="Hprof Htit" extra="np-long"/>
			<t id="s1_127" word="de" lemma="de" pos="prp" morph="--" extra="np-close"/>
			<t id="s1_128" word="pdf" lemma="pdf" pos="n" morph="M S" extra="foreign heur"/>
			<t id="s1_129" word="e" lemma="e" pos="conj-c" morph="--" extra="--"/>
			<t id="s1_130" word="descobri" lemma="descobrir" pos="v-fin" morph="PS 1S IND VFIN" extra="nosubj nosubj cjt-STA vH fmc mv"/>
			<t id="s1_131" word="que" lemma="que" pos="conj-s" morph="--" extra="clb clb-fs"/>
			<t id="s1_132" word="consigo" lemma="conseguir" pos="v-fin" morph="PR 1S IND VFIN" extra="vH mv"/>
			<t id="s1_133" word="até_mesmo" lemma="até_mesmo" pos="adv" morph="--" extra="--"/>
			<t id="s1_134" word="scanners" lemma="scanner" pos="n" morph="M P" sem="tool" extra="cjt-head cjt-head-Od"/>
			<t id="s1_135" word="documentos" lemma="documento" pos="n" morph="M P" sem="sem-r" extra="cjt-Od"/>
			<t id="s1_136" word="com" lemma="com" pos="prp" morph="--" extra="--"/>
			<t id="s1_137" word="os" lemma="o" pos="art" morph="M P" extra="--"/>
			<t id="s1_138" word="aplicativos" lemma="aplicativo" pos="n" morph="M P" sem="sem-c" extra="--"/>
			<t id="s1_139" word="disponíveis" lemma="disponível" pos="adj" morph="M P" extra="nh np-close"/>
			<t id="s1_140" word="para" lemma="para" pos="prp" morph="--" extra="np-long"/>
			<t id="s1_141" word="o" lemma="o" pos="art" morph="M S" extra="--"/>
			<t id="s1_142" word="iphone" lemma="iphone" pos="n" morph="M S" extra="heur"/>
			<t id="s1_143" word="," lemma="--" pos="pu" morph="--" extra="--"/>
			<t id="s1_144" word="sem" lemma="sem" pos="prp" morph="--" extra="--"/>
			<t id="s1_145" word="falar" lemma="falar" pos="v-inf" morph="--" extra="vH mv"/>
			<t id="s1_146" word="´" lemma="--" pos="pu" morph="--" extra="--"/>
			<t id="s1_147" word="claro" lemma="claro" pos="adv" morph="--" extra="--"/>
			<t id="s1_148" word="em" lemma="em" pos="prp" morph="--" extra="sam-"/>
			<t id="s1_149" word="a" lemma="o" pos="art" morph="F S" extra="-sam "/>
			<t id="s1_150" word="infinidade" lemma="infinidade" pos="n" morph="F S" sem="percep-f" extra="--"/>
			<t id="s1_151" word="de" lemma="de" pos="prp" morph="--" extra="np-close"/>
			<t id="s1_152" word="jogos" lemma="jogo" pos="n" morph="M P" sem="activity occ cc-h game" extra="cjt-head cjt-head-DP"/>
			<t id="s1_153" word="e" lemma="e" pos="conj-c" morph="--" extra="--"/>
			<t id="s1_154" word="outros" lemma="outro" pos="pron-indef" morph="DET M P" extra="diff KOMP"/>
			<t id="s1_155" word="aplicativos" lemma="aplicativo" pos="n" morph="M P" sem="sem-c" extra="cjt-DP"/>
			<t id="s1_156" word="para" lemma="para" pos="prp" morph="--" extra="--"/>
			<t id="s1_157" word="diversão" lemma="diversão" pos="n" morph="F S" sem="ac" extra="--"/>
			<t id="s1_158" word="!" lemma="--" pos="pu" morph="--" extra="--"/>
		</terminals>

		<nonterminals>
			<nt id="s1_500" cat="s">
				<edge label="STA" idref="s1_501"/>
			</nt>
			<nt id="s1_501" cat="par">
				<edge label="CJT" idref="s1_502"/>
				<edge label="CJT" idref="s1_514"/>
				<edge label="CJT" idref="s1_524"/>
				<edge label="CJT" idref="s1_528"/>
				<edge label="PU" idref="s1_45"/>
				<edge label="CJT" idref="s1_531"/>
				<edge label="CJT" idref="s1_540"/>
				<edge label="CJT" idref="s1_545"/>
				<edge label="CJT" idref="s1_554"/>
				<edge label="PU" idref="s1_102"/>
				<edge label="CJT" idref="s1_561"/>
				<edge label="CJT" idref="s1_562"/>
				<edge label="PU" idref="s1_114"/>
				<edge label="CJT" idref="s1_568"/>
				<edge label="CJT" idref="s1_577"/>
				<edge label="PU" idref="s1_146"/>
				<edge label="PU" idref="s1_158"/>
			</nt>
			<nt id="s1_502" cat="fcl">
				<edge label="S" idref="s1_503"/>
				<edge label="fA" idref="s1_3"/>
				<edge label="P" idref="s1_4"/>
				<edge label="Cs" idref="s1_504"/>
			</nt>
			<nt id="s1_503" cat="np">
				<edge label="DN" idref="s1_1"/>
				<edge label="H" idref="s1_2"/>
			</nt>
			<nt id="s1_504" cat="np">
				<edge label="DN" idref="s1_5"/>
				<edge label="H" idref="s1_6"/>
				<edge label="DN" idref="s1_505"/>
			</nt>
			<nt id="s1_505" cat="pp">
				<edge label="H" idref="s1_7"/>
				<edge label="DP" idref="s1_506"/>
			</nt>
			<nt id="s1_506" cat="np">
				<edge label="H" idref="s1_8"/>
				<edge label="DN" idref="s1_507"/>
			</nt>
			<nt id="s1_507" cat="pp">
				<edge label="H" idref="s1_9"/>
				<edge label="DP" idref="s1_508"/>
				<edge label="DA" idref="s1_520"/>
			</nt>
			<nt id="s1_508" cat="np">
				<edge label="DN" idref="s1_10"/>
				<edge label="H" idref="s1_11"/>
				<edge label="DN" idref="s1_509"/>
			</nt>
			<nt id="s1_509" cat="pp">
				<edge label="CO" idref="s1_12"/>
				<edge label="H" idref="s1_13"/>
				<edge label="DP" idref="s1_510"/>
			</nt>
			<nt id="s1_510" cat="par">
				<edge label="CJT" idref="s1_511"/>
				<edge label="CJT" idref="s1_526"/>
			</nt>
			<nt id="s1_511" cat="icl">
				<edge label="P" idref="s1_512"/>
				<edge label="Od" idref="s1_513"/>
			</nt>
			<nt id="s1_512" cat="vp">
				<edge label="Vaux" idref="s1_14"/>
				<edge label="Vm" idref="s1_15"/>
			</nt>
			<nt id="s1_513" cat="np">
				<edge label="DN" idref="s1_16"/>
				<edge label="H" idref="s1_17"/>
			</nt>
			<nt id="s1_514" cat="x">
				<edge label="fCs" idref="s1_515"/>
				<edge label="P" idref="s1_20"/>
				<edge label="Od" idref="s1_516"/>
			</nt>
			<nt id="s1_515" cat="np">
				<edge label="DN" idref="s1_18"/>
				<edge label="H" idref="s1_19"/>
			</nt>
			<nt id="s1_516" cat="fcl">
				<edge label="fA" idref="s1_21"/>
				<edge label="PU" idref="s1_22"/>
				<edge label="S" idref="s1_517"/>
				<edge label="P" idref="s1_25"/>
				<edge label="fA" idref="s1_518"/>
				<edge label="fA" idref="s1_522"/>
			</nt>
			<nt id="s1_517" cat="np">
				<edge label="DN" idref="s1_23"/>
				<edge label="H" idref="s1_24"/>
			</nt>
			<nt id="s1_518" cat="pp">
				<edge label="H" idref="s1_26"/>
				<edge label="DP" idref="s1_519"/>
			</nt>
			<nt id="s1_519" cat="np">
				<edge label="H" idref="s1_27"/>
				<edge label="DN" idref="s1_521"/>
			</nt>
			<nt id="s1_520" cat="advp">
				<edge label="DA" idref="s1_28"/>
				<edge label="H" idref="s1_30"/>
			</nt>
			<nt id="s1_521" cat="adjp">
				<edge label="CO" idref="s1_29"/>
				<edge label="H" idref="s1_31"/>
			</nt>
			<nt id="s1_522" cat="pp">
				<edge label="H" idref="s1_32"/>
				<edge label="DP" idref="s1_523"/>
			</nt>
			<nt id="s1_523" cat="np">
				<edge label="DN" idref="s1_33"/>
				<edge label="H" idref="s1_34"/>
			</nt>
			<nt id="s1_524" cat="x">
				<edge label="X" idref="s1_525"/>
				<edge label="P" idref="s1_40"/>
			</nt>
			<nt id="s1_525" cat="x-">
				<edge label="H" idref="s1_35"/>
				<secedge label="*" idref="s1_71"/>
			</nt>
			<nt id="s1_526" cat="icl">
				<edge label="fA" idref="s1_36"/>
				<edge label="P" idref="s1_37"/>
				<edge label="Od" idref="s1_527"/>
				<edge label="CO" idref="s1_129"/>
			</nt>
			<nt id="s1_527" cat="np">
				<edge label="DN" idref="s1_38"/>
				<edge label="H" idref="s1_39"/>
			</nt>
			<nt id="s1_528" cat="x">
				<edge label="P" idref="s1_41"/>
				<edge label="fCs" idref="s1_529"/>
			</nt>
			<nt id="s1_529" cat="adjp">
				<edge label="DA" idref="s1_530"/>
				<edge label="H" idref="s1_44"/>
			</nt>
			<nt id="s1_530" cat="advp">
				<edge label="DA" idref="s1_42"/>
				<edge label="H" idref="s1_43"/>
			</nt>
			<nt id="s1_531" cat="x">
				<edge label="fA" idref="s1_46"/>
				<edge label="fA" idref="s1_47"/>
				<edge label="P" idref="s1_532"/>
				<edge label="Od" idref="s1_533"/>
			</nt>
			<nt id="s1_532" cat="vp">
				<edge label="Vaux" idref="s1_48"/>
				<edge label="Vm" idref="s1_49"/>
			</nt>
			<nt id="s1_533" cat="np">
				<edge label="DN" idref="s1_50"/>
				<edge label="H" idref="s1_51"/>
				<edge label="DN" idref="s1_534"/>
			</nt>
			<nt id="s1_534" cat="pp">
				<edge label="H" idref="s1_52"/>
				<edge label="DP" idref="s1_535"/>
			</nt>
			<nt id="s1_535" cat="np">
				<edge label="DN" idref="s1_53"/>
				<edge label="H" idref="s1_54"/>
				<edge label="DN" idref="s1_536"/>
			</nt>
			<nt id="s1_536" cat="pp">
				<edge label="CO" idref="s1_55"/>
				<edge label="H" idref="s1_56"/>
				<edge label="DP" idref="s1_537"/>
			</nt>
			<nt id="s1_537" cat="icl">
				<edge label="P" idref="s1_538"/>
				<edge label="Od" idref="s1_539"/>
			</nt>
			<nt id="s1_538" cat="vp">
				<edge label="Vaux" idref="s1_57"/>
				<edge label="Vm" idref="s1_58"/>
			</nt>
			<nt id="s1_539" cat="np">
				<edge label="DN" idref="s1_59"/>
				<edge label="H" idref="s1_60"/>
			</nt>
			<nt id="s1_540" cat="x">
				<edge label="fCs" idref="s1_541"/>
				<edge label="fA" idref="s1_63"/>
				<edge label="P" idref="s1_64"/>
				<edge label="fA" idref="s1_65"/>
				<edge label="Od" idref="s1_542"/>
				<edge label="PU" idref="s1_70"/>
				<edge label="X" idref="s1_544"/>
			</nt>
			<nt id="s1_541" cat="np">
				<edge label="DN" idref="s1_61"/>
				<edge label="H" idref="s1_62"/>
			</nt>
			<nt id="s1_542" cat="icl">
				<edge label="Oi" idref="s1_66"/>
				<edge label="P" idref="s1_67"/>
				<edge label="fA" idref="s1_543"/>
			</nt>
			<nt id="s1_543" cat="pp">
				<edge label="H" idref="s1_68"/>
				<edge label="DP" idref="s1_69"/>
			</nt>
			<nt id="s1_544" cat="x">
				<edge label="fA" idref="s1_71"/>
			</nt>
			<nt id="s1_545" cat="fcl">
				<edge label="SUB" idref="s1_72"/>
				<edge label="S" idref="s1_546"/>
				<edge label="fA" idref="s1_75"/>
				<edge label="P" idref="s1_76"/>
				<edge label="Od" idref="s1_547"/>
				<edge label="fA" idref="s1_83"/>
				<edge label="fA" idref="s1_550"/>
			</nt>
			<nt id="s1_546" cat="np">
				<edge label="DN" idref="s1_73"/>
				<edge label="H" idref="s1_74"/>
			</nt>
			<nt id="s1_547" cat="par">
				<edge label="CJT" idref="s1_548"/>
				<edge label="CJT" idref="s1_82"/>
			</nt>
			<nt id="s1_548" cat="np">
				<edge label="DN" idref="s1_77"/>
				<edge label="H" idref="s1_78"/>
				<edge label="DN" idref="s1_549"/>
			</nt>
			<nt id="s1_549" cat="adjp">
				<edge label="DA" idref="s1_79"/>
				<edge label="H" idref="s1_80"/>
				<edge label="CO" idref="s1_81"/>
			</nt>
			<nt id="s1_550" cat="fcl">
				<edge label="SUB" idref="s1_84"/>
				<edge label="P" idref="s1_85"/>
				<edge label="Op" idref="s1_551"/>
			</nt>
			<nt id="s1_551" cat="pp">
				<edge label="H" idref="s1_86"/>
				<edge label="DP" idref="s1_552"/>
			</nt>
			<nt id="s1_552" cat="np">
				<edge label="DN" idref="s1_87"/>
				<edge label="H" idref="s1_88"/>
				<edge label="DN" idref="s1_553"/>
				<edge label="CO" idref="s1_105"/>
			</nt>
			<nt id="s1_553" cat="pp">
				<edge label="H" idref="s1_89"/>
				<edge label="DP" idref="s1_91"/>
			</nt>
			<nt id="s1_554" cat="fcl">
				<edge label="S" idref="s1_90"/>
				<edge label="P" idref="s1_555"/>
				<edge label="Od" idref="s1_556"/>
				<edge label="PU" idref="s1_98"/>
				<edge label="P" idref="s1_559"/>
				<edge label="Od" idref="s1_560"/>
			</nt>
			<nt id="s1_555" cat="vp">
				<edge label="Vm" idref="s1_92"/>
			</nt>
			<nt id="s1_556" cat="par">
				<edge label="CJT" idref="s1_557"/>
				<edge label="CJT" idref="s1_558"/>
			</nt>
			<nt id="s1_557" cat="np">
				<edge label="DN" idref="s1_93"/>
				<edge label="H" idref="s1_94"/>
			</nt>
			<nt id="s1_558" cat="np">
				<edge label="DN" idref="s1_95"/>
				<edge label="H" idref="s1_96"/>
				<edge label="DN" idref="s1_97"/>
			</nt>
			<nt id="s1_559" cat="vp">
				<edge label="Vaux" idref="s1_99"/>
			</nt>
			<nt id="s1_560" cat="np">
				<edge label="DN" idref="s1_100"/>
				<edge label="H" idref="s1_101"/>
			</nt>
			<nt id="s1_561" cat="x">
				<edge label="P" idref="s1_103"/>
				<edge label="Od" idref="s1_104"/>
			</nt>
			<nt id="s1_562" cat="x">
				<edge label="P" idref="s1_106"/>
				<edge label="Od" idref="s1_563"/>
				<edge label="fA" idref="s1_566"/>
			</nt>
			<nt id="s1_563" cat="np">
				<edge label="H" idref="s1_107"/>
				<edge label="DN" idref="s1_564"/>
			</nt>
			<nt id="s1_564" cat="pp">
				<edge label="H" idref="s1_108"/>
				<edge label="DP" idref="s1_565"/>
			</nt>
			<nt id="s1_565" cat="np">
				<edge label="DN" idref="s1_109"/>
				<edge label="H" idref="s1_110"/>
			</nt>
			<nt id="s1_566" cat="pp">
				<edge label="H" idref="s1_111"/>
				<edge label="DP" idref="s1_567"/>
			</nt>
			<nt id="s1_567" cat="np">
				<edge label="DN" idref="s1_112"/>
				<edge label="H" idref="s1_113"/>
			</nt>
			<nt id="s1_568" cat="x">
				<edge label="P" idref="s1_115"/>
				<edge label="Od" idref="s1_569"/>
			</nt>
			<nt id="s1_569" cat="par">
				<edge label="CJT" idref="s1_116"/>
				<edge label="CJT" idref="s1_570"/>
			</nt>
			<nt id="s1_570" cat="np">
				<edge label="DN" idref="s1_117"/>
				<edge label="H" idref="s1_118"/>
				<edge label="PU" idref="s1_119"/>
				<edge label="DNc" idref="s1_571"/>
			</nt>
			<nt id="s1_571" cat="np">
				<edge label="H" idref="s1_120"/>
				<edge label="DNc" idref="s1_572"/>
			</nt>
			<nt id="s1_572" cat="np">
				<edge label="H" idref="s1_121"/>
				<edge label="DNc" idref="s1_573"/>
			</nt>
			<nt id="s1_573" cat="np">
				<edge label="H" idref="s1_122"/>
				<edge label="DN" idref="s1_574"/>
				<edge label="PU" idref="s1_125"/>
				<edge label="DNc" idref="s1_575"/>
			</nt>
			<nt id="s1_574" cat="pp">
				<edge label="H" idref="s1_123"/>
				<edge label="DP" idref="s1_124"/>
			</nt>
			<nt id="s1_575" cat="np">
				<edge label="H" idref="s1_126"/>
				<edge label="DN" idref="s1_576"/>
			</nt>
			<nt id="s1_576" cat="pp">
				<edge label="H" idref="s1_127"/>
				<edge label="DP" idref="s1_128"/>
			</nt>
			<nt id="s1_577" cat="x">
				<edge label="P" idref="s1_130"/>
				<edge label="Od" idref="s1_578"/>
			</nt>
			<nt id="s1_578" cat="fcl">
				<edge label="SUB" idref="s1_131"/>
				<edge label="P" idref="s1_132"/>
				<edge label="fA" idref="s1_133"/>
				<edge label="Od" idref="s1_579"/>
				<edge label="fA" idref="s1_580"/>
				<edge label="PU" idref="s1_143"/>
				<edge label="fA" idref="s1_584"/>
			</nt>
			<nt id="s1_579" cat="par">
				<edge label="CJT" idref="s1_134"/>
				<edge label="CJT" idref="s1_135"/>
			</nt>
			<nt id="s1_580" cat="pp">
				<edge label="H" idref="s1_136"/>
				<edge label="DP" idref="s1_581"/>
			</nt>
			<nt id="s1_581" cat="np">
				<edge label="DN" idref="s1_137"/>
				<edge label="H" idref="s1_138"/>
				<edge label="DN" idref="s1_139"/>
				<edge label="DN" idref="s1_582"/>
			</nt>
			<nt id="s1_582" cat="pp">
				<edge label="H" idref="s1_140"/>
				<edge label="DP" idref="s1_583"/>
			</nt>
			<nt id="s1_583" cat="np">
				<edge label="DN" idref="s1_141"/>
				<edge label="H" idref="s1_142"/>
			</nt>
			<nt id="s1_584" cat="pp">
				<edge label="H" idref="s1_144"/>
				<edge label="DP" idref="s1_585"/>
			</nt>
			<nt id="s1_585" cat="icl">
				<edge label="P" idref="s1_145"/>
				<edge label="fA" idref="s1_147"/>
				<edge label="fA" idref="s1_586"/>
				<edge label="fA" idref="s1_591"/>
			</nt>
			<nt id="s1_586" cat="pp">
				<edge label="H" idref="s1_148"/>
				<edge label="DP" idref="s1_587"/>
			</nt>
			<nt id="s1_587" cat="np">
				<edge label="DN" idref="s1_149"/>
				<edge label="H" idref="s1_150"/>
				<edge label="DN" idref="s1_588"/>
			</nt>
			<nt id="s1_588" cat="pp">
				<edge label="H" idref="s1_151"/>
				<edge label="DP" idref="s1_589"/>
			</nt>
			<nt id="s1_589" cat="par">
				<edge label="CJT" idref="s1_152"/>
				<edge label="CO" idref="s1_153"/>
				<edge label="CJT" idref="s1_590"/>
			</nt>
			<nt id="s1_590" cat="np">
				<edge label="DN" idref="s1_154"/>
				<edge label="H" idref="s1_155"/>
			</nt>
			<nt id="s1_591" cat="pp">
				<edge label="H" idref="s1_156"/>
				<edge label="DP" idref="s1_157"/>
			</nt>
		</nonterminals>
	</graph>
</s>

<s id="s2" ref="2" source="Running text" forest="1" text="recomendo todos os produtos da apple, sem duvida!.">
	<graph root="s2_500">
		<terminals>
			<t id="s2_1" word="recomendo" lemma="recomendar" pos="v-fin" morph="PR 1S IND VFIN" extra="nosubj nosubj cjt-head cjt-head-STA vH fmc mv"/>
			<t id="s2_2" word="todos_os" lemma="todo_o" pos="pron-indef" morph="DET M P" extra="quant"/>
			<t id="s2_3" word="produtos" lemma="produto" pos="n" morph="M P" sem="cc-h mon ac-cat" extra="--"/>
			<t id="s2_4" word="de" lemma="de" pos="prp" morph="--" extra="sam- np-close"/>
			<t id="s2_5" word="a" lemma="o" pos="art" morph="F S" extra="-sam "/>
			<t id="s2_6" word="apple" lemma="apple" pos="n" morph="F S" extra="foreign heur"/>
			<t id="s2_7" word="," lemma="--" pos="pu" morph="--" extra="--"/>
			<t id="s2_8" word="sem" lemma="sem" pos="ec" morph="--" extra="--"/>
			<t id="s2_9" word="duvida" lemma="duvidar" pos="v-fin" morph="IMP 2S VFIN" extra="nosubj nosubj cjt-COM vH fmc mv"/>
			<t id="s2_10" word="!" lemma="--" pos="pu" morph="--" extra="--"/>
			<t id="s2_11" word="." lemma="--" pos="pu" morph="--" extra="--"/>
		</terminals>

		<nonterminals>
			<nt id="s2_500" cat="s">
				<edge label="STA" idref="s2_501"/>
			</nt>
			<nt id="s2_501" cat="par">
				<edge label="CJT" idref="s2_502"/>
				<edge label="PU" idref="s2_7"/>
				<edge label="CJT" idref="s2_506"/>
				<edge label="PU" idref="s2_10"/>
				<edge label="PU" idref="s2_11"/>
			</nt>
			<nt id="s2_502" cat="fcl">
				<edge label="P" idref="s2_1"/>
				<edge label="Od" idref="s2_503"/>
			</nt>
			<nt id="s2_503" cat="np">
				<edge label="DN" idref="s2_2"/>
				<edge label="H" idref="s2_3"/>
				<edge label="DN" idref="s2_504"/>
			</nt>
			<nt id="s2_504" cat="pp">
				<edge label="H" idref="s2_4"/>
				<edge label="DP" idref="s2_505"/>
			</nt>
			<nt id="s2_505" cat="np">
				<edge label="DN" idref="s2_5"/>
				<edge label="H" idref="s2_6"/>
			</nt>
			<nt id="s2_506" cat="fcl">
				<edge label="PREF" idref="s2_8"/>
				<edge label="P" idref="s2_9"/>
			</nt>
		</nonterminals>
	</graph>
</s>

	</body>
</corpus>
