<?xml version="1.0" encoding="UTF-8"?>
<corpus>

	<body>
<s id="s1" ref="1" source="Running text" forest="1" text="é um produto de muita qualidade, uma marca considerável.">
	<graph root="s1_500">
		<terminals>
			<t id="s1_1" word="é" lemma="ser" pos="v-fin" morph="PR 3S IND VFIN" extra="vK fmc mv"/>
			<t id="s1_2" word="um" lemma="um" pos="art" morph="M S" extra="--"/>
			<t id="s1_3" word="produto" lemma="produto" pos="n" morph="M S" sem="cc-h mon ac-cat" extra="--"/>
			<t id="s1_4" word="de" lemma="de" pos="prp" morph="--" extra="np-close"/>
			<t id="s1_5" word="muita" lemma="muito" pos="pron-indef" morph="DET F S" extra="quant"/>
			<t id="s1_6" word="qualidade" lemma="qualidade" pos="n" morph="F S" sem="percep-f f-c" extra="--"/>
			<t id="s1_7" word="," lemma="--" pos="pu" morph="--" extra="--"/>
			<t id="s1_8" word="uma" lemma="um" pos="art" morph="F S" extra="--"/>
			<t id="s1_9" word="marca" lemma="marca" pos="n" morph="F S" sem="ac-sign Labs bar" extra="np-close"/>
			<t id="s1_10" word="considerável" lemma="considerável" pos="adj" morph="F S" extra="nh np-close"/>
			<t id="s1_11" word="." lemma="--" pos="pu" morph="--" extra="--"/>
		</terminals>

		<nonterminals>
			<nt id="s1_500" cat="s">
				<edge label="STA" idref="s1_501"/>
			</nt>
			<nt id="s1_501" cat="fcl">
				<edge label="P" idref="s1_1"/>
				<edge label="Cs" idref="s1_502"/>
				<edge label="PU" idref="s1_11"/>
			</nt>
			<nt id="s1_502" cat="np">
				<edge label="DN" idref="s1_2"/>
				<edge label="H" idref="s1_3"/>
				<edge label="DN" idref="s1_503"/>
			</nt>
			<nt id="s1_503" cat="pp">
				<edge label="H" idref="s1_4"/>
				<edge label="DP" idref="s1_504"/>
			</nt>
			<nt id="s1_504" cat="np">
				<edge label="DN" idref="s1_5"/>
				<edge label="H" idref="s1_6"/>
				<edge label="PU" idref="s1_7"/>
				<edge label="DNc" idref="s1_505"/>
			</nt>
			<nt id="s1_505" cat="np">
				<edge label="DN" idref="s1_8"/>
				<edge label="H" idref="s1_9"/>
				<edge label="DN" idref="s1_10"/>
			</nt>
		</nonterminals>
	</graph>
</s>

<s id="s2" ref="2" source="Running text" forest="1" text="a duração da bateria é ótima, capaz de ficar até number dias com a mesma carga.">
	<graph root="s2_500">
		<terminals>
			<t id="s2_1" word="a" lemma="o" pos="art" morph="F S" extra="--"/>
			<t id="s2_2" word="duração" lemma="duração" pos="n" morph="F S" sem="am" extra="--"/>
			<t id="s2_3" word="de" lemma="de" pos="prp" morph="--" extra="sam- np-close"/>
			<t id="s2_4" word="a" lemma="o" pos="art" morph="F S" extra="-sam "/>
			<t id="s2_5" word="bateria" lemma="bateria" pos="n" morph="F S" sem="tool" extra="--"/>
			<t id="s2_6" word="é" lemma="ser" pos="v-fin" morph="PR 3S IND VFIN" extra="vK fmc mv"/>
			<t id="s2_7" word="ótima" lemma="bom" pos="adj" morph="F S" extra="SUP"/>
			<t id="s2_8" word="," lemma="--" pos="pu" morph="--" extra="--"/>
			<t id="s2_9" word="capaz" lemma="capaz" pos="adj" morph="F S" extra="np-close"/>
			<t id="s2_10" word="de" lemma="de" pos="prp" morph="--" extra="--"/>
			<t id="s2_11" word="ficar" lemma="ficar" pos="v-inf" morph="--" extra="vK mv"/>
			<t id="s2_12" word="até" lemma="até" pos="adv" morph="--" extra="--"/>
			<t id="s2_13" word="number" lemma="number" pos="n" morph="M S" extra="heur"/>
			<t id="s2_14" word="dias" lemma="dia" pos="n" morph="M P" sem="temp dur per unit" extra="--"/>
			<t id="s2_15" word="com" lemma="com" pos="prp" morph="--" extra="np-close"/>
			<t id="s2_16" word="a" lemma="o" pos="art" morph="F S" extra="--"/>
			<t id="s2_17" word="mesma" lemma="mesmo" pos="pron-indef" morph="DET F S" extra="diff KOMP"/>
			<t id="s2_18" word="carga" lemma="carga" pos="n" morph="F S" sem="amount act ac" extra="--"/>
			<t id="s2_19" word="." lemma="--" pos="pu" morph="--" extra="--"/>
		</terminals>

		<nonterminals>
			<nt id="s2_500" cat="s">
				<edge label="STA" idref="s2_501"/>
			</nt>
			<nt id="s2_501" cat="fcl">
				<edge label="S" idref="s2_502"/>
				<edge label="P" idref="s2_6"/>
				<edge label="Cs" idref="s2_7"/>
				<edge label="PU" idref="s2_19"/>
			</nt>
			<nt id="s2_502" cat="np">
				<edge label="DN" idref="s2_1"/>
				<edge label="H" idref="s2_2"/>
				<edge label="DN" idref="s2_503"/>
			</nt>
			<nt id="s2_503" cat="pp">
				<edge label="H" idref="s2_3"/>
				<edge label="DP" idref="s2_504"/>
			</nt>
			<nt id="s2_504" cat="np">
				<edge label="DN" idref="s2_4"/>
				<edge label="H" idref="s2_5"/>
				<edge label="PU" idref="s2_8"/>
				<edge label="DNc" idref="s2_505"/>
			</nt>
			<nt id="s2_505" cat="adjp">
				<edge label="H" idref="s2_9"/>
				<edge label="DA" idref="s2_506"/>
			</nt>
			<nt id="s2_506" cat="pp">
				<edge label="H" idref="s2_10"/>
				<edge label="DP" idref="s2_507"/>
			</nt>
			<nt id="s2_507" cat="icl">
				<edge label="P" idref="s2_11"/>
				<edge label="Cs" idref="s2_508"/>
				<edge label="fCs" idref="s2_509"/>
			</nt>
			<nt id="s2_508" cat="np">
				<edge label="DN" idref="s2_12"/>
				<edge label="H" idref="s2_13"/>
			</nt>
			<nt id="s2_509" cat="np">
				<edge label="H" idref="s2_14"/>
				<edge label="DN" idref="s2_510"/>
			</nt>
			<nt id="s2_510" cat="pp">
				<edge label="H" idref="s2_15"/>
				<edge label="DP" idref="s2_511"/>
			</nt>
			<nt id="s2_511" cat="np">
				<edge label="DN" idref="s2_16"/>
				<edge label="DN" idref="s2_17"/>
				<edge label="H" idref="s2_18"/>
			</nt>
		</nonterminals>
	</graph>
</s>

<s id="s3" ref="3" source="Running text" forest="1" text="adorei esse aparelho recomendo!">
	<graph root="s3_500">
		<terminals>
			<t id="s3_1" word="adorei" lemma="adorar" pos="v-fin" morph="PS 1S IND VFIN" extra="nosubj nosubj cjt-head cjt-head-STA vH fmc mv"/>
			<t id="s3_2" word="esse" lemma="esse" pos="pron-dem" morph="DET M S" extra="dem"/>
			<t id="s3_3" word="aparelho" lemma="aparelho" pos="n" morph="M S" sem="tool" extra="--"/>
			<t id="s3_4" word="recomendo" lemma="recomendar" pos="v-fin" morph="PR 1S IND VFIN" extra="nosubj nosubj cjt-STA vH fmc mv"/>
			<t id="s3_5" word="!" lemma="--" pos="pu" morph="--" extra="--"/>
		</terminals>

		<nonterminals>
			<nt id="s3_500" cat="s">
				<edge label="STA" idref="s3_501"/>
			</nt>
			<nt id="s3_501" cat="par">
				<edge label="CJT" idref="s3_502"/>
				<edge label="CJT" idref="s3_4"/>
				<edge label="PU" idref="s3_5"/>
			</nt>
			<nt id="s3_502" cat="fcl">
				<edge label="P" idref="s3_1"/>
				<edge label="Od" idref="s3_503"/>
			</nt>
			<nt id="s3_503" cat="np">
				<edge label="DN" idref="s3_2"/>
				<edge label="H" idref="s3_3"/>
			</nt>
		</nonterminals>
	</graph>
</s>

<s id="s4" ref="4" source="Running text" forest="1" text="o que gostei ótimo celular, várias funções, prático a de fácil utilização.">
	<graph root="s4_500">
		<terminals>
			<t id="s4_1" word="o" lemma="o" pos="pron-dem" morph="DET M S" extra="dem"/>
			<t id="s4_2" word="que" lemma="que" pos="spec" morph="M S" extra="clb rel"/>
			<t id="s4_3" word="gostei" lemma="gostar" pos="v-fin" morph="PS 1S IND VFIN" extra="vH mv"/>
			<t id="s4_4" word="ótimo" lemma="bom" pos="adj" morph="M S" extra="SUP jh"/>
			<t id="s4_5" word="celular" lemma="celular" pos="adj" morph="M/F S" extra="nh"/>
			<t id="s4_6" word="," lemma="--" pos="pu" morph="--" extra="--"/>
			<t id="s4_7" word="várias" lemma="várias" pos="pron-indef" morph="DET F P" extra="quant"/>
			<t id="s4_8" word="funções" lemma="função" pos="n" morph="F P" sem="ac pos-soc occ" extra="--"/>
			<t id="s4_9" word="," lemma="--" pos="pu" morph="--" extra="--"/>
			<t id="s4_10" word="prático" lemma="prático" pos="n" morph="M S" sem="H" extra="--"/>
			<t id="s4_11" word="a" lemma="o" pos="pron-dem" morph="DET F S" extra="dem"/>
			<t id="s4_12" word="de" lemma="de" pos="prp" morph="--" extra="np-close"/>
			<t id="s4_13" word="fácil" lemma="fácil" pos="adj" morph="F S" extra="jh"/>
			<t id="s4_14" word="utilização" lemma="utilização" pos="n" morph="F S" sem="act" extra="--"/>
			<t id="s4_15" word="." lemma="--" pos="pu" morph="--" extra="--"/>
		</terminals>

		<nonterminals>
			<nt id="s4_500" cat="s">
				<edge label="X" idref="s4_501"/>
			</nt>
			<nt id="s4_501" cat="adjp">
				<edge label="H" idref="s4_1"/>
				<edge label="STA" idref="s4_502"/>
				<edge label="PU" idref="s4_15"/>
			</nt>
			<nt id="s4_502" cat="fcl">
				<edge label="X" idref="s4_2"/>
				<edge label="P" idref="s4_3"/>
				<edge label="fCs" idref="s4_4"/>
				<edge label="fCs" idref="s4_5"/>
				<edge label="PU" idref="s4_6"/>
				<edge label="fCs" idref="s4_503"/>
				<edge label="PU" idref="s4_9"/>
				<edge label="S" idref="s4_504"/>
				<edge label="Co" idref="s4_11"/>
			</nt>
			<nt id="s4_503" cat="np">
				<edge label="DN" idref="s4_7"/>
				<edge label="H" idref="s4_8"/>
			</nt>
			<nt id="s4_504" cat="np">
				<edge label="H" idref="s4_10"/>
				<edge label="DN" idref="s4_505"/>
			</nt>
			<nt id="s4_505" cat="pp">
				<edge label="H" idref="s4_12"/>
				<edge label="DP" idref="s4_506"/>
			</nt>
			<nt id="s4_506" cat="np">
				<edge label="DN" idref="s4_13"/>
				<edge label="H" idref="s4_14"/>
			</nt>
		</nonterminals>
	</graph>
</s>

<s id="s5" ref="5" source="Running text" forest="1" text="tenho e recomendo!">
	<graph root="s5_500">
		<terminals>
			<t id="s5_1" word="tenho" lemma="ter" pos="v-fin" morph="PR 1S IND VFIN" extra="nosubj nosubj cjt-head cjt-head-STA fmc mv"/>
			<t id="s5_2" word="e" lemma="e" pos="conj-c" morph="--" extra="co-fin"/>
			<t id="s5_3" word="recomendo" lemma="recomendar" pos="v-fin" morph="PR 1S IND VFIN" extra="nosubj cjt-STA nosubj cjt-STA vH fmc mv"/>
			<t id="s5_4" word="!" lemma="--" pos="pu" morph="--" extra="--"/>
		</terminals>

		<nonterminals>
			<nt id="s5_500" cat="s">
				<edge label="STA" idref="s5_501"/>
			</nt>
			<nt id="s5_501" cat="par">
				<edge label="CJT" idref="s5_1"/>
				<edge label="CO" idref="s5_2"/>
				<edge label="CJT" idref="s5_3"/>
				<edge label="PU" idref="s5_4"/>
			</nt>
		</nonterminals>
	</graph>
</s>

<s id="s6" ref="6" source="Running text" forest="1" text="o que não gostei nenhum..">
	<graph root="s6_500">
		<terminals>
			<t id="s6_1" word="o" lemma="o" pos="pron-dem" morph="DET M S" extra="dem"/>
			<t id="s6_2" word="que" lemma="que" pos="spec" morph="M S" extra="clb clb-fs rel"/>
			<t id="s6_3" word="não" lemma="não" pos="adv" morph="--" extra="--"/>
			<t id="s6_4" word="gostei" lemma="gostar" pos="v-fin" morph="PS 1S IND VFIN" extra="vH mv np-close"/>
			<t id="s6_5" word="nenhum" lemma="nenhum" pos="pron-indef" morph="DET M S" extra="quant"/>
			<t id="s6_6" word="." lemma="--" pos="pu" morph="--" extra="--"/>
			<t id="s6_7" word="." lemma="--" pos="pu" morph="--" extra="--"/>
		</terminals>

		<nonterminals>
			<nt id="s6_500" cat="s">
				<edge label="UTT" idref="s6_501"/>
			</nt>
			<nt id="s6_501" cat="x">
				<edge label="X" idref="s6_1"/>
				<edge label="DN" idref="s6_502"/>
				<edge label="S" idref="s6_2"/>
				<edge label="fA" idref="s6_3"/>
				<edge label="P" idref="s6_4"/>
				<edge label="Co" idref="s6_5"/>
				<edge label="PU" idref="s6_6"/>
				<edge label="PU" idref="s6_7"/>
			</nt>
			<nt id="s6_502" cat="fcl">
			</nt>
		</nonterminals>
	</graph>
</s>

	</body>
</corpus>
