<?xml version="1.0" encoding="UTF-8"?>
<corpus>

	<body>
<s id="s1" ref="1" source="Running text" forest="1" text="para quem gosta de suas musicas especiais sempre perto, de grande capacidade de armazenamento, deem celular moderno, com muita funcionalidade, e boa conectividade alem de toda qualidade sony ericsson o que gostei para quem gosta de suas musicas especiais sempre perto, de grande capacidade de armazenamento, deem celular moderno, com muita funcionalidade, e boa conectividade alem de toda qualidade sony ericsson o que não gostei não tem.">
	<graph root="s1_500">
		<terminals>
			<t id="s1_1" word="para" lemma="para" pos="prp" morph="--" extra="clb"/>
			<t id="s1_2" word="quem" lemma="quem" pos="spec" morph="M/F S" extra="clb-fs rel"/>
			<t id="s1_3" word="gosta" lemma="gostar" pos="v-fin" morph="PR 3S IND VFIN" extra="vH mv"/>
			<t id="s1_4" word="de" lemma="de" pos="prp" morph="--" extra="--"/>
			<t id="s1_5" word="suas" lemma="seu" pos="pron-poss" morph="DET F P" extra="poss 3S"/>
			<t id="s1_6" word="musicas" lemma="musicar" pos="v-fin" morph="PR 2S IND VFIN" extra="nosubj nosubj cjt-head cjt-head-STA vH fmc mv"/>
			<t id="s1_7" word="especiais" lemma="especial" pos="adj" morph="M/F P" extra="nh"/>
			<t id="s1_8" word="sempre" lemma="sempre" pos="adv" morph="--" extra="--"/>
			<t id="s1_9" word="perto" lemma="perto" pos="adv" morph="--" extra="--"/>
			<t id="s1_10" word="," lemma="--" pos="pu" morph="--" extra="--"/>
			<t id="s1_11" word="de" lemma="de" pos="prp" morph="--" extra="--"/>
			<t id="s1_12" word="grande" lemma="grande" pos="adj" morph="F S" extra="--"/>
			<t id="s1_13" word="capacidade_de_armazenamento" lemma="capacidade_de_armazenamento" pos="n" morph="F S" sem="am" extra="--"/>
			<t id="s1_14" word="," lemma="--" pos="pu" morph="--" extra="--"/>
			<t id="s1_15" word="deem" lemma="deem" pos="n" morph="M S" extra="foreign heur np-close"/>
			<t id="s1_16" word="celular" lemma="celular" pos="adj" morph="M S" extra="nh np-close"/>
			<t id="s1_17" word="moderno" lemma="moderno" pos="adj" morph="M S" extra="np-long"/>
			<t id="s1_18" word="," lemma="--" pos="pu" morph="--" extra="--"/>
			<t id="s1_19" word="com" lemma="com" pos="prp" morph="--" extra="np-close"/>
			<t id="s1_20" word="muita" lemma="muito" pos="pron-indef" morph="DET F S" extra="quant"/>
			<t id="s1_21" word="funcionalidade" lemma="funcionalidade" pos="n" morph="F S" sem="percep-f" extra="cjt-head cjt-head-DP"/>
			<t id="s1_22" word="," lemma="--" pos="pu" morph="--" extra="--"/>
			<t id="s1_23" word="e" lemma="e" pos="conj-c" morph="--" extra="--"/>
			<t id="s1_24" word="boa" lemma="bom" pos="adj" morph="F S" extra="--"/>
			<t id="s1_25" word="conectividade" lemma="conectividade" pos="n" morph="F S" sem="percep-f" extra="cjt-DP"/>
			<t id="s1_26" word="alem" lemma="além" pos="adv" morph="--" extra="--"/>
			<t id="s1_27" word="de" lemma="de" pos="prp" morph="--" extra="--"/>
			<t id="s1_28" word="toda" lemma="todo" pos="pron-indef" morph="DET F S" extra="quant"/>
			<t id="s1_29" word="qualidade" lemma="qualidade" pos="n" morph="F S" sem="percep-f f-c" extra="--"/>
			<t id="s1_30" word="sony" lemma="sony" pos="n" morph="M S" extra="foreign heur"/>
			<t id="s1_31" word="ericsson" lemma="ericsson" pos="n" morph="M S" extra="foreign heur"/>
			<t id="s1_32" word="o" lemma="o" pos="pron-dem" morph="DET M S" extra="dem"/>
			<t id="s1_33" word="que" lemma="que" pos="spec" morph="M S" extra="clb clb-fs rel"/>
			<t id="s1_34" word="gostei" lemma="gostar" pos="v-fin" morph="PS 1S IND VFIN" extra="vH mv np-close"/>
			<t id="s1_35" word="para" lemma="para" pos="prp" morph="--" extra="--"/>
			<t id="s1_36" word="quem" lemma="quem" pos="spec" morph="M/F S" extra="clb clb-fs rel"/>
			<t id="s1_37" word="gosta" lemma="gostar" pos="v-fin" morph="PR 3S IND VFIN" extra="vH mv"/>
			<t id="s1_38" word="de" lemma="de" pos="prp" morph="--" extra="--"/>
			<t id="s1_39" word="suas" lemma="seu" pos="pron-poss" morph="DET F P" extra="poss 3S"/>
			<t id="s1_40" word="musicas" lemma="musicar" pos="v-fin" morph="PR 2S IND VFIN" extra="cjt-STA vH fmc mv"/>
			<t id="s1_41" word="especiais" lemma="especial" pos="adj" morph="M/F P" extra="nh"/>
			<t id="s1_42" word="sempre" lemma="sempre" pos="adv" morph="--" extra="--"/>
			<t id="s1_43" word="perto" lemma="perto" pos="adv" morph="--" extra="--"/>
			<t id="s1_44" word="," lemma="--" pos="pu" morph="--" extra="--"/>
			<t id="s1_45" word="de" lemma="de" pos="prp" morph="--" extra="--"/>
			<t id="s1_46" word="grande" lemma="grande" pos="adj" morph="F S" extra="--"/>
			<t id="s1_47" word="capacidade_de_armazenamento" lemma="capacidade_de_armazenamento" pos="n" morph="F S" sem="am" extra="--"/>
			<t id="s1_48" word="," lemma="--" pos="pu" morph="--" extra="--"/>
			<t id="s1_49" word="deem" lemma="deem" pos="n" morph="M S" extra="foreign heur np-close"/>
			<t id="s1_50" word="celular" lemma="celular" pos="adj" morph="M S" extra="nh np-close"/>
			<t id="s1_51" word="moderno" lemma="moderno" pos="adj" morph="M S" extra="np-long"/>
			<t id="s1_52" word="," lemma="--" pos="pu" morph="--" extra="--"/>
			<t id="s1_53" word="com" lemma="com" pos="prp" morph="--" extra="np-close"/>
			<t id="s1_54" word="muita" lemma="muito" pos="pron-indef" morph="DET F S" extra="quant"/>
			<t id="s1_55" word="funcionalidade" lemma="funcionalidade" pos="n" morph="F S" sem="percep-f" extra="cjt-head cjt-head-DP"/>
			<t id="s1_56" word="," lemma="--" pos="pu" morph="--" extra="--"/>
			<t id="s1_57" word="e" lemma="e" pos="conj-c" morph="--" extra="--"/>
			<t id="s1_58" word="boa" lemma="bom" pos="adj" morph="F S" extra="--"/>
			<t id="s1_59" word="conectividade" lemma="conectividade" pos="n" morph="F S" sem="percep-f" extra="cjt-DP"/>
			<t id="s1_60" word="alem" lemma="além" pos="adv" morph="--" extra="--"/>
			<t id="s1_61" word="de" lemma="de" pos="prp" morph="--" extra="--"/>
			<t id="s1_62" word="toda" lemma="todo" pos="pron-indef" morph="DET F S" extra="quant"/>
			<t id="s1_63" word="qualidade" lemma="qualidade" pos="n" morph="F S" sem="percep-f f-c" extra="--"/>
			<t id="s1_64" word="sony" lemma="sony" pos="n" morph="M S" extra="foreign heur"/>
			<t id="s1_65" word="ericsson" lemma="ericsson" pos="n" morph="M S" extra="foreign heur"/>
			<t id="s1_66" word="o" lemma="o" pos="pron-dem" morph="DET M S" extra="dem"/>
			<t id="s1_67" word="que" lemma="que" pos="spec" morph="M S" extra="clb clb-fs rel"/>
			<t id="s1_68" word="não" lemma="não" pos="adv" morph="--" extra="--"/>
			<t id="s1_69" word="gostei" lemma="gostar" pos="v-fin" morph="PS 1S IND VFIN" extra="vH mv np-close"/>
			<t id="s1_70" word="não" lemma="não" pos="adv" morph="--" extra="--"/>
			<t id="s1_71" word="tem" lemma="ter" pos="v-fin" morph="PR 3S IND VFIN" extra="cjt-STA fmc mv"/>
			<t id="s1_72" word="." lemma="--" pos="pu" morph="--" extra="--"/>
		</terminals>

		<nonterminals>
			<nt id="s1_500" cat="s">
				<edge label="DP" idref="s1_501"/>
			</nt>
			<nt id="s1_501" cat="fcl">
				<edge label="fA" idref="s1_1"/>
				<edge label="S" idref="s1_2"/>
				<edge label="P" idref="s1_3"/>
				<edge label="Op" idref="s1_502"/>
				<edge label="STA" idref="s1_503"/>
				<edge label="PU" idref="s1_72"/>
			</nt>
			<nt id="s1_502" cat="pp">
				<edge label="H" idref="s1_4"/>
				<edge label="DP" idref="s1_5"/>
			</nt>
			<nt id="s1_503" cat="par">
				<edge label="CJT" idref="s1_504"/>
				<edge label="CJT" idref="s1_514"/>
				<edge label="CJT" idref="s1_529"/>
			</nt>
			<nt id="s1_504" cat="np">
				<edge label="P" idref="s1_6"/>
				<edge label="fCs" idref="s1_7"/>
				<edge label="fA" idref="s1_8"/>
				<edge label="fA" idref="s1_9"/>
				<edge label="PU" idref="s1_10"/>
				<edge label="fCs" idref="s1_505"/>
				<edge label="PU" idref="s1_18"/>
				<edge label="DNc" idref="s1_508"/>
				<edge label="fA" idref="s1_26"/>
				<edge label="fA" idref="s1_512"/>
				<edge label="Od" idref="s1_30"/>
			</nt>
			<nt id="s1_505" cat="pp">
				<edge label="H" idref="s1_11"/>
				<edge label="DP" idref="s1_506"/>
			</nt>
			<nt id="s1_506" cat="np">
				<edge label="DN" idref="s1_12"/>
				<edge label="H" idref="s1_13"/>
				<edge label="PU" idref="s1_14"/>
				<edge label="DNc" idref="s1_507"/>
			</nt>
			<nt id="s1_507" cat="np">
				<edge label="H" idref="s1_15"/>
				<edge label="DN" idref="s1_16"/>
				<edge label="DN" idref="s1_17"/>
			</nt>
			<nt id="s1_508" cat="pp">
				<edge label="H" idref="s1_19"/>
				<edge label="DP" idref="s1_509"/>
			</nt>
			<nt id="s1_509" cat="par">
				<edge label="CJT" idref="s1_510"/>
				<edge label="PU" idref="s1_22"/>
				<edge label="CO" idref="s1_23"/>
				<edge label="CJT" idref="s1_511"/>
			</nt>
			<nt id="s1_510" cat="np">
				<edge label="DN" idref="s1_20"/>
				<edge label="H" idref="s1_21"/>
			</nt>
			<nt id="s1_511" cat="np">
				<edge label="DN" idref="s1_24"/>
				<edge label="H" idref="s1_25"/>
			</nt>
			<nt id="s1_512" cat="pp">
				<edge label="H" idref="s1_27"/>
				<edge label="DP" idref="s1_513"/>
			</nt>
			<nt id="s1_513" cat="np">
				<edge label="DN" idref="s1_28"/>
				<edge label="H" idref="s1_29"/>
			</nt>
			<nt id="s1_514" cat="np">
				<edge label="S" idref="s1_515"/>
				<edge label="P" idref="s1_40"/>
				<edge label="fCs" idref="s1_41"/>
				<edge label="fA" idref="s1_42"/>
				<edge label="fA" idref="s1_43"/>
				<edge label="PU" idref="s1_44"/>
				<edge label="fCs" idref="s1_520"/>
				<edge label="PU" idref="s1_52"/>
				<edge label="DNc" idref="s1_523"/>
				<edge label="fA" idref="s1_60"/>
				<edge label="fA" idref="s1_527"/>
				<edge label="Od" idref="s1_64"/>
			</nt>
			<nt id="s1_515" cat="np">
				<edge label="H" idref="s1_31"/>
				<edge label="DN" idref="s1_516"/>
			</nt>
			<nt id="s1_516" cat="fcl">
				<edge label="fA" idref="s1_517"/>
				<edge label="S" idref="s1_33"/>
				<edge label="P" idref="s1_34"/>
			</nt>
			<nt id="s1_517" cat="pp">
				<edge label="DP" idref="s1_518"/>
				<edge label="H" idref="s1_35"/>
			</nt>
			<nt id="s1_518" cat="fcl">
				<edge label="S" idref="s1_32"/>
				<edge label="S" idref="s1_36"/>
				<edge label="P" idref="s1_37"/>
				<edge label="Op" idref="s1_519"/>
			</nt>
			<nt id="s1_519" cat="pp">
				<edge label="H" idref="s1_38"/>
				<edge label="DP" idref="s1_39"/>
			</nt>
			<nt id="s1_520" cat="pp">
				<edge label="H" idref="s1_45"/>
				<edge label="DP" idref="s1_521"/>
			</nt>
			<nt id="s1_521" cat="np">
				<edge label="DN" idref="s1_46"/>
				<edge label="H" idref="s1_47"/>
				<edge label="PU" idref="s1_48"/>
				<edge label="DNc" idref="s1_522"/>
			</nt>
			<nt id="s1_522" cat="np">
				<edge label="H" idref="s1_49"/>
				<edge label="DN" idref="s1_50"/>
				<edge label="DN" idref="s1_51"/>
			</nt>
			<nt id="s1_523" cat="pp">
				<edge label="H" idref="s1_53"/>
				<edge label="DP" idref="s1_524"/>
			</nt>
			<nt id="s1_524" cat="par">
				<edge label="CJT" idref="s1_525"/>
				<edge label="PU" idref="s1_56"/>
				<edge label="CO" idref="s1_57"/>
				<edge label="CJT" idref="s1_526"/>
			</nt>
			<nt id="s1_525" cat="np">
				<edge label="DN" idref="s1_54"/>
				<edge label="H" idref="s1_55"/>
			</nt>
			<nt id="s1_526" cat="np">
				<edge label="DN" idref="s1_58"/>
				<edge label="H" idref="s1_59"/>
			</nt>
			<nt id="s1_527" cat="pp">
				<edge label="H" idref="s1_61"/>
				<edge label="DP" idref="s1_528"/>
			</nt>
			<nt id="s1_528" cat="np">
				<edge label="DN" idref="s1_62"/>
				<edge label="H" idref="s1_63"/>
			</nt>
			<nt id="s1_529" cat="fcl">
				<edge label="S" idref="s1_530"/>
				<edge label="S" idref="s1_66"/>
				<edge label="P" idref="s1_71"/>
			</nt>
			<nt id="s1_530" cat="np">
				<edge label="H" idref="s1_65"/>
				<edge label="DN" idref="s1_531"/>
			</nt>
			<nt id="s1_531" cat="fcl">
				<edge label="S" idref="s1_67"/>
				<edge label="fA" idref="s1_68"/>
				<edge label="P" idref="s1_69"/>
				<edge label="fA" idref="s1_70"/>
			</nt>
		</nonterminals>
	</graph>
</s>

	</body>
</corpus>
