<?xml version="1.0" encoding="UTF-8"?>
<corpus>

	<body>
<s id="s1" ref="1" source="Running text" forest="1" text="produto com defeito tira qualquer possibilidade de ter avaliação positiva.">
	<graph root="s1_500">
		<terminals>
			<t id="s1_1" word="produto" lemma="produto" pos="n" morph="M S" sem="cc-h mon ac-cat" extra="--"/>
			<t id="s1_2" word="com" lemma="com" pos="prp" morph="--" extra="np-close"/>
			<t id="s1_3" word="defeito" lemma="defeito" pos="n" morph="M S" sem="ac" extra="--"/>
			<t id="s1_4" word="tira" lemma="tirar" pos="v-fin" morph="PR 3S IND VFIN" extra="vH fmc mv"/>
			<t id="s1_5" word="qualquer" lemma="qualquer" pos="pron-indef" morph="DET F S" extra="quant"/>
			<t id="s1_6" word="possibilidade" lemma="possibilidade" pos="n" morph="F S" sem="ac" extra="--"/>
			<t id="s1_7" word="de" lemma="de" pos="prp" morph="--" extra="--"/>
			<t id="s1_8" word="ter" lemma="ter" pos="v-inf" morph="--" extra="mv"/>
			<t id="s1_9" word="avaliação" lemma="avaliação" pos="n" morph="F S" sem="act" extra="--"/>
			<t id="s1_10" word="positiva" lemma="positivo" pos="adj" morph="F S" extra="nh np-close"/>
			<t id="s1_11" word="." lemma="--" pos="pu" morph="--" extra="--"/>
		</terminals>

		<nonterminals>
			<nt id="s1_500" cat="s">
				<edge label="STA" idref="s1_501"/>
			</nt>
			<nt id="s1_501" cat="fcl">
				<edge label="S" idref="s1_502"/>
				<edge label="P" idref="s1_4"/>
				<edge label="Od" idref="s1_504"/>
				<edge label="Op" idref="s1_505"/>
				<edge label="PU" idref="s1_11"/>
			</nt>
			<nt id="s1_502" cat="np">
				<edge label="H" idref="s1_1"/>
				<edge label="DN" idref="s1_503"/>
			</nt>
			<nt id="s1_503" cat="pp">
				<edge label="H" idref="s1_2"/>
				<edge label="DP" idref="s1_3"/>
			</nt>
			<nt id="s1_504" cat="np">
				<edge label="DN" idref="s1_5"/>
				<edge label="H" idref="s1_6"/>
			</nt>
			<nt id="s1_505" cat="pp">
				<edge label="H" idref="s1_7"/>
				<edge label="DP" idref="s1_506"/>
			</nt>
			<nt id="s1_506" cat="icl">
				<edge label="P" idref="s1_8"/>
				<edge label="Od" idref="s1_507"/>
			</nt>
			<nt id="s1_507" cat="np">
				<edge label="H" idref="s1_9"/>
				<edge label="DN" idref="s1_10"/>
			</nt>
		</nonterminals>
	</graph>
</s>

<s id="s2" ref="2" source="Running text" forest="1" text="o que gostei o produto é pequeno tamanho razoável sendo fácil o manuseio e guarda para mulheres.">
	<graph root="s2_500">
		<terminals>
			<t id="s2_1" word="o" lemma="o" pos="pron-dem" morph="DET M S" extra="dem"/>
			<t id="s2_2" word="que" lemma="que" pos="spec" morph="M S" extra="clb clb-fs rel"/>
			<t id="s2_3" word="gostei" lemma="gostar" pos="v-fin" morph="PS 1S IND VFIN" extra="vH mv np-close"/>
			<t id="s2_4" word="o" lemma="o" pos="art" morph="M S" extra="--"/>
			<t id="s2_5" word="produto" lemma="produto" pos="n" morph="M S" sem="cc-h mon ac-cat" extra="--"/>
			<t id="s2_6" word="é" lemma="ser" pos="v-fin" morph="PR 3S IND VFIN" extra="cjt-head cjt-head-STA vK fmc mv"/>
			<t id="s2_7" word="pequeno" lemma="pequeno" pos="adj" morph="M S" extra="--"/>
			<t id="s2_8" word="tamanho" lemma="tamanho" pos="n" morph="M S" sem="f-q" extra="--"/>
			<t id="s2_9" word="razoável" lemma="razoável" pos="adj" morph="M S" extra="np-close"/>
			<t id="s2_10" word="sendo" lemma="ser" pos="v-ger" morph="--" extra="clb vK mv"/>
			<t id="s2_11" word="fácil" lemma="fácil" pos="adj" morph="M S" extra="jh"/>
			<t id="s2_12" word="o" lemma="o" pos="art" morph="M S" extra="--"/>
			<t id="s2_13" word="manuseio" lemma="manuseio" pos="n" morph="M S" sem="act-d" extra="--"/>
			<t id="s2_14" word="e" lemma="e" pos="conj-c" morph="--" extra="topkc"/>
			<t id="s2_15" word="guarda" lemma="guardar" pos="v-fin" morph="PR 3S IND VFIN" extra="nosubj nosubj cjt-STA vH fmc mv"/>
			<t id="s2_16" word="para" lemma="para" pos="prp" morph="--" extra="--"/>
			<t id="s2_17" word="mulheres" lemma="mulher" pos="n" morph="F P" sem="Hbio Hfam Hattr" extra="--"/>
			<t id="s2_18" word="." lemma="--" pos="pu" morph="--" extra="--"/>
		</terminals>

		<nonterminals>
			<nt id="s2_500" cat="s">
				<edge label="UTT" idref="s2_501"/>
			</nt>
			<nt id="s2_501" cat="x">
				<edge label="DN" idref="s2_504"/>
				<edge label="S" idref="s2_2"/>
				<edge label="P" idref="s2_3"/>
				<edge label="CJT" idref="s2_507"/>
				<edge label="CO" idref="s2_14"/>
				<edge label="PU" idref="s2_18"/>
			</nt>
			<nt id="s2_502" cat="par">
				<edge label="CJT" idref="s2_503"/>
			</nt>
			<nt id="s2_503" cat="fcl">
				<edge label="S" idref="s2_1"/>
			</nt>
			<nt id="s2_504" cat="fcl">
				<edge label="S" idref="s2_505"/>
				<edge label="P" idref="s2_6"/>
				<edge label="Cs" idref="s2_506"/>
			</nt>
			<nt id="s2_505" cat="np">
				<edge label="DN" idref="s2_4"/>
				<edge label="H" idref="s2_5"/>
			</nt>
			<nt id="s2_506" cat="np">
				<edge label="DN" idref="s2_7"/>
				<edge label="H" idref="s2_8"/>
				<edge label="DN" idref="s2_9"/>
			</nt>
			<nt id="s2_507" cat="x">
				<edge label="fA" idref="s2_508"/>
				<edge label="P" idref="s2_15"/>
				<edge label="fA" idref="s2_510"/>
			</nt>
			<nt id="s2_508" cat="fcl">
				<edge label="P" idref="s2_10"/>
				<edge label="Cs" idref="s2_11"/>
				<edge label="S" idref="s2_509"/>
			</nt>
			<nt id="s2_509" cat="np">
				<edge label="DN" idref="s2_12"/>
				<edge label="H" idref="s2_13"/>
			</nt>
			<nt id="s2_510" cat="pp">
				<edge label="H" idref="s2_16"/>
				<edge label="DP" idref="s2_17"/>
			</nt>
		</nonterminals>
	</graph>
</s>

<s id="s3" ref="3" source="Running text" forest="1" text="o que não gostei ainda não consegui manusear todos os ícones do celular.">
	<graph root="s3_500">
		<terminals>
			<t id="s3_1" word="o" lemma="o" pos="pron-dem" morph="DET M S" extra="dem"/>
			<t id="s3_2" word="que" lemma="que" pos="spec" morph="M S" extra="clb clb-fs rel"/>
			<t id="s3_3" word="não" lemma="não" pos="adv" morph="--" extra="--"/>
			<t id="s3_4" word="gostei" lemma="gostar" pos="v-fin" morph="PS 1S IND VFIN" extra="vH mv np-close"/>
			<t id="s3_5" word="ainda" lemma="ainda" pos="adv" morph="--" extra="--"/>
			<t id="s3_6" word="não" lemma="não" pos="adv" morph="--" extra="--"/>
			<t id="s3_7" word="consegui" lemma="conseguir" pos="v-fin" morph="PS 1S IND VFIN" extra="vH fmc mv"/>
			<t id="s3_8" word="manusear" lemma="manusear" pos="v-inf" morph="--" extra="vH mv"/>
			<t id="s3_9" word="todos_os" lemma="todo_o" pos="pron-indef" morph="DET M P" extra="quant"/>
			<t id="s3_10" word="ícones" lemma="ícone" pos="n" morph="M P" sem="pict" extra="--"/>
			<t id="s3_11" word="de" lemma="de" pos="prp" morph="--" extra="sam- np-close"/>
			<t id="s3_12" word="o" lemma="o" pos="art" morph="M S" extra="-sam "/>
			<t id="s3_13" word="celular" lemma="celular" pos="adj" morph="M S" extra="n nh"/>
			<t id="s3_14" word="." lemma="--" pos="pu" morph="--" extra="--"/>
		</terminals>

		<nonterminals>
			<nt id="s3_500" cat="s">
				<edge label="STA" idref="s3_501"/>
			</nt>
			<nt id="s3_501" cat="fcl">
				<edge label="S" idref="s3_1"/>
				<edge label="DN" idref="s3_502"/>
				<edge label="S" idref="s3_2"/>
				<edge label="fA" idref="s3_3"/>
				<edge label="P" idref="s3_4"/>
				<edge label="fA" idref="s3_503"/>
				<edge label="P" idref="s3_7"/>
				<edge label="Od" idref="s3_504"/>
				<edge label="PU" idref="s3_14"/>
			</nt>
			<nt id="s3_502" cat="fcl">
			</nt>
			<nt id="s3_503" cat="advp">
				<edge label="DA" idref="s3_5"/>
				<edge label="H" idref="s3_6"/>
			</nt>
			<nt id="s3_504" cat="icl">
				<edge label="P" idref="s3_8"/>
				<edge label="Od" idref="s3_505"/>
			</nt>
			<nt id="s3_505" cat="np">
				<edge label="DN" idref="s3_9"/>
				<edge label="H" idref="s3_10"/>
				<edge label="DN" idref="s3_506"/>
			</nt>
			<nt id="s3_506" cat="pp">
				<edge label="H" idref="s3_11"/>
				<edge label="DP" idref="s3_507"/>
			</nt>
			<nt id="s3_507" cat="np">
				<edge label="DN" idref="s3_12"/>
				<edge label="H" idref="s3_13"/>
			</nt>
		</nonterminals>
	</graph>
</s>

<s id="s4" ref="4" source="Running text" forest="1" text="ele veio com defeito, não ligo, não mando mensagens, não acesso o menu, agenda.">
	<graph root="s4_500">
		<terminals>
			<t id="s4_1" word="ele" lemma="ele" pos="pron-pers" morph="M 3S NOM" extra="--"/>
			<t id="s4_2" word="veio" lemma="vir" pos="v-fin" morph="PS 3S IND VFIN" extra="nosubj nosubj nosubj nosubj nosubj nosubj cjt-head cjt-head-STA fmc mv"/>
			<t id="s4_3" word="com" lemma="com" pos="prp" morph="--" extra="--"/>
			<t id="s4_4" word="defeito" lemma="defeito" pos="n" morph="M S" sem="ac" extra="--"/>
			<t id="s4_5" word="," lemma="--" pos="pu" morph="--" extra="--"/>
			<t id="s4_6" word="não" lemma="não" pos="adv" morph="--" extra="--"/>
			<t id="s4_7" word="ligo" lemma="ligar" pos="v-fin" morph="PR 1S IND VFIN" extra="nosubj nosubj cjt-STA fmc mv"/>
			<t id="s4_8" word="," lemma="--" pos="pu" morph="--" extra="--"/>
			<t id="s4_9" word="não" lemma="não" pos="adv" morph="--" extra="--"/>
			<t id="s4_10" word="mando" lemma="mandar" pos="v-fin" morph="PR 1S IND VFIN" extra="nosubj nosubj cjt-STA vH fmc mv"/>
			<t id="s4_11" word="mensagens" lemma="mensagem" pos="n" morph="F P" sem="sem-s" extra="--"/>
			<t id="s4_12" word="," lemma="--" pos="pu" morph="--" extra="--"/>
			<t id="s4_13" word="não" lemma="não" pos="adv" morph="--" extra="--"/>
			<t id="s4_14" word="acesso" lemma="acessar" pos="v-fin" morph="PR 1S IND VFIN" extra="nosubj nosubj cjt-STA fmc mv"/>
			<t id="s4_15" word="o" lemma="o" pos="art" morph="M S" extra="--"/>
			<t id="s4_16" word="menu" lemma="menu" pos="n" morph="M S" extra="newlex"/>
			<t id="s4_17" word="," lemma="--" pos="pu" morph="--" extra="--"/>
			<t id="s4_18" word="agenda" lemma="agendar" pos="v-fin" morph="PR 3S IND VFIN" extra="nosubj nosubj cjt-STA vH fmc mv"/>
			<t id="s4_19" word="." lemma="--" pos="pu" morph="--" extra="--"/>
		</terminals>

		<nonterminals>
			<nt id="s4_500" cat="s">
				<edge label="STA" idref="s4_501"/>
			</nt>
			<nt id="s4_501" cat="par">
				<edge label="CJT" idref="s4_502"/>
				<edge label="PU" idref="s4_5"/>
				<edge label="CJT" idref="s4_504"/>
				<edge label="PU" idref="s4_8"/>
				<edge label="CJT" idref="s4_505"/>
				<edge label="PU" idref="s4_12"/>
				<edge label="CJT" idref="s4_506"/>
				<edge label="PU" idref="s4_17"/>
				<edge label="CJT" idref="s4_18"/>
				<edge label="PU" idref="s4_19"/>
			</nt>
			<nt id="s4_502" cat="fcl">
				<edge label="S" idref="s4_1"/>
				<edge label="P" idref="s4_2"/>
				<edge label="fA" idref="s4_503"/>
			</nt>
			<nt id="s4_503" cat="pp">
				<edge label="H" idref="s4_3"/>
				<edge label="DP" idref="s4_4"/>
			</nt>
			<nt id="s4_504" cat="x">
				<edge label="fA" idref="s4_6"/>
				<edge label="P" idref="s4_7"/>
			</nt>
			<nt id="s4_505" cat="x">
				<edge label="fA" idref="s4_9"/>
				<edge label="P" idref="s4_10"/>
				<edge label="Od" idref="s4_11"/>
			</nt>
			<nt id="s4_506" cat="x">
				<edge label="fA" idref="s4_13"/>
				<edge label="P" idref="s4_14"/>
				<edge label="Od" idref="s4_507"/>
			</nt>
			<nt id="s4_507" cat="np">
				<edge label="DN" idref="s4_15"/>
				<edge label="H" idref="s4_16"/>
			</nt>
		</nonterminals>
	</graph>
</s>

<s id="s5" ref="5" source="Running text" forest="1" text="parece que a sony jogou o para o no mercado sem nenhum teste e ainda por cima não consegui enviar para a assist técnica, pois comprei o celular por necessidade não posso ficar sem..">
	<graph root="s5_500">
		<terminals>
			<t id="s5_1" word="parece" lemma="parecer" pos="v-fin" morph="PR 3S IND VFIN" extra="predco predco predco predco predco predco fmc mv"/>
			<t id="s5_2" word="que" lemma="que" pos="conj-s" morph="--" extra="clb clb-fs"/>
			<t id="s5_3" word="a" lemma="o" pos="art" morph="F S" extra="--"/>
			<t id="s5_4" word="sony" lemma="sony" pos="n" morph="F S" extra="foreign heur"/>
			<t id="s5_5" word="jogou" lemma="jogar" pos="v-fin" morph="PS 3S IND VFIN" extra="vH mv"/>
			<t id="s5_6" word="o" lemma="o" pos="pron-dem" morph="DET M S" extra="dem"/>
			<t id="s5_7" word="para" lemma="para" pos="prp" morph="--" extra="sam- np-close"/>
			<t id="s5_8" word="o" lemma="o" pos="pron-indef" morph="DET M S" extra="-sam"/>
			<t id="s5_9" word="em" lemma="em" pos="prp" morph="--" extra="sam- np-close"/>
			<t id="s5_10" word="o" lemma="o" pos="art" morph="M S" extra="-sam "/>
			<t id="s5_11" word="mercado" lemma="mercado" pos="n" morph="M S" sem="inst" extra="--"/>
			<t id="s5_12" word="sem" lemma="sem" pos="prp" morph="--" extra="--"/>
			<t id="s5_13" word="nenhum" lemma="nenhum" pos="pron-indef" morph="DET M S" extra="quant"/>
			<t id="s5_14" word="teste" lemma="teste" pos="n" morph="M S" sem="act-d occ" extra="--"/>
			<t id="s5_15" word="e" lemma="e" pos="conj-c" morph="--" extra="--"/>
			<t id="s5_16" word="ainda_por_cima" lemma="ainda_por_cima" pos="adv" morph="--" extra="kc"/>
			<t id="s5_17" word="não" lemma="não" pos="adv" morph="--" extra="--"/>
			<t id="s5_18" word="consegui" lemma="conseguir" pos="v-fin" morph="PS 1S IND VFIN" extra="nosubj nosubj cjt-STA vH fmc mv"/>
			<t id="s5_19" word="enviar" lemma="enviar" pos="v-inf" morph="--" extra="vH mv"/>
			<t id="s5_20" word="para" lemma="para" pos="prp" morph="--" extra="--"/>
			<t id="s5_21" word="a" lemma="o" pos="art" morph="F S" extra="--"/>
			<t id="s5_22" word="assist" lemma="assist" pos="n" morph="F S" extra="heur"/>
			<t id="s5_23" word="técnica" lemma="técnico" pos="adj" morph="F S" extra="nh np-close"/>
			<t id="s5_24" word="," lemma="--" pos="pu" morph="--" extra="--"/>
			<t id="s5_25" word="pois" lemma="pois" pos="conj-s" morph="--" extra="clb"/>
			<t id="s5_26" word="comprei" lemma="comprar" pos="v-fin" morph="PS 1S IND VFIN" extra="nosubj nosubj cjt-STA vH fmc mv"/>
			<t id="s5_27" word="o" lemma="o" pos="art" morph="M S" extra="--"/>
			<t id="s5_28" word="celular" lemma="celular" pos="adj" morph="M S" extra="n nh"/>
			<t id="s5_29" word="por" lemma="por" pos="prp" morph="--" extra="--"/>
			<t id="s5_30" word="necessidade" lemma="necessidade" pos="n" morph="F S" sem="am sit" extra="--"/>
			<t id="s5_31" word="não" lemma="não" pos="adv" morph="--" extra="--"/>
			<t id="s5_32" word="posso" lemma="poder" pos="v-fin" morph="PR 1S IND VFIN" extra="nosubj nosubj cjt-STA fmc aux"/>
			<t id="s5_33" word="ficar" lemma="ficar" pos="v-inf" morph="--" extra="mv"/>
			<t id="s5_34" word="sem" lemma="sem" pos="ec" morph="--" extra="--"/>
			<t id="s5_35" word="." lemma="--" pos="pu" morph="--" extra="--"/>
			<t id="s5_36" word="." lemma="--" pos="pu" morph="--" extra="--"/>
		</terminals>

		<nonterminals>
			<nt id="s5_500" cat="s">
				<edge label="STA" idref="s5_501"/>
			</nt>
			<nt id="s5_501" cat="fcl">
				<edge label="X" idref="s5_502"/>
				<edge label="PU" idref="s5_35"/>
				<edge label="PU" idref="s5_36"/>
			</nt>
			<nt id="s5_502" cat="par">
				<edge label="CJT" idref="s5_503"/>
				<edge label="CJT" idref="s5_511"/>
				<edge label="PU" idref="s5_24"/>
				<edge label="CJT" idref="s5_515"/>
				<edge label="CJT" idref="s5_518"/>
			</nt>
			<nt id="s5_503" cat="x">
				<edge label="P" idref="s5_1"/>
				<edge label="S" idref="s5_504"/>
			</nt>
			<nt id="s5_504" cat="fcl">
				<edge label="SUB" idref="s5_2"/>
				<edge label="S" idref="s5_505"/>
				<edge label="P" idref="s5_5"/>
				<edge label="Od" idref="s5_6"/>
				<edge label="fA" idref="s5_509"/>
			</nt>
			<nt id="s5_505" cat="np">
				<edge label="DN" idref="s5_3"/>
				<edge label="H" idref="s5_4"/>
				<edge label="DN" idref="s5_506"/>
				<edge label="DN" idref="s5_507"/>
			</nt>
			<nt id="s5_506" cat="pp">
				<edge label="H" idref="s5_7"/>
				<edge label="DP" idref="s5_8"/>
			</nt>
			<nt id="s5_507" cat="pp">
				<edge label="H" idref="s5_9"/>
				<edge label="DP" idref="s5_508"/>
			</nt>
			<nt id="s5_508" cat="np">
				<edge label="DN" idref="s5_10"/>
				<edge label="H" idref="s5_11"/>
			</nt>
			<nt id="s5_509" cat="pp">
				<edge label="H" idref="s5_12"/>
				<edge label="DP" idref="s5_510"/>
			</nt>
			<nt id="s5_510" cat="np">
				<edge label="DN" idref="s5_13"/>
				<edge label="H" idref="s5_14"/>
				<edge label="CO" idref="s5_15"/>
			</nt>
			<nt id="s5_511" cat="x">
				<edge label="fA" idref="s5_16"/>
				<edge label="fA" idref="s5_17"/>
				<edge label="P" idref="s5_18"/>
				<edge label="Od" idref="s5_512"/>
			</nt>
			<nt id="s5_512" cat="icl">
				<edge label="P" idref="s5_19"/>
				<edge label="fA" idref="s5_513"/>
			</nt>
			<nt id="s5_513" cat="pp">
				<edge label="H" idref="s5_20"/>
				<edge label="DP" idref="s5_514"/>
			</nt>
			<nt id="s5_514" cat="np">
				<edge label="DN" idref="s5_21"/>
				<edge label="H" idref="s5_22"/>
				<edge label="DN" idref="s5_23"/>
			</nt>
			<nt id="s5_515" cat="x">
				<edge label="fA" idref="s5_25"/>
				<edge label="P" idref="s5_26"/>
				<edge label="Od" idref="s5_516"/>
				<edge label="fA" idref="s5_517"/>
			</nt>
			<nt id="s5_516" cat="np">
				<edge label="DN" idref="s5_27"/>
				<edge label="H" idref="s5_28"/>
			</nt>
			<nt id="s5_517" cat="pp">
				<edge label="H" idref="s5_29"/>
				<edge label="DP" idref="s5_30"/>
			</nt>
			<nt id="s5_518" cat="x">
				<edge label="fA" idref="s5_31"/>
				<edge label="P" idref="s5_519"/>
				<edge label="PREF" idref="s5_34"/>
			</nt>
			<nt id="s5_519" cat="vp">
				<edge label="Vaux" idref="s5_32"/>
				<edge label="Vm" idref="s5_33"/>
			</nt>
		</nonterminals>
	</graph>
</s>

	</body>
</corpus>
