<?xml version="1.0" encoding="UTF-8"?>
<corpus>

	<body>
<s id="s1" ref="1" source="Running text" forest="1" text="o iphone number e um celular bom em alguns aspectos e mal em outros exemplo a sua bateria tem uma duração baixa se você fica jogando ou mexendo sempre mas ele e um celular fácil de mexer sem contar com seu belo design mas também um ponto fraco de ele e que quando colocamos o dedo em a'antena �o sinal cai drasticamente mas como ele e um celular nem não grande mas também nem estão pequeno ele abrange toda a volta do dedão quando nos asseguramos.">
	<graph root="s1_500">
		<terminals>
			<t id="s1_1" word="o" lemma="o" pos="art" morph="M S" extra="--"/>
			<t id="s1_2" word="iphone" lemma="iphone" pos="n" morph="M S" extra="cjt-head cjt-head-S heur"/>
			<t id="s1_3" word="number" lemma="number" pos="n" morph="M S" extra="cjt-S heur"/>
			<t id="s1_4" word="e" lemma="e" pos="conj-c" morph="--" extra="topkc"/>
			<t id="s1_5" word="um" lemma="um" pos="art" morph="M S" extra="--"/>
			<t id="s1_6" word="celular" lemma="celular" pos="adj" morph="M S" extra="n nh"/>
			<t id="s1_7" word="bom" lemma="bom" pos="adj" morph="M S" extra="jh"/>
			<t id="s1_8" word="em" lemma="em" pos="prp" morph="--" extra="--"/>
			<t id="s1_9" word="alguns" lemma="algum" pos="pron-indef" morph="DET M P" extra="quant"/>
			<t id="s1_10" word="aspectos" lemma="aspecto" pos="n" morph="M P" sem="ac-cat" extra="--"/>
			<t id="s1_11" word="e" lemma="e" pos="conj-c" morph="--" extra="--"/>
			<t id="s1_12" word="mal" lemma="mal" pos="adv" morph="--" extra="--"/>
			<t id="s1_13" word="em" lemma="em" pos="prp" morph="--" extra="--"/>
			<t id="s1_14" word="outros" lemma="outro" pos="pron-indef" morph="DET M P" extra="diff KOMP"/>
			<t id="s1_15" word="exemplo" lemma="exemplo" pos="n" morph="M P" sem="ac" extra="--"/>
			<t id="s1_16" word="a" lemma="o" pos="art" morph="F S" extra="--"/>
			<t id="s1_17" word="sua" lemma="seu" pos="pron-poss" morph="DET F S" extra="poss 3S"/>
			<t id="s1_18" word="bateria" lemma="bateria" pos="n" morph="F S" sem="tool" extra="--"/>
			<t id="s1_19" word="tem" lemma="ter" pos="v-fin" morph="PR 3S IND VFIN" extra="predco predco fmc mv"/>
			<t id="s1_20" word="uma" lemma="um" pos="art" morph="F S" extra="--"/>
			<t id="s1_21" word="duração" lemma="duração" pos="n" morph="F S" sem="am" extra="--"/>
			<t id="s1_22" word="baixa" lemma="baixo" pos="adj" morph="F S" extra="np-close"/>
			<t id="s1_23" word="se" lemma="se" pos="conj-s" morph="--" extra="clb clb-fs"/>
			<t id="s1_24" word="você" lemma="você" pos="pron-pers" morph="M/F 3S NOM" extra="--"/>
			<t id="s1_25" word="fica" lemma="ficar" pos="v-fin" morph="PR 3S IND VFIN" extra="aux"/>
			<t id="s1_26" word="jogando" lemma="jogar" pos="v-ger" morph="--" extra="vH mv"/>
			<t id="s1_27" word="ou" lemma="ou" pos="conj-c" morph="--" extra="nofirstcjt nofirstcjt co-pcp1"/>
			<t id="s1_28" word="mexendo" lemma="mexer" pos="v-ger" morph="--" extra="vH mv"/>
			<t id="s1_29" word="sempre" lemma="sempre" pos="adv" morph="--" extra="--"/>
			<t id="s1_30" word="mas" lemma="mas" pos="conj-c" morph="--" extra="--"/>
			<t id="s1_31" word="ele" lemma="ele" pos="pron-pers" morph="M 3S NOM" extra="clb"/>
			<t id="s1_32" word="e" lemma="e" pos="conj-c" morph="--" extra="--"/>
			<t id="s1_33" word="um" lemma="um" pos="art" morph="M S" extra="clb"/>
			<t id="s1_34" word="celular" lemma="celular" pos="adj" morph="M S" extra="n nh"/>
			<t id="s1_35" word="fácil" lemma="fácil" pos="adj" morph="M S" extra="clb jh"/>
			<t id="s1_36" word="de" lemma="de" pos="prp" morph="--" extra="--"/>
			<t id="s1_37" word="mexer" lemma="mexer" pos="v-inf" morph="--" extra="vH mv"/>
			<t id="s1_38" word="sem" lemma="sem" pos="prp" morph="--" extra="--"/>
			<t id="s1_39" word="contar" lemma="contar" pos="v-inf" morph="--" extra="vH mv"/>
			<t id="s1_40" word="com" lemma="com" pos="prp" morph="--" extra="--"/>
			<t id="s1_41" word="seu" lemma="seu" pos="pron-poss" morph="DET M S" extra="si poss 3S"/>
			<t id="s1_42" word="belo" lemma="belo" pos="adj" morph="M S" extra="jh"/>
			<t id="s1_43" word="design" lemma="design" pos="n" morph="M S" sem="percep-f domain" extra="--"/>
			<t id="s1_44" word="mas" lemma="mas" pos="conj-c" morph="--" extra="--"/>
			<t id="s1_45" word="também" lemma="também" pos="adv" morph="--" extra="--"/>
			<t id="s1_46" word="um" lemma="um" pos="art" morph="M S" extra="--"/>
			<t id="s1_47" word="ponto_fraco" lemma="ponto_fraco" pos="n" morph="M S" sem="percep-f" extra="--"/>
			<t id="s1_48" word="de" lemma="de" pos="prp" morph="--" extra="sam- np-close"/>
			<t id="s1_49" word="ele" lemma="ele" pos="pron-pers" morph="M 3S NOM/PIV" extra="-sam"/>
			<t id="s1_50" word="e" lemma="e" pos="conj-c" morph="--" extra="--"/>
			<t id="s1_51" word="que" lemma="que" pos="conj-s" morph="--" extra="clb clb-fs"/>
			<t id="s1_52" word="quando" lemma="quando" pos="adv" morph="--" extra="clb clb-fs rel ks"/>
			<t id="s1_53" word="colocamos" lemma="colocar" pos="v-fin" morph="PR 1P IND VFIN" extra="vH mv"/>
			<t id="s1_54" word="o" lemma="o" pos="art" morph="M S" extra="--"/>
			<t id="s1_55" word="dedo" lemma="dedo" pos="n" morph="M S" sem="anmov" extra="--"/>
			<t id="s1_56" word="em" lemma="em" pos="prp" morph="--" extra="sam-"/>
			<t id="s1_57" word="a" lemma="o" pos="art" morph="F S" extra="-sam "/>
			<t id="s1_58" word="'" lemma="--" pos="pu" morph="--" extra="--"/>
			<t id="s1_59" word="antena" lemma="antena" pos="n" morph="F S" sem="tool anmov part-V" extra="--"/>
			<t id="s1_60" word="&quot;" lemma="--" pos="pu" morph="--" extra="--"/>
			<t id="s1_61" word="o" lemma="o" pos="art" morph="M S" extra="--"/>
			<t id="s1_62" word="sinal" lemma="sinal" pos="n" morph="M S" sem="percep-l percep-w ac ac-sign mon sem-r sick-c" extra="--"/>
			<t id="s1_63" word="cai" lemma="cair" pos="v-fin" morph="PR 3S IND VFIN" extra="mv"/>
			<t id="s1_64" word="drasticamente" lemma="drástico" pos="adv" morph="--" extra="nh"/>
			<t id="s1_65" word="mas" lemma="mas" pos="conj-c" morph="--" extra="--"/>
			<t id="s1_66" word="como" lemma="como" pos="adv" morph="--" extra="clb clb-fs rel ks"/>
			<t id="s1_67" word="ele" lemma="ele" pos="pron-pers" morph="M 3S NOM" extra="--"/>
			<t id="s1_68" word="e" lemma="e" pos="conj-c" morph="--" extra="--"/>
			<t id="s1_69" word="um" lemma="um" pos="art" morph="M S" extra="--"/>
			<t id="s1_70" word="celular" lemma="celular" pos="adj" morph="M S" extra="n nh"/>
			<t id="s1_71" word="nem" lemma="nem" pos="conj-c" morph="--" extra="parkc-1"/>
			<t id="s1_72" word="não" lemma="não" pos="adv" morph="--" extra="--"/>
			<t id="s1_73" word="grande" lemma="grande" pos="adj" morph="M/F S" extra="np-close"/>
			<t id="s1_74" word="mas" lemma="mas" pos="conj-c" morph="--" extra="--"/>
			<t id="s1_75" word="também" lemma="também" pos="adv" morph="--" extra="--"/>
			<t id="s1_76" word="nem" lemma="nem" pos="conj-c" morph="--" extra="parkc-2"/>
			<t id="s1_77" word="estão" lemma="estar" pos="v-fin" morph="PR 3P IND VFIN" extra="vK mv"/>
			<t id="s1_78" word="pequeno" lemma="pequeno" pos="n" morph="M S" sem="H" extra="--"/>
			<t id="s1_79" word="ele" lemma="ele" pos="pron-pers" morph="M 3S NOM" extra="--"/>
			<t id="s1_80" word="abrange" lemma="abranger" pos="v-fin" morph="PR 3S IND VFIN" extra="cjt-STA vH fmc mv"/>
			<t id="s1_81" word="toda_a" lemma="todo_o" pos="pron-indef" morph="DET F S" extra="quant"/>
			<t id="s1_82" word="volta" lemma="volta" pos="n" morph="F S" sem="act-d unit" extra="--"/>
			<t id="s1_83" word="de" lemma="de" pos="prp" morph="--" extra="sam- np-close"/>
			<t id="s1_84" word="o" lemma="o" pos="art" morph="M S" extra="-sam "/>
			<t id="s1_85" word="dedão" lemma="dedão" pos="n" morph="M S" sem="anmov" extra="--"/>
			<t id="s1_86" word="quando" lemma="quando" pos="adv" morph="--" extra="clb clb-fs rel ks"/>
			<t id="s1_87" word="nos" lemma="nós" pos="pron-pers" morph="M/F 1P ACC" extra="refl"/>
			<t id="s1_88" word="asseguramos" lemma="assegurar" pos="v-fin" morph="PR 1P IND VFIN" extra="vH mv v-pron"/>
			<t id="s1_89" word="." lemma="--" pos="pu" morph="--" extra="--"/>
		</terminals>

		<nonterminals>
			<nt id="s1_500" cat="s">
				<edge label="STA" idref="s1_501"/>
			</nt>
			<nt id="s1_501" cat="fcl">
				<edge label="S" idref="s1_502"/>
				<edge label="CO" idref="s1_4"/>
				<edge label="S" idref="s1_506"/>
				<edge label="fA" idref="s1_12"/>
				<edge label="fA" idref="s1_509"/>
				<edge label="S" idref="s1_511"/>
				<edge label="X" idref="s1_512"/>
				<edge label="Od" idref="s1_518"/>
				<edge label="fA" idref="s1_519"/>
				<edge label="S" idref="s1_520"/>
				<edge label="DN" idref="s1_521"/>
				<edge label="CO" idref="s1_30"/>
				<edge label="PU" idref="s1_89"/>
			</nt>
			<nt id="s1_502" cat="par">
				<edge label="CJT" idref="s1_503"/>
				<edge label="CJT" idref="s1_3"/>
			</nt>
			<nt id="s1_503" cat="np">
				<edge label="DN" idref="s1_1"/>
				<edge label="H" idref="s1_2"/>
				<edge label="fA" idref="s1_504"/>
			</nt>
			<nt id="s1_504" cat="fcl">
				<edge label="S" idref="s1_505"/>
				<secedge label="*" idref="s1_23"/>
				<secedge label="*" idref="s1_24"/>
				<secedge label="*" idref="s1_516"/>
				<secedge label="*" idref="s1_517"/>
			</nt>
			<nt id="s1_505" cat="np">
				<edge label="DN" idref="s1_5"/>
				<edge label="H" idref="s1_6"/>
			</nt>
			<nt id="s1_506" cat="adjp">
				<edge label="H" idref="s1_7"/>
				<edge label="DA" idref="s1_507"/>
			</nt>
			<nt id="s1_507" cat="pp">
				<edge label="H" idref="s1_8"/>
				<edge label="DP" idref="s1_508"/>
			</nt>
			<nt id="s1_508" cat="np">
				<edge label="DN" idref="s1_9"/>
				<edge label="H" idref="s1_10"/>
				<edge label="CO" idref="s1_11"/>
			</nt>
			<nt id="s1_509" cat="pp">
				<edge label="H" idref="s1_13"/>
				<edge label="DP" idref="s1_510"/>
			</nt>
			<nt id="s1_510" cat="np">
				<edge label="DN" idref="s1_14"/>
				<edge label="H" idref="s1_15"/>
			</nt>
			<nt id="s1_511" cat="np">
				<edge label="DN" idref="s1_16"/>
				<edge label="DN" idref="s1_17"/>
				<edge label="H" idref="s1_18"/>
			</nt>
			<nt id="s1_512" cat="par">
				<edge label="CJT" idref="s1_513"/>
			</nt>
			<nt id="s1_513" cat="x">
				<edge label="P" idref="s1_19"/>
				<edge label="Od" idref="s1_514"/>
				<edge label="fA" idref="s1_515"/>
			</nt>
			<nt id="s1_514" cat="np">
				<edge label="DN" idref="s1_20"/>
				<edge label="H" idref="s1_21"/>
				<edge label="DN" idref="s1_22"/>
			</nt>
			<nt id="s1_515" cat="fcl">
				<edge label="SUB" idref="s1_23"/>
				<edge label="S" idref="s1_24"/>
				<edge label="P" idref="s1_516"/>
				<edge label="UTT" idref="s1_517"/>
			</nt>
			<nt id="s1_516" cat="vp">
				<edge label="Vaux" idref="s1_25"/>
				<edge label="Vm" idref="s1_26"/>
			</nt>
			<nt id="s1_517" cat="adjp">
				<edge label="CO" idref="s1_27"/>
				<edge label="P" idref="s1_28"/>
				<edge label="fA" idref="s1_29"/>
			</nt>
			<nt id="s1_518" cat="fcl">
			</nt>
			<nt id="s1_519" cat="fcl">
			</nt>
			<nt id="s1_520" cat="np">
			</nt>
			<nt id="s1_521" cat="pp">
				<edge label="CJT" idref="s1_522"/>
				<edge label="CO" idref="s1_32"/>
			</nt>
			<nt id="s1_522" cat="fcl">
				<edge label="fA" idref="s1_523"/>
				<edge label="S" idref="s1_524"/>
				<edge label="S" idref="s1_79"/>
				<edge label="P" idref="s1_80"/>
				<edge label="Od" idref="s1_541"/>
			</nt>
			<nt id="s1_523" cat="fcl">
				<edge label="S" idref="s1_31"/>
				<edge label="fA" idref="s1_86"/>
				<edge label="Od" idref="s1_87"/>
				<edge label="P" idref="s1_88"/>
			</nt>
			<nt id="s1_524" cat="np">
				<edge label="DN" idref="s1_33"/>
				<edge label="H" idref="s1_34"/>
				<edge label="S" idref="s1_525"/>
				<edge label="SUB" idref="s1_51"/>
				<edge label="PU" idref="s1_60"/>
				<edge label="S" idref="s1_536"/>
				<edge label="P" idref="s1_63"/>
				<edge label="fA" idref="s1_64"/>
				<edge label="fA" idref="s1_537"/>
			</nt>
			<nt id="s1_525" cat="adjp">
				<edge label="H" idref="s1_35"/>
				<edge label="DA" idref="s1_526"/>
				<edge label="fA" idref="s1_52"/>
				<edge label="P" idref="s1_53"/>
				<edge label="Od" idref="s1_533"/>
				<edge label="Ao" idref="s1_534"/>
			</nt>
			<nt id="s1_526" cat="pp">
				<edge label="H" idref="s1_36"/>
				<edge label="DP" idref="s1_527"/>
				<edge label="DN" idref="s1_532"/>
				<edge label="DN" idref="s1_45"/>
				<edge label="DN" idref="s1_46"/>
				<edge label="H" idref="s1_47"/>
				<edge label="-DN" idref="s1_48"/>
			</nt>
			<nt id="s1_527" cat="icl">
				<edge label="P" idref="s1_37"/>
				<edge label="fA" idref="s1_528"/>
			</nt>
			<nt id="s1_528" cat="pp">
				<edge label="H" idref="s1_38"/>
				<edge label="DP" idref="s1_529"/>
				<edge label="CO" idref="s1_50"/>
			</nt>
			<nt id="s1_529" cat="icl">
				<edge label="P" idref="s1_39"/>
				<edge label="Op" idref="s1_530"/>
			</nt>
			<nt id="s1_530" cat="pp">
				<edge label="H" idref="s1_40"/>
				<edge label="DP" idref="s1_531"/>
			</nt>
			<nt id="s1_531" cat="np">
				<edge label="DN" idref="s1_41"/>
				<edge label="DN" idref="s1_42"/>
				<edge label="H" idref="s1_43"/>
			</nt>
			<nt id="s1_532" cat="pp">
				<edge label="CO" idref="s1_44"/>
				<edge label="DP" idref="s1_49"/>
			</nt>
			<nt id="s1_533" cat="np">
				<edge label="DN" idref="s1_54"/>
				<edge label="H" idref="s1_55"/>
			</nt>
			<nt id="s1_534" cat="pp">
				<edge label="H" idref="s1_56"/>
				<edge label="DP" idref="s1_535"/>
			</nt>
			<nt id="s1_535" cat="np">
				<edge label="DN" idref="s1_57"/>
				<edge label="PU" idref="s1_58"/>
				<edge label="H" idref="s1_59"/>
			</nt>
			<nt id="s1_536" cat="np">
				<edge label="DN" idref="s1_61"/>
				<edge label="H" idref="s1_62"/>
			</nt>
			<nt id="s1_537" cat="fcl">
				<edge label="S" idref="s1_538"/>
				<edge label="fA" idref="s1_66"/>
				<edge label="Cs" idref="s1_540"/>
				<edge label="S" idref="s1_70"/>
				<edge label="P" idref="s1_77"/>
			</nt>
			<nt id="s1_538" cat="np">
				<edge label="DN" idref="s1_539"/>
				<edge label="H" idref="s1_67"/>
			</nt>
			<nt id="s1_539" cat="adjp">
				<edge label="CO" idref="s1_65"/>
				<edge label="CO" idref="s1_68"/>
				<edge label="FOC" idref="s1_71"/>
				<edge label="DA" idref="s1_72"/>
				<edge label="H" idref="s1_73"/>
				<edge label="CO" idref="s1_74"/>
				<edge label="FOC" idref="s1_75"/>
				<edge label="CO" idref="s1_76"/>
			</nt>
			<nt id="s1_540" cat="np">
				<edge label="DN" idref="s1_69"/>
				<edge label="H" idref="s1_78"/>
			</nt>
			<nt id="s1_541" cat="np">
				<edge label="DN" idref="s1_81"/>
				<edge label="H" idref="s1_82"/>
				<edge label="DN" idref="s1_542"/>
			</nt>
			<nt id="s1_542" cat="pp">
				<edge label="H" idref="s1_83"/>
				<edge label="DP" idref="s1_543"/>
			</nt>
			<nt id="s1_543" cat="np">
				<edge label="DN" idref="s1_84"/>
				<edge label="H" idref="s1_85"/>
			</nt>
		</nonterminals>
	</graph>
</s>

<s id="s2" ref="2" source="Running text" forest="1" text="resumindo ele e um celular bom pra quem quer só ligar e as vezes entrar em redes sociais mas ruim pra aqueles que querem ficar jogando, baixando jogos etc.">
	<graph root="s2_500">
		<terminals>
			<t id="s2_1" word="resumindo" lemma="resumir" pos="v-ger" morph="--" extra="clb vH mv"/>
			<t id="s2_2" word="ele" lemma="ele" pos="pron-pers" morph="M 3S NOM" extra="--"/>
			<t id="s2_3" word="e" lemma="e" pos="conj-c" morph="--" extra="--"/>
			<t id="s2_4" word="um" lemma="um" pos="art" morph="M S" extra="--"/>
			<t id="s2_5" word="celular" lemma="celular" pos="adj" morph="M S" extra="n nh"/>
			<t id="s2_6" word="bom" lemma="bom" pos="adj" morph="M S" extra="np-close"/>
			<t id="s2_7" word="pra" lemma="para" pos="prp" morph="--" extra="--"/>
			<t id="s2_8" word="quem" lemma="quem" pos="spec" morph="M/F S" extra="clb clb-fs rel"/>
			<t id="s2_9" word="quer" lemma="querer" pos="v-fin" morph="PR 3S IND VFIN" extra="vH mv"/>
			<t id="s2_10" word="só" lemma="só" pos="adv" morph="--" extra="--"/>
			<t id="s2_11" word="ligar" lemma="ligar" pos="v-inf" morph="--" extra="mv"/>
			<t id="s2_12" word="e" lemma="e" pos="conj-c" morph="--" extra="topkc"/>
			<t id="s2_13" word="as" lemma="o" pos="art" morph="F P" extra="--"/>
			<t id="s2_14" word="vezes" lemma="vez" pos="n" morph="F P" sem="temp" extra="--"/>
			<t id="s2_15" word="entrar" lemma="entrar" pos="v-inf" morph="3S" extra="vH mv np-close"/>
			<t id="s2_16" word="em" lemma="em" pos="prp" morph="--" extra="--"/>
			<t id="s2_17" word="redes" lemma="rede" pos="n" morph="F P" sem="con HH furn Lh coll-sem" extra="cjt-head cjt-head-DP"/>
			<t id="s2_18" word="sociais" lemma="social" pos="adj" morph="F P" extra="jh np-close"/>
			<t id="s2_19" word="mas" lemma="mas" pos="conj-c" morph="--" extra="--"/>
			<t id="s2_20" word="ruim" lemma="ruim" pos="adj" morph="M/F S" extra="cjt-DP jh"/>
			<t id="s2_21" word="pra" lemma="para" pos="prp" morph="--" extra="--"/>
			<t id="s2_22" word="aqueles" lemma="aquele" pos="pron-dem" morph="DET M P" extra="dem"/>
			<t id="s2_23" word="que" lemma="que" pos="spec" morph="M S" extra="clb clb-fs rel"/>
			<t id="s2_24" word="querem" lemma="querer" pos="v-fin" morph="PR 3P IND VFIN" extra="vH mv np-close"/>
			<t id="s2_25" word="ficar" lemma="ficar" pos="v-inf" morph="--" extra="aux"/>
			<t id="s2_26" word="jogando" lemma="jogar" pos="v-ger" morph="--" extra="vH mv"/>
			<t id="s2_27" word="," lemma="--" pos="pu" morph="--" extra="--"/>
			<t id="s2_28" word="baixando" lemma="baixar" pos="v-ger" morph="--" extra="clb mv"/>
			<t id="s2_29" word="jogos" lemma="jogo" pos="n" morph="M P" sem="activity occ cc-h game" extra="--"/>
			<t id="s2_30" word="etc" lemma="etc" pos="adv" morph="--" extra="--"/>
			<t id="s2_31" word="." lemma="--" pos="pu" morph="--" extra="--"/>
		</terminals>

		<nonterminals>
			<nt id="s2_500" cat="s">
				<edge label="fA" idref="s2_501"/>
			</nt>
			<nt id="s2_501" cat="fcl">
				<edge label="P" idref="s2_1"/>
				<edge label="S" idref="s2_502"/>
				<edge label="Od" idref="s2_504"/>
				<edge label="CJT" idref="s2_515"/>
				<edge label="PU" idref="s2_31"/>
			</nt>
			<nt id="s2_502" cat="np">
				<edge label="H" idref="s2_2"/>
				<edge label="DN" idref="s2_503"/>
			</nt>
			<nt id="s2_503" cat="adjp">
				<edge label="CO" idref="s2_3"/>
				<edge label="H" idref="s2_6"/>
				<edge label="DA" idref="s2_505"/>
			</nt>
			<nt id="s2_504" cat="np">
				<edge label="DN" idref="s2_4"/>
				<edge label="H" idref="s2_5"/>
			</nt>
			<nt id="s2_505" cat="pp">
				<edge label="H" idref="s2_7"/>
				<edge label="DP" idref="s2_506"/>
			</nt>
			<nt id="s2_506" cat="fcl">
				<edge label="S" idref="s2_8"/>
				<edge label="P" idref="s2_9"/>
				<edge label="fA" idref="s2_10"/>
				<edge label="Od" idref="s2_507"/>
			</nt>
			<nt id="s2_507" cat="np">
				<edge label="P" idref="s2_11"/>
				<edge label="DN" idref="s2_508"/>
			</nt>
			<nt id="s2_508" cat="icl">
				<edge label="As" idref="s2_509"/>
				<edge label="Od" idref="s2_513"/>
				<edge label="P" idref="s2_15"/>
			</nt>
			<nt id="s2_509" cat="pp">
				<edge label="DP" idref="s2_510"/>
				<edge label="H" idref="s2_16"/>
				<edge label="DP" idref="s2_514"/>
			</nt>
			<nt id="s2_510" cat="par">
				<edge label="CJT" idref="s2_511"/>
			</nt>
			<nt id="s2_511" cat="np">
				<edge label="DN" idref="s2_512"/>
				<edge label="H" idref="s2_17"/>
				<edge label="DN" idref="s2_18"/>
			</nt>
			<nt id="s2_512" cat="fcl">
				<edge label="CO" idref="s2_12"/>
				<secedge label="*" idref="s2_23"/>
				<secedge label="*" idref="s2_24"/>
				<secedge label="*" idref="s2_519"/>
			</nt>
			<nt id="s2_513" cat="np">
				<edge label="DN" idref="s2_13"/>
				<edge label="H" idref="s2_14"/>
			</nt>
			<nt id="s2_514" cat="par">
				<edge label="CO" idref="s2_19"/>
				<edge label="CJT" idref="s2_516"/>
			</nt>
			<nt id="s2_515" cat="np">
			</nt>
			<nt id="s2_516" cat="adjp">
				<edge label="H" idref="s2_20"/>
				<edge label="DA" idref="s2_517"/>
				<edge label="DN" idref="s2_518"/>
			</nt>
			<nt id="s2_517" cat="pp">
				<edge label="H" idref="s2_21"/>
				<edge label="DP" idref="s2_22"/>
			</nt>
			<nt id="s2_518" cat="fcl">
				<edge label="S" idref="s2_23"/>
				<edge label="P" idref="s2_24"/>
				<edge label="Od" idref="s2_519"/>
			</nt>
			<nt id="s2_519" cat="icl">
				<edge label="P" idref="s2_520"/>
				<edge label="PU" idref="s2_27"/>
				<edge label="fA" idref="s2_521"/>
			</nt>
			<nt id="s2_520" cat="vp">
				<edge label="Vaux" idref="s2_25"/>
				<edge label="Vm" idref="s2_26"/>
			</nt>
			<nt id="s2_521" cat="advp">
				<edge label="P" idref="s2_28"/>
				<edge label="Od" idref="s2_29"/>
				<edge label="fA" idref="s2_30"/>
			</nt>
		</nonterminals>
	</graph>
</s>

<s id="s3" ref="3" source="Running text" forest="1" text="mas ele e um bom celular.">
	<graph root="s3_500">
		<terminals>
			<t id="s3_1" word="mas" lemma="mas" pos="conj-c" morph="--" extra="--"/>
			<t id="s3_2" word="ele" lemma="ele" pos="pron-pers" morph="M 3S NOM/PIV" extra="cjt-head cjt-head-X"/>
			<t id="s3_3" word="e" lemma="e" pos="conj-c" morph="--" extra="--"/>
			<t id="s3_4" word="um" lemma="um" pos="art" morph="M S" extra="--"/>
			<t id="s3_5" word="bom" lemma="bom" pos="adj" morph="M S" extra="cjt-X n jh"/>
			<t id="s3_6" word="celular" lemma="celular" pos="adj" morph="M/F S" extra="nh np-close"/>
			<t id="s3_7" word="." lemma="--" pos="pu" morph="--" extra="--"/>
		</terminals>

		<nonterminals>
			<nt id="s3_500" cat="s">
				<edge label="X" idref="s3_501"/>
			</nt>
			<nt id="s3_501" cat="par">
				<edge label="CJT" idref="s3_502"/>
				<edge label="CJT" idref="s3_504"/>
				<edge label="PU" idref="s3_7"/>
			</nt>
			<nt id="s3_502" cat="np">
				<edge label="DN" idref="s3_503"/>
				<edge label="H" idref="s3_2"/>
			</nt>
			<nt id="s3_503" cat="adjp">
				<edge label="CO" idref="s3_1"/>
				<edge label="CO" idref="s3_3"/>
				<edge label="H" idref="s3_6"/>
			</nt>
			<nt id="s3_504" cat="np">
				<edge label="DN" idref="s3_4"/>
				<edge label="H" idref="s3_5"/>
			</nt>
		</nonterminals>
	</graph>
</s>

	</body>
</corpus>
