<?xml version="1.0" encoding="UTF-8"?>
<corpus>

	<body>
<s id="s1" ref="1" source="Running text" forest="1" text="tenho ele a quase dois anos e acho ele ótimo, pois ele tem uma boa durabilidade mesmo sendo touch já caiu varias vezes e nada aconteceu, tem bastante função é bem discreto ainda mais nesse mundo em que vivemos em que a moda é roubar celular, ele é bem difícil de ver..">
	<graph root="s1_500">
		<terminals>
			<t id="s1_1" word="tenho" lemma="ter" pos="v-fin" morph="PR 1S IND VFIN" extra="predco predco predco predco predco predco predco predco predco predco predco predco predco predco fmc mv"/>
			<t id="s1_2" word="ele" lemma="ele" pos="pron-pers" morph="M 3S NOM" extra="--"/>
			<t id="s1_3" word="a" lemma="a" pos="prp" morph="--" extra="--"/>
			<t id="s1_4" word="quase" lemma="quase" pos="adv" morph="--" extra="quant"/>
			<t id="s1_5" word="dois" lemma="dois" pos="num" morph="M P" extra="card"/>
			<t id="s1_6" word="anos" lemma="ano" pos="n" morph="M P" sem="dur temp per unit" extra="--"/>
			<t id="s1_7" word="e" lemma="e" pos="conj-c" morph="--" extra="--"/>
			<t id="s1_8" word="acho" lemma="achar" pos="v-fin" morph="PR 1S IND VFIN" extra="cjt-STA vH fmc mv"/>
			<t id="s1_9" word="ele" lemma="ele" pos="pron-pers" morph="M 3S NOM" extra="--"/>
			<t id="s1_10" word="ótimo" lemma="bom" pos="adj" morph="M S" extra="SUP jh"/>
			<t id="s1_11" word="," lemma="--" pos="pu" morph="--" extra="--"/>
			<t id="s1_12" word="pois" lemma="pois" pos="conj-s" morph="--" extra="clb"/>
			<t id="s1_13" word="ele" lemma="ele" pos="pron-pers" morph="M 3S NOM" extra="--"/>
			<t id="s1_14" word="tem" lemma="ter" pos="v-fin" morph="PR 3S IND VFIN" extra="cjt-STA fmc mv"/>
			<t id="s1_15" word="uma" lemma="um" pos="art" morph="F S" extra="--"/>
			<t id="s1_16" word="boa" lemma="bom" pos="adj" morph="F S" extra="--"/>
			<t id="s1_17" word="durabilidade" lemma="durabilidade" pos="n" morph="F S" sem="am" extra="--"/>
			<t id="s1_18" word="mesmo" lemma="mesmo" pos="pron-indef" morph="DET M S" extra="ident np-close"/>
			<t id="s1_19" word="sendo" lemma="ser" pos="v-ger" morph="--" extra="clb vK mv"/>
			<t id="s1_20" word="touch" lemma="touch" pos="n" morph="M S" extra="heur"/>
			<t id="s1_21" word="já" lemma="já" pos="adv" morph="--" extra="--"/>
			<t id="s1_22" word="caiu" lemma="cair" pos="v-fin" morph="PS 3S IND VFIN" extra="nosubj nosubj cjt-STA fmc mv"/>
			<t id="s1_23" word="varias" lemma="variar" pos="v-fin" morph="PR 2S IND VFIN" extra="nosubj nosubj cjt-STA fmc mv"/>
			<t id="s1_24" word="vezes" lemma="vez" pos="n" morph="F P" sem="temp" extra="cjt-head cjt-head-Od"/>
			<t id="s1_25" word="e" lemma="e" pos="conj-c" morph="--" extra="--"/>
			<t id="s1_26" word="nada" lemma="nada" pos="spec" morph="M S" extra="cjt-Od quant"/>
			<t id="s1_27" word="aconteceu" lemma="acontecer" pos="v-fin" morph="PS 3S IND VFIN" extra="nosubj nosubj cjt-STA vN fmc mv"/>
			<t id="s1_28" word="," lemma="--" pos="pu" morph="--" extra="--"/>
			<t id="s1_29" word="tem" lemma="ter" pos="v-fin" morph="PR 3S IND VFIN" extra="nosubj nosubj cjt-STA fmc mv"/>
			<t id="s1_30" word="bastante" lemma="bastante" pos="adv" morph="--" extra="quant"/>
			<t id="s1_31" word="função" lemma="função" pos="n" morph="F S" sem="ac pos-soc occ" extra="--"/>
			<t id="s1_32" word="é" lemma="ser" pos="v-fin" morph="PR 3S IND VFIN" extra="nosubj nosubj cjt-STA vK fmc mv"/>
			<t id="s1_33" word="bem" lemma="bem" pos="adv" morph="--" extra="quant"/>
			<t id="s1_34" word="discreto" lemma="discreto" pos="adj" morph="M S" extra="jh"/>
			<t id="s1_35" word="ainda" lemma="ainda" pos="adv" morph="--" extra="--"/>
			<t id="s1_36" word="mais" lemma="mais" pos="adv" morph="--" extra="quant KOMP"/>
			<t id="s1_37" word="em" lemma="em" pos="prp" morph="--" extra="sam-"/>
			<t id="s1_38" word="esse" lemma="esse" pos="pron-dem" morph="DET M S" extra="-sam dem"/>
			<t id="s1_39" word="mundo" lemma="mundo" pos="n" morph="M S" sem="L" extra="--"/>
			<t id="s1_40" word="em" lemma="em" pos="prp" morph="--" extra="--"/>
			<t id="s1_41" word="que" lemma="que" pos="spec" morph="M S" extra="clb-fs rel"/>
			<t id="s1_42" word="vivemos" lemma="viver" pos="v-fin" morph="PR 1P IND VFIN" extra="vH mv np-close"/>
			<t id="s1_43" word="em" lemma="em" pos="prp" morph="--" extra="--"/>
			<t id="s1_44" word="que" lemma="que" pos="conj-s" morph="--" extra="clb clb-fs"/>
			<t id="s1_45" word="a" lemma="o" pos="art" morph="F S" extra="--"/>
			<t id="s1_46" word="moda" lemma="moda" pos="n" morph="F S" sem="ism" extra="--"/>
			<t id="s1_47" word="é" lemma="ser" pos="v-fin" morph="PR 3S IND VFIN" extra="vK mv"/>
			<t id="s1_48" word="roubar" lemma="roubar" pos="v-inf" morph="--" extra="vH mv"/>
			<t id="s1_49" word="celular" lemma="celular" pos="adj" morph="M/F S" extra="nh"/>
			<t id="s1_50" word="," lemma="--" pos="pu" morph="--" extra="--"/>
			<t id="s1_51" word="ele" lemma="ele" pos="pron-pers" morph="M 3S NOM" extra="--"/>
			<t id="s1_52" word="é" lemma="ser" pos="v-fin" morph="PR 3S IND VFIN" extra="cjt-STA vK fmc mv"/>
			<t id="s1_53" word="bem" lemma="bem" pos="adv" morph="--" extra="quant"/>
			<t id="s1_54" word="difícil" lemma="difícil" pos="adj" morph="M S" extra="nh"/>
			<t id="s1_55" word="de" lemma="de" pos="prp" morph="--" extra="--"/>
			<t id="s1_56" word="ver" lemma="ver" pos="v-inf" morph="--" extra="vH mv"/>
			<t id="s1_57" word="." lemma="--" pos="pu" morph="--" extra="--"/>
			<t id="s1_58" word="." lemma="--" pos="pu" morph="--" extra="--"/>
		</terminals>

		<nonterminals>
			<nt id="s1_500" cat="s">
				<edge label="STA" idref="s1_501"/>
			</nt>
			<nt id="s1_501" cat="fcl">
				<edge label="X" idref="s1_502"/>
				<edge label="PU" idref="s1_57"/>
				<edge label="PU" idref="s1_58"/>
			</nt>
			<nt id="s1_502" cat="par">
				<edge label="CJT" idref="s1_503"/>
				<edge label="CJT" idref="s1_507"/>
				<edge label="PU" idref="s1_11"/>
				<edge label="CJT" idref="s1_508"/>
				<edge label="CJT" idref="s1_510"/>
				<edge label="CJT" idref="s1_512"/>
				<edge label="CJT" idref="s1_27"/>
				<edge label="PU" idref="s1_28"/>
				<edge label="CJT" idref="s1_514"/>
				<edge label="CJT" idref="s1_515"/>
				<edge label="PU" idref="s1_50"/>
				<edge label="CJT" idref="s1_526"/>
			</nt>
			<nt id="s1_503" cat="x">
				<edge label="P" idref="s1_1"/>
				<edge label="S" idref="s1_2"/>
				<edge label="fA" idref="s1_504"/>
			</nt>
			<nt id="s1_504" cat="pp">
				<edge label="H" idref="s1_3"/>
				<edge label="DP" idref="s1_505"/>
			</nt>
			<nt id="s1_505" cat="np">
				<edge label="DN" idref="s1_506"/>
				<edge label="H" idref="s1_6"/>
				<edge label="CO" idref="s1_7"/>
				<edge label="CO" idref="s1_25"/>
			</nt>
			<nt id="s1_506" cat="adjp">
				<edge label="DA" idref="s1_4"/>
				<edge label="H" idref="s1_5"/>
			</nt>
			<nt id="s1_507" cat="fcl">
				<edge label="P" idref="s1_8"/>
				<edge label="S" idref="s1_9"/>
				<edge label="fCs" idref="s1_10"/>
			</nt>
			<nt id="s1_508" cat="fcl">
				<edge label="fA" idref="s1_12"/>
				<edge label="S" idref="s1_13"/>
				<edge label="P" idref="s1_14"/>
				<edge label="Od" idref="s1_509"/>
			</nt>
			<nt id="s1_509" cat="np">
				<edge label="DN" idref="s1_15"/>
				<edge label="DN" idref="s1_16"/>
				<edge label="H" idref="s1_17"/>
				<edge label="DN" idref="s1_18"/>
			</nt>
			<nt id="s1_510" cat="x">
				<edge label="fA" idref="s1_511"/>
				<edge label="fA" idref="s1_21"/>
				<edge label="P" idref="s1_22"/>
			</nt>
			<nt id="s1_511" cat="advp">
				<edge label="P" idref="s1_19"/>
				<edge label="Cs" idref="s1_20"/>
			</nt>
			<nt id="s1_512" cat="x">
				<edge label="P" idref="s1_23"/>
				<edge label="Od" idref="s1_513"/>
			</nt>
			<nt id="s1_513" cat="par">
				<edge label="CJT" idref="s1_24"/>
				<edge label="CJT" idref="s1_26"/>
			</nt>
			<nt id="s1_514" cat="x">
				<edge label="P" idref="s1_29"/>
				<edge label="fA" idref="s1_30"/>
				<edge label="Od" idref="s1_31"/>
			</nt>
			<nt id="s1_515" cat="x">
				<edge label="P" idref="s1_32"/>
				<edge label="Cs" idref="s1_516"/>
				<edge label="fA" idref="s1_517"/>
				<edge label="fA" idref="s1_518"/>
				<edge label="As" idref="s1_522"/>
			</nt>
			<nt id="s1_516" cat="adjp">
				<edge label="DA" idref="s1_33"/>
				<edge label="H" idref="s1_34"/>
			</nt>
			<nt id="s1_517" cat="advp">
				<edge label="DA" idref="s1_35"/>
				<edge label="H" idref="s1_36"/>
			</nt>
			<nt id="s1_518" cat="pp">
				<edge label="H" idref="s1_37"/>
				<edge label="DP" idref="s1_519"/>
			</nt>
			<nt id="s1_519" cat="np">
				<edge label="DN" idref="s1_38"/>
				<edge label="H" idref="s1_39"/>
				<edge label="DN" idref="s1_520"/>
			</nt>
			<nt id="s1_520" cat="fcl">
				<edge label="As" idref="s1_521"/>
				<edge label="P" idref="s1_42"/>
			</nt>
			<nt id="s1_521" cat="pp">
				<edge label="H" idref="s1_40"/>
				<edge label="DP" idref="s1_41"/>
			</nt>
			<nt id="s1_522" cat="pp">
				<edge label="H" idref="s1_43"/>
				<edge label="DP" idref="s1_523"/>
			</nt>
			<nt id="s1_523" cat="fcl">
				<edge label="SUB" idref="s1_44"/>
				<edge label="S" idref="s1_524"/>
				<edge label="P" idref="s1_47"/>
				<edge label="Cs" idref="s1_525"/>
			</nt>
			<nt id="s1_524" cat="np">
				<edge label="DN" idref="s1_45"/>
				<edge label="H" idref="s1_46"/>
			</nt>
			<nt id="s1_525" cat="icl">
				<edge label="P" idref="s1_48"/>
				<edge label="fCs" idref="s1_49"/>
			</nt>
			<nt id="s1_526" cat="fcl">
				<edge label="S" idref="s1_51"/>
				<edge label="P" idref="s1_52"/>
				<edge label="Cs" idref="s1_527"/>
			</nt>
			<nt id="s1_527" cat="adjp">
				<edge label="DA" idref="s1_53"/>
				<edge label="H" idref="s1_54"/>
				<edge label="DA" idref="s1_528"/>
			</nt>
			<nt id="s1_528" cat="pp">
				<edge label="H" idref="s1_55"/>
				<edge label="DP" idref="s1_56"/>
			</nt>
		</nonterminals>
	</graph>
</s>

	</body>
</corpus>
