<?xml version="1.0" encoding="UTF-8"?>
<corpus>

	<body>
<s id="s1" ref="1" source="Running text" forest="1" text="ele é compacto, tem um ótimo design, as resoluções de suas fotos são ótimas, realmente a marca ajuda!!!">
	<graph root="s1_500">
		<terminals>
			<t id="s1_1" word="ele" lemma="ele" pos="pron-pers" morph="M 3S NOM" extra="--"/>
			<t id="s1_2" word="é" lemma="ser" pos="v-fin" morph="PR 3S IND VFIN" extra="nosubj nosubj nosubj nosubj cjt-head cjt-head-STA vK fmc mv"/>
			<t id="s1_3" word="compacto" lemma="compacto" pos="adj" morph="M S" extra="nh"/>
			<t id="s1_4" word="," lemma="--" pos="pu" morph="--" extra="--"/>
			<t id="s1_5" word="tem" lemma="ter" pos="v-fin" morph="PR 3S IND VFIN" extra="nosubj nosubj cjt-STA fmc mv"/>
			<t id="s1_6" word="um" lemma="um" pos="art" morph="M S" extra="--"/>
			<t id="s1_7" word="ótimo" lemma="bom" pos="adj" morph="M S" extra="SUP jh"/>
			<t id="s1_8" word="design" lemma="design" pos="n" morph="M S" sem="percep-f domain" extra="--"/>
			<t id="s1_9" word="," lemma="--" pos="pu" morph="--" extra="--"/>
			<t id="s1_10" word="as" lemma="o" pos="art" morph="F P" extra="--"/>
			<t id="s1_11" word="resoluções" lemma="resolução" pos="n" morph="F P" sem="act" extra="--"/>
			<t id="s1_12" word="de" lemma="de" pos="prp" morph="--" extra="np-close"/>
			<t id="s1_13" word="suas" lemma="seu" pos="pron-poss" morph="DET F P" extra="poss 3S"/>
			<t id="s1_14" word="fotos" lemma="foto" pos="n" morph="F P" sem="pict" extra="--"/>
			<t id="s1_15" word="são" lemma="ser" pos="v-fin" morph="PR 3P IND VFIN" extra="cjt-STA vK fmc mv"/>
			<t id="s1_16" word="ótimas" lemma="bom" pos="adj" morph="F P" extra="SUP jh"/>
			<t id="s1_17" word="," lemma="--" pos="pu" morph="--" extra="--"/>
			<t id="s1_18" word="realmente" lemma="realmente" pos="adv" morph="--" extra="--"/>
			<t id="s1_19" word="a" lemma="o" pos="art" morph="F S" extra="--"/>
			<t id="s1_20" word="marca" lemma="marca" pos="n" morph="F S" sem="ac-sign Labs bar" extra="--"/>
			<t id="s1_21" word="ajuda" lemma="ajudar" pos="v-fin" morph="PR 3S IND VFIN" extra="cjt-STA vH fmc mv"/>
			<t id="s1_22" word="!" lemma="--" pos="pu" morph="--" extra="--"/>
			<t id="s1_23" word="!" lemma="--" pos="pu" morph="--" extra="--"/>
			<t id="s1_24" word="!" lemma="--" pos="pu" morph="--" extra="--"/>
		</terminals>

		<nonterminals>
			<nt id="s1_500" cat="s">
				<edge label="STA" idref="s1_501"/>
			</nt>
			<nt id="s1_501" cat="par">
				<edge label="CJT" idref="s1_502"/>
				<edge label="PU" idref="s1_4"/>
				<edge label="CJT" idref="s1_503"/>
				<edge label="PU" idref="s1_9"/>
				<edge label="CJT" idref="s1_505"/>
				<edge label="PU" idref="s1_17"/>
				<edge label="CJT" idref="s1_509"/>
				<edge label="PU" idref="s1_22"/>
				<edge label="PU" idref="s1_23"/>
				<edge label="PU" idref="s1_24"/>
			</nt>
			<nt id="s1_502" cat="fcl">
				<edge label="S" idref="s1_1"/>
				<edge label="P" idref="s1_2"/>
				<edge label="Cs" idref="s1_3"/>
			</nt>
			<nt id="s1_503" cat="x">
				<edge label="P" idref="s1_5"/>
				<edge label="Od" idref="s1_504"/>
			</nt>
			<nt id="s1_504" cat="np">
				<edge label="DN" idref="s1_6"/>
				<edge label="DN" idref="s1_7"/>
				<edge label="H" idref="s1_8"/>
			</nt>
			<nt id="s1_505" cat="fcl">
				<edge label="S" idref="s1_506"/>
				<edge label="P" idref="s1_15"/>
				<edge label="Cs" idref="s1_16"/>
			</nt>
			<nt id="s1_506" cat="np">
				<edge label="DN" idref="s1_10"/>
				<edge label="H" idref="s1_11"/>
				<edge label="DN" idref="s1_507"/>
			</nt>
			<nt id="s1_507" cat="pp">
				<edge label="H" idref="s1_12"/>
				<edge label="DP" idref="s1_508"/>
			</nt>
			<nt id="s1_508" cat="np">
				<edge label="DN" idref="s1_13"/>
				<edge label="H" idref="s1_14"/>
			</nt>
			<nt id="s1_509" cat="fcl">
				<edge label="fA" idref="s1_18"/>
				<edge label="S" idref="s1_510"/>
				<edge label="P" idref="s1_21"/>
			</nt>
			<nt id="s1_510" cat="np">
				<edge label="DN" idref="s1_19"/>
				<edge label="H" idref="s1_20"/>
			</nt>
		</nonterminals>
	</graph>
</s>

<s id="s2" ref="2" source="Running text" forest="1" text="o que gostei muito bom, cheio de funções!!!!!">
	<graph root="s2_500">
		<terminals>
			<t id="s2_1" word="o" lemma="o" pos="pron-dem" morph="DET M S" extra="dem"/>
			<t id="s2_2" word="que" lemma="que" pos="spec" morph="M S" extra="clb clb-fs rel"/>
			<t id="s2_3" word="gostei" lemma="gostar" pos="v-fin" morph="PS 1S IND VFIN" extra="vH mv np-close"/>
			<t id="s2_4" word="muito" lemma="muito" pos="adv" morph="--" extra="quant"/>
			<t id="s2_5" word="bom" lemma="bom" pos="adj" morph="M S" extra="--"/>
			<t id="s2_6" word="," lemma="--" pos="pu" morph="--" extra="--"/>
			<t id="s2_7" word="cheio" lemma="cheio" pos="adj" morph="M S" extra="--"/>
			<t id="s2_8" word="de" lemma="de" pos="prp" morph="--" extra="--"/>
			<t id="s2_9" word="funções" lemma="função" pos="n" morph="F P" sem="ac pos-soc occ" extra="--"/>
			<t id="s2_10" word="!" lemma="--" pos="pu" morph="--" extra="--"/>
			<t id="s2_11" word="!" lemma="--" pos="pu" morph="--" extra="--"/>
			<t id="s2_12" word="!" lemma="--" pos="pu" morph="--" extra="--"/>
			<t id="s2_13" word="!" lemma="--" pos="pu" morph="--" extra="--"/>
			<t id="s2_14" word="!" lemma="--" pos="pu" morph="--" extra="--"/>
		</terminals>

		<nonterminals>
			<nt id="s2_500" cat="s">
				<edge label="UTT" idref="s2_501"/>
			</nt>
			<nt id="s2_501" cat="x">
				<edge label="X" idref="s2_1"/>
				<edge label="DN" idref="s2_502"/>
				<edge label="S" idref="s2_2"/>
				<edge label="P" idref="s2_3"/>
				<edge label="fCs" idref="s2_503"/>
				<edge label="PU" idref="s2_6"/>
				<edge label="fCs" idref="s2_504"/>
				<edge label="PU" idref="s2_10"/>
				<edge label="PU" idref="s2_11"/>
				<edge label="PU" idref="s2_12"/>
				<edge label="PU" idref="s2_13"/>
				<edge label="PU" idref="s2_14"/>
			</nt>
			<nt id="s2_502" cat="fcl">
			</nt>
			<nt id="s2_503" cat="adjp">
				<edge label="DA" idref="s2_4"/>
				<edge label="H" idref="s2_5"/>
			</nt>
			<nt id="s2_504" cat="adjp">
				<edge label="H" idref="s2_7"/>
				<edge label="DA" idref="s2_505"/>
			</nt>
			<nt id="s2_505" cat="pp">
				<edge label="H" idref="s2_8"/>
				<edge label="DP" idref="s2_9"/>
			</nt>
		</nonterminals>
	</graph>
</s>

<s id="s3" ref="3" source="Running text" forest="1" text="o que não gostei nada!!!.">
	<graph root="s3_500">
		<terminals>
			<t id="s3_1" word="o" lemma="o" pos="pron-dem" morph="DET M S" extra="dem"/>
			<t id="s3_2" word="que" lemma="que" pos="spec" morph="M S" extra="clb clb-fs rel"/>
			<t id="s3_3" word="não" lemma="não" pos="adv" morph="--" extra="--"/>
			<t id="s3_4" word="gostei" lemma="gostar" pos="v-fin" morph="PS 1S IND VFIN" extra="vH mv np-close"/>
			<t id="s3_5" word="nada" lemma="nada" pos="spec" morph="M S" extra="quant"/>
			<t id="s3_6" word="!" lemma="--" pos="pu" morph="--" extra="--"/>
			<t id="s3_7" word="!" lemma="--" pos="pu" morph="--" extra="--"/>
			<t id="s3_8" word="!" lemma="--" pos="pu" morph="--" extra="--"/>
			<t id="s3_9" word="." lemma="--" pos="pu" morph="--" extra="--"/>
		</terminals>

		<nonterminals>
			<nt id="s3_500" cat="s">
				<edge label="UTT" idref="s3_501"/>
			</nt>
			<nt id="s3_501" cat="x">
				<edge label="X" idref="s3_1"/>
				<edge label="DN" idref="s3_502"/>
				<edge label="S" idref="s3_2"/>
				<edge label="fA" idref="s3_3"/>
				<edge label="P" idref="s3_4"/>
				<edge label="fA" idref="s3_5"/>
				<edge label="PU" idref="s3_6"/>
				<edge label="PU" idref="s3_7"/>
				<edge label="PU" idref="s3_8"/>
				<edge label="PU" idref="s3_9"/>
			</nt>
			<nt id="s3_502" cat="fcl">
			</nt>
		</nonterminals>
	</graph>
</s>

	</body>
</corpus>
