<?xml version="1.0" encoding="UTF-8"?>
<corpus>

	<body>
<s id="s1" ref="1" source="Running text" forest="1" text="dinheiro jogado fora.">
	<graph root="s1_500">
		<terminals>
			<t id="s1_1" word="dinheiro" lemma="dinheiro" pos="n" morph="M S" sem="mon cm" extra="--"/>
			<t id="s1_2" word="jogado" lemma="jogar" pos="v-pcp" morph="M S" extra="vH mv np-close"/>
			<t id="s1_3" word="fora" lemma="fora" pos="adv" morph="--" extra="--"/>
			<t id="s1_4" word="." lemma="--" pos="pu" morph="--" extra="--"/>
		</terminals>

		<nonterminals>
			<nt id="s1_500" cat="s">
				<edge label="X" idref="s1_501"/>
			</nt>
			<nt id="s1_501" cat="np">
				<edge label="H" idref="s1_1"/>
				<edge label="DN" idref="s1_502"/>
				<edge label="PU" idref="s1_4"/>
			</nt>
			<nt id="s1_502" cat="icl">
				<edge label="P" idref="s1_2"/>
				<edge label="As" idref="s1_3"/>
			</nt>
		</nonterminals>
	</graph>
</s>

<s id="s2" ref="2" source="Running text" forest="1" text="tem toda uma tecnologia avançada mas as funcionalidades mais básicas como fazer ligação ou enviar mensagens funcionam quando quer do jeito que quer.">
	<graph root="s2_500">
		<terminals>
			<t id="s2_1" word="tem" lemma="ter" pos="v-fin" morph="PR 3S IND VFIN" extra="nosubj nosubj cjt-head cjt-head-STA fmc mv"/>
			<t id="s2_2" word="toda" lemma="todo" pos="pron-indef" morph="DET F S" extra="quant"/>
			<t id="s2_3" word="uma" lemma="um" pos="art" morph="F S" extra="--"/>
			<t id="s2_4" word="tecnologia" lemma="tecnologia" pos="n" morph="F S" sem="domain" extra="cjt-head cjt-head-Od"/>
			<t id="s2_5" word="avançada" lemma="avançado" pos="adj" morph="F S" extra="nh np-close"/>
			<t id="s2_6" word="mas" lemma="mas" pos="conj-c" morph="--" extra="--"/>
			<t id="s2_7" word="as" lemma="o" pos="art" morph="F P" extra="--"/>
			<t id="s2_8" word="funcionalidades" lemma="funcionalidade" pos="n" morph="F P" sem="percep-f" extra="--"/>
			<t id="s2_9" word="mais" lemma="mais" pos="adv" morph="--" extra="quant KOMP"/>
			<t id="s2_10" word="básicas" lemma="básico" pos="adj" morph="F P" extra="nh np-close"/>
			<t id="s2_11" word="como" lemma="como" pos="adv" morph="--" extra="clb rel"/>
			<t id="s2_12" word="fazer" lemma="fazer" pos="v-inf" morph="--" extra="mv"/>
			<t id="s2_13" word="ligação" lemma="ligação" pos="n" morph="F S" sem="act ac ac-sign Labs" extra="cjt-Od"/>
			<t id="s2_14" word="ou" lemma="ou" pos="conj-c" morph="--" extra="--"/>
			<t id="s2_15" word="enviar" lemma="enviar" pos="v-inf" morph="--" extra="vH mv"/>
			<t id="s2_16" word="mensagens" lemma="mensagem" pos="n" morph="F P" sem="sem-s" extra="--"/>
			<t id="s2_17" word="funcionam" lemma="funcionar" pos="v-fin" morph="PR 3P IND VFIN" extra="cjt-STA fmc mv"/>
			<t id="s2_18" word="quando" lemma="quando" pos="adv" morph="--" extra="rel"/>
			<t id="s2_19" word="quer" lemma="quer" pos="conj-c" morph="--" extra="--"/>
			<t id="s2_20" word="de" lemma="de" pos="prp" morph="--" extra="sam-"/>
			<t id="s2_21" word="o" lemma="o" pos="art" morph="M S" extra="-sam "/>
			<t id="s2_22" word="jeito" lemma="jeito" pos="n" morph="M S" sem="act-trick f-h ac" extra="--"/>
			<t id="s2_23" word="que" lemma="que" pos="spec" morph="M S" extra="rel"/>
			<t id="s2_24" word="quer" lemma="quer" pos="conj-c" morph="--" extra="--"/>
			<t id="s2_25" word="." lemma="--" pos="pu" morph="--" extra="--"/>
		</terminals>

		<nonterminals>
			<nt id="s2_500" cat="s">
				<edge label="STA" idref="s2_501"/>
			</nt>
			<nt id="s2_501" cat="par">
				<edge label="CJT" idref="s2_502"/>
				<edge label="CJT" idref="s2_505"/>
				<edge label="UTT" idref="s2_508"/>
				<edge label="fA" idref="s2_18"/>
				<edge label="PU" idref="s2_25"/>
			</nt>
			<nt id="s2_502" cat="fcl">
				<edge label="P" idref="s2_1"/>
				<edge label="Od" idref="s2_503"/>
			</nt>
			<nt id="s2_503" cat="par">
				<edge label="CJT" idref="s2_504"/>
			</nt>
			<nt id="s2_504" cat="np">
				<edge label="DN" idref="s2_2"/>
				<edge label="DN" idref="s2_3"/>
				<edge label="H" idref="s2_4"/>
				<edge label="DN" idref="s2_5"/>
			</nt>
			<nt id="s2_505" cat="fcl">
				<edge label="S" idref="s2_506"/>
				<edge label="fA" idref="s2_11"/>
			</nt>
			<nt id="s2_506" cat="np">
				<edge label="DN" idref="s2_507"/>
				<edge label="DN" idref="s2_7"/>
				<edge label="H" idref="s2_8"/>
				<edge label="CJT" idref="s2_13"/>
			</nt>
			<nt id="s2_507" cat="adjp">
				<edge label="CO" idref="s2_6"/>
				<edge label="DA" idref="s2_9"/>
				<edge label="H" idref="s2_10"/>
			</nt>
			<nt id="s2_508" cat="icl">
				<edge label="P" idref="s2_12"/>
				<edge label="X" idref="s2_509"/>
				<edge label="S" idref="s2_16"/>
				<edge label="P" idref="s2_17"/>
				<edge label="CO" idref="s2_19"/>
				<edge label="FOC" idref="s2_510"/>
			</nt>
			<nt id="s2_509" cat="x">
				<edge label="CO" idref="s2_14"/>
				<edge label="Od" idref="s2_15"/>
			</nt>
			<nt id="s2_510" cat="pp">
				<edge label="H" idref="s2_20"/>
				<edge label="DP" idref="s2_511"/>
			</nt>
			<nt id="s2_511" cat="np">
				<edge label="DN" idref="s2_21"/>
				<edge label="H" idref="s2_22"/>
				<edge label="H" idref="s2_23"/>
				<edge label="CO" idref="s2_24"/>
			</nt>
		</nonterminals>
	</graph>
</s>

<s id="s3" ref="3" source="Running text" forest="1" text="o que gostei ele dá até a previsão do tempo o que não gostei mas não funciona quando tentamos fazer uma simples ligação.">
	<graph root="s3_500">
		<terminals>
			<t id="s3_1" word="o" lemma="o" pos="pron-dem" morph="DET M S" extra="dem"/>
			<t id="s3_2" word="que" lemma="que" pos="spec" morph="M S" extra="clb clb-fs rel"/>
			<t id="s3_3" word="gostei" lemma="gostar" pos="v-fin" morph="PS 1S IND VFIN" extra="vH mv np-close"/>
			<t id="s3_4" word="ele" lemma="ele" pos="pron-pers" morph="M 3S NOM" extra="--"/>
			<t id="s3_5" word="dá" lemma="dar" pos="v-fin" morph="PR 3S IND VFIN" extra="cjt-head cjt-head-STA fmc mv"/>
			<t id="s3_6" word="até" lemma="até" pos="adv" morph="--" extra="--"/>
			<t id="s3_7" word="a" lemma="o" pos="art" morph="F S" extra="--"/>
			<t id="s3_8" word="previsão" lemma="previsão" pos="n" morph="F S" sem="sem-s sem-w" extra="--"/>
			<t id="s3_9" word="de" lemma="de" pos="prp" morph="--" extra="sam- np-close"/>
			<t id="s3_10" word="o" lemma="o" pos="art" morph="M S" extra="-sam "/>
			<t id="s3_11" word="tempo" lemma="tempo" pos="n" morph="M S" sem="am temp per ac-cat wea" extra="--"/>
			<t id="s3_12" word="o_que" lemma="o_que" pos="spec" morph="M/F S/P" extra="clb clb-fs rel"/>
			<t id="s3_13" word="não" lemma="não" pos="adv" morph="--" extra="--"/>
			<t id="s3_14" word="gostei" lemma="gostar" pos="v-fin" morph="PS 1S IND VFIN" extra="vH mv np-close"/>
			<t id="s3_15" word="mas" lemma="mas" pos="conj-c" morph="--" extra="--"/>
			<t id="s3_16" word="não" lemma="não" pos="adv" morph="--" extra="--"/>
			<t id="s3_17" word="funciona" lemma="funcionar" pos="v-fin" morph="PR 3S IND VFIN" extra="nosubj nosubj cjt-STA fmc mv"/>
			<t id="s3_18" word="quando" lemma="quando" pos="adv" morph="--" extra="clb clb-fs rel ks"/>
			<t id="s3_19" word="tentamos" lemma="tentar" pos="v-fin" morph="PR 1P IND VFIN" extra="vH mv"/>
			<t id="s3_20" word="fazer" lemma="fazer" pos="v-inf" morph="--" extra="mv"/>
			<t id="s3_21" word="uma" lemma="um" pos="art" morph="F S" extra="--"/>
			<t id="s3_22" word="simples" lemma="simples" pos="adj" morph="F S" extra="jh"/>
			<t id="s3_23" word="ligação" lemma="ligação" pos="n" morph="F S" sem="act ac ac-sign Labs" extra="--"/>
			<t id="s3_24" word="." lemma="--" pos="pu" morph="--" extra="--"/>
		</terminals>

		<nonterminals>
			<nt id="s3_500" cat="s">
				<edge label="UTT" idref="s3_501"/>
			</nt>
			<nt id="s3_501" cat="x">
				<edge label="DN" idref="s3_504"/>
				<edge label="S" idref="s3_2"/>
				<edge label="P" idref="s3_3"/>
				<edge label="CJT" idref="s3_509"/>
				<edge label="PU" idref="s3_24"/>
			</nt>
			<nt id="s3_502" cat="par">
				<edge label="CJT" idref="s3_503"/>
			</nt>
			<nt id="s3_503" cat="fcl">
				<edge label="S" idref="s3_1"/>
			</nt>
			<nt id="s3_504" cat="fcl">
				<edge label="S" idref="s3_4"/>
				<edge label="P" idref="s3_5"/>
				<edge label="Od" idref="s3_505"/>
			</nt>
			<nt id="s3_505" cat="np">
				<edge label="DN" idref="s3_6"/>
				<edge label="DN" idref="s3_7"/>
				<edge label="H" idref="s3_8"/>
				<edge label="DN" idref="s3_506"/>
			</nt>
			<nt id="s3_506" cat="pp">
				<edge label="H" idref="s3_9"/>
				<edge label="DP" idref="s3_507"/>
			</nt>
			<nt id="s3_507" cat="np">
				<edge label="DN" idref="s3_10"/>
				<edge label="H" idref="s3_11"/>
				<edge label="DN" idref="s3_508"/>
				<edge label="CO" idref="s3_15"/>
			</nt>
			<nt id="s3_508" cat="fcl">
				<edge label="fA" idref="s3_12"/>
				<edge label="fA" idref="s3_13"/>
				<edge label="P" idref="s3_14"/>
			</nt>
			<nt id="s3_509" cat="x">
				<edge label="fA" idref="s3_16"/>
				<edge label="P" idref="s3_17"/>
				<edge label="fA" idref="s3_510"/>
			</nt>
			<nt id="s3_510" cat="fcl">
				<edge label="fA" idref="s3_18"/>
				<edge label="P" idref="s3_19"/>
				<edge label="Od" idref="s3_511"/>
			</nt>
			<nt id="s3_511" cat="icl">
				<edge label="P" idref="s3_20"/>
				<edge label="Od" idref="s3_512"/>
			</nt>
			<nt id="s3_512" cat="np">
				<edge label="DN" idref="s3_21"/>
				<edge label="DN" idref="s3_22"/>
				<edge label="H" idref="s3_23"/>
			</nt>
		</nonterminals>
	</graph>
</s>

<s id="s4" ref="4" source="Running text" forest="1" text="ou faz ligações sozinho.">
	<graph root="s4_500">
		<terminals>
			<t id="s4_1" word="ou" lemma="ou" pos="conj-c" morph="--" extra="topkc"/>
			<t id="s4_2" word="faz" lemma="fazer" pos="v-fin" morph="PR 3S IND VFIN" extra="fmc mv"/>
			<t id="s4_3" word="ligações" lemma="ligação" pos="n" morph="F P" sem="act ac ac-sign Labs" extra="--"/>
			<t id="s4_4" word="sozinho" lemma="sozinho" pos="adj" morph="M S" extra="jh"/>
			<t id="s4_5" word="." lemma="--" pos="pu" morph="--" extra="--"/>
		</terminals>

		<nonterminals>
			<nt id="s4_500" cat="s">
				<edge label="STA" idref="s4_501"/>
			</nt>
			<nt id="s4_501" cat="fcl">
				<edge label="CO" idref="s4_1"/>
				<edge label="P" idref="s4_2"/>
				<edge label="Od" idref="s4_3"/>
				<edge label="fCs" idref="s4_4"/>
				<edge label="PU" idref="s4_5"/>
			</nt>
		</nonterminals>
	</graph>
</s>

<s id="s5" ref="5" source="Running text" forest="1" text="ou toca e quando vamos atender ele trava e fica vibrando até perdermos a ligação.">
	<graph root="s5_500">
		<terminals>
			<t id="s5_1" word="ou" lemma="ou" pos="conj-c" morph="--" extra="topkc"/>
			<t id="s5_2" word="toca" lemma="tocar" pos="v-fin" morph="PR 3S IND VFIN" extra="nosubj nosubj nosubj nosubj cjt-head cjt-head-STA fmc mv"/>
			<t id="s5_3" word="e" lemma="e" pos="conj-c" morph="--" extra="topkc"/>
			<t id="s5_4" word="quando" lemma="quando" pos="adv" morph="--" extra="clb clb-fs rel ks"/>
			<t id="s5_5" word="vamos" lemma="ir" pos="v-fin" morph="PR 1P IND VFIN" extra="aux"/>
			<t id="s5_6" word="atender" lemma="atender" pos="v-inf" morph="--" extra="vH mv"/>
			<t id="s5_7" word="ele" lemma="ele" pos="pron-pers" morph="M 3S NOM" extra="--"/>
			<t id="s5_8" word="trava" lemma="travar" pos="v-fin" morph="PR 3S IND VFIN" extra="cjt-STA fmc mv"/>
			<t id="s5_9" word="e" lemma="e" pos="conj-c" morph="--" extra="co-fin"/>
			<t id="s5_10" word="fica" lemma="ficar" pos="v-fin" morph="PR 3S IND VFIN" extra="nosubj cjt-STA nosubj cjt-STA fmc aux"/>
			<t id="s5_11" word="vibrando" lemma="vibrar" pos="v-ger" morph="--" extra="clb vN mv"/>
			<t id="s5_12" word="até" lemma="até" pos="prp" morph="--" extra="--"/>
			<t id="s5_13" word="perdermos" lemma="perder" pos="v-inf" morph="1P" extra="mv"/>
			<t id="s5_14" word="a" lemma="o" pos="art" morph="F S" extra="--"/>
			<t id="s5_15" word="ligação" lemma="ligação" pos="n" morph="F S" sem="act ac ac-sign Labs" extra="--"/>
			<t id="s5_16" word="." lemma="--" pos="pu" morph="--" extra="--"/>
		</terminals>

		<nonterminals>
			<nt id="s5_500" cat="s">
				<edge label="STA" idref="s5_501"/>
			</nt>
			<nt id="s5_501" cat="par">
				<edge label="CJT" idref="s5_502"/>
				<edge label="CO" idref="s5_1"/>
				<edge label="CJT" idref="s5_503"/>
				<edge label="CO" idref="s5_9"/>
				<edge label="CJT" idref="s5_506"/>
				<edge label="PU" idref="s5_16"/>
			</nt>
			<nt id="s5_502" cat="fcl">
				<edge label="P" idref="s5_2"/>
			</nt>
			<nt id="s5_503" cat="fcl">
				<edge label="fA" idref="s5_504"/>
				<edge label="S" idref="s5_7"/>
				<edge label="P" idref="s5_8"/>
			</nt>
			<nt id="s5_504" cat="fcl">
				<edge label="CO" idref="s5_3"/>
				<edge label="fA" idref="s5_4"/>
				<edge label="P" idref="s5_505"/>
			</nt>
			<nt id="s5_505" cat="vp">
				<edge label="Vaux" idref="s5_5"/>
				<edge label="Vm" idref="s5_6"/>
			</nt>
			<nt id="s5_506" cat="x">
				<edge label="P" idref="s5_507"/>
				<edge label="fA" idref="s5_508"/>
			</nt>
			<nt id="s5_507" cat="vp">
				<edge label="Vaux" idref="s5_10"/>
				<edge label="Vm" idref="s5_11"/>
			</nt>
			<nt id="s5_508" cat="pp">
				<edge label="H" idref="s5_12"/>
				<edge label="DP" idref="s5_509"/>
			</nt>
			<nt id="s5_509" cat="icl">
				<edge label="P" idref="s5_13"/>
				<edge label="Od" idref="s5_510"/>
			</nt>
			<nt id="s5_510" cat="np">
				<edge label="DN" idref="s5_14"/>
				<edge label="H" idref="s5_15"/>
			</nt>
		</nonterminals>
	</graph>
</s>

<s id="s6" ref="6" source="Running text" forest="1" text="ou demora séculos para abrir uma simples tela de contatos.">
	<graph root="s6_500">
		<terminals>
			<t id="s6_1" word="ou" lemma="ou" pos="conj-c" morph="--" extra="topkc"/>
			<t id="s6_2" word="demora" lemma="demorar" pos="v-fin" morph="PR 3S IND VFIN" extra="fmc mv"/>
			<t id="s6_3" word="séculos" lemma="século" pos="n" morph="M P" sem="dur per" extra="--"/>
			<t id="s6_4" word="para" lemma="para" pos="prp" morph="--" extra="--"/>
			<t id="s6_5" word="abrir" lemma="abrir" pos="v-inf" morph="--" extra="vH mv"/>
			<t id="s6_6" word="uma" lemma="um" pos="art" morph="F S" extra="--"/>
			<t id="s6_7" word="simples" lemma="simples" pos="adj" morph="F S" extra="--"/>
			<t id="s6_8" word="tela" lemma="tela" pos="n" morph="F S" sem="cc-h pict mat-cloth" extra="--"/>
			<t id="s6_9" word="de" lemma="de" pos="prp" morph="--" extra="np-close"/>
			<t id="s6_10" word="contatos" lemma="contato" pos="n" morph="M P" sem="ac H" extra="--"/>
			<t id="s6_11" word="." lemma="--" pos="pu" morph="--" extra="--"/>
		</terminals>

		<nonterminals>
			<nt id="s6_500" cat="s">
				<edge label="STA" idref="s6_501"/>
			</nt>
			<nt id="s6_501" cat="fcl">
				<edge label="CO" idref="s6_1"/>
				<edge label="P" idref="s6_2"/>
				<edge label="As" idref="s6_3"/>
				<edge label="fA" idref="s6_502"/>
				<edge label="PU" idref="s6_11"/>
			</nt>
			<nt id="s6_502" cat="pp">
				<edge label="H" idref="s6_4"/>
				<edge label="DP" idref="s6_503"/>
			</nt>
			<nt id="s6_503" cat="icl">
				<edge label="P" idref="s6_5"/>
				<edge label="Od" idref="s6_504"/>
			</nt>
			<nt id="s6_504" cat="np">
				<edge label="DN" idref="s6_6"/>
				<edge label="DN" idref="s6_7"/>
				<edge label="H" idref="s6_8"/>
				<edge label="DN" idref="s6_505"/>
			</nt>
			<nt id="s6_505" cat="pp">
				<edge label="H" idref="s6_9"/>
				<edge label="DP" idref="s6_10"/>
			</nt>
		</nonterminals>
	</graph>
</s>

<s id="s7" ref="7" source="Running text" forest="1" text="enfim.">
	<graph root="s7_500">
		<terminals>
			<t id="s7_1" word="enfim" lemma="enfim" pos="adv" morph="--" extra="--"/>
			<t id="s7_2" word="." lemma="--" pos="pu" morph="--" extra="--"/>
		</terminals>

		<nonterminals>
			<nt id="s7_500" cat="s">
				<edge label="UTT" idref="s7_501"/>
			</nt>
			<nt id="s7_501" cat="x">
				<edge label="fA" idref="s7_1"/>
				<edge label="PU" idref="s7_2"/>
			</nt>
		</nonterminals>
	</graph>
</s>

<s id="s8" ref="8" source="Running text" forest="1" text="ele é cheio de tecnologia moderna, mas o básico de um telefone celular ele não faz direito.">
	<graph root="s8_500">
		<terminals>
			<t id="s8_1" word="ele" lemma="ele" pos="pron-pers" morph="M 3S NOM" extra="--"/>
			<t id="s8_2" word="é" lemma="ser" pos="v-fin" morph="PR 3S IND VFIN" extra="cjt-head cjt-head-STA vK fmc mv"/>
			<t id="s8_3" word="cheio" lemma="cheio" pos="adj" morph="M S" extra="jh"/>
			<t id="s8_4" word="de" lemma="de" pos="prp" morph="--" extra="--"/>
			<t id="s8_5" word="tecnologia" lemma="tecnologia" pos="n" morph="F S" sem="domain" extra="--"/>
			<t id="s8_6" word="moderna" lemma="moderno" pos="adj" morph="F S" extra="jh np-close"/>
			<t id="s8_7" word="," lemma="--" pos="pu" morph="--" extra="--"/>
			<t id="s8_8" word="mas" lemma="mas" pos="conj-c" morph="--" extra="clb"/>
			<t id="s8_9" word="o" lemma="o" pos="art" morph="M S" extra="--"/>
			<t id="s8_10" word="básico" lemma="básico" pos="adj" morph="M S" extra="n nh"/>
			<t id="s8_11" word="de" lemma="de" pos="prp" morph="--" extra="np-close"/>
			<t id="s8_12" word="um" lemma="um" pos="art" morph="M S" extra="--"/>
			<t id="s8_13" word="telefone" lemma="telefone" pos="n" morph="M S" sem="tool" extra="--"/>
			<t id="s8_14" word="celular" lemma="celular" pos="adj" morph="M S" extra="nh np-close"/>
			<t id="s8_15" word="ele" lemma="ele" pos="pron-pers" morph="M 3S NOM" extra="--"/>
			<t id="s8_16" word="não" lemma="não" pos="adv" morph="--" extra="--"/>
			<t id="s8_17" word="faz" lemma="fazer" pos="v-fin" morph="PR 3S IND VFIN" extra="cjt-STA fmc mv"/>
			<t id="s8_18" word="direito" lemma="direito" pos="adj" morph="M S" extra="jh"/>
			<t id="s8_19" word="." lemma="--" pos="pu" morph="--" extra="--"/>
		</terminals>

		<nonterminals>
			<nt id="s8_500" cat="s">
				<edge label="STA" idref="s8_501"/>
			</nt>
			<nt id="s8_501" cat="par">
				<edge label="CJT" idref="s8_502"/>
				<edge label="PU" idref="s8_7"/>
				<edge label="CO" idref="s8_8"/>
				<edge label="CJT" idref="s8_506"/>
				<edge label="PU" idref="s8_19"/>
			</nt>
			<nt id="s8_502" cat="fcl">
				<edge label="S" idref="s8_1"/>
				<edge label="P" idref="s8_2"/>
				<edge label="Cs" idref="s8_503"/>
			</nt>
			<nt id="s8_503" cat="adjp">
				<edge label="H" idref="s8_3"/>
				<edge label="DA" idref="s8_504"/>
			</nt>
			<nt id="s8_504" cat="pp">
				<edge label="H" idref="s8_4"/>
				<edge label="DP" idref="s8_505"/>
			</nt>
			<nt id="s8_505" cat="np">
				<edge label="H" idref="s8_5"/>
				<edge label="DN" idref="s8_6"/>
				<edge label="DN" idref="s8_508"/>
			</nt>
			<nt id="s8_506" cat="fcl">
				<edge label="Od" idref="s8_507"/>
				<edge label="S" idref="s8_15"/>
				<edge label="fA" idref="s8_16"/>
				<edge label="P" idref="s8_17"/>
				<edge label="Co" idref="s8_18"/>
			</nt>
			<nt id="s8_507" cat="np">
				<edge label="DN" idref="s8_9"/>
				<edge label="H" idref="s8_10"/>
			</nt>
			<nt id="s8_508" cat="pp">
				<edge label="H" idref="s8_11"/>
				<edge label="DP" idref="s8_509"/>
			</nt>
			<nt id="s8_509" cat="np">
				<edge label="DN" idref="s8_12"/>
				<edge label="H" idref="s8_13"/>
				<edge label="DN" idref="s8_14"/>
			</nt>
		</nonterminals>
	</graph>
</s>

<s id="s9" ref="9" source="Running text" forest="1" text="joguei meu dinheiro no lixo!!!!!!">
	<graph root="s9_500">
		<terminals>
			<t id="s9_1" word="joguei" lemma="jogar" pos="v-fin" morph="PS 1S IND VFIN" extra="vH fmc mv"/>
			<t id="s9_2" word="meu" lemma="meu" pos="pron-poss" morph="DET M S" extra="poss 1S"/>
			<t id="s9_3" word="dinheiro" lemma="dinheiro" pos="n" morph="M S" sem="mon cm" extra="--"/>
			<t id="s9_4" word="em" lemma="em" pos="prp" morph="--" extra="sam- np-close"/>
			<t id="s9_5" word="o" lemma="o" pos="art" morph="M S" extra="-sam "/>
			<t id="s9_6" word="lixo" lemma="lixo" pos="n" morph="M S" sem="cm-h" extra="--"/>
			<t id="s9_7" word="!" lemma="--" pos="pu" morph="--" extra="--"/>
			<t id="s9_8" word="!" lemma="--" pos="pu" morph="--" extra="--"/>
			<t id="s9_9" word="!" lemma="--" pos="pu" morph="--" extra="--"/>
			<t id="s9_10" word="!" lemma="--" pos="pu" morph="--" extra="--"/>
			<t id="s9_11" word="!" lemma="--" pos="pu" morph="--" extra="--"/>
			<t id="s9_12" word="!" lemma="--" pos="pu" morph="--" extra="--"/>
		</terminals>

		<nonterminals>
			<nt id="s9_500" cat="s">
				<edge label="STA" idref="s9_501"/>
			</nt>
			<nt id="s9_501" cat="fcl">
				<edge label="P" idref="s9_1"/>
				<edge label="Od" idref="s9_502"/>
				<edge label="PU" idref="s9_7"/>
				<edge label="PU" idref="s9_8"/>
				<edge label="PU" idref="s9_9"/>
				<edge label="PU" idref="s9_10"/>
				<edge label="PU" idref="s9_11"/>
				<edge label="PU" idref="s9_12"/>
			</nt>
			<nt id="s9_502" cat="np">
				<edge label="DN" idref="s9_2"/>
				<edge label="H" idref="s9_3"/>
				<edge label="DN" idref="s9_503"/>
			</nt>
			<nt id="s9_503" cat="pp">
				<edge label="H" idref="s9_4"/>
				<edge label="DP" idref="s9_504"/>
			</nt>
			<nt id="s9_504" cat="np">
				<edge label="DN" idref="s9_5"/>
				<edge label="H" idref="s9_6"/>
			</nt>
		</nonterminals>
	</graph>
</s>

<s id="s10" ref="10" source="Running text" forest="1" text="recomendo que ninguém o compre..">
	<graph root="s10_500">
		<terminals>
			<t id="s10_1" word="recomendo" lemma="recomendar" pos="v-fin" morph="PR 1S IND VFIN" extra="vH fmc mv"/>
			<t id="s10_2" word="que" lemma="que" pos="conj-s" morph="--" extra="clb clb-fs"/>
			<t id="s10_3" word="ninguém" lemma="ninguém" pos="spec" morph="M S" extra="--"/>
			<t id="s10_4" word="o" lemma="ele" pos="pron-pers" morph="M 3S ACC" extra="--"/>
			<t id="s10_5" word="compre" lemma="comprar" pos="v-fin" morph="PR 3S SUBJ VFIN" extra="vH mv"/>
			<t id="s10_6" word="." lemma="--" pos="pu" morph="--" extra="--"/>
			<t id="s10_7" word="." lemma="--" pos="pu" morph="--" extra="--"/>
		</terminals>

		<nonterminals>
			<nt id="s10_500" cat="s">
				<edge label="STA" idref="s10_501"/>
			</nt>
			<nt id="s10_501" cat="fcl">
				<edge label="P" idref="s10_1"/>
				<edge label="Od" idref="s10_502"/>
				<edge label="PU" idref="s10_6"/>
				<edge label="PU" idref="s10_7"/>
			</nt>
			<nt id="s10_502" cat="fcl">
				<edge label="SUB" idref="s10_2"/>
				<edge label="S" idref="s10_3"/>
				<edge label="Od" idref="s10_4"/>
				<edge label="P" idref="s10_5"/>
			</nt>
		</nonterminals>
	</graph>
</s>

	</body>
</corpus>
