<?xml version="1.0" encoding="UTF-8"?>
<corpus>

	<body>
<s id="s1" ref="1" source="Running text" forest="1" text="comprei o lg l5 ii, e foi a melhor escolha que fiz em relação a um celular!">
	<graph root="s1_500">
		<terminals>
			<t id="s1_1" word="comprei" lemma="comprar" pos="v-fin" morph="PS 1S IND VFIN" extra="predco predco vH fmc mv"/>
			<t id="s1_2" word="o" lemma="o" pos="art" morph="M S" extra="--"/>
			<t id="s1_3" word="lg" lemma="lg" pos="n" morph="M S" extra="foreign"/>
			<t id="s1_4" word="l5" lemma="l5" pos="n" morph="M/F S" extra="cjt-head cjt-head-S foreign"/>
			<t id="s1_5" word="ii" lemma="ii" pos="n" morph="M S" extra="cjt-S DERS"/>
			<t id="s1_6" word="," lemma="--" pos="pu" morph="--" extra="--"/>
			<t id="s1_7" word="e" lemma="e" pos="conj-c" morph="--" extra="clb"/>
			<t id="s1_8" word="foi" lemma="ser" pos="v-fin" morph="PS 3S IND VFIN" extra="nosubj nosubj cjt-STA vK fmc mv"/>
			<t id="s1_9" word="a" lemma="o" pos="art" morph="F S" extra="--"/>
			<t id="s1_10" word="melhor" lemma="bom" pos="adj" morph="F S" extra="KOMP SUP jh"/>
			<t id="s1_11" word="escolha" lemma="escolha" pos="n" morph="F S" sem="act HH" extra="--"/>
			<t id="s1_12" word="que" lemma="que" pos="spec" morph="M S" extra="clb clb-fs rel"/>
			<t id="s1_13" word="fiz" lemma="fazer" pos="v-fin" morph="PS 1S IND VFIN" extra="mv np-close"/>
			<t id="s1_14" word="em_relação_a" lemma="em_relação_a" pos="prp" morph="--" extra="--"/>
			<t id="s1_15" word="um" lemma="um" pos="art" morph="M S" extra="--"/>
			<t id="s1_16" word="celular" lemma="celular" pos="adj" morph="M S" extra="n nh"/>
			<t id="s1_17" word="!" lemma="--" pos="pu" morph="--" extra="--"/>
		</terminals>

		<nonterminals>
			<nt id="s1_500" cat="s">
				<edge label="STA" idref="s1_501"/>
			</nt>
			<nt id="s1_501" cat="fcl">
				<edge label="X" idref="s1_502"/>
				<edge label="PU" idref="s1_17"/>
			</nt>
			<nt id="s1_502" cat="par">
				<edge label="CJT" idref="s1_503"/>
				<edge label="PU" idref="s1_6"/>
				<edge label="CO" idref="s1_7"/>
				<edge label="CJT" idref="s1_506"/>
			</nt>
			<nt id="s1_503" cat="x">
				<edge label="P" idref="s1_1"/>
				<edge label="Od" idref="s1_504"/>
				<edge label="S" idref="s1_505"/>
			</nt>
			<nt id="s1_504" cat="np">
				<edge label="DN" idref="s1_2"/>
				<edge label="H" idref="s1_3"/>
			</nt>
			<nt id="s1_505" cat="par">
				<edge label="CJT" idref="s1_4"/>
				<edge label="CJT" idref="s1_5"/>
			</nt>
			<nt id="s1_506" cat="x">
				<edge label="P" idref="s1_8"/>
				<edge label="Cs" idref="s1_507"/>
			</nt>
			<nt id="s1_507" cat="np">
				<edge label="DN" idref="s1_9"/>
				<edge label="DN" idref="s1_10"/>
				<edge label="H" idref="s1_11"/>
				<edge label="DN" idref="s1_508"/>
			</nt>
			<nt id="s1_508" cat="fcl">
				<edge label="Od" idref="s1_12"/>
				<edge label="P" idref="s1_13"/>
				<edge label="fA" idref="s1_509"/>
			</nt>
			<nt id="s1_509" cat="pp">
				<edge label="H" idref="s1_14"/>
				<edge label="DP" idref="s1_510"/>
			</nt>
			<nt id="s1_510" cat="np">
				<edge label="DN" idref="s1_15"/>
				<edge label="H" idref="s1_16"/>
			</nt>
		</nonterminals>
	</graph>
</s>

<s id="s2" ref="2" source="Running text" forest="1" text="superou minhas expectativas, minha experiência com este celular tem me feito abrir sorrisos a todo instante.">
	<graph root="s2_500">
		<terminals>
			<t id="s2_1" word="superou" lemma="superar" pos="v-fin" morph="PS 3S IND VFIN" extra="nosubj nosubj cjt-head cjt-head-STA vH fmc mv"/>
			<t id="s2_2" word="minhas" lemma="meu" pos="pron-poss" morph="DET F P" extra="poss 1S"/>
			<t id="s2_3" word="expectativas" lemma="expectativa" pos="n" morph="F P" sem="sem-c" extra="--"/>
			<t id="s2_4" word="," lemma="--" pos="pu" morph="--" extra="--"/>
			<t id="s2_5" word="minha" lemma="meu" pos="pron-poss" morph="DET F S" extra="poss 1S"/>
			<t id="s2_6" word="experiência" lemma="experiência" pos="n" morph="F S" sem="am ac" extra="--"/>
			<t id="s2_7" word="com" lemma="com" pos="prp" morph="--" extra="np-close"/>
			<t id="s2_8" word="este" lemma="este" pos="pron-dem" morph="DET M S" extra="dem"/>
			<t id="s2_9" word="celular" lemma="celular" pos="adj" morph="M S" extra="n nh"/>
			<t id="s2_10" word="tem" lemma="ter" pos="v-fin" morph="PR 3S IND VFIN" extra="cjt-STA fmc aux"/>
			<t id="s2_11" word="me" lemma="eu" pos="pron-pers" morph="M/F 1S ACC/DAT" extra="refl"/>
			<t id="s2_12" word="feito" lemma="fazer" pos="v-pcp" morph="M S" extra="jh mv"/>
			<t id="s2_13" word="abrir" lemma="abrir" pos="v-inf" morph="--" extra="vH mv"/>
			<t id="s2_14" word="sorrisos" lemma="sorriso" pos="n" morph="M P" sem="act-d" extra="--"/>
			<t id="s2_15" word="a" lemma="o" pos="art" morph="F S" extra="--"/>
			<t id="s2_16" word="todo" lemma="todo" pos="adv" morph="--" extra="quant det"/>
			<t id="s2_17" word="instante" lemma="instante" pos="adj" morph="M/F S" extra="nh np-close"/>
			<t id="s2_18" word="." lemma="--" pos="pu" morph="--" extra="--"/>
		</terminals>

		<nonterminals>
			<nt id="s2_500" cat="s">
				<edge label="STA" idref="s2_501"/>
			</nt>
			<nt id="s2_501" cat="par">
				<edge label="CJT" idref="s2_502"/>
				<edge label="PU" idref="s2_4"/>
				<edge label="CJT" idref="s2_504"/>
				<edge label="UTT" idref="s2_508"/>
				<edge label="DN" idref="s2_15"/>
				<edge label="PU" idref="s2_18"/>
			</nt>
			<nt id="s2_502" cat="fcl">
				<edge label="P" idref="s2_1"/>
				<edge label="Od" idref="s2_503"/>
			</nt>
			<nt id="s2_503" cat="np">
				<edge label="DN" idref="s2_2"/>
				<edge label="H" idref="s2_3"/>
			</nt>
			<nt id="s2_504" cat="fcl">
				<edge label="S" idref="s2_505"/>
				<edge label="P" idref="s2_10"/>
			</nt>
			<nt id="s2_505" cat="np">
				<edge label="DN" idref="s2_5"/>
				<edge label="H" idref="s2_6"/>
				<edge label="DN" idref="s2_506"/>
			</nt>
			<nt id="s2_506" cat="pp">
				<edge label="H" idref="s2_7"/>
				<edge label="DP" idref="s2_507"/>
			</nt>
			<nt id="s2_507" cat="np">
				<edge label="DN" idref="s2_8"/>
				<edge label="H" idref="s2_9"/>
			</nt>
			<nt id="s2_508" cat="icl">
				<edge label="Od" idref="s2_509"/>
				<edge label="P" idref="s2_12"/>
			</nt>
			<nt id="s2_509" cat="fcl">
				<edge label="S" idref="s2_11"/>
				<edge label="P" idref="s2_13"/>
				<edge label="Od" idref="s2_510"/>
			</nt>
			<nt id="s2_510" cat="np">
				<edge label="H" idref="s2_14"/>
				<edge label="DN" idref="s2_511"/>
			</nt>
			<nt id="s2_511" cat="adjp">
				<edge label="DA" idref="s2_16"/>
				<edge label="H" idref="s2_17"/>
			</nt>
		</nonterminals>
	</graph>
</s>

<s id="s3" ref="3" source="Running text" forest="1" text="o hardware e software impecáveis, a câmera captura com uma excelência, enfim, bom, barato, bonito e pratico!.">
	<graph root="s3_500">
		<terminals>
			<t id="s3_1" word="o" lemma="o" pos="art" morph="M S" extra="--"/>
			<t id="s3_2" word="hardware" lemma="hardware" pos="n" morph="M S" sem="cm" extra="--"/>
			<t id="s3_3" word="e" lemma="e" pos="conj-c" morph="--" extra="--"/>
			<t id="s3_4" word="software" lemma="software" pos="n" morph="M S" sem="am" extra="--"/>
			<t id="s3_5" word="impecáveis" lemma="impecável" pos="adj" morph="M/F P" extra="--"/>
			<t id="s3_6" word="," lemma="--" pos="pu" morph="--" extra="--"/>
			<t id="s3_7" word="a" lemma="o" pos="art" morph="F S" extra="--"/>
			<t id="s3_8" word="câmera" lemma="c�=mera" pos="n" morph="F S" sem="tool" extra="--"/>
			<t id="s3_9" word="captura" lemma="capturar" pos="v-fin" morph="PR 3S IND VFIN" extra="cjt-head cjt-head-STA vH fmc mv"/>
			<t id="s3_10" word="com" lemma="com" pos="prp" morph="--" extra="--"/>
			<t id="s3_11" word="uma" lemma="um" pos="art" morph="F S" extra="--"/>
			<t id="s3_12" word="excelência" lemma="excelência" pos="n" morph="F S" sem="am Htit" extra="--"/>
			<t id="s3_13" word="," lemma="--" pos="pu" morph="--" extra="--"/>
			<t id="s3_14" word="enfim" lemma="enfim" pos="adv" morph="--" extra="--"/>
			<t id="s3_15" word="," lemma="--" pos="pu" morph="--" extra="--"/>
			<t id="s3_16" word="bom" lemma="bom" pos="adj" morph="M S" extra="jh np-close"/>
			<t id="s3_17" word="," lemma="--" pos="pu" morph="--" extra="--"/>
			<t id="s3_18" word="barato" lemma="barato" pos="adj" morph="M S" extra="nh np-close"/>
			<t id="s3_19" word="," lemma="--" pos="pu" morph="--" extra="--"/>
			<t id="s3_20" word="bonito" lemma="bonito" pos="adj" morph="M S" extra="jh np-close"/>
			<t id="s3_21" word="e" lemma="e" pos="conj-c" morph="--" extra="--"/>
			<t id="s3_22" word="pratico" lemma="praticar" pos="v-fin" morph="PR 1S IND VFIN" extra="cjt-STA vH fmc mv"/>
			<t id="s3_23" word="!" lemma="--" pos="pu" morph="--" extra="--"/>
			<t id="s3_24" word="." lemma="--" pos="pu" morph="--" extra="--"/>
		</terminals>

		<nonterminals>
			<nt id="s3_500" cat="s">
				<edge label="UTT" idref="s3_501"/>
			</nt>
			<nt id="s3_501" cat="x">
				<edge label="STA" idref="s3_504"/>
				<edge label="CJT" idref="s3_505"/>
				<edge label="fCs" idref="s3_507"/>
				<edge label="CO" idref="s3_3"/>
				<edge label="H" idref="s3_5"/>
				<edge label="PU" idref="s3_23"/>
				<edge label="PU" idref="s3_24"/>
			</nt>
			<nt id="s3_502" cat="fcl">
				<edge label="S" idref="s3_503"/>
				<edge label="P" idref="s3_22"/>
				<secedge label="*" idref="s3_22"/>
			</nt>
			<nt id="s3_503" cat="np">
				<edge label="DN" idref="s3_1"/>
				<edge label="H" idref="s3_2"/>
			</nt>
			<nt id="s3_504" cat="par">
			</nt>
			<nt id="s3_505" cat="fcl">
				<edge label="CJT" idref="s3_506"/>
			</nt>
			<nt id="s3_506" cat="fcl">
			</nt>
			<nt id="s3_507" cat="adjp">
				<edge label="S" idref="s3_4"/>
				<edge label="PU" idref="s3_6"/>
				<edge label="S" idref="s3_508"/>
				<edge label="H" idref="s3_8"/>
				<edge label="P" idref="s3_9"/>
				<edge label="fA" idref="s3_509"/>
				<edge label="PU" idref="s3_13"/>
				<edge label="fA" idref="s3_14"/>
			</nt>
			<nt id="s3_508" cat="np">
				<edge label="DN" idref="s3_7"/>
			</nt>
			<nt id="s3_509" cat="pp">
				<edge label="H" idref="s3_10"/>
				<edge label="DP" idref="s3_510"/>
			</nt>
			<nt id="s3_510" cat="np">
				<edge label="DN" idref="s3_11"/>
				<edge label="H" idref="s3_12"/>
				<edge label="PU" idref="s3_15"/>
				<edge label="DNc" idref="s3_16"/>
				<edge label="PU" idref="s3_17"/>
				<edge label="DNc" idref="s3_18"/>
				<edge label="PU" idref="s3_19"/>
				<edge label="DNc" idref="s3_20"/>
				<edge label="CO" idref="s3_21"/>
			</nt>
		</nonterminals>
	</graph>
</s>

	</body>
</corpus>
