<?xml version="1.0" encoding="UTF-8"?>
<corpus>

	<body>
<s id="s1" ref="1" source="Running text" forest="1" text="sensacional produto da samsung.">
	<graph root="s1_500">
		<terminals>
			<t id="s1_1" word="sensacional" lemma="sensacional" pos="adj" morph="M S" extra="nh"/>
			<t id="s1_2" word="produto" lemma="produto" pos="n" morph="M S" sem="cc-h mon ac-cat" extra="--"/>
			<t id="s1_3" word="de" lemma="de" pos="prp" morph="--" extra="sam- np-close"/>
			<t id="s1_4" word="a" lemma="o" pos="art" morph="F S" extra="-sam "/>
			<t id="s1_5" word="samsung" lemma="samsung" pos="n" morph="F S" extra="heur"/>
			<t id="s1_6" word="." lemma="--" pos="pu" morph="--" extra="--"/>
		</terminals>

		<nonterminals>
			<nt id="s1_500" cat="s">
				<edge label="X" idref="s1_501"/>
			</nt>
			<nt id="s1_501" cat="np">
				<edge label="DN" idref="s1_1"/>
				<edge label="H" idref="s1_2"/>
				<edge label="DN" idref="s1_502"/>
				<edge label="PU" idref="s1_6"/>
			</nt>
			<nt id="s1_502" cat="pp">
				<edge label="H" idref="s1_3"/>
				<edge label="DP" idref="s1_503"/>
			</nt>
			<nt id="s1_503" cat="np">
				<edge label="DN" idref="s1_4"/>
				<edge label="H" idref="s1_5"/>
			</nt>
		</nonterminals>
	</graph>
</s>

<s id="s2" ref="2" source="Running text" forest="1" text="recomendo a todos que estão pensando em comprar um headphone dual chip..">
	<graph root="s2_500">
		<terminals>
			<t id="s2_1" word="recomendo" lemma="recomendar" pos="v-fin" morph="PR 1S IND VFIN" extra="vH fmc mv"/>
			<t id="s2_2" word="a" lemma="a" pos="prp" morph="--" extra="--"/>
			<t id="s2_3" word="todos" lemma="todo" pos="pron-indef" morph="DET M P" extra="quant"/>
			<t id="s2_4" word="que" lemma="que" pos="conj-s" morph="--" extra="clb clb-fs"/>
			<t id="s2_5" word="estão" lemma="estar" pos="v-fin" morph="PR 3P IND VFIN" extra="aux"/>
			<t id="s2_6" word="pensando" lemma="pensar" pos="v-ger" morph="--" extra="clb vH mv"/>
			<t id="s2_7" word="em" lemma="em" pos="prp" morph="--" extra="--"/>
			<t id="s2_8" word="comprar" lemma="comprar" pos="v-inf" morph="--" extra="vH mv"/>
			<t id="s2_9" word="um" lemma="um" pos="art" morph="M S" extra="--"/>
			<t id="s2_10" word="headphone" lemma="headphone" pos="n" morph="M S" extra="foreign heur"/>
			<t id="s2_11" word="dual" lemma="dual" pos="adj" morph="M S" extra="nh np-close"/>
			<t id="s2_12" word="chip" lemma="chip" pos="n" morph="M S" sem="cc" extra="--"/>
			<t id="s2_13" word="." lemma="--" pos="pu" morph="--" extra="--"/>
			<t id="s2_14" word="." lemma="--" pos="pu" morph="--" extra="--"/>
		</terminals>

		<nonterminals>
			<nt id="s2_500" cat="s">
				<edge label="STA" idref="s2_501"/>
			</nt>
			<nt id="s2_501" cat="fcl">
				<edge label="P" idref="s2_1"/>
				<edge label="fA" idref="s2_502"/>
				<edge label="Od" idref="s2_503"/>
				<edge label="PU" idref="s2_13"/>
				<edge label="PU" idref="s2_14"/>
			</nt>
			<nt id="s2_502" cat="pp">
				<edge label="H" idref="s2_2"/>
				<edge label="DP" idref="s2_3"/>
			</nt>
			<nt id="s2_503" cat="fcl">
				<edge label="SUB" idref="s2_4"/>
				<edge label="P" idref="s2_504"/>
				<edge label="Op" idref="s2_505"/>
			</nt>
			<nt id="s2_504" cat="vp">
				<edge label="Vaux" idref="s2_5"/>
				<edge label="Vm" idref="s2_6"/>
			</nt>
			<nt id="s2_505" cat="pp">
				<edge label="H" idref="s2_7"/>
				<edge label="DP" idref="s2_506"/>
			</nt>
			<nt id="s2_506" cat="fcl">
				<edge label="P" idref="s2_8"/>
				<edge label="Od" idref="s2_507"/>
				<edge label="S" idref="s2_12"/>
			</nt>
			<nt id="s2_507" cat="np">
				<edge label="DN" idref="s2_9"/>
				<edge label="H" idref="s2_10"/>
				<edge label="DN" idref="s2_11"/>
			</nt>
		</nonterminals>
	</graph>
</s>

	</body>
</corpus>
