<?xml version="1.0" encoding="UTF-8"?>
<corpus>

	<body>
<s id="s1" ref="1" source="Running text" forest="1" text="recomendo o produto por este ter um excelente custo/ benefício e um celular de ótima durabilidade.">
	<graph root="s1_500">
		<terminals>
			<t id="s1_1" word="recomendo" lemma="recomendar" pos="v-fin" morph="PR 1S IND VFIN" extra="vH fmc mv"/>
			<t id="s1_2" word="o" lemma="o" pos="art" morph="M S" extra="--"/>
			<t id="s1_3" word="produto" lemma="produto" pos="n" morph="M S" sem="cc-h mon ac-cat" extra="--"/>
			<t id="s1_4" word="por" lemma="por" pos="prp" morph="--" extra="--"/>
			<t id="s1_5" word="este" lemma="este" pos="pron-dem" morph="DET M S" extra="clb dem"/>
			<t id="s1_6" word="ter" lemma="ter" pos="v-inf" morph="3S" extra="mv"/>
			<t id="s1_7" word="um" lemma="um" pos="art" morph="M S" extra="--"/>
			<t id="s1_8" word="excelente" lemma="excelente" pos="adj" morph="M S" extra="--"/>
			<t id="s1_9" word="custo" lemma="custo" pos="n" morph="M S" sem="mon" extra="cjt-head cjt-head-Od"/>
			<t id="s1_10" word="/" lemma="$/" pos="conj-c" morph="--" extra="co-acc"/>
			<t id="s1_11" word="benefício" lemma="benefício" pos="n" morph="M S" sem="act-d mon" extra="cjt-Od"/>
			<t id="s1_12" word="e" lemma="e" pos="conj-c" morph="--" extra="--"/>
			<t id="s1_13" word="um" lemma="um" pos="art" morph="M S" extra="--"/>
			<t id="s1_14" word="celular" lemma="celular" pos="adj" morph="M S" extra="cjt-Od n nh"/>
			<t id="s1_15" word="de" lemma="de" pos="prp" morph="--" extra="np-close"/>
			<t id="s1_16" word="ótima" lemma="bom" pos="adj" morph="F S" extra="SUP"/>
			<t id="s1_17" word="durabilidade" lemma="durabilidade" pos="n" morph="F S" sem="am" extra="--"/>
			<t id="s1_18" word="." lemma="--" pos="pu" morph="--" extra="--"/>
		</terminals>

		<nonterminals>
			<nt id="s1_500" cat="s">
				<edge label="STA" idref="s1_501"/>
			</nt>
			<nt id="s1_501" cat="fcl">
				<edge label="P" idref="s1_1"/>
				<edge label="Od" idref="s1_502"/>
				<edge label="fA" idref="s1_503"/>
				<edge label="PU" idref="s1_18"/>
			</nt>
			<nt id="s1_502" cat="np">
				<edge label="DN" idref="s1_2"/>
				<edge label="H" idref="s1_3"/>
			</nt>
			<nt id="s1_503" cat="pp">
				<edge label="H" idref="s1_4"/>
				<edge label="DP" idref="s1_504"/>
			</nt>
			<nt id="s1_504" cat="fcl">
				<edge label="S" idref="s1_5"/>
				<edge label="P" idref="s1_6"/>
				<edge label="Od" idref="s1_505"/>
			</nt>
			<nt id="s1_505" cat="par">
				<edge label="CJT" idref="s1_506"/>
				<edge label="CO" idref="s1_10"/>
				<edge label="CJT" idref="s1_507"/>
				<edge label="CJT" idref="s1_509"/>
			</nt>
			<nt id="s1_506" cat="np">
				<edge label="DN" idref="s1_7"/>
				<edge label="DN" idref="s1_8"/>
				<edge label="H" idref="s1_9"/>
			</nt>
			<nt id="s1_507" cat="np">
				<edge label="H" idref="s1_11"/>
				<edge label="DN" idref="s1_508"/>
			</nt>
			<nt id="s1_508" cat="pp">
				<edge label="CO" idref="s1_12"/>
				<edge label="H" idref="s1_15"/>
				<edge label="DP" idref="s1_510"/>
			</nt>
			<nt id="s1_509" cat="np">
				<edge label="DN" idref="s1_13"/>
				<edge label="H" idref="s1_14"/>
			</nt>
			<nt id="s1_510" cat="np">
				<edge label="DN" idref="s1_16"/>
				<edge label="H" idref="s1_17"/>
			</nt>
		</nonterminals>
	</graph>
</s>

<s id="s2" ref="2" source="Running text" forest="1" text="o que gostei duração da bateria, muitas funções, beleza, entre outras coisas.">
	<graph root="s2_500">
		<terminals>
			<t id="s2_1" word="o" lemma="o" pos="pron-dem" morph="DET M S" extra="dem"/>
			<t id="s2_2" word="que" lemma="que" pos="spec" morph="M S" extra="clb rel"/>
			<t id="s2_3" word="gostei" lemma="gostar" pos="v-fin" morph="PS 1S IND VFIN" extra="vH mv"/>
			<t id="s2_4" word="duração" lemma="duração" pos="n" morph="F S" sem="am" extra="--"/>
			<t id="s2_5" word="de" lemma="de" pos="prp" morph="--" extra="sam- np-close"/>
			<t id="s2_6" word="a" lemma="o" pos="art" morph="F S" extra="-sam "/>
			<t id="s2_7" word="bateria" lemma="bateria" pos="n" morph="F S" sem="tool" extra="--"/>
			<t id="s2_8" word="," lemma="--" pos="pu" morph="--" extra="--"/>
			<t id="s2_9" word="muitas" lemma="muito" pos="pron-indef" morph="DET F P" extra="quant"/>
			<t id="s2_10" word="funções" lemma="função" pos="n" morph="F P" sem="ac pos-soc occ" extra="np-close"/>
			<t id="s2_11" word="," lemma="--" pos="pu" morph="--" extra="--"/>
			<t id="s2_12" word="beleza" lemma="beleza" pos="n" morph="F S" sem="am" extra="np-close"/>
			<t id="s2_13" word="," lemma="--" pos="pu" morph="--" extra="--"/>
			<t id="s2_14" word="entre" lemma="entre" pos="prp" morph="--" extra="--"/>
			<t id="s2_15" word="outras" lemma="outro" pos="pron-indef" morph="DET F P" extra="diff KOMP"/>
			<t id="s2_16" word="coisas" lemma="coisa" pos="n" morph="F P" sem="cc ac" extra="--"/>
			<t id="s2_17" word="." lemma="--" pos="pu" morph="--" extra="--"/>
		</terminals>

		<nonterminals>
			<nt id="s2_500" cat="s">
				<edge label="X" idref="s2_501"/>
			</nt>
			<nt id="s2_501" cat="adjp">
				<edge label="H" idref="s2_1"/>
				<edge label="STA" idref="s2_502"/>
				<edge label="PU" idref="s2_17"/>
			</nt>
			<nt id="s2_502" cat="fcl">
				<edge label="X" idref="s2_2"/>
				<edge label="P" idref="s2_3"/>
				<edge label="S" idref="s2_503"/>
				<edge label="PU" idref="s2_13"/>
				<edge label="fA" idref="s2_507"/>
			</nt>
			<nt id="s2_503" cat="np">
				<edge label="H" idref="s2_4"/>
				<edge label="DN" idref="s2_504"/>
			</nt>
			<nt id="s2_504" cat="pp">
				<edge label="H" idref="s2_5"/>
				<edge label="DP" idref="s2_505"/>
			</nt>
			<nt id="s2_505" cat="np">
				<edge label="DN" idref="s2_6"/>
				<edge label="H" idref="s2_7"/>
				<edge label="PU" idref="s2_8"/>
				<edge label="DNc" idref="s2_506"/>
			</nt>
			<nt id="s2_506" cat="np">
				<edge label="DN" idref="s2_9"/>
				<edge label="H" idref="s2_10"/>
				<edge label="PU" idref="s2_11"/>
				<edge label="DNc" idref="s2_12"/>
			</nt>
			<nt id="s2_507" cat="pp">
				<edge label="H" idref="s2_14"/>
				<edge label="DP" idref="s2_508"/>
			</nt>
			<nt id="s2_508" cat="np">
				<edge label="DN" idref="s2_15"/>
				<edge label="H" idref="s2_16"/>
			</nt>
		</nonterminals>
	</graph>
</s>

<s id="s3" ref="3" source="Running text" forest="1" text="o que não gostei até agora nenhum..">
	<graph root="s3_500">
		<terminals>
			<t id="s3_1" word="o" lemma="o" pos="pron-dem" morph="DET M S" extra="dem"/>
			<t id="s3_2" word="que" lemma="que" pos="spec" morph="M S" extra="clb clb-fs rel"/>
			<t id="s3_3" word="não" lemma="não" pos="adv" morph="--" extra="--"/>
			<t id="s3_4" word="gostei" lemma="gostar" pos="v-fin" morph="PS 1S IND VFIN" extra="vH mv np-close"/>
			<t id="s3_5" word="até" lemma="até" pos="prp" morph="--" extra="--"/>
			<t id="s3_6" word="agora" lemma="agora" pos="adv" morph="--" extra="kc"/>
			<t id="s3_7" word="nenhum" lemma="nenhum" pos="pron-indef" morph="DET M S" extra="quant"/>
			<t id="s3_8" word="." lemma="--" pos="pu" morph="--" extra="--"/>
			<t id="s3_9" word="." lemma="--" pos="pu" morph="--" extra="--"/>
		</terminals>

		<nonterminals>
			<nt id="s3_500" cat="s">
				<edge label="UTT" idref="s3_501"/>
			</nt>
			<nt id="s3_501" cat="x">
				<edge label="X" idref="s3_1"/>
				<edge label="DN" idref="s3_502"/>
				<edge label="S" idref="s3_2"/>
				<edge label="fA" idref="s3_3"/>
				<edge label="P" idref="s3_4"/>
				<edge label="fA" idref="s3_503"/>
				<edge label="Co" idref="s3_7"/>
				<edge label="PU" idref="s3_8"/>
				<edge label="PU" idref="s3_9"/>
			</nt>
			<nt id="s3_502" cat="fcl">
			</nt>
			<nt id="s3_503" cat="pp">
				<edge label="H" idref="s3_5"/>
				<edge label="DP" idref="s3_6"/>
			</nt>
		</nonterminals>
	</graph>
</s>

	</body>
</corpus>
