<?xml version="1.0" encoding="UTF-8"?>
<corpus>

	<body>
<s id="s1" ref="1" source="Running text" forest="1" text="fácil manuseio, simples e pratico..">
	<graph root="s1_500">
		<terminals>
			<t id="s1_1" word="fácil" lemma="fácil" pos="adj" morph="M S" extra="--"/>
			<t id="s1_2" word="manuseio" lemma="manuseio" pos="n" morph="M S" sem="act-d" extra="--"/>
			<t id="s1_3" word="," lemma="--" pos="pu" morph="--" extra="--"/>
			<t id="s1_4" word="simples" lemma="simples" pos="adj" morph="M/F S/P" extra="jh np-close"/>
			<t id="s1_5" word="e" lemma="e" pos="conj-c" morph="--" extra="topkc"/>
			<t id="s1_6" word="pratico" lemma="praticar" pos="v-fin" morph="PR 1S IND VFIN" extra="vH fmc mv"/>
			<t id="s1_7" word="." lemma="--" pos="pu" morph="--" extra="--"/>
			<t id="s1_8" word="." lemma="--" pos="pu" morph="--" extra="--"/>
		</terminals>

		<nonterminals>
			<nt id="s1_500" cat="s">
				<edge label="STA" idref="s1_501"/>
			</nt>
			<nt id="s1_501" cat="fcl">
				<edge label="fAtop" idref="s1_502"/>
				<edge label="CO" idref="s1_5"/>
				<edge label="P" idref="s1_6"/>
				<edge label="PU" idref="s1_7"/>
				<edge label="PU" idref="s1_8"/>
			</nt>
			<nt id="s1_502" cat="np">
				<edge label="DN" idref="s1_1"/>
				<edge label="H" idref="s1_2"/>
				<edge label="PU" idref="s1_3"/>
				<edge label="DNc" idref="s1_4"/>
			</nt>
		</nonterminals>
	</graph>
</s>

	</body>
</corpus>
