<?xml version="1.0" encoding="UTF-8"?>
<corpus>

	<body>
<s id="s1" ref="1" source="Running text" forest="1" text="eu quero um produto bom e também com cartão de memoria o que gostei tudo.">
	<graph root="s1_500">
		<terminals>
			<t id="s1_1" word="eu" lemma="eu" pos="pron-pers" morph="M/F 1S NOM" extra="--"/>
			<t id="s1_2" word="quero" lemma="querer" pos="v-fin" morph="PR 1S IND VFIN" extra="cjt-head cjt-head-STA vH fmc mv"/>
			<t id="s1_3" word="um" lemma="um" pos="art" morph="M S" extra="--"/>
			<t id="s1_4" word="produto" lemma="produto" pos="n" morph="M S" sem="cc-h mon ac-cat" extra="--"/>
			<t id="s1_5" word="bom" lemma="bom" pos="adj" morph="M S" extra="np-close"/>
			<t id="s1_6" word="e" lemma="e" pos="conj-c" morph="--" extra="--"/>
			<t id="s1_7" word="também" lemma="também" pos="adv" morph="--" extra="--"/>
			<t id="s1_8" word="com" lemma="com" pos="prp" morph="--" extra="np-close"/>
			<t id="s1_9" word="cartão" lemma="cartão" pos="n" morph="M S" sem="cm cc-r" extra="--"/>
			<t id="s1_10" word="de" lemma="de" pos="prp" morph="--" extra="np-close"/>
			<t id="s1_11" word="memoria" lemma="memoriar" pos="v-fin" morph="PR 3S IND VFIN" extra="nosubj nosubj cjt-STA vH fmc mv"/>
			<t id="s1_12" word="o" lemma="o" pos="pron-dem" morph="DET M S" extra="dem"/>
			<t id="s1_13" word="que" lemma="que" pos="spec" morph="M S" extra="clb clb-fs rel"/>
			<t id="s1_14" word="gostei" lemma="gostar" pos="v-fin" morph="PS 1S IND VFIN" extra="vH mv np-close"/>
			<t id="s1_15" word="tudo" lemma="tudo" pos="spec" morph="M S" extra="quant"/>
			<t id="s1_16" word="." lemma="--" pos="pu" morph="--" extra="--"/>
		</terminals>

		<nonterminals>
			<nt id="s1_500" cat="s">
				<edge label="STA" idref="s1_501"/>
			</nt>
			<nt id="s1_501" cat="par">
				<edge label="CJT" idref="s1_502"/>
				<edge label="CJT" idref="s1_506"/>
				<edge label="PU" idref="s1_16"/>
			</nt>
			<nt id="s1_502" cat="fcl">
				<edge label="S" idref="s1_1"/>
				<edge label="P" idref="s1_2"/>
				<edge label="Od" idref="s1_503"/>
			</nt>
			<nt id="s1_503" cat="np">
				<edge label="DN" idref="s1_3"/>
				<edge label="H" idref="s1_4"/>
				<edge label="DN" idref="s1_5"/>
				<edge label="DN" idref="s1_504"/>
			</nt>
			<nt id="s1_504" cat="pp">
				<edge label="CO" idref="s1_6"/>
				<edge label="DPmod" idref="s1_7"/>
				<edge label="H" idref="s1_8"/>
				<edge label="DP" idref="s1_505"/>
			</nt>
			<nt id="s1_505" cat="np">
				<edge label="H" idref="s1_9"/>
				<edge label="DN" idref="s1_10"/>
				<edge label="DN" idref="s1_507"/>
			</nt>
			<nt id="s1_506" cat="x">
				<edge label="P" idref="s1_11"/>
				<edge label="Od" idref="s1_12"/>
			</nt>
			<nt id="s1_507" cat="fcl">
				<edge label="S" idref="s1_13"/>
				<edge label="P" idref="s1_14"/>
				<edge label="fA" idref="s1_15"/>
			</nt>
		</nonterminals>
	</graph>
</s>

	</body>
</corpus>
