<?xml version="1.0" encoding="UTF-8"?>
<corpus>

	<body>
<s id="s1" ref="1" source="Running text" forest="1" text="não compraria novamente estou arrependido produto muito ruim.">
	<graph root="s1_500">
		<terminals>
			<t id="s1_1" word="não" lemma="não" pos="adv" morph="--" extra="--"/>
			<t id="s1_2" word="compraria" lemma="comprar" pos="v-fin" morph="COND 1/3S VFIN" extra="nosubj nosubj cjt-head cjt-head-STA vH fmc mv"/>
			<t id="s1_3" word="novamente" lemma="novamente" pos="adv" morph="--" extra="--"/>
			<t id="s1_4" word="estou" lemma="estar" pos="v-fin" morph="PR 1S IND VFIN" extra="nosubj nosubj cjt-STA vK fmc mv"/>
			<t id="s1_5" word="arrependido" lemma="arrependido" pos="adj" morph="M S" extra="--"/>
			<t id="s1_6" word="produto" lemma="produto" pos="n" morph="M S" sem="cc-h mon ac-cat" extra="--"/>
			<t id="s1_7" word="muito" lemma="muito" pos="adv" morph="--" extra="quant"/>
			<t id="s1_8" word="ruim" lemma="ruim" pos="adj" morph="M/F S" extra="np-close"/>
			<t id="s1_9" word="." lemma="--" pos="pu" morph="--" extra="--"/>
		</terminals>

		<nonterminals>
			<nt id="s1_500" cat="s">
				<edge label="STA" idref="s1_501"/>
			</nt>
			<nt id="s1_501" cat="par">
				<edge label="CJT" idref="s1_502"/>
				<edge label="CJT" idref="s1_503"/>
				<edge label="PU" idref="s1_9"/>
			</nt>
			<nt id="s1_502" cat="fcl">
				<edge label="fA" idref="s1_1"/>
				<edge label="P" idref="s1_2"/>
				<edge label="fA" idref="s1_3"/>
			</nt>
			<nt id="s1_503" cat="x">
				<edge label="P" idref="s1_4"/>
				<edge label="Cs" idref="s1_504"/>
			</nt>
			<nt id="s1_504" cat="np">
				<edge label="DN" idref="s1_5"/>
				<edge label="H" idref="s1_6"/>
				<edge label="DN" idref="s1_505"/>
			</nt>
			<nt id="s1_505" cat="adjp">
				<edge label="DA" idref="s1_7"/>
				<edge label="H" idref="s1_8"/>
			</nt>
		</nonterminals>
	</graph>
</s>

<s id="s2" ref="2" source="Running text" forest="1" text="o que gostei ótima filmadora e câmara fotográfica.">
	<graph root="s2_500">
		<terminals>
			<t id="s2_1" word="o" lemma="o" pos="pron-dem" morph="DET M S" extra="dem"/>
			<t id="s2_2" word="que" lemma="que" pos="spec" morph="M S" extra="clb rel"/>
			<t id="s2_3" word="gostei" lemma="gostar" pos="v-fin" morph="PS 1S IND VFIN" extra="vH mv"/>
			<t id="s2_4" word="ótima" lemma="bom" pos="adj" morph="F S" extra="SUP"/>
			<t id="s2_5" word="filmadora" lemma="filmadora" pos="n" morph="F S" sem="mach" extra="cjt-head cjt-head-S"/>
			<t id="s2_6" word="e" lemma="e" pos="conj-c" morph="--" extra="--"/>
			<t id="s2_7" word="câmara" lemma="c�=mara" pos="n" morph="F S" sem="Lh HH" extra="cjt-S"/>
			<t id="s2_8" word="fotográfica" lemma="fotográfico" pos="adj" morph="F S" extra="nh np-close"/>
			<t id="s2_9" word="." lemma="--" pos="pu" morph="--" extra="--"/>
		</terminals>

		<nonterminals>
			<nt id="s2_500" cat="s">
				<edge label="X" idref="s2_501"/>
			</nt>
			<nt id="s2_501" cat="adjp">
				<edge label="H" idref="s2_1"/>
				<edge label="STA" idref="s2_502"/>
				<edge label="PU" idref="s2_9"/>
			</nt>
			<nt id="s2_502" cat="fcl">
				<edge label="X" idref="s2_2"/>
				<edge label="P" idref="s2_3"/>
				<edge label="S" idref="s2_503"/>
			</nt>
			<nt id="s2_503" cat="par">
				<edge label="CJT" idref="s2_504"/>
				<edge label="CJT" idref="s2_505"/>
				<edge label="H" idref="s2_7"/>
			</nt>
			<nt id="s2_504" cat="np">
				<edge label="DN" idref="s2_4"/>
				<edge label="H" idref="s2_5"/>
			</nt>
			<nt id="s2_505" cat="np">
				<edge label="DN" idref="s2_506"/>
				<edge label="-DN" idref="s2_8"/>
			</nt>
			<nt id="s2_506" cat="adjp">
				<edge label="CO" idref="s2_6"/>
			</nt>
		</nonterminals>
	</graph>
</s>

<s id="s3" ref="3" source="Running text" forest="1" text="o que não gostei pesado, muito liso, ao usar a internet ele trava, horrível..">
	<graph root="s3_500">
		<terminals>
			<t id="s3_1" word="o" lemma="o" pos="pron-dem" morph="DET M S" extra="dem"/>
			<t id="s3_2" word="que" lemma="que" pos="spec" morph="M S" extra="clb clb-fs rel"/>
			<t id="s3_3" word="não" lemma="não" pos="adv" morph="--" extra="--"/>
			<t id="s3_4" word="gostei" lemma="gostar" pos="v-fin" morph="PS 1S IND VFIN" extra="vH mv np-close"/>
			<t id="s3_5" word="pesado" lemma="pesado" pos="adj" morph="M S" extra="--"/>
			<t id="s3_6" word="," lemma="--" pos="pu" morph="--" extra="--"/>
			<t id="s3_7" word="muito" lemma="muito" pos="adv" morph="--" extra="quant"/>
			<t id="s3_8" word="liso" lemma="liso" pos="adj" morph="M S" extra="--"/>
			<t id="s3_9" word="," lemma="--" pos="pu" morph="--" extra="--"/>
			<t id="s3_10" word="a" lemma="a" pos="prp" morph="--" extra="sam-"/>
			<t id="s3_11" word="o" lemma="o" pos="art" morph="M S" extra="-sam "/>
			<t id="s3_12" word="usar" lemma="usar" pos="v-inf" morph="--" extra="vH mv"/>
			<t id="s3_13" word="a" lemma="o" pos="art" morph="F S" extra="--"/>
			<t id="s3_14" word="internet" lemma="internet" pos="n" morph="F S" extra="newlex"/>
			<t id="s3_15" word="ele" lemma="ele" pos="pron-pers" morph="M 3S NOM" extra="--"/>
			<t id="s3_16" word="trava" lemma="travar" pos="v-fin" morph="PR 3S IND VFIN" extra="fmc mv"/>
			<t id="s3_17" word="," lemma="--" pos="pu" morph="--" extra="--"/>
			<t id="s3_18" word="horrível" lemma="horrível" pos="adj" morph="M/F S" extra="jh"/>
			<t id="s3_19" word="." lemma="--" pos="pu" morph="--" extra="--"/>
			<t id="s3_20" word="." lemma="--" pos="pu" morph="--" extra="--"/>
		</terminals>

		<nonterminals>
			<nt id="s3_500" cat="s">
				<edge label="UTT" idref="s3_501"/>
			</nt>
			<nt id="s3_501" cat="x">
				<edge label="DN" idref="s3_503"/>
				<edge label="S" idref="s3_2"/>
				<edge label="fA" idref="s3_3"/>
				<edge label="P" idref="s3_4"/>
				<edge label="fCs" idref="s3_5"/>
				<edge label="PU" idref="s3_6"/>
				<edge label="fCs" idref="s3_504"/>
				<edge label="PU" idref="s3_9"/>
				<edge label="fA" idref="s3_505"/>
				<edge label="PU" idref="s3_19"/>
				<edge label="PU" idref="s3_20"/>
			</nt>
			<nt id="s3_502" cat="fcl">
				<edge label="S" idref="s3_1"/>
			</nt>
			<nt id="s3_503" cat="fcl">
			</nt>
			<nt id="s3_504" cat="adjp">
				<edge label="DA" idref="s3_7"/>
				<edge label="H" idref="s3_8"/>
			</nt>
			<nt id="s3_505" cat="pp">
				<edge label="H" idref="s3_10"/>
				<edge label="DP" idref="s3_506"/>
			</nt>
			<nt id="s3_506" cat="np">
				<edge label="DN" idref="s3_11"/>
				<edge label="P" idref="s3_12"/>
				<edge label="Od" idref="s3_507"/>
			</nt>
			<nt id="s3_507" cat="np">
				<edge label="DN" idref="s3_13"/>
				<edge label="H" idref="s3_14"/>
				<edge label="S" idref="s3_15"/>
				<edge label="P" idref="s3_16"/>
				<edge label="PU" idref="s3_17"/>
				<edge label="fCs" idref="s3_18"/>
			</nt>
		</nonterminals>
	</graph>
</s>

	</body>
</corpus>
