<?xml version="1.0" encoding="UTF-8"?>
<corpus>

	<body>
<s id="s1" ref="1" source="Running text" forest="1" text="apesar de estar pouco tempo com o produto, tenho certeza de que não trocarei tão cedo de celular.">
	<graph root="s1_500">
		<terminals>
			<t id="s1_1" word="apesar_de" lemma="apesar_de" pos="prp" morph="--" extra="--"/>
			<t id="s1_2" word="estar" lemma="estar" pos="v-inf" morph="--" extra="vK mv"/>
			<t id="s1_3" word="pouco" lemma="pouco" pos="pron-indef" morph="DET M S" extra="quant"/>
			<t id="s1_4" word="tempo" lemma="tempo" pos="n" morph="M S" sem="am temp per ac-cat wea" extra="--"/>
			<t id="s1_5" word="com" lemma="com" pos="prp" morph="--" extra="--"/>
			<t id="s1_6" word="o" lemma="o" pos="art" morph="M S" extra="--"/>
			<t id="s1_7" word="produto" lemma="produto" pos="n" morph="M S" sem="cc-h mon ac-cat" extra="--"/>
			<t id="s1_8" word="," lemma="--" pos="pu" morph="--" extra="--"/>
			<t id="s1_9" word="tenho" lemma="ter" pos="v-fin" morph="PR 1S IND VFIN" extra="fmc mv"/>
			<t id="s1_10" word="certeza" lemma="certeza" pos="n" morph="F S" sem="am" extra="--"/>
			<t id="s1_11" word="de" lemma="de" pos="prp" morph="--" extra="np-close"/>
			<t id="s1_12" word="que" lemma="que" pos="conj-s" morph="--" extra="clb clb-fs"/>
			<t id="s1_13" word="não" lemma="não" pos="adv" morph="--" extra="--"/>
			<t id="s1_14" word="trocarei" lemma="trocar" pos="v-fin" morph="FUT 1S IND VFIN" extra="vH mv"/>
			<t id="s1_15" word="tão" lemma="tão" pos="adv" morph="--" extra="dem quant"/>
			<t id="s1_16" word="cedo" lemma="cedo" pos="adv" morph="--" sem="pp" extra="--"/>
			<t id="s1_17" word="de" lemma="de" pos="prp" morph="--" extra="--"/>
			<t id="s1_18" word="celular" lemma="celular" pos="adj" morph="M/F S" extra="nh"/>
			<t id="s1_19" word="." lemma="--" pos="pu" morph="--" extra="--"/>
		</terminals>

		<nonterminals>
			<nt id="s1_500" cat="s">
				<edge label="STA" idref="s1_501"/>
			</nt>
			<nt id="s1_501" cat="fcl">
				<edge label="fA" idref="s1_502"/>
				<edge label="PU" idref="s1_8"/>
				<edge label="P" idref="s1_9"/>
				<edge label="Od" idref="s1_507"/>
				<edge label="PU" idref="s1_19"/>
			</nt>
			<nt id="s1_502" cat="pp">
				<edge label="H" idref="s1_1"/>
				<edge label="DP" idref="s1_503"/>
			</nt>
			<nt id="s1_503" cat="icl">
				<edge label="P" idref="s1_2"/>
				<edge label="fA" idref="s1_504"/>
				<edge label="Cs" idref="s1_505"/>
			</nt>
			<nt id="s1_504" cat="np">
				<edge label="DN" idref="s1_3"/>
				<edge label="H" idref="s1_4"/>
			</nt>
			<nt id="s1_505" cat="pp">
				<edge label="H" idref="s1_5"/>
				<edge label="DP" idref="s1_506"/>
			</nt>
			<nt id="s1_506" cat="np">
				<edge label="DN" idref="s1_6"/>
				<edge label="H" idref="s1_7"/>
			</nt>
			<nt id="s1_507" cat="np">
				<edge label="H" idref="s1_10"/>
				<edge label="DN" idref="s1_508"/>
			</nt>
			<nt id="s1_508" cat="pp">
				<edge label="H" idref="s1_11"/>
				<edge label="DP" idref="s1_509"/>
			</nt>
			<nt id="s1_509" cat="fcl">
				<edge label="SUB" idref="s1_12"/>
				<edge label="fA" idref="s1_13"/>
				<edge label="P" idref="s1_14"/>
				<edge label="fA" idref="s1_15"/>
				<edge label="fA" idref="s1_16"/>
				<edge label="Op" idref="s1_510"/>
			</nt>
			<nt id="s1_510" cat="pp">
				<edge label="H" idref="s1_17"/>
				<edge label="DP" idref="s1_18"/>
			</nt>
		</nonterminals>
	</graph>
</s>

<s id="s2" ref="2" source="Running text" forest="1" text="alta qualidade em todas as funcionalidades.">
	<graph root="s2_500">
		<terminals>
			<t id="s2_1" word="alta" lemma="alto" pos="adj" morph="F S" extra="--"/>
			<t id="s2_2" word="qualidade" lemma="qualidade" pos="n" morph="F S" sem="percep-f f-c" extra="--"/>
			<t id="s2_3" word="em" lemma="em" pos="prp" morph="--" extra="np-close"/>
			<t id="s2_4" word="todas_as" lemma="todo_o" pos="pron-indef" morph="DET F P" extra="quant"/>
			<t id="s2_5" word="funcionalidades" lemma="funcionalidade" pos="n" morph="F P" sem="percep-f" extra="--"/>
			<t id="s2_6" word="." lemma="--" pos="pu" morph="--" extra="--"/>
		</terminals>

		<nonterminals>
			<nt id="s2_500" cat="s">
				<edge label="X" idref="s2_501"/>
			</nt>
			<nt id="s2_501" cat="np">
				<edge label="DN" idref="s2_1"/>
				<edge label="H" idref="s2_2"/>
				<edge label="DN" idref="s2_502"/>
				<edge label="PU" idref="s2_6"/>
			</nt>
			<nt id="s2_502" cat="pp">
				<edge label="H" idref="s2_3"/>
				<edge label="DP" idref="s2_503"/>
			</nt>
			<nt id="s2_503" cat="np">
				<edge label="DN" idref="s2_4"/>
				<edge label="H" idref="s2_5"/>
			</nt>
		</nonterminals>
	</graph>
</s>

<s id="s3" ref="3" source="Running text" forest="1" text="não tenho do que reclamar.">
	<graph root="s3_500">
		<terminals>
			<t id="s3_1" word="não" lemma="não" pos="adv" morph="--" extra="--"/>
			<t id="s3_2" word="tenho" lemma="ter" pos="v-fin" morph="PR 1S IND VFIN" extra="fmc mv"/>
			<t id="s3_3" word="de" lemma="de" pos="prp" morph="--" extra="sam-"/>
			<t id="s3_4" word="o" lemma="o" pos="pron-indef" morph="DET M S" extra="-sam"/>
			<t id="s3_5" word="que" lemma="que" pos="spec" morph="M S" extra="clb-fs rel"/>
			<t id="s3_6" word="reclamar" lemma="reclamar" pos="v-inf" morph="3S" extra="vH mv"/>
			<t id="s3_7" word="." lemma="--" pos="pu" morph="--" extra="--"/>
		</terminals>

		<nonterminals>
			<nt id="s3_500" cat="s">
				<edge label="STA" idref="s3_501"/>
			</nt>
			<nt id="s3_501" cat="fcl">
				<edge label="fA" idref="s3_1"/>
				<edge label="P" idref="s3_2"/>
				<edge label="fA" idref="s3_502"/>
				<edge label="Od" idref="s3_503"/>
				<edge label="PU" idref="s3_7"/>
			</nt>
			<nt id="s3_502" cat="pp">
				<edge label="H" idref="s3_3"/>
				<edge label="DP" idref="s3_4"/>
			</nt>
			<nt id="s3_503" cat="fcl">
				<edge label="S" idref="s3_5"/>
				<edge label="P" idref="s3_6"/>
			</nt>
		</nonterminals>
	</graph>
</s>

<s id="s4" ref="4" source="Running text" forest="1" text="o que gostei espaço amplo de armazenamento.">
	<graph root="s4_500">
		<terminals>
			<t id="s4_1" word="o" lemma="o" pos="pron-dem" morph="DET M S" extra="dem"/>
			<t id="s4_2" word="que" lemma="que" pos="spec" morph="M S" extra="clb clb-fs rel"/>
			<t id="s4_3" word="gostei" lemma="gostar" pos="v-fin" morph="PS 1S IND VFIN" extra="vH mv np-close"/>
			<t id="s4_4" word="espaço" lemma="espaço" pos="n" morph="M S" sem="Labs Ltop" extra="--"/>
			<t id="s4_5" word="amplo" lemma="amplo" pos="adj" morph="M S" extra="nh np-close"/>
			<t id="s4_6" word="de" lemma="de" pos="prp" morph="--" extra="np-close"/>
			<t id="s4_7" word="armazenamento" lemma="armazenamento" pos="n" morph="M S" sem="act" extra="--"/>
			<t id="s4_8" word="." lemma="--" pos="pu" morph="--" extra="--"/>
		</terminals>

		<nonterminals>
			<nt id="s4_500" cat="s">
				<edge label="UTT" idref="s4_501"/>
			</nt>
			<nt id="s4_501" cat="x">
				<edge label="X" idref="s4_1"/>
				<edge label="DN" idref="s4_502"/>
				<edge label="S" idref="s4_2"/>
				<edge label="P" idref="s4_3"/>
				<edge label="fCs" idref="s4_503"/>
				<edge label="H" idref="s4_4"/>
				<edge label="DN" idref="s4_5"/>
				<edge label="DN" idref="s4_504"/>
				<edge label="PU" idref="s4_8"/>
			</nt>
			<nt id="s4_502" cat="fcl">
			</nt>
			<nt id="s4_503" cat="np">
			</nt>
			<nt id="s4_504" cat="pp">
				<edge label="H" idref="s4_6"/>
				<edge label="DP" idref="s4_7"/>
			</nt>
		</nonterminals>
	</graph>
</s>

<s id="s5" ref="5" source="Running text" forest="1" text="facilidade de navegação.">
	<graph root="s5_500">
		<terminals>
			<t id="s5_1" word="facilidade" lemma="facilidade" pos="n" morph="F S" sem="am" extra="--"/>
			<t id="s5_2" word="de" lemma="de" pos="prp" morph="--" extra="np-close"/>
			<t id="s5_3" word="navegação" lemma="navegação" pos="n" morph="F S" sem="act" extra="--"/>
			<t id="s5_4" word="." lemma="--" pos="pu" morph="--" extra="--"/>
		</terminals>

		<nonterminals>
			<nt id="s5_500" cat="s">
				<edge label="X" idref="s5_501"/>
			</nt>
			<nt id="s5_501" cat="np">
				<edge label="H" idref="s5_1"/>
				<edge label="DN" idref="s5_502"/>
				<edge label="PU" idref="s5_4"/>
			</nt>
			<nt id="s5_502" cat="pp">
				<edge label="H" idref="s5_2"/>
				<edge label="DP" idref="s5_3"/>
			</nt>
		</nonterminals>
	</graph>
</s>

<s id="s6" ref="6" source="Running text" forest="1" text="alta qualidade da câmera, e resolução de vídeo muito boa.">
	<graph root="s6_500">
		<terminals>
			<t id="s6_1" word="alta" lemma="alto" pos="adj" morph="F S" extra="--"/>
			<t id="s6_2" word="qualidade" lemma="qualidade" pos="n" morph="F S" sem="percep-f f-c" extra="--"/>
			<t id="s6_3" word="de" lemma="de" pos="prp" morph="--" extra="sam- np-close"/>
			<t id="s6_4" word="a" lemma="o" pos="art" morph="F S" extra="-sam "/>
			<t id="s6_5" word="câmera" lemma="c�=mera" pos="n" morph="F S" sem="tool" extra="--"/>
			<t id="s6_6" word="," lemma="--" pos="pu" morph="--" extra="--"/>
			<t id="s6_7" word="e" lemma="e" pos="conj-c" morph="--" extra="--"/>
			<t id="s6_8" word="resolução" lemma="resolução" pos="n" morph="F S" sem="act" extra="--"/>
			<t id="s6_9" word="de" lemma="de" pos="prp" morph="--" extra="np-close"/>
			<t id="s6_10" word="vídeo" lemma="vídeo" pos="n" morph="M S" sem="sem-w" extra="--"/>
			<t id="s6_11" word="muito" lemma="muito" pos="adv" morph="--" extra="quant"/>
			<t id="s6_12" word="boa" lemma="bom" pos="adj" morph="F S" extra="jh np-close"/>
			<t id="s6_13" word="." lemma="--" pos="pu" morph="--" extra="--"/>
		</terminals>

		<nonterminals>
			<nt id="s6_500" cat="s">
				<edge label="X" idref="s6_501"/>
			</nt>
			<nt id="s6_501" cat="np">
				<edge label="DN" idref="s6_1"/>
				<edge label="H" idref="s6_2"/>
				<edge label="DN" idref="s6_502"/>
				<edge label="PU" idref="s6_6"/>
				<edge label="fCs" idref="s6_504"/>
				<edge label="PU" idref="s6_13"/>
			</nt>
			<nt id="s6_502" cat="pp">
				<edge label="H" idref="s6_3"/>
				<edge label="DP" idref="s6_503"/>
				<edge label="H" idref="s6_5"/>
			</nt>
			<nt id="s6_503" cat="np">
				<edge label="DN" idref="s6_4"/>
			</nt>
			<nt id="s6_504" cat="np">
				<edge label="DN" idref="s6_505"/>
				<edge label="H" idref="s6_8"/>
				<edge label="-DN" idref="s6_9"/>
			</nt>
			<nt id="s6_505" cat="pp">
				<edge label="CO" idref="s6_7"/>
				<edge label="DP" idref="s6_506"/>
			</nt>
			<nt id="s6_506" cat="np">
				<edge label="H" idref="s6_10"/>
				<edge label="DN" idref="s6_507"/>
			</nt>
			<nt id="s6_507" cat="adjp">
				<edge label="DA" idref="s6_11"/>
				<edge label="H" idref="s6_12"/>
			</nt>
		</nonterminals>
	</graph>
</s>

<s id="s7" ref="7" source="Running text" forest="1" text="ao contrário de muitos celulares, não é apenas bonitinho e com camera e mp3, o serviço de telefonia é de alta qualidade.">
	<graph root="s7_500">
		<terminals>
			<t id="s7_1" word="ao_contrário_de" lemma="ao_contrário_de" pos="prp" morph="--" extra="--"/>
			<t id="s7_2" word="muitos" lemma="muito" pos="pron-indef" morph="DET M P" extra="quant"/>
			<t id="s7_3" word="celulares" lemma="celular" pos="adj" morph="M P" extra="n nh"/>
			<t id="s7_4" word="," lemma="--" pos="pu" morph="--" extra="--"/>
			<t id="s7_5" word="não" lemma="não" pos="adv" morph="--" extra="--"/>
			<t id="s7_6" word="é" lemma="ser" pos="v-fin" morph="PR 3S IND VFIN" extra="nosubj nosubj cjt-head cjt-head-STA vK fmc mv"/>
			<t id="s7_7" word="apenas" lemma="apenas" pos="adv" morph="--" extra="--"/>
			<t id="s7_8" word="bonitinho" lemma="bonitinho" pos="adj" morph="M S" extra="cjt-head cjt-head-Cs DERS jh"/>
			<t id="s7_9" word="e" lemma="e" pos="conj-c" morph="--" extra="--"/>
			<t id="s7_10" word="com" lemma="com" pos="prp" morph="--" extra="cjt-Cs"/>
			<t id="s7_11" word="camera" lemma="c�=mara" pos="n" morph="F S" sem="Lh HH" extra="cjt-head cjt-head-DP"/>
			<t id="s7_12" word="e" lemma="e" pos="conj-c" morph="--" extra="--"/>
			<t id="s7_13" word="mp3" lemma="mp3" pos="n" morph="M S" extra="cjt-DP heur"/>
			<t id="s7_14" word="," lemma="--" pos="pu" morph="--" extra="--"/>
			<t id="s7_15" word="o" lemma="o" pos="art" morph="M S" extra="--"/>
			<t id="s7_16" word="serviço" lemma="serviço" pos="n" morph="M S" sem="act-d" extra="--"/>
			<t id="s7_17" word="de" lemma="de" pos="prp" morph="--" extra="np-close"/>
			<t id="s7_18" word="telefonia" lemma="telefonia" pos="n" morph="F S" sem="activity" extra="--"/>
			<t id="s7_19" word="é" lemma="ser" pos="v-fin" morph="PR 3S IND VFIN" extra="cjt-STA vK fmc mv"/>
			<t id="s7_20" word="de" lemma="de" pos="prp" morph="--" extra="--"/>
			<t id="s7_21" word="alta" lemma="alto" pos="adj" morph="F S" extra="--"/>
			<t id="s7_22" word="qualidade" lemma="qualidade" pos="n" morph="F S" sem="percep-f f-c" extra="--"/>
			<t id="s7_23" word="." lemma="--" pos="pu" morph="--" extra="--"/>
		</terminals>

		<nonterminals>
			<nt id="s7_500" cat="s">
				<edge label="STA" idref="s7_501"/>
			</nt>
			<nt id="s7_501" cat="par">
				<edge label="CJT" idref="s7_502"/>
				<edge label="CJT" idref="s7_507"/>
				<edge label="PU" idref="s7_23"/>
			</nt>
			<nt id="s7_502" cat="fcl">
				<edge label="fA" idref="s7_503"/>
				<edge label="PU" idref="s7_4"/>
				<edge label="fA" idref="s7_5"/>
				<edge label="P" idref="s7_6"/>
				<edge label="Cs" idref="s7_505"/>
			</nt>
			<nt id="s7_503" cat="pp">
				<edge label="H" idref="s7_1"/>
				<edge label="DP" idref="s7_504"/>
			</nt>
			<nt id="s7_504" cat="np">
				<edge label="DN" idref="s7_2"/>
				<edge label="H" idref="s7_3"/>
			</nt>
			<nt id="s7_505" cat="par">
				<edge label="CJT" idref="s7_506"/>
			</nt>
			<nt id="s7_506" cat="adjp">
				<edge label="DA" idref="s7_7"/>
				<edge label="H" idref="s7_8"/>
			</nt>
			<nt id="s7_507" cat="fcl">
				<edge label="S" idref="s7_508"/>
				<edge label="P" idref="s7_19"/>
				<edge label="Cs" idref="s7_512"/>
			</nt>
			<nt id="s7_508" cat="np">
				<edge label="DN" idref="s7_509"/>
				<edge label="CJT" idref="s7_510"/>
				<edge label="DP" idref="s7_511"/>
				<edge label="PU" idref="s7_14"/>
				<edge label="DN" idref="s7_15"/>
				<edge label="H" idref="s7_16"/>
				<edge label="-DN" idref="s7_17"/>
			</nt>
			<nt id="s7_509" cat="pp">
				<edge label="CO" idref="s7_9"/>
				<edge label="CO" idref="s7_12"/>
				<edge label="DP" idref="s7_18"/>
			</nt>
			<nt id="s7_510" cat="pp">
				<edge label="H" idref="s7_10"/>
			</nt>
			<nt id="s7_511" cat="par">
				<edge label="CJT" idref="s7_11"/>
			</nt>
			<nt id="s7_512" cat="pp">
				<edge label="H" idref="s7_20"/>
				<edge label="DP" idref="s7_513"/>
			</nt>
			<nt id="s7_513" cat="np">
				<edge label="DN" idref="s7_21"/>
				<edge label="H" idref="s7_22"/>
			</nt>
		</nonterminals>
	</graph>
</s>

<s id="s8" ref="8" source="Running text" forest="1" text="design arrojado.">
	<graph root="s8_500">
		<terminals>
			<t id="s8_1" word="design" lemma="design" pos="n" morph="M S" sem="percep-f domain" extra="--"/>
			<t id="s8_2" word="arrojado" lemma="arrojado" pos="adj" morph="M S" extra="jh np-close"/>
			<t id="s8_3" word="." lemma="--" pos="pu" morph="--" extra="--"/>
		</terminals>

		<nonterminals>
			<nt id="s8_500" cat="s">
				<edge label="X" idref="s8_501"/>
			</nt>
			<nt id="s8_501" cat="np">
				<edge label="H" idref="s8_1"/>
				<edge label="DN" idref="s8_2"/>
				<edge label="PU" idref="s8_3"/>
			</nt>
		</nonterminals>
	</graph>
</s>

<s id="s9" ref="9" source="Running text" forest="1" text="o que não gostei acho que a única coisa em que a sony ericsson pecou, foi em liberar extensão de memória máxima, próxima a padrão.">
	<graph root="s9_500">
		<terminals>
			<t id="s9_1" word="o" lemma="o" pos="pron-dem" morph="DET M S" extra="dem"/>
			<t id="s9_2" word="que" lemma="que" pos="spec" morph="M S" extra="clb clb-fs rel"/>
			<t id="s9_3" word="não" lemma="não" pos="adv" morph="--" extra="--"/>
			<t id="s9_4" word="gostei" lemma="gostar" pos="v-fin" morph="PS 1S IND VFIN" extra="vH mv np-close"/>
			<t id="s9_5" word="acho" lemma="achar" pos="v-fin" morph="PR 1S IND VFIN" extra="cjt-head cjt-head-STA vH fmc mv"/>
			<t id="s9_6" word="que" lemma="que" pos="conj-s" morph="--" extra="clb clb-fs"/>
			<t id="s9_7" word="a" lemma="o" pos="art" morph="F S" extra="--"/>
			<t id="s9_8" word="única" lemma="único" pos="adj" morph="F S" extra="--"/>
			<t id="s9_9" word="coisa" lemma="coisa" pos="n" morph="F S" sem="cc ac" extra="--"/>
			<t id="s9_10" word="em" lemma="em" pos="prp" morph="--" extra="np-close"/>
			<t id="s9_11" word="que" lemma="que" pos="spec" morph="M S" extra="rel"/>
			<t id="s9_12" word="a" lemma="o" pos="art" morph="F S" extra="--"/>
			<t id="s9_13" word="sony" lemma="sony" pos="n" morph="F S" extra="foreign heur"/>
			<t id="s9_14" word="ericsson" lemma="ericsson" pos="n" morph="M S" extra="foreign heur"/>
			<t id="s9_15" word="pecou" lemma="pecar" pos="v-fin" morph="PS 3S IND VFIN" extra="vH mv"/>
			<t id="s9_16" word="," lemma="--" pos="pu" morph="--" extra="--"/>
			<t id="s9_17" word="foi" lemma="ser" pos="v-fin" morph="PS 3S IND VFIN" extra="cjt-STA vK fmc mv"/>
			<t id="s9_18" word="em" lemma="em" pos="prp" morph="--" extra="--"/>
			<t id="s9_19" word="liberar" lemma="liberar" pos="v-inf" morph="--" extra="vH mv"/>
			<t id="s9_20" word="extensão" lemma="extensão" pos="n" morph="F S" sem="am" extra="--"/>
			<t id="s9_21" word="de_memória" lemma="de_memória" pos="adv" morph="--" sem="pp" extra="--"/>
			<t id="s9_22" word="máxima" lemma="grande" pos="adj" morph="F S" extra="SUP"/>
			<t id="s9_23" word="," lemma="--" pos="pu" morph="--" extra="--"/>
			<t id="s9_24" word="próxima" lemma="próximo" pos="adj" morph="F S" extra="--"/>
			<t id="s9_25" word="a" lemma="a" pos="prp" morph="--" extra="--"/>
			<t id="s9_26" word="padrão" lemma="padrão" pos="n" morph="M S" sem="ac" extra="--"/>
			<t id="s9_27" word="." lemma="--" pos="pu" morph="--" extra="--"/>
		</terminals>

		<nonterminals>
			<nt id="s9_500" cat="s">
				<edge label="STA" idref="s9_501"/>
			</nt>
			<nt id="s9_501" cat="par">
				<edge label="CJT" idref="s9_502"/>
				<edge label="DN" idref="s9_503"/>
				<edge label="S" idref="s9_2"/>
				<edge label="fA" idref="s9_3"/>
				<edge label="P" idref="s9_4"/>
				<edge label="CJT" idref="s9_505"/>
				<edge label="PU" idref="s9_27"/>
			</nt>
			<nt id="s9_502" cat="fcl">
				<edge label="S" idref="s9_1"/>
			</nt>
			<nt id="s9_503" cat="fcl">
				<edge label="P" idref="s9_5"/>
				<edge label="Od" idref="s9_504"/>
			</nt>
			<nt id="s9_504" cat="fcl">
				<edge label="SUB" idref="s9_6"/>
			</nt>
			<nt id="s9_505" cat="fcl">
				<edge label="S" idref="s9_506"/>
				<edge label="PU" idref="s9_16"/>
				<edge label="P" idref="s9_17"/>
				<edge label="Cs" idref="s9_509"/>
			</nt>
			<nt id="s9_506" cat="np">
				<edge label="DN" idref="s9_7"/>
				<edge label="DN" idref="s9_8"/>
				<edge label="H" idref="s9_9"/>
				<edge label="DN" idref="s9_507"/>
				<edge label="S" idref="s9_508"/>
				<edge label="S" idref="s9_14"/>
				<edge label="P" idref="s9_15"/>
			</nt>
			<nt id="s9_507" cat="pp">
				<edge label="H" idref="s9_10"/>
				<edge label="DP" idref="s9_11"/>
			</nt>
			<nt id="s9_508" cat="np">
				<edge label="DN" idref="s9_12"/>
				<edge label="H" idref="s9_13"/>
			</nt>
			<nt id="s9_509" cat="pp">
				<edge label="H" idref="s9_18"/>
				<edge label="DP" idref="s9_510"/>
			</nt>
			<nt id="s9_510" cat="icl">
				<edge label="P" idref="s9_19"/>
				<edge label="Od" idref="s9_20"/>
				<edge label="fA" idref="s9_21"/>
				<edge label="fCs" idref="s9_22"/>
				<edge label="PU" idref="s9_23"/>
				<edge label="fCs" idref="s9_511"/>
			</nt>
			<nt id="s9_511" cat="adjp">
				<edge label="H" idref="s9_24"/>
				<edge label="DA" idref="s9_512"/>
			</nt>
			<nt id="s9_512" cat="pp">
				<edge label="H" idref="s9_25"/>
				<edge label="DP" idref="s9_26"/>
			</nt>
		</nonterminals>
	</graph>
</s>

<s id="s10" ref="10" source="Running text" forest="1" text="e ele poderia ser um pouco menor..">
	<graph root="s10_500">
		<terminals>
			<t id="s10_1" word="e" lemma="e" pos="conj-c" morph="--" extra="topkc"/>
			<t id="s10_2" word="ele" lemma="ele" pos="pron-pers" morph="M 3S NOM" extra="--"/>
			<t id="s10_3" word="poderia" lemma="poder" pos="v-fin" morph="COND 3S VFIN" extra="fmc aux"/>
			<t id="s10_4" word="ser" lemma="ser" pos="v-inf" morph="--" extra="vK mv"/>
			<t id="s10_5" word="um_pouco" lemma="um_pouco" pos="adv" morph="--" extra="quant"/>
			<t id="s10_6" word="menor" lemma="pequeno" pos="adj" morph="M S" extra="KOMP jh"/>
			<t id="s10_7" word="." lemma="--" pos="pu" morph="--" extra="--"/>
			<t id="s10_8" word="." lemma="--" pos="pu" morph="--" extra="--"/>
		</terminals>

		<nonterminals>
			<nt id="s10_500" cat="s">
				<edge label="STA" idref="s10_501"/>
			</nt>
			<nt id="s10_501" cat="fcl">
				<edge label="CO" idref="s10_1"/>
				<edge label="S" idref="s10_2"/>
				<edge label="P" idref="s10_502"/>
				<edge label="Cs" idref="s10_503"/>
				<edge label="PU" idref="s10_7"/>
				<edge label="PU" idref="s10_8"/>
			</nt>
			<nt id="s10_502" cat="vp">
				<edge label="Vaux" idref="s10_3"/>
				<edge label="Vm" idref="s10_4"/>
			</nt>
			<nt id="s10_503" cat="adjp">
				<edge label="DA" idref="s10_5"/>
				<edge label="H" idref="s10_6"/>
			</nt>
		</nonterminals>
	</graph>
</s>

	</body>
</corpus>
