<?xml version="1.0" encoding="UTF-8"?>
<corpus>

	<body>
<s id="s1" ref="1" source="Running text" forest="1" text="em minha opinião achei muito bom, pois mp3 player tem um áudio incrível, câmera a resolução é perfeita, agenda deixa nossos contatos organizados e com design bonito, os jogos ficam bem bonitos e mais fáceis de mexer.">
	<graph root="s1_500">
		<terminals>
			<t id="s1_1" word="em" lemma="em" pos="prp" morph="--" extra="--"/>
			<t id="s1_2" word="minha" lemma="meu" pos="pron-poss" morph="DET F S" extra="poss 1S"/>
			<t id="s1_3" word="opinião" lemma="opinião" pos="n" morph="F S" sem="sem-c" extra="--"/>
			<t id="s1_4" word="achei" lemma="achar" pos="v-fin" morph="PS 1S IND VFIN" extra="nosubj nosubj nosubj nosubj nosubj nosubj nosubj nosubj cjt-head cjt-head-STA vH fmc mv"/>
			<t id="s1_5" word="muito" lemma="muito" pos="adv" morph="--" extra="quant"/>
			<t id="s1_6" word="bom" lemma="bom" pos="adj" morph="M S" extra="jh"/>
			<t id="s1_7" word="," lemma="--" pos="pu" morph="--" extra="--"/>
			<t id="s1_8" word="pois" lemma="pois" pos="conj-s" morph="--" extra="clb"/>
			<t id="s1_9" word="mp3" lemma="mp3" pos="n" morph="M S" extra="heur"/>
			<t id="s1_10" word="player" lemma="player" pos="n" morph="M S" sem="tool" extra="--"/>
			<t id="s1_11" word="tem" lemma="ter" pos="v-fin" morph="PR 3S IND VFIN" extra="cjt-STA fmc mv"/>
			<t id="s1_12" word="um" lemma="um" pos="art" morph="M S" extra="--"/>
			<t id="s1_13" word="áudio" lemma="áudio" pos="n" morph="M S" sem="tool" extra="--"/>
			<t id="s1_14" word="incrível" lemma="incrível" pos="adj" morph="M S" extra="nh np-close"/>
			<t id="s1_15" word="," lemma="--" pos="pu" morph="--" extra="--"/>
			<t id="s1_16" word="câmera" lemma="c�=mera" pos="n" morph="F S" sem="tool" extra="--"/>
			<t id="s1_17" word="a" lemma="o" pos="art" morph="F S" extra="--"/>
			<t id="s1_18" word="resolução" lemma="resolução" pos="n" morph="F S" sem="act" extra="--"/>
			<t id="s1_19" word="é" lemma="ser" pos="v-fin" morph="PR 3S IND VFIN" extra="cjt-STA vK fmc mv"/>
			<t id="s1_20" word="perfeita" lemma="perfeito" pos="adj" morph="F S" extra="jh"/>
			<t id="s1_21" word="," lemma="--" pos="pu" morph="--" extra="--"/>
			<t id="s1_22" word="agenda" lemma="agenda" pos="n" morph="F S" sem="sem-c cc-r" extra="--"/>
			<t id="s1_23" word="deixa" lemma="deixar" pos="v-fin" morph="PR 3S IND VFIN" extra="cjt-STA fmc mv"/>
			<t id="s1_24" word="nossos" lemma="nosso" pos="pron-poss" morph="DET M P" extra="poss 1P"/>
			<t id="s1_25" word="contatos" lemma="contato" pos="n" morph="M P" sem="ac H" extra="--"/>
			<t id="s1_26" word="organizados" lemma="organizado" pos="adj" morph="M P" extra="nh"/>
			<t id="s1_27" word="e" lemma="e" pos="conj-c" morph="--" extra="--"/>
			<t id="s1_28" word="com" lemma="com" pos="prp" morph="--" extra="--"/>
			<t id="s1_29" word="design" lemma="design" pos="n" morph="M S" sem="percep-f domain" extra="--"/>
			<t id="s1_30" word="bonito" lemma="bonito" pos="adj" morph="M S" extra="jh np-close"/>
			<t id="s1_31" word="," lemma="--" pos="pu" morph="--" extra="--"/>
			<t id="s1_32" word="os" lemma="o" pos="art" morph="M P" extra="--"/>
			<t id="s1_33" word="jogos" lemma="jogo" pos="n" morph="M P" sem="activity occ cc-h game" extra="--"/>
			<t id="s1_34" word="ficam" lemma="ficar" pos="v-fin" morph="PR 3P IND VFIN" extra="cjt-STA vK fmc mv"/>
			<t id="s1_35" word="bem" lemma="bem" pos="adv" morph="--" extra="quant"/>
			<t id="s1_36" word="bonitos" lemma="bonito" pos="adj" morph="M P" extra="cjt-head cjt-head-Cs jh"/>
			<t id="s1_37" word="e" lemma="e" pos="conj-c" morph="--" extra="--"/>
			<t id="s1_38" word="mais" lemma="mais" pos="adv" morph="--" extra="quant KOMP"/>
			<t id="s1_39" word="fáceis" lemma="fácil" pos="adj" morph="M P" extra="cjt-Cs jh"/>
			<t id="s1_40" word="de" lemma="de" pos="prp" morph="--" extra="--"/>
			<t id="s1_41" word="mexer" lemma="mexer" pos="v-inf" morph="--" extra="vH mv"/>
			<t id="s1_42" word="." lemma="--" pos="pu" morph="--" extra="--"/>
		</terminals>

		<nonterminals>
			<nt id="s1_500" cat="s">
				<edge label="STA" idref="s1_501"/>
			</nt>
			<nt id="s1_501" cat="par">
				<edge label="CJT" idref="s1_502"/>
				<edge label="PU" idref="s1_7"/>
				<edge label="CJT" idref="s1_506"/>
				<edge label="CJT" idref="s1_508"/>
				<edge label="PU" idref="s1_21"/>
				<edge label="CJT" idref="s1_510"/>
				<edge label="PU" idref="s1_31"/>
				<edge label="CJT" idref="s1_515"/>
				<edge label="PU" idref="s1_42"/>
			</nt>
			<nt id="s1_502" cat="fcl">
				<edge label="fA" idref="s1_503"/>
				<edge label="P" idref="s1_4"/>
				<edge label="Co" idref="s1_505"/>
			</nt>
			<nt id="s1_503" cat="pp">
				<edge label="H" idref="s1_1"/>
				<edge label="DP" idref="s1_504"/>
			</nt>
			<nt id="s1_504" cat="np">
				<edge label="DN" idref="s1_2"/>
				<edge label="H" idref="s1_3"/>
			</nt>
			<nt id="s1_505" cat="adjp">
				<edge label="DA" idref="s1_5"/>
				<edge label="H" idref="s1_6"/>
			</nt>
			<nt id="s1_506" cat="fcl">
				<edge label="fA" idref="s1_8"/>
				<edge label="S" idref="s1_9"/>
				<edge label="S" idref="s1_10"/>
				<edge label="P" idref="s1_11"/>
				<edge label="Od" idref="s1_507"/>
			</nt>
			<nt id="s1_507" cat="np">
				<edge label="DN" idref="s1_12"/>
				<edge label="H" idref="s1_13"/>
				<edge label="DN" idref="s1_14"/>
				<edge label="PU" idref="s1_15"/>
			</nt>
			<nt id="s1_508" cat="fcl">
				<edge label="S" idref="s1_16"/>
				<edge label="S" idref="s1_509"/>
				<edge label="P" idref="s1_19"/>
				<edge label="Cs" idref="s1_20"/>
			</nt>
			<nt id="s1_509" cat="np">
				<edge label="DN" idref="s1_17"/>
				<edge label="H" idref="s1_18"/>
			</nt>
			<nt id="s1_510" cat="fcl">
				<edge label="S" idref="s1_22"/>
				<edge label="P" idref="s1_23"/>
				<edge label="Od" idref="s1_511"/>
				<edge label="Co" idref="s1_26"/>
				<edge label="fA" idref="s1_512"/>
			</nt>
			<nt id="s1_511" cat="np">
				<edge label="DN" idref="s1_24"/>
				<edge label="H" idref="s1_25"/>
			</nt>
			<nt id="s1_512" cat="pp">
				<edge label="DP" idref="s1_513"/>
				<edge label="H" idref="s1_28"/>
			</nt>
			<nt id="s1_513" cat="np">
				<edge label="DN" idref="s1_514"/>
				<edge label="H" idref="s1_29"/>
				<edge label="-DN" idref="s1_30"/>
			</nt>
			<nt id="s1_514" cat="adjp">
				<edge label="CO" idref="s1_27"/>
			</nt>
			<nt id="s1_515" cat="fcl">
				<edge label="S" idref="s1_516"/>
				<edge label="P" idref="s1_34"/>
				<edge label="Cs" idref="s1_517"/>
			</nt>
			<nt id="s1_516" cat="np">
				<edge label="DN" idref="s1_32"/>
				<edge label="H" idref="s1_33"/>
			</nt>
			<nt id="s1_517" cat="par">
				<edge label="CJT" idref="s1_518"/>
				<edge label="CJT" idref="s1_519"/>
			</nt>
			<nt id="s1_518" cat="adjp">
				<edge label="DA" idref="s1_35"/>
				<edge label="H" idref="s1_36"/>
				<edge label="CO" idref="s1_37"/>
			</nt>
			<nt id="s1_519" cat="adjp">
				<edge label="DA" idref="s1_38"/>
				<edge label="H" idref="s1_39"/>
				<edge label="DA" idref="s1_520"/>
			</nt>
			<nt id="s1_520" cat="pp">
				<edge label="H" idref="s1_40"/>
				<edge label="DP" idref="s1_41"/>
			</nt>
		</nonterminals>
	</graph>
</s>

<s id="s2" ref="2" source="Running text" forest="1" text="recomendo para todos..">
	<graph root="s2_500">
		<terminals>
			<t id="s2_1" word="recomendo" lemma="recomendar" pos="v-fin" morph="PR 1S IND VFIN" extra="vH fmc mv"/>
			<t id="s2_2" word="para" lemma="para" pos="prp" morph="--" extra="--"/>
			<t id="s2_3" word="todos" lemma="todo" pos="pron-indef" morph="DET M P" extra="quant"/>
			<t id="s2_4" word="." lemma="--" pos="pu" morph="--" extra="--"/>
			<t id="s2_5" word="." lemma="--" pos="pu" morph="--" extra="--"/>
		</terminals>

		<nonterminals>
			<nt id="s2_500" cat="s">
				<edge label="STA" idref="s2_501"/>
			</nt>
			<nt id="s2_501" cat="fcl">
				<edge label="P" idref="s2_1"/>
				<edge label="fA" idref="s2_502"/>
				<edge label="PU" idref="s2_4"/>
				<edge label="PU" idref="s2_5"/>
			</nt>
			<nt id="s2_502" cat="pp">
				<edge label="H" idref="s2_2"/>
				<edge label="DP" idref="s2_3"/>
			</nt>
		</nonterminals>
	</graph>
</s>

	</body>
</corpus>
