<?xml version="1.0" encoding="UTF-8"?>
<corpus>

	<body>
<s id="s1" ref="1" source="Running text" forest="1" text="o produto certo na hora certa o que gostei tudo de bom o que não gostei não tem ainda.">
	<graph root="s1_500">
		<terminals>
			<t id="s1_1" word="o" lemma="o" pos="art" morph="M S" extra="--"/>
			<t id="s1_2" word="produto" lemma="produto" pos="n" morph="M S" sem="cc-h mon ac-cat" extra="cjt-head cjt-head-S"/>
			<t id="s1_3" word="certo" lemma="certo" pos="adj" morph="M S" extra="np-close"/>
			<t id="s1_4" word="em" lemma="em" pos="prp" morph="--" extra="sam-"/>
			<t id="s1_5" word="a" lemma="o" pos="art" morph="F S" extra="-sam "/>
			<t id="s1_6" word="hora" lemma="hora" pos="n" morph="F S" sem="dur temp unit" extra="--"/>
			<t id="s1_7" word="certa" lemma="certo" pos="adj" morph="F S" extra="np-close"/>
			<t id="s1_8" word="o" lemma="o" pos="pron-dem" morph="DET M S" extra="cjt-S dem"/>
			<t id="s1_9" word="que" lemma="que" pos="spec" morph="M S" extra="clb clb-fs rel"/>
			<t id="s1_10" word="gostei" lemma="gostar" pos="v-fin" morph="PS 1S IND VFIN" extra="vH mv np-close"/>
			<t id="s1_11" word="tudo" lemma="tudo" pos="spec" morph="M S" extra="quant"/>
			<t id="s1_12" word="de" lemma="de" pos="prp" morph="--" extra="--"/>
			<t id="s1_13" word="bom" lemma="bom" pos="adj" morph="M S" extra="jh"/>
			<t id="s1_14" word="o" lemma="o" pos="pron-dem" morph="DET M S" extra="dem"/>
			<t id="s1_15" word="que" lemma="que" pos="spec" morph="M S" extra="clb clb-fs rel"/>
			<t id="s1_16" word="não" lemma="não" pos="adv" morph="--" extra="--"/>
			<t id="s1_17" word="gostei" lemma="gostar" pos="v-fin" morph="PS 1S IND VFIN" extra="vH mv np-close"/>
			<t id="s1_18" word="não" lemma="não" pos="adv" morph="--" extra="--"/>
			<t id="s1_19" word="tem" lemma="ter" pos="v-fin" morph="PR 3S IND VFIN" extra="fmc mv"/>
			<t id="s1_20" word="ainda" lemma="ainda" pos="adv" morph="--" extra="--"/>
			<t id="s1_21" word="." lemma="--" pos="pu" morph="--" extra="--"/>
		</terminals>

		<nonterminals>
			<nt id="s1_500" cat="s">
				<edge label="STA" idref="s1_501"/>
			</nt>
			<nt id="s1_501" cat="fcl">
				<edge label="S" idref="s1_502"/>
				<edge label="fA" idref="s1_504"/>
				<edge label="S" idref="s1_14"/>
				<edge label="P" idref="s1_19"/>
				<edge label="fA" idref="s1_20"/>
				<edge label="PU" idref="s1_21"/>
			</nt>
			<nt id="s1_502" cat="par">
				<edge label="CJT" idref="s1_503"/>
			</nt>
			<nt id="s1_503" cat="np">
				<edge label="DN" idref="s1_1"/>
				<edge label="H" idref="s1_2"/>
				<edge label="DN" idref="s1_3"/>
			</nt>
			<nt id="s1_504" cat="pp">
				<edge label="H" idref="s1_4"/>
				<edge label="DP" idref="s1_505"/>
				<edge label="CJT" idref="s1_8"/>
			</nt>
			<nt id="s1_505" cat="np">
				<edge label="DN" idref="s1_5"/>
				<edge label="H" idref="s1_6"/>
				<edge label="DN" idref="s1_7"/>
				<edge label="DN" idref="s1_506"/>
				<edge label="DN" idref="s1_508"/>
			</nt>
			<nt id="s1_506" cat="fcl">
				<edge label="S" idref="s1_9"/>
				<edge label="P" idref="s1_10"/>
				<edge label="fA" idref="s1_11"/>
				<edge label="fA" idref="s1_507"/>
			</nt>
			<nt id="s1_507" cat="pp">
				<edge label="H" idref="s1_12"/>
				<edge label="DP" idref="s1_13"/>
			</nt>
			<nt id="s1_508" cat="fcl">
				<edge label="S" idref="s1_15"/>
				<edge label="fA" idref="s1_16"/>
				<edge label="P" idref="s1_17"/>
				<edge label="fA" idref="s1_18"/>
			</nt>
		</nonterminals>
	</graph>
</s>

	</body>
</corpus>
