<?xml version="1.0" encoding="UTF-8"?>
<corpus>

	<body>
<s id="s1" ref="1" source="Running text" forest="1" text="maravilhoso o que gostei o produto é excepcional, excelente mesmo, não tenho palavras para descrever o quanto ele é formidável.">
	<graph root="s1_500">
		<terminals>
			<t id="s1_1" word="maravilhoso" lemma="maravilhoso" pos="adj" morph="M S" extra="jh"/>
			<t id="s1_2" word="o" lemma="o" pos="pron-dem" morph="DET M S" extra="dem"/>
			<t id="s1_3" word="que" lemma="que" pos="spec" morph="M S" extra="clb clb-fs rel"/>
			<t id="s1_4" word="gostei" lemma="gostar" pos="v-fin" morph="PS 1S IND VFIN" extra="vH mv np-close"/>
			<t id="s1_5" word="o" lemma="o" pos="art" morph="M S" extra="--"/>
			<t id="s1_6" word="produto" lemma="produto" pos="n" morph="M S" sem="cc-h mon ac-cat" extra="--"/>
			<t id="s1_7" word="é" lemma="ser" pos="v-fin" morph="PR 3S IND VFIN" extra="cjt-head cjt-head-STA vK fmc mv"/>
			<t id="s1_8" word="excepcional" lemma="excepcional" pos="adj" morph="M S" extra="--"/>
			<t id="s1_9" word="," lemma="--" pos="pu" morph="--" extra="--"/>
			<t id="s1_10" word="excelente" lemma="excelente" pos="adj" morph="M/F S" extra="np-close"/>
			<t id="s1_11" word="mesmo" lemma="mesmo" pos="adv" morph="--" extra="quant"/>
			<t id="s1_12" word="," lemma="--" pos="pu" morph="--" extra="--"/>
			<t id="s1_13" word="não" lemma="não" pos="adv" morph="--" extra="--"/>
			<t id="s1_14" word="tenho" lemma="ter" pos="v-fin" morph="PR 1S IND VFIN" extra="nosubj nosubj cjt-STA fmc mv"/>
			<t id="s1_15" word="palavras" lemma="palavra" pos="n" morph="F P" sem="ac-cat act-s" extra="--"/>
			<t id="s1_16" word="para" lemma="para" pos="prp" morph="--" extra="np-close"/>
			<t id="s1_17" word="descrever" lemma="descrever" pos="v-inf" morph="--" extra="vH mv"/>
			<t id="s1_18" word="o" lemma="o" pos="art" morph="M S" extra="--"/>
			<t id="s1_19" word="quanto" lemma="quanto" pos="pron-int" morph="DET M S" extra="clb interr quant"/>
			<t id="s1_20" word="ele" lemma="ele" pos="pron-pers" morph="M 3S NOM" extra="--"/>
			<t id="s1_21" word="é" lemma="ser" pos="v-fin" morph="PR 3S IND VFIN" extra="cjt-STA vK fmc mv"/>
			<t id="s1_22" word="formidável" lemma="formidável" pos="adj" morph="M S" extra="jh"/>
			<t id="s1_23" word="." lemma="--" pos="pu" morph="--" extra="--"/>
		</terminals>

		<nonterminals>
			<nt id="s1_500" cat="s">
				<edge label="STA" idref="s1_501"/>
			</nt>
			<nt id="s1_501" cat="par">
				<edge label="CJT" idref="s1_502"/>
				<edge label="DN" idref="s1_503"/>
				<edge label="S" idref="s1_3"/>
				<edge label="P" idref="s1_4"/>
				<edge label="PU" idref="s1_12"/>
				<edge label="CJT" idref="s1_505"/>
				<edge label="CJT" idref="s1_509"/>
				<edge label="PU" idref="s1_23"/>
			</nt>
			<nt id="s1_502" cat="fcl">
				<edge label="fCs" idref="s1_1"/>
				<edge label="S" idref="s1_2"/>
			</nt>
			<nt id="s1_503" cat="fcl">
				<edge label="S" idref="s1_504"/>
				<edge label="P" idref="s1_7"/>
				<edge label="Cs" idref="s1_8"/>
				<edge label="PU" idref="s1_9"/>
				<edge label="fA" idref="s1_11"/>
			</nt>
			<nt id="s1_504" cat="np">
				<edge label="DN" idref="s1_5"/>
				<edge label="H" idref="s1_6"/>
				<edge label="DNc" idref="s1_10"/>
			</nt>
			<nt id="s1_505" cat="x">
				<edge label="fA" idref="s1_13"/>
				<edge label="P" idref="s1_14"/>
				<edge label="Od" idref="s1_506"/>
				<edge label="S" idref="s1_508"/>
			</nt>
			<nt id="s1_506" cat="np">
				<edge label="H" idref="s1_15"/>
				<edge label="DN" idref="s1_507"/>
			</nt>
			<nt id="s1_507" cat="pp">
				<edge label="H" idref="s1_16"/>
				<edge label="DP" idref="s1_17"/>
			</nt>
			<nt id="s1_508" cat="np">
				<edge label="DN" idref="s1_18"/>
				<edge label="H" idref="s1_20"/>
			</nt>
			<nt id="s1_509" cat="fcl">
				<edge label="Cs" idref="s1_19"/>
				<edge label="P" idref="s1_21"/>
				<edge label="Cs" idref="s1_22"/>
			</nt>
		</nonterminals>
	</graph>
</s>

	</body>
</corpus>
