<?xml version="1.0" encoding="UTF-8"?>
<corpus>

	<body>
<s id="s1" ref="1" source="Running text" forest="1" text="lg essa marca pode confiar.">
	<graph root="s1_500">
		<terminals>
			<t id="s1_1" word="lg" lemma="lg" pos="n" morph="M/F S" extra="foreign"/>
			<t id="s1_2" word="essa" lemma="esse" pos="pron-dem" morph="DET F S" extra="dem"/>
			<t id="s1_3" word="marca" lemma="marca" pos="n" morph="F S" sem="ac-sign Labs bar" extra="--"/>
			<t id="s1_4" word="pode" lemma="poder" pos="v-fin" morph="PR 3S IND VFIN" extra="fmc aux"/>
			<t id="s1_5" word="confiar" lemma="confiar" pos="v-inf" morph="--" extra="vH mv"/>
			<t id="s1_6" word="." lemma="--" pos="pu" morph="--" extra="--"/>
		</terminals>

		<nonterminals>
			<nt id="s1_500" cat="s">
				<edge label="STA" idref="s1_501"/>
			</nt>
			<nt id="s1_501" cat="fcl">
				<edge label="S" idref="s1_1"/>
				<edge label="S" idref="s1_502"/>
				<edge label="P" idref="s1_503"/>
				<edge label="PU" idref="s1_6"/>
			</nt>
			<nt id="s1_502" cat="np">
				<edge label="DN" idref="s1_2"/>
				<edge label="H" idref="s1_3"/>
			</nt>
			<nt id="s1_503" cat="vp">
				<edge label="Vaux" idref="s1_4"/>
				<edge label="Vm" idref="s1_5"/>
			</nt>
		</nonterminals>
	</graph>
</s>

<s id="s2" ref="2" source="Running text" forest="1" text="esse celular é muito moderno alem de ser muito bom o que gostei muito bom adorei, me suprindo.">
	<graph root="s2_500">
		<terminals>
			<t id="s2_1" word="esse" lemma="esse" pos="pron-dem" morph="DET M S" extra="dem"/>
			<t id="s2_2" word="celular" lemma="celular" pos="adj" morph="M S" extra="n nh"/>
			<t id="s2_3" word="é" lemma="ser" pos="v-fin" morph="PR 3S IND VFIN" extra="nosubj nosubj cjt-head cjt-head-STA vK fmc mv"/>
			<t id="s2_4" word="muito" lemma="muito" pos="adv" morph="--" extra="quant"/>
			<t id="s2_5" word="moderno" lemma="moderno" pos="adj" morph="M S" extra="--"/>
			<t id="s2_6" word="alem" lemma="além" pos="adv" morph="--" extra="--"/>
			<t id="s2_7" word="de" lemma="de" pos="prp" morph="--" extra="--"/>
			<t id="s2_8" word="ser" lemma="ser" pos="v-inf" morph="--" extra="vK mv"/>
			<t id="s2_9" word="muito" lemma="muito" pos="adv" morph="--" extra="quant"/>
			<t id="s2_10" word="bom" lemma="bom" pos="adj" morph="M S" extra="jh"/>
			<t id="s2_11" word="o_que" lemma="o_que" pos="spec" morph="M S" extra="clb rel"/>
			<t id="s2_12" word="gostei" lemma="gostar" pos="v-fin" morph="PS 1S IND VFIN" extra="nosubj nosubj cjt-STA vH mv"/>
			<t id="s2_13" word="muito" lemma="muito" pos="adv" morph="--" extra="quant"/>
			<t id="s2_14" word="bom" lemma="bom" pos="adj" morph="M S" extra="jh"/>
			<t id="s2_15" word="adorei" lemma="adorar" pos="v-fin" morph="PS 1S IND VFIN" extra="nosubj nosubj cjt-STA vH fmc mv"/>
			<t id="s2_16" word="," lemma="--" pos="pu" morph="--" extra="--"/>
			<t id="s2_17" word="me" lemma="eu" pos="pron-pers" morph="M/F 1S ACC" extra="refl"/>
			<t id="s2_18" word="suprindo" lemma="suprir" pos="v-ger" morph="--" extra="vH mv v-pron"/>
			<t id="s2_19" word="." lemma="--" pos="pu" morph="--" extra="--"/>
		</terminals>

		<nonterminals>
			<nt id="s2_500" cat="s">
				<edge label="UTT" idref="s2_501"/>
			</nt>
			<nt id="s2_501" cat="x">
				<edge label="CJT" idref="s2_502"/>
				<edge label="STA" idref="s2_504"/>
				<edge label="CJT" idref="s2_505"/>
				<edge label="CJT" idref="s2_510"/>
				<edge label="PU" idref="s2_19"/>
			</nt>
			<nt id="s2_502" cat="x">
				<edge label="X" idref="s2_503"/>
				<edge label="P" idref="s2_12"/>
			</nt>
			<nt id="s2_503" cat="np">
				<edge label="DN" idref="s2_1"/>
			</nt>
			<nt id="s2_504" cat="par">
			</nt>
			<nt id="s2_505" cat="fcl">
				<edge label="S" idref="s2_2"/>
				<edge label="P" idref="s2_3"/>
				<edge label="Cs" idref="s2_506"/>
				<edge label="fA" idref="s2_6"/>
				<edge label="fA" idref="s2_507"/>
			</nt>
			<nt id="s2_506" cat="adjp">
				<edge label="DA" idref="s2_4"/>
				<edge label="H" idref="s2_5"/>
			</nt>
			<nt id="s2_507" cat="pp">
				<edge label="H" idref="s2_7"/>
				<edge label="DP" idref="s2_508"/>
				<edge label="H" idref="s2_11"/>
			</nt>
			<nt id="s2_508" cat="icl">
				<edge label="P" idref="s2_8"/>
				<edge label="Cs" idref="s2_509"/>
			</nt>
			<nt id="s2_509" cat="adjp">
				<edge label="DA" idref="s2_9"/>
				<edge label="H" idref="s2_10"/>
			</nt>
			<nt id="s2_510" cat="x">
				<edge label="fCs" idref="s2_511"/>
				<edge label="P" idref="s2_15"/>
				<edge label="PU" idref="s2_16"/>
				<edge label="fA" idref="s2_512"/>
			</nt>
			<nt id="s2_511" cat="adjp">
				<edge label="DA" idref="s2_13"/>
				<edge label="H" idref="s2_14"/>
			</nt>
			<nt id="s2_512" cat="advp">
				<edge label="Od" idref="s2_17"/>
				<edge label="P" idref="s2_18"/>
			</nt>
		</nonterminals>
	</graph>
</s>

<s id="s3" ref="3" source="Running text" forest="1" text="o que não gostei não touchscreen.">
	<graph root="s3_500">
		<terminals>
			<t id="s3_1" word="o" lemma="o" pos="pron-dem" morph="DET M S" extra="dem"/>
			<t id="s3_2" word="que" lemma="que" pos="spec" morph="M S" extra="clb clb-fs rel"/>
			<t id="s3_3" word="não" lemma="não" pos="adv" morph="--" extra="--"/>
			<t id="s3_4" word="gostei" lemma="gostar" pos="v-fin" morph="PS 1S IND VFIN" extra="vH mv np-close"/>
			<t id="s3_5" word="não" lemma="não" pos="adv" morph="--" extra="--"/>
			<t id="s3_6" word="touchscreen" lemma="touchscreen" pos="n" morph="F S" extra="foreign heur"/>
			<t id="s3_7" word="." lemma="--" pos="pu" morph="--" extra="--"/>
		</terminals>

		<nonterminals>
			<nt id="s3_500" cat="s">
				<edge label="UTT" idref="s3_501"/>
			</nt>
			<nt id="s3_501" cat="x">
				<edge label="X" idref="s3_1"/>
				<edge label="DN" idref="s3_502"/>
				<edge label="S" idref="s3_2"/>
				<edge label="fA" idref="s3_3"/>
				<edge label="P" idref="s3_4"/>
				<edge label="fCs" idref="s3_503"/>
				<edge label="DN" idref="s3_5"/>
				<edge label="H" idref="s3_6"/>
				<edge label="PU" idref="s3_7"/>
			</nt>
			<nt id="s3_502" cat="fcl">
			</nt>
			<nt id="s3_503" cat="np">
			</nt>
		</nonterminals>
	</graph>
</s>

<s id="s4" ref="4" source="Running text" forest="1" text="que pena.">
	<graph root="s4_500">
		<terminals>
			<t id="s4_1" word="que_pena" lemma="que_pena" pos="intj" morph="--" extra="--"/>
			<t id="s4_2" word="." lemma="--" pos="pu" morph="--" extra="--"/>
		</terminals>

		<nonterminals>
			<nt id="s4_500" cat="s">
				<edge label="UTT" idref="s4_501"/>
			</nt>
			<nt id="s4_501" cat="x">
				<edge label="fA" idref="s4_1"/>
				<edge label="PU" idref="s4_2"/>
			</nt>
		</nonterminals>
	</graph>
</s>

	</body>
</corpus>
