<?xml version="1.0" encoding="UTF-8"?>
<corpus>

	<body>
<s id="s1" ref="1" source="Running text" forest="1" text="minha amiga tem um, sei utilizar muito bem.">
	<graph root="s1_500">
		<terminals>
			<t id="s1_1" word="minha" lemma="meu" pos="pron-poss" morph="DET F S" extra="poss 1S"/>
			<t id="s1_2" word="amiga" lemma="amiga" pos="n" morph="F S" sem="Hfam" extra="--"/>
			<t id="s1_3" word="tem" lemma="ter" pos="v-fin" morph="PR 3S IND VFIN" extra="cjt-head cjt-head-STA fmc mv"/>
			<t id="s1_4" word="um" lemma="um" pos="num" morph="M S" extra="card"/>
			<t id="s1_5" word="," lemma="--" pos="pu" morph="--" extra="--"/>
			<t id="s1_6" word="sei" lemma="saber" pos="v-fin" morph="PR 1S IND VFIN" extra="nosubj nosubj cjt-STA fmc mv"/>
			<t id="s1_7" word="utilizar" lemma="utilizar" pos="v-inf" morph="--" extra="vH mv"/>
			<t id="s1_8" word="muito" lemma="muito" pos="pron-indef" morph="DET M S" extra="quant"/>
			<t id="s1_9" word="bem" lemma="bem" pos="adv" morph="--" extra="quant"/>
			<t id="s1_10" word="." lemma="--" pos="pu" morph="--" extra="--"/>
		</terminals>

		<nonterminals>
			<nt id="s1_500" cat="s">
				<edge label="STA" idref="s1_501"/>
			</nt>
			<nt id="s1_501" cat="par">
				<edge label="CJT" idref="s1_502"/>
				<edge label="PU" idref="s1_5"/>
				<edge label="CJT" idref="s1_504"/>
				<edge label="PU" idref="s1_10"/>
			</nt>
			<nt id="s1_502" cat="fcl">
				<edge label="S" idref="s1_503"/>
				<edge label="P" idref="s1_3"/>
				<edge label="Od" idref="s1_4"/>
			</nt>
			<nt id="s1_503" cat="np">
				<edge label="DN" idref="s1_1"/>
				<edge label="H" idref="s1_2"/>
			</nt>
			<nt id="s1_504" cat="x">
				<edge label="P" idref="s1_6"/>
				<edge label="Od" idref="s1_505"/>
			</nt>
			<nt id="s1_505" cat="icl">
				<edge label="P" idref="s1_7"/>
				<edge label="Od" idref="s1_8"/>
				<edge label="fA" idref="s1_9"/>
			</nt>
		</nonterminals>
	</graph>
</s>

<s id="s2" ref="2" source="Running text" forest="1" text="recomendo ele para pessoas que não precisa de muitos aplicativo, jogos e etc.">
	<graph root="s2_500">
		<terminals>
			<t id="s2_1" word="recomendo" lemma="recomendar" pos="v-fin" morph="PR 1S IND VFIN" extra="vH fmc mv"/>
			<t id="s2_2" word="ele" lemma="ele" pos="pron-pers" morph="M 3S NOM" extra="--"/>
			<t id="s2_3" word="para" lemma="para" pos="prp" morph="--" extra="--"/>
			<t id="s2_4" word="pessoas" lemma="pessoa" pos="n" morph="F P" sem="H" extra="--"/>
			<t id="s2_5" word="que" lemma="que" pos="spec" morph="M S" extra="clb clb-fs rel"/>
			<t id="s2_6" word="não" lemma="não" pos="adv" morph="--" extra="--"/>
			<t id="s2_7" word="precisa" lemma="precisar" pos="v-fin" morph="PR 3S IND VFIN" extra="mv np-close"/>
			<t id="s2_8" word="de" lemma="de" pos="prp" morph="--" extra="--"/>
			<t id="s2_9" word="muitos" lemma="muito" pos="pron-indef" morph="DET M P" extra="quant"/>
			<t id="s2_10" word="aplicativo" lemma="aplicativo" pos="n" morph="M P" sem="sem-c" extra="--"/>
			<t id="s2_11" word="," lemma="--" pos="pu" morph="--" extra="--"/>
			<t id="s2_12" word="jogos" lemma="jogo" pos="n" morph="M P" sem="activity occ cc-h game" extra="--"/>
			<t id="s2_13" word="e" lemma="e" pos="conj-c" morph="--" extra="--"/>
			<t id="s2_14" word="etc" lemma="etc" pos="adv" morph="--" extra="--"/>
			<t id="s2_15" word="." lemma="--" pos="pu" morph="--" extra="--"/>
		</terminals>

		<nonterminals>
			<nt id="s2_500" cat="s">
				<edge label="STA" idref="s2_501"/>
			</nt>
			<nt id="s2_501" cat="fcl">
				<edge label="P" idref="s2_1"/>
				<edge label="S" idref="s2_2"/>
				<edge label="fA" idref="s2_502"/>
				<edge label="PU" idref="s2_15"/>
			</nt>
			<nt id="s2_502" cat="pp">
				<edge label="H" idref="s2_3"/>
				<edge label="DP" idref="s2_503"/>
			</nt>
			<nt id="s2_503" cat="np">
				<edge label="H" idref="s2_4"/>
				<edge label="DN" idref="s2_504"/>
			</nt>
			<nt id="s2_504" cat="fcl">
				<edge label="S" idref="s2_5"/>
				<edge label="fA" idref="s2_6"/>
				<edge label="P" idref="s2_7"/>
				<edge label="Op" idref="s2_505"/>
				<edge label="PU" idref="s2_11"/>
				<edge label="Od" idref="s2_12"/>
			</nt>
			<nt id="s2_505" cat="pp">
				<edge label="H" idref="s2_8"/>
				<edge label="DP" idref="s2_506"/>
			</nt>
			<nt id="s2_506" cat="np">
				<edge label="DN" idref="s2_9"/>
				<edge label="H" idref="s2_10"/>
				<edge label="CO" idref="s2_13"/>
				<edge label="FOC" idref="s2_14"/>
			</nt>
		</nonterminals>
	</graph>
</s>

<s id="s3" ref="3" source="Running text" forest="1" text="um problema memoria interna number 0m b o que gostei bateria, android number, wi-fi, gps mais ou menos, da tela number.">
	<graph root="s3_500">
		<terminals>
			<t id="s3_1" word="um" lemma="um" pos="art" morph="M S" extra="--"/>
			<t id="s3_2" word="problema" lemma="problema" pos="n" morph="M S" sem="ac" extra="--"/>
			<t id="s3_3" word="memoria" lemma="memoriar" pos="v-fin" morph="PR 3S IND VFIN" extra="cjt-head cjt-head-STA vH fmc mv"/>
			<t id="s3_4" word="interna" lemma="interno" pos="adj" morph="F S" extra="nh"/>
			<t id="s3_5" word="number" lemma="number" pos="v-inf" morph="--" extra="heur mv"/>
			<t id="s3_6" word="0m" lemma="0m" pos="num" morph="M P" extra="card"/>
			<t id="s3_7" word="b" lemma="b" pos="n" morph="M P" sem="ac-sign" extra="--"/>
			<t id="s3_8" word="o_que" lemma="o_que" pos="spec" morph="M S" extra="clb rel"/>
			<t id="s3_9" word="gostei" lemma="gostar" pos="v-fin" morph="PS 1S IND VFIN" extra="cjt-STA vH mv"/>
			<t id="s3_10" word="bateria" lemma="bateria" pos="n" morph="F S" sem="tool" extra="--"/>
			<t id="s3_11" word="," lemma="--" pos="pu" morph="--" extra="--"/>
			<t id="s3_12" word="android" lemma="android" pos="n" morph="M S" extra="foreign heur np-close"/>
			<t id="s3_13" word="number" lemma="number" pos="v-inf" morph="--" extra="heur mv"/>
			<t id="s3_14" word="," lemma="--" pos="pu" morph="--" extra="--"/>
			<t id="s3_15" word="wi-fi" lemma="wi-fer" pos="v-fin" morph="PS 1S IND VFIN" extra="nosubj nosubj cjt-STA foreign heur fmc mv"/>
			<t id="s3_16" word="," lemma="--" pos="pu" morph="--" extra="--"/>
			<t id="s3_17" word="gps" lemma="gps" pos="n" morph="M S" extra="foreign heur"/>
			<t id="s3_18" word="mais_ou_menos" lemma="mais_ou_menos" pos="adv" morph="--" extra="quant"/>
			<t id="s3_19" word="," lemma="--" pos="pu" morph="--" extra="--"/>
			<t id="s3_20" word="de" lemma="de" pos="prp" morph="--" extra="sam-"/>
			<t id="s3_21" word="a" lemma="o" pos="art" morph="F S" extra="clb -sam artd"/>
			<t id="s3_22" word="tela" lemma="tela" pos="n" morph="F S" sem="cc-h pict mat-cloth" extra="--"/>
			<t id="s3_23" word="number" lemma="number" pos="v-inf" morph="3S" extra="heur mv"/>
			<t id="s3_24" word="." lemma="--" pos="pu" morph="--" extra="--"/>
		</terminals>

		<nonterminals>
			<nt id="s3_500" cat="s">
				<edge label="STA" idref="s3_501"/>
			</nt>
			<nt id="s3_501" cat="par">
				<edge label="CJT" idref="s3_502"/>
				<edge label="UTT" idref="s3_504"/>
				<edge label="CJT" idref="s3_506"/>
				<edge label="CJT" idref="s3_508"/>
				<edge label="PU" idref="s3_24"/>
			</nt>
			<nt id="s3_502" cat="fcl">
				<edge label="S" idref="s3_503"/>
				<edge label="P" idref="s3_3"/>
				<edge label="Od" idref="s3_4"/>
			</nt>
			<nt id="s3_503" cat="np">
				<edge label="DN" idref="s3_1"/>
				<edge label="H" idref="s3_2"/>
			</nt>
			<nt id="s3_504" cat="icl">
				<edge label="P" idref="s3_5"/>
				<edge label="Od" idref="s3_505"/>
			</nt>
			<nt id="s3_505" cat="np">
				<edge label="DN" idref="s3_6"/>
				<edge label="H" idref="s3_7"/>
			</nt>
			<nt id="s3_506" cat="fcl">
				<edge label="X" idref="s3_8"/>
				<edge label="P" idref="s3_9"/>
				<edge label="S" idref="s3_507"/>
			</nt>
			<nt id="s3_507" cat="np">
				<edge label="H" idref="s3_10"/>
				<edge label="PU" idref="s3_11"/>
				<edge label="DNc" idref="s3_12"/>
			</nt>
			<nt id="s3_508" cat="x">
				<edge label="Od" idref="s3_13"/>
				<edge label="PU" idref="s3_14"/>
				<edge label="P" idref="s3_15"/>
				<edge label="PU" idref="s3_16"/>
				<edge label="fCs" idref="s3_17"/>
				<edge label="fA" idref="s3_18"/>
				<edge label="PU" idref="s3_19"/>
				<edge label="fA" idref="s3_509"/>
			</nt>
			<nt id="s3_509" cat="pp">
				<edge label="H" idref="s3_20"/>
				<edge label="DP" idref="s3_510"/>
			</nt>
			<nt id="s3_510" cat="fcl">
				<edge label="S" idref="s3_511"/>
				<edge label="P" idref="s3_23"/>
			</nt>
			<nt id="s3_511" cat="np">
				<edge label="DN" idref="s3_21"/>
				<edge label="H" idref="s3_22"/>
			</nt>
		</nonterminals>
	</graph>
</s>

<s id="s4" ref="4" source="Running text" forest="1" text="number polegadas e o teclado.">
	<graph root="s4_500">
		<terminals>
			<t id="s4_1" word="number" lemma="number" pos="v-inf" morph="--" extra="heur mv"/>
			<t id="s4_2" word="polegadas" lemma="polegada" pos="n" morph="F P" sem="unit" extra="cjt-head cjt-head-Od"/>
			<t id="s4_3" word="e" lemma="e" pos="conj-c" morph="--" extra="--"/>
			<t id="s4_4" word="o" lemma="o" pos="art" morph="M S" extra="--"/>
			<t id="s4_5" word="teclado" lemma="teclado" pos="n" morph="M S" sem="cc-h mach" extra="cjt-Od"/>
			<t id="s4_6" word="." lemma="--" pos="pu" morph="--" extra="--"/>
		</terminals>

		<nonterminals>
			<nt id="s4_500" cat="s">
				<edge label="UTT" idref="s4_501"/>
			</nt>
			<nt id="s4_501" cat="icl">
				<edge label="P" idref="s4_1"/>
				<edge label="Od" idref="s4_502"/>
				<edge label="CO" idref="s4_3"/>
				<edge label="PU" idref="s4_6"/>
			</nt>
			<nt id="s4_502" cat="par">
				<edge label="CJT" idref="s4_2"/>
				<edge label="CJT" idref="s4_503"/>
			</nt>
			<nt id="s4_503" cat="np">
				<edge label="DN" idref="s4_4"/>
				<edge label="H" idref="s4_5"/>
			</nt>
		</nonterminals>
	</graph>
</s>

<s id="s5" ref="5" source="Running text" forest="1" text="o que não gostei memoria interna, touch trava as vezes e a camera só presta para tirar foto de dia..">
	<graph root="s5_500">
		<terminals>
			<t id="s5_1" word="o" lemma="o" pos="pron-dem" morph="DET M S" extra="dem"/>
			<t id="s5_2" word="que" lemma="que" pos="spec" morph="M S" extra="clb clb-fs rel"/>
			<t id="s5_3" word="não" lemma="não" pos="adv" morph="--" extra="--"/>
			<t id="s5_4" word="gostei" lemma="gostar" pos="v-fin" morph="PS 1S IND VFIN" extra="vH mv np-close"/>
			<t id="s5_5" word="memoria" lemma="memoriar" pos="v-fin" morph="PR 3S IND VFIN" extra="nosubj nosubj cjt-head cjt-head-STA vH fmc mv"/>
			<t id="s5_6" word="interna" lemma="interno" pos="adj" morph="F S" extra="nh"/>
			<t id="s5_7" word="," lemma="--" pos="pu" morph="--" extra="--"/>
			<t id="s5_8" word="touch" lemma="touch" pos="n" morph="M S" extra="heur"/>
			<t id="s5_9" word="trava" lemma="travar" pos="v-fin" morph="PR 3S IND VFIN" extra="cjt-STA fmc mv"/>
			<t id="s5_10" word="as" lemma="o" pos="art" morph="F P" extra="--"/>
			<t id="s5_11" word="vezes" lemma="vez" pos="n" morph="F P" sem="temp" extra="--"/>
			<t id="s5_12" word="e" lemma="e" pos="conj-c" morph="--" extra="topkc"/>
			<t id="s5_13" word="a" lemma="o" pos="art" morph="F S" extra="--"/>
			<t id="s5_14" word="camera" lemma="c�=mara" pos="n" morph="F S" sem="Lh HH" extra="--"/>
			<t id="s5_15" word="só" lemma="só" pos="adv" morph="--" extra="--"/>
			<t id="s5_16" word="presta" lemma="prestar" pos="v-fin" morph="PR 3S IND VFIN" extra="cjt-STA fmc mv"/>
			<t id="s5_17" word="para" lemma="para" pos="prp" morph="--" extra="--"/>
			<t id="s5_18" word="tirar" lemma="tirar" pos="v-inf" morph="--" extra="vH mv"/>
			<t id="s5_19" word="foto" lemma="foto" pos="n" morph="F S" sem="pict" extra="--"/>
			<t id="s5_20" word="de" lemma="de" pos="prp" morph="--" extra="np-close"/>
			<t id="s5_21" word="dia" lemma="dia" pos="n" morph="M S" sem="temp dur per unit" extra="--"/>
			<t id="s5_22" word="." lemma="--" pos="pu" morph="--" extra="--"/>
			<t id="s5_23" word="." lemma="--" pos="pu" morph="--" extra="--"/>
		</terminals>

		<nonterminals>
			<nt id="s5_500" cat="s">
				<edge label="UTT" idref="s5_501"/>
			</nt>
			<nt id="s5_501" cat="x">
				<edge label="DN" idref="s5_504"/>
				<edge label="S" idref="s5_2"/>
				<edge label="fA" idref="s5_3"/>
				<edge label="P" idref="s5_4"/>
				<edge label="PU" idref="s5_7"/>
				<edge label="CJT" idref="s5_505"/>
				<edge label="CO" idref="s5_12"/>
				<edge label="CJT" idref="s5_507"/>
				<edge label="PU" idref="s5_22"/>
				<edge label="PU" idref="s5_23"/>
			</nt>
			<nt id="s5_502" cat="par">
				<edge label="CJT" idref="s5_503"/>
			</nt>
			<nt id="s5_503" cat="fcl">
				<edge label="S" idref="s5_1"/>
			</nt>
			<nt id="s5_504" cat="fcl">
				<edge label="P" idref="s5_5"/>
				<edge label="fCs" idref="s5_6"/>
			</nt>
			<nt id="s5_505" cat="fcl">
				<edge label="S" idref="s5_8"/>
				<edge label="P" idref="s5_9"/>
				<edge label="fA" idref="s5_506"/>
			</nt>
			<nt id="s5_506" cat="np">
				<edge label="DN" idref="s5_10"/>
				<edge label="H" idref="s5_11"/>
			</nt>
			<nt id="s5_507" cat="fcl">
				<edge label="S" idref="s5_508"/>
				<edge label="fA" idref="s5_15"/>
				<edge label="P" idref="s5_16"/>
				<edge label="fA" idref="s5_509"/>
			</nt>
			<nt id="s5_508" cat="np">
				<edge label="DN" idref="s5_13"/>
				<edge label="H" idref="s5_14"/>
			</nt>
			<nt id="s5_509" cat="pp">
				<edge label="H" idref="s5_17"/>
				<edge label="DP" idref="s5_510"/>
			</nt>
			<nt id="s5_510" cat="icl">
				<edge label="P" idref="s5_18"/>
				<edge label="Od" idref="s5_511"/>
			</nt>
			<nt id="s5_511" cat="np">
				<edge label="H" idref="s5_19"/>
				<edge label="DN" idref="s5_512"/>
			</nt>
			<nt id="s5_512" cat="pp">
				<edge label="H" idref="s5_20"/>
				<edge label="DP" idref="s5_21"/>
			</nt>
		</nonterminals>
	</graph>
</s>

	</body>
</corpus>
