<?xml version="1.0" encoding="UTF-8"?>
<corpus>

	<body>
<s id="s1" ref="1" source="Running text" forest="1" text="a caneta poderia ser embutida no aparelho, como em outros modelos.">
	<graph root="s1_500">
		<terminals>
			<t id="s1_1" word="a" lemma="o" pos="art" morph="F S" extra="--"/>
			<t id="s1_2" word="caneta" lemma="caneta" pos="n" morph="F S" sem="tool" extra="--"/>
			<t id="s1_3" word="poderia" lemma="poder" pos="v-fin" morph="COND 3S VFIN" extra="fmc aux"/>
			<t id="s1_4" word="ser" lemma="ser" pos="v-inf" morph="--" extra="aux"/>
			<t id="s1_5" word="embutida" lemma="embutir" pos="v-pcp" morph="F S" extra="vH mv"/>
			<t id="s1_6" word="em" lemma="em" pos="prp" morph="--" extra="sam-"/>
			<t id="s1_7" word="o" lemma="o" pos="art" morph="M S" extra="-sam "/>
			<t id="s1_8" word="aparelho" lemma="aparelho" pos="n" morph="M S" sem="tool" extra="--"/>
			<t id="s1_9" word="," lemma="--" pos="pu" morph="--" extra="--"/>
			<t id="s1_10" word="como" lemma="como" pos="prp" morph="--" extra="advl adv-rel"/>
			<t id="s1_11" word="em" lemma="em" pos="prp" morph="--" extra="asarg"/>
			<t id="s1_12" word="outros" lemma="outro" pos="pron-indef" morph="DET M P" extra="diff KOMP"/>
			<t id="s1_13" word="modelos" lemma="modelo" pos="n" morph="M P" sem="ac Hprof" extra="--"/>
			<t id="s1_14" word="." lemma="--" pos="pu" morph="--" extra="--"/>
		</terminals>

		<nonterminals>
			<nt id="s1_500" cat="s">
				<edge label="STA" idref="s1_501"/>
			</nt>
			<nt id="s1_501" cat="fcl">
				<edge label="S" idref="s1_502"/>
				<edge label="P" idref="s1_503"/>
				<edge label="fA" idref="s1_504"/>
				<edge label="PU" idref="s1_9"/>
				<edge label="fA" idref="s1_506"/>
				<edge label="PU" idref="s1_14"/>
			</nt>
			<nt id="s1_502" cat="np">
				<edge label="DN" idref="s1_1"/>
				<edge label="H" idref="s1_2"/>
			</nt>
			<nt id="s1_503" cat="vp">
				<edge label="Vaux" idref="s1_3"/>
				<edge label="Vaux" idref="s1_4"/>
				<edge label="Vm" idref="s1_5"/>
			</nt>
			<nt id="s1_504" cat="pp">
				<edge label="H" idref="s1_6"/>
				<edge label="DP" idref="s1_505"/>
			</nt>
			<nt id="s1_505" cat="np">
				<edge label="DN" idref="s1_7"/>
				<edge label="H" idref="s1_8"/>
			</nt>
			<nt id="s1_506" cat="pp">
				<edge label="H" idref="s1_10"/>
				<edge label="DP" idref="s1_507"/>
			</nt>
			<nt id="s1_507" cat="pp">
				<edge label="H" idref="s1_11"/>
				<edge label="DP" idref="s1_508"/>
			</nt>
			<nt id="s1_508" cat="np">
				<edge label="DN" idref="s1_12"/>
				<edge label="H" idref="s1_13"/>
			</nt>
		</nonterminals>
	</graph>
</s>

<s id="s2" ref="2" source="Running text" forest="1" text="o que gostei custo-benefício, menu bem intuitivo, longa duração da bateria.">
	<graph root="s2_500">
		<terminals>
			<t id="s2_1" word="o" lemma="o" pos="pron-dem" morph="DET M S" extra="dem"/>
			<t id="s2_2" word="que" lemma="que" pos="spec" morph="M S" extra="clb rel"/>
			<t id="s2_3" word="gostei" lemma="gostar" pos="v-fin" morph="PS 1S IND VFIN" extra="vH mv"/>
			<t id="s2_4" word="custo-benefício" lemma="custo-benefício" pos="n" morph="M S" sem="mon" extra="--"/>
			<t id="s2_5" word="," lemma="--" pos="pu" morph="--" extra="--"/>
			<t id="s2_6" word="menu" lemma="menu" pos="n" morph="M S" extra="newlex np-close"/>
			<t id="s2_7" word="bem" lemma="bem" pos="adv" morph="--" extra="quant"/>
			<t id="s2_8" word="intuitivo" lemma="intuitivo" pos="adj" morph="M S" extra="nh np-close"/>
			<t id="s2_9" word="," lemma="--" pos="pu" morph="--" extra="--"/>
			<t id="s2_10" word="longa" lemma="longo" pos="adj" morph="F S" extra="--"/>
			<t id="s2_11" word="duração" lemma="duração" pos="n" morph="F S" sem="am" extra="np-close"/>
			<t id="s2_12" word="de" lemma="de" pos="prp" morph="--" extra="sam- np-close"/>
			<t id="s2_13" word="a" lemma="o" pos="art" morph="F S" extra="-sam "/>
			<t id="s2_14" word="bateria" lemma="bateria" pos="n" morph="F S" sem="tool" extra="--"/>
			<t id="s2_15" word="." lemma="--" pos="pu" morph="--" extra="--"/>
		</terminals>

		<nonterminals>
			<nt id="s2_500" cat="s">
				<edge label="X" idref="s2_501"/>
			</nt>
			<nt id="s2_501" cat="adjp">
				<edge label="H" idref="s2_1"/>
				<edge label="STA" idref="s2_502"/>
				<edge label="PU" idref="s2_15"/>
			</nt>
			<nt id="s2_502" cat="fcl">
				<edge label="X" idref="s2_2"/>
				<edge label="P" idref="s2_3"/>
				<edge label="S" idref="s2_503"/>
			</nt>
			<nt id="s2_503" cat="np">
				<edge label="H" idref="s2_4"/>
				<edge label="PU" idref="s2_5"/>
				<edge label="DNc" idref="s2_504"/>
			</nt>
			<nt id="s2_504" cat="np">
				<edge label="H" idref="s2_6"/>
				<edge label="DN" idref="s2_505"/>
				<edge label="PU" idref="s2_9"/>
				<edge label="DNc" idref="s2_506"/>
			</nt>
			<nt id="s2_505" cat="adjp">
				<edge label="DA" idref="s2_7"/>
				<edge label="H" idref="s2_8"/>
			</nt>
			<nt id="s2_506" cat="np">
				<edge label="DN" idref="s2_10"/>
				<edge label="H" idref="s2_11"/>
				<edge label="DN" idref="s2_507"/>
			</nt>
			<nt id="s2_507" cat="pp">
				<edge label="H" idref="s2_12"/>
				<edge label="DP" idref="s2_508"/>
			</nt>
			<nt id="s2_508" cat="np">
				<edge label="DN" idref="s2_13"/>
				<edge label="H" idref="s2_14"/>
			</nt>
		</nonterminals>
	</graph>
</s>

<s id="s3" ref="3" source="Running text" forest="1" text="o que não gostei caneta pendurada, não ter wi-fi..">
	<graph root="s3_500">
		<terminals>
			<t id="s3_1" word="o" lemma="o" pos="pron-dem" morph="DET M S" extra="dem"/>
			<t id="s3_2" word="que" lemma="que" pos="spec" morph="M S" extra="clb clb-fs rel"/>
			<t id="s3_3" word="não" lemma="não" pos="adv" morph="--" extra="--"/>
			<t id="s3_4" word="gostei" lemma="gostar" pos="v-fin" morph="PS 1S IND VFIN" extra="vH mv np-close"/>
			<t id="s3_5" word="caneta" lemma="caneta" pos="n" morph="F S" sem="tool" extra="--"/>
			<t id="s3_6" word="pendurada" lemma="pendurado" pos="adj" morph="F S" extra="np-close"/>
			<t id="s3_7" word="," lemma="--" pos="pu" morph="--" extra="--"/>
			<t id="s3_8" word="não" lemma="não" pos="adv" morph="--" extra="--"/>
			<t id="s3_9" word="ter" lemma="ter" pos="v-inf" morph="--" extra="mv"/>
			<t id="s3_10" word="wi-fi" lemma="wi-fer" pos="v-fin" morph="PS 1S IND VFIN" extra="foreign heur fmc mv"/>
			<t id="s3_11" word="." lemma="--" pos="pu" morph="--" extra="--"/>
			<t id="s3_12" word="." lemma="--" pos="pu" morph="--" extra="--"/>
		</terminals>

		<nonterminals>
			<nt id="s3_500" cat="s">
				<edge label="UTT" idref="s3_501"/>
			</nt>
			<nt id="s3_501" cat="x">
				<edge label="DN" idref="s3_503"/>
				<edge label="S" idref="s3_2"/>
				<edge label="fA" idref="s3_3"/>
				<edge label="P" idref="s3_4"/>
				<edge label="Od" idref="s3_504"/>
				<edge label="P" idref="s3_10"/>
				<edge label="PU" idref="s3_11"/>
				<edge label="PU" idref="s3_12"/>
			</nt>
			<nt id="s3_502" cat="fcl">
				<edge label="S" idref="s3_1"/>
			</nt>
			<nt id="s3_503" cat="fcl">
			</nt>
			<nt id="s3_504" cat="icl">
				<edge label="fCs" idref="s3_505"/>
				<edge label="PU" idref="s3_7"/>
				<edge label="fA" idref="s3_8"/>
				<edge label="P" idref="s3_9"/>
			</nt>
			<nt id="s3_505" cat="np">
				<edge label="H" idref="s3_5"/>
				<edge label="DN" idref="s3_6"/>
			</nt>
		</nonterminals>
	</graph>
</s>

	</body>
</corpus>
