<?xml version="1.0" encoding="UTF-8"?>
<corpus>

	<body>
<s id="s1" ref="1" source="Running text" forest="1" text="por ser um produto de fabricação da samsung, é por aí que eu escolho.">
	<graph root="s1_500">
		<terminals>
			<t id="s1_1" word="por" lemma="por" pos="prp" morph="--" extra="--"/>
			<t id="s1_2" word="ser" lemma="ser" pos="v-inf" morph="--" extra="vK mv"/>
			<t id="s1_3" word="um" lemma="um" pos="art" morph="M S" extra="--"/>
			<t id="s1_4" word="produto" lemma="produto" pos="n" morph="M S" sem="cc-h mon ac-cat" extra="--"/>
			<t id="s1_5" word="de" lemma="de" pos="prp" morph="--" extra="np-close"/>
			<t id="s1_6" word="fabricação" lemma="fabricação" pos="n" morph="F S" sem="act" extra="--"/>
			<t id="s1_7" word="de" lemma="de" pos="prp" morph="--" extra="sam- np-close"/>
			<t id="s1_8" word="a" lemma="o" pos="art" morph="F S" extra="-sam "/>
			<t id="s1_9" word="samsung" lemma="samsung" pos="n" morph="F S" extra="heur"/>
			<t id="s1_10" word="," lemma="--" pos="pu" morph="--" extra="--"/>
			<t id="s1_11" word="é" lemma="ser" pos="v-fin" morph="PR 3S IND VFIN" extra="vK fmc mv"/>
			<t id="s1_12" word="por" lemma="por" pos="prp" morph="--" extra="--"/>
			<t id="s1_13" word="aí" lemma="aí" pos="adv" morph="--" extra="kc"/>
			<t id="s1_14" word="que" lemma="que" pos="conj-s" morph="--" extra="clb clb-fs"/>
			<t id="s1_15" word="eu" lemma="eu" pos="pron-pers" morph="M/F 1S NOM" extra="--"/>
			<t id="s1_16" word="escolho" lemma="escolher" pos="v-fin" morph="PR 1S IND VFIN" extra="vH mv"/>
			<t id="s1_17" word="." lemma="--" pos="pu" morph="--" extra="--"/>
		</terminals>

		<nonterminals>
			<nt id="s1_500" cat="s">
				<edge label="STA" idref="s1_501"/>
			</nt>
			<nt id="s1_501" cat="fcl">
				<edge label="fA" idref="s1_502"/>
				<edge label="PU" idref="s1_10"/>
				<edge label="P" idref="s1_11"/>
				<edge label="Cs" idref="s1_509"/>
				<edge label="S" idref="s1_510"/>
				<edge label="PU" idref="s1_17"/>
			</nt>
			<nt id="s1_502" cat="pp">
				<edge label="H" idref="s1_1"/>
				<edge label="DP" idref="s1_503"/>
			</nt>
			<nt id="s1_503" cat="icl">
				<edge label="P" idref="s1_2"/>
				<edge label="Cs" idref="s1_504"/>
			</nt>
			<nt id="s1_504" cat="np">
				<edge label="DN" idref="s1_3"/>
				<edge label="H" idref="s1_4"/>
				<edge label="DN" idref="s1_505"/>
			</nt>
			<nt id="s1_505" cat="pp">
				<edge label="H" idref="s1_5"/>
				<edge label="DP" idref="s1_506"/>
			</nt>
			<nt id="s1_506" cat="np">
				<edge label="H" idref="s1_6"/>
				<edge label="DN" idref="s1_507"/>
			</nt>
			<nt id="s1_507" cat="pp">
				<edge label="H" idref="s1_7"/>
				<edge label="DP" idref="s1_508"/>
			</nt>
			<nt id="s1_508" cat="np">
				<edge label="DN" idref="s1_8"/>
				<edge label="H" idref="s1_9"/>
			</nt>
			<nt id="s1_509" cat="pp">
				<edge label="H" idref="s1_12"/>
				<edge label="DP" idref="s1_13"/>
			</nt>
			<nt id="s1_510" cat="fcl">
				<edge label="SUB" idref="s1_14"/>
				<edge label="S" idref="s1_15"/>
				<edge label="P" idref="s1_16"/>
			</nt>
		</nonterminals>
	</graph>
</s>

<s id="s2" ref="2" source="Running text" forest="1" text="fale a pena compraz- lo.">
	<graph root="s2_500">
		<terminals>
			<t id="s2_1" word="fale" lemma="falir" pos="v-fin" morph="PR 3S IND VFIN" extra="predco predco fmc mv"/>
			<t id="s2_2" word="a" lemma="o" pos="art" morph="F S" extra="--"/>
			<t id="s2_3" word="pena" lemma="pena" pos="n" morph="F S" sem="ac sit percep-f tool" extra="--"/>
			<t id="s2_4" word="compraz-" lemma="comprazer" pos="v-fin" morph="PR 3S IND VFIN" extra="nosubj nosubj cjt-STA hyfen vH fmc mv"/>
			<t id="s2_5" word="lo" lemma="ele" pos="pron-pers" morph="M 3S ACC" extra="--"/>
			<t id="s2_6" word="." lemma="--" pos="pu" morph="--" extra="--"/>
		</terminals>

		<nonterminals>
			<nt id="s2_500" cat="s">
				<edge label="STA" idref="s2_501"/>
			</nt>
			<nt id="s2_501" cat="fcl">
				<edge label="X" idref="s2_502"/>
				<edge label="PU" idref="s2_6"/>
			</nt>
			<nt id="s2_502" cat="par">
				<edge label="CJT" idref="s2_503"/>
				<edge label="CJT" idref="s2_505"/>
			</nt>
			<nt id="s2_503" cat="x">
				<edge label="P" idref="s2_1"/>
				<edge label="S" idref="s2_504"/>
			</nt>
			<nt id="s2_504" cat="np">
				<edge label="DN" idref="s2_2"/>
				<edge label="H" idref="s2_3"/>
			</nt>
			<nt id="s2_505" cat="x">
				<edge label="P" idref="s2_4"/>
				<edge label="Od" idref="s2_5"/>
			</nt>
		</nonterminals>
	</graph>
</s>

<s id="s3" ref="3" source="Running text" forest="1" text="o que gostei produto samsung o que não gostei não há..">
	<graph root="s3_500">
		<terminals>
			<t id="s3_1" word="o" lemma="o" pos="pron-dem" morph="DET M S" extra="cjt-head cjt-head-S dem"/>
			<t id="s3_2" word="que" lemma="que" pos="spec" morph="M S" extra="clb clb-fs rel"/>
			<t id="s3_3" word="gostei" lemma="gostar" pos="v-fin" morph="PS 1S IND VFIN" extra="vH mv np-close"/>
			<t id="s3_4" word="produto" lemma="produto" pos="n" morph="M S" sem="cc-h mon ac-cat" extra="cjt-S"/>
			<t id="s3_5" word="samsung" lemma="samsung" pos="n" morph="M S" extra="cjt-S heur"/>
			<t id="s3_6" word="o" lemma="o" pos="pron-dem" morph="DET M S" extra="dem"/>
			<t id="s3_7" word="que" lemma="que" pos="spec" morph="M S" extra="clb clb-fs rel"/>
			<t id="s3_8" word="não" lemma="não" pos="adv" morph="--" extra="--"/>
			<t id="s3_9" word="gostei" lemma="gostar" pos="v-fin" morph="PS 1S IND VFIN" extra="vH mv np-close"/>
			<t id="s3_10" word="não" lemma="não" pos="adv" morph="--" extra="--"/>
			<t id="s3_11" word="há" lemma="haver" pos="v-fin" morph="PR 3S IND VFIN" extra="fmc mv"/>
			<t id="s3_12" word="." lemma="--" pos="pu" morph="--" extra="--"/>
			<t id="s3_13" word="." lemma="--" pos="pu" morph="--" extra="--"/>
		</terminals>

		<nonterminals>
			<nt id="s3_500" cat="s">
				<edge label="UTT" idref="s3_501"/>
			</nt>
			<nt id="s3_501" cat="x">
				<edge label="DN" idref="s3_504"/>
				<edge label="S" idref="s3_2"/>
				<edge label="P" idref="s3_3"/>
				<edge label="S" idref="s3_6"/>
				<edge label="P" idref="s3_11"/>
				<edge label="PU" idref="s3_12"/>
				<edge label="PU" idref="s3_13"/>
			</nt>
			<nt id="s3_502" cat="fcl">
				<edge label="S" idref="s3_503"/>
			</nt>
			<nt id="s3_503" cat="par">
				<edge label="CJT" idref="s3_1"/>
			</nt>
			<nt id="s3_504" cat="fcl">
				<edge label="CJT" idref="s3_4"/>
				<edge label="CJT" idref="s3_505"/>
			</nt>
			<nt id="s3_505" cat="np">
				<edge label="H" idref="s3_5"/>
				<edge label="DN" idref="s3_506"/>
			</nt>
			<nt id="s3_506" cat="fcl">
				<edge label="S" idref="s3_7"/>
				<edge label="fA" idref="s3_8"/>
				<edge label="P" idref="s3_9"/>
				<edge label="fA" idref="s3_10"/>
			</nt>
		</nonterminals>
	</graph>
</s>

	</body>
</corpus>
