<?xml version="1.0" encoding="UTF-8"?>
<corpus>

	<body>
<s id="s1" ref="1" source="Running text" forest="1" text="tamanho de tela ideal para manuseio e graças a expansão de memoria com si utilizar muitos aplicativos..">
	<graph root="s1_500">
		<terminals>
			<t id="s1_1" word="tamanho" lemma="tamanho" pos="n" morph="M S" sem="f-q" extra="--"/>
			<t id="s1_2" word="de" lemma="de" pos="prp" morph="--" extra="np-close"/>
			<t id="s1_3" word="tela" lemma="tela" pos="n" morph="F S" sem="cc-h pict mat-cloth" extra="--"/>
			<t id="s1_4" word="ideal" lemma="ideal" pos="adj" morph="F S" extra="np-close"/>
			<t id="s1_5" word="para" lemma="para" pos="prp" morph="--" extra="np-long"/>
			<t id="s1_6" word="manuseio" lemma="manuseio" pos="n" morph="M S" sem="act-d" extra="--"/>
			<t id="s1_7" word="e" lemma="e" pos="conj-c" morph="--" extra="--"/>
			<t id="s1_8" word="graças_a" lemma="graças_a" pos="prp" morph="--" extra="np-close"/>
			<t id="s1_9" word="expansão" lemma="expansão" pos="n" morph="F S" sem="process" extra="--"/>
			<t id="s1_10" word="de" lemma="de" pos="prp" morph="--" extra="np-close"/>
			<t id="s1_11" word="memoria" lemma="memoriar" pos="v-fin" morph="PR 3S IND VFIN" extra="vH fmc mv"/>
			<t id="s1_12" word="com" lemma="com" pos="prp" morph="--" extra="sam-"/>
			<t id="s1_13" word="si" lemma="se" pos="pron-pers" morph="M/F 3S/P PIV" extra="refl -sam"/>
			<t id="s1_14" word="utilizar" lemma="utilizar" pos="v-inf" morph="--" extra="vH mv"/>
			<t id="s1_15" word="muitos" lemma="muito" pos="pron-indef" morph="DET M P" extra="quant"/>
			<t id="s1_16" word="aplicativos" lemma="aplicativo" pos="n" morph="M P" sem="sem-c" extra="--"/>
			<t id="s1_17" word="." lemma="--" pos="pu" morph="--" extra="--"/>
			<t id="s1_18" word="." lemma="--" pos="pu" morph="--" extra="--"/>
		</terminals>

		<nonterminals>
			<nt id="s1_500" cat="s">
				<edge label="STA" idref="s1_501"/>
			</nt>
			<nt id="s1_501" cat="fcl">
				<edge label="S" idref="s1_502"/>
				<edge label="P" idref="s1_11"/>
				<edge label="fA" idref="s1_509"/>
				<edge label="UTT" idref="s1_510"/>
				<edge label="PU" idref="s1_17"/>
				<edge label="PU" idref="s1_18"/>
			</nt>
			<nt id="s1_502" cat="np">
				<edge label="H" idref="s1_1"/>
				<edge label="DN" idref="s1_503"/>
			</nt>
			<nt id="s1_503" cat="pp">
				<edge label="H" idref="s1_2"/>
				<edge label="DP" idref="s1_504"/>
			</nt>
			<nt id="s1_504" cat="np">
				<edge label="H" idref="s1_3"/>
				<edge label="DN" idref="s1_4"/>
				<edge label="DN" idref="s1_505"/>
			</nt>
			<nt id="s1_505" cat="pp">
				<edge label="H" idref="s1_5"/>
				<edge label="DP" idref="s1_506"/>
			</nt>
			<nt id="s1_506" cat="np">
				<edge label="H" idref="s1_6"/>
				<edge label="DN" idref="s1_507"/>
			</nt>
			<nt id="s1_507" cat="pp">
				<edge label="CO" idref="s1_7"/>
				<edge label="H" idref="s1_8"/>
				<edge label="DP" idref="s1_508"/>
			</nt>
			<nt id="s1_508" cat="np">
				<edge label="H" idref="s1_9"/>
				<edge label="DN" idref="s1_10"/>
			</nt>
			<nt id="s1_509" cat="pp">
				<edge label="H" idref="s1_12"/>
				<edge label="DP" idref="s1_13"/>
			</nt>
			<nt id="s1_510" cat="icl">
				<edge label="P" idref="s1_14"/>
				<edge label="Od" idref="s1_511"/>
			</nt>
			<nt id="s1_511" cat="np">
				<edge label="DN" idref="s1_15"/>
				<edge label="H" idref="s1_16"/>
			</nt>
		</nonterminals>
	</graph>
</s>

	</body>
</corpus>
