<?xml version="1.0" encoding="UTF-8"?>
<corpus>

	<body>
<s id="s1" ref="1" source="Running text" forest="1" text="um smartphone quase perfeito, o display apresenta alguns problemas de velocidade..">
	<graph root="s1_500">
		<terminals>
			<t id="s1_1" word="um" lemma="um" pos="art" morph="M S" extra="--"/>
			<t id="s1_2" word="smartphone" lemma="smartphone" pos="n" morph="M S" extra="heur foreign"/>
			<t id="s1_3" word="quase" lemma="quase" pos="adv" morph="--" extra="quant"/>
			<t id="s1_4" word="perfeito" lemma="perfeito" pos="adj" morph="M S" extra="np-close"/>
			<t id="s1_5" word="," lemma="--" pos="pu" morph="--" extra="--"/>
			<t id="s1_6" word="o" lemma="o" pos="art" morph="M S" extra="--"/>
			<t id="s1_7" word="display" lemma="display" pos="n" morph="M S" sem="furn" extra="--"/>
			<t id="s1_8" word="apresenta" lemma="apresentar" pos="v-fin" morph="PR 3S IND VFIN" extra="vH fmc mv"/>
			<t id="s1_9" word="alguns" lemma="algum" pos="pron-indef" morph="DET M P" extra="quant"/>
			<t id="s1_10" word="problemas" lemma="problema" pos="n" morph="M P" sem="ac" extra="--"/>
			<t id="s1_11" word="de" lemma="de" pos="prp" morph="--" extra="np-close"/>
			<t id="s1_12" word="velocidade" lemma="velocidade" pos="n" morph="F S" sem="f-q ac" extra="--"/>
			<t id="s1_13" word="." lemma="--" pos="pu" morph="--" extra="--"/>
			<t id="s1_14" word="." lemma="--" pos="pu" morph="--" extra="--"/>
		</terminals>

		<nonterminals>
			<nt id="s1_500" cat="s">
				<edge label="STA" idref="s1_501"/>
			</nt>
			<nt id="s1_501" cat="fcl">
				<edge label="fCs" idref="s1_502"/>
				<edge label="PU" idref="s1_5"/>
				<edge label="S" idref="s1_504"/>
				<edge label="P" idref="s1_8"/>
				<edge label="Od" idref="s1_505"/>
				<edge label="PU" idref="s1_13"/>
				<edge label="PU" idref="s1_14"/>
			</nt>
			<nt id="s1_502" cat="np">
				<edge label="DN" idref="s1_1"/>
				<edge label="H" idref="s1_2"/>
				<edge label="DN" idref="s1_503"/>
			</nt>
			<nt id="s1_503" cat="adjp">
				<edge label="DA" idref="s1_3"/>
				<edge label="H" idref="s1_4"/>
			</nt>
			<nt id="s1_504" cat="np">
				<edge label="DN" idref="s1_6"/>
				<edge label="H" idref="s1_7"/>
			</nt>
			<nt id="s1_505" cat="np">
				<edge label="DN" idref="s1_9"/>
				<edge label="H" idref="s1_10"/>
				<edge label="DN" idref="s1_506"/>
			</nt>
			<nt id="s1_506" cat="pp">
				<edge label="H" idref="s1_11"/>
				<edge label="DP" idref="s1_12"/>
			</nt>
		</nonterminals>
	</graph>
</s>

	</body>
</corpus>
