<?xml version="1.0" encoding="UTF-8"?>
<corpus>

	<body>
<s id="s1" ref="1" source="Running text" forest="1" text="um aparelho moderno, ágil e de fácil entendimento.">
	<graph root="s1_500">
		<terminals>
			<t id="s1_1" word="um" lemma="um" pos="art" morph="M S" extra="--"/>
			<t id="s1_2" word="aparelho" lemma="aparelho" pos="n" morph="M S" sem="tool" extra="cjt-head cjt-head-X"/>
			<t id="s1_3" word="moderno" lemma="moderno" pos="adj" morph="M S" extra="np-close"/>
			<t id="s1_4" word="," lemma="--" pos="pu" morph="--" extra="--"/>
			<t id="s1_5" word="ágil" lemma="ágil" pos="adj" morph="M/F S" extra="cjt-X jh"/>
			<t id="s1_6" word="e" lemma="e" pos="conj-c" morph="--" extra="--"/>
			<t id="s1_7" word="de" lemma="de" pos="prp" morph="--" extra="--"/>
			<t id="s1_8" word="fácil" lemma="fácil" pos="adj" morph="M S" extra="jh"/>
			<t id="s1_9" word="entendimento" lemma="entendimento" pos="n" morph="M S" sem="sem-s sem-c talk" extra="--"/>
			<t id="s1_10" word="." lemma="--" pos="pu" morph="--" extra="--"/>
		</terminals>

		<nonterminals>
			<nt id="s1_500" cat="s">
				<edge label="X" idref="s1_501"/>
			</nt>
			<nt id="s1_501" cat="par">
				<edge label="CJT" idref="s1_502"/>
				<edge label="PU" idref="s1_4"/>
				<edge label="CJT" idref="s1_503"/>
				<edge label="PU" idref="s1_10"/>
			</nt>
			<nt id="s1_502" cat="np">
				<edge label="DN" idref="s1_1"/>
				<edge label="H" idref="s1_2"/>
				<edge label="DN" idref="s1_3"/>
			</nt>
			<nt id="s1_503" cat="adjp">
				<edge label="H" idref="s1_5"/>
				<edge label="fA" idref="s1_504"/>
			</nt>
			<nt id="s1_504" cat="pp">
				<edge label="CO" idref="s1_6"/>
				<edge label="H" idref="s1_7"/>
				<edge label="DP" idref="s1_505"/>
			</nt>
			<nt id="s1_505" cat="np">
				<edge label="DN" idref="s1_8"/>
				<edge label="H" idref="s1_9"/>
			</nt>
		</nonterminals>
	</graph>
</s>

<s id="s2" ref="2" source="Running text" forest="1" text="com certeza uma ótima escolha.">
	<graph root="s2_500">
		<terminals>
			<t id="s2_1" word="com" lemma="com" pos="prp" morph="--" extra="--"/>
			<t id="s2_2" word="certeza" lemma="certeza" pos="n" morph="F S" sem="am" extra="--"/>
			<t id="s2_3" word="uma" lemma="um" pos="art" morph="F S" extra="--"/>
			<t id="s2_4" word="ótima" lemma="bom" pos="adj" morph="F S" extra="SUP jh"/>
			<t id="s2_5" word="escolha" lemma="escolha" pos="n" morph="F S" sem="act HH" extra="--"/>
			<t id="s2_6" word="." lemma="--" pos="pu" morph="--" extra="--"/>
		</terminals>

		<nonterminals>
			<nt id="s2_500" cat="s">
				<edge label="fA" idref="s2_501"/>
			</nt>
			<nt id="s2_501" cat="pp">
				<edge label="H" idref="s2_1"/>
				<edge label="DP" idref="s2_2"/>
				<edge label="X" idref="s2_502"/>
				<edge label="PU" idref="s2_6"/>
			</nt>
			<nt id="s2_502" cat="np">
				<edge label="DN" idref="s2_3"/>
				<edge label="DN" idref="s2_4"/>
				<edge label="H" idref="s2_5"/>
			</nt>
		</nonterminals>
	</graph>
</s>

<s id="s3" ref="3" source="Running text" forest="1" text="valeu a pena!">
	<graph root="s3_500">
		<terminals>
			<t id="s3_1" word="valeu" lemma="valer" pos="v-fin" morph="PS 3S IND VFIN" extra="fmc mv"/>
			<t id="s3_2" word="a" lemma="o" pos="art" morph="F S" extra="--"/>
			<t id="s3_3" word="pena" lemma="pena" pos="n" morph="F S" sem="ac sit percep-f tool" extra="--"/>
			<t id="s3_4" word="!" lemma="--" pos="pu" morph="--" extra="--"/>
		</terminals>

		<nonterminals>
			<nt id="s3_500" cat="s">
				<edge label="STA" idref="s3_501"/>
			</nt>
			<nt id="s3_501" cat="fcl">
				<edge label="P" idref="s3_1"/>
				<edge label="Od" idref="s3_502"/>
				<edge label="PU" idref="s3_4"/>
			</nt>
			<nt id="s3_502" cat="np">
				<edge label="DN" idref="s3_2"/>
				<edge label="H" idref="s3_3"/>
			</nt>
		</nonterminals>
	</graph>
</s>

<s id="s4" ref="4" source="Running text" forest="1" text="o que gostei um celular muito bom, de fácil acesso e entendimento.">
	<graph root="s4_500">
		<terminals>
			<t id="s4_1" word="o" lemma="o" pos="pron-dem" morph="DET M S" extra="dem"/>
			<t id="s4_2" word="que" lemma="que" pos="spec" morph="M S" extra="clb clb-fs rel"/>
			<t id="s4_3" word="gostei" lemma="gostar" pos="v-fin" morph="PS 1S IND VFIN" extra="vH mv np-close"/>
			<t id="s4_4" word="um" lemma="um" pos="art" morph="M S" extra="--"/>
			<t id="s4_5" word="celular" lemma="celular" pos="adj" morph="M S" extra="nh"/>
			<t id="s4_6" word="muito" lemma="muito" pos="adv" morph="--" extra="quant"/>
			<t id="s4_7" word="bom" lemma="bom" pos="adj" morph="M S" extra="np-close"/>
			<t id="s4_8" word="," lemma="--" pos="pu" morph="--" extra="--"/>
			<t id="s4_9" word="de" lemma="de" pos="prp" morph="--" extra="--"/>
			<t id="s4_10" word="fácil" lemma="fácil" pos="adj" morph="M S" extra="jh"/>
			<t id="s4_11" word="acesso" lemma="acesso" pos="n" morph="M S" sem="event Lpath f-right" extra="cjt-head cjt-head-DP"/>
			<t id="s4_12" word="e" lemma="e" pos="conj-c" morph="--" extra="--"/>
			<t id="s4_13" word="entendimento" lemma="entendimento" pos="n" morph="M S" sem="sem-s sem-c talk" extra="cjt-DP"/>
			<t id="s4_14" word="." lemma="--" pos="pu" morph="--" extra="--"/>
		</terminals>

		<nonterminals>
			<nt id="s4_500" cat="s">
				<edge label="UTT" idref="s4_501"/>
			</nt>
			<nt id="s4_501" cat="x">
				<edge label="X" idref="s4_1"/>
				<edge label="DN" idref="s4_502"/>
				<edge label="S" idref="s4_2"/>
				<edge label="P" idref="s4_3"/>
				<edge label="fCs" idref="s4_503"/>
				<edge label="DN" idref="s4_504"/>
				<edge label="DA" idref="s4_6"/>
				<edge label="H" idref="s4_7"/>
				<edge label="PU" idref="s4_8"/>
				<edge label="fCs" idref="s4_505"/>
				<edge label="PU" idref="s4_14"/>
			</nt>
			<nt id="s4_502" cat="fcl">
			</nt>
			<nt id="s4_503" cat="np">
				<edge label="DN" idref="s4_4"/>
				<edge label="H" idref="s4_5"/>
			</nt>
			<nt id="s4_504" cat="adjp">
			</nt>
			<nt id="s4_505" cat="pp">
				<edge label="H" idref="s4_9"/>
				<edge label="DP" idref="s4_506"/>
			</nt>
			<nt id="s4_506" cat="par">
				<edge label="CJT" idref="s4_507"/>
				<edge label="CO" idref="s4_12"/>
				<edge label="CJT" idref="s4_13"/>
			</nt>
			<nt id="s4_507" cat="np">
				<edge label="DN" idref="s4_10"/>
				<edge label="H" idref="s4_11"/>
			</nt>
		</nonterminals>
	</graph>
</s>

<s id="s5" ref="5" source="Running text" forest="1" text="vale a pena!!!">
	<graph root="s5_500">
		<terminals>
			<t id="s5_1" word="vale" lemma="valer" pos="v-fin" morph="PR 3S IND VFIN" extra="fmc mv"/>
			<t id="s5_2" word="a" lemma="o" pos="art" morph="F S" extra="--"/>
			<t id="s5_3" word="pena" lemma="pena" pos="n" morph="F S" sem="ac sit percep-f tool" extra="--"/>
			<t id="s5_4" word="!" lemma="--" pos="pu" morph="--" extra="--"/>
			<t id="s5_5" word="!" lemma="--" pos="pu" morph="--" extra="--"/>
			<t id="s5_6" word="!" lemma="--" pos="pu" morph="--" extra="--"/>
		</terminals>

		<nonterminals>
			<nt id="s5_500" cat="s">
				<edge label="STA" idref="s5_501"/>
			</nt>
			<nt id="s5_501" cat="fcl">
				<edge label="P" idref="s5_1"/>
				<edge label="Od" idref="s5_502"/>
				<edge label="PU" idref="s5_4"/>
				<edge label="PU" idref="s5_5"/>
				<edge label="PU" idref="s5_6"/>
			</nt>
			<nt id="s5_502" cat="np">
				<edge label="DN" idref="s5_2"/>
				<edge label="H" idref="s5_3"/>
			</nt>
		</nonterminals>
	</graph>
</s>

<s id="s6" ref="6" source="Running text" forest="1" text="um ótima escolha e compra.">
	<graph root="s6_500">
		<terminals>
			<t id="s6_1" word="um" lemma="um" pos="art" morph="M S" extra="--"/>
			<t id="s6_2" word="ótima" lemma="bom" pos="adj" morph="F S" extra="SUP jh"/>
			<t id="s6_3" word="escolha" lemma="escolha" pos="n" morph="F S" sem="act HH" extra="--"/>
			<t id="s6_4" word="e" lemma="e" pos="conj-c" morph="--" extra="topkc"/>
			<t id="s6_5" word="compra" lemma="comprar" pos="v-fin" morph="PR 3S IND VFIN" extra="vH fmc mv"/>
			<t id="s6_6" word="." lemma="--" pos="pu" morph="--" extra="--"/>
		</terminals>

		<nonterminals>
			<nt id="s6_500" cat="s">
				<edge label="STA" idref="s6_501"/>
			</nt>
			<nt id="s6_501" cat="fcl">
				<edge label="S" idref="s6_502"/>
				<edge label="CO" idref="s6_4"/>
				<edge label="P" idref="s6_5"/>
				<edge label="PU" idref="s6_6"/>
			</nt>
			<nt id="s6_502" cat="np">
				<edge label="DN" idref="s6_1"/>
				<edge label="DN" idref="s6_2"/>
				<edge label="H" idref="s6_3"/>
			</nt>
		</nonterminals>
	</graph>
</s>

<s id="s7" ref="7" source="Running text" forest="1" text="o que não gostei é uma pena que não tem wifi..">
	<graph root="s7_500">
		<terminals>
			<t id="s7_1" word="o" lemma="o" pos="pron-dem" morph="DET M S" extra="dem"/>
			<t id="s7_2" word="que" lemma="que" pos="spec" morph="M S" extra="clb clb-fs rel"/>
			<t id="s7_3" word="não" lemma="não" pos="adv" morph="--" extra="--"/>
			<t id="s7_4" word="gostei" lemma="gostar" pos="v-fin" morph="PS 1S IND VFIN" extra="vH mv np-close"/>
			<t id="s7_5" word="é" lemma="ser" pos="v-fin" morph="PR 3S IND VFIN" extra="predco predco vK fmc mv"/>
			<t id="s7_6" word="uma" lemma="um" pos="art" morph="F S" extra="--"/>
			<t id="s7_7" word="pena" lemma="pena" pos="n" morph="F S" sem="ac sit percep-f tool" extra="--"/>
			<t id="s7_8" word="que" lemma="que" pos="conj-s" morph="--" extra="clb clb-fs"/>
			<t id="s7_9" word="não" lemma="não" pos="adv" morph="--" extra="--"/>
			<t id="s7_10" word="tem" lemma="ter" pos="v-fin" morph="PR 3S IND VFIN" extra="mv np-close"/>
			<t id="s7_11" word="wifi" lemma="wifer" pos="v-fin" morph="PS 1S IND VFIN" extra="nosubj nosubj cjt-STA foreign heur fmc mv"/>
			<t id="s7_12" word="." lemma="--" pos="pu" morph="--" extra="--"/>
			<t id="s7_13" word="." lemma="--" pos="pu" morph="--" extra="--"/>
		</terminals>

		<nonterminals>
			<nt id="s7_500" cat="s">
				<edge label="STA" idref="s7_501"/>
			</nt>
			<nt id="s7_501" cat="np">
				<edge label="S" idref="s7_1"/>
				<edge label="DN" idref="s7_502"/>
				<edge label="S" idref="s7_2"/>
				<edge label="fA" idref="s7_3"/>
				<edge label="P" idref="s7_4"/>
				<edge label="X" idref="s7_503"/>
				<edge label="PU" idref="s7_12"/>
				<edge label="PU" idref="s7_13"/>
			</nt>
			<nt id="s7_502" cat="fcl">
			</nt>
			<nt id="s7_503" cat="par">
				<edge label="CJT" idref="s7_504"/>
				<edge label="CJT" idref="s7_11"/>
			</nt>
			<nt id="s7_504" cat="x">
				<edge label="P" idref="s7_5"/>
				<edge label="Cs" idref="s7_505"/>
				<edge label="DN" idref="s7_506"/>
			</nt>
			<nt id="s7_505" cat="np">
				<edge label="DN" idref="s7_6"/>
				<edge label="H" idref="s7_7"/>
			</nt>
			<nt id="s7_506" cat="fcl">
				<edge label="SUB" idref="s7_8"/>
				<edge label="fA" idref="s7_9"/>
				<edge label="P" idref="s7_10"/>
			</nt>
		</nonterminals>
	</graph>
</s>

	</body>
</corpus>
