<?xml version="1.0" encoding="UTF-8"?>
<corpus>

	<body>
<s id="s1" ref="1" source="Running text" forest="1" text="o lg optimus l5 ii é perfeito para aqueles que assim como eu são apaixonados por tecnologia, smartphone de tecnologia avançada, câmera excelente com flash integrado, &quot;print screen �da tela podendo compartilhar suas novidades direto do l5 ii, super fácil de manusear, vários aplicativos interessantes já instalados, e diversos gratuitos ou pagos para download direto da play store, gps integrado de qualquer lugar onde esteja, e dual chip, além de a memória interna de 4 gb, não sendo necessário micro sd separado.">
	<graph root="s1_500">
		<terminals>
			<t id="s1_1" word="o" lemma="o" pos="art" morph="M S" extra="--"/>
			<t id="s1_2" word="lg" lemma="lg" pos="n" morph="M S" extra="foreign"/>
			<t id="s1_3" word="optimus" lemma="optimu" pos="n" morph="M P" extra="heur"/>
			<t id="s1_4" word="l5" lemma="l5" pos="n" morph="M/F S" extra="foreign"/>
			<t id="s1_5" word="ii" lemma="ii" pos="n" morph="M S" extra="DERS"/>
			<t id="s1_6" word="é" lemma="ser" pos="v-fin" morph="PR 3S IND VFIN" extra="predco predco fmc aux"/>
			<t id="s1_7" word="perfeito" lemma="perfazer" pos="v-pcp" morph="M S" extra="mv"/>
			<t id="s1_8" word="para" lemma="para" pos="prp" morph="--" extra="--"/>
			<t id="s1_9" word="aqueles" lemma="aquele" pos="pron-dem" morph="DET M P" extra="dem"/>
			<t id="s1_10" word="que" lemma="que" pos="spec" morph="M S" extra="clb clb-fs rel"/>
			<t id="s1_11" word="assim_como" lemma="assim_como" pos="adv" morph="--" extra="com rel"/>
			<t id="s1_12" word="eu" lemma="eu" pos="pron-pers" morph="M/F 1S NOM" extra="--"/>
			<t id="s1_13" word="são" lemma="ser" pos="v-fin" morph="PR 3P IND VFIN" extra="aux np-close"/>
			<t id="s1_14" word="apaixonados" lemma="apaixonar" pos="v-pcp" morph="M P" extra="mv"/>
			<t id="s1_15" word="por" lemma="por" pos="prp" morph="--" extra="--"/>
			<t id="s1_16" word="tecnologia" lemma="tecnologia" pos="n" morph="F S" sem="domain" extra="--"/>
			<t id="s1_17" word="," lemma="--" pos="pu" morph="--" extra="--"/>
			<t id="s1_18" word="smartphone" lemma="smartphone" pos="n" morph="M S" extra="cjt-head cjt-head-S heur foreign"/>
			<t id="s1_19" word="de" lemma="de" pos="prp" morph="--" extra="np-close"/>
			<t id="s1_20" word="tecnologia" lemma="tecnologia" pos="n" morph="F S" sem="domain" extra="--"/>
			<t id="s1_21" word="avançada" lemma="avançado" pos="adj" morph="F S" extra="nh np-close"/>
			<t id="s1_22" word="," lemma="--" pos="pu" morph="--" extra="--"/>
			<t id="s1_23" word="câmera" lemma="c�=mera" pos="n" morph="F S" sem="tool" extra="np-close"/>
			<t id="s1_24" word="excelente" lemma="excelente" pos="adj" morph="F S" extra="np-close"/>
			<t id="s1_25" word="com" lemma="com" pos="prp" morph="--" extra="np-long"/>
			<t id="s1_26" word="flash" lemma="flash" pos="n" morph="M S" sem="tool" extra="--"/>
			<t id="s1_27" word="integrado" lemma="integrar" pos="v-pcp" morph="M S" extra="vH np-close"/>
			<t id="s1_28" word="," lemma="--" pos="pu" morph="--" extra="--"/>
			<t id="s1_29" word="&quot;" lemma="--" pos="pu" morph="--" extra="--"/>
			<t id="s1_30" word="print" lemma="print" pos="n" morph="M S" sem="sem-r" extra="np-close"/>
			<t id="s1_31" word="screen" lemma="screen" pos="n" morph="M S" extra="cjt-S foreign heur"/>
			<t id="s1_32" word="&quot;" lemma="--" pos="pu" morph="--" extra="--"/>
			<t id="s1_33" word="de" lemma="de" pos="prp" morph="--" extra="sam-"/>
			<t id="s1_34" word="a" lemma="o" pos="art" morph="F S" extra="-sam "/>
			<t id="s1_35" word="tela" lemma="tela" pos="n" morph="F S" sem="cc-h pict mat-cloth" extra="--"/>
			<t id="s1_36" word="podendo" lemma="poder" pos="v-ger" morph="--" extra="aux"/>
			<t id="s1_37" word="compartilhar" lemma="compartilhar" pos="v-inf" morph="--" extra="vH mv"/>
			<t id="s1_38" word="suas" lemma="seu" pos="pron-poss" morph="DET F P" extra="si poss 3S"/>
			<t id="s1_39" word="novidades" lemma="novidade" pos="n" morph="F P" sem="am" extra="--"/>
			<t id="s1_40" word="direto" lemma="direto" pos="adj" morph="M S" extra="--"/>
			<t id="s1_41" word="de" lemma="de" pos="prp" morph="--" extra="sam-"/>
			<t id="s1_42" word="o" lemma="o" pos="art" morph="M S" extra="-sam "/>
			<t id="s1_43" word="l5" lemma="l5" pos="n" morph="M S" extra="foreign"/>
			<t id="s1_44" word="ii" lemma="ii" pos="n" morph="M S" extra="clb DERS"/>
			<t id="s1_45" word="," lemma="--" pos="pu" morph="--" extra="--"/>
			<t id="s1_46" word="super" lemma="super" pos="adv" morph="--" extra="newlex"/>
			<t id="s1_47" word="fácil" lemma="fácil" pos="adj" morph="M S" extra="np-close"/>
			<t id="s1_48" word="de" lemma="de" pos="prp" morph="--" extra="--"/>
			<t id="s1_49" word="manusear" lemma="manusear" pos="v-inf" morph="--" extra="vH mv"/>
			<t id="s1_50" word="," lemma="--" pos="pu" morph="--" extra="--"/>
			<t id="s1_51" word="vários" lemma="vários" pos="pron-indef" morph="DET M P" extra="quant"/>
			<t id="s1_52" word="aplicativos" lemma="aplicativo" pos="n" morph="M P" sem="sem-c" extra="cjt-head cjt-head-Od"/>
			<t id="s1_53" word="interessantes" lemma="interessante" pos="adj" morph="M P" extra="jh np-close"/>
			<t id="s1_54" word="já" lemma="já" pos="adv" morph="--" extra="--"/>
			<t id="s1_55" word="instalados" lemma="instalado" pos="adj" morph="M P" extra="jh np-close"/>
			<t id="s1_56" word="," lemma="--" pos="pu" morph="--" extra="--"/>
			<t id="s1_57" word="e" lemma="e" pos="conj-c" morph="--" extra="clb"/>
			<t id="s1_58" word="diversos" lemma="diversos" pos="pron-indef" morph="DET M P" extra="quant"/>
			<t id="s1_59" word="gratuitos" lemma="gratuito" pos="adj" morph="M P" extra="cjt-Od n jh"/>
			<t id="s1_60" word="ou" lemma="ou" pos="conj-c" morph="--" extra="--"/>
			<t id="s1_61" word="pagos" lemma="pagar" pos="v-pcp" morph="M P" extra="cjt-Od vH"/>
			<t id="s1_62" word="para" lemma="para" pos="prp" morph="--" extra="--"/>
			<t id="s1_63" word="download" lemma="download" pos="n" morph="M S" sem="act" extra="--"/>
			<t id="s1_64" word="direto" lemma="direto" pos="adj" morph="M S" extra="jh np-close"/>
			<t id="s1_65" word="de" lemma="de" pos="prp" morph="--" extra="sam- np-close"/>
			<t id="s1_66" word="a" lemma="o" pos="art" morph="F S" extra="-sam "/>
			<t id="s1_67" word="play" lemma="play" pos="n" morph="M S" sem="act-d" extra="newlex"/>
			<t id="s1_68" word="store" lemma="storer" pos="v-fin" morph="PR 3S IND VFIN" extra="cjt-STA heur fmc mv"/>
			<t id="s1_69" word="," lemma="--" pos="pu" morph="--" extra="--"/>
			<t id="s1_70" word="gps" lemma="gps" pos="n" morph="M S" extra="foreign heur"/>
			<t id="s1_71" word="integrado" lemma="integrar" pos="v-pcp" morph="M S" extra="vH np-close"/>
			<t id="s1_72" word="de" lemma="de" pos="prp" morph="--" extra="np-close"/>
			<t id="s1_73" word="qualquer" lemma="qualquer" pos="pron-indef" morph="DET M S" extra="quant"/>
			<t id="s1_74" word="lugar" lemma="lugar" pos="n" morph="M S" sem="L Labs" extra="--"/>
			<t id="s1_75" word="onde" lemma="onde" pos="adv" morph="--" extra="clb clb-fs rel ks"/>
			<t id="s1_76" word="esteja" lemma="estar" pos="v-fin" morph="PR 3S SUBJ VFIN" extra="vK mv np-close"/>
			<t id="s1_77" word="," lemma="--" pos="pu" morph="--" extra="--"/>
			<t id="s1_78" word="e" lemma="e" pos="conj-c" morph="--" extra="--"/>
			<t id="s1_79" word="dual" lemma="dual" pos="adj" morph="M S" extra="nh"/>
			<t id="s1_80" word="chip" lemma="chip" pos="n" morph="M S" sem="cc" extra="--"/>
			<t id="s1_81" word="," lemma="--" pos="pu" morph="--" extra="--"/>
			<t id="s1_82" word="além_de" lemma="além_de" pos="prp" morph="--" extra="sam-"/>
			<t id="s1_83" word="a" lemma="o" pos="art" morph="F S" extra=" -sam"/>
			<t id="s1_84" word="memória_interna" lemma="memória_interna" pos="n" morph="F S" sem="Labs" extra="--"/>
			<t id="s1_85" word="de" lemma="de" pos="prp" morph="--" extra="np-close"/>
			<t id="s1_86" word="4" lemma="4" pos="num" morph="M/F P" extra="card"/>
			<t id="s1_87" word="gb" lemma="gb" pos="n" morph="M/F S" extra="foreign"/>
			<t id="s1_88" word="," lemma="--" pos="pu" morph="--" extra="--"/>
			<t id="s1_89" word="não" lemma="não" pos="adv" morph="--" extra="--"/>
			<t id="s1_90" word="sendo" lemma="ser" pos="v-ger" morph="--" extra="clb vK mv"/>
			<t id="s1_91" word="necessário" lemma="necessário" pos="adj" morph="M S" extra="nh"/>
			<t id="s1_92" word="micro" lemma="micro" pos="n" morph="M S" sem="tool unit" extra="cjt-head cjt-head-Cs"/>
			<t id="s1_93" word="sd" lemma="sd" pos="n" morph="M/F S" extra="cjt-Cs foreign"/>
			<t id="s1_94" word="separado" lemma="separado" pos="adj" morph="M S" extra="np-close"/>
			<t id="s1_95" word="." lemma="--" pos="pu" morph="--" extra="--"/>
		</terminals>

		<nonterminals>
			<nt id="s1_500" cat="s">
				<edge label="STA" idref="s1_501"/>
			</nt>
			<nt id="s1_501" cat="fcl">
				<edge label="S" idref="s1_502"/>
				<edge label="fCs" idref="s1_3"/>
				<edge label="S" idref="s1_4"/>
				<edge label="S" idref="s1_503"/>
				<edge label="X" idref="s1_504"/>
				<edge label="PU" idref="s1_95"/>
			</nt>
			<nt id="s1_502" cat="np">
				<edge label="DN" idref="s1_1"/>
				<edge label="H" idref="s1_2"/>
			</nt>
			<nt id="s1_503" cat="np">
				<edge label="H" idref="s1_5"/>
				<edge label="DN" idref="s1_508"/>
				<edge label="CJT" idref="s1_525"/>
				<edge label="PU" idref="s1_56"/>
				<edge label="CO" idref="s1_57"/>
			</nt>
			<nt id="s1_504" cat="par">
				<edge label="CJT" idref="s1_505"/>
			</nt>
			<nt id="s1_505" cat="x">
				<edge label="P" idref="s1_506"/>
				<edge label="fA" idref="s1_507"/>
			</nt>
			<nt id="s1_506" cat="vp">
				<edge label="Vaux" idref="s1_6"/>
				<edge label="Vm" idref="s1_7"/>
			</nt>
			<nt id="s1_507" cat="pp">
				<edge label="H" idref="s1_8"/>
				<edge label="DP" idref="s1_9"/>
			</nt>
			<nt id="s1_508" cat="fcl">
				<edge label="S" idref="s1_10"/>
				<edge label="fA" idref="s1_11"/>
				<edge label="S" idref="s1_12"/>
				<edge label="P" idref="s1_509"/>
				<edge label="Op" idref="s1_510"/>
				<edge label="PU" idref="s1_17"/>
				<edge label="fA" idref="s1_511"/>
			</nt>
			<nt id="s1_509" cat="vp">
				<edge label="Vaux" idref="s1_13"/>
				<edge label="Vm" idref="s1_14"/>
			</nt>
			<nt id="s1_510" cat="pp">
				<edge label="H" idref="s1_15"/>
				<edge label="DP" idref="s1_16"/>
			</nt>
			<nt id="s1_511" cat="advp">
				<edge label="S" idref="s1_512"/>
				<edge label="PU" idref="s1_32"/>
				<edge label="fA" idref="s1_519"/>
				<edge label="P" idref="s1_521"/>
				<edge label="Od" idref="s1_522"/>
				<edge label="fCs" idref="s1_40"/>
				<edge label="fA" idref="s1_523"/>
			</nt>
			<nt id="s1_512" cat="par">
				<edge label="CJT" idref="s1_513"/>
				<edge label="CJT" idref="s1_31"/>
			</nt>
			<nt id="s1_513" cat="np">
				<edge label="H" idref="s1_18"/>
				<edge label="DN" idref="s1_514"/>
			</nt>
			<nt id="s1_514" cat="pp">
				<edge label="H" idref="s1_19"/>
				<edge label="DP" idref="s1_515"/>
				<edge label="PU" idref="s1_22"/>
				<edge label="DNc" idref="s1_516"/>
			</nt>
			<nt id="s1_515" cat="np">
				<edge label="H" idref="s1_20"/>
				<edge label="DN" idref="s1_21"/>
			</nt>
			<nt id="s1_516" cat="np">
			</nt>
			<nt id="s1_517" cat="pp">
				<edge label="H" idref="s1_25"/>
				<edge label="DP" idref="s1_518"/>
			</nt>
			<nt id="s1_518" cat="np">
				<edge label="H" idref="s1_26"/>
				<edge label="DN" idref="s1_27"/>
				<edge label="PU" idref="s1_28"/>
				<edge label="PU" idref="s1_29"/>
				<edge label="DNc" idref="s1_30"/>
			</nt>
			<nt id="s1_519" cat="pp">
				<edge label="H" idref="s1_33"/>
				<edge label="DP" idref="s1_520"/>
			</nt>
			<nt id="s1_520" cat="np">
				<edge label="DN" idref="s1_34"/>
				<edge label="H" idref="s1_35"/>
			</nt>
			<nt id="s1_521" cat="vp">
				<edge label="Vaux" idref="s1_36"/>
				<edge label="Vm" idref="s1_37"/>
			</nt>
			<nt id="s1_522" cat="np">
				<edge label="DN" idref="s1_38"/>
				<edge label="H" idref="s1_39"/>
			</nt>
			<nt id="s1_523" cat="pp">
				<edge label="H" idref="s1_41"/>
				<edge label="DP" idref="s1_524"/>
			</nt>
			<nt id="s1_524" cat="np">
				<edge label="DN" idref="s1_42"/>
				<edge label="H" idref="s1_43"/>
			</nt>
			<nt id="s1_525" cat="fcl">
				<edge label="S" idref="s1_526"/>
				<edge label="fCs" idref="s1_533"/>
				<edge label="P" idref="s1_68"/>
				<edge label="PU" idref="s1_69"/>
			</nt>
			<nt id="s1_526" cat="np">
				<edge label="H" idref="s1_44"/>
				<edge label="PU" idref="s1_45"/>
				<edge label="DN" idref="s1_527"/>
			</nt>
			<nt id="s1_527" cat="adjp">
				<edge label="DA" idref="s1_46"/>
				<edge label="H" idref="s1_47"/>
				<edge label="DA" idref="s1_528"/>
			</nt>
			<nt id="s1_528" cat="pp">
				<edge label="H" idref="s1_48"/>
				<edge label="DP" idref="s1_529"/>
			</nt>
			<nt id="s1_529" cat="icl">
				<edge label="P" idref="s1_49"/>
				<edge label="PU" idref="s1_50"/>
				<edge label="Od" idref="s1_530"/>
				<edge label="fA" idref="s1_534"/>
			</nt>
			<nt id="s1_530" cat="par">
				<edge label="CJT" idref="s1_531"/>
				<edge label="CJT" idref="s1_59"/>
			</nt>
			<nt id="s1_531" cat="np">
				<edge label="DN" idref="s1_51"/>
				<edge label="H" idref="s1_52"/>
				<edge label="DN" idref="s1_53"/>
				<edge label="DN" idref="s1_532"/>
			</nt>
			<nt id="s1_532" cat="adjp">
				<edge label="DA" idref="s1_54"/>
				<edge label="H" idref="s1_55"/>
			</nt>
			<nt id="s1_533" cat="np">
				<edge label="DN" idref="s1_58"/>
				<edge label="H" idref="s1_70"/>
				<edge label="DN" idref="s1_71"/>
				<edge label="DN" idref="s1_539"/>
			</nt>
			<nt id="s1_534" cat="pp">
				<edge label="DP" idref="s1_535"/>
				<edge label="CJT" idref="s1_61"/>
				<edge label="H" idref="s1_62"/>
			</nt>
			<nt id="s1_535" cat="np">
				<edge label="DN" idref="s1_536"/>
				<edge label="H" idref="s1_63"/>
				<edge label="-DN" idref="s1_64"/>
				<edge label="DN" idref="s1_537"/>
			</nt>
			<nt id="s1_536" cat="adjp">
				<edge label="CO" idref="s1_60"/>
			</nt>
			<nt id="s1_537" cat="pp">
				<edge label="H" idref="s1_65"/>
				<edge label="DP" idref="s1_538"/>
			</nt>
			<nt id="s1_538" cat="np">
				<edge label="DN" idref="s1_66"/>
				<edge label="H" idref="s1_67"/>
			</nt>
			<nt id="s1_539" cat="pp">
				<edge label="H" idref="s1_72"/>
				<edge label="DP" idref="s1_540"/>
			</nt>
			<nt id="s1_540" cat="np">
				<edge label="DN" idref="s1_73"/>
				<edge label="H" idref="s1_74"/>
				<edge label="DN" idref="s1_541"/>
			</nt>
			<nt id="s1_541" cat="fcl">
				<edge label="fA" idref="s1_75"/>
				<edge label="P" idref="s1_76"/>
				<edge label="PU" idref="s1_77"/>
				<edge label="Cs" idref="s1_542"/>
				<edge label="S" idref="s1_545"/>
				<edge label="PU" idref="s1_88"/>
				<edge label="fA" idref="s1_89"/>
				<edge label="fA" idref="s1_548"/>
			</nt>
			<nt id="s1_542" cat="pp">
				<edge label="DP" idref="s1_543"/>
			</nt>
			<nt id="s1_543" cat="np">
				<edge label="DN" idref="s1_544"/>
			</nt>
			<nt id="s1_544" cat="pp">
				<edge label="CO" idref="s1_78"/>
				<edge label="DP" idref="s1_547"/>
			</nt>
			<nt id="s1_545" cat="np">
				<edge label="DN" idref="s1_79"/>
				<edge label="H" idref="s1_80"/>
				<edge label="PU" idref="s1_81"/>
				<edge label="H" idref="s1_82"/>
				<edge label="DP" idref="s1_546"/>
			</nt>
			<nt id="s1_546" cat="np">
				<edge label="DN" idref="s1_83"/>
				<edge label="H" idref="s1_84"/>
				<edge label="-DN" idref="s1_85"/>
			</nt>
			<nt id="s1_547" cat="np">
				<edge label="DN" idref="s1_86"/>
				<edge label="H" idref="s1_87"/>
			</nt>
			<nt id="s1_548" cat="advp">
				<edge label="P" idref="s1_90"/>
				<edge label="Cs" idref="s1_549"/>
			</nt>
			<nt id="s1_549" cat="par">
				<edge label="CJT" idref="s1_550"/>
				<edge label="CJT" idref="s1_551"/>
			</nt>
			<nt id="s1_550" cat="np">
				<edge label="DN" idref="s1_91"/>
				<edge label="H" idref="s1_92"/>
			</nt>
			<nt id="s1_551" cat="np">
				<edge label="H" idref="s1_93"/>
				<edge label="DN" idref="s1_94"/>
			</nt>
		</nonterminals>
	</graph>
</s>

<s id="s2" ref="2" source="Running text" forest="1" text="smartphone incrível, o único ponto negativo que encontrei foi a bateria de duração baixa, dura no máximo number dias se não usas- lo muito, o que por sinal é impossível com o tanto de funcionalidades a nossa disposição.">
	<graph root="s2_500">
		<terminals>
			<t id="s2_1" word="smartphone" lemma="smartphone" pos="n" morph="M S" extra="heur foreign"/>
			<t id="s2_2" word="incrível" lemma="incrível" pos="adj" morph="M S" extra="nh np-close"/>
			<t id="s2_3" word="," lemma="--" pos="pu" morph="--" extra="--"/>
			<t id="s2_4" word="o" lemma="o" pos="art" morph="M S" extra="--"/>
			<t id="s2_5" word="único" lemma="único" pos="adj" morph="M S" extra="jh"/>
			<t id="s2_6" word="ponto" lemma="ponto" pos="n" morph="M S" sem="Labs geom temp Lh sem-c unit" extra="--"/>
			<t id="s2_7" word="negativo" lemma="negativo" pos="adj" morph="M S" extra="nh np-close"/>
			<t id="s2_8" word="que" lemma="que" pos="spec" morph="M S" extra="clb clb-fs rel"/>
			<t id="s2_9" word="encontrei" lemma="encontrar" pos="v-fin" morph="PS 1S IND VFIN" extra="vH mv np-close"/>
			<t id="s2_10" word="foi" lemma="ser" pos="v-fin" morph="PS 3S IND VFIN" extra="cjt-head cjt-head-STA vK fmc mv"/>
			<t id="s2_11" word="a" lemma="o" pos="art" morph="F S" extra="--"/>
			<t id="s2_12" word="bateria" lemma="bateria" pos="n" morph="F S" sem="tool" extra="--"/>
			<t id="s2_13" word="de" lemma="de" pos="prp" morph="--" extra="np-close"/>
			<t id="s2_14" word="duração" lemma="duração" pos="n" morph="F S" sem="am" extra="--"/>
			<t id="s2_15" word="baixa" lemma="baixo" pos="adj" morph="F S" extra="np-close"/>
			<t id="s2_16" word="," lemma="--" pos="pu" morph="--" extra="--"/>
			<t id="s2_17" word="dura" lemma="durar" pos="v-fin" morph="PR 3S IND VFIN" extra="cjt-STA vN fmc mv"/>
			<t id="s2_18" word="no_máximo" lemma="no_máximo" pos="adv" morph="--" extra="--"/>
			<t id="s2_19" word="number" lemma="number" pos="v-inf" morph="--" extra="heur mv"/>
			<t id="s2_20" word="dias" lemma="dia" pos="n" morph="M P" sem="temp dur per unit" extra="--"/>
			<t id="s2_21" word="se" lemma="se" pos="conj-s" morph="--" extra="clb clb-fs"/>
			<t id="s2_22" word="não" lemma="não" pos="adv" morph="--" extra="--"/>
			<t id="s2_23" word="usas-" lemma="usar" pos="v-fin" morph="PR 2S IND VFIN" extra="hyfen vH mv"/>
			<t id="s2_24" word="lo" lemma="ele" pos="pron-pers" morph="M 3S ACC" extra="--"/>
			<t id="s2_25" word="muito" lemma="muito" pos="adv" morph="--" extra="quant"/>
			<t id="s2_26" word="," lemma="--" pos="pu" morph="--" extra="--"/>
			<t id="s2_27" word="o_que" lemma="o_que" pos="spec" morph="M S" extra="clb rel"/>
			<t id="s2_28" word="por_sinal" lemma="por_sinal" pos="adv" morph="--" sem="pp" extra="--"/>
			<t id="s2_29" word="é" lemma="ser" pos="v-fin" morph="PR 3S IND VFIN" extra="cjt-STA vK mv"/>
			<t id="s2_30" word="impossível" lemma="impossível" pos="adj" morph="F S" extra="nh"/>
			<t id="s2_31" word="com" lemma="com" pos="prp" morph="--" extra="--"/>
			<t id="s2_32" word="o" lemma="o" pos="art" morph="M S" extra="--"/>
			<t id="s2_33" word="tanto" lemma="tanto" pos="pron-indef" morph="DET M S" extra="quant KOMP"/>
			<t id="s2_34" word="de" lemma="de" pos="prp" morph="--" extra="np-close"/>
			<t id="s2_35" word="funcionalidades" lemma="funcionalidade" pos="n" morph="F P" sem="percep-f" extra="--"/>
			<t id="s2_36" word="a" lemma="o" pos="art" morph="F S" extra="--"/>
			<t id="s2_37" word="nossa" lemma="nosso" pos="pron-poss" morph="DET F S" extra="poss 1P"/>
			<t id="s2_38" word="disposição" lemma="disposição" pos="n" morph="F S" sem="act-s f-right state-h f-psych" extra="--"/>
			<t id="s2_39" word="." lemma="--" pos="pu" morph="--" extra="--"/>
		</terminals>

		<nonterminals>
			<nt id="s2_500" cat="s">
				<edge label="STA" idref="s2_501"/>
			</nt>
			<nt id="s2_501" cat="par">
				<edge label="CJT" idref="s2_502"/>
				<edge label="CJT" idref="s2_503"/>
				<edge label="PU" idref="s2_16"/>
				<edge label="PU" idref="s2_26"/>
				<edge label="CJT" idref="s2_512"/>
				<edge label="PU" idref="s2_39"/>
			</nt>
			<nt id="s2_502" cat="fcl">
			</nt>
			<nt id="s2_503" cat="fcl">
				<edge label="S" idref="s2_504"/>
				<edge label="PU" idref="s2_3"/>
				<edge label="S" idref="s2_505"/>
				<edge label="P" idref="s2_10"/>
				<edge label="Cs" idref="s2_507"/>
				<edge label="P" idref="s2_17"/>
				<edge label="fA" idref="s2_18"/>
				<edge label="S" idref="s2_510"/>
			</nt>
			<nt id="s2_504" cat="np">
				<edge label="H" idref="s2_1"/>
				<edge label="DN" idref="s2_2"/>
			</nt>
			<nt id="s2_505" cat="np">
				<edge label="DN" idref="s2_4"/>
				<edge label="DN" idref="s2_5"/>
				<edge label="H" idref="s2_6"/>
				<edge label="DN" idref="s2_7"/>
				<edge label="DN" idref="s2_506"/>
			</nt>
			<nt id="s2_506" cat="fcl">
				<edge label="Od" idref="s2_8"/>
				<edge label="P" idref="s2_9"/>
			</nt>
			<nt id="s2_507" cat="np">
				<edge label="DN" idref="s2_11"/>
				<edge label="H" idref="s2_12"/>
				<edge label="DN" idref="s2_508"/>
			</nt>
			<nt id="s2_508" cat="pp">
				<edge label="H" idref="s2_13"/>
				<edge label="DP" idref="s2_509"/>
			</nt>
			<nt id="s2_509" cat="np">
				<edge label="H" idref="s2_14"/>
				<edge label="DN" idref="s2_15"/>
			</nt>
			<nt id="s2_510" cat="icl">
				<edge label="P" idref="s2_19"/>
				<edge label="As" idref="s2_20"/>
				<edge label="fA" idref="s2_511"/>
			</nt>
			<nt id="s2_511" cat="fcl">
				<edge label="SUB" idref="s2_21"/>
				<edge label="fA" idref="s2_22"/>
				<edge label="P" idref="s2_23"/>
				<edge label="Od" idref="s2_24"/>
				<edge label="fA" idref="s2_25"/>
			</nt>
			<nt id="s2_512" cat="fcl">
				<edge label="X" idref="s2_27"/>
				<edge label="fA" idref="s2_28"/>
				<edge label="P" idref="s2_29"/>
				<edge label="Cs" idref="s2_30"/>
				<edge label="fA" idref="s2_513"/>
				<edge label="S" idref="s2_516"/>
			</nt>
			<nt id="s2_513" cat="pp">
				<edge label="H" idref="s2_31"/>
				<edge label="DP" idref="s2_514"/>
			</nt>
			<nt id="s2_514" cat="np">
				<edge label="DN" idref="s2_32"/>
				<edge label="H" idref="s2_33"/>
				<edge label="DN" idref="s2_515"/>
			</nt>
			<nt id="s2_515" cat="pp">
				<edge label="H" idref="s2_34"/>
				<edge label="DP" idref="s2_35"/>
			</nt>
			<nt id="s2_516" cat="np">
				<edge label="DN" idref="s2_36"/>
				<edge label="DN" idref="s2_37"/>
				<edge label="H" idref="s2_38"/>
			</nt>
		</nonterminals>
	</graph>
</s>

<s id="s3" ref="3" source="Running text" forest="1" text="de todos celulares ou smartphone que já tive, esse sem dúvidas foi o melhor que já comprei.">
	<graph root="s3_500">
		<terminals>
			<t id="s3_1" word="de" lemma="de" pos="prp" morph="--" extra="--"/>
			<t id="s3_2" word="todos" lemma="todo" pos="pron-indef" morph="DET M P" extra="quant"/>
			<t id="s3_3" word="celulares" lemma="celular" pos="adj" morph="M/F P" extra="nh"/>
			<t id="s3_4" word="ou" lemma="ou" pos="conj-c" morph="--" extra="nofirstcjt nofirstcjt co-fin-long"/>
			<t id="s3_5" word="smartphone" lemma="smartphone" pos="n" morph="M S" extra="heur foreign"/>
			<t id="s3_6" word="que" lemma="que" pos="spec" morph="M S" extra="clb clb-fs rel"/>
			<t id="s3_7" word="já" lemma="já" pos="adv" morph="--" extra="--"/>
			<t id="s3_8" word="tive" lemma="ter" pos="v-fin" morph="PS 1S IND VFIN" extra="mv np-close"/>
			<t id="s3_9" word="," lemma="--" pos="pu" morph="--" extra="--"/>
			<t id="s3_10" word="esse" lemma="esse" pos="pron-dem" morph="DET M S" extra="dem"/>
			<t id="s3_11" word="sem" lemma="sem" pos="prp" morph="--" extra="--"/>
			<t id="s3_12" word="dúvidas" lemma="dúvida" pos="n" morph="F P" sem="sem-c state-h" extra="--"/>
			<t id="s3_13" word="foi" lemma="ser" pos="v-fin" morph="PS 3S IND VFIN" extra="vK fmc mv"/>
			<t id="s3_14" word="o" lemma="o" pos="art" morph="M S" extra="--"/>
			<t id="s3_15" word="melhor" lemma="bom" pos="adj" morph="M S" extra="n KOMP SUP jh"/>
			<t id="s3_16" word="que" lemma="que" pos="spec" morph="M S" extra="clb clb-fs rel"/>
			<t id="s3_17" word="já" lemma="já" pos="adv" morph="--" extra="--"/>
			<t id="s3_18" word="comprei" lemma="comprar" pos="v-fin" morph="PS 1S IND VFIN" extra="vH mv np-close"/>
			<t id="s3_19" word="." lemma="--" pos="pu" morph="--" extra="--"/>
		</terminals>

		<nonterminals>
			<nt id="s3_500" cat="s">
				<edge label="STA" idref="s3_501"/>
			</nt>
			<nt id="s3_501" cat="fcl">
				<edge label="fA" idref="s3_502"/>
				<edge label="CO" idref="s3_4"/>
				<edge label="S" idref="s3_504"/>
				<edge label="PU" idref="s3_9"/>
				<edge label="S" idref="s3_10"/>
				<edge label="P" idref="s3_13"/>
				<edge label="Cs" idref="s3_508"/>
				<edge label="PU" idref="s3_19"/>
			</nt>
			<nt id="s3_502" cat="pp">
				<edge label="H" idref="s3_1"/>
				<edge label="DP" idref="s3_503"/>
			</nt>
			<nt id="s3_503" cat="adjp">
				<edge label="DA" idref="s3_2"/>
				<edge label="H" idref="s3_3"/>
			</nt>
			<nt id="s3_504" cat="np">
				<edge label="H" idref="s3_5"/>
				<edge label="DN" idref="s3_505"/>
			</nt>
			<nt id="s3_505" cat="fcl">
				<edge label="Od" idref="s3_6"/>
				<edge label="fA" idref="s3_7"/>
				<edge label="P" idref="s3_8"/>
				<edge label="fA" idref="s3_506"/>
			</nt>
			<nt id="s3_506" cat="pp">
				<edge label="H" idref="s3_11"/>
				<edge label="DP" idref="s3_507"/>
			</nt>
			<nt id="s3_507" cat="np">
				<edge label="H" idref="s3_12"/>
				<edge label="DN" idref="s3_509"/>
			</nt>
			<nt id="s3_508" cat="np">
				<edge label="DN" idref="s3_14"/>
				<edge label="H" idref="s3_15"/>
			</nt>
			<nt id="s3_509" cat="fcl">
				<edge label="Od" idref="s3_16"/>
				<edge label="fA" idref="s3_17"/>
				<edge label="P" idref="s3_18"/>
			</nt>
		</nonterminals>
	</graph>
</s>

<s id="s4" ref="4" source="Running text" forest="1" text="super recomendo..">
	<graph root="s4_500">
		<terminals>
			<t id="s4_1" word="super" lemma="super" pos="adv" morph="--" extra="newlex"/>
			<t id="s4_2" word="recomendo" lemma="recomendar" pos="v-fin" morph="PR 1S IND VFIN" extra="vH fmc mv"/>
			<t id="s4_3" word="." lemma="--" pos="pu" morph="--" extra="--"/>
			<t id="s4_4" word="." lemma="--" pos="pu" morph="--" extra="--"/>
		</terminals>

		<nonterminals>
			<nt id="s4_500" cat="s">
				<edge label="STA" idref="s4_501"/>
			</nt>
			<nt id="s4_501" cat="fcl">
				<edge label="fA" idref="s4_1"/>
				<edge label="P" idref="s4_2"/>
				<edge label="PU" idref="s4_3"/>
				<edge label="PU" idref="s4_4"/>
			</nt>
		</nonterminals>
	</graph>
</s>

	</body>
</corpus>
