<?xml version="1.0" encoding="UTF-8"?>
<corpus>

	<body>
<s id="s1" ref="1" source="Running text" forest="1" text="ótimo custo beneficio desafine arrojado facilidade de manuseio peso menino e tamanho bastante adequado funções de camera e foto muito boas.">
	<graph root="s1_500">
		<terminals>
			<t id="s1_1" word="ótimo" lemma="bom" pos="adj" morph="M S" extra="SUP"/>
			<t id="s1_2" word="custo" lemma="custo" pos="n" morph="M S" sem="mon" extra="--"/>
			<t id="s1_3" word="beneficio" lemma="beneficiar" pos="v-fin" morph="PR 1S IND VFIN" extra="cjt-head cjt-head-STA vH fmc mv"/>
			<t id="s1_4" word="desafine" lemma="desafinar" pos="v-fin" morph="PR 1/3S SUBJ VFIN" extra="nosubj nosubj cjt-STA vH fmc mv"/>
			<t id="s1_5" word="arrojado" lemma="arrojar" pos="v-pcp" morph="M S" extra="--"/>
			<t id="s1_6" word="facilidade" lemma="facilidade" pos="n" morph="F S" sem="am" extra="cjt-head cjt-head-Od"/>
			<t id="s1_7" word="de" lemma="de" pos="prp" morph="--" extra="np-close"/>
			<t id="s1_8" word="manuseio" lemma="manuseio" pos="n" morph="M S" sem="act-d" extra="--"/>
			<t id="s1_9" word="peso" lemma="peso" pos="n" morph="M S" sem="f-q unit tool cur cc" extra="--"/>
			<t id="s1_10" word="menino" lemma="menino" pos="n" morph="M S" sem="Hbio" extra="--"/>
			<t id="s1_11" word="e" lemma="e" pos="conj-c" morph="--" extra="--"/>
			<t id="s1_12" word="tamanho" lemma="tamanho" pos="adj" morph="M S" extra="KOMP jh"/>
			<t id="s1_13" word="bastante" lemma="bastante" pos="adv" morph="--" extra="quant"/>
			<t id="s1_14" word="adequado" lemma="adequar" pos="v-pcp" morph="M S" extra="jh vH"/>
			<t id="s1_15" word="funções" lemma="função" pos="n" morph="F P" sem="ac pos-soc occ" extra="cjt-Od"/>
			<t id="s1_16" word="de" lemma="de" pos="prp" morph="--" extra="np-close"/>
			<t id="s1_17" word="camera" lemma="c�=mara" pos="n" morph="F S" sem="Lh HH" extra="cjt-head cjt-head-DP"/>
			<t id="s1_18" word="e" lemma="e" pos="conj-c" morph="--" extra="--"/>
			<t id="s1_19" word="foto" lemma="foto" pos="n" morph="F S" sem="pict" extra="cjt-DP"/>
			<t id="s1_20" word="muito" lemma="muito" pos="adv" morph="--" extra="quant"/>
			<t id="s1_21" word="boas" lemma="bom" pos="adj" morph="F P" extra="np-close"/>
			<t id="s1_22" word="." lemma="--" pos="pu" morph="--" extra="--"/>
		</terminals>

		<nonterminals>
			<nt id="s1_500" cat="s">
				<edge label="STA" idref="s1_501"/>
			</nt>
			<nt id="s1_501" cat="par">
				<edge label="CJT" idref="s1_502"/>
				<edge label="CJT" idref="s1_504"/>
				<edge label="PU" idref="s1_22"/>
			</nt>
			<nt id="s1_502" cat="fcl">
				<edge label="S" idref="s1_503"/>
				<edge label="P" idref="s1_3"/>
			</nt>
			<nt id="s1_503" cat="np">
				<edge label="DN" idref="s1_1"/>
				<edge label="H" idref="s1_2"/>
			</nt>
			<nt id="s1_504" cat="x">
				<edge label="P" idref="s1_4"/>
				<edge label="Od" idref="s1_505"/>
				<edge label="fCs" idref="s1_9"/>
				<edge label="fCs" idref="s1_10"/>
				<edge label="fCs" idref="s1_508"/>
			</nt>
			<nt id="s1_505" cat="par">
				<edge label="CJT" idref="s1_506"/>
			</nt>
			<nt id="s1_506" cat="np">
				<edge label="DN" idref="s1_5"/>
				<edge label="H" idref="s1_6"/>
				<edge label="DN" idref="s1_507"/>
			</nt>
			<nt id="s1_507" cat="pp">
				<edge label="H" idref="s1_7"/>
				<edge label="DP" idref="s1_8"/>
			</nt>
			<nt id="s1_508" cat="adjp">
				<edge label="CO" idref="s1_11"/>
				<edge label="H" idref="s1_12"/>
				<edge label="CJT" idref="s1_509"/>
			</nt>
			<nt id="s1_509" cat="np">
				<edge label="DN" idref="s1_510"/>
				<edge label="H" idref="s1_15"/>
				<edge label="DN" idref="s1_511"/>
				<edge label="DP" idref="s1_512"/>
			</nt>
			<nt id="s1_510" cat="adjp">
				<edge label="DA" idref="s1_13"/>
				<edge label="H" idref="s1_14"/>
			</nt>
			<nt id="s1_511" cat="pp">
				<edge label="H" idref="s1_16"/>
			</nt>
			<nt id="s1_512" cat="par">
				<edge label="CJT" idref="s1_17"/>
			</nt>
			<nt id="s1_513" cat="np">
				<edge label="DN" idref="s1_514"/>
				<edge label="H" idref="s1_19"/>
			</nt>
			<nt id="s1_514" cat="adjp">
				<edge label="CO" idref="s1_18"/>
				<edge label="DA" idref="s1_20"/>
				<edge label="H" idref="s1_21"/>
			</nt>
		</nonterminals>
	</graph>
</s>

<s id="s2" ref="2" source="Running text" forest="1" text="o que gostei vários produtos num só.">
	<graph root="s2_500">
		<terminals>
			<t id="s2_1" word="o" lemma="o" pos="pron-dem" morph="DET M S" extra="dem"/>
			<t id="s2_2" word="que" lemma="que" pos="spec" morph="M S" extra="clb clb-fs rel"/>
			<t id="s2_3" word="gostei" lemma="gostar" pos="v-fin" morph="PS 1S IND VFIN" extra="vH mv np-close"/>
			<t id="s2_4" word="vários" lemma="vários" pos="pron-indef" morph="DET M P" extra="quant"/>
			<t id="s2_5" word="produtos" lemma="produto" pos="n" morph="M P" sem="cc-h mon ac-cat" extra="--"/>
			<t id="s2_6" word="em" lemma="em" pos="prp" morph="--" extra="np-close"/>
			<t id="s2_7" word="um" lemma="um" pos="num" morph="M S" extra="card"/>
			<t id="s2_8" word="só" lemma="só" pos="adv" morph="--" extra="--"/>
			<t id="s2_9" word="." lemma="--" pos="pu" morph="--" extra="--"/>
		</terminals>

		<nonterminals>
			<nt id="s2_500" cat="s">
				<edge label="UTT" idref="s2_501"/>
			</nt>
			<nt id="s2_501" cat="x">
				<edge label="X" idref="s2_1"/>
				<edge label="DN" idref="s2_502"/>
				<edge label="S" idref="s2_2"/>
				<edge label="P" idref="s2_3"/>
				<edge label="fCs" idref="s2_503"/>
				<edge label="DN" idref="s2_4"/>
				<edge label="H" idref="s2_5"/>
				<edge label="DN" idref="s2_504"/>
				<edge label="fA" idref="s2_8"/>
				<edge label="PU" idref="s2_9"/>
			</nt>
			<nt id="s2_502" cat="fcl">
			</nt>
			<nt id="s2_503" cat="np">
			</nt>
			<nt id="s2_504" cat="pp">
				<edge label="H" idref="s2_6"/>
				<edge label="DP" idref="s2_7"/>
			</nt>
		</nonterminals>
	</graph>
</s>

<s id="s3" ref="3" source="Running text" forest="1" text="o que não gostei qualidade das fotos prejudicada..">
	<graph root="s3_500">
		<terminals>
			<t id="s3_1" word="o" lemma="o" pos="pron-dem" morph="DET M S" extra="dem"/>
			<t id="s3_2" word="que" lemma="que" pos="spec" morph="M S" extra="clb clb-fs rel"/>
			<t id="s3_3" word="não" lemma="não" pos="adv" morph="--" extra="--"/>
			<t id="s3_4" word="gostei" lemma="gostar" pos="v-fin" morph="PS 1S IND VFIN" extra="vH mv np-close"/>
			<t id="s3_5" word="qualidade" lemma="qualidade" pos="n" morph="F S" sem="percep-f f-c" extra="--"/>
			<t id="s3_6" word="de" lemma="de" pos="prp" morph="--" extra="sam- np-close"/>
			<t id="s3_7" word="as" lemma="o" pos="art" morph="F P" extra="-sam "/>
			<t id="s3_8" word="fotos" lemma="foto" pos="n" morph="F P" sem="pict" extra="--"/>
			<t id="s3_9" word="prejudicada" lemma="prejudicado" pos="adj" morph="F S" extra="np-long"/>
			<t id="s3_10" word="." lemma="--" pos="pu" morph="--" extra="--"/>
			<t id="s3_11" word="." lemma="--" pos="pu" morph="--" extra="--"/>
		</terminals>

		<nonterminals>
			<nt id="s3_500" cat="s">
				<edge label="UTT" idref="s3_501"/>
			</nt>
			<nt id="s3_501" cat="x">
				<edge label="X" idref="s3_1"/>
				<edge label="DN" idref="s3_502"/>
				<edge label="S" idref="s3_2"/>
				<edge label="fA" idref="s3_3"/>
				<edge label="P" idref="s3_4"/>
				<edge label="fCs" idref="s3_503"/>
				<edge label="H" idref="s3_5"/>
				<edge label="DN" idref="s3_504"/>
				<edge label="DN" idref="s3_9"/>
				<edge label="PU" idref="s3_10"/>
				<edge label="PU" idref="s3_11"/>
			</nt>
			<nt id="s3_502" cat="fcl">
			</nt>
			<nt id="s3_503" cat="np">
			</nt>
			<nt id="s3_504" cat="pp">
				<edge label="H" idref="s3_6"/>
				<edge label="DP" idref="s3_505"/>
			</nt>
			<nt id="s3_505" cat="np">
				<edge label="DN" idref="s3_7"/>
				<edge label="H" idref="s3_8"/>
			</nt>
		</nonterminals>
	</graph>
</s>

	</body>
</corpus>
