<?xml version="1.0" encoding="UTF-8"?>
<corpus>

	<body>
<s id="s1" ref="1" source="Running text" forest="1" text="é muito bonito e útil parabéns a todos.">
	<graph root="s1_500">
		<terminals>
			<t id="s1_1" word="é" lemma="ser" pos="v-fin" morph="PR 3S IND VFIN" extra="vK fmc mv"/>
			<t id="s1_2" word="muito" lemma="muito" pos="adv" morph="--" extra="quant"/>
			<t id="s1_3" word="bonito" lemma="bonito" pos="adj" morph="M S" extra="cjt-head cjt-head-Cs jh"/>
			<t id="s1_4" word="e" lemma="e" pos="conj-c" morph="--" extra="--"/>
			<t id="s1_5" word="útil" lemma="útil" pos="adj" morph="M S" extra="nh"/>
			<t id="s1_6" word="parabéns" lemma="parabéns" pos="n" morph="M P" sem="sem-s" extra="cjt-Cs"/>
			<t id="s1_7" word="a" lemma="a" pos="prp" morph="--" extra="np-close"/>
			<t id="s1_8" word="todos" lemma="todo" pos="pron-indef" morph="DET M P" extra="quant"/>
			<t id="s1_9" word="." lemma="--" pos="pu" morph="--" extra="--"/>
		</terminals>

		<nonterminals>
			<nt id="s1_500" cat="s">
				<edge label="STA" idref="s1_501"/>
			</nt>
			<nt id="s1_501" cat="fcl">
				<edge label="P" idref="s1_1"/>
				<edge label="Cs" idref="s1_502"/>
				<edge label="PU" idref="s1_9"/>
			</nt>
			<nt id="s1_502" cat="par">
				<edge label="CJT" idref="s1_503"/>
				<edge label="CJT" idref="s1_504"/>
			</nt>
			<nt id="s1_503" cat="adjp">
				<edge label="DA" idref="s1_2"/>
				<edge label="H" idref="s1_3"/>
			</nt>
			<nt id="s1_504" cat="np">
				<edge label="DN" idref="s1_505"/>
				<edge label="DN" idref="s1_5"/>
				<edge label="H" idref="s1_6"/>
				<edge label="-DN" idref="s1_7"/>
			</nt>
			<nt id="s1_505" cat="pp">
				<edge label="CO" idref="s1_4"/>
				<edge label="DP" idref="s1_8"/>
			</nt>
		</nonterminals>
	</graph>
</s>

	</body>
</corpus>
