<?xml version="1.0" encoding="UTF-8"?>
<corpus>

	<body>
<s id="s1" ref="1" source="Running text" forest="1" text="este produto e muito bom e muito pratico.">
	<graph root="s1_500">
		<terminals>
			<t id="s1_1" word="este" lemma="este" pos="pron-dem" morph="DET M S" extra="dem"/>
			<t id="s1_2" word="produto" lemma="produto" pos="n" morph="M S" sem="cc-h mon ac-cat" extra="--"/>
			<t id="s1_3" word="e" lemma="e" pos="conj-c" morph="--" extra="--"/>
			<t id="s1_4" word="muito" lemma="muito" pos="adv" morph="--" extra="quant"/>
			<t id="s1_5" word="bom" lemma="bom" pos="adj" morph="M S" extra="np-close"/>
			<t id="s1_6" word="e" lemma="e" pos="conj-c" morph="--" extra="topkc"/>
			<t id="s1_7" word="muito" lemma="muito" pos="pron-indef" morph="DET M S" extra="quant"/>
			<t id="s1_8" word="pratico" lemma="praticar" pos="v-fin" morph="PR 1S IND VFIN" extra="vH fmc mv"/>
			<t id="s1_9" word="." lemma="--" pos="pu" morph="--" extra="--"/>
		</terminals>

		<nonterminals>
			<nt id="s1_500" cat="s">
				<edge label="STA" idref="s1_501"/>
			</nt>
			<nt id="s1_501" cat="fcl">
				<edge label="S" idref="s1_502"/>
				<edge label="CO" idref="s1_6"/>
				<edge label="S" idref="s1_7"/>
				<edge label="P" idref="s1_8"/>
				<edge label="PU" idref="s1_9"/>
			</nt>
			<nt id="s1_502" cat="np">
				<edge label="DN" idref="s1_1"/>
				<edge label="H" idref="s1_2"/>
				<edge label="DN" idref="s1_503"/>
			</nt>
			<nt id="s1_503" cat="adjp">
				<edge label="CO" idref="s1_3"/>
				<edge label="DA" idref="s1_4"/>
				<edge label="H" idref="s1_5"/>
			</nt>
		</nonterminals>
	</graph>
</s>

<s id="s2" ref="2" source="Running text" forest="1" text="quando o vi me finalizei completamente, quem sabe se eu ganho um.">
	<graph root="s2_500">
		<terminals>
			<t id="s2_1" word="quando" lemma="quando" pos="adv" morph="--" extra="clb clb-fs rel ks"/>
			<t id="s2_2" word="o" lemma="ele" pos="pron-pers" morph="M 3S ACC" extra="--"/>
			<t id="s2_3" word="vi" lemma="ver" pos="v-fin" morph="PS 1S IND VFIN" extra="vH mv"/>
			<t id="s2_4" word="me" lemma="eu" pos="pron-pers" morph="M/F 1S ACC" extra="refl"/>
			<t id="s2_5" word="finalizei" lemma="finalizar" pos="v-fin" morph="PS 1S IND VFIN" extra="fmc mv v-pron"/>
			<t id="s2_6" word="completamente" lemma="completamente" pos="adv" morph="--" extra="nh"/>
			<t id="s2_7" word="," lemma="--" pos="pu" morph="--" extra="--"/>
			<t id="s2_8" word="quem" lemma="quem" pos="spec" morph="M/F S" extra="clb clb-fs rel"/>
			<t id="s2_9" word="sabe" lemma="saber" pos="v-fin" morph="PR 3S IND VFIN" extra="mv"/>
			<t id="s2_10" word="se" lemma="se" pos="conj-s" morph="--" extra="clb clb-fs"/>
			<t id="s2_11" word="eu" lemma="eu" pos="pron-pers" morph="M/F 1S NOM" extra="--"/>
			<t id="s2_12" word="ganho" lemma="ganhar" pos="v-fin" morph="PR 1S IND VFIN" extra="vH mv"/>
			<t id="s2_13" word="um" lemma="um" pos="num" morph="M S" extra="card"/>
			<t id="s2_14" word="." lemma="--" pos="pu" morph="--" extra="--"/>
		</terminals>

		<nonterminals>
			<nt id="s2_500" cat="s">
				<edge label="fA" idref="s2_501"/>
			</nt>
			<nt id="s2_501" cat="fcl">
				<edge label="fA" idref="s2_1"/>
				<edge label="Od" idref="s2_2"/>
				<edge label="P" idref="s2_3"/>
				<edge label="STA" idref="s2_502"/>
				<edge label="Od" idref="s2_4"/>
				<edge label="P" idref="s2_5"/>
				<edge label="fA" idref="s2_6"/>
				<edge label="PU" idref="s2_7"/>
				<edge label="Od" idref="s2_503"/>
				<edge label="PU" idref="s2_14"/>
			</nt>
			<nt id="s2_502" cat="fcl">
			</nt>
			<nt id="s2_503" cat="fcl">
				<edge label="S" idref="s2_8"/>
				<edge label="P" idref="s2_9"/>
				<edge label="Od" idref="s2_504"/>
			</nt>
			<nt id="s2_504" cat="fcl">
				<edge label="SUB" idref="s2_10"/>
				<edge label="S" idref="s2_11"/>
				<edge label="P" idref="s2_12"/>
				<edge label="Od" idref="s2_13"/>
			</nt>
		</nonterminals>
	</graph>
</s>

<s id="s3" ref="3" source="Running text" forest="1" text="o que gostei aparelho compacto e com muitas utilidades o que não gostei simplesmente não há.">
	<graph root="s3_500">
		<terminals>
			<t id="s3_1" word="o" lemma="o" pos="pron-dem" morph="DET M S" extra="cjt-head cjt-head-S dem"/>
			<t id="s3_2" word="que" lemma="que" pos="spec" morph="M S" extra="clb clb-fs rel"/>
			<t id="s3_3" word="gostei" lemma="gostar" pos="v-fin" morph="PS 1S IND VFIN" extra="vH mv np-close"/>
			<t id="s3_4" word="aparelho" lemma="aparelho" pos="n" morph="M S" sem="tool" extra="cjt-S"/>
			<t id="s3_5" word="compacto" lemma="compacto" pos="adj" morph="M S" extra="nh np-close"/>
			<t id="s3_6" word="e" lemma="e" pos="conj-c" morph="--" extra="--"/>
			<t id="s3_7" word="com" lemma="com" pos="prp" morph="--" extra="np-close"/>
			<t id="s3_8" word="muitas" lemma="muito" pos="pron-indef" morph="DET F P" extra="quant"/>
			<t id="s3_9" word="utilidades" lemma="utilidade" pos="n" morph="F P" sem="am tool" extra="--"/>
			<t id="s3_10" word="o" lemma="o" pos="pron-dem" morph="DET M S" extra="dem"/>
			<t id="s3_11" word="que" lemma="que" pos="spec" morph="M S" extra="clb clb-fs rel"/>
			<t id="s3_12" word="não" lemma="não" pos="adv" morph="--" extra="--"/>
			<t id="s3_13" word="gostei" lemma="gostar" pos="v-fin" morph="PS 1S IND VFIN" extra="vH mv np-close"/>
			<t id="s3_14" word="simplesmente" lemma="simplesmente" pos="adv" morph="--" extra="--"/>
			<t id="s3_15" word="não" lemma="não" pos="adv" morph="--" extra="--"/>
			<t id="s3_16" word="há" lemma="haver" pos="v-fin" morph="PR 3S IND VFIN" extra="fmc mv"/>
			<t id="s3_17" word="." lemma="--" pos="pu" morph="--" extra="--"/>
		</terminals>

		<nonterminals>
			<nt id="s3_500" cat="s">
				<edge label="STA" idref="s3_501"/>
			</nt>
			<nt id="s3_501" cat="fcl">
				<edge label="S" idref="s3_502"/>
				<edge label="DN" idref="s3_503"/>
				<edge label="S" idref="s3_2"/>
				<edge label="P" idref="s3_3"/>
				<edge label="S" idref="s3_10"/>
				<edge label="fA" idref="s3_15"/>
				<edge label="P" idref="s3_16"/>
				<edge label="PU" idref="s3_17"/>
			</nt>
			<nt id="s3_502" cat="par">
				<edge label="CJT" idref="s3_1"/>
			</nt>
			<nt id="s3_503" cat="fcl">
				<edge label="CJT" idref="s3_504"/>
			</nt>
			<nt id="s3_504" cat="np">
				<edge label="H" idref="s3_4"/>
				<edge label="DN" idref="s3_5"/>
				<edge label="DN" idref="s3_505"/>
			</nt>
			<nt id="s3_505" cat="pp">
				<edge label="CO" idref="s3_6"/>
				<edge label="H" idref="s3_7"/>
				<edge label="DP" idref="s3_506"/>
			</nt>
			<nt id="s3_506" cat="np">
				<edge label="DN" idref="s3_8"/>
				<edge label="H" idref="s3_9"/>
				<edge label="DN" idref="s3_507"/>
			</nt>
			<nt id="s3_507" cat="fcl">
				<edge label="S" idref="s3_11"/>
				<edge label="fA" idref="s3_12"/>
				<edge label="P" idref="s3_13"/>
				<edge label="fA" idref="s3_14"/>
			</nt>
		</nonterminals>
	</graph>
</s>

<s id="s4" ref="4" source="Running text" forest="1" text="se chamar atenção é contra.">
	<graph root="s4_500">
		<terminals>
			<t id="s4_1" word="se" lemma="se" pos="pron-pers" morph="M/F 3S ACC" extra="obj"/>
			<t id="s4_2" word="chamar" lemma="chamar" pos="v-inf" morph="--" extra="vH mv"/>
			<t id="s4_3" word="atenção" lemma="atenção" pos="n" morph="F S" sem="am" extra="--"/>
			<t id="s4_4" word="é" lemma="ser" pos="v-fin" morph="PR 3S IND VFIN" extra="fmc mv"/>
			<t id="s4_5" word="contra" lemma="contra" pos="adv" morph="--" extra="--"/>
			<t id="s4_6" word="." lemma="--" pos="pu" morph="--" extra="--"/>
		</terminals>

		<nonterminals>
			<nt id="s4_500" cat="s">
				<edge label="STA" idref="s4_501"/>
			</nt>
			<nt id="s4_501" cat="fcl">
				<edge label="S" idref="s4_502"/>
				<edge label="P" idref="s4_4"/>
				<edge label="fA" idref="s4_5"/>
				<edge label="PU" idref="s4_6"/>
			</nt>
			<nt id="s4_502" cat="icl">
				<edge label="Od" idref="s4_1"/>
				<edge label="P" idref="s4_2"/>
				<edge label="Co" idref="s4_3"/>
			</nt>
		</nonterminals>
	</graph>
</s>

<s id="s5" ref="5" source="Running text" forest="1" text="rs.">
	<graph root="s5_500">
		<terminals>
			<t id="s5_1" word="rs" lemma="r" pos="n" morph="M P" sem="ac-sign" extra="--"/>
			<t id="s5_2" word="." lemma="--" pos="pu" morph="--" extra="--"/>
		</terminals>

		<nonterminals>
			<nt id="s5_500" cat="s">
				<edge label="UTT" idref="s5_501"/>
			</nt>
			<nt id="s5_501" cat="x">
				<edge label="X" idref="s5_1"/>
				<edge label="PU" idref="s5_2"/>
			</nt>
		</nonterminals>
	</graph>
</s>

	</body>
</corpus>
