<?xml version="1.0" encoding="UTF-8"?>
<corpus>

	<body>
<s id="s1" ref="1" source="Running text" forest="1" text="excelente custo ex benefício, fácil de usar.">
	<graph root="s1_500">
		<terminals>
			<t id="s1_1" word="excelente" lemma="excelente" pos="adj" morph="M S" extra="--"/>
			<t id="s1_2" word="custo" lemma="custo" pos="n" morph="M S" sem="mon" extra="cjt-head cjt-head-X"/>
			<t id="s1_3" word="ex" lemma="ex" pos="n" morph="M/F S" extra="cjt-X foreign"/>
			<t id="s1_4" word="benefício" lemma="benefício" pos="n" morph="M S" sem="act-d mon" extra="cjt-X"/>
			<t id="s1_5" word="," lemma="--" pos="pu" morph="--" extra="--"/>
			<t id="s1_6" word="fácil" lemma="fácil" pos="adj" morph="M/F S" extra="cjt-X jh"/>
			<t id="s1_7" word="de" lemma="de" pos="prp" morph="--" extra="--"/>
			<t id="s1_8" word="usar" lemma="usar" pos="v-inf" morph="--" extra="vH mv"/>
			<t id="s1_9" word="." lemma="--" pos="pu" morph="--" extra="--"/>
		</terminals>

		<nonterminals>
			<nt id="s1_500" cat="s">
				<edge label="X" idref="s1_501"/>
			</nt>
			<nt id="s1_501" cat="par">
				<edge label="CJT" idref="s1_502"/>
				<edge label="CJT" idref="s1_3"/>
				<edge label="CJT" idref="s1_4"/>
				<edge label="PU" idref="s1_5"/>
				<edge label="CJT" idref="s1_503"/>
				<edge label="PU" idref="s1_9"/>
			</nt>
			<nt id="s1_502" cat="np">
				<edge label="DN" idref="s1_1"/>
				<edge label="H" idref="s1_2"/>
			</nt>
			<nt id="s1_503" cat="adjp">
				<edge label="H" idref="s1_6"/>
				<edge label="DA" idref="s1_504"/>
			</nt>
			<nt id="s1_504" cat="pp">
				<edge label="H" idref="s1_7"/>
				<edge label="DP" idref="s1_8"/>
			</nt>
		</nonterminals>
	</graph>
</s>

	</body>
</corpus>
