<?xml version="1.0" encoding="UTF-8"?>
<corpus>

	<body>
<s id="s1" ref="1" source="Running text" forest="1" text="sabe aquele &quot;pau pra toda obra&quot;?">
	<graph root="s1_500">
		<terminals>
			<t id="s1_1" word="sabe" lemma="saber" pos="v-fin" morph="PR 3S IND VFIN" extra="fmc mv"/>
			<t id="s1_2" word="aquele" lemma="aquele" pos="pron-dem" morph="DET M S" extra="dem"/>
			<t id="s1_3" word="&quot;" lemma="--" pos="pu" morph="--" extra="--"/>
			<t id="s1_4" word="pau" lemma="pau" pos="n" morph="M S" sem="cc-stick ac-sign anzo" extra="--"/>
			<t id="s1_5" word="pra" lemma="para" pos="prp" morph="--" extra="--"/>
			<t id="s1_6" word="toda" lemma="todo" pos="pron-indef" morph="DET F S" extra="quant"/>
			<t id="s1_7" word="obra" lemma="obra" pos="n" morph="F S" sem="sem-c Lh activity" extra="--"/>
			<t id="s1_8" word="&quot;" lemma="--" pos="pu" morph="--" extra="--"/>
			<t id="s1_9" word="?" lemma="--" pos="pu" morph="--" extra="--"/>
		</terminals>

		<nonterminals>
			<nt id="s1_500" cat="s">
				<edge label="QUE" idref="s1_501"/>
			</nt>
			<nt id="s1_501" cat="fcl">
				<edge label="P" idref="s1_1"/>
				<edge label="Od" idref="s1_502"/>
				<edge label="fA" idref="s1_503"/>
				<edge label="PU" idref="s1_9"/>
			</nt>
			<nt id="s1_502" cat="np">
				<edge label="DN" idref="s1_2"/>
				<edge label="PU" idref="s1_3"/>
				<edge label="H" idref="s1_4"/>
			</nt>
			<nt id="s1_503" cat="pp">
				<edge label="H" idref="s1_5"/>
				<edge label="DP" idref="s1_504"/>
			</nt>
			<nt id="s1_504" cat="np">
				<edge label="DN" idref="s1_6"/>
				<edge label="H" idref="s1_7"/>
				<edge label="PU" idref="s1_8"/>
			</nt>
		</nonterminals>
	</graph>
</s>

<s id="s2" ref="2" source="Running text" forest="1" text="pois é essa a melhor definição desse celular.">
	<graph root="s2_500">
		<terminals>
			<t id="s2_1" word="pois" lemma="pois" pos="adv" morph="--" extra="kc"/>
			<t id="s2_2" word="é" lemma="ser" pos="v-fin" morph="PR 3S IND VFIN" extra="vK fmc mv"/>
			<t id="s2_3" word="essa" lemma="esse" pos="pron-dem" morph="DET F S" extra="cjt-head cjt-head-Cs dem"/>
			<t id="s2_4" word="a" lemma="o" pos="art" morph="F S" extra="--"/>
			<t id="s2_5" word="melhor" lemma="bom" pos="adj" morph="F S" extra="KOMP SUP jh"/>
			<t id="s2_6" word="definição" lemma="definição" pos="n" morph="F S" sem="sem-c" extra="cjt-Cs"/>
			<t id="s2_7" word="de" lemma="de" pos="prp" morph="--" extra="sam- np-close"/>
			<t id="s2_8" word="esse" lemma="esse" pos="pron-dem" morph="DET M S" extra="dem -sam"/>
			<t id="s2_9" word="celular" lemma="celular" pos="adj" morph="M S" extra="n nh"/>
			<t id="s2_10" word="." lemma="--" pos="pu" morph="--" extra="--"/>
		</terminals>

		<nonterminals>
			<nt id="s2_500" cat="s">
				<edge label="STA" idref="s2_501"/>
			</nt>
			<nt id="s2_501" cat="fcl">
				<edge label="fA" idref="s2_1"/>
				<edge label="P" idref="s2_2"/>
				<edge label="Cs" idref="s2_502"/>
				<edge label="PU" idref="s2_10"/>
			</nt>
			<nt id="s2_502" cat="par">
				<edge label="CJT" idref="s2_3"/>
				<edge label="CJT" idref="s2_503"/>
			</nt>
			<nt id="s2_503" cat="np">
				<edge label="DN" idref="s2_4"/>
				<edge label="DN" idref="s2_5"/>
				<edge label="H" idref="s2_6"/>
				<edge label="DN" idref="s2_504"/>
			</nt>
			<nt id="s2_504" cat="pp">
				<edge label="H" idref="s2_7"/>
				<edge label="DP" idref="s2_505"/>
			</nt>
			<nt id="s2_505" cat="np">
				<edge label="DN" idref="s2_8"/>
				<edge label="H" idref="s2_9"/>
			</nt>
		</nonterminals>
	</graph>
</s>

<s id="s3" ref="3" source="Running text" forest="1" text="um dos poucos de os quais não me arrependo de ter comprado..">
	<graph root="s3_500">
		<terminals>
			<t id="s3_1" word="um" lemma="um" pos="num" morph="M S" extra="card"/>
			<t id="s3_2" word="de" lemma="de" pos="prp" morph="--" extra="sam- np-close"/>
			<t id="s3_3" word="os" lemma="o" pos="art" morph="M P" extra="-sam "/>
			<t id="s3_4" word="poucos" lemma="pouco" pos="pron-indef" morph="DET M P" extra="quant"/>
			<t id="s3_5" word="de" lemma="de" pos="prp" morph="--" extra="clb sam-"/>
			<t id="s3_6" word="os_quais" lemma="o_qual" pos="spec" morph="M P" extra="clb-fs rel -sam"/>
			<t id="s3_7" word="não" lemma="não" pos="adv" morph="--" extra="--"/>
			<t id="s3_8" word="me" lemma="eu" pos="pron-pers" morph="M/F 1S ACC" extra="refl"/>
			<t id="s3_9" word="arrependo" lemma="arrepender" pos="v-fin" morph="PR 1S IND VFIN" extra="mv v-pron np-close"/>
			<t id="s3_10" word="de" lemma="de" pos="prp" morph="--" extra="--"/>
			<t id="s3_11" word="ter" lemma="ter" pos="v-inf" morph="--" extra="aux"/>
			<t id="s3_12" word="comprado" lemma="comprar" pos="v-pcp" morph="--" extra="vH mv"/>
			<t id="s3_13" word="." lemma="--" pos="pu" morph="--" extra="--"/>
			<t id="s3_14" word="." lemma="--" pos="pu" morph="--" extra="--"/>
		</terminals>

		<nonterminals>
			<nt id="s3_500" cat="s">
				<edge label="UTT" idref="s3_501"/>
			</nt>
			<nt id="s3_501" cat="x">
				<edge label="X" idref="s3_1"/>
				<edge label="DN" idref="s3_502"/>
				<edge label="H" idref="s3_2"/>
				<edge label="Od" idref="s3_503"/>
				<edge label="DN" idref="s3_504"/>
				<edge label="DP" idref="s3_4"/>
				<edge label="H" idref="s3_8"/>
				<edge label="PU" idref="s3_13"/>
				<edge label="PU" idref="s3_14"/>
			</nt>
			<nt id="s3_502" cat="pp">
			</nt>
			<nt id="s3_503" cat="np">
			</nt>
			<nt id="s3_504" cat="fcl">
				<edge label="Op" idref="s3_505"/>
				<edge label="fA" idref="s3_507"/>
				<edge label="fA" idref="s3_7"/>
				<edge label="P" idref="s3_9"/>
			</nt>
			<nt id="s3_505" cat="pp">
				<edge label="DP" idref="s3_506"/>
				<edge label="H" idref="s3_10"/>
			</nt>
			<nt id="s3_506" cat="icl">
				<edge label="DN" idref="s3_3"/>
				<edge label="P" idref="s3_508"/>
			</nt>
			<nt id="s3_507" cat="pp">
				<edge label="H" idref="s3_5"/>
				<edge label="DP" idref="s3_6"/>
			</nt>
			<nt id="s3_508" cat="vp">
				<edge label="Vaux" idref="s3_11"/>
				<edge label="Vm" idref="s3_12"/>
			</nt>
		</nonterminals>
	</graph>
</s>

	</body>
</corpus>
