<?xml version="1.0" encoding="UTF-8"?>
<corpus>

	<body>
<s id="s1" ref="1" source="Running text" forest="1" text="produto de excelente qualidade!!!">
	<graph root="s1_500">
		<terminals>
			<t id="s1_1" word="produto" lemma="produto" pos="n" morph="M S" sem="cc-h mon ac-cat" extra="--"/>
			<t id="s1_2" word="de" lemma="de" pos="prp" morph="--" extra="np-close"/>
			<t id="s1_3" word="excelente" lemma="excelente" pos="adj" morph="F S" extra="--"/>
			<t id="s1_4" word="qualidade" lemma="qualidade" pos="n" morph="F S" sem="percep-f f-c" extra="--"/>
			<t id="s1_5" word="!" lemma="--" pos="pu" morph="--" extra="--"/>
			<t id="s1_6" word="!" lemma="--" pos="pu" morph="--" extra="--"/>
			<t id="s1_7" word="!" lemma="--" pos="pu" morph="--" extra="--"/>
		</terminals>

		<nonterminals>
			<nt id="s1_500" cat="s">
				<edge label="X" idref="s1_501"/>
			</nt>
			<nt id="s1_501" cat="np">
				<edge label="H" idref="s1_1"/>
				<edge label="DN" idref="s1_502"/>
				<edge label="PU" idref="s1_5"/>
				<edge label="PU" idref="s1_6"/>
				<edge label="PU" idref="s1_7"/>
			</nt>
			<nt id="s1_502" cat="pp">
				<edge label="H" idref="s1_2"/>
				<edge label="DP" idref="s1_503"/>
			</nt>
			<nt id="s1_503" cat="np">
				<edge label="DN" idref="s1_3"/>
				<edge label="H" idref="s1_4"/>
			</nt>
		</nonterminals>
	</graph>
</s>

<s id="s2" ref="2" source="Running text" forest="1" text="simplesmente amo!!">
	<graph root="s2_500">
		<terminals>
			<t id="s2_1" word="simplesmente" lemma="simplesmente" pos="adv" morph="--" extra="--"/>
			<t id="s2_2" word="amo" lemma="amar" pos="v-fin" morph="PR 1S IND VFIN" extra="vH fmc mv"/>
			<t id="s2_3" word="!" lemma="--" pos="pu" morph="--" extra="--"/>
			<t id="s2_4" word="!" lemma="--" pos="pu" morph="--" extra="--"/>
		</terminals>

		<nonterminals>
			<nt id="s2_500" cat="s">
				<edge label="STA" idref="s2_501"/>
			</nt>
			<nt id="s2_501" cat="fcl">
				<edge label="fA" idref="s2_1"/>
				<edge label="P" idref="s2_2"/>
				<edge label="PU" idref="s2_3"/>
				<edge label="PU" idref="s2_4"/>
			</nt>
		</nonterminals>
	</graph>
</s>

<s id="s3" ref="3" source="Running text" forest="1" text="sem contar os number processadores para melhor desempenho que nenhum outro tem!!!.">
	<graph root="s3_500">
		<terminals>
			<t id="s3_1" word="sem" lemma="sem" pos="prp" morph="--" extra="--"/>
			<t id="s3_2" word="contar" lemma="contar" pos="v-inf" morph="--" extra="vH mv"/>
			<t id="s3_3" word="os" lemma="eles" pos="pron-pers" morph="M 3P ACC" extra="--"/>
			<t id="s3_4" word="number" lemma="number" pos="v-inf" morph="--" extra="heur mv"/>
			<t id="s3_5" word="processadores" lemma="processador" pos="n" morph="M P" sem="mach" extra="--"/>
			<t id="s3_6" word="para" lemma="para" pos="prp" morph="--" extra="--"/>
			<t id="s3_7" word="melhor" lemma="bom" pos="adj" morph="M S" extra="KOMP SUP jh"/>
			<t id="s3_8" word="desempenho" lemma="desempenho" pos="n" morph="M S" sem="act" extra="--"/>
			<t id="s3_9" word="que" lemma="que" pos="spec" morph="M S" extra="clb clb-fs rel"/>
			<t id="s3_10" word="nenhum" lemma="nenhum" pos="pron-indef" morph="DET M S" extra="quant"/>
			<t id="s3_11" word="outro" lemma="outro" pos="pron-indef" morph="DET M S" extra="diff KOMP"/>
			<t id="s3_12" word="tem" lemma="ter" pos="v-fin" morph="PR 3S IND VFIN" extra="mv np-close"/>
			<t id="s3_13" word="!" lemma="--" pos="pu" morph="--" extra="--"/>
			<t id="s3_14" word="!" lemma="--" pos="pu" morph="--" extra="--"/>
			<t id="s3_15" word="!" lemma="--" pos="pu" morph="--" extra="--"/>
			<t id="s3_16" word="." lemma="--" pos="pu" morph="--" extra="--"/>
		</terminals>

		<nonterminals>
			<nt id="s3_500" cat="s">
				<edge label="UTT" idref="s3_501"/>
			</nt>
			<nt id="s3_501" cat="x">
				<edge label="fA" idref="s3_502"/>
				<edge label="X" idref="s3_5"/>
				<edge label="DN" idref="s3_10"/>
				<edge label="PU" idref="s3_13"/>
				<edge label="PU" idref="s3_14"/>
				<edge label="PU" idref="s3_15"/>
				<edge label="PU" idref="s3_16"/>
			</nt>
			<nt id="s3_502" cat="pp">
				<edge label="H" idref="s3_1"/>
				<edge label="DP" idref="s3_503"/>
			</nt>
			<nt id="s3_503" cat="icl">
				<edge label="P" idref="s3_2"/>
				<edge label="Od" idref="s3_4"/>
				<edge label="fA" idref="s3_504"/>
			</nt>
			<nt id="s3_504" cat="pp">
				<edge label="H" idref="s3_6"/>
				<edge label="DP" idref="s3_505"/>
			</nt>
			<nt id="s3_505" cat="np">
				<edge label="DN" idref="s3_7"/>
				<edge label="H" idref="s3_8"/>
				<edge label="DN" idref="s3_506"/>
			</nt>
			<nt id="s3_506" cat="fcl">
				<edge label="Od" idref="s3_9"/>
				<edge label="S" idref="s3_11"/>
				<edge label="P" idref="s3_12"/>
			</nt>
		</nonterminals>
	</graph>
</s>

	</body>
</corpus>
