<?xml version="1.0" encoding="UTF-8"?>
<corpus>

	<body>
<s id="s1" ref="1" source="Running text" forest="1" text="arrependi- me de adquirir o produto, muito aquém de as expectativas.">
	<graph root="s1_500">
		<terminals>
			<t id="s1_1" word="arrependi-" lemma="arrepender" pos="v-fin" morph="PS 1S IND VFIN" extra="hyfen fmc mv"/>
			<t id="s1_2" word="me" lemma="eu" pos="pron-pers" morph="M/F 1S DAT" extra="refl"/>
			<t id="s1_3" word="de" lemma="de" pos="prp" morph="--" extra="--"/>
			<t id="s1_4" word="adquirir" lemma="adquirir" pos="v-inf" morph="--" extra="vH mv"/>
			<t id="s1_5" word="o" lemma="o" pos="art" morph="M S" extra="--"/>
			<t id="s1_6" word="produto" lemma="produto" pos="n" morph="M S" sem="cc-h mon ac-cat" extra="cjt-head cjt-head-Od"/>
			<t id="s1_7" word="," lemma="--" pos="pu" morph="--" extra="--"/>
			<t id="s1_8" word="muito" lemma="muito" pos="pron-indef" morph="DET M S" extra="cjt-Od quant"/>
			<t id="s1_9" word="aquém_de" lemma="aquém_de" pos="prp" morph="--" extra="sam-"/>
			<t id="s1_10" word="as" lemma="o" pos="art" morph="F P" extra=" -sam"/>
			<t id="s1_11" word="expectativas" lemma="expectativa" pos="n" morph="F P" sem="sem-c" extra="--"/>
			<t id="s1_12" word="." lemma="--" pos="pu" morph="--" extra="--"/>
		</terminals>

		<nonterminals>
			<nt id="s1_500" cat="s">
				<edge label="STA" idref="s1_501"/>
			</nt>
			<nt id="s1_501" cat="fcl">
				<edge label="P" idref="s1_1"/>
				<edge label="Oi" idref="s1_2"/>
				<edge label="Op" idref="s1_502"/>
				<edge label="PU" idref="s1_12"/>
			</nt>
			<nt id="s1_502" cat="pp">
				<edge label="H" idref="s1_3"/>
				<edge label="DP" idref="s1_503"/>
			</nt>
			<nt id="s1_503" cat="icl">
				<edge label="P" idref="s1_4"/>
				<edge label="Od" idref="s1_504"/>
				<edge label="fA" idref="s1_506"/>
			</nt>
			<nt id="s1_504" cat="par">
				<edge label="CJT" idref="s1_505"/>
				<edge label="PU" idref="s1_7"/>
				<edge label="CJT" idref="s1_8"/>
			</nt>
			<nt id="s1_505" cat="np">
				<edge label="DN" idref="s1_5"/>
				<edge label="H" idref="s1_6"/>
			</nt>
			<nt id="s1_506" cat="pp">
				<edge label="H" idref="s1_9"/>
				<edge label="DP" idref="s1_507"/>
			</nt>
			<nt id="s1_507" cat="np">
				<edge label="DN" idref="s1_10"/>
				<edge label="H" idref="s1_11"/>
			</nt>
		</nonterminals>
	</graph>
</s>

<s id="s2" ref="2" source="Running text" forest="1" text="não tem nada a ver com os outros aparelhos da nokia que tive.">
	<graph root="s2_500">
		<terminals>
			<t id="s2_1" word="não" lemma="não" pos="adv" morph="--" extra="--"/>
			<t id="s2_2" word="tem" lemma="ter" pos="v-fin" morph="PR 3S IND VFIN" extra="fmc mv"/>
			<t id="s2_3" word="nada" lemma="nada" pos="spec" morph="M S" extra="quant"/>
			<t id="s2_4" word="a" lemma="a" pos="prp" morph="--" extra="--"/>
			<t id="s2_5" word="ver" lemma="ver" pos="v-inf" morph="--" extra="vH mv"/>
			<t id="s2_6" word="com" lemma="com" pos="prp" morph="--" extra="--"/>
			<t id="s2_7" word="os" lemma="o" pos="art" morph="M P" extra="--"/>
			<t id="s2_8" word="outros" lemma="outro" pos="pron-indef" morph="DET M P" extra="diff KOMP"/>
			<t id="s2_9" word="aparelhos" lemma="aparelho" pos="n" morph="M P" sem="tool" extra="--"/>
			<t id="s2_10" word="de" lemma="de" pos="prp" morph="--" extra="sam- np-close"/>
			<t id="s2_11" word="a" lemma="o" pos="art" morph="F S" extra="-sam "/>
			<t id="s2_12" word="nokia" lemma="nokia" pos="n" morph="F S" extra="heur foreign"/>
			<t id="s2_13" word="que" lemma="que" pos="spec" morph="M S" extra="clb clb-fs rel"/>
			<t id="s2_14" word="tive" lemma="ter" pos="v-fin" morph="PS 1S IND VFIN" extra="mv np-close"/>
			<t id="s2_15" word="." lemma="--" pos="pu" morph="--" extra="--"/>
		</terminals>

		<nonterminals>
			<nt id="s2_500" cat="s">
				<edge label="STA" idref="s2_501"/>
			</nt>
			<nt id="s2_501" cat="fcl">
				<edge label="fA" idref="s2_1"/>
				<edge label="P" idref="s2_2"/>
				<edge label="Od" idref="s2_3"/>
				<edge label="fA" idref="s2_502"/>
				<edge label="PU" idref="s2_15"/>
			</nt>
			<nt id="s2_502" cat="pp">
				<edge label="H" idref="s2_4"/>
				<edge label="DP" idref="s2_503"/>
			</nt>
			<nt id="s2_503" cat="icl">
				<edge label="P" idref="s2_5"/>
				<edge label="fA" idref="s2_504"/>
			</nt>
			<nt id="s2_504" cat="pp">
				<edge label="H" idref="s2_6"/>
				<edge label="DP" idref="s2_505"/>
			</nt>
			<nt id="s2_505" cat="np">
				<edge label="DN" idref="s2_7"/>
				<edge label="DN" idref="s2_8"/>
				<edge label="H" idref="s2_9"/>
				<edge label="DN" idref="s2_506"/>
			</nt>
			<nt id="s2_506" cat="pp">
				<edge label="H" idref="s2_10"/>
				<edge label="DP" idref="s2_507"/>
			</nt>
			<nt id="s2_507" cat="np">
				<edge label="DN" idref="s2_11"/>
				<edge label="H" idref="s2_12"/>
				<edge label="DN" idref="s2_508"/>
			</nt>
			<nt id="s2_508" cat="fcl">
				<edge label="Od" idref="s2_13"/>
				<edge label="P" idref="s2_14"/>
			</nt>
		</nonterminals>
	</graph>
</s>

<s id="s3" ref="3" source="Running text" forest="1" text="parece que o aparelho é de segunda linha.">
	<graph root="s3_500">
		<terminals>
			<t id="s3_1" word="parece" lemma="parecer" pos="v-fin" morph="PR 3S IND VFIN" extra="vK fmc mv"/>
			<t id="s3_2" word="que" lemma="que" pos="conj-s" morph="--" extra="clb clb-fs"/>
			<t id="s3_3" word="o" lemma="o" pos="art" morph="M S" extra="--"/>
			<t id="s3_4" word="aparelho" lemma="aparelho" pos="n" morph="M S" sem="tool" extra="--"/>
			<t id="s3_5" word="é" lemma="ser" pos="v-fin" morph="PR 3S IND VFIN" extra="vK mv"/>
			<t id="s3_6" word="de" lemma="de" pos="prp" morph="--" extra="--"/>
			<t id="s3_7" word="segunda" lemma="segundo" pos="adj" morph="F S" extra="NUM-ord"/>
			<t id="s3_8" word="linha" lemma="linha" pos="n" morph="F S" sem="geom-line cord Lpath" extra="--"/>
			<t id="s3_9" word="." lemma="--" pos="pu" morph="--" extra="--"/>
		</terminals>

		<nonterminals>
			<nt id="s3_500" cat="s">
				<edge label="STA" idref="s3_501"/>
			</nt>
			<nt id="s3_501" cat="fcl">
				<edge label="P" idref="s3_1"/>
				<edge label="S" idref="s3_502"/>
				<edge label="PU" idref="s3_9"/>
			</nt>
			<nt id="s3_502" cat="fcl">
				<edge label="SUB" idref="s3_2"/>
				<edge label="S" idref="s3_503"/>
				<edge label="P" idref="s3_5"/>
				<edge label="Cs" idref="s3_504"/>
			</nt>
			<nt id="s3_503" cat="np">
				<edge label="DN" idref="s3_3"/>
				<edge label="H" idref="s3_4"/>
			</nt>
			<nt id="s3_504" cat="pp">
				<edge label="H" idref="s3_6"/>
				<edge label="DP" idref="s3_505"/>
			</nt>
			<nt id="s3_505" cat="np">
				<edge label="DN" idref="s3_7"/>
				<edge label="H" idref="s3_8"/>
			</nt>
		</nonterminals>
	</graph>
</s>

<s id="s4" ref="4" source="Running text" forest="1" text="o que gostei dois chips só o que não gostei não pega bem, o sinal é de péssima qualidade.">
	<graph root="s4_500">
		<terminals>
			<t id="s4_1" word="o" lemma="o" pos="pron-dem" morph="DET M S" extra="dem"/>
			<t id="s4_2" word="que" lemma="que" pos="spec" morph="M S" extra="clb clb-fs rel"/>
			<t id="s4_3" word="gostei" lemma="gostar" pos="v-fin" morph="PS 1S IND VFIN" extra="vH mv np-close"/>
			<t id="s4_4" word="dois" lemma="dois" pos="num" morph="M P" extra="card"/>
			<t id="s4_5" word="chips" lemma="chip" pos="n" morph="M P" sem="cc" extra="--"/>
			<t id="s4_6" word="só" lemma="só" pos="adv" morph="--" extra="--"/>
			<t id="s4_7" word="o" lemma="o" pos="pron-dem" morph="DET M S" extra="dem"/>
			<t id="s4_8" word="que" lemma="que" pos="spec" morph="M S" extra="clb clb-fs rel"/>
			<t id="s4_9" word="não" lemma="não" pos="adv" morph="--" extra="--"/>
			<t id="s4_10" word="gostei" lemma="gostar" pos="v-fin" morph="PS 1S IND VFIN" extra="vH mv np-close"/>
			<t id="s4_11" word="não" lemma="não" pos="adv" morph="--" extra="--"/>
			<t id="s4_12" word="pega" lemma="pegar" pos="v-fin" morph="PR 3S IND VFIN" extra="predco predco fmc mv"/>
			<t id="s4_13" word="bem" lemma="bem" pos="adv" morph="--" extra="quant"/>
			<t id="s4_14" word="," lemma="--" pos="pu" morph="--" extra="--"/>
			<t id="s4_15" word="o" lemma="o" pos="art" morph="M S" extra="--"/>
			<t id="s4_16" word="sinal" lemma="sinal" pos="n" morph="M S" sem="percep-l percep-w ac ac-sign mon sem-r sick-c" extra="--"/>
			<t id="s4_17" word="é" lemma="ser" pos="v-fin" morph="PR 3S IND VFIN" extra="cjt-STA vK fmc mv"/>
			<t id="s4_18" word="de" lemma="de" pos="prp" morph="--" extra="--"/>
			<t id="s4_19" word="péssima" lemma="mal" pos="adj" morph="F S" extra="SUP"/>
			<t id="s4_20" word="qualidade" lemma="qualidade" pos="n" morph="F S" sem="percep-f f-c" extra="--"/>
			<t id="s4_21" word="." lemma="--" pos="pu" morph="--" extra="--"/>
		</terminals>

		<nonterminals>
			<nt id="s4_500" cat="s">
				<edge label="UTT" idref="s4_501"/>
			</nt>
			<nt id="s4_501" cat="x">
				<edge label="DN" idref="s4_503"/>
				<edge label="S" idref="s4_2"/>
				<edge label="P" idref="s4_3"/>
				<edge label="S" idref="s4_7"/>
				<edge label="X" idref="s4_508"/>
				<edge label="PU" idref="s4_21"/>
			</nt>
			<nt id="s4_502" cat="fcl">
				<edge label="S" idref="s4_1"/>
			</nt>
			<nt id="s4_503" cat="fcl">
				<edge label="CJT" idref="s4_504"/>
			</nt>
			<nt id="s4_504" cat="fcl">
				<edge label="S" idref="s4_505"/>
				<edge label="S" idref="s4_506"/>
			</nt>
			<nt id="s4_505" cat="np">
				<edge label="DN" idref="s4_4"/>
				<edge label="H" idref="s4_5"/>
			</nt>
			<nt id="s4_506" cat="np">
				<edge label="DN" idref="s4_6"/>
				<edge label="DN" idref="s4_507"/>
				<edge label="PU" idref="s4_14"/>
				<edge label="DN" idref="s4_15"/>
				<edge label="H" idref="s4_16"/>
			</nt>
			<nt id="s4_507" cat="fcl">
				<edge label="S" idref="s4_8"/>
				<edge label="fA" idref="s4_9"/>
				<edge label="P" idref="s4_10"/>
				<edge label="fA" idref="s4_11"/>
			</nt>
			<nt id="s4_508" cat="par">
				<edge label="CJT" idref="s4_509"/>
				<edge label="CJT" idref="s4_510"/>
			</nt>
			<nt id="s4_509" cat="x">
				<edge label="P" idref="s4_12"/>
				<edge label="fA" idref="s4_13"/>
			</nt>
			<nt id="s4_510" cat="fcl">
				<edge label="P" idref="s4_17"/>
				<edge label="Cs" idref="s4_511"/>
			</nt>
			<nt id="s4_511" cat="pp">
				<edge label="H" idref="s4_18"/>
				<edge label="DP" idref="s4_512"/>
			</nt>
			<nt id="s4_512" cat="np">
				<edge label="DN" idref="s4_19"/>
				<edge label="H" idref="s4_20"/>
			</nt>
		</nonterminals>
	</graph>
</s>

<s id="s5" ref="5" source="Running text" forest="1" text="fica mudo, desliga sozinho..">
	<graph root="s5_500">
		<terminals>
			<t id="s5_1" word="fica" lemma="ficar" pos="v-fin" morph="PR 3S IND VFIN" extra="nosubj nosubj cjt-head cjt-head-STA vK fmc mv"/>
			<t id="s5_2" word="mudo" lemma="mudo" pos="n" morph="M S" sem="H" extra="--"/>
			<t id="s5_3" word="," lemma="--" pos="pu" morph="--" extra="--"/>
			<t id="s5_4" word="desliga" lemma="desligar" pos="v-fin" morph="PR 3S IND VFIN" extra="nosubj nosubj cjt-STA vH fmc mv"/>
			<t id="s5_5" word="sozinho" lemma="sozinho" pos="adj" morph="M S" extra="jh"/>
			<t id="s5_6" word="." lemma="--" pos="pu" morph="--" extra="--"/>
			<t id="s5_7" word="." lemma="--" pos="pu" morph="--" extra="--"/>
		</terminals>

		<nonterminals>
			<nt id="s5_500" cat="s">
				<edge label="STA" idref="s5_501"/>
			</nt>
			<nt id="s5_501" cat="par">
				<edge label="CJT" idref="s5_502"/>
				<edge label="PU" idref="s5_3"/>
				<edge label="CJT" idref="s5_503"/>
				<edge label="PU" idref="s5_6"/>
				<edge label="PU" idref="s5_7"/>
			</nt>
			<nt id="s5_502" cat="fcl">
				<edge label="P" idref="s5_1"/>
				<edge label="Cs" idref="s5_2"/>
			</nt>
			<nt id="s5_503" cat="x">
				<edge label="P" idref="s5_4"/>
				<edge label="fCs" idref="s5_5"/>
			</nt>
		</nonterminals>
	</graph>
</s>

	</body>
</corpus>
