<?xml version="1.0" encoding="UTF-8"?>
<corpus>

	<body>
<s id="s1" ref="1" source="Running text" forest="1" text="é um aparelho móvel com um preço acessível, para o estilo e funções que desempenha.">
	<graph root="s1_500">
		<terminals>
			<t id="s1_1" word="é" lemma="ser" pos="v-fin" morph="PR 3S IND VFIN" extra="vK fmc mv"/>
			<t id="s1_2" word="um" lemma="um" pos="art" morph="M S" extra="--"/>
			<t id="s1_3" word="aparelho" lemma="aparelho" pos="n" morph="M S" sem="tool" extra="--"/>
			<t id="s1_4" word="móvel" lemma="móvel" pos="adj" morph="M S" extra="np-close"/>
			<t id="s1_5" word="com" lemma="com" pos="prp" morph="--" extra="np-long"/>
			<t id="s1_6" word="um" lemma="um" pos="art" morph="M S" extra="--"/>
			<t id="s1_7" word="preço" lemma="preço" pos="n" morph="M S" sem="f-q" extra="--"/>
			<t id="s1_8" word="acessível" lemma="acessível" pos="adj" morph="M S" extra="nh np-close"/>
			<t id="s1_9" word="," lemma="--" pos="pu" morph="--" extra="--"/>
			<t id="s1_10" word="para" lemma="para" pos="prp" morph="--" extra="--"/>
			<t id="s1_11" word="o" lemma="o" pos="art" morph="M S" extra="--"/>
			<t id="s1_12" word="estilo" lemma="estilo" pos="n" morph="M S" sem="ac-cat tool anbo" extra="cjt-head cjt-head-DP"/>
			<t id="s1_13" word="e" lemma="e" pos="conj-c" morph="--" extra="--"/>
			<t id="s1_14" word="funções" lemma="função" pos="n" morph="F P" sem="ac pos-soc occ" extra="cjt-DP"/>
			<t id="s1_15" word="que" lemma="que" pos="spec" morph="M S" extra="clb clb-fs rel"/>
			<t id="s1_16" word="desempenha" lemma="desempenhar" pos="v-fin" morph="PR 3S IND VFIN" extra="vH mv np-close"/>
			<t id="s1_17" word="." lemma="--" pos="pu" morph="--" extra="--"/>
		</terminals>

		<nonterminals>
			<nt id="s1_500" cat="s">
				<edge label="STA" idref="s1_501"/>
			</nt>
			<nt id="s1_501" cat="fcl">
				<edge label="P" idref="s1_1"/>
				<edge label="Cs" idref="s1_502"/>
				<edge label="PU" idref="s1_9"/>
				<edge label="fA" idref="s1_505"/>
				<edge label="PU" idref="s1_17"/>
			</nt>
			<nt id="s1_502" cat="np">
				<edge label="DN" idref="s1_2"/>
				<edge label="H" idref="s1_3"/>
				<edge label="DN" idref="s1_4"/>
				<edge label="DN" idref="s1_503"/>
			</nt>
			<nt id="s1_503" cat="pp">
				<edge label="H" idref="s1_5"/>
				<edge label="DP" idref="s1_504"/>
			</nt>
			<nt id="s1_504" cat="np">
				<edge label="DN" idref="s1_6"/>
				<edge label="H" idref="s1_7"/>
				<edge label="DN" idref="s1_8"/>
			</nt>
			<nt id="s1_505" cat="pp">
				<edge label="H" idref="s1_10"/>
				<edge label="DP" idref="s1_506"/>
			</nt>
			<nt id="s1_506" cat="par">
				<edge label="CJT" idref="s1_507"/>
				<edge label="CO" idref="s1_13"/>
				<edge label="CJT" idref="s1_508"/>
			</nt>
			<nt id="s1_507" cat="np">
				<edge label="DN" idref="s1_11"/>
				<edge label="H" idref="s1_12"/>
			</nt>
			<nt id="s1_508" cat="np">
				<edge label="H" idref="s1_14"/>
				<edge label="DN" idref="s1_509"/>
			</nt>
			<nt id="s1_509" cat="fcl">
				<edge label="Od" idref="s1_15"/>
				<edge label="P" idref="s1_16"/>
			</nt>
		</nonterminals>
	</graph>
</s>

<s id="s2" ref="2" source="Running text" forest="1" text="possui funções excelentes para quem necessita de um celular com qualidade e diferenciações.">
	<graph root="s2_500">
		<terminals>
			<t id="s2_1" word="possui" lemma="possuir" pos="v-fin" morph="PR 3S IND VFIN" extra="vH fmc mv"/>
			<t id="s2_2" word="funções" lemma="função" pos="n" morph="F P" sem="ac pos-soc occ" extra="--"/>
			<t id="s2_3" word="excelentes" lemma="excelente" pos="adj" morph="F P" extra="jh np-close"/>
			<t id="s2_4" word="para" lemma="para" pos="prp" morph="--" extra="--"/>
			<t id="s2_5" word="quem" lemma="quem" pos="spec" morph="M/F S" extra="clb clb-fs rel"/>
			<t id="s2_6" word="necessita" lemma="necessitar" pos="v-fin" morph="PR 3S IND VFIN" extra="vH mv"/>
			<t id="s2_7" word="de" lemma="de" pos="prp" morph="--" extra="--"/>
			<t id="s2_8" word="um" lemma="um" pos="art" morph="M S" extra="--"/>
			<t id="s2_9" word="celular" lemma="celular" pos="adj" morph="M S" extra="n nh"/>
			<t id="s2_10" word="com" lemma="com" pos="prp" morph="--" extra="np-close"/>
			<t id="s2_11" word="qualidade" lemma="qualidade" pos="n" morph="F S" sem="percep-f f-c" extra="cjt-head cjt-head-DP"/>
			<t id="s2_12" word="e" lemma="e" pos="conj-c" morph="--" extra="--"/>
			<t id="s2_13" word="diferenciações" lemma="diferenciação" pos="n" morph="F P" sem="act" extra="cjt-DP"/>
			<t id="s2_14" word="." lemma="--" pos="pu" morph="--" extra="--"/>
		</terminals>

		<nonterminals>
			<nt id="s2_500" cat="s">
				<edge label="STA" idref="s2_501"/>
			</nt>
			<nt id="s2_501" cat="fcl">
				<edge label="P" idref="s2_1"/>
				<edge label="Od" idref="s2_502"/>
				<edge label="fA" idref="s2_503"/>
				<edge label="PU" idref="s2_14"/>
			</nt>
			<nt id="s2_502" cat="np">
				<edge label="H" idref="s2_2"/>
				<edge label="DN" idref="s2_3"/>
			</nt>
			<nt id="s2_503" cat="pp">
				<edge label="H" idref="s2_4"/>
				<edge label="DP" idref="s2_504"/>
				<edge label="DN" idref="s2_507"/>
			</nt>
			<nt id="s2_504" cat="fcl">
				<edge label="S" idref="s2_5"/>
				<edge label="P" idref="s2_6"/>
				<edge label="Op" idref="s2_505"/>
			</nt>
			<nt id="s2_505" cat="pp">
				<edge label="H" idref="s2_7"/>
				<edge label="DP" idref="s2_506"/>
			</nt>
			<nt id="s2_506" cat="np">
				<edge label="DN" idref="s2_8"/>
				<edge label="H" idref="s2_9"/>
			</nt>
			<nt id="s2_507" cat="pp">
				<edge label="H" idref="s2_10"/>
				<edge label="DP" idref="s2_508"/>
			</nt>
			<nt id="s2_508" cat="par">
				<edge label="CJT" idref="s2_11"/>
				<edge label="CO" idref="s2_12"/>
				<edge label="CJT" idref="s2_13"/>
			</nt>
		</nonterminals>
	</graph>
</s>

<s id="s3" ref="3" source="Running text" forest="1" text="sua câmera é de ótima qualidade, assim como a marca motorola, que para mim é insuperável nos aparelhos que dispõe no mercado.">
	<graph root="s3_500">
		<terminals>
			<t id="s3_1" word="sua" lemma="seu" pos="pron-poss" morph="DET F S" extra="poss 3S"/>
			<t id="s3_2" word="câmera" lemma="c�=mera" pos="n" morph="F S" sem="tool" extra="--"/>
			<t id="s3_3" word="é" lemma="ser" pos="v-fin" morph="PR 3S IND VFIN" extra="vK fmc mv"/>
			<t id="s3_4" word="de" lemma="de" pos="prp" morph="--" extra="--"/>
			<t id="s3_5" word="ótima" lemma="bom" pos="adj" morph="F S" extra="SUP"/>
			<t id="s3_6" word="qualidade" lemma="qualidade" pos="n" morph="F S" sem="percep-f f-c" extra="--"/>
			<t id="s3_7" word="," lemma="--" pos="pu" morph="--" extra="--"/>
			<t id="s3_8" word="assim_como" lemma="assim_como" pos="adv" morph="--" extra="com rel"/>
			<t id="s3_9" word="a" lemma="o" pos="art" morph="F S" extra="--"/>
			<t id="s3_10" word="marca" lemma="marca" pos="n" morph="F S" sem="ac-sign Labs bar" extra="--"/>
			<t id="s3_11" word="motorola" lemma="motorola" pos="n" morph="F S" sem="Aorn" extra="DERP"/>
			<t id="s3_12" word="," lemma="--" pos="pu" morph="--" extra="--"/>
			<t id="s3_13" word="que" lemma="que" pos="spec" morph="M S" extra="clb clb-fs rel"/>
			<t id="s3_14" word="para" lemma="para" pos="prp" morph="--" extra="--"/>
			<t id="s3_15" word="mim" lemma="eu" pos="pron-pers" morph="M/F 1S PIV" extra="--"/>
			<t id="s3_16" word="é" lemma="ser" pos="v-fin" morph="PR 3S IND VFIN" extra="vK mv np-close"/>
			<t id="s3_17" word="insuperável" lemma="insuperável" pos="adj" morph="M S" extra="--"/>
			<t id="s3_18" word="em" lemma="em" pos="prp" morph="--" extra="sam-"/>
			<t id="s3_19" word="os" lemma="o" pos="art" morph="M P" extra=" -sam"/>
			<t id="s3_20" word="aparelhos" lemma="aparelho" pos="n" morph="M P" sem="tool" extra="--"/>
			<t id="s3_21" word="que" lemma="que" pos="spec" morph="M S" extra="clb clb-fs rel"/>
			<t id="s3_22" word="dispõe" lemma="dispor" pos="v-fin" morph="PR 3S IND VFIN" extra="vH mv np-close"/>
			<t id="s3_23" word="em" lemma="em" pos="prp" morph="--" extra="sam-"/>
			<t id="s3_24" word="o" lemma="o" pos="art" morph="M S" extra="-sam "/>
			<t id="s3_25" word="mercado" lemma="mercado" pos="n" morph="M S" sem="inst" extra="--"/>
			<t id="s3_26" word="." lemma="--" pos="pu" morph="--" extra="--"/>
		</terminals>

		<nonterminals>
			<nt id="s3_500" cat="s">
				<edge label="STA" idref="s3_501"/>
			</nt>
			<nt id="s3_501" cat="fcl">
				<edge label="S" idref="s3_502"/>
				<edge label="H" idref="s3_2"/>
				<edge label="P" idref="s3_3"/>
				<edge label="Cs" idref="s3_503"/>
				<edge label="PU" idref="s3_7"/>
				<edge label="fA" idref="s3_505"/>
				<edge label="PU" idref="s3_26"/>
			</nt>
			<nt id="s3_502" cat="np">
				<edge label="DN" idref="s3_1"/>
			</nt>
			<nt id="s3_503" cat="pp">
				<edge label="H" idref="s3_4"/>
				<edge label="DP" idref="s3_504"/>
			</nt>
			<nt id="s3_504" cat="np">
				<edge label="DN" idref="s3_5"/>
				<edge label="H" idref="s3_6"/>
			</nt>
			<nt id="s3_505" cat="acl">
				<edge label="H" idref="s3_8"/>
				<edge label="X" idref="s3_506"/>
				<edge label="X" idref="s3_507"/>
			</nt>
			<nt id="s3_506" cat="np">
				<edge label="DN" idref="s3_9"/>
				<edge label="H" idref="s3_10"/>
			</nt>
			<nt id="s3_507" cat="np">
				<edge label="H" idref="s3_11"/>
				<edge label="PU" idref="s3_12"/>
				<edge label="DN" idref="s3_508"/>
			</nt>
			<nt id="s3_508" cat="fcl">
				<edge label="S" idref="s3_13"/>
				<edge label="fA" idref="s3_509"/>
				<edge label="P" idref="s3_16"/>
				<edge label="Cs" idref="s3_17"/>
				<edge label="fA" idref="s3_510"/>
			</nt>
			<nt id="s3_509" cat="pp">
				<edge label="H" idref="s3_14"/>
				<edge label="DP" idref="s3_15"/>
			</nt>
			<nt id="s3_510" cat="pp">
				<edge label="H" idref="s3_18"/>
				<edge label="DP" idref="s3_511"/>
			</nt>
			<nt id="s3_511" cat="np">
				<edge label="DN" idref="s3_19"/>
				<edge label="H" idref="s3_20"/>
				<edge label="DN" idref="s3_512"/>
			</nt>
			<nt id="s3_512" cat="fcl">
				<edge label="Od" idref="s3_21"/>
				<edge label="P" idref="s3_22"/>
				<edge label="fA" idref="s3_513"/>
			</nt>
			<nt id="s3_513" cat="pp">
				<edge label="H" idref="s3_23"/>
				<edge label="DP" idref="s3_514"/>
			</nt>
			<nt id="s3_514" cat="np">
				<edge label="DN" idref="s3_24"/>
				<edge label="H" idref="s3_25"/>
			</nt>
		</nonterminals>
	</graph>
</s>

<s id="s4" ref="4" source="Running text" forest="1" text="seu design é elegante e atual.">
	<graph root="s4_500">
		<terminals>
			<t id="s4_1" word="seu" lemma="seu" pos="pron-poss" morph="DET M S" extra="poss 3S"/>
			<t id="s4_2" word="design" lemma="design" pos="n" morph="M S" sem="percep-f domain" extra="--"/>
			<t id="s4_3" word="é" lemma="ser" pos="v-fin" morph="PR 3S IND VFIN" extra="vK fmc mv"/>
			<t id="s4_4" word="elegante" lemma="elegante" pos="adj" morph="M S" extra="cjt-head cjt-head-Cs jh"/>
			<t id="s4_5" word="e" lemma="e" pos="conj-c" morph="--" extra="--"/>
			<t id="s4_6" word="atual" lemma="atual" pos="adj" morph="M S" extra="cjt-Cs nh"/>
			<t id="s4_7" word="." lemma="--" pos="pu" morph="--" extra="--"/>
		</terminals>

		<nonterminals>
			<nt id="s4_500" cat="s">
				<edge label="STA" idref="s4_501"/>
			</nt>
			<nt id="s4_501" cat="fcl">
				<edge label="S" idref="s4_502"/>
				<edge label="P" idref="s4_3"/>
				<edge label="Cs" idref="s4_503"/>
				<edge label="CO" idref="s4_5"/>
				<edge label="PU" idref="s4_7"/>
			</nt>
			<nt id="s4_502" cat="np">
				<edge label="DN" idref="s4_1"/>
				<edge label="H" idref="s4_2"/>
			</nt>
			<nt id="s4_503" cat="par">
				<edge label="CJT" idref="s4_4"/>
				<edge label="CJT" idref="s4_6"/>
			</nt>
		</nonterminals>
	</graph>
</s>

<s id="s5" ref="5" source="Running text" forest="1" text="o que gostei eficiente, elegante, prático, atende �s necessidades e especificações o que não gostei nenhuma contrariedade.">
	<graph root="s5_500">
		<terminals>
			<t id="s5_1" word="o" lemma="o" pos="pron-dem" morph="DET M S" extra="dem"/>
			<t id="s5_2" word="que" lemma="que" pos="spec" morph="M S" extra="clb clb-fs rel"/>
			<t id="s5_3" word="gostei" lemma="gostar" pos="v-fin" morph="PS 1S IND VFIN" extra="vH mv np-close"/>
			<t id="s5_4" word="eficiente" lemma="eficiente" pos="adj" morph="M/F S" extra="--"/>
			<t id="s5_5" word="," lemma="--" pos="pu" morph="--" extra="--"/>
			<t id="s5_6" word="elegante" lemma="elegante" pos="adj" morph="M/F S" extra="--"/>
			<t id="s5_7" word="," lemma="--" pos="pu" morph="--" extra="--"/>
			<t id="s5_8" word="prático" lemma="prático" pos="adj" morph="M S" extra="--"/>
			<t id="s5_9" word="," lemma="--" pos="pu" morph="--" extra="--"/>
			<t id="s5_10" word="atende" lemma="atender" pos="v-fin" morph="PR 3S IND VFIN" extra="vH fmc mv"/>
			<t id="s5_11" word="a" lemma="a" pos="prp" morph="--" extra="sam-"/>
			<t id="s5_12" word="as" lemma="o" pos="art" morph="F P" extra="-sam "/>
			<t id="s5_13" word="necessidades" lemma="necessidade" pos="n" morph="F P" sem="am sit" extra="cjt-head cjt-head-DP"/>
			<t id="s5_14" word="e" lemma="e" pos="conj-c" morph="--" extra="--"/>
			<t id="s5_15" word="especificações" lemma="especificação" pos="n" morph="F P" sem="act" extra="cjt-DP"/>
			<t id="s5_16" word="o" lemma="o" pos="pron-dem" morph="DET M S" extra="dem"/>
			<t id="s5_17" word="que" lemma="que" pos="spec" morph="M S" extra="clb clb-fs rel"/>
			<t id="s5_18" word="não" lemma="não" pos="adv" morph="--" extra="--"/>
			<t id="s5_19" word="gostei" lemma="gostar" pos="v-fin" morph="PS 1S IND VFIN" extra="vH mv np-close"/>
			<t id="s5_20" word="nenhuma" lemma="nenhum" pos="pron-indef" morph="DET F S" extra="quant"/>
			<t id="s5_21" word="contrariedade" lemma="contrariedade" pos="n" morph="F S" sem="am" extra="--"/>
			<t id="s5_22" word="." lemma="--" pos="pu" morph="--" extra="--"/>
		</terminals>

		<nonterminals>
			<nt id="s5_500" cat="s">
				<edge label="UTT" idref="s5_501"/>
			</nt>
			<nt id="s5_501" cat="x">
				<edge label="STA" idref="s5_502"/>
				<edge label="DN" idref="s5_503"/>
				<edge label="S" idref="s5_2"/>
				<edge label="P" idref="s5_3"/>
				<edge label="fCs" idref="s5_4"/>
				<edge label="PU" idref="s5_5"/>
				<edge label="fCs" idref="s5_6"/>
				<edge label="PU" idref="s5_7"/>
				<edge label="fCs" idref="s5_8"/>
				<edge label="PU" idref="s5_9"/>
				<edge label="P" idref="s5_10"/>
				<edge label="Op" idref="s5_504"/>
				<edge label="S" idref="s5_16"/>
				<edge label="fCs" idref="s5_509"/>
				<edge label="DN" idref="s5_20"/>
				<edge label="H" idref="s5_21"/>
				<edge label="PU" idref="s5_22"/>
			</nt>
			<nt id="s5_502" cat="fcl">
				<edge label="S" idref="s5_1"/>
			</nt>
			<nt id="s5_503" cat="fcl">
			</nt>
			<nt id="s5_504" cat="pp">
				<edge label="H" idref="s5_11"/>
				<edge label="DP" idref="s5_505"/>
			</nt>
			<nt id="s5_505" cat="par">
				<edge label="CJT" idref="s5_506"/>
				<edge label="CO" idref="s5_14"/>
				<edge label="CJT" idref="s5_507"/>
			</nt>
			<nt id="s5_506" cat="np">
				<edge label="DN" idref="s5_12"/>
				<edge label="H" idref="s5_13"/>
			</nt>
			<nt id="s5_507" cat="np">
				<edge label="H" idref="s5_15"/>
				<edge label="DN" idref="s5_508"/>
			</nt>
			<nt id="s5_508" cat="fcl">
				<edge label="S" idref="s5_17"/>
				<edge label="fA" idref="s5_18"/>
				<edge label="P" idref="s5_19"/>
			</nt>
			<nt id="s5_509" cat="np">
			</nt>
		</nonterminals>
	</graph>
</s>

	</body>
</corpus>
