<?xml version="1.0" encoding="UTF-8"?>
<corpus>

	<body>
<s id="s1" ref="1" source="Running text" forest="1" text="para quem não é fã da &quot;alta-vetorização�, é um prato feito!">
	<graph root="s1_500">
		<terminals>
			<t id="s1_1" word="para" lemma="para" pos="prp" morph="--" extra="clb"/>
			<t id="s1_2" word="quem" lemma="quem" pos="spec" morph="M/F S" extra="clb-fs rel"/>
			<t id="s1_3" word="não" lemma="não" pos="adv" morph="--" extra="--"/>
			<t id="s1_4" word="é" lemma="ser" pos="v-fin" morph="PR 3S IND VFIN" extra="vK mv"/>
			<t id="s1_5" word="fã" lemma="fã" pos="n" morph="M/F S" sem="H" extra="--"/>
			<t id="s1_6" word="de" lemma="de" pos="prp" morph="--" extra="sam- np-close"/>
			<t id="s1_7" word="a" lemma="o" pos="art" morph="F S" extra="-sam "/>
			<t id="s1_8" word="&quot;" lemma="--" pos="pu" morph="--" extra="--"/>
			<t id="s1_9" word="alta-vetorização" lemma="alta-vetorização" pos="n" morph="F S" extra="DERS"/>
			<t id="s1_10" word="&quot;" lemma="--" pos="pu" morph="--" extra="--"/>
			<t id="s1_11" word="," lemma="--" pos="pu" morph="--" extra="--"/>
			<t id="s1_12" word="é" lemma="ser" pos="v-fin" morph="PR 3S IND VFIN" extra="vK fmc mv"/>
			<t id="s1_13" word="um" lemma="um" pos="art" morph="M S" extra="--"/>
			<t id="s1_14" word="prato" lemma="prato" pos="n" morph="M S" sem="con food-h tool-mus" extra="--"/>
			<t id="s1_15" word="feito" lemma="fazer" pos="v-pcp" morph="M S" extra="np-close"/>
			<t id="s1_16" word="!" lemma="--" pos="pu" morph="--" extra="--"/>
		</terminals>

		<nonterminals>
			<nt id="s1_500" cat="s">
				<edge label="DP" idref="s1_501"/>
			</nt>
			<nt id="s1_501" cat="fcl">
				<edge label="fA" idref="s1_1"/>
				<edge label="S" idref="s1_2"/>
				<edge label="fA" idref="s1_3"/>
				<edge label="P" idref="s1_4"/>
				<edge label="Cs" idref="s1_502"/>
				<edge label="PU" idref="s1_16"/>
			</nt>
			<nt id="s1_502" cat="np">
				<edge label="H" idref="s1_5"/>
				<edge label="DN" idref="s1_503"/>
			</nt>
			<nt id="s1_503" cat="pp">
				<edge label="H" idref="s1_6"/>
				<edge label="DP" idref="s1_504"/>
				<edge label="PU" idref="s1_11"/>
				<edge label="STA" idref="s1_505"/>
			</nt>
			<nt id="s1_504" cat="np">
				<edge label="DN" idref="s1_7"/>
				<edge label="PU" idref="s1_8"/>
				<edge label="H" idref="s1_9"/>
				<edge label="PU" idref="s1_10"/>
			</nt>
			<nt id="s1_505" cat="fcl">
				<edge label="P" idref="s1_12"/>
				<edge label="Cs" idref="s1_506"/>
			</nt>
			<nt id="s1_506" cat="np">
				<edge label="DN" idref="s1_13"/>
				<edge label="H" idref="s1_14"/>
				<edge label="DN" idref="s1_15"/>
			</nt>
		</nonterminals>
	</graph>
</s>

<s id="s2" ref="2" source="Running text" forest="1" text="fácil de usar seus comandos, este celular não tem muitos mistérios para/ a utilização.">
	<graph root="s2_500">
		<terminals>
			<t id="s2_1" word="fácil" lemma="fácil" pos="adj" morph="M/F S" extra="--"/>
			<t id="s2_2" word="de" lemma="de" pos="prp" morph="--" extra="--"/>
			<t id="s2_3" word="usar" lemma="usar" pos="v-inf" morph="--" extra="vH mv"/>
			<t id="s2_4" word="seus" lemma="seu" pos="pron-poss" morph="DET M P" extra="si poss 3S"/>
			<t id="s2_5" word="comandos" lemma="comando" pos="n" morph="M P" sem="act-s activity HH" extra="--"/>
			<t id="s2_6" word="," lemma="--" pos="pu" morph="--" extra="--"/>
			<t id="s2_7" word="este" lemma="este" pos="pron-dem" morph="DET M S" extra="dem"/>
			<t id="s2_8" word="celular" lemma="celular" pos="adj" morph="M S" extra="n nh"/>
			<t id="s2_9" word="não" lemma="não" pos="adv" morph="--" extra="--"/>
			<t id="s2_10" word="tem" lemma="ter" pos="v-fin" morph="PR 3S IND VFIN" extra="fmc mv"/>
			<t id="s2_11" word="muitos" lemma="muito" pos="pron-indef" morph="DET M P" extra="quant"/>
			<t id="s2_12" word="mistérios" lemma="mistério" pos="n" morph="M P" sem="ac" extra="--"/>
			<t id="s2_13" word="para" lemma="para" pos="prp" morph="--" extra="--"/>
			<t id="s2_14" word="/" lemma="$/" pos="conj-c" morph="--" extra="--"/>
			<t id="s2_15" word="a" lemma="o" pos="art" morph="F S" extra="--"/>
			<t id="s2_16" word="utilização" lemma="utilização" pos="n" morph="F S" sem="act" extra="--"/>
			<t id="s2_17" word="." lemma="--" pos="pu" morph="--" extra="--"/>
		</terminals>

		<nonterminals>
			<nt id="s2_500" cat="s">
				<edge label="STA" idref="s2_501"/>
			</nt>
			<nt id="s2_501" cat="fcl">
				<edge label="fCs" idref="s2_502"/>
				<edge label="PU" idref="s2_6"/>
				<edge label="Od" idref="s2_506"/>
				<edge label="S" idref="s2_8"/>
				<edge label="fA" idref="s2_9"/>
				<edge label="P" idref="s2_10"/>
				<edge label="fA" idref="s2_507"/>
				<edge label="CO" idref="s2_14"/>
				<edge label="PU" idref="s2_17"/>
			</nt>
			<nt id="s2_502" cat="adjp">
				<edge label="H" idref="s2_1"/>
				<edge label="DA" idref="s2_503"/>
			</nt>
			<nt id="s2_503" cat="pp">
				<edge label="H" idref="s2_2"/>
				<edge label="DP" idref="s2_504"/>
			</nt>
			<nt id="s2_504" cat="icl">
				<edge label="P" idref="s2_3"/>
				<edge label="Od" idref="s2_505"/>
			</nt>
			<nt id="s2_505" cat="np">
				<edge label="DN" idref="s2_4"/>
				<edge label="H" idref="s2_5"/>
			</nt>
			<nt id="s2_506" cat="np">
				<edge label="DN" idref="s2_7"/>
				<edge label="DN" idref="s2_11"/>
				<edge label="H" idref="s2_12"/>
			</nt>
			<nt id="s2_507" cat="pp">
				<edge label="H" idref="s2_13"/>
				<edge label="DP" idref="s2_508"/>
			</nt>
			<nt id="s2_508" cat="np">
				<edge label="DN" idref="s2_15"/>
				<edge label="H" idref="s2_16"/>
			</nt>
		</nonterminals>
	</graph>
</s>

<s id="s3" ref="3" source="Running text" forest="1" text="o que gostei pequeno, fácil de usar.">
	<graph root="s3_500">
		<terminals>
			<t id="s3_1" word="o" lemma="o" pos="pron-dem" morph="DET M S" extra="dem"/>
			<t id="s3_2" word="que" lemma="que" pos="spec" morph="M S" extra="clb rel"/>
			<t id="s3_3" word="gostei" lemma="gostar" pos="v-fin" morph="PS 1S IND VFIN" extra="vH mv"/>
			<t id="s3_4" word="pequeno" lemma="pequeno" pos="n" morph="M S" sem="H" extra="--"/>
			<t id="s3_5" word="," lemma="--" pos="pu" morph="--" extra="--"/>
			<t id="s3_6" word="fácil" lemma="fácil" pos="adj" morph="M S" extra="jh np-close"/>
			<t id="s3_7" word="de" lemma="de" pos="prp" morph="--" extra="--"/>
			<t id="s3_8" word="usar" lemma="usar" pos="v-inf" morph="--" extra="vH mv"/>
			<t id="s3_9" word="." lemma="--" pos="pu" morph="--" extra="--"/>
		</terminals>

		<nonterminals>
			<nt id="s3_500" cat="s">
				<edge label="X" idref="s3_501"/>
			</nt>
			<nt id="s3_501" cat="adjp">
				<edge label="H" idref="s3_1"/>
				<edge label="STA" idref="s3_502"/>
				<edge label="PU" idref="s3_9"/>
			</nt>
			<nt id="s3_502" cat="fcl">
				<edge label="X" idref="s3_2"/>
				<edge label="P" idref="s3_3"/>
				<edge label="S" idref="s3_503"/>
			</nt>
			<nt id="s3_503" cat="np">
				<edge label="H" idref="s3_4"/>
				<edge label="PU" idref="s3_5"/>
				<edge label="DNc" idref="s3_504"/>
			</nt>
			<nt id="s3_504" cat="adjp">
				<edge label="H" idref="s3_6"/>
				<edge label="DA" idref="s3_505"/>
			</nt>
			<nt id="s3_505" cat="pp">
				<edge label="H" idref="s3_7"/>
				<edge label="DP" idref="s3_8"/>
			</nt>
		</nonterminals>
	</graph>
</s>

<s id="s4" ref="4" source="Running text" forest="1" text="o que não gostei tela em cristal liquido monocromático.">
	<graph root="s4_500">
		<terminals>
			<t id="s4_1" word="o" lemma="o" pos="pron-dem" morph="DET M S" extra="dem"/>
			<t id="s4_2" word="que" lemma="que" pos="spec" morph="M S" extra="clb clb-fs rel"/>
			<t id="s4_3" word="não" lemma="não" pos="adv" morph="--" extra="--"/>
			<t id="s4_4" word="gostei" lemma="gostar" pos="v-fin" morph="PS 1S IND VFIN" extra="vH mv np-close"/>
			<t id="s4_5" word="tela" lemma="tela" pos="n" morph="F S" sem="cc-h pict mat-cloth" extra="--"/>
			<t id="s4_6" word="em" lemma="em" pos="prp" morph="--" extra="np-close"/>
			<t id="s4_7" word="cristal" lemma="cristal" pos="n" morph="M S" sem="cc-stone mat" extra="--"/>
			<t id="s4_8" word="liquido" lemma="liquidar" pos="v-fin" morph="PR 1S IND VFIN" extra="vH fmc mv"/>
			<t id="s4_9" word="monocromático" lemma="monocromático" pos="adj" morph="M S" extra="nh"/>
			<t id="s4_10" word="." lemma="--" pos="pu" morph="--" extra="--"/>
		</terminals>

		<nonterminals>
			<nt id="s4_500" cat="s">
				<edge label="UTT" idref="s4_501"/>
			</nt>
			<nt id="s4_501" cat="x">
				<edge label="DN" idref="s4_503"/>
				<edge label="S" idref="s4_2"/>
				<edge label="fA" idref="s4_3"/>
				<edge label="P" idref="s4_4"/>
				<edge label="fCs" idref="s4_504"/>
				<edge label="P" idref="s4_8"/>
				<edge label="fCs" idref="s4_9"/>
				<edge label="PU" idref="s4_10"/>
			</nt>
			<nt id="s4_502" cat="fcl">
				<edge label="S" idref="s4_1"/>
			</nt>
			<nt id="s4_503" cat="fcl">
			</nt>
			<nt id="s4_504" cat="np">
				<edge label="H" idref="s4_5"/>
				<edge label="DN" idref="s4_505"/>
			</nt>
			<nt id="s4_505" cat="pp">
				<edge label="H" idref="s4_6"/>
				<edge label="DP" idref="s4_7"/>
			</nt>
		</nonterminals>
	</graph>
</s>

	</body>
</corpus>
