<?xml version="1.0" encoding="UTF-8"?>
<corpus>

	<body>
<s id="s1" ref="1" source="Running text" forest="1" text="não vale o investimento.">
	<graph root="s1_500">
		<terminals>
			<t id="s1_1" word="não" lemma="não" pos="adv" morph="--" extra="--"/>
			<t id="s1_2" word="vale" lemma="valer" pos="v-fin" morph="PR 3S IND VFIN" extra="fmc mv"/>
			<t id="s1_3" word="o" lemma="o" pos="art" morph="M S" extra="--"/>
			<t id="s1_4" word="investimento" lemma="investimento" pos="n" morph="M S" sem="act amount" extra="--"/>
			<t id="s1_5" word="." lemma="--" pos="pu" morph="--" extra="--"/>
		</terminals>

		<nonterminals>
			<nt id="s1_500" cat="s">
				<edge label="STA" idref="s1_501"/>
			</nt>
			<nt id="s1_501" cat="fcl">
				<edge label="fA" idref="s1_1"/>
				<edge label="P" idref="s1_2"/>
				<edge label="Od" idref="s1_502"/>
				<edge label="PU" idref="s1_5"/>
			</nt>
			<nt id="s1_502" cat="np">
				<edge label="DN" idref="s1_3"/>
				<edge label="H" idref="s1_4"/>
			</nt>
		</nonterminals>
	</graph>
</s>

<s id="s2" ref="2" source="Running text" forest="1" text="o que gostei funcionalidades do 3d o que não gostei bateria, android number, botão de camera dedicado..">
	<graph root="s2_500">
		<terminals>
			<t id="s2_1" word="o" lemma="o" pos="pron-dem" morph="DET M S" extra="dem"/>
			<t id="s2_2" word="que" lemma="que" pos="spec" morph="M S" extra="clb clb-fs rel"/>
			<t id="s2_3" word="gostei" lemma="gostar" pos="v-fin" morph="PS 1S IND VFIN" extra="vH mv np-close"/>
			<t id="s2_4" word="funcionalidades" lemma="funcionalidade" pos="n" morph="F P" sem="percep-f" extra="--"/>
			<t id="s2_5" word="de" lemma="de" pos="prp" morph="--" extra="sam- np-close"/>
			<t id="s2_6" word="o" lemma="o" pos="art" morph="M S" extra="-sam "/>
			<t id="s2_7" word="3d" lemma="3d" pos="num" morph="M P" extra="card"/>
			<t id="s2_8" word="o_que" lemma="o_que" pos="spec" morph="M S" extra="clb rel"/>
			<t id="s2_9" word="não" lemma="não" pos="adv" morph="--" extra="--"/>
			<t id="s2_10" word="gostei" lemma="gostar" pos="v-fin" morph="PS 1S IND VFIN" extra="vH mv"/>
			<t id="s2_11" word="bateria" lemma="bateria" pos="n" morph="F S" sem="tool" extra="--"/>
			<t id="s2_12" word="," lemma="--" pos="pu" morph="--" extra="--"/>
			<t id="s2_13" word="android" lemma="android" pos="n" morph="M S" extra="foreign heur"/>
			<t id="s2_14" word="number" lemma="number" pos="v-inf" morph="3S" extra="heur mv"/>
			<t id="s2_15" word="," lemma="--" pos="pu" morph="--" extra="--"/>
			<t id="s2_16" word="botão" lemma="botão" pos="n" morph="M S" sem="anbo cc-handle" extra="--"/>
			<t id="s2_17" word="de" lemma="de" pos="prp" morph="--" extra="np-close"/>
			<t id="s2_18" word="camera" lemma="c�=mara" pos="n" morph="F S" sem="Lh HH" extra="--"/>
			<t id="s2_19" word="dedicado" lemma="dedicado" pos="adj" morph="M S" extra="jh"/>
			<t id="s2_20" word="." lemma="--" pos="pu" morph="--" extra="--"/>
			<t id="s2_21" word="." lemma="--" pos="pu" morph="--" extra="--"/>
		</terminals>

		<nonterminals>
			<nt id="s2_500" cat="s">
				<edge label="X" idref="s2_501"/>
			</nt>
			<nt id="s2_501" cat="adjp">
				<edge label="H" idref="s2_1"/>
				<edge label="DN" idref="s2_502"/>
				<edge label="S" idref="s2_2"/>
				<edge label="P" idref="s2_3"/>
				<edge label="UTT" idref="s2_503"/>
				<edge label="fCs" idref="s2_504"/>
				<edge label="STA" idref="s2_507"/>
				<edge label="PU" idref="s2_20"/>
				<edge label="PU" idref="s2_21"/>
			</nt>
			<nt id="s2_502" cat="fcl">
			</nt>
			<nt id="s2_503" cat="fcl">
			</nt>
			<nt id="s2_504" cat="np">
				<edge label="H" idref="s2_4"/>
				<edge label="DN" idref="s2_505"/>
			</nt>
			<nt id="s2_505" cat="pp">
				<edge label="H" idref="s2_5"/>
				<edge label="DP" idref="s2_506"/>
			</nt>
			<nt id="s2_506" cat="np">
				<edge label="DN" idref="s2_6"/>
				<edge label="H" idref="s2_7"/>
			</nt>
			<nt id="s2_507" cat="fcl">
				<edge label="X" idref="s2_8"/>
				<edge label="fA" idref="s2_9"/>
				<edge label="P" idref="s2_10"/>
				<edge label="S" idref="s2_11"/>
				<edge label="PU" idref="s2_12"/>
				<edge label="S" idref="s2_13"/>
				<edge label="P" idref="s2_14"/>
				<edge label="PU" idref="s2_15"/>
				<edge label="fCs" idref="s2_508"/>
				<edge label="fCs" idref="s2_19"/>
			</nt>
			<nt id="s2_508" cat="np">
				<edge label="H" idref="s2_16"/>
				<edge label="DN" idref="s2_509"/>
			</nt>
			<nt id="s2_509" cat="pp">
				<edge label="H" idref="s2_17"/>
				<edge label="DP" idref="s2_18"/>
			</nt>
		</nonterminals>
	</graph>
</s>

	</body>
</corpus>
