<?xml version="1.0" encoding="UTF-8"?>
<corpus>

	<body>
<s id="s1" ref="1" source="Running text" forest="1" text="comprei sem pensar, mas já me arrependi.">
	<graph root="s1_500">
		<terminals>
			<t id="s1_1" word="comprei" lemma="comprar" pos="v-fin" morph="PS 1S IND VFIN" extra="nosubj nosubj cjt-head cjt-head-STA vH fmc mv"/>
			<t id="s1_2" word="sem" lemma="sem" pos="prp" morph="--" extra="--"/>
			<t id="s1_3" word="pensar" lemma="pensar" pos="v-inf" morph="--" extra="vH mv"/>
			<t id="s1_4" word="," lemma="--" pos="pu" morph="--" extra="--"/>
			<t id="s1_5" word="mas" lemma="mas" pos="conj-c" morph="--" extra="clb"/>
			<t id="s1_6" word="já" lemma="já" pos="adv" morph="--" extra="--"/>
			<t id="s1_7" word="me" lemma="eu" pos="pron-pers" morph="M/F 1S ACC" extra="refl"/>
			<t id="s1_8" word="arrependi" lemma="arrepender" pos="v-fin" morph="PS 1S IND VFIN" extra="nosubj nosubj cjt-STA fmc mv v-pron"/>
			<t id="s1_9" word="." lemma="--" pos="pu" morph="--" extra="--"/>
		</terminals>

		<nonterminals>
			<nt id="s1_500" cat="s">
				<edge label="STA" idref="s1_501"/>
			</nt>
			<nt id="s1_501" cat="par">
				<edge label="CJT" idref="s1_502"/>
				<edge label="PU" idref="s1_4"/>
				<edge label="CO" idref="s1_5"/>
				<edge label="CJT" idref="s1_504"/>
				<edge label="PU" idref="s1_9"/>
			</nt>
			<nt id="s1_502" cat="fcl">
				<edge label="P" idref="s1_1"/>
				<edge label="fA" idref="s1_503"/>
			</nt>
			<nt id="s1_503" cat="pp">
				<edge label="H" idref="s1_2"/>
				<edge label="DP" idref="s1_3"/>
			</nt>
			<nt id="s1_504" cat="x">
				<edge label="fA" idref="s1_6"/>
				<edge label="Od" idref="s1_7"/>
				<edge label="P" idref="s1_8"/>
			</nt>
		</nonterminals>
	</graph>
</s>

<s id="s2" ref="2" source="Running text" forest="1" text="de number° eu queria um samsung e não um motorola, mas agora eu quero um motorola.">
	<graph root="s2_500">
		<terminals>
			<t id="s2_1" word="de" lemma="de" pos="prp" morph="--" extra="--"/>
			<t id="s2_2" word="number" lemma="number" pos="n" morph="M S" extra="heur"/>
			<t id="s2_3" word="°" lemma="$°" pos="n" morph="M/F S" extra="foreign"/>
			<t id="s2_4" word="eu" lemma="eu" pos="pron-pers" morph="M/F 1S NOM" extra="--"/>
			<t id="s2_5" word="queria" lemma="querer" pos="v-fin" morph="IMPF 1S IND VFIN" extra="cjt-head cjt-head-STA vH fmc mv"/>
			<t id="s2_6" word="um" lemma="um" pos="art" morph="M S" extra="--"/>
			<t id="s2_7" word="samsung" lemma="samsung" pos="n" morph="M S" extra="cjt-head cjt-head-Od heur"/>
			<t id="s2_8" word="e" lemma="e" pos="conj-c" morph="--" extra="--"/>
			<t id="s2_9" word="não" lemma="não" pos="adv" morph="--" extra="--"/>
			<t id="s2_10" word="um" lemma="um" pos="num" morph="M S" extra="card"/>
			<t id="s2_11" word="motorola" lemma="motorola" pos="n" morph="F S" sem="Aorn" extra="cjt-Od DERP"/>
			<t id="s2_12" word="," lemma="--" pos="pu" morph="--" extra="--"/>
			<t id="s2_13" word="mas" lemma="mas" pos="conj-c" morph="--" extra="clb"/>
			<t id="s2_14" word="agora" lemma="agora" pos="adv" morph="--" extra="kc"/>
			<t id="s2_15" word="eu" lemma="eu" pos="pron-pers" morph="M/F 1S NOM" extra="--"/>
			<t id="s2_16" word="quero" lemma="querer" pos="v-fin" morph="PR 1S IND VFIN" extra="cjt-STA vH fmc mv"/>
			<t id="s2_17" word="um" lemma="um" pos="num" morph="M S" extra="card"/>
			<t id="s2_18" word="motorola" lemma="motorola" pos="n" morph="F S" sem="Aorn" extra="DERP"/>
			<t id="s2_19" word="." lemma="--" pos="pu" morph="--" extra="--"/>
		</terminals>

		<nonterminals>
			<nt id="s2_500" cat="s">
				<edge label="STA" idref="s2_501"/>
			</nt>
			<nt id="s2_501" cat="par">
				<edge label="CJT" idref="s2_502"/>
				<edge label="PU" idref="s2_12"/>
				<edge label="CO" idref="s2_13"/>
				<edge label="CJT" idref="s2_507"/>
				<edge label="PU" idref="s2_19"/>
			</nt>
			<nt id="s2_502" cat="fcl">
				<edge label="fA" idref="s2_503"/>
				<edge label="fCs" idref="s2_3"/>
				<edge label="S" idref="s2_4"/>
				<edge label="P" idref="s2_5"/>
				<edge label="Od" idref="s2_504"/>
			</nt>
			<nt id="s2_503" cat="pp">
				<edge label="H" idref="s2_1"/>
				<edge label="DP" idref="s2_2"/>
			</nt>
			<nt id="s2_504" cat="par">
				<edge label="CJT" idref="s2_505"/>
				<edge label="CJT" idref="s2_506"/>
			</nt>
			<nt id="s2_505" cat="np">
				<edge label="DN" idref="s2_6"/>
				<edge label="H" idref="s2_7"/>
				<edge label="CO" idref="s2_8"/>
			</nt>
			<nt id="s2_506" cat="np">
				<edge label="DN" idref="s2_9"/>
				<edge label="DN" idref="s2_10"/>
				<edge label="H" idref="s2_11"/>
			</nt>
			<nt id="s2_507" cat="fcl">
				<edge label="fA" idref="s2_14"/>
				<edge label="S" idref="s2_15"/>
				<edge label="P" idref="s2_16"/>
				<edge label="Od" idref="s2_508"/>
			</nt>
			<nt id="s2_508" cat="np">
				<edge label="DN" idref="s2_17"/>
				<edge label="H" idref="s2_18"/>
			</nt>
		</nonterminals>
	</graph>
</s>

<s id="s3" ref="3" source="Running text" forest="1" text="me arrependi ao extremo.">
	<graph root="s3_500">
		<terminals>
			<t id="s3_1" word="me" lemma="eu" pos="pron-pers" morph="M/F 1S ACC" extra="refl"/>
			<t id="s3_2" word="arrependi" lemma="arrepender" pos="v-fin" morph="PS 1S IND VFIN" extra="fmc mv v-pron"/>
			<t id="s3_3" word="a" lemma="a" pos="prp" morph="--" extra="sam-"/>
			<t id="s3_4" word="o" lemma="o" pos="art" morph="M S" extra="-sam "/>
			<t id="s3_5" word="extremo" lemma="extremo" pos="n" morph="M S" sem="Labs" extra="--"/>
			<t id="s3_6" word="." lemma="--" pos="pu" morph="--" extra="--"/>
		</terminals>

		<nonterminals>
			<nt id="s3_500" cat="s">
				<edge label="STA" idref="s3_501"/>
			</nt>
			<nt id="s3_501" cat="fcl">
				<edge label="Od" idref="s3_1"/>
				<edge label="P" idref="s3_2"/>
				<edge label="fA" idref="s3_502"/>
				<edge label="PU" idref="s3_6"/>
			</nt>
			<nt id="s3_502" cat="pp">
				<edge label="H" idref="s3_3"/>
				<edge label="DP" idref="s3_503"/>
			</nt>
			<nt id="s3_503" cat="np">
				<edge label="DN" idref="s3_4"/>
				<edge label="H" idref="s3_5"/>
			</nt>
		</nonterminals>
	</graph>
</s>

<s id="s4" ref="4" source="Running text" forest="1" text="o que gostei o mp3 o que não gostei camera.">
	<graph root="s4_500">
		<terminals>
			<t id="s4_1" word="o" lemma="o" pos="pron-dem" morph="DET M S" extra="dem"/>
			<t id="s4_2" word="que" lemma="que" pos="spec" morph="M S" extra="clb rel"/>
			<t id="s4_3" word="gostei" lemma="gostar" pos="v-fin" morph="PS 1S IND VFIN" extra="vH mv"/>
			<t id="s4_4" word="o" lemma="o" pos="art" morph="M S" extra="--"/>
			<t id="s4_5" word="mp3" lemma="mp3" pos="n" morph="M S" extra="heur"/>
			<t id="s4_6" word="o_que" lemma="o_que" pos="spec" morph="M S" extra="clb clb-fs rel"/>
			<t id="s4_7" word="não" lemma="não" pos="adv" morph="--" extra="--"/>
			<t id="s4_8" word="gostei" lemma="gostar" pos="v-fin" morph="PS 1S IND VFIN" extra="vH mv np-close"/>
			<t id="s4_9" word="camera" lemma="c�=mara" pos="n" morph="F S" sem="Lh HH" extra="--"/>
			<t id="s4_10" word="." lemma="--" pos="pu" morph="--" extra="--"/>
		</terminals>

		<nonterminals>
			<nt id="s4_500" cat="s">
				<edge label="X" idref="s4_501"/>
			</nt>
			<nt id="s4_501" cat="adjp">
				<edge label="H" idref="s4_1"/>
				<edge label="STA" idref="s4_502"/>
				<edge label="PU" idref="s4_10"/>
			</nt>
			<nt id="s4_502" cat="fcl">
				<edge label="X" idref="s4_2"/>
				<edge label="P" idref="s4_3"/>
				<edge label="S" idref="s4_503"/>
			</nt>
			<nt id="s4_503" cat="np">
				<edge label="DN" idref="s4_4"/>
				<edge label="H" idref="s4_5"/>
				<edge label="DN" idref="s4_504"/>
				<edge label="fCs" idref="s4_9"/>
			</nt>
			<nt id="s4_504" cat="fcl">
				<edge label="Od" idref="s4_6"/>
				<edge label="fA" idref="s4_7"/>
				<edge label="P" idref="s4_8"/>
			</nt>
		</nonterminals>
	</graph>
</s>

	</body>
</corpus>
