<?xml version="1.0" encoding="UTF-8"?>
<corpus>

	<body>
<s id="s1" ref="1" source="Running text" forest="1" text="poderia ser melhor se tivesse assistência técnica a altura do preço que cobram.">
	<graph root="s1_500">
		<terminals>
			<t id="s1_1" word="poderia" lemma="poder" pos="v-fin" morph="COND 3S VFIN" extra="fmc aux"/>
			<t id="s1_2" word="ser" lemma="ser" pos="v-inf" morph="--" extra="vK mv"/>
			<t id="s1_3" word="melhor" lemma="bom" pos="adj" morph="M/F S" extra="KOMP SUP jh"/>
			<t id="s1_4" word="se" lemma="se" pos="conj-s" morph="--" extra="clb clb-fs"/>
			<t id="s1_5" word="tivesse" lemma="ter" pos="v-fin" morph="IMPF 3S SUBJ VFIN" extra="mv"/>
			<t id="s1_6" word="assistência" lemma="assistência" pos="n" morph="F S" sem="am" extra="--"/>
			<t id="s1_7" word="técnica" lemma="técnico" pos="adj" morph="F S" extra="nh np-close"/>
			<t id="s1_8" word="a" lemma="o" pos="art" morph="F S" extra="--"/>
			<t id="s1_9" word="altura" lemma="altura" pos="n" morph="F S" sem="f-q Labs temp Ltop" extra="--"/>
			<t id="s1_10" word="de" lemma="de" pos="prp" morph="--" extra="sam- np-close"/>
			<t id="s1_11" word="o" lemma="o" pos="art" morph="M S" extra="-sam "/>
			<t id="s1_12" word="preço" lemma="preço" pos="n" morph="M S" sem="f-q" extra="--"/>
			<t id="s1_13" word="que" lemma="que" pos="spec" morph="M S" extra="clb clb-fs rel"/>
			<t id="s1_14" word="cobram" lemma="cobrar" pos="v-fin" morph="PR 3P IND VFIN" extra="vH mv np-close"/>
			<t id="s1_15" word="." lemma="--" pos="pu" morph="--" extra="--"/>
		</terminals>

		<nonterminals>
			<nt id="s1_500" cat="s">
				<edge label="STA" idref="s1_501"/>
			</nt>
			<nt id="s1_501" cat="fcl">
				<edge label="P" idref="s1_502"/>
				<edge label="Cs" idref="s1_3"/>
				<edge label="fA" idref="s1_503"/>
				<edge label="PU" idref="s1_15"/>
			</nt>
			<nt id="s1_502" cat="vp">
				<edge label="Vaux" idref="s1_1"/>
				<edge label="Vm" idref="s1_2"/>
			</nt>
			<nt id="s1_503" cat="fcl">
				<edge label="SUB" idref="s1_4"/>
				<edge label="P" idref="s1_5"/>
				<edge label="Od" idref="s1_504"/>
				<edge label="S" idref="s1_505"/>
			</nt>
			<nt id="s1_504" cat="np">
				<edge label="H" idref="s1_6"/>
				<edge label="DN" idref="s1_7"/>
			</nt>
			<nt id="s1_505" cat="np">
				<edge label="DN" idref="s1_8"/>
				<edge label="H" idref="s1_9"/>
				<edge label="DN" idref="s1_506"/>
			</nt>
			<nt id="s1_506" cat="pp">
				<edge label="H" idref="s1_10"/>
				<edge label="DP" idref="s1_507"/>
			</nt>
			<nt id="s1_507" cat="np">
				<edge label="DN" idref="s1_11"/>
				<edge label="H" idref="s1_12"/>
				<edge label="DN" idref="s1_508"/>
			</nt>
			<nt id="s1_508" cat="fcl">
				<edge label="Od" idref="s1_13"/>
				<edge label="P" idref="s1_14"/>
			</nt>
		</nonterminals>
	</graph>
</s>

<s id="s2" ref="2" source="Running text" forest="1" text="sabem que existe o problema da câmera e não resolvem em nível de fabrica vide internet nos usa.">
	<graph root="s2_500">
		<terminals>
			<t id="s2_1" word="sabem" lemma="saber" pos="v-fin" morph="PR 3P IND VFIN" extra="nosubj nosubj nosubj nosubj cjt-head cjt-head-STA fmc mv"/>
			<t id="s2_2" word="que" lemma="que" pos="conj-s" morph="--" extra="clb clb-fs"/>
			<t id="s2_3" word="existe" lemma="existir" pos="v-fin" morph="PR 3S IND VFIN" extra="mv"/>
			<t id="s2_4" word="o" lemma="o" pos="art" morph="M S" extra="--"/>
			<t id="s2_5" word="problema" lemma="problema" pos="n" morph="M S" sem="ac" extra="--"/>
			<t id="s2_6" word="de" lemma="de" pos="prp" morph="--" extra="sam- np-close"/>
			<t id="s2_7" word="a" lemma="o" pos="art" morph="F S" extra="-sam "/>
			<t id="s2_8" word="câmera" lemma="c�=mera" pos="n" morph="F S" sem="tool" extra="--"/>
			<t id="s2_9" word="e" lemma="e" pos="conj-c" morph="--" extra="--"/>
			<t id="s2_10" word="não" lemma="não" pos="adv" morph="--" extra="--"/>
			<t id="s2_11" word="resolvem" lemma="resolver" pos="v-fin" morph="PR 3P IND VFIN" extra="nosubj nosubj cjt-STA vH fmc mv"/>
			<t id="s2_12" word="em" lemma="em" pos="prp" morph="--" extra="--"/>
			<t id="s2_13" word="nível" lemma="nível" pos="n" morph="M S" sem="Labs tool" extra="--"/>
			<t id="s2_14" word="de" lemma="de" pos="prp" morph="--" extra="np-close"/>
			<t id="s2_15" word="fabrica" lemma="fabricar" pos="v-fin" morph="PR 3S IND VFIN" extra="cjt-STA vH fmc mv"/>
			<t id="s2_16" word="vide" lemma="vide" pos="n" morph="M S" sem="Btree" extra="--"/>
			<t id="s2_17" word="internet" lemma="internet" pos="n" morph="F S" extra="newlex"/>
			<t id="s2_18" word="nos" lemma="nós" pos="pron-pers" morph="M/F 1P ACC" extra="--"/>
			<t id="s2_19" word="usa" lemma="usar" pos="v-fin" morph="PR 3S IND VFIN" extra="nosubj nosubj cjt-STA vH fmc mv"/>
			<t id="s2_20" word="." lemma="--" pos="pu" morph="--" extra="--"/>
		</terminals>

		<nonterminals>
			<nt id="s2_500" cat="s">
				<edge label="STA" idref="s2_501"/>
			</nt>
			<nt id="s2_501" cat="par">
				<edge label="CJT" idref="s2_502"/>
				<edge label="CJT" idref="s2_507"/>
				<edge label="CJT" idref="s2_510"/>
				<edge label="CJT" idref="s2_511"/>
				<edge label="PU" idref="s2_20"/>
			</nt>
			<nt id="s2_502" cat="fcl">
				<edge label="P" idref="s2_1"/>
				<edge label="Od" idref="s2_503"/>
			</nt>
			<nt id="s2_503" cat="fcl">
				<edge label="SUB" idref="s2_2"/>
				<edge label="P" idref="s2_3"/>
				<edge label="S" idref="s2_504"/>
			</nt>
			<nt id="s2_504" cat="np">
				<edge label="DN" idref="s2_4"/>
				<edge label="H" idref="s2_5"/>
				<edge label="DN" idref="s2_505"/>
			</nt>
			<nt id="s2_505" cat="pp">
				<edge label="H" idref="s2_6"/>
				<edge label="DP" idref="s2_506"/>
				<edge label="H" idref="s2_8"/>
			</nt>
			<nt id="s2_506" cat="np">
				<edge label="DN" idref="s2_7"/>
				<edge label="CO" idref="s2_9"/>
			</nt>
			<nt id="s2_507" cat="x">
				<edge label="fA" idref="s2_10"/>
				<edge label="P" idref="s2_11"/>
				<edge label="fA" idref="s2_508"/>
			</nt>
			<nt id="s2_508" cat="pp">
				<edge label="H" idref="s2_12"/>
				<edge label="DP" idref="s2_509"/>
			</nt>
			<nt id="s2_509" cat="np">
				<edge label="H" idref="s2_13"/>
				<edge label="DN" idref="s2_14"/>
			</nt>
			<nt id="s2_510" cat="fcl">
				<edge label="P" idref="s2_15"/>
				<edge label="Od" idref="s2_16"/>
				<edge label="S" idref="s2_17"/>
			</nt>
			<nt id="s2_511" cat="x">
				<edge label="Od" idref="s2_18"/>
				<edge label="P" idref="s2_19"/>
			</nt>
		</nonterminals>
	</graph>
</s>

<s id="s3" ref="3" source="Running text" forest="1" text="o que gostei produto satisfatório com os aplicativos android, portanto, muita facilidade com os produtos da google, rápido e leve, muito fácil de navegar na internet, o que não gostei produto de razoável qualidade, frágil, tive problemas sérios com a câmera que deixou de funcionar, e dá mensagem de erro.">
	<graph root="s3_500">
		<terminals>
			<t id="s3_1" word="o" lemma="o" pos="pron-dem" morph="DET M S" extra="dem"/>
			<t id="s3_2" word="que" lemma="que" pos="spec" morph="M S" extra="clb rel"/>
			<t id="s3_3" word="gostei" lemma="gostar" pos="v-fin" morph="PS 1S IND VFIN" extra="predco predco vH mv"/>
			<t id="s3_4" word="produto" lemma="produto" pos="n" morph="M S" sem="cc-h mon ac-cat" extra="--"/>
			<t id="s3_5" word="satisfatório" lemma="satisfatório" pos="adj" morph="M S" extra="nh np-close"/>
			<t id="s3_6" word="com" lemma="com" pos="prp" morph="--" extra="--"/>
			<t id="s3_7" word="os" lemma="o" pos="art" morph="M P" extra="--"/>
			<t id="s3_8" word="aplicativos" lemma="aplicativo" pos="n" morph="M P" sem="sem-c" extra="--"/>
			<t id="s3_9" word="android" lemma="android" pos="n" morph="M S" extra="clb foreign heur"/>
			<t id="s3_10" word="," lemma="--" pos="pu" morph="--" extra="--"/>
			<t id="s3_11" word="portanto" lemma="portanto" pos="adv" morph="--" extra="kc"/>
			<t id="s3_12" word="," lemma="--" pos="pu" morph="--" extra="--"/>
			<t id="s3_13" word="muita" lemma="muito" pos="pron-indef" morph="DET F S" extra="quant"/>
			<t id="s3_14" word="facilidade" lemma="facilidade" pos="n" morph="F S" sem="am" extra="np-close"/>
			<t id="s3_15" word="com" lemma="com" pos="prp" morph="--" extra="np-close"/>
			<t id="s3_16" word="os" lemma="o" pos="art" morph="M P" extra="--"/>
			<t id="s3_17" word="produtos" lemma="produto" pos="n" morph="M P" sem="cc-h mon ac-cat" extra="--"/>
			<t id="s3_18" word="de" lemma="de" pos="prp" morph="--" extra="sam- np-close"/>
			<t id="s3_19" word="a" lemma="o" pos="art" morph="F S" extra="-sam "/>
			<t id="s3_20" word="google" lemma="google" pos="n" morph="F S" extra="heur foreign"/>
			<t id="s3_21" word="," lemma="--" pos="pu" morph="--" extra="--"/>
			<t id="s3_22" word="rápido" lemma="rápido" pos="adj" morph="M S" extra="adv np-close"/>
			<t id="s3_23" word="e" lemma="e" pos="conj-c" morph="--" extra="--"/>
			<t id="s3_24" word="leve" lemma="leve" pos="adj" morph="M/F S" extra="np-close"/>
			<t id="s3_25" word="," lemma="--" pos="pu" morph="--" extra="--"/>
			<t id="s3_26" word="muito" lemma="muito" pos="adv" morph="--" extra="quant"/>
			<t id="s3_27" word="fácil" lemma="fácil" pos="adj" morph="M/F S" extra="np-close"/>
			<t id="s3_28" word="de" lemma="de" pos="prp" morph="--" extra="--"/>
			<t id="s3_29" word="navegar" lemma="navegar" pos="v-inf" morph="--" extra="vH mv"/>
			<t id="s3_30" word="em" lemma="em" pos="prp" morph="--" extra="sam-"/>
			<t id="s3_31" word="a" lemma="o" pos="art" morph="F S" extra="-sam "/>
			<t id="s3_32" word="internet" lemma="internet" pos="n" morph="F S" sem="Labs" extra="--"/>
			<t id="s3_33" word="," lemma="--" pos="pu" morph="--" extra="--"/>
			<t id="s3_34" word="o_que" lemma="o_que" pos="spec" morph="M S" extra="clb clb-fs rel"/>
			<t id="s3_35" word="não" lemma="não" pos="adv" morph="--" extra="--"/>
			<t id="s3_36" word="gostei" lemma="gostar" pos="v-fin" morph="PS 1S IND VFIN" extra="vH mv"/>
			<t id="s3_37" word="produto" lemma="produto" pos="n" morph="M S" sem="cc-h mon ac-cat" extra="--"/>
			<t id="s3_38" word="de" lemma="de" pos="prp" morph="--" extra="np-close"/>
			<t id="s3_39" word="razoável" lemma="razoável" pos="adj" morph="F S" extra="--"/>
			<t id="s3_40" word="qualidade" lemma="qualidade" pos="n" morph="F S" sem="percep-f f-c" extra="--"/>
			<t id="s3_41" word="," lemma="--" pos="pu" morph="--" extra="--"/>
			<t id="s3_42" word="frágil" lemma="frágil" pos="adj" morph="M/F S" extra="np-close"/>
			<t id="s3_43" word="," lemma="--" pos="pu" morph="--" extra="--"/>
			<t id="s3_44" word="tive" lemma="ter" pos="v-fin" morph="PS 1S IND VFIN" extra="nosubj nosubj cjt-STA fmc mv"/>
			<t id="s3_45" word="problemas" lemma="problema" pos="n" morph="M P" sem="ac" extra="--"/>
			<t id="s3_46" word="sérios" lemma="sério" pos="adj" morph="M P" extra="np-close"/>
			<t id="s3_47" word="com" lemma="com" pos="prp" morph="--" extra="np-long"/>
			<t id="s3_48" word="a" lemma="o" pos="art" morph="F S" extra="--"/>
			<t id="s3_49" word="câmera" lemma="c�=mera" pos="n" morph="F S" sem="tool" extra="--"/>
			<t id="s3_50" word="que" lemma="que" pos="spec" morph="M S" extra="clb clb-fs rel"/>
			<t id="s3_51" word="deixou" lemma="deixar" pos="v-fin" morph="PS 3S IND VFIN" extra="aux np-close"/>
			<t id="s3_52" word="de" lemma="de" pos="prp" morph="--" extra="--"/>
			<t id="s3_53" word="funcionar" lemma="funcionar" pos="v-inf" morph="--" extra="mv"/>
			<t id="s3_54" word="," lemma="--" pos="pu" morph="--" extra="--"/>
			<t id="s3_55" word="e" lemma="e" pos="conj-c" morph="--" extra="clb"/>
			<t id="s3_56" word="dá" lemma="dar" pos="v-fin" morph="PR 3S IND VFIN" extra="fmc mv np-close"/>
			<t id="s3_57" word="mensagem" lemma="mensagem" pos="n" morph="F S" sem="sem-s" extra="--"/>
			<t id="s3_58" word="de" lemma="de" pos="prp" morph="--" extra="np-close"/>
			<t id="s3_59" word="erro" lemma="erro" pos="n" morph="M S" sem="ac act-d" extra="--"/>
			<t id="s3_60" word="." lemma="--" pos="pu" morph="--" extra="--"/>
		</terminals>

		<nonterminals>
			<nt id="s3_500" cat="s">
				<edge label="X" idref="s3_501"/>
			</nt>
			<nt id="s3_501" cat="adjp">
				<edge label="H" idref="s3_1"/>
				<edge label="STA" idref="s3_502"/>
				<edge label="S" idref="s3_508"/>
				<edge label="PU" idref="s3_60"/>
			</nt>
			<nt id="s3_502" cat="fcl">
				<edge label="X" idref="s3_2"/>
				<edge label="X" idref="s3_503"/>
			</nt>
			<nt id="s3_503" cat="par">
				<edge label="CJT" idref="s3_504"/>
			</nt>
			<nt id="s3_504" cat="x">
				<edge label="P" idref="s3_3"/>
				<edge label="S" idref="s3_505"/>
				<edge label="fA" idref="s3_506"/>
			</nt>
			<nt id="s3_505" cat="np">
				<edge label="H" idref="s3_4"/>
				<edge label="DN" idref="s3_5"/>
			</nt>
			<nt id="s3_506" cat="pp">
				<edge label="H" idref="s3_6"/>
				<edge label="DP" idref="s3_507"/>
			</nt>
			<nt id="s3_507" cat="np">
				<edge label="DN" idref="s3_7"/>
				<edge label="H" idref="s3_8"/>
			</nt>
			<nt id="s3_508" cat="np">
				<edge label="H" idref="s3_9"/>
				<edge label="PU" idref="s3_10"/>
				<edge label="DNc" idref="s3_509"/>
			</nt>
			<nt id="s3_509" cat="np">
				<edge label="DNc" idref="s3_510"/>
				<edge label="PU" idref="s3_12"/>
				<edge label="DN" idref="s3_13"/>
				<edge label="H" idref="s3_14"/>
				<edge label="PU" idref="s3_43"/>
				<edge label="CJT" idref="s3_528"/>
			</nt>
			<nt id="s3_510" cat="pp">
				<edge label="DP" idref="s3_511"/>
			</nt>
			<nt id="s3_511" cat="np">
				<edge label="DN" idref="s3_512"/>
			</nt>
			<nt id="s3_512" cat="pp">
				<edge label="DP" idref="s3_513"/>
			</nt>
			<nt id="s3_513" cat="np">
				<edge label="DNc" idref="s3_514"/>
			</nt>
			<nt id="s3_514" cat="adjp">
				<edge label="DA" idref="s3_515"/>
				<edge label="H" idref="s3_15"/>
			</nt>
			<nt id="s3_515" cat="pp">
				<edge label="DP" idref="s3_516"/>
			</nt>
			<nt id="s3_516" cat="icl">
				<edge label="fA" idref="s3_11"/>
				<edge label="DN" idref="s3_16"/>
				<edge label="H" idref="s3_17"/>
				<edge label="DN" idref="s3_517"/>
			</nt>
			<nt id="s3_517" cat="pp">
				<edge label="H" idref="s3_18"/>
				<edge label="DP" idref="s3_518"/>
			</nt>
			<nt id="s3_518" cat="np">
				<edge label="DN" idref="s3_19"/>
				<edge label="H" idref="s3_20"/>
				<edge label="PU" idref="s3_21"/>
				<edge label="DNc" idref="s3_22"/>
				<edge label="DNc" idref="s3_519"/>
				<edge label="PU" idref="s3_25"/>
				<edge label="DNc" idref="s3_520"/>
			</nt>
			<nt id="s3_519" cat="adjp">
				<edge label="CO" idref="s3_23"/>
				<edge label="H" idref="s3_24"/>
			</nt>
			<nt id="s3_520" cat="adjp">
				<edge label="DA" idref="s3_26"/>
				<edge label="H" idref="s3_27"/>
				<edge label="DA" idref="s3_521"/>
			</nt>
			<nt id="s3_521" cat="pp">
				<edge label="H" idref="s3_28"/>
				<edge label="DP" idref="s3_522"/>
			</nt>
			<nt id="s3_522" cat="icl">
				<edge label="P" idref="s3_29"/>
				<edge label="fA" idref="s3_523"/>
				<edge label="Od" idref="s3_36"/>
			</nt>
			<nt id="s3_523" cat="pp">
				<edge label="H" idref="s3_30"/>
				<edge label="DP" idref="s3_524"/>
				<edge label="PU" idref="s3_33"/>
				<edge label="X" idref="s3_34"/>
				<edge label="fA" idref="s3_35"/>
				<edge label="S" idref="s3_525"/>
			</nt>
			<nt id="s3_524" cat="np">
				<edge label="DN" idref="s3_31"/>
				<edge label="H" idref="s3_32"/>
			</nt>
			<nt id="s3_525" cat="np">
				<edge label="H" idref="s3_37"/>
				<edge label="DN" idref="s3_526"/>
			</nt>
			<nt id="s3_526" cat="pp">
				<edge label="H" idref="s3_38"/>
				<edge label="DP" idref="s3_527"/>
			</nt>
			<nt id="s3_527" cat="np">
				<edge label="DN" idref="s3_39"/>
				<edge label="H" idref="s3_40"/>
				<edge label="PU" idref="s3_41"/>
				<edge label="DNc" idref="s3_42"/>
			</nt>
			<nt id="s3_528" cat="x">
				<edge label="P" idref="s3_44"/>
				<edge label="Od" idref="s3_529"/>
			</nt>
			<nt id="s3_529" cat="np">
				<edge label="H" idref="s3_45"/>
				<edge label="DN" idref="s3_46"/>
				<edge label="DN" idref="s3_530"/>
			</nt>
			<nt id="s3_530" cat="pp">
				<edge label="H" idref="s3_47"/>
				<edge label="DP" idref="s3_531"/>
				<edge label="H" idref="s3_49"/>
			</nt>
			<nt id="s3_531" cat="np">
				<edge label="DN" idref="s3_48"/>
				<edge label="DN" idref="s3_532"/>
				<edge label="PU" idref="s3_54"/>
				<edge label="CO" idref="s3_55"/>
				<edge label="DN" idref="s3_534"/>
			</nt>
			<nt id="s3_532" cat="fcl">
				<edge label="S" idref="s3_50"/>
				<edge label="P" idref="s3_533"/>
			</nt>
			<nt id="s3_533" cat="vp">
				<edge label="Vaux" idref="s3_51"/>
				<edge label="SUBaux" idref="s3_52"/>
				<edge label="Vm" idref="s3_53"/>
			</nt>
			<nt id="s3_534" cat="fcl">
				<edge label="P" idref="s3_56"/>
				<edge label="Od" idref="s3_535"/>
			</nt>
			<nt id="s3_535" cat="np">
				<edge label="H" idref="s3_57"/>
				<edge label="DN" idref="s3_536"/>
			</nt>
			<nt id="s3_536" cat="pp">
				<edge label="H" idref="s3_58"/>
				<edge label="DP" idref="s3_59"/>
			</nt>
		</nonterminals>
	</graph>
</s>

<s id="s4" ref="4" source="Running text" forest="1" text="estarei levando hoje para tentar resolver o problema e já por o telefone a assim.">
	<graph root="s4_500">
		<terminals>
			<t id="s4_1" word="estarei" lemma="estar" pos="v-fin" morph="FUT 1S IND VFIN" extra="fmc aux"/>
			<t id="s4_2" word="levando" lemma="levar" pos="v-ger" morph="--" extra="clb mv"/>
			<t id="s4_3" word="hoje" lemma="hoje" pos="adv" morph="--" extra="--"/>
			<t id="s4_4" word="para" lemma="para" pos="prp" morph="--" extra="--"/>
			<t id="s4_5" word="tentar" lemma="tentar" pos="v-inf" morph="--" extra="vH mv"/>
			<t id="s4_6" word="resolver" lemma="resolver" pos="v-inf" morph="--" extra="vH mv"/>
			<t id="s4_7" word="o" lemma="o" pos="art" morph="M S" extra="--"/>
			<t id="s4_8" word="problema" lemma="problema" pos="n" morph="M S" sem="ac" extra="--"/>
			<t id="s4_9" word="e" lemma="e" pos="conj-c" morph="--" extra="--"/>
			<t id="s4_10" word="já" lemma="já" pos="adv" morph="--" extra="--"/>
			<t id="s4_11" word="por" lemma="por" pos="prp" morph="--" extra="sam-"/>
			<t id="s4_12" word="o" lemma="o" pos="art" morph="M S" extra="-sam "/>
			<t id="s4_13" word="telefone" lemma="telefone" pos="n" morph="M S" sem="tool" extra="--"/>
			<t id="s4_14" word="a" lemma="a" pos="prp" morph="--" extra="--"/>
			<t id="s4_15" word="assim" lemma="assim" pos="adv" morph="--" extra="kc"/>
			<t id="s4_16" word="." lemma="--" pos="pu" morph="--" extra="--"/>
		</terminals>

		<nonterminals>
			<nt id="s4_500" cat="s">
				<edge label="STA" idref="s4_501"/>
			</nt>
			<nt id="s4_501" cat="fcl">
				<edge label="P" idref="s4_502"/>
				<edge label="fA" idref="s4_3"/>
				<edge label="fA" idref="s4_503"/>
				<edge label="PU" idref="s4_16"/>
			</nt>
			<nt id="s4_502" cat="vp">
				<edge label="Vaux" idref="s4_1"/>
				<edge label="Vm" idref="s4_2"/>
			</nt>
			<nt id="s4_503" cat="pp">
				<edge label="H" idref="s4_4"/>
				<edge label="DP" idref="s4_504"/>
			</nt>
			<nt id="s4_504" cat="icl">
				<edge label="P" idref="s4_5"/>
				<edge label="Od" idref="s4_505"/>
				<edge label="fA" idref="s4_15"/>
			</nt>
			<nt id="s4_505" cat="icl">
				<edge label="P" idref="s4_6"/>
				<edge label="Od" idref="s4_506"/>
				<edge label="CO" idref="s4_9"/>
				<edge label="FOC" idref="s4_10"/>
				<edge label="fA" idref="s4_507"/>
				<edge label="fA" idref="s4_14"/>
			</nt>
			<nt id="s4_506" cat="np">
				<edge label="DN" idref="s4_7"/>
				<edge label="H" idref="s4_8"/>
			</nt>
			<nt id="s4_507" cat="pp">
				<edge label="H" idref="s4_11"/>
				<edge label="DP" idref="s4_508"/>
			</nt>
			<nt id="s4_508" cat="np">
				<edge label="DN" idref="s4_12"/>
				<edge label="H" idref="s4_13"/>
			</nt>
		</nonterminals>
	</graph>
</s>

<s id="s5" ref="5" source="Running text" forest="1" text="técnica.">
	<graph root="s5_500">
		<terminals>
			<t id="s5_1" word="técnica" lemma="técnico" pos="adj" morph="F S" extra="nh"/>
			<t id="s5_2" word="." lemma="--" pos="pu" morph="--" extra="--"/>
		</terminals>

		<nonterminals>
			<nt id="s5_500" cat="s">
				<edge label="UTT" idref="s5_501"/>
			</nt>
			<nt id="s5_501" cat="x">
				<edge label="X" idref="s5_1"/>
				<edge label="PU" idref="s5_2"/>
			</nt>
		</nonterminals>
	</graph>
</s>

<s id="s6" ref="6" source="Running text" forest="1" text="de santo andré nos dá um prazo de number dias uteis para resolves- lo, o que é um absurdo!.">
	<graph root="s6_500">
		<terminals>
			<t id="s6_1" word="de" lemma="de" pos="prp" morph="--" extra="--"/>
			<t id="s6_2" word="santo" lemma="santo" pos="adj" morph="M S" extra="--"/>
			<t id="s6_3" word="andré" lemma="andré" pos="n" morph="M S" extra="foreign heur"/>
			<t id="s6_4" word="nos" lemma="nós" pos="pron-pers" morph="M/F 1P DAT" extra="refl"/>
			<t id="s6_5" word="dá" lemma="dar" pos="v-fin" morph="PR 3S IND VFIN" extra="nosubj nosubj cjt-head cjt-head-STA fmc mv"/>
			<t id="s6_6" word="um" lemma="um" pos="art" morph="M S" extra="--"/>
			<t id="s6_7" word="prazo" lemma="prazo" pos="n" morph="M S" sem="per temp" extra="--"/>
			<t id="s6_8" word="de" lemma="de" pos="prp" morph="--" extra="np-close"/>
			<t id="s6_9" word="number" lemma="number" pos="v-inf" morph="--" extra="heur mv"/>
			<t id="s6_10" word="dias" lemma="dia" pos="n" morph="M P" sem="temp dur per unit" extra="--"/>
			<t id="s6_11" word="uteis" lemma="útil" pos="adj" morph="M P" extra="nh np-close"/>
			<t id="s6_12" word="para" lemma="para" pos="prp" morph="--" extra="--"/>
			<t id="s6_13" word="resolves-" lemma="resolver" pos="v-fin" morph="PR 2S IND VFIN" extra="nosubj nosubj cjt-STA hyfen vH fmc mv"/>
			<t id="s6_14" word="lo" lemma="ele" pos="pron-pers" morph="M 3S ACC" extra="--"/>
			<t id="s6_15" word="," lemma="--" pos="pu" morph="--" extra="--"/>
			<t id="s6_16" word="o" lemma="o" pos="art" morph="M S" extra="--"/>
			<t id="s6_17" word="que" lemma="que" pos="spec" morph="M S" extra="clb clb-fs rel"/>
			<t id="s6_18" word="é" lemma="ser" pos="v-fin" morph="PR 3S IND VFIN" extra="vK mv"/>
			<t id="s6_19" word="um" lemma="um" pos="art" morph="M S" extra="--"/>
			<t id="s6_20" word="absurdo" lemma="absurdo" pos="adj" morph="M S" extra="n nh"/>
			<t id="s6_21" word="!" lemma="--" pos="pu" morph="--" extra="--"/>
			<t id="s6_22" word="." lemma="--" pos="pu" morph="--" extra="--"/>
		</terminals>

		<nonterminals>
			<nt id="s6_500" cat="s">
				<edge label="STA" idref="s6_501"/>
			</nt>
			<nt id="s6_501" cat="par">
				<edge label="CJT" idref="s6_502"/>
				<edge label="CJT" idref="s6_510"/>
				<edge label="PU" idref="s6_21"/>
				<edge label="PU" idref="s6_22"/>
			</nt>
			<nt id="s6_502" cat="fcl">
				<edge label="fA" idref="s6_503"/>
				<edge label="Oi" idref="s6_4"/>
				<edge label="P" idref="s6_5"/>
				<edge label="Od" idref="s6_505"/>
			</nt>
			<nt id="s6_503" cat="pp">
				<edge label="H" idref="s6_1"/>
				<edge label="DP" idref="s6_504"/>
			</nt>
			<nt id="s6_504" cat="np">
				<edge label="DN" idref="s6_2"/>
				<edge label="H" idref="s6_3"/>
			</nt>
			<nt id="s6_505" cat="np">
				<edge label="DN" idref="s6_6"/>
				<edge label="H" idref="s6_7"/>
				<edge label="DN" idref="s6_506"/>
			</nt>
			<nt id="s6_506" cat="pp">
				<edge label="H" idref="s6_8"/>
				<edge label="DP" idref="s6_507"/>
			</nt>
			<nt id="s6_507" cat="icl">
				<edge label="P" idref="s6_9"/>
				<edge label="Od" idref="s6_508"/>
			</nt>
			<nt id="s6_508" cat="np">
				<edge label="H" idref="s6_10"/>
				<edge label="DN" idref="s6_509"/>
			</nt>
			<nt id="s6_509" cat="adjp">
				<edge label="H" idref="s6_11"/>
				<edge label="DA" idref="s6_12"/>
			</nt>
			<nt id="s6_510" cat="x">
				<edge label="P" idref="s6_13"/>
				<edge label="Od" idref="s6_14"/>
				<edge label="PU" idref="s6_15"/>
				<edge label="fCsta" idref="s6_511"/>
			</nt>
			<nt id="s6_511" cat="fcl">
				<edge label="Cs" idref="s6_512"/>
				<edge label="S" idref="s6_17"/>
				<edge label="P" idref="s6_18"/>
			</nt>
			<nt id="s6_512" cat="np">
				<edge label="DN" idref="s6_16"/>
				<edge label="DN" idref="s6_19"/>
				<edge label="H" idref="s6_20"/>
			</nt>
		</nonterminals>
	</graph>
</s>

	</body>
</corpus>
