<?xml version="1.0" encoding="UTF-8"?>
<corpus>

	<body>
<s id="s1" ref="1" source="Running text" forest="1" text="ainda não consegui adequar o aparelho �s minhas necessidades.">
	<graph root="s1_500">
		<terminals>
			<t id="s1_1" word="ainda" lemma="ainda" pos="adv" morph="--" extra="--"/>
			<t id="s1_2" word="não" lemma="não" pos="adv" morph="--" extra="--"/>
			<t id="s1_3" word="consegui" lemma="conseguir" pos="v-fin" morph="PS 1S IND VFIN" extra="vH fmc mv"/>
			<t id="s1_4" word="adequar" lemma="adequar" pos="v-inf" morph="--" extra="vH mv"/>
			<t id="s1_5" word="o" lemma="o" pos="art" morph="M S" extra="--"/>
			<t id="s1_6" word="aparelho" lemma="aparelho" pos="n" morph="M S" sem="tool" extra="--"/>
			<t id="s1_7" word="a" lemma="a" pos="prp" morph="--" extra="sam-"/>
			<t id="s1_8" word="as" lemma="o" pos="art" morph="F P" extra="-sam "/>
			<t id="s1_9" word="minhas" lemma="meu" pos="pron-poss" morph="DET F P" extra="poss 1S"/>
			<t id="s1_10" word="necessidades" lemma="necessidade" pos="n" morph="F P" sem="am sit" extra="--"/>
			<t id="s1_11" word="." lemma="--" pos="pu" morph="--" extra="--"/>
		</terminals>

		<nonterminals>
			<nt id="s1_500" cat="s">
				<edge label="STA" idref="s1_501"/>
			</nt>
			<nt id="s1_501" cat="fcl">
				<edge label="fA" idref="s1_502"/>
				<edge label="P" idref="s1_3"/>
				<edge label="Od" idref="s1_503"/>
				<edge label="PU" idref="s1_11"/>
			</nt>
			<nt id="s1_502" cat="advp">
				<edge label="DA" idref="s1_1"/>
				<edge label="H" idref="s1_2"/>
			</nt>
			<nt id="s1_503" cat="icl">
				<edge label="P" idref="s1_4"/>
				<edge label="Od" idref="s1_504"/>
				<edge label="Op" idref="s1_505"/>
			</nt>
			<nt id="s1_504" cat="np">
				<edge label="DN" idref="s1_5"/>
				<edge label="H" idref="s1_6"/>
			</nt>
			<nt id="s1_505" cat="pp">
				<edge label="H" idref="s1_7"/>
				<edge label="DP" idref="s1_506"/>
			</nt>
			<nt id="s1_506" cat="np">
				<edge label="DN" idref="s1_8"/>
				<edge label="DN" idref="s1_9"/>
				<edge label="H" idref="s1_10"/>
			</nt>
		</nonterminals>
	</graph>
</s>

<s id="s2" ref="2" source="Running text" forest="1" text="volta e meia, recebo reclamações das pessoas dizendo que a ligação está ruim.">
	<graph root="s2_500">
		<terminals>
			<t id="s2_1" word="volta_e_meia" lemma="volta_e_meia" pos="adv" morph="--" extra="--"/>
			<t id="s2_2" word="," lemma="--" pos="pu" morph="--" extra="--"/>
			<t id="s2_3" word="recebo" lemma="receber" pos="v-fin" morph="PR 1S IND VFIN" extra="vH fmc mv"/>
			<t id="s2_4" word="reclamações" lemma="reclamação" pos="n" morph="F P" sem="act" extra="--"/>
			<t id="s2_5" word="de" lemma="de" pos="prp" morph="--" extra="sam- np-close"/>
			<t id="s2_6" word="as" lemma="o" pos="art" morph="F P" extra="-sam "/>
			<t id="s2_7" word="pessoas" lemma="pessoa" pos="n" morph="F P" sem="H" extra="--"/>
			<t id="s2_8" word="dizendo" lemma="dizer" pos="v-ger" morph="--" extra="vH mv"/>
			<t id="s2_9" word="que" lemma="que" pos="conj-s" morph="--" extra="clb clb-fs"/>
			<t id="s2_10" word="a" lemma="o" pos="art" morph="F S" extra="--"/>
			<t id="s2_11" word="ligação" lemma="ligação" pos="n" morph="F S" sem="act ac ac-sign Labs" extra="--"/>
			<t id="s2_12" word="está" lemma="estar" pos="v-fin" morph="PR 3S IND VFIN" extra="vK mv"/>
			<t id="s2_13" word="ruim" lemma="ruim" pos="adj" morph="F S" extra="--"/>
			<t id="s2_14" word="." lemma="--" pos="pu" morph="--" extra="--"/>
		</terminals>

		<nonterminals>
			<nt id="s2_500" cat="s">
				<edge label="STA" idref="s2_501"/>
			</nt>
			<nt id="s2_501" cat="fcl">
				<edge label="fA" idref="s2_1"/>
				<edge label="PU" idref="s2_2"/>
				<edge label="P" idref="s2_3"/>
				<edge label="Od" idref="s2_502"/>
				<edge label="fA" idref="s2_505"/>
				<edge label="PU" idref="s2_14"/>
			</nt>
			<nt id="s2_502" cat="np">
				<edge label="H" idref="s2_4"/>
				<edge label="DN" idref="s2_503"/>
			</nt>
			<nt id="s2_503" cat="pp">
				<edge label="H" idref="s2_5"/>
				<edge label="DP" idref="s2_504"/>
			</nt>
			<nt id="s2_504" cat="np">
				<edge label="DN" idref="s2_6"/>
				<edge label="H" idref="s2_7"/>
			</nt>
			<nt id="s2_505" cat="advp">
				<edge label="P" idref="s2_8"/>
				<edge label="Od" idref="s2_506"/>
			</nt>
			<nt id="s2_506" cat="fcl">
				<edge label="SUB" idref="s2_9"/>
				<edge label="S" idref="s2_507"/>
				<edge label="P" idref="s2_12"/>
				<edge label="Cs" idref="s2_13"/>
			</nt>
			<nt id="s2_507" cat="np">
				<edge label="DN" idref="s2_10"/>
				<edge label="H" idref="s2_11"/>
			</nt>
		</nonterminals>
	</graph>
</s>

<s id="s3" ref="3" source="Running text" forest="1" text="o que gostei três chips.">
	<graph root="s3_500">
		<terminals>
			<t id="s3_1" word="o" lemma="o" pos="pron-dem" morph="DET M S" extra="dem"/>
			<t id="s3_2" word="que" lemma="que" pos="spec" morph="M S" extra="clb clb-fs rel"/>
			<t id="s3_3" word="gostei" lemma="gostar" pos="v-fin" morph="PS 1S IND VFIN" extra="vH mv np-close"/>
			<t id="s3_4" word="três" lemma="três" pos="num" morph="M P" extra="card"/>
			<t id="s3_5" word="chips" lemma="chip" pos="n" morph="M P" sem="cc" extra="--"/>
			<t id="s3_6" word="." lemma="--" pos="pu" morph="--" extra="--"/>
		</terminals>

		<nonterminals>
			<nt id="s3_500" cat="s">
				<edge label="UTT" idref="s3_501"/>
			</nt>
			<nt id="s3_501" cat="x">
				<edge label="X" idref="s3_1"/>
				<edge label="DN" idref="s3_502"/>
				<edge label="S" idref="s3_2"/>
				<edge label="P" idref="s3_3"/>
				<edge label="fCs" idref="s3_503"/>
				<edge label="DN" idref="s3_4"/>
				<edge label="H" idref="s3_5"/>
				<edge label="PU" idref="s3_6"/>
			</nt>
			<nt id="s3_502" cat="fcl">
			</nt>
			<nt id="s3_503" cat="np">
			</nt>
		</nonterminals>
	</graph>
</s>

<s id="s4" ref="4" source="Running text" forest="1" text="o que não gostei instabilidade..">
	<graph root="s4_500">
		<terminals>
			<t id="s4_1" word="o" lemma="o" pos="pron-dem" morph="DET M S" extra="dem"/>
			<t id="s4_2" word="que" lemma="que" pos="spec" morph="M S" extra="clb clb-fs rel"/>
			<t id="s4_3" word="não" lemma="não" pos="adv" morph="--" extra="--"/>
			<t id="s4_4" word="gostei" lemma="gostar" pos="v-fin" morph="PS 1S IND VFIN" extra="vH mv np-close"/>
			<t id="s4_5" word="instabilidade" lemma="instabilidade" pos="n" morph="F S" sem="am" extra="--"/>
			<t id="s4_6" word="." lemma="--" pos="pu" morph="--" extra="--"/>
			<t id="s4_7" word="." lemma="--" pos="pu" morph="--" extra="--"/>
		</terminals>

		<nonterminals>
			<nt id="s4_500" cat="s">
				<edge label="UTT" idref="s4_501"/>
			</nt>
			<nt id="s4_501" cat="x">
				<edge label="X" idref="s4_1"/>
				<edge label="DN" idref="s4_502"/>
				<edge label="S" idref="s4_2"/>
				<edge label="fA" idref="s4_3"/>
				<edge label="P" idref="s4_4"/>
				<edge label="fCs" idref="s4_5"/>
				<edge label="PU" idref="s4_6"/>
				<edge label="PU" idref="s4_7"/>
			</nt>
			<nt id="s4_502" cat="fcl">
			</nt>
		</nonterminals>
	</graph>
</s>

	</body>
</corpus>
