<?xml version="1.0" encoding="UTF-8"?>
<corpus>

	<body>
<s id="s1" ref="1" source="Running text" forest="1" text="não gostei do celular.">
	<graph root="s1_500">
		<terminals>
			<t id="s1_1" word="não" lemma="não" pos="adv" morph="--" extra="--"/>
			<t id="s1_2" word="gostei" lemma="gostar" pos="v-fin" morph="PS 1S IND VFIN" extra="vH fmc mv"/>
			<t id="s1_3" word="de" lemma="de" pos="prp" morph="--" extra="sam-"/>
			<t id="s1_4" word="o" lemma="o" pos="art" morph="M S" extra="-sam "/>
			<t id="s1_5" word="celular" lemma="celular" pos="adj" morph="M S" extra="n nh"/>
			<t id="s1_6" word="." lemma="--" pos="pu" morph="--" extra="--"/>
		</terminals>

		<nonterminals>
			<nt id="s1_500" cat="s">
				<edge label="STA" idref="s1_501"/>
			</nt>
			<nt id="s1_501" cat="fcl">
				<edge label="fA" idref="s1_1"/>
				<edge label="P" idref="s1_2"/>
				<edge label="Op" idref="s1_502"/>
				<edge label="PU" idref="s1_6"/>
			</nt>
			<nt id="s1_502" cat="pp">
				<edge label="H" idref="s1_3"/>
				<edge label="DP" idref="s1_503"/>
			</nt>
			<nt id="s1_503" cat="np">
				<edge label="DN" idref="s1_4"/>
				<edge label="H" idref="s1_5"/>
			</nt>
		</nonterminals>
	</graph>
</s>

<s id="s2" ref="2" source="Running text" forest="1" text="como todo motorola tem menus demais, difícil de manusear.">
	<graph root="s2_500">
		<terminals>
			<t id="s2_1" word="como" lemma="como" pos="adv" morph="--" extra="clb clb-fs rel ks"/>
			<t id="s2_2" word="todo" lemma="todo" pos="pron-indef" morph="DET M S" extra="quant"/>
			<t id="s2_3" word="motorola" lemma="motorola" pos="n" morph="F S" sem="Aorn" extra="DERP"/>
			<t id="s2_4" word="tem" lemma="ter" pos="v-fin" morph="PR 3S IND VFIN" extra="mv np-close"/>
			<t id="s2_5" word="menus" lemma="menu" pos="n" morph="M P" extra="newlex"/>
			<t id="s2_6" word="demais" lemma="demais" pos="adv" morph="--" extra="quant np-close"/>
			<t id="s2_7" word="," lemma="--" pos="pu" morph="--" extra="--"/>
			<t id="s2_8" word="difícil" lemma="difícil" pos="adj" morph="M S" extra="nh np-close"/>
			<t id="s2_9" word="de" lemma="de" pos="prp" morph="--" extra="--"/>
			<t id="s2_10" word="manusear" lemma="manusear" pos="v-inf" morph="--" extra="vH mv"/>
			<t id="s2_11" word="." lemma="--" pos="pu" morph="--" extra="--"/>
		</terminals>

		<nonterminals>
			<nt id="s2_500" cat="s">
				<edge label="DN" idref="s2_501"/>
			</nt>
			<nt id="s2_501" cat="fcl">
				<edge label="fA" idref="s2_1"/>
				<edge label="S" idref="s2_502"/>
				<edge label="P" idref="s2_4"/>
				<edge label="Od" idref="s2_503"/>
				<edge label="PU" idref="s2_11"/>
			</nt>
			<nt id="s2_502" cat="np">
				<edge label="DN" idref="s2_2"/>
				<edge label="H" idref="s2_3"/>
			</nt>
			<nt id="s2_503" cat="np">
				<edge label="H" idref="s2_5"/>
				<edge label="DN" idref="s2_6"/>
				<edge label="PU" idref="s2_7"/>
				<edge label="DNc" idref="s2_504"/>
			</nt>
			<nt id="s2_504" cat="adjp">
				<edge label="H" idref="s2_8"/>
				<edge label="DA" idref="s2_505"/>
			</nt>
			<nt id="s2_505" cat="pp">
				<edge label="H" idref="s2_9"/>
				<edge label="DP" idref="s2_10"/>
			</nt>
		</nonterminals>
	</graph>
</s>

<s id="s3" ref="3" source="Running text" forest="1" text="olha que eu li o manual todo e mexi em tudo o que pude.">
	<graph root="s3_500">
		<terminals>
			<t id="s3_1" word="olha" lemma="olhar" pos="v-fin" morph="PR 3S IND VFIN" extra="nosubj nosubj nosubj cjt-head cjt-head-STA vH fmc mv"/>
			<t id="s3_2" word="que" lemma="que" pos="conj-s" morph="--" extra="clb clb-fs"/>
			<t id="s3_3" word="eu" lemma="eu" pos="pron-pers" morph="M/F 1S NOM" extra="--"/>
			<t id="s3_4" word="li" lemma="ler" pos="v-fin" morph="PS 1S IND VFIN" extra="nosubj cjt-head cjt-head-Od vH mv"/>
			<t id="s3_5" word="o" lemma="o" pos="art" morph="M S" extra="--"/>
			<t id="s3_6" word="manual" lemma="manual" pos="n" morph="M S" sem="sem-r" extra="--"/>
			<t id="s3_7" word="todo" lemma="todo" pos="pron-indef" morph="DET M S" extra="quant np-close"/>
			<t id="s3_8" word="e" lemma="e" pos="conj-c" morph="--" extra="topkc"/>
			<t id="s3_9" word="mexi" lemma="mexer" pos="v-fin" morph="PS 1S IND VFIN" extra="nosubj nosubj cjt-Od vH fmc mv"/>
			<t id="s3_10" word="em" lemma="em" pos="prp" morph="--" extra="--"/>
			<t id="s3_11" word="tudo_o_que" lemma="tudo_o_que" pos="spec" morph="M S" extra="quant rel"/>
			<t id="s3_12" word="pude" lemma="poder" pos="v-fin" morph="PS 1S IND VFIN" extra="nosubj nosubj cjt-STA fmc mv"/>
			<t id="s3_13" word="." lemma="--" pos="pu" morph="--" extra="--"/>
		</terminals>

		<nonterminals>
			<nt id="s3_500" cat="s">
				<edge label="STA" idref="s3_501"/>
			</nt>
			<nt id="s3_501" cat="par">
				<edge label="CJT" idref="s3_502"/>
				<edge label="CJT" idref="s3_12"/>
				<edge label="PU" idref="s3_13"/>
			</nt>
			<nt id="s3_502" cat="fcl">
				<edge label="P" idref="s3_1"/>
				<edge label="Od" idref="s3_503"/>
			</nt>
			<nt id="s3_503" cat="par">
				<edge label="CJT" idref="s3_504"/>
				<edge label="CO" idref="s3_8"/>
				<edge label="CJT" idref="s3_506"/>
			</nt>
			<nt id="s3_504" cat="fcl">
				<edge label="SUB" idref="s3_2"/>
				<edge label="S" idref="s3_3"/>
				<edge label="P" idref="s3_4"/>
				<edge label="Od" idref="s3_505"/>
			</nt>
			<nt id="s3_505" cat="np">
				<edge label="DN" idref="s3_5"/>
				<edge label="H" idref="s3_6"/>
				<edge label="DN" idref="s3_7"/>
			</nt>
			<nt id="s3_506" cat="x">
				<edge label="P" idref="s3_9"/>
				<edge label="Op" idref="s3_507"/>
			</nt>
			<nt id="s3_507" cat="pp">
				<edge label="H" idref="s3_10"/>
				<edge label="DP" idref="s3_11"/>
			</nt>
		</nonterminals>
	</graph>
</s>

<s id="s4" ref="4" source="Running text" forest="1" text="o que gostei beleza o que não gostei o comando de voz é péssimo, já tentei de tudo e eu não consigo usar- lo.">
	<graph root="s4_500">
		<terminals>
			<t id="s4_1" word="o" lemma="o" pos="pron-dem" morph="DET M S" extra="dem"/>
			<t id="s4_2" word="que" lemma="que" pos="spec" morph="M S" extra="clb clb-fs rel"/>
			<t id="s4_3" word="gostei" lemma="gostar" pos="v-fin" morph="PS 1S IND VFIN" extra="vH mv np-close"/>
			<t id="s4_4" word="beleza" lemma="beleza" pos="n" morph="F S" sem="am" extra="--"/>
			<t id="s4_5" word="o" lemma="o" pos="pron-dem" morph="DET M S" extra="dem"/>
			<t id="s4_6" word="que" lemma="que" pos="spec" morph="M S" extra="clb clb-fs rel"/>
			<t id="s4_7" word="não" lemma="não" pos="adv" morph="--" extra="--"/>
			<t id="s4_8" word="gostei" lemma="gostar" pos="v-fin" morph="PS 1S IND VFIN" extra="vH mv np-close"/>
			<t id="s4_9" word="o" lemma="o" pos="art" morph="M S" extra="--"/>
			<t id="s4_10" word="comando" lemma="comando" pos="n" morph="M S" sem="act-s activity HH" extra="--"/>
			<t id="s4_11" word="de" lemma="de" pos="prp" morph="--" extra="np-close"/>
			<t id="s4_12" word="voz" lemma="voz" pos="n" morph="F S" sem="f-h percep-l ac-cat" extra="--"/>
			<t id="s4_13" word="é" lemma="ser" pos="v-fin" morph="PR 3S IND VFIN" extra="cjt-head cjt-head-STA vK fmc mv"/>
			<t id="s4_14" word="péssimo" lemma="mal" pos="adj" morph="M S" extra="SUP jh"/>
			<t id="s4_15" word="," lemma="--" pos="pu" morph="--" extra="--"/>
			<t id="s4_16" word="já" lemma="já" pos="adv" morph="--" extra="--"/>
			<t id="s4_17" word="tentei" lemma="tentar" pos="v-fin" morph="PS 1S IND VFIN" extra="cjt-STA vH fmc mv"/>
			<t id="s4_18" word="de" lemma="de" pos="prp" morph="--" extra="--"/>
			<t id="s4_19" word="tudo" lemma="tudo" pos="spec" morph="M S" extra="quant"/>
			<t id="s4_20" word="e" lemma="e" pos="conj-c" morph="--" extra="--"/>
			<t id="s4_21" word="eu" lemma="eu" pos="pron-pers" morph="M/F 1S NOM" extra="--"/>
			<t id="s4_22" word="não" lemma="não" pos="adv" morph="--" extra="--"/>
			<t id="s4_23" word="consigo" lemma="conseguir" pos="v-fin" morph="PR 1S IND VFIN" extra="cjt-STA vH fmc mv"/>
			<t id="s4_24" word="usar-" lemma="usar" pos="v-inf" morph="--" extra="hyfen vH mv"/>
			<t id="s4_25" word="lo" lemma="ele" pos="pron-pers" morph="M 3S ACC" extra="--"/>
			<t id="s4_26" word="." lemma="--" pos="pu" morph="--" extra="--"/>
		</terminals>

		<nonterminals>
			<nt id="s4_500" cat="s">
				<edge label="STA" idref="s4_501"/>
			</nt>
			<nt id="s4_501" cat="par">
				<edge label="CJT" idref="s4_502"/>
				<edge label="CJT" idref="s4_503"/>
				<edge label="DN" idref="s4_504"/>
				<edge label="S" idref="s4_2"/>
				<edge label="P" idref="s4_3"/>
				<edge label="CJT" idref="s4_505"/>
				<edge label="PU" idref="s4_15"/>
				<edge label="PU" idref="s4_26"/>
			</nt>
			<nt id="s4_502" cat="fcl">
			</nt>
			<nt id="s4_503" cat="fcl">
				<edge label="S" idref="s4_1"/>
			</nt>
			<nt id="s4_504" cat="fcl">
			</nt>
			<nt id="s4_505" cat="fcl">
				<edge label="S" idref="s4_506"/>
				<edge label="S" idref="s4_5"/>
				<edge label="S" idref="s4_508"/>
				<edge label="P" idref="s4_13"/>
				<edge label="Cs" idref="s4_14"/>
				<edge label="fA" idref="s4_16"/>
				<edge label="P" idref="s4_17"/>
				<edge label="fA" idref="s4_510"/>
				<edge label="S" idref="s4_21"/>
				<edge label="fA" idref="s4_22"/>
				<edge label="P" idref="s4_23"/>
				<edge label="Od" idref="s4_511"/>
			</nt>
			<nt id="s4_506" cat="np">
				<edge label="H" idref="s4_4"/>
				<edge label="DN" idref="s4_507"/>
			</nt>
			<nt id="s4_507" cat="fcl">
				<edge label="S" idref="s4_6"/>
				<edge label="fA" idref="s4_7"/>
				<edge label="P" idref="s4_8"/>
			</nt>
			<nt id="s4_508" cat="np">
				<edge label="DN" idref="s4_9"/>
				<edge label="H" idref="s4_10"/>
				<edge label="DN" idref="s4_509"/>
			</nt>
			<nt id="s4_509" cat="pp">
				<edge label="H" idref="s4_11"/>
				<edge label="DP" idref="s4_12"/>
				<edge label="CO" idref="s4_20"/>
			</nt>
			<nt id="s4_510" cat="pp">
				<edge label="H" idref="s4_18"/>
				<edge label="DP" idref="s4_19"/>
			</nt>
			<nt id="s4_511" cat="icl">
				<edge label="P" idref="s4_24"/>
				<edge label="Od" idref="s4_25"/>
			</nt>
		</nonterminals>
	</graph>
</s>

<s id="s5" ref="5" source="Running text" forest="1" text="o meu amigo tentou passar umas fotos e a mensagens que deu é que arquivo era muito grande e o celular.">
	<graph root="s5_500">
		<terminals>
			<t id="s5_1" word="o" lemma="o" pos="art" morph="M S" extra="--"/>
			<t id="s5_2" word="meu" lemma="meu" pos="pron-poss" morph="DET M S" extra="poss 1S"/>
			<t id="s5_3" word="amigo" lemma="amigo" pos="n" morph="M S" sem="Hfam" extra="--"/>
			<t id="s5_4" word="tentou" lemma="tentar" pos="v-fin" morph="PS 3S IND VFIN" extra="cjt-head cjt-head-STA vH fmc mv"/>
			<t id="s5_5" word="passar" lemma="passar" pos="v-inf" morph="--" extra="mv"/>
			<t id="s5_6" word="umas" lemma="um" pos="pron-indef" morph="DET F P" extra="quant"/>
			<t id="s5_7" word="fotos" lemma="foto" pos="n" morph="F P" sem="pict" extra="--"/>
			<t id="s5_8" word="e" lemma="e" pos="conj-c" morph="--" extra="topkc"/>
			<t id="s5_9" word="a" lemma="a" pos="prp" morph="--" extra="--"/>
			<t id="s5_10" word="mensagens" lemma="mensagem" pos="n" morph="F P" sem="sem-s" extra="--"/>
			<t id="s5_11" word="que" lemma="que" pos="spec" morph="M S" extra="clb clb-fs rel"/>
			<t id="s5_12" word="deu" lemma="dar" pos="v-fin" morph="PS 3S IND VFIN" extra="mv np-close"/>
			<t id="s5_13" word="é_que" lemma="é_que" pos="adv" morph="--" extra="foc"/>
			<t id="s5_14" word="arquivo" lemma="arquivo" pos="n" morph="M S" sem="coll-sem inst" extra="--"/>
			<t id="s5_15" word="era" lemma="ser" pos="v-fin" morph="IMPF 3S IND VFIN" extra="cjt-STA vK fmc mv"/>
			<t id="s5_16" word="muito" lemma="muito" pos="adv" morph="--" extra="quant"/>
			<t id="s5_17" word="grande" lemma="grande" pos="adj" morph="M S" extra="cjt-head cjt-head-Cs jh"/>
			<t id="s5_18" word="e" lemma="e" pos="conj-c" morph="--" extra="--"/>
			<t id="s5_19" word="o" lemma="o" pos="art" morph="M S" extra="--"/>
			<t id="s5_20" word="celular" lemma="celular" pos="adj" morph="M S" extra="cjt-Cs n nh"/>
			<t id="s5_21" word="." lemma="--" pos="pu" morph="--" extra="--"/>
		</terminals>

		<nonterminals>
			<nt id="s5_500" cat="s">
				<edge label="STA" idref="s5_501"/>
			</nt>
			<nt id="s5_501" cat="par">
				<edge label="CJT" idref="s5_502"/>
				<edge label="FOC" idref="s5_13"/>
				<edge label="PU" idref="s5_21"/>
			</nt>
			<nt id="s5_502" cat="fcl">
				<edge label="S" idref="s5_503"/>
				<edge label="P" idref="s5_4"/>
				<edge label="Od" idref="s5_504"/>
				<edge label="CJT" idref="s5_509"/>
				<edge label="S" idref="s5_14"/>
				<edge label="P" idref="s5_15"/>
				<edge label="Cs" idref="s5_510"/>
			</nt>
			<nt id="s5_503" cat="np">
				<edge label="DN" idref="s5_1"/>
				<edge label="DN" idref="s5_2"/>
				<edge label="H" idref="s5_3"/>
			</nt>
			<nt id="s5_504" cat="icl">
				<edge label="P" idref="s5_5"/>
				<edge label="Od" idref="s5_505"/>
				<edge label="fA" idref="s5_506"/>
			</nt>
			<nt id="s5_505" cat="np">
				<edge label="DN" idref="s5_6"/>
				<edge label="H" idref="s5_7"/>
			</nt>
			<nt id="s5_506" cat="pp">
				<edge label="DP" idref="s5_507"/>
				<edge label="H" idref="s5_9"/>
			</nt>
			<nt id="s5_507" cat="np">
				<edge label="DN" idref="s5_508"/>
				<edge label="H" idref="s5_10"/>
				<edge label="CO" idref="s5_18"/>
			</nt>
			<nt id="s5_508" cat="fcl">
				<edge label="CO" idref="s5_8"/>
				<edge label="Od" idref="s5_11"/>
				<edge label="P" idref="s5_12"/>
			</nt>
			<nt id="s5_509" cat="fcl">
			</nt>
			<nt id="s5_510" cat="par">
				<edge label="CJT" idref="s5_511"/>
				<edge label="CJT" idref="s5_512"/>
			</nt>
			<nt id="s5_511" cat="adjp">
				<edge label="DA" idref="s5_16"/>
				<edge label="H" idref="s5_17"/>
			</nt>
			<nt id="s5_512" cat="np">
				<edge label="DN" idref="s5_19"/>
				<edge label="H" idref="s5_20"/>
			</nt>
		</nonterminals>
	</graph>
</s>

<s id="s6" ref="6" source="Running text" forest="1" text="de a minha maga que também é motorola aceitou..">
	<graph root="s6_500">
		<terminals>
			<t id="s6_1" word="de" lemma="de" pos="prp" morph="--" extra="sam-"/>
			<t id="s6_2" word="a" lemma="o" pos="art" morph="F S" extra="-sam "/>
			<t id="s6_3" word="minha" lemma="meu" pos="pron-poss" morph="DET F S" extra="poss 1S"/>
			<t id="s6_4" word="maga" lemma="maga" pos="n" morph="F S" sem="Hmyth" extra="--"/>
			<t id="s6_5" word="que" lemma="que" pos="spec" morph="M S" extra="clb clb-fs rel"/>
			<t id="s6_6" word="também" lemma="também" pos="adv" morph="--" extra="--"/>
			<t id="s6_7" word="é" lemma="ser" pos="v-fin" morph="PR 3S IND VFIN" extra="vK mv np-close"/>
			<t id="s6_8" word="motorola" lemma="motorola" pos="n" morph="F S" sem="Aorn" extra="DERP"/>
			<t id="s6_9" word="aceitou" lemma="aceitar" pos="v-fin" morph="PS 3S IND VFIN" extra="vH fmc mv"/>
			<t id="s6_10" word="." lemma="--" pos="pu" morph="--" extra="--"/>
			<t id="s6_11" word="." lemma="--" pos="pu" morph="--" extra="--"/>
		</terminals>

		<nonterminals>
			<nt id="s6_500" cat="s">
				<edge label="STA" idref="s6_501"/>
			</nt>
			<nt id="s6_501" cat="fcl">
				<edge label="fA" idref="s6_502"/>
				<edge label="P" idref="s6_9"/>
				<edge label="PU" idref="s6_10"/>
				<edge label="PU" idref="s6_11"/>
			</nt>
			<nt id="s6_502" cat="pp">
				<edge label="H" idref="s6_1"/>
				<edge label="DP" idref="s6_503"/>
			</nt>
			<nt id="s6_503" cat="np">
				<edge label="DN" idref="s6_2"/>
				<edge label="DN" idref="s6_3"/>
				<edge label="H" idref="s6_4"/>
				<edge label="DN" idref="s6_504"/>
			</nt>
			<nt id="s6_504" cat="fcl">
				<edge label="S" idref="s6_5"/>
				<edge label="fA" idref="s6_6"/>
				<edge label="P" idref="s6_7"/>
				<edge label="Cs" idref="s6_8"/>
			</nt>
		</nonterminals>
	</graph>
</s>

	</body>
</corpus>
