<?xml version="1.0" encoding="UTF-8"?>
<corpus>

	<body>
<s id="s1" ref="1" source="Running text" forest="1" text="em a verdade quero concorrer a promoção bom bom bom o que gostei parece bom o que não gostei não tenho.">
	<graph root="s1_500">
		<terminals>
			<t id="s1_1" word="em" lemma="em" pos="prp" morph="--" extra="sam-"/>
			<t id="s1_2" word="a" lemma="o" pos="art" morph="F S" extra="-sam "/>
			<t id="s1_3" word="verdade" lemma="verdade" pos="n" morph="F S" sem="percep-f ac" extra="--"/>
			<t id="s1_4" word="quero" lemma="querer" pos="v-fin" morph="PR 1S IND VFIN" extra="nosubj nosubj nosubj nosubj nosubj nosubj cjt-head cjt-head-STA vH fmc mv"/>
			<t id="s1_5" word="concorrer" lemma="concorrer" pos="v-inf" morph="--" extra="vH mv"/>
			<t id="s1_6" word="a" lemma="o" pos="art" morph="F S" extra="--"/>
			<t id="s1_7" word="promoção" lemma="promoção" pos="n" morph="F S" sem="act" extra="cjt-head cjt-head-S"/>
			<t id="s1_8" word="bom" lemma="bom" pos="adj" morph="M S" extra="--"/>
			<t id="s1_9" word="bom" lemma="bom" pos="adj" morph="M S" extra="--"/>
			<t id="s1_10" word="bom" lemma="bom" pos="adj" morph="M S" extra="np-close"/>
			<t id="s1_11" word="o" lemma="o" pos="pron-dem" morph="DET M S" extra="cjt-S dem"/>
			<t id="s1_12" word="que" lemma="que" pos="spec" morph="M S" extra="clb clb-fs rel"/>
			<t id="s1_13" word="gostei" lemma="gostar" pos="v-fin" morph="PS 1S IND VFIN" extra="vH mv np-close"/>
			<t id="s1_14" word="parece" lemma="parecer" pos="v-fin" morph="PR 3S IND VFIN" extra="nosubj nosubj cjt-STA vK fmc mv"/>
			<t id="s1_15" word="bom" lemma="bom" pos="adj" morph="M S" extra="jh"/>
			<t id="s1_16" word="o_que" lemma="o_que" pos="spec" morph="M S" extra="clb rel"/>
			<t id="s1_17" word="não" lemma="não" pos="adv" morph="--" extra="--"/>
			<t id="s1_18" word="gostei" lemma="gostar" pos="v-fin" morph="PS 1S IND VFIN" extra="nosubj nosubj cjt-STA vH mv"/>
			<t id="s1_19" word="não" lemma="não" pos="adv" morph="--" extra="--"/>
			<t id="s1_20" word="tenho" lemma="ter" pos="v-fin" morph="PR 1S IND VFIN" extra="nosubj nosubj cjt-STA fmc mv"/>
			<t id="s1_21" word="." lemma="--" pos="pu" morph="--" extra="--"/>
		</terminals>

		<nonterminals>
			<nt id="s1_500" cat="s">
				<edge label="STA" idref="s1_501"/>
			</nt>
			<nt id="s1_501" cat="par">
				<edge label="CJT" idref="s1_502"/>
				<edge label="CJT" idref="s1_508"/>
				<edge label="CJT" idref="s1_511"/>
				<edge label="CJT" idref="s1_20"/>
				<edge label="PU" idref="s1_21"/>
			</nt>
			<nt id="s1_502" cat="fcl">
				<edge label="fA" idref="s1_503"/>
				<edge label="P" idref="s1_4"/>
				<edge label="Od" idref="s1_505"/>
			</nt>
			<nt id="s1_503" cat="pp">
				<edge label="H" idref="s1_1"/>
				<edge label="DP" idref="s1_504"/>
			</nt>
			<nt id="s1_504" cat="np">
				<edge label="DN" idref="s1_2"/>
				<edge label="H" idref="s1_3"/>
			</nt>
			<nt id="s1_505" cat="fcl">
				<edge label="P" idref="s1_5"/>
				<edge label="S" idref="s1_506"/>
			</nt>
			<nt id="s1_506" cat="par">
				<edge label="CJT" idref="s1_507"/>
				<edge label="CJT" idref="s1_11"/>
			</nt>
			<nt id="s1_507" cat="np">
				<edge label="DN" idref="s1_6"/>
				<edge label="H" idref="s1_7"/>
				<edge label="DN" idref="s1_10"/>
				<edge label="DN" idref="s1_510"/>
			</nt>
			<nt id="s1_508" cat="x">
				<edge label="X" idref="s1_509"/>
			</nt>
			<nt id="s1_509" cat="np">
				<edge label="DN" idref="s1_8"/>
				<edge label="DN" idref="s1_9"/>
				<edge label="H" idref="s1_16"/>
			</nt>
			<nt id="s1_510" cat="fcl">
				<edge label="S" idref="s1_12"/>
				<edge label="P" idref="s1_13"/>
			</nt>
			<nt id="s1_511" cat="x">
				<edge label="P" idref="s1_14"/>
				<edge label="Cs" idref="s1_15"/>
				<edge label="fA" idref="s1_17"/>
				<edge label="P" idref="s1_18"/>
				<edge label="fA" idref="s1_19"/>
			</nt>
		</nonterminals>
	</graph>
</s>

	</body>
</corpus>
