<?xml version="1.0" encoding="UTF-8"?>
<corpus>

	<body>
<s id="s1" ref="1" source="Running text" forest="1" text="celular pequeno, leve e robusto, mas a vivo não funciona aparelho dual band o que gostei pequeno, leve, robusto o que não gostei não funciona em number 0mh z vivo.">
	<graph root="s1_500">
		<terminals>
			<t id="s1_1" word="celular" lemma="celular" pos="adj" morph="M S" extra="nh"/>
			<t id="s1_2" word="pequeno" lemma="pequeno" pos="n" morph="M S" sem="H" extra="--"/>
			<t id="s1_3" word="," lemma="--" pos="pu" morph="--" extra="--"/>
			<t id="s1_4" word="leve" lemma="leve" pos="adj" morph="M/F S" extra="jh"/>
			<t id="s1_5" word="e" lemma="e" pos="conj-c" morph="--" extra="topkc"/>
			<t id="s1_6" word="robusto" lemma="robusto" pos="adj" morph="M S" extra="jh"/>
			<t id="s1_7" word="," lemma="--" pos="pu" morph="--" extra="--"/>
			<t id="s1_8" word="mas" lemma="mas" pos="conj-c" morph="--" extra="topkc"/>
			<t id="s1_9" word="a" lemma="a" pos="prp" morph="--" extra="--"/>
			<t id="s1_10" word="vivo" lemma="vivo" pos="adj" morph="M S" extra="jh"/>
			<t id="s1_11" word="não" lemma="não" pos="adv" morph="--" extra="--"/>
			<t id="s1_12" word="funciona" lemma="funcionar" pos="v-fin" morph="PR 3S IND VFIN" extra="cjt-head cjt-head-STA fmc mv"/>
			<t id="s1_13" word="aparelho" lemma="aparelho" pos="n" morph="M S" sem="tool" extra="--"/>
			<t id="s1_14" word="dual" lemma="dual" pos="adj" morph="M S" extra="nh np-close"/>
			<t id="s1_15" word="band" lemma="band" pos="n" morph="M S" sem="HH" extra="--"/>
			<t id="s1_16" word="o_que" lemma="o_que" pos="spec" morph="M S" extra="clb clb-fs rel"/>
			<t id="s1_17" word="gostei" lemma="gostar" pos="v-fin" morph="PS 1S IND VFIN" extra="vH mv np-close"/>
			<t id="s1_18" word="pequeno" lemma="pequeno" pos="n" morph="M S" sem="H" extra="cjt-head cjt-head-S"/>
			<t id="s1_19" word="," lemma="--" pos="pu" morph="--" extra="--"/>
			<t id="s1_20" word="leve" lemma="leve" pos="adj" morph="M S" extra="jh np-close"/>
			<t id="s1_21" word="," lemma="--" pos="pu" morph="--" extra="--"/>
			<t id="s1_22" word="robusto" lemma="robusto" pos="adj" morph="M S" extra="cjt-S jh"/>
			<t id="s1_23" word="o" lemma="o" pos="pron-dem" morph="DET M S" extra="dem"/>
			<t id="s1_24" word="que" lemma="que" pos="spec" morph="M S" extra="clb clb-fs rel"/>
			<t id="s1_25" word="não" lemma="não" pos="adv" morph="--" extra="--"/>
			<t id="s1_26" word="gostei" lemma="gostar" pos="v-fin" morph="PS 1S IND VFIN" extra="vH mv np-close"/>
			<t id="s1_27" word="não" lemma="não" pos="adv" morph="--" extra="--"/>
			<t id="s1_28" word="funciona" lemma="funcionar" pos="v-fin" morph="PR 3S IND VFIN" extra="cjt-STA fmc mv"/>
			<t id="s1_29" word="em" lemma="em" pos="prp" morph="--" extra="--"/>
			<t id="s1_30" word="number" lemma="number" pos="n" morph="M S" extra="heur"/>
			<t id="s1_31" word="0mh" lemma="0mh" pos="num" morph="M P" extra="card"/>
			<t id="s1_32" word="z" lemma="z" pos="n" morph="M P" sem="ac-sign" extra="--"/>
			<t id="s1_33" word="vivo" lemma="vivo" pos="adj" morph="M S" extra="np-close"/>
			<t id="s1_34" word="." lemma="--" pos="pu" morph="--" extra="--"/>
		</terminals>

		<nonterminals>
			<nt id="s1_500" cat="s">
				<edge label="STA" idref="s1_501"/>
			</nt>
			<nt id="s1_501" cat="par">
				<edge label="CJT" idref="s1_502"/>
				<edge label="CO" idref="s1_5"/>
				<edge label="PU" idref="s1_7"/>
				<edge label="CO" idref="s1_8"/>
				<edge label="CJT" idref="s1_508"/>
				<edge label="PU" idref="s1_34"/>
			</nt>
			<nt id="s1_502" cat="fcl">
				<edge label="fCs" idref="s1_503"/>
				<edge label="PU" idref="s1_3"/>
				<edge label="fCs" idref="s1_4"/>
				<edge label="fCs" idref="s1_6"/>
				<edge label="fA" idref="s1_504"/>
				<edge label="fA" idref="s1_11"/>
				<edge label="P" idref="s1_12"/>
				<edge label="S" idref="s1_505"/>
				<edge label="fCs" idref="s1_506"/>
			</nt>
			<nt id="s1_503" cat="np">
				<edge label="DN" idref="s1_1"/>
				<edge label="H" idref="s1_2"/>
			</nt>
			<nt id="s1_504" cat="pp">
				<edge label="H" idref="s1_9"/>
				<edge label="DP" idref="s1_10"/>
			</nt>
			<nt id="s1_505" cat="np">
				<edge label="H" idref="s1_13"/>
				<edge label="DN" idref="s1_14"/>
			</nt>
			<nt id="s1_506" cat="np">
				<edge label="H" idref="s1_15"/>
				<edge label="DN" idref="s1_507"/>
			</nt>
			<nt id="s1_507" cat="fcl">
				<edge label="Od" idref="s1_16"/>
				<edge label="P" idref="s1_17"/>
			</nt>
			<nt id="s1_508" cat="fcl">
				<edge label="S" idref="s1_509"/>
				<edge label="S" idref="s1_23"/>
				<edge label="P" idref="s1_28"/>
				<edge label="fA" idref="s1_512"/>
				<edge label="fCs" idref="s1_513"/>
			</nt>
			<nt id="s1_509" cat="par">
				<edge label="CJT" idref="s1_510"/>
				<edge label="PU" idref="s1_21"/>
				<edge label="CJT" idref="s1_22"/>
			</nt>
			<nt id="s1_510" cat="np">
				<edge label="H" idref="s1_18"/>
				<edge label="PU" idref="s1_19"/>
				<edge label="DNc" idref="s1_20"/>
				<edge label="DN" idref="s1_511"/>
			</nt>
			<nt id="s1_511" cat="fcl">
				<edge label="S" idref="s1_24"/>
				<edge label="fA" idref="s1_25"/>
				<edge label="P" idref="s1_26"/>
				<edge label="fA" idref="s1_27"/>
			</nt>
			<nt id="s1_512" cat="pp">
				<edge label="H" idref="s1_29"/>
				<edge label="DP" idref="s1_30"/>
			</nt>
			<nt id="s1_513" cat="np">
				<edge label="DN" idref="s1_31"/>
				<edge label="H" idref="s1_32"/>
				<edge label="DN" idref="s1_33"/>
			</nt>
		</nonterminals>
	</graph>
</s>

	</body>
</corpus>
