<?xml version="1.0" encoding="UTF-8"?>
<corpus>

	<body>
<s id="s1" ref="1" source="Running text" forest="1" text="compre qualquer outro celular, menos esse, foi a maior burrada que eu já fiz o que gostei design maravilhoso e o teclado qwerty é uma mão na roda o que não gostei todo o resto.">
	<graph root="s1_500">
		<terminals>
			<t id="s1_1" word="compre" lemma="comprar" pos="v-fin" morph="PR 1/3S SUBJ VFIN" extra="nosubj nosubj cjt-head cjt-head-STA vH fmc mv"/>
			<t id="s1_2" word="qualquer" lemma="qualquer" pos="pron-indef" morph="DET M S" extra="quant"/>
			<t id="s1_3" word="outro" lemma="outro" pos="pron-indef" morph="DET M S" extra="diff KOMP"/>
			<t id="s1_4" word="celular" lemma="celular" pos="adj" morph="M S" extra="cjt-head cjt-head-Od n nh"/>
			<t id="s1_5" word="," lemma="--" pos="pu" morph="--" extra="--"/>
			<t id="s1_6" word="menos" lemma="pouco" pos="pron-indef" morph="DET M S/P" extra="quant KOMP"/>
			<t id="s1_7" word="esse" lemma="esse" pos="pron-dem" morph="DET M S" extra="cjt-Od dem"/>
			<t id="s1_8" word="," lemma="--" pos="pu" morph="--" extra="--"/>
			<t id="s1_9" word="foi" lemma="ser" pos="v-fin" morph="PS 3S IND VFIN" extra="nosubj nosubj cjt-STA vK fmc mv"/>
			<t id="s1_10" word="a" lemma="o" pos="art" morph="F S" extra="--"/>
			<t id="s1_11" word="maior" lemma="grande" pos="adj" morph="F S" extra="KOMP"/>
			<t id="s1_12" word="burrada" lemma="burrada" pos="n" morph="F S" sem="am AAdom" extra="--"/>
			<t id="s1_13" word="que" lemma="que" pos="spec" morph="M S" extra="clb clb-fs rel"/>
			<t id="s1_14" word="eu" lemma="eu" pos="pron-pers" morph="M/F 1S NOM" extra="--"/>
			<t id="s1_15" word="já" lemma="já" pos="adv" morph="--" extra="--"/>
			<t id="s1_16" word="fiz" lemma="fazer" pos="v-fin" morph="PS 1S IND VFIN" extra="mv np-close"/>
			<t id="s1_17" word="o" lemma="o" pos="pron-dem" morph="DET M S" extra="dem"/>
			<t id="s1_18" word="que" lemma="que" pos="spec" morph="M S" extra="clb clb-fs rel"/>
			<t id="s1_19" word="gostei" lemma="gostar" pos="v-fin" morph="PS 1S IND VFIN" extra="vH mv np-close"/>
			<t id="s1_20" word="design" lemma="design" pos="n" morph="M S" sem="percep-f domain" extra="--"/>
			<t id="s1_21" word="maravilhoso" lemma="maravilhoso" pos="adj" morph="M S" extra="jh np-close"/>
			<t id="s1_22" word="e" lemma="e" pos="conj-c" morph="--" extra="topkc"/>
			<t id="s1_23" word="o" lemma="o" pos="art" morph="M S" extra="--"/>
			<t id="s1_24" word="teclado" lemma="teclar" pos="v-pcp" morph="M S" extra="vH"/>
			<t id="s1_25" word="qwerty" lemma="qwerty" pos="n" morph="M S" extra="foreign heur"/>
			<t id="s1_26" word="é" lemma="ser" pos="v-fin" morph="PR 3S IND VFIN" extra="cjt-STA vK fmc mv"/>
			<t id="s1_27" word="uma" lemma="um" pos="art" morph="F S" extra="--"/>
			<t id="s1_28" word="mão_na_roda" lemma="mão_na_roda" pos="n" morph="F S" sem="H" extra="--"/>
			<t id="s1_29" word="o_que" lemma="o_que" pos="spec" morph="M S" extra="clb clb-fs rel"/>
			<t id="s1_30" word="não" lemma="não" pos="adv" morph="--" extra="--"/>
			<t id="s1_31" word="gostei" lemma="gostar" pos="v-fin" morph="PS 1S IND VFIN" extra="vH mv np-close"/>
			<t id="s1_32" word="todo_o" lemma="todo_o" pos="pron-indef" morph="DET M S" extra="quant"/>
			<t id="s1_33" word="resto" lemma="resto" pos="n" morph="M S" sem="amount" extra="--"/>
			<t id="s1_34" word="." lemma="--" pos="pu" morph="--" extra="--"/>
		</terminals>

		<nonterminals>
			<nt id="s1_500" cat="s">
				<edge label="STA" idref="s1_501"/>
			</nt>
			<nt id="s1_501" cat="par">
				<edge label="CJT" idref="s1_502"/>
				<edge label="CJT" idref="s1_503"/>
				<edge label="CJT" idref="s1_508"/>
				<edge label="CO" idref="s1_22"/>
				<edge label="PU" idref="s1_34"/>
			</nt>
			<nt id="s1_502" cat="fcl">
				<edge label="P" idref="s1_1"/>
			</nt>
			<nt id="s1_503" cat="x">
				<edge label="Cs" idref="s1_504"/>
				<edge label="Od" idref="s1_505"/>
				<edge label="PU" idref="s1_5"/>
				<edge label="PU" idref="s1_8"/>
				<edge label="P" idref="s1_9"/>
			</nt>
			<nt id="s1_504" cat="np">
				<edge label="DN" idref="s1_2"/>
				<edge label="DN" idref="s1_3"/>
				<edge label="DN" idref="s1_6"/>
				<edge label="CJT" idref="s1_7"/>
				<edge label="DN" idref="s1_10"/>
				<edge label="DN" idref="s1_11"/>
				<edge label="H" idref="s1_12"/>
				<edge label="DN" idref="s1_506"/>
			</nt>
			<nt id="s1_505" cat="par">
				<edge label="CJT" idref="s1_4"/>
			</nt>
			<nt id="s1_506" cat="fcl">
				<edge label="Od" idref="s1_13"/>
				<edge label="S" idref="s1_507"/>
				<edge label="fA" idref="s1_15"/>
				<edge label="P" idref="s1_16"/>
			</nt>
			<nt id="s1_507" cat="np">
				<edge label="H" idref="s1_14"/>
				<edge label="DN" idref="s1_509"/>
			</nt>
			<nt id="s1_508" cat="fcl">
				<edge label="S" idref="s1_17"/>
				<edge label="S" idref="s1_510"/>
				<edge label="S" idref="s1_511"/>
				<edge label="P" idref="s1_26"/>
				<edge label="Cs" idref="s1_512"/>
			</nt>
			<nt id="s1_509" cat="fcl">
				<edge label="S" idref="s1_18"/>
				<edge label="P" idref="s1_19"/>
			</nt>
			<nt id="s1_510" cat="np">
				<edge label="H" idref="s1_20"/>
				<edge label="DN" idref="s1_21"/>
			</nt>
			<nt id="s1_511" cat="np">
				<edge label="DN" idref="s1_23"/>
				<edge label="DN" idref="s1_24"/>
				<edge label="H" idref="s1_25"/>
			</nt>
			<nt id="s1_512" cat="np">
				<edge label="DN" idref="s1_27"/>
				<edge label="H" idref="s1_28"/>
				<edge label="DN" idref="s1_513"/>
				<edge label="fCs" idref="s1_514"/>
			</nt>
			<nt id="s1_513" cat="fcl">
				<edge label="Od" idref="s1_29"/>
				<edge label="fA" idref="s1_30"/>
				<edge label="P" idref="s1_31"/>
			</nt>
			<nt id="s1_514" cat="np">
				<edge label="DN" idref="s1_32"/>
				<edge label="H" idref="s1_33"/>
			</nt>
		</nonterminals>
	</graph>
</s>

<s id="s2" ref="2" source="Running text" forest="1" text="lerdo, trava, cria vida e aperta botões sozinho e agora, depois de mês que acabou a garantia, resolveu dar pau na tela e não funcionar mais.">
	<graph root="s2_500">
		<terminals>
			<t id="s2_1" word="lerdo" lemma="lerdo" pos="adj" morph="M S" extra="jh"/>
			<t id="s2_2" word="," lemma="--" pos="pu" morph="--" extra="--"/>
			<t id="s2_3" word="trava" lemma="travar" pos="v-fin" morph="PR 3S IND VFIN" extra="nosubj nosubj nosubj nosubj nosubj nosubj cjt-head cjt-head-STA fmc mv"/>
			<t id="s2_4" word="," lemma="--" pos="pu" morph="--" extra="--"/>
			<t id="s2_5" word="cria" lemma="criar" pos="v-fin" morph="PR 3S IND VFIN" extra="nosubj nosubj cjt-STA fmc mv"/>
			<t id="s2_6" word="vida" lemma="vida" pos="n" morph="F S" sem="per" extra="--"/>
			<t id="s2_7" word="e" lemma="e" pos="conj-c" morph="--" extra="topkc"/>
			<t id="s2_8" word="aperta" lemma="apertar" pos="v-fin" morph="PR 3S IND VFIN" extra="nosubj nosubj cjt-STA fmc mv"/>
			<t id="s2_9" word="botões" lemma="botão" pos="n" morph="M P" sem="anbo cc-handle" extra="cjt-head cjt-head-Od"/>
			<t id="s2_10" word="sozinho" lemma="sozinho" pos="adj" morph="M S" extra="--"/>
			<t id="s2_11" word="e" lemma="e" pos="conj-c" morph="--" extra="topkc"/>
			<t id="s2_12" word="agora" lemma="agora" pos="adv" morph="--" extra="kc"/>
			<t id="s2_13" word="," lemma="--" pos="pu" morph="--" extra="--"/>
			<t id="s2_14" word="depois" lemma="depois" pos="adv" morph="--" extra="--"/>
			<t id="s2_15" word="de" lemma="de" pos="prp" morph="--" extra="--"/>
			<t id="s2_16" word="mês" lemma="mê" pos="n" morph="M P" extra="newlex"/>
			<t id="s2_17" word="que" lemma="que" pos="spec" morph="M S" extra="clb clb-fs rel"/>
			<t id="s2_18" word="acabou" lemma="acabar" pos="v-fin" morph="PS 3S IND VFIN" extra="mv np-close"/>
			<t id="s2_19" word="a" lemma="o" pos="art" morph="F S" extra="--"/>
			<t id="s2_20" word="garantia" lemma="garantia" pos="n" morph="F S" sem="act-s act-d" extra="--"/>
			<t id="s2_21" word="," lemma="--" pos="pu" morph="--" extra="--"/>
			<t id="s2_22" word="resolveu" lemma="resolver" pos="v-fin" morph="PS 3S IND VFIN" extra="nosubj nosubj cjt-STA vH fmc mv"/>
			<t id="s2_23" word="dar" lemma="dar" pos="v-inf" morph="--" extra="mv"/>
			<t id="s2_24" word="pau" lemma="pau" pos="n" morph="M S" sem="cc-stick ac-sign anzo" extra="cjt-Od"/>
			<t id="s2_25" word="em" lemma="em" pos="prp" morph="--" extra="sam-"/>
			<t id="s2_26" word="a" lemma="o" pos="art" morph="F S" extra="-sam "/>
			<t id="s2_27" word="tela" lemma="tela" pos="n" morph="F S" sem="cc-h pict mat-cloth" extra="--"/>
			<t id="s2_28" word="e" lemma="e" pos="conj-c" morph="--" extra="--"/>
			<t id="s2_29" word="não" lemma="não" pos="adv" morph="--" extra="--"/>
			<t id="s2_30" word="funcionar" lemma="funcionar" pos="v-inf" morph="--" extra="mv"/>
			<t id="s2_31" word="mais" lemma="mais" pos="adv" morph="--" extra="--"/>
			<t id="s2_32" word="." lemma="--" pos="pu" morph="--" extra="--"/>
		</terminals>

		<nonterminals>
			<nt id="s2_500" cat="s">
				<edge label="STA" idref="s2_501"/>
			</nt>
			<nt id="s2_501" cat="par">
				<edge label="CJT" idref="s2_502"/>
				<edge label="PU" idref="s2_4"/>
				<edge label="CJT" idref="s2_503"/>
				<edge label="CO" idref="s2_7"/>
				<edge label="CJT" idref="s2_504"/>
				<edge label="PU" idref="s2_21"/>
				<edge label="CJT" idref="s2_511"/>
				<edge label="PU" idref="s2_32"/>
			</nt>
			<nt id="s2_502" cat="fcl">
				<edge label="fCs" idref="s2_1"/>
				<edge label="PU" idref="s2_2"/>
				<edge label="P" idref="s2_3"/>
			</nt>
			<nt id="s2_503" cat="x">
				<edge label="P" idref="s2_5"/>
				<edge label="Od" idref="s2_6"/>
			</nt>
			<nt id="s2_504" cat="x">
				<edge label="P" idref="s2_8"/>
				<edge label="Od" idref="s2_505"/>
				<edge label="fCs" idref="s2_10"/>
				<edge label="fA" idref="s2_506"/>
				<edge label="fA" idref="s2_12"/>
			</nt>
			<nt id="s2_505" cat="par">
				<edge label="CJT" idref="s2_9"/>
			</nt>
			<nt id="s2_506" cat="advp">
				<edge label="DA" idref="s2_507"/>
				<edge label="PU" idref="s2_13"/>
				<edge label="H" idref="s2_14"/>
			</nt>
			<nt id="s2_507" cat="pp">
				<edge label="DP" idref="s2_508"/>
				<edge label="H" idref="s2_15"/>
			</nt>
			<nt id="s2_508" cat="np">
				<edge label="DN" idref="s2_509"/>
				<edge label="H" idref="s2_16"/>
			</nt>
			<nt id="s2_509" cat="fcl">
				<edge label="CO" idref="s2_11"/>
				<edge label="Od" idref="s2_17"/>
				<edge label="P" idref="s2_18"/>
				<edge label="S" idref="s2_510"/>
			</nt>
			<nt id="s2_510" cat="np">
				<edge label="DN" idref="s2_19"/>
				<edge label="H" idref="s2_20"/>
			</nt>
			<nt id="s2_511" cat="x">
				<edge label="P" idref="s2_22"/>
				<edge label="Od" idref="s2_512"/>
			</nt>
			<nt id="s2_512" cat="icl">
				<edge label="P" idref="s2_23"/>
				<edge label="CJT" idref="s2_24"/>
				<edge label="fA" idref="s2_513"/>
				<edge label="Od" idref="s2_515"/>
			</nt>
			<nt id="s2_513" cat="pp">
				<edge label="H" idref="s2_25"/>
				<edge label="DP" idref="s2_514"/>
			</nt>
			<nt id="s2_514" cat="np">
				<edge label="DN" idref="s2_26"/>
				<edge label="H" idref="s2_27"/>
				<edge label="CO" idref="s2_28"/>
			</nt>
			<nt id="s2_515" cat="icl">
				<edge label="fA" idref="s2_29"/>
				<edge label="P" idref="s2_30"/>
				<edge label="fA" idref="s2_31"/>
			</nt>
		</nonterminals>
	</graph>
</s>

	</body>
</corpus>
