<?xml version="1.0" encoding="UTF-8"?>
<corpus>

	<body>
<s id="s1" ref="1" source="Running text" forest="1" text="eu quero e sei que vou ganhar meu amo o que gostei não possui nada so celular da nokia de dedo o que não gostei quero de verdade não de camelo.">
	<graph root="s1_500">
		<terminals>
			<t id="s1_1" word="eu" lemma="eu" pos="pron-pers" morph="M/F 1S NOM" extra="--"/>
			<t id="s1_2" word="quero" lemma="querer" pos="v-fin" morph="PR 1S IND VFIN" extra="nosubj nosubj nosubj nosubj nosubj nosubj cjt-head cjt-head-STA vH fmc mv"/>
			<t id="s1_3" word="e" lemma="e" pos="conj-c" morph="--" extra="co-fin"/>
			<t id="s1_4" word="sei" lemma="saber" pos="v-fin" morph="PR 1S IND VFIN" extra="nosubj cjt-STA nosubj cjt-STA fmc mv"/>
			<t id="s1_5" word="que" lemma="que" pos="conj-s" morph="--" extra="clb clb-fs"/>
			<t id="s1_6" word="vou" lemma="ir" pos="v-fin" morph="PR 1S IND VFIN" extra="aux"/>
			<t id="s1_7" word="ganhar" lemma="ganhar" pos="v-inf" morph="--" extra="vH mv"/>
			<t id="s1_8" word="meu" lemma="meu" pos="pron-poss" morph="DET M S" extra="poss 1S"/>
			<t id="s1_9" word="amo" lemma="amar" pos="v-fin" morph="PR 1S IND VFIN" extra="cjt-STA vH fmc mv"/>
			<t id="s1_10" word="o" lemma="o" pos="pron-dem" morph="DET M S" extra="dem"/>
			<t id="s1_11" word="que" lemma="que" pos="spec" morph="M S" extra="clb clb-fs rel"/>
			<t id="s1_12" word="gostei" lemma="gostar" pos="v-fin" morph="PS 1S IND VFIN" extra="vH mv np-close"/>
			<t id="s1_13" word="não" lemma="não" pos="adv" morph="--" extra="--"/>
			<t id="s1_14" word="possui" lemma="possuir" pos="v-fin" morph="PR 3S IND VFIN" extra="nosubj nosubj cjt-STA vH fmc mv"/>
			<t id="s1_15" word="nada" lemma="nada" pos="adv" morph="--" extra="quant det"/>
			<t id="s1_16" word="so" lemma="só" pos="adv" morph="--" extra="--"/>
			<t id="s1_17" word="celular" lemma="celular" pos="adj" morph="M/F S" extra="nh np-close"/>
			<t id="s1_18" word="de" lemma="de" pos="prp" morph="--" extra="sam- np-close"/>
			<t id="s1_19" word="a" lemma="o" pos="art" morph="F S" extra="-sam "/>
			<t id="s1_20" word="nokia" lemma="nokia" pos="n" morph="F S" extra="heur foreign"/>
			<t id="s1_21" word="de" lemma="de" pos="prp" morph="--" extra="np-close"/>
			<t id="s1_22" word="dedo" lemma="dedo" pos="n" morph="M S" sem="anmov" extra="--"/>
			<t id="s1_23" word="o_que" lemma="o_que" pos="spec" morph="M S" extra="clb clb-fs rel"/>
			<t id="s1_24" word="não" lemma="não" pos="adv" morph="--" extra="--"/>
			<t id="s1_25" word="gostei" lemma="gostar" pos="v-fin" morph="PS 1S IND VFIN" extra="vH mv np-close"/>
			<t id="s1_26" word="quero" lemma="querer" pos="v-fin" morph="PR 1S IND VFIN" extra="nosubj nosubj cjt-STA vH fmc mv"/>
			<t id="s1_27" word="de" lemma="de" pos="prp" morph="--" extra="--"/>
			<t id="s1_28" word="verdade" lemma="verdade" pos="n" morph="F S" sem="percep-f ac" extra="--"/>
			<t id="s1_29" word="não" lemma="não" pos="adv" morph="--" extra="--"/>
			<t id="s1_30" word="de" lemma="de" pos="prp" morph="--" extra="np-close"/>
			<t id="s1_31" word="camelo" lemma="camelo" pos="n" morph="M S" sem="Azo" extra="--"/>
			<t id="s1_32" word="." lemma="--" pos="pu" morph="--" extra="--"/>
		</terminals>

		<nonterminals>
			<nt id="s1_500" cat="s">
				<edge label="STA" idref="s1_501"/>
			</nt>
			<nt id="s1_501" cat="par">
				<edge label="CJT" idref="s1_502"/>
				<edge label="CO" idref="s1_3"/>
				<edge label="CJT" idref="s1_504"/>
				<edge label="CJT" idref="s1_507"/>
				<edge label="CJT" idref="s1_14"/>
				<edge label="CJT" idref="s1_517"/>
				<edge label="PU" idref="s1_32"/>
			</nt>
			<nt id="s1_502" cat="fcl">
				<edge label="S" idref="s1_503"/>
				<edge label="P" idref="s1_2"/>
			</nt>
			<nt id="s1_503" cat="np">
				<edge label="H" idref="s1_1"/>
				<secedge label="*" idref="s1_509"/>
				<secedge label="*" idref="s1_510"/>
				<secedge label="*" idref="s1_512"/>
			</nt>
			<nt id="s1_504" cat="x">
				<edge label="P" idref="s1_4"/>
				<edge label="Od" idref="s1_505"/>
			</nt>
			<nt id="s1_505" cat="fcl">
				<edge label="SUB" idref="s1_5"/>
				<edge label="P" idref="s1_506"/>
			</nt>
			<nt id="s1_506" cat="vp">
				<edge label="Vaux" idref="s1_6"/>
				<edge label="Vm" idref="s1_7"/>
			</nt>
			<nt id="s1_507" cat="fcl">
				<edge label="S" idref="s1_8"/>
				<edge label="P" idref="s1_9"/>
				<edge label="Od" idref="s1_10"/>
				<edge label="S" idref="s1_508"/>
			</nt>
			<nt id="s1_508" cat="np">
				<edge label="DN" idref="s1_509"/>
				<edge label="DN" idref="s1_510"/>
				<edge label="DN" idref="s1_512"/>
			</nt>
			<nt id="s1_509" cat="fcl">
				<edge label="S" idref="s1_11"/>
				<edge label="P" idref="s1_12"/>
				<edge label="fA" idref="s1_13"/>
			</nt>
			<nt id="s1_510" cat="adjp">
				<edge label="DA" idref="s1_511"/>
				<edge label="H" idref="s1_17"/>
			</nt>
			<nt id="s1_511" cat="advp">
				<edge label="DA" idref="s1_15"/>
				<edge label="H" idref="s1_16"/>
			</nt>
			<nt id="s1_512" cat="pp">
				<edge label="H" idref="s1_18"/>
				<edge label="DP" idref="s1_513"/>
			</nt>
			<nt id="s1_513" cat="np">
				<edge label="DN" idref="s1_19"/>
				<edge label="H" idref="s1_20"/>
				<edge label="DN" idref="s1_514"/>
			</nt>
			<nt id="s1_514" cat="pp">
				<edge label="H" idref="s1_21"/>
				<edge label="DP" idref="s1_515"/>
			</nt>
			<nt id="s1_515" cat="np">
				<edge label="H" idref="s1_22"/>
				<edge label="DN" idref="s1_516"/>
			</nt>
			<nt id="s1_516" cat="fcl">
				<edge label="Od" idref="s1_23"/>
				<edge label="fA" idref="s1_24"/>
				<edge label="P" idref="s1_25"/>
			</nt>
			<nt id="s1_517" cat="x">
				<edge label="P" idref="s1_26"/>
				<edge label="fA" idref="s1_518"/>
			</nt>
			<nt id="s1_518" cat="pp">
				<edge label="H" idref="s1_27"/>
				<edge label="DP" idref="s1_519"/>
			</nt>
			<nt id="s1_519" cat="np">
				<edge label="H" idref="s1_28"/>
				<edge label="DN" idref="s1_520"/>
			</nt>
			<nt id="s1_520" cat="pp">
				<edge label="DPmod" idref="s1_29"/>
				<edge label="H" idref="s1_30"/>
				<edge label="DP" idref="s1_31"/>
			</nt>
		</nonterminals>
	</graph>
</s>

	</body>
</corpus>
