<?xml version="1.0" encoding="UTF-8"?>
<corpus>

	<body>
<s id="s1" ref="1" source="Running text" forest="1" text="é grosso e a tela é pequena demais para ser um android o que gostei tem android o que não gostei é muito grosso.">
	<graph root="s1_500">
		<terminals>
			<t id="s1_1" word="é" lemma="ser" pos="v-fin" morph="PR 3S IND VFIN" extra="nosubj nosubj nosubj nosubj cjt-head cjt-head-STA vK fmc mv"/>
			<t id="s1_2" word="grosso" lemma="grosso" pos="adj" morph="M S" extra="jh"/>
			<t id="s1_3" word="e" lemma="e" pos="conj-c" morph="--" extra="topkc"/>
			<t id="s1_4" word="a" lemma="o" pos="art" morph="F S" extra="--"/>
			<t id="s1_5" word="tela" lemma="tela" pos="n" morph="F S" sem="cc-h pict mat-cloth" extra="--"/>
			<t id="s1_6" word="é" lemma="ser" pos="v-fin" morph="PR 3S IND VFIN" extra="cjt-STA vK fmc mv"/>
			<t id="s1_7" word="pequena" lemma="pequeno" pos="adj" morph="F S" extra="--"/>
			<t id="s1_8" word="demais" lemma="demais" pos="adv" morph="--" extra="quant"/>
			<t id="s1_9" word="para" lemma="para" pos="prp" morph="--" extra="--"/>
			<t id="s1_10" word="ser" lemma="ser" pos="v-inf" morph="--" extra="vK mv"/>
			<t id="s1_11" word="um" lemma="um" pos="art" morph="M S" extra="--"/>
			<t id="s1_12" word="android" lemma="android" pos="n" morph="M S" extra="foreign heur"/>
			<t id="s1_13" word="o_que" lemma="o_que" pos="spec" morph="M S" extra="clb clb-fs rel"/>
			<t id="s1_14" word="gostei" lemma="gostar" pos="v-fin" morph="PS 1S IND VFIN" extra="vH mv np-close"/>
			<t id="s1_15" word="tem" lemma="ter" pos="v-fin" morph="PR 3S IND VFIN" extra="cjt-STA fmc mv"/>
			<t id="s1_16" word="android" lemma="android" pos="n" morph="M S" extra="foreign heur"/>
			<t id="s1_17" word="o" lemma="o" pos="pron-dem" morph="DET M S" extra="dem"/>
			<t id="s1_18" word="que" lemma="que" pos="spec" morph="M S" extra="clb clb-fs rel"/>
			<t id="s1_19" word="não" lemma="não" pos="adv" morph="--" extra="--"/>
			<t id="s1_20" word="gostei" lemma="gostar" pos="v-fin" morph="PS 1S IND VFIN" extra="vH mv np-close"/>
			<t id="s1_21" word="é" lemma="ser" pos="v-fin" morph="PR 3S IND VFIN" extra="nosubj nosubj cjt-STA vK fmc mv"/>
			<t id="s1_22" word="muito" lemma="muito" pos="adv" morph="--" extra="quant"/>
			<t id="s1_23" word="grosso" lemma="grosso" pos="adj" morph="M S" extra="jh"/>
			<t id="s1_24" word="." lemma="--" pos="pu" morph="--" extra="--"/>
		</terminals>

		<nonterminals>
			<nt id="s1_500" cat="s">
				<edge label="STA" idref="s1_501"/>
			</nt>
			<nt id="s1_501" cat="par">
				<edge label="CJT" idref="s1_502"/>
				<edge label="CO" idref="s1_3"/>
				<edge label="CJT" idref="s1_503"/>
				<edge label="CJT" idref="s1_510"/>
				<edge label="CJT" idref="s1_513"/>
				<edge label="PU" idref="s1_24"/>
			</nt>
			<nt id="s1_502" cat="fcl">
				<edge label="P" idref="s1_1"/>
				<edge label="Cs" idref="s1_2"/>
			</nt>
			<nt id="s1_503" cat="fcl">
				<edge label="S" idref="s1_504"/>
				<edge label="P" idref="s1_6"/>
				<edge label="Cs" idref="s1_505"/>
				<edge label="fA" idref="s1_506"/>
			</nt>
			<nt id="s1_504" cat="np">
				<edge label="DN" idref="s1_4"/>
				<edge label="H" idref="s1_5"/>
			</nt>
			<nt id="s1_505" cat="adjp">
				<edge label="H" idref="s1_7"/>
				<edge label="DA" idref="s1_8"/>
			</nt>
			<nt id="s1_506" cat="pp">
				<edge label="H" idref="s1_9"/>
				<edge label="DP" idref="s1_507"/>
			</nt>
			<nt id="s1_507" cat="icl">
				<edge label="P" idref="s1_10"/>
				<edge label="Cs" idref="s1_508"/>
			</nt>
			<nt id="s1_508" cat="np">
				<edge label="DN" idref="s1_11"/>
				<edge label="H" idref="s1_12"/>
				<edge label="DN" idref="s1_509"/>
			</nt>
			<nt id="s1_509" cat="fcl">
				<edge label="Od" idref="s1_13"/>
				<edge label="P" idref="s1_14"/>
			</nt>
			<nt id="s1_510" cat="fcl">
				<edge label="P" idref="s1_15"/>
				<edge label="Od" idref="s1_511"/>
				<edge label="S" idref="s1_17"/>
			</nt>
			<nt id="s1_511" cat="np">
				<edge label="H" idref="s1_16"/>
				<edge label="DN" idref="s1_512"/>
			</nt>
			<nt id="s1_512" cat="fcl">
				<edge label="S" idref="s1_18"/>
				<edge label="fA" idref="s1_19"/>
				<edge label="P" idref="s1_20"/>
			</nt>
			<nt id="s1_513" cat="x">
				<edge label="P" idref="s1_21"/>
				<edge label="Cs" idref="s1_514"/>
			</nt>
			<nt id="s1_514" cat="adjp">
				<edge label="DA" idref="s1_22"/>
				<edge label="H" idref="s1_23"/>
			</nt>
		</nonterminals>
	</graph>
</s>

	</body>
</corpus>
