<?xml version="1.0" encoding="UTF-8"?>
<corpus>

	<body>
<s id="s1" ref="1" source="Running text" forest="1" text="é um bom aparelho, mas o pós venda da nokia é péssimo assim como o atendimento do submarino para desfazer a compra, o que acabei não conseguindo o que gostei o aparelho é realmente muito bom o que não gostei tive um problema no uso do telefone como modem e a nokia não presta um bom suporte, o atendimento aliás é péssimo.">
	<graph root="s1_500">
		<terminals>
			<t id="s1_1" word="é" lemma="ser" pos="v-fin" morph="PR 3S IND VFIN" extra="nosubj nosubj nosubj nosubj nosubj nosubj nosubj nosubj nosubj nosubj cjt-head cjt-head-STA vK fmc mv"/>
			<t id="s1_2" word="um" lemma="um" pos="art" morph="M S" extra="--"/>
			<t id="s1_3" word="bom" lemma="bom" pos="adj" morph="M S" extra="--"/>
			<t id="s1_4" word="aparelho" lemma="aparelho" pos="n" morph="M S" sem="tool" extra="--"/>
			<t id="s1_5" word="," lemma="--" pos="pu" morph="--" extra="--"/>
			<t id="s1_6" word="mas" lemma="mas" pos="conj-c" morph="--" extra="clb"/>
			<t id="s1_7" word="o" lemma="o" pos="pron-dem" morph="DET M S" extra="dem"/>
			<t id="s1_8" word="pós" lemma="pós" pos="prp" morph="--" extra="np-close"/>
			<t id="s1_9" word="venda" lemma="venda" pos="n" morph="F S" sem="act inst cloH" extra="--"/>
			<t id="s1_10" word="de" lemma="de" pos="prp" morph="--" extra="sam- np-close"/>
			<t id="s1_11" word="a" lemma="o" pos="art" morph="F S" extra="-sam "/>
			<t id="s1_12" word="nokia" lemma="nokia" pos="n" morph="F S" extra="heur foreign"/>
			<t id="s1_13" word="é" lemma="ser" pos="v-fin" morph="PR 3S IND VFIN" extra="cjt-STA vK fmc mv"/>
			<t id="s1_14" word="péssimo" lemma="mal" pos="adj" morph="M S" extra="SUP jh"/>
			<t id="s1_15" word="assim_como" lemma="assim_como" pos="adv" morph="--" extra="com rel"/>
			<t id="s1_16" word="o" lemma="o" pos="art" morph="M S" extra="--"/>
			<t id="s1_17" word="atendimento" lemma="atendimento" pos="n" morph="M S" sem="act" extra="--"/>
			<t id="s1_18" word="de" lemma="de" pos="prp" morph="--" extra="sam- np-close"/>
			<t id="s1_19" word="o" lemma="o" pos="art" morph="M S" extra="-sam "/>
			<t id="s1_20" word="submarino" lemma="submarino" pos="n" morph="M S" sem="Vwater" extra="--"/>
			<t id="s1_21" word="para" lemma="para" pos="prp" morph="--" extra="--"/>
			<t id="s1_22" word="desfazer" lemma="desfazer" pos="v-inf" morph="--" extra="mv"/>
			<t id="s1_23" word="a" lemma="o" pos="art" morph="F S" extra="--"/>
			<t id="s1_24" word="compra" lemma="compra" pos="n" morph="F S" sem="act cc" extra="--"/>
			<t id="s1_25" word="," lemma="--" pos="pu" morph="--" extra="--"/>
			<t id="s1_26" word="o_que" lemma="o_que" pos="spec" morph="M S" extra="clb clb-fs rel"/>
			<t id="s1_27" word="acabei" lemma="acabar" pos="v-fin" morph="PS 1S IND VFIN" extra="aux"/>
			<t id="s1_28" word="não" lemma="não" pos="adv" morph="--" extra="--"/>
			<t id="s1_29" word="conseguindo" lemma="conseguir" pos="v-ger" morph="--" extra="clb vH mv"/>
			<t id="s1_30" word="o" lemma="o" pos="pron-dem" morph="DET M S" extra="dem"/>
			<t id="s1_31" word="que" lemma="que" pos="spec" morph="M S" extra="clb clb-fs rel"/>
			<t id="s1_32" word="gostei" lemma="gostar" pos="v-fin" morph="PS 1S IND VFIN" extra="vH mv np-close"/>
			<t id="s1_33" word="o" lemma="o" pos="art" morph="M S" extra="--"/>
			<t id="s1_34" word="aparelho" lemma="aparelho" pos="n" morph="M S" sem="tool" extra="--"/>
			<t id="s1_35" word="é" lemma="ser" pos="v-fin" morph="PR 3S IND VFIN" extra="cjt-STA vK fmc mv"/>
			<t id="s1_36" word="realmente" lemma="realmente" pos="adv" morph="--" extra="--"/>
			<t id="s1_37" word="muito" lemma="muito" pos="adv" morph="--" extra="quant"/>
			<t id="s1_38" word="bom" lemma="bom" pos="adj" morph="M S" extra="cjt-head cjt-head-Cs"/>
			<t id="s1_39" word="o" lemma="o" pos="pron-dem" morph="DET M S" extra="cjt-Cs dem"/>
			<t id="s1_40" word="que" lemma="que" pos="spec" morph="M S" extra="clb clb-fs rel"/>
			<t id="s1_41" word="não" lemma="não" pos="adv" morph="--" extra="--"/>
			<t id="s1_42" word="gostei" lemma="gostar" pos="v-fin" morph="PS 1S IND VFIN" extra="vH mv np-close"/>
			<t id="s1_43" word="tive" lemma="ter" pos="v-fin" morph="PS 1S IND VFIN" extra="nosubj nosubj cjt-STA fmc mv"/>
			<t id="s1_44" word="um" lemma="um" pos="art" morph="M S" extra="--"/>
			<t id="s1_45" word="problema" lemma="problema" pos="n" morph="M S" sem="ac" extra="--"/>
			<t id="s1_46" word="em" lemma="em" pos="prp" morph="--" extra="sam-"/>
			<t id="s1_47" word="o" lemma="o" pos="art" morph="M S" extra="-sam "/>
			<t id="s1_48" word="uso" lemma="uso" pos="n" morph="M S" sem="act ac" extra="--"/>
			<t id="s1_49" word="de" lemma="de" pos="prp" morph="--" extra="sam- np-close"/>
			<t id="s1_50" word="o" lemma="o" pos="art" morph="M S" extra="-sam "/>
			<t id="s1_51" word="telefone" lemma="telefone" pos="n" morph="M S" sem="tool" extra="--"/>
			<t id="s1_52" word="como" lemma="como" pos="prp" morph="--" extra="prd adv-rel"/>
			<t id="s1_53" word="modem" lemma="modem" pos="n" morph="M S" sem="tool" extra="cjt-head cjt-head-DP asarg"/>
			<t id="s1_54" word="e" lemma="e" pos="conj-c" morph="--" extra="--"/>
			<t id="s1_55" word="a" lemma="o" pos="art" morph="F S" extra="--"/>
			<t id="s1_56" word="nokia" lemma="nokia" pos="n" morph="F S" extra="cjt-DP asarg heur foreign"/>
			<t id="s1_57" word="não" lemma="não" pos="adv" morph="--" extra="--"/>
			<t id="s1_58" word="presta" lemma="prestar" pos="v-fin" morph="PR 3S IND VFIN" extra="nosubj nosubj cjt-STA fmc mv"/>
			<t id="s1_59" word="um" lemma="um" pos="art" morph="M S" extra="--"/>
			<t id="s1_60" word="bom" lemma="bom" pos="adj" morph="M S" extra="--"/>
			<t id="s1_61" word="suporte" lemma="suporte" pos="n" morph="M S" sem="ac part-mach part-build cc-handle" extra="--"/>
			<t id="s1_62" word="," lemma="--" pos="pu" morph="--" extra="--"/>
			<t id="s1_63" word="o" lemma="o" pos="art" morph="M S" extra="--"/>
			<t id="s1_64" word="atendimento" lemma="atendimento" pos="n" morph="M S" sem="act" extra="--"/>
			<t id="s1_65" word="aliás" lemma="aliás" pos="adv" morph="--" extra="kc"/>
			<t id="s1_66" word="é" lemma="ser" pos="v-fin" morph="PR 3S IND VFIN" extra="cjt-STA vK fmc mv"/>
			<t id="s1_67" word="péssimo" lemma="mal" pos="adj" morph="M S" extra="SUP jh"/>
			<t id="s1_68" word="." lemma="--" pos="pu" morph="--" extra="--"/>
		</terminals>

		<nonterminals>
			<nt id="s1_500" cat="s">
				<edge label="STA" idref="s1_501"/>
			</nt>
			<nt id="s1_501" cat="par">
				<edge label="CJT" idref="s1_502"/>
				<edge label="PU" idref="s1_5"/>
				<edge label="CO" idref="s1_6"/>
				<edge label="CJT" idref="s1_504"/>
				<edge label="CJT" idref="s1_519"/>
				<edge label="CJT" idref="s1_524"/>
				<edge label="CJT" idref="s1_533"/>
				<edge label="PU" idref="s1_62"/>
				<edge label="CJT" idref="s1_535"/>
				<edge label="PU" idref="s1_68"/>
			</nt>
			<nt id="s1_502" cat="fcl">
				<edge label="P" idref="s1_1"/>
				<edge label="Cs" idref="s1_503"/>
			</nt>
			<nt id="s1_503" cat="np">
				<edge label="DN" idref="s1_2"/>
				<edge label="DN" idref="s1_3"/>
				<edge label="H" idref="s1_4"/>
				<edge label="DN" idref="s1_505"/>
			</nt>
			<nt id="s1_504" cat="fcl">
				<edge label="S" idref="s1_7"/>
				<edge label="P" idref="s1_13"/>
				<edge label="Cs" idref="s1_14"/>
				<edge label="fA" idref="s1_509"/>
				<edge label="fA" idref="s1_513"/>
				<edge label="PU" idref="s1_25"/>
				<edge label="fCsta" idref="s1_516"/>
			</nt>
			<nt id="s1_505" cat="pp">
				<edge label="H" idref="s1_8"/>
				<edge label="DP" idref="s1_506"/>
			</nt>
			<nt id="s1_506" cat="np">
				<edge label="H" idref="s1_9"/>
				<edge label="DN" idref="s1_507"/>
			</nt>
			<nt id="s1_507" cat="pp">
				<edge label="H" idref="s1_10"/>
				<edge label="DP" idref="s1_508"/>
			</nt>
			<nt id="s1_508" cat="np">
				<edge label="DN" idref="s1_11"/>
				<edge label="H" idref="s1_12"/>
			</nt>
			<nt id="s1_509" cat="acl">
				<edge label="H" idref="s1_15"/>
				<edge label="X" idref="s1_510"/>
			</nt>
			<nt id="s1_510" cat="np">
				<edge label="DN" idref="s1_16"/>
				<edge label="H" idref="s1_17"/>
				<edge label="DN" idref="s1_511"/>
			</nt>
			<nt id="s1_511" cat="pp">
				<edge label="H" idref="s1_18"/>
				<edge label="DP" idref="s1_512"/>
			</nt>
			<nt id="s1_512" cat="np">
				<edge label="DN" idref="s1_19"/>
				<edge label="H" idref="s1_20"/>
			</nt>
			<nt id="s1_513" cat="pp">
				<edge label="H" idref="s1_21"/>
				<edge label="DP" idref="s1_514"/>
			</nt>
			<nt id="s1_514" cat="icl">
				<edge label="P" idref="s1_22"/>
				<edge label="Od" idref="s1_515"/>
			</nt>
			<nt id="s1_515" cat="np">
				<edge label="DN" idref="s1_23"/>
				<edge label="H" idref="s1_24"/>
				<edge label="DN" idref="s1_518"/>
			</nt>
			<nt id="s1_516" cat="fcl">
				<edge label="Od" idref="s1_26"/>
				<edge label="P" idref="s1_517"/>
				<edge label="fA" idref="s1_28"/>
				<edge label="Od" idref="s1_30"/>
			</nt>
			<nt id="s1_517" cat="vp">
				<edge label="Vaux" idref="s1_27"/>
				<edge label="Vm" idref="s1_29"/>
			</nt>
			<nt id="s1_518" cat="fcl">
				<edge label="S" idref="s1_31"/>
				<edge label="P" idref="s1_32"/>
			</nt>
			<nt id="s1_519" cat="fcl">
				<edge label="S" idref="s1_520"/>
				<edge label="P" idref="s1_35"/>
				<edge label="fA" idref="s1_36"/>
				<edge label="Cs" idref="s1_521"/>
			</nt>
			<nt id="s1_520" cat="np">
				<edge label="DN" idref="s1_33"/>
				<edge label="H" idref="s1_34"/>
				<edge label="DN" idref="s1_523"/>
			</nt>
			<nt id="s1_521" cat="par">
				<edge label="CJT" idref="s1_522"/>
				<edge label="CJT" idref="s1_39"/>
			</nt>
			<nt id="s1_522" cat="adjp">
				<edge label="DA" idref="s1_37"/>
				<edge label="H" idref="s1_38"/>
			</nt>
			<nt id="s1_523" cat="fcl">
				<edge label="S" idref="s1_40"/>
				<edge label="fA" idref="s1_41"/>
				<edge label="P" idref="s1_42"/>
			</nt>
			<nt id="s1_524" cat="x">
				<edge label="P" idref="s1_43"/>
				<edge label="Od" idref="s1_525"/>
				<edge label="fA" idref="s1_526"/>
				<edge label="Co" idref="s1_530"/>
			</nt>
			<nt id="s1_525" cat="np">
				<edge label="DN" idref="s1_44"/>
				<edge label="H" idref="s1_45"/>
			</nt>
			<nt id="s1_526" cat="pp">
				<edge label="H" idref="s1_46"/>
				<edge label="DP" idref="s1_527"/>
			</nt>
			<nt id="s1_527" cat="np">
				<edge label="DN" idref="s1_47"/>
				<edge label="H" idref="s1_48"/>
				<edge label="DN" idref="s1_528"/>
			</nt>
			<nt id="s1_528" cat="pp">
				<edge label="H" idref="s1_49"/>
				<edge label="DP" idref="s1_529"/>
			</nt>
			<nt id="s1_529" cat="np">
				<edge label="DN" idref="s1_50"/>
				<edge label="H" idref="s1_51"/>
			</nt>
			<nt id="s1_530" cat="pp">
				<edge label="H" idref="s1_52"/>
				<edge label="DP" idref="s1_531"/>
			</nt>
			<nt id="s1_531" cat="par">
				<edge label="CJT" idref="s1_53"/>
				<edge label="CO" idref="s1_54"/>
				<edge label="CJT" idref="s1_532"/>
			</nt>
			<nt id="s1_532" cat="np">
				<edge label="DN" idref="s1_55"/>
				<edge label="H" idref="s1_56"/>
			</nt>
			<nt id="s1_533" cat="x">
				<edge label="fA" idref="s1_57"/>
				<edge label="P" idref="s1_58"/>
				<edge label="Od" idref="s1_534"/>
			</nt>
			<nt id="s1_534" cat="np">
				<edge label="DN" idref="s1_59"/>
				<edge label="DN" idref="s1_60"/>
				<edge label="H" idref="s1_61"/>
			</nt>
			<nt id="s1_535" cat="fcl">
				<edge label="S" idref="s1_536"/>
				<edge label="fA" idref="s1_65"/>
				<edge label="P" idref="s1_66"/>
				<edge label="Cs" idref="s1_67"/>
			</nt>
			<nt id="s1_536" cat="np">
				<edge label="DN" idref="s1_63"/>
				<edge label="H" idref="s1_64"/>
			</nt>
		</nonterminals>
	</graph>
</s>

<s id="s2" ref="2" source="Running text" forest="1" text="o aparelho tem alguns problemas de conexão com mac.">
	<graph root="s2_500">
		<terminals>
			<t id="s2_1" word="o" lemma="o" pos="art" morph="M S" extra="--"/>
			<t id="s2_2" word="aparelho" lemma="aparelho" pos="n" morph="M S" sem="tool" extra="--"/>
			<t id="s2_3" word="tem" lemma="ter" pos="v-fin" morph="PR 3S IND VFIN" extra="fmc mv"/>
			<t id="s2_4" word="alguns" lemma="algum" pos="pron-indef" morph="DET M P" extra="quant"/>
			<t id="s2_5" word="problemas" lemma="problema" pos="n" morph="M P" sem="ac" extra="--"/>
			<t id="s2_6" word="de" lemma="de" pos="prp" morph="--" extra="np-close"/>
			<t id="s2_7" word="conexão" lemma="conexão" pos="n" morph="F S" sem="ac cc" extra="--"/>
			<t id="s2_8" word="com" lemma="com" pos="prp" morph="--" extra="np-long"/>
			<t id="s2_9" word="mac" lemma="mac" pos="n" morph="M S" extra="heur"/>
			<t id="s2_10" word="." lemma="--" pos="pu" morph="--" extra="--"/>
		</terminals>

		<nonterminals>
			<nt id="s2_500" cat="s">
				<edge label="STA" idref="s2_501"/>
			</nt>
			<nt id="s2_501" cat="fcl">
				<edge label="S" idref="s2_502"/>
				<edge label="P" idref="s2_3"/>
				<edge label="Od" idref="s2_503"/>
				<edge label="PU" idref="s2_10"/>
			</nt>
			<nt id="s2_502" cat="np">
				<edge label="DN" idref="s2_1"/>
				<edge label="H" idref="s2_2"/>
			</nt>
			<nt id="s2_503" cat="np">
				<edge label="DN" idref="s2_4"/>
				<edge label="H" idref="s2_5"/>
				<edge label="DN" idref="s2_504"/>
				<edge label="DN" idref="s2_505"/>
			</nt>
			<nt id="s2_504" cat="pp">
				<edge label="H" idref="s2_6"/>
				<edge label="DP" idref="s2_7"/>
			</nt>
			<nt id="s2_505" cat="pp">
				<edge label="H" idref="s2_8"/>
				<edge label="DP" idref="s2_9"/>
			</nt>
		</nonterminals>
	</graph>
</s>

	</body>
</corpus>
