<?xml version="1.0" encoding="UTF-8"?>
<corpus>

	<body>
<s id="s1" ref="1" source="Running text" forest="1" text="comprei, usei troquei depois de um tempo o que gostei simples o que não gostei muito básico.">
	<graph root="s1_500">
		<terminals>
			<t id="s1_1" word="comprei" lemma="comprar" pos="v-fin" morph="PS 1S IND VFIN" extra="nosubj nosubj nosubj nosubj cjt-head cjt-head-STA vH fmc mv"/>
			<t id="s1_2" word="," lemma="--" pos="pu" morph="--" extra="--"/>
			<t id="s1_3" word="usei" lemma="usar" pos="v-fin" morph="PS 1S IND VFIN" extra="nosubj nosubj cjt-STA vH fmc mv"/>
			<t id="s1_4" word="troquei" lemma="trocar" pos="v-fin" morph="PS 1S IND VFIN" extra="nosubj nosubj cjt-STA vH fmc mv"/>
			<t id="s1_5" word="depois" lemma="depois" pos="adv" morph="--" extra="--"/>
			<t id="s1_6" word="de" lemma="de" pos="prp" morph="--" extra="--"/>
			<t id="s1_7" word="um" lemma="um" pos="art" morph="M S" extra="--"/>
			<t id="s1_8" word="tempo" lemma="tempo" pos="n" morph="M S" sem="am temp per ac-cat wea" extra="--"/>
			<t id="s1_9" word="o_que" lemma="o_que" pos="spec" morph="M/F S/P" extra="clb clb-fs rel"/>
			<t id="s1_10" word="gostei" lemma="gostar" pos="v-fin" morph="PS 1S IND VFIN" extra="vH mv np-close"/>
			<t id="s1_11" word="simples" lemma="simples" pos="adj" morph="M/F S/P" extra="cjt-head cjt-head-S jh"/>
			<t id="s1_12" word="o" lemma="o" pos="pron-dem" morph="DET M S" extra="cjt-S dem"/>
			<t id="s1_13" word="que" lemma="que" pos="spec" morph="M S" extra="clb clb-fs rel"/>
			<t id="s1_14" word="não" lemma="não" pos="adv" morph="--" extra="--"/>
			<t id="s1_15" word="gostei" lemma="gostar" pos="v-fin" morph="PS 1S IND VFIN" extra="vH mv np-close"/>
			<t id="s1_16" word="muito" lemma="muito" pos="adv" morph="--" extra="quant"/>
			<t id="s1_17" word="básico" lemma="básico" pos="adj" morph="M S" extra="nh"/>
			<t id="s1_18" word="." lemma="--" pos="pu" morph="--" extra="--"/>
		</terminals>

		<nonterminals>
			<nt id="s1_500" cat="s">
				<edge label="STA" idref="s1_501"/>
			</nt>
			<nt id="s1_501" cat="par">
				<edge label="CJT" idref="s1_1"/>
				<edge label="PU" idref="s1_2"/>
				<edge label="CJT" idref="s1_3"/>
				<edge label="CJT" idref="s1_502"/>
				<edge label="PU" idref="s1_18"/>
			</nt>
			<nt id="s1_502" cat="x">
				<edge label="P" idref="s1_4"/>
				<edge label="fA" idref="s1_5"/>
				<edge label="Op" idref="s1_503"/>
			</nt>
			<nt id="s1_503" cat="pp">
				<edge label="H" idref="s1_6"/>
				<edge label="DP" idref="s1_504"/>
			</nt>
			<nt id="s1_504" cat="np">
				<edge label="DN" idref="s1_7"/>
				<edge label="H" idref="s1_8"/>
				<edge label="DN" idref="s1_505"/>
				<edge label="DN" idref="s1_507"/>
			</nt>
			<nt id="s1_505" cat="fcl">
				<edge label="fA" idref="s1_9"/>
				<edge label="P" idref="s1_10"/>
				<edge label="S" idref="s1_506"/>
			</nt>
			<nt id="s1_506" cat="par">
				<edge label="CJT" idref="s1_11"/>
				<edge label="CJT" idref="s1_12"/>
			</nt>
			<nt id="s1_507" cat="fcl">
				<edge label="S" idref="s1_13"/>
				<edge label="fA" idref="s1_14"/>
				<edge label="P" idref="s1_15"/>
				<edge label="fCs" idref="s1_508"/>
			</nt>
			<nt id="s1_508" cat="adjp">
				<edge label="DA" idref="s1_16"/>
				<edge label="H" idref="s1_17"/>
			</nt>
		</nonterminals>
	</graph>
</s>

	</body>
</corpus>
