<?xml version="1.0" encoding="UTF-8"?>
<corpus>

	<body>
<s id="s1" ref="1" source="Running text" forest="1" text="celular muito barato, mas as vezes apaga contatos sa lista se o celular for reiniciado, não tem muitas alternativas.">
	<graph root="s1_500">
		<terminals>
			<t id="s1_1" word="celular" lemma="celular" pos="adj" morph="M/F S" extra="nh"/>
			<t id="s1_2" word="muito" lemma="muito" pos="adv" morph="--" extra="quant"/>
			<t id="s1_3" word="barato" lemma="barato" pos="adj" morph="M S" extra="nh"/>
			<t id="s1_4" word="," lemma="--" pos="pu" morph="--" extra="--"/>
			<t id="s1_5" word="mas" lemma="mas" pos="conj-c" morph="--" extra="topkc"/>
			<t id="s1_6" word="as" lemma="o" pos="art" morph="F P" extra="--"/>
			<t id="s1_7" word="vezes" lemma="vez" pos="n" morph="F P" sem="temp" extra="--"/>
			<t id="s1_8" word="apaga" lemma="apagar" pos="v-fin" morph="PR 3S IND VFIN" extra="predco predco fmc mv"/>
			<t id="s1_9" word="contatos" lemma="contato" pos="n" morph="M P" sem="ac H" extra="--"/>
			<t id="s1_10" word="sa" lemma="sa" pos="n" morph="M/F S" extra="cjt-head cjt-head-S foreign"/>
			<t id="s1_11" word="lista" lemma="lista" pos="n" morph="F S" sem="cc-r coll-sem" extra="cjt-S"/>
			<t id="s1_12" word="se" lemma="se" pos="conj-s" morph="--" extra="clb clb-fs"/>
			<t id="s1_13" word="o" lemma="o" pos="art" morph="M S" extra="--"/>
			<t id="s1_14" word="celular" lemma="celular" pos="adj" morph="M S" extra="n nh"/>
			<t id="s1_15" word="for" lemma="ser" pos="v-fin" morph="FUT 3S SUBJ VFIN" extra="aux"/>
			<t id="s1_16" word="reiniciado" lemma="reiniciar" pos="v-pcp" morph="M S" extra="mv"/>
			<t id="s1_17" word="," lemma="--" pos="pu" morph="--" extra="--"/>
			<t id="s1_18" word="não" lemma="não" pos="adv" morph="--" extra="--"/>
			<t id="s1_19" word="tem" lemma="ter" pos="v-fin" morph="PR 3S IND VFIN" extra="nosubj nosubj cjt-STA fmc mv"/>
			<t id="s1_20" word="muitas" lemma="muito" pos="pron-indef" morph="DET F P" extra="quant"/>
			<t id="s1_21" word="alternativas" lemma="alternativa" pos="n" morph="F P" sem="ac" extra="--"/>
			<t id="s1_22" word="." lemma="--" pos="pu" morph="--" extra="--"/>
		</terminals>

		<nonterminals>
			<nt id="s1_500" cat="s">
				<edge label="STA" idref="s1_501"/>
			</nt>
			<nt id="s1_501" cat="fcl">
				<edge label="fCs" idref="s1_1"/>
				<edge label="fCs" idref="s1_502"/>
				<edge label="PU" idref="s1_4"/>
				<edge label="CO" idref="s1_5"/>
				<edge label="fCs" idref="s1_503"/>
				<edge label="X" idref="s1_504"/>
				<edge label="PU" idref="s1_22"/>
			</nt>
			<nt id="s1_502" cat="adjp">
				<edge label="DA" idref="s1_2"/>
				<edge label="H" idref="s1_3"/>
			</nt>
			<nt id="s1_503" cat="np">
				<edge label="DN" idref="s1_6"/>
				<edge label="H" idref="s1_7"/>
			</nt>
			<nt id="s1_504" cat="par">
				<edge label="CJT" idref="s1_505"/>
				<edge label="CJT" idref="s1_508"/>
			</nt>
			<nt id="s1_505" cat="x">
				<edge label="P" idref="s1_8"/>
				<edge label="Od" idref="s1_9"/>
				<edge label="S" idref="s1_506"/>
				<edge label="fA" idref="s1_507"/>
			</nt>
			<nt id="s1_506" cat="par">
				<edge label="CJT" idref="s1_10"/>
				<edge label="CJT" idref="s1_11"/>
			</nt>
			<nt id="s1_507" cat="fcl">
				<edge label="SUB" idref="s1_12"/>
			</nt>
			<nt id="s1_508" cat="x">
				<edge label="Od" idref="s1_509"/>
				<edge label="PU" idref="s1_17"/>
				<edge label="fA" idref="s1_18"/>
				<edge label="P" idref="s1_19"/>
			</nt>
			<nt id="s1_509" cat="np">
				<edge label="DN" idref="s1_13"/>
				<edge label="S" idref="s1_14"/>
				<edge label="P" idref="s1_510"/>
				<edge label="DN" idref="s1_20"/>
				<edge label="H" idref="s1_21"/>
			</nt>
			<nt id="s1_510" cat="vp">
				<edge label="Vaux" idref="s1_15"/>
				<edge label="Vm" idref="s1_16"/>
			</nt>
		</nonterminals>
	</graph>
</s>

<s id="s2" ref="2" source="Running text" forest="1" text="para quem só usa o celular para falar vale a pena.">
	<graph root="s2_500">
		<terminals>
			<t id="s2_1" word="para" lemma="para" pos="prp" morph="--" extra="clb"/>
			<t id="s2_2" word="quem" lemma="quem" pos="spec" morph="M/F S" extra="clb-fs rel"/>
			<t id="s2_3" word="só" lemma="só" pos="adv" morph="--" extra="--"/>
			<t id="s2_4" word="usa" lemma="usar" pos="v-fin" morph="PR 3S IND VFIN" extra="vH mv"/>
			<t id="s2_5" word="o" lemma="o" pos="art" morph="M S" extra="--"/>
			<t id="s2_6" word="celular" lemma="celular" pos="adj" morph="M S" extra="n nh"/>
			<t id="s2_7" word="para" lemma="para" pos="prp" morph="--" extra="--"/>
			<t id="s2_8" word="falar" lemma="falar" pos="v-inf" morph="--" extra="vH mv"/>
			<t id="s2_9" word="vale" lemma="valer" pos="v-fin" morph="PR 3S IND VFIN" extra="fmc mv"/>
			<t id="s2_10" word="a" lemma="o" pos="art" morph="F S" extra="--"/>
			<t id="s2_11" word="pena" lemma="pena" pos="n" morph="F S" sem="ac sit percep-f tool" extra="--"/>
			<t id="s2_12" word="." lemma="--" pos="pu" morph="--" extra="--"/>
		</terminals>

		<nonterminals>
			<nt id="s2_500" cat="s">
				<edge label="DP" idref="s2_501"/>
			</nt>
			<nt id="s2_501" cat="fcl">
				<edge label="fA" idref="s2_1"/>
				<edge label="S" idref="s2_2"/>
				<edge label="fA" idref="s2_3"/>
				<edge label="P" idref="s2_4"/>
				<edge label="Od" idref="s2_502"/>
				<edge label="fA" idref="s2_503"/>
				<edge label="STA" idref="s2_504"/>
				<edge label="PU" idref="s2_12"/>
			</nt>
			<nt id="s2_502" cat="np">
				<edge label="DN" idref="s2_5"/>
				<edge label="H" idref="s2_6"/>
			</nt>
			<nt id="s2_503" cat="pp">
				<edge label="H" idref="s2_7"/>
				<edge label="DP" idref="s2_8"/>
			</nt>
			<nt id="s2_504" cat="fcl">
				<edge label="P" idref="s2_9"/>
				<edge label="Od" idref="s2_505"/>
			</nt>
			<nt id="s2_505" cat="np">
				<edge label="DN" idref="s2_10"/>
				<edge label="H" idref="s2_11"/>
			</nt>
		</nonterminals>
	</graph>
</s>

<s id="s3" ref="3" source="Running text" forest="1" text="o que gostei custo o que não gostei sem muitas opções, o celular desliga e perde a memória, as vezes apaga contatos sa lista.">
	<graph root="s3_500">
		<terminals>
			<t id="s3_1" word="o" lemma="o" pos="pron-dem" morph="DET M S" extra="dem"/>
			<t id="s3_2" word="que" lemma="que" pos="spec" morph="M S" extra="clb clb-fs rel"/>
			<t id="s3_3" word="gostei" lemma="gostar" pos="v-fin" morph="PS 1S IND VFIN" extra="vH mv np-close"/>
			<t id="s3_4" word="custo" lemma="custo" pos="n" morph="M S" sem="mon" extra="--"/>
			<t id="s3_5" word="o" lemma="o" pos="pron-dem" morph="DET M S" extra="dem"/>
			<t id="s3_6" word="que" lemma="que" pos="spec" morph="M S" extra="clb clb-fs rel"/>
			<t id="s3_7" word="não" lemma="não" pos="adv" morph="--" extra="--"/>
			<t id="s3_8" word="gostei" lemma="gostar" pos="v-fin" morph="PS 1S IND VFIN" extra="vH mv np-close"/>
			<t id="s3_9" word="sem" lemma="sem" pos="prp" morph="--" extra="--"/>
			<t id="s3_10" word="muitas" lemma="muito" pos="pron-indef" morph="DET F P" extra="quant"/>
			<t id="s3_11" word="opções" lemma="opção" pos="n" morph="F P" sem="sem-c" extra="--"/>
			<t id="s3_12" word="," lemma="--" pos="pu" morph="--" extra="--"/>
			<t id="s3_13" word="o" lemma="o" pos="art" morph="M S" extra="--"/>
			<t id="s3_14" word="celular" lemma="celular" pos="adj" morph="M S" extra="n nh"/>
			<t id="s3_15" word="desliga" lemma="desligar" pos="v-fin" morph="PR 3S IND VFIN" extra="nosubj nosubj cjt-head cjt-head-STA vH fmc mv"/>
			<t id="s3_16" word="e" lemma="e" pos="conj-c" morph="--" extra="co-fin"/>
			<t id="s3_17" word="perde" lemma="perder" pos="v-fin" morph="PR 3S IND VFIN" extra="cjt-STA fmc mv"/>
			<t id="s3_18" word="a" lemma="o" pos="art" morph="F S" extra="--"/>
			<t id="s3_19" word="memória" lemma="memória" pos="n" morph="F S" sem="sem-c sem-r" extra="--"/>
			<t id="s3_20" word="," lemma="--" pos="pu" morph="--" extra="--"/>
			<t id="s3_21" word="as" lemma="o" pos="art" morph="F P" extra="--"/>
			<t id="s3_22" word="vezes" lemma="vez" pos="n" morph="F P" sem="temp" extra="--"/>
			<t id="s3_23" word="apaga" lemma="apagar" pos="v-fin" morph="PR 3S IND VFIN" extra="cjt-STA fmc mv"/>
			<t id="s3_24" word="contatos" lemma="contato" pos="n" morph="M P" sem="ac H" extra="--"/>
			<t id="s3_25" word="sa" lemma="sa" pos="n" morph="M/F S" extra="foreign"/>
			<t id="s3_26" word="lista" lemma="listar" pos="v-fin" morph="PR 3S IND VFIN" extra="cjt-STA vH fmc mv"/>
			<t id="s3_27" word="." lemma="--" pos="pu" morph="--" extra="--"/>
		</terminals>

		<nonterminals>
			<nt id="s3_500" cat="s">
				<edge label="STA" idref="s3_501"/>
			</nt>
			<nt id="s3_501" cat="par">
				<edge label="CJT" idref="s3_502"/>
				<edge label="DN" idref="s3_504"/>
				<edge label="S" idref="s3_2"/>
				<edge label="P" idref="s3_3"/>
				<edge label="CJT" idref="s3_505"/>
				<edge label="PU" idref="s3_12"/>
				<edge label="CO" idref="s3_16"/>
				<edge label="PU" idref="s3_20"/>
				<edge label="CJT" idref="s3_512"/>
				<edge label="PU" idref="s3_27"/>
			</nt>
			<nt id="s3_502" cat="fcl">
				<edge label="CJT" idref="s3_503"/>
			</nt>
			<nt id="s3_503" cat="fcl">
				<edge label="S" idref="s3_1"/>
			</nt>
			<nt id="s3_504" cat="fcl">
			</nt>
			<nt id="s3_505" cat="fcl">
				<edge label="S" idref="s3_506"/>
				<edge label="S" idref="s3_5"/>
				<edge label="Od" idref="s3_510"/>
				<edge label="S" idref="s3_14"/>
				<edge label="P" idref="s3_15"/>
				<edge label="P" idref="s3_17"/>
				<edge label="fCs" idref="s3_511"/>
				<edge label="P" idref="s3_23"/>
				<edge label="Od" idref="s3_24"/>
			</nt>
			<nt id="s3_506" cat="np">
				<edge label="H" idref="s3_4"/>
				<edge label="DN" idref="s3_507"/>
			</nt>
			<nt id="s3_507" cat="fcl">
				<edge label="S" idref="s3_6"/>
				<edge label="fA" idref="s3_7"/>
				<edge label="P" idref="s3_8"/>
				<edge label="fA" idref="s3_508"/>
			</nt>
			<nt id="s3_508" cat="pp">
				<edge label="H" idref="s3_9"/>
				<edge label="DP" idref="s3_509"/>
			</nt>
			<nt id="s3_509" cat="np">
				<edge label="DN" idref="s3_10"/>
				<edge label="H" idref="s3_11"/>
			</nt>
			<nt id="s3_510" cat="np">
				<edge label="DN" idref="s3_13"/>
				<edge label="DN" idref="s3_18"/>
				<edge label="H" idref="s3_19"/>
			</nt>
			<nt id="s3_511" cat="np">
				<edge label="DN" idref="s3_21"/>
				<edge label="H" idref="s3_22"/>
			</nt>
			<nt id="s3_512" cat="fcl">
				<edge label="S" idref="s3_25"/>
				<edge label="P" idref="s3_26"/>
			</nt>
		</nonterminals>
	</graph>
</s>

	</body>
</corpus>
