<?xml version="1.0" encoding="UTF-8"?>
<corpus>

	<body>
<s id="s1" ref="1" source="Running text" forest="1" text="bom ele e bom em certas coisas não e fácil de quebrar mais a camera e ruim e muita chato para as musicas.">
	<graph root="s1_500">
		<terminals>
			<t id="s1_1" word="bom" lemma="bom" pos="adj" morph="M S" extra="clb jh"/>
			<t id="s1_2" word="ele" lemma="ele" pos="pron-pers" morph="M 3S NOM" extra="clb"/>
			<t id="s1_3" word="e" lemma="e" pos="conj-c" morph="--" extra="--"/>
			<t id="s1_4" word="bom" lemma="bom" pos="adj" morph="M S" extra="clb jh"/>
			<t id="s1_5" word="em" lemma="em" pos="prp" morph="--" extra="--"/>
			<t id="s1_6" word="certas" lemma="certo" pos="adj" morph="F P" extra="--"/>
			<t id="s1_7" word="coisas" lemma="coisa" pos="n" morph="F P" sem="cc ac" extra="--"/>
			<t id="s1_8" word="não" lemma="não" pos="adv" morph="--" extra="--"/>
			<t id="s1_9" word="e" lemma="e" pos="conj-c" morph="--" extra="--"/>
			<t id="s1_10" word="fácil" lemma="fácil" pos="adj" morph="M/F S" extra="np-close"/>
			<t id="s1_11" word="de" lemma="de" pos="prp" morph="--" extra="--"/>
			<t id="s1_12" word="quebrar" lemma="quebrar" pos="v-inf" morph="--" extra="mv"/>
			<t id="s1_13" word="mais" lemma="mais" pos="adv" morph="--" extra="--"/>
			<t id="s1_14" word="a" lemma="o" pos="art" morph="F S" extra="--"/>
			<t id="s1_15" word="camera" lemma="c�=mara" pos="n" morph="F S" sem="Lh HH" extra="--"/>
			<t id="s1_16" word="e" lemma="e" pos="conj-c" morph="--" extra="--"/>
			<t id="s1_17" word="ruim" lemma="ruim" pos="adj" morph="M/F S" extra="jh"/>
			<t id="s1_18" word="e" lemma="e" pos="conj-c" morph="--" extra="--"/>
			<t id="s1_19" word="muita" lemma="muito" pos="pron-indef" morph="DET F S" extra="quant"/>
			<t id="s1_20" word="chato" lemma="chato" pos="adj" morph="M S" extra="n jh"/>
			<t id="s1_21" word="para" lemma="para" pos="prp" morph="--" extra="np-close"/>
			<t id="s1_22" word="as" lemma="elas" pos="pron-pers" morph="F 3P ACC" extra="--"/>
			<t id="s1_23" word="musicas" lemma="musicar" pos="v-fin" morph="PR 2S IND VFIN" extra="vH fmc mv"/>
			<t id="s1_24" word="." lemma="--" pos="pu" morph="--" extra="--"/>
		</terminals>

		<nonterminals>
			<nt id="s1_500" cat="s">
				<edge label="UTT" idref="s1_501"/>
			</nt>
			<nt id="s1_501" cat="x">
				<edge label="S" idref="s1_1"/>
				<edge label="STA" idref="s1_502"/>
				<edge label="S" idref="s1_2"/>
				<edge label="S" idref="s1_503"/>
				<edge label="S" idref="s1_17"/>
				<edge label="S" idref="s1_511"/>
				<edge label="Od" idref="s1_22"/>
				<edge label="P" idref="s1_23"/>
				<edge label="PU" idref="s1_24"/>
			</nt>
			<nt id="s1_502" cat="fcl">
			</nt>
			<nt id="s1_503" cat="adjp">
				<edge label="DA" idref="s1_504"/>
				<edge label="H" idref="s1_4"/>
			</nt>
			<nt id="s1_504" cat="pp">
				<edge label="DP" idref="s1_505"/>
				<edge label="H" idref="s1_5"/>
			</nt>
			<nt id="s1_505" cat="np">
				<edge label="DN" idref="s1_506"/>
				<edge label="DN" idref="s1_6"/>
				<edge label="H" idref="s1_7"/>
			</nt>
			<nt id="s1_506" cat="adjp">
				<edge label="CO" idref="s1_3"/>
				<edge label="DA" idref="s1_507"/>
				<edge label="CO" idref="s1_9"/>
				<edge label="H" idref="s1_10"/>
			</nt>
			<nt id="s1_507" cat="pp">
				<edge label="DP" idref="s1_508"/>
				<edge label="H" idref="s1_11"/>
			</nt>
			<nt id="s1_508" cat="icl">
				<edge label="fA" idref="s1_8"/>
				<edge label="P" idref="s1_12"/>
				<edge label="fA" idref="s1_13"/>
				<edge label="Od" idref="s1_509"/>
			</nt>
			<nt id="s1_509" cat="np">
				<edge label="DN" idref="s1_14"/>
				<edge label="H" idref="s1_15"/>
				<edge label="DN" idref="s1_510"/>
			</nt>
			<nt id="s1_510" cat="pp">
				<edge label="CO" idref="s1_16"/>
				<edge label="CO" idref="s1_18"/>
				<edge label="H" idref="s1_21"/>
			</nt>
			<nt id="s1_511" cat="np">
				<edge label="DN" idref="s1_19"/>
				<edge label="H" idref="s1_20"/>
			</nt>
		</nonterminals>
	</graph>
</s>

	</body>
</corpus>
