<?xml version="1.0" encoding="UTF-8"?>
<corpus>

	<body>
<s id="s1" ref="1" source="Running text" forest="1" text="não gosto de toca cadê de veículos sem pré que colocar no meu carro sem dá problema o que gostei celular o que não gostei taca cadê.">
	<graph root="s1_500">
		<terminals>
			<t id="s1_1" word="não" lemma="não" pos="adv" morph="--" extra="--"/>
			<t id="s1_2" word="gosto" lemma="gosto" pos="n" morph="M S" sem="am" extra="--"/>
			<t id="s1_3" word="de" lemma="de" pos="prp" morph="--" extra="np-close"/>
			<t id="s1_4" word="toca" lemma="tocar" pos="v-fin" morph="PR 3S IND VFIN" extra="nosubj nosubj cjt-head cjt-head-STA fmc mv"/>
			<t id="s1_5" word="cadê" lemma="cadê" pos="adv" morph="--" extra="--"/>
			<t id="s1_6" word="de" lemma="de" pos="prp" morph="--" extra="--"/>
			<t id="s1_7" word="veículos" lemma="veículo" pos="n" morph="M P" sem="V" extra="--"/>
			<t id="s1_8" word="sem" lemma="sem" pos="prp" morph="--" extra="np-close"/>
			<t id="s1_9" word="pré" lemma="pré" pos="n" morph="M S" sem="mon" extra="--"/>
			<t id="s1_10" word="que" lemma="que" pos="spec" morph="M S" extra="clb clb-fs rel"/>
			<t id="s1_11" word="colocar" lemma="colocar" pos="v-fin" morph="FUT 3S SUBJ VFIN" extra="vH mv np-close"/>
			<t id="s1_12" word="em" lemma="em" pos="prp" morph="--" extra="sam-"/>
			<t id="s1_13" word="o" lemma="o" pos="art" morph="M S" extra="-sam "/>
			<t id="s1_14" word="meu" lemma="meu" pos="pron-poss" morph="DET M S" extra="poss 1S"/>
			<t id="s1_15" word="carro" lemma="carro" pos="n" morph="M S" sem="V" extra="--"/>
			<t id="s1_16" word="sem" lemma="sem" pos="ec" morph="--" extra="--"/>
			<t id="s1_17" word="dá" lemma="dar" pos="v-fin" morph="PR 3S IND VFIN" extra="nosubj nosubj cjt-STA fmc mv"/>
			<t id="s1_18" word="problema" lemma="problema" pos="n" morph="M S" sem="ac" extra="--"/>
			<t id="s1_19" word="o" lemma="o" pos="art" morph="M S" extra="--"/>
			<t id="s1_20" word="que" lemma="que" pos="spec" morph="M S" extra="clb interr"/>
			<t id="s1_21" word="gostei" lemma="gostar" pos="v-fin" morph="PS 1S IND VFIN" extra="cjt-STA vH fmc mv"/>
			<t id="s1_22" word="celular" lemma="celular" pos="adj" morph="M/F S" extra="nh"/>
			<t id="s1_23" word="o" lemma="o" pos="pron-dem" morph="DET M S" extra="dem"/>
			<t id="s1_24" word="que" lemma="que" pos="spec" morph="M S" extra="clb clb-fs rel"/>
			<t id="s1_25" word="não" lemma="não" pos="adv" morph="--" extra="--"/>
			<t id="s1_26" word="gostei" lemma="gostar" pos="v-fin" morph="PS 1S IND VFIN" extra="vH mv np-close"/>
			<t id="s1_27" word="taca" lemma="tacar" pos="v-fin" morph="PR 3S IND VFIN" extra="cjt-STA vH fmc mv"/>
			<t id="s1_28" word="cadê" lemma="cadê" pos="adv" morph="--" extra="--"/>
			<t id="s1_29" word="." lemma="--" pos="pu" morph="--" extra="--"/>
		</terminals>

		<nonterminals>
			<nt id="s1_500" cat="s">
				<edge label="STA" idref="s1_501"/>
			</nt>
			<nt id="s1_501" cat="par">
				<edge label="CJT" idref="s1_502"/>
				<edge label="CJT" idref="s1_512"/>
				<edge label="CJT" idref="s1_514"/>
				<edge label="CJT" idref="s1_515"/>
				<edge label="PU" idref="s1_29"/>
			</nt>
			<nt id="s1_502" cat="fcl">
				<edge label="S" idref="s1_503"/>
				<edge label="P" idref="s1_4"/>
				<edge label="fA" idref="s1_504"/>
			</nt>
			<nt id="s1_503" cat="np">
				<edge label="DN" idref="s1_1"/>
				<edge label="H" idref="s1_2"/>
				<edge label="DN" idref="s1_3"/>
			</nt>
			<nt id="s1_504" cat="advp">
				<edge label="H" idref="s1_5"/>
				<edge label="DA" idref="s1_505"/>
			</nt>
			<nt id="s1_505" cat="pp">
				<edge label="H" idref="s1_6"/>
				<edge label="DP" idref="s1_506"/>
			</nt>
			<nt id="s1_506" cat="np">
				<edge label="H" idref="s1_7"/>
				<edge label="DN" idref="s1_507"/>
			</nt>
			<nt id="s1_507" cat="pp">
				<edge label="H" idref="s1_8"/>
				<edge label="DP" idref="s1_508"/>
			</nt>
			<nt id="s1_508" cat="np">
				<edge label="H" idref="s1_9"/>
				<edge label="DN" idref="s1_509"/>
			</nt>
			<nt id="s1_509" cat="fcl">
				<edge label="Od" idref="s1_10"/>
				<edge label="P" idref="s1_11"/>
				<edge label="fA" idref="s1_510"/>
			</nt>
			<nt id="s1_510" cat="pp">
				<edge label="H" idref="s1_12"/>
				<edge label="DP" idref="s1_511"/>
			</nt>
			<nt id="s1_511" cat="np">
				<edge label="DN" idref="s1_13"/>
				<edge label="DN" idref="s1_14"/>
				<edge label="H" idref="s1_15"/>
			</nt>
			<nt id="s1_512" cat="x">
				<edge label="PREF" idref="s1_16"/>
				<edge label="P" idref="s1_17"/>
				<edge label="Od" idref="s1_513"/>
				<edge label="DN" idref="s1_19"/>
			</nt>
			<nt id="s1_513" cat="np">
				<edge label="H" idref="s1_18"/>
				<edge label="DN" idref="s1_516"/>
			</nt>
			<nt id="s1_514" cat="fcl">
				<edge label="S" idref="s1_20"/>
				<edge label="P" idref="s1_21"/>
			</nt>
			<nt id="s1_515" cat="fcl">
				<edge label="S" idref="s1_22"/>
				<edge label="S" idref="s1_23"/>
				<edge label="P" idref="s1_27"/>
				<edge label="fA" idref="s1_28"/>
			</nt>
			<nt id="s1_516" cat="fcl">
				<edge label="S" idref="s1_24"/>
				<edge label="fA" idref="s1_25"/>
				<edge label="P" idref="s1_26"/>
			</nt>
		</nonterminals>
	</graph>
</s>

	</body>
</corpus>
