<?xml version="1.0" encoding="UTF-8"?>
<corpus>

	<body>
<s id="s1" ref="1" source="Running text" forest="1" text="é um android vagabundo, sem market e google.">
	<graph root="s1_500">
		<terminals>
			<t id="s1_1" word="é" lemma="ser" pos="v-fin" morph="PR 3S IND VFIN" extra="vK fmc mv"/>
			<t id="s1_2" word="um" lemma="um" pos="art" morph="M S" extra="--"/>
			<t id="s1_3" word="android" lemma="android" pos="n" morph="M S" extra="foreign heur"/>
			<t id="s1_4" word="vagabundo" lemma="vagabundo" pos="adj" morph="M S" extra="--"/>
			<t id="s1_5" word="," lemma="--" pos="pu" morph="--" extra="--"/>
			<t id="s1_6" word="sem" lemma="sem" pos="prp" morph="--" extra="--"/>
			<t id="s1_7" word="market" lemma="market" pos="n" morph="M S" sem="L" extra="cjt-head cjt-head-DP"/>
			<t id="s1_8" word="e" lemma="e" pos="conj-c" morph="--" extra="--"/>
			<t id="s1_9" word="google" lemma="google" pos="n" morph="M S" extra="cjt-DP heur foreign"/>
			<t id="s1_10" word="." lemma="--" pos="pu" morph="--" extra="--"/>
		</terminals>

		<nonterminals>
			<nt id="s1_500" cat="s">
				<edge label="STA" idref="s1_501"/>
			</nt>
			<nt id="s1_501" cat="fcl">
				<edge label="P" idref="s1_1"/>
				<edge label="Cs" idref="s1_502"/>
				<edge label="fCs" idref="s1_4"/>
				<edge label="PU" idref="s1_5"/>
				<edge label="fCs" idref="s1_503"/>
				<edge label="PU" idref="s1_10"/>
			</nt>
			<nt id="s1_502" cat="np">
				<edge label="DN" idref="s1_2"/>
				<edge label="H" idref="s1_3"/>
			</nt>
			<nt id="s1_503" cat="pp">
				<edge label="H" idref="s1_6"/>
				<edge label="DP" idref="s1_504"/>
			</nt>
			<nt id="s1_504" cat="par">
				<edge label="CJT" idref="s1_7"/>
				<edge label="CO" idref="s1_8"/>
				<edge label="CJT" idref="s1_9"/>
			</nt>
		</nonterminals>
	</graph>
</s>

<s id="s2" ref="2" source="Running text" forest="1" text="play com toque na tela ruim, o que gostei bom preço.">
	<graph root="s2_500">
		<terminals>
			<t id="s2_1" word="play" lemma="play" pos="n" morph="M S" sem="act-d" extra="newlex"/>
			<t id="s2_2" word="com" lemma="com" pos="prp" morph="--" extra="np-close"/>
			<t id="s2_3" word="toque" lemma="toque" pos="n" morph="M S" sem="act-d percep-l" extra="--"/>
			<t id="s2_4" word="em" lemma="em" pos="prp" morph="--" extra="sam-"/>
			<t id="s2_5" word="a" lemma="o" pos="art" morph="F S" extra="-sam "/>
			<t id="s2_6" word="tela" lemma="tela" pos="n" morph="F S" sem="cc-h pict mat-cloth" extra="--"/>
			<t id="s2_7" word="ruim" lemma="ruim" pos="adj" morph="F S" extra="np-close"/>
			<t id="s2_8" word="," lemma="--" pos="pu" morph="--" extra="--"/>
			<t id="s2_9" word="o_que" lemma="o_que" pos="spec" morph="M S" extra="clb rel"/>
			<t id="s2_10" word="gostei" lemma="gostar" pos="v-fin" morph="PS 1S IND VFIN" extra="vH mv"/>
			<t id="s2_11" word="bom" lemma="bom" pos="adj" morph="M S" extra="--"/>
			<t id="s2_12" word="preço" lemma="preço" pos="n" morph="M S" sem="f-q" extra="--"/>
			<t id="s2_13" word="." lemma="--" pos="pu" morph="--" extra="--"/>
		</terminals>

		<nonterminals>
			<nt id="s2_500" cat="s">
				<edge label="X" idref="s2_501"/>
			</nt>
			<nt id="s2_501" cat="np">
				<edge label="H" idref="s2_1"/>
				<edge label="DN" idref="s2_502"/>
				<edge label="fA" idref="s2_503"/>
				<edge label="PU" idref="s2_8"/>
				<edge label="STA" idref="s2_505"/>
				<edge label="fCs" idref="s2_506"/>
				<edge label="PU" idref="s2_13"/>
			</nt>
			<nt id="s2_502" cat="pp">
				<edge label="H" idref="s2_2"/>
				<edge label="DP" idref="s2_3"/>
			</nt>
			<nt id="s2_503" cat="pp">
				<edge label="H" idref="s2_4"/>
				<edge label="DP" idref="s2_504"/>
			</nt>
			<nt id="s2_504" cat="np">
				<edge label="DN" idref="s2_5"/>
				<edge label="H" idref="s2_6"/>
				<edge label="DN" idref="s2_7"/>
			</nt>
			<nt id="s2_505" cat="fcl">
				<edge label="X" idref="s2_9"/>
				<edge label="P" idref="s2_10"/>
			</nt>
			<nt id="s2_506" cat="np">
				<edge label="DN" idref="s2_11"/>
				<edge label="H" idref="s2_12"/>
			</nt>
		</nonterminals>
	</graph>
</s>

<s id="s3" ref="3" source="Running text" forest="1" text="o que não gostei fabricado na china.">
	<graph root="s3_500">
		<terminals>
			<t id="s3_1" word="o" lemma="o" pos="pron-dem" morph="DET M S" extra="dem"/>
			<t id="s3_2" word="que" lemma="que" pos="spec" morph="M S" extra="clb clb-fs rel"/>
			<t id="s3_3" word="não" lemma="não" pos="adv" morph="--" extra="--"/>
			<t id="s3_4" word="gostei" lemma="gostar" pos="v-fin" morph="PS 1S IND VFIN" extra="vH mv np-close"/>
			<t id="s3_5" word="fabricado" lemma="fabricar" pos="v-pcp" morph="M S" extra="vH mv"/>
			<t id="s3_6" word="em" lemma="em" pos="prp" morph="--" extra="sam-"/>
			<t id="s3_7" word="a" lemma="o" pos="art" morph="F S" extra="-sam "/>
			<t id="s3_8" word="china" lemma="china" pos="n" morph="F S" sem="H" extra="--"/>
			<t id="s3_9" word="." lemma="--" pos="pu" morph="--" extra="--"/>
		</terminals>

		<nonterminals>
			<nt id="s3_500" cat="s">
				<edge label="UTT" idref="s3_501"/>
			</nt>
			<nt id="s3_501" cat="x">
				<edge label="X" idref="s3_1"/>
				<edge label="DN" idref="s3_502"/>
				<edge label="S" idref="s3_2"/>
				<edge label="fA" idref="s3_3"/>
				<edge label="P" idref="s3_4"/>
				<edge label="fCs" idref="s3_503"/>
				<edge label="PU" idref="s3_9"/>
			</nt>
			<nt id="s3_502" cat="fcl">
			</nt>
			<nt id="s3_503" cat="icl">
				<edge label="P" idref="s3_5"/>
				<edge label="fA" idref="s3_504"/>
			</nt>
			<nt id="s3_504" cat="pp">
				<edge label="H" idref="s3_6"/>
				<edge label="DP" idref="s3_505"/>
			</nt>
			<nt id="s3_505" cat="np">
				<edge label="DN" idref="s3_7"/>
				<edge label="H" idref="s3_8"/>
			</nt>
		</nonterminals>
	</graph>
</s>

<s id="s4" ref="4" source="Running text" forest="1" text="a lg brasil não dá suporte nem garantia.">
	<graph root="s4_500">
		<terminals>
			<t id="s4_1" word="a" lemma="o" pos="art" morph="F S" extra="--"/>
			<t id="s4_2" word="lg" lemma="lg" pos="n" morph="F S" extra="foreign"/>
			<t id="s4_3" word="brasil" lemma="brasil" pos="adj" morph="F S" extra="DERS np-close"/>
			<t id="s4_4" word="não" lemma="não" pos="adv" morph="--" extra="--"/>
			<t id="s4_5" word="dá" lemma="dar" pos="v-fin" morph="PR 3S IND VFIN" extra="fmc mv"/>
			<t id="s4_6" word="suporte" lemma="suporte" pos="n" morph="M S" sem="ac part-mach part-build cc-handle" extra="cjt-head cjt-head-Od"/>
			<t id="s4_7" word="nem" lemma="nem" pos="conj-c" morph="--" extra="--"/>
			<t id="s4_8" word="garantia" lemma="garantia" pos="n" morph="F S" sem="act-s act-d" extra="cjt-Od"/>
			<t id="s4_9" word="." lemma="--" pos="pu" morph="--" extra="--"/>
		</terminals>

		<nonterminals>
			<nt id="s4_500" cat="s">
				<edge label="STA" idref="s4_501"/>
			</nt>
			<nt id="s4_501" cat="fcl">
				<edge label="S" idref="s4_502"/>
				<edge label="fA" idref="s4_4"/>
				<edge label="P" idref="s4_5"/>
				<edge label="Od" idref="s4_503"/>
				<edge label="CO" idref="s4_7"/>
				<edge label="PU" idref="s4_9"/>
			</nt>
			<nt id="s4_502" cat="np">
				<edge label="DN" idref="s4_1"/>
				<edge label="H" idref="s4_2"/>
				<edge label="DN" idref="s4_3"/>
			</nt>
			<nt id="s4_503" cat="par">
				<edge label="CJT" idref="s4_6"/>
				<edge label="CJT" idref="s4_8"/>
			</nt>
		</nonterminals>
	</graph>
</s>

<s id="s5" ref="5" source="Running text" forest="1" text="não tem market..">
	<graph root="s5_500">
		<terminals>
			<t id="s5_1" word="não" lemma="não" pos="adv" morph="--" extra="--"/>
			<t id="s5_2" word="tem" lemma="ter" pos="v-fin" morph="PR 3S IND VFIN" extra="fmc mv"/>
			<t id="s5_3" word="market" lemma="market" pos="n" morph="M S" sem="L" extra="--"/>
			<t id="s5_4" word="." lemma="--" pos="pu" morph="--" extra="--"/>
			<t id="s5_5" word="." lemma="--" pos="pu" morph="--" extra="--"/>
		</terminals>

		<nonterminals>
			<nt id="s5_500" cat="s">
				<edge label="STA" idref="s5_501"/>
			</nt>
			<nt id="s5_501" cat="fcl">
				<edge label="fA" idref="s5_1"/>
				<edge label="P" idref="s5_2"/>
				<edge label="Od" idref="s5_3"/>
				<edge label="PU" idref="s5_4"/>
				<edge label="PU" idref="s5_5"/>
			</nt>
		</nonterminals>
	</graph>
</s>

	</body>
</corpus>
