<?xml version="1.0" encoding="UTF-8"?>
<corpus>

	<body>
<s id="s1" ref="1" source="Running text" forest="1" text="ate hoje number de fevereiro de number não recebi o aparelho e continuo a pagar as parcelas no cartão de credito, foi lesada, furtada, roubada, e sem explicação ate hoje.">
	<graph root="s1_500">
		<terminals>
			<t id="s1_1" word="ate" lemma="atar" pos="v-fin" morph="PR 1/3S SUBJ VFIN" extra="nosubj nosubj nosubj nosubj nosubj nosubj nosubj nosubj cjt-head cjt-head-STA vH fmc mv"/>
			<t id="s1_2" word="hoje" lemma="hoje" pos="adv" morph="--" extra="--"/>
			<t id="s1_3" word="number" lemma="number" pos="n" morph="M S" extra="heur"/>
			<t id="s1_4" word="de" lemma="de" pos="prp" morph="--" extra="np-close"/>
			<t id="s1_5" word="fevereiro" lemma="fevereiro" pos="n" morph="M S" extra="--"/>
			<t id="s1_6" word="de" lemma="de" pos="prp" morph="--" extra="np-close"/>
			<t id="s1_7" word="number" lemma="number" pos="n" morph="M S" extra="heur"/>
			<t id="s1_8" word="não" lemma="não" pos="adv" morph="--" extra="--"/>
			<t id="s1_9" word="recebi" lemma="receber" pos="v-fin" morph="PS 1S IND VFIN" extra="nosubj nosubj cjt-STA vH fmc mv"/>
			<t id="s1_10" word="o" lemma="o" pos="art" morph="M S" extra="--"/>
			<t id="s1_11" word="aparelho" lemma="aparelho" pos="n" morph="M S" sem="tool" extra="--"/>
			<t id="s1_12" word="e" lemma="e" pos="conj-c" morph="--" extra="--"/>
			<t id="s1_13" word="continuo" lemma="continuar" pos="v-fin" morph="PR 1S IND VFIN" extra="nosubj nosubj cjt-STA vH fmc aux"/>
			<t id="s1_14" word="a" lemma="a" pos="prp" morph="--" extra="--"/>
			<t id="s1_15" word="pagar" lemma="pagar" pos="v-inf" morph="--" extra="vH mv"/>
			<t id="s1_16" word="as" lemma="o" pos="art" morph="F P" extra="--"/>
			<t id="s1_17" word="parcelas" lemma="parcela" pos="n" morph="F P" sem="Ltop amount" extra="--"/>
			<t id="s1_18" word="em" lemma="em" pos="prp" morph="--" extra="sam- np-close"/>
			<t id="s1_19" word="o" lemma="o" pos="art" morph="M S" extra="-sam "/>
			<t id="s1_20" word="cartão" lemma="cartão" pos="n" morph="M S" sem="cm cc-r" extra="--"/>
			<t id="s1_21" word="de" lemma="de" pos="prp" morph="--" extra="np-close"/>
			<t id="s1_22" word="credito" lemma="creditar" pos="v-fin" morph="PR 1S IND VFIN" extra="nosubj nosubj cjt-STA vH fmc mv"/>
			<t id="s1_23" word="," lemma="--" pos="pu" morph="--" extra="--"/>
			<t id="s1_24" word="foi" lemma="ser" pos="v-fin" morph="PS 3S IND VFIN" extra="cjt-STA fmc aux"/>
			<t id="s1_25" word="lesada" lemma="lesar" pos="v-pcp" morph="F S" extra="mv"/>
			<t id="s1_26" word="," lemma="--" pos="pu" morph="--" extra="--"/>
			<t id="s1_27" word="furtada" lemma="furtar" pos="v-pcp" morph="F S" extra="vH"/>
			<t id="s1_28" word="," lemma="--" pos="pu" morph="--" extra="--"/>
			<t id="s1_29" word="roubada" lemma="roubar" pos="v-pcp" morph="F S" extra="vH np-close"/>
			<t id="s1_30" word="," lemma="--" pos="pu" morph="--" extra="--"/>
			<t id="s1_31" word="e" lemma="e" pos="conj-c" morph="--" extra="clb"/>
			<t id="s1_32" word="sem" lemma="sem" pos="prp" morph="--" extra="--"/>
			<t id="s1_33" word="explicação" lemma="explicação" pos="n" morph="F S" sem="act-s" extra="--"/>
			<t id="s1_34" word="ate" lemma="atar" pos="v-fin" morph="PR 1/3S SUBJ VFIN" extra="nosubj nosubj cjt-STA vH fmc mv"/>
			<t id="s1_35" word="hoje" lemma="hoje" pos="adv" morph="--" extra="--"/>
			<t id="s1_36" word="." lemma="--" pos="pu" morph="--" extra="--"/>
		</terminals>

		<nonterminals>
			<nt id="s1_500" cat="s">
				<edge label="STA" idref="s1_501"/>
			</nt>
			<nt id="s1_501" cat="par">
				<edge label="CJT" idref="s1_502"/>
				<edge label="CJT" idref="s1_507"/>
				<edge label="CJT" idref="s1_509"/>
				<edge label="CJT" idref="s1_22"/>
				<edge label="PU" idref="s1_23"/>
				<edge label="CJT" idref="s1_514"/>
				<edge label="PU" idref="s1_30"/>
				<edge label="CO" idref="s1_31"/>
				<edge label="CJT" idref="s1_516"/>
				<edge label="PU" idref="s1_36"/>
			</nt>
			<nt id="s1_502" cat="fcl">
				<edge label="P" idref="s1_1"/>
				<edge label="fA" idref="s1_2"/>
				<edge label="Od" idref="s1_503"/>
			</nt>
			<nt id="s1_503" cat="np">
				<edge label="H" idref="s1_3"/>
				<edge label="DN" idref="s1_504"/>
			</nt>
			<nt id="s1_504" cat="pp">
				<edge label="H" idref="s1_4"/>
				<edge label="DP" idref="s1_505"/>
			</nt>
			<nt id="s1_505" cat="np">
				<edge label="H" idref="s1_5"/>
				<edge label="DN" idref="s1_506"/>
			</nt>
			<nt id="s1_506" cat="pp">
				<edge label="H" idref="s1_6"/>
				<edge label="DP" idref="s1_7"/>
			</nt>
			<nt id="s1_507" cat="x">
				<edge label="fA" idref="s1_8"/>
				<edge label="P" idref="s1_9"/>
				<edge label="Od" idref="s1_508"/>
			</nt>
			<nt id="s1_508" cat="np">
				<edge label="DN" idref="s1_10"/>
				<edge label="H" idref="s1_11"/>
			</nt>
			<nt id="s1_509" cat="x">
				<edge label="P" idref="s1_510"/>
				<edge label="Od" idref="s1_511"/>
			</nt>
			<nt id="s1_510" cat="vp">
				<edge label="Vaux" idref="s1_13"/>
				<edge label="SUBaux" idref="s1_14"/>
				<edge label="Vm" idref="s1_15"/>
			</nt>
			<nt id="s1_511" cat="np">
				<edge label="DN" idref="s1_16"/>
				<edge label="H" idref="s1_17"/>
				<edge label="DN" idref="s1_512"/>
			</nt>
			<nt id="s1_512" cat="pp">
				<edge label="H" idref="s1_18"/>
				<edge label="DP" idref="s1_513"/>
			</nt>
			<nt id="s1_513" cat="np">
				<edge label="DN" idref="s1_19"/>
				<edge label="H" idref="s1_20"/>
				<edge label="DN" idref="s1_21"/>
				<edge label="PU" idref="s1_28"/>
				<edge label="DNc" idref="s1_29"/>
			</nt>
			<nt id="s1_514" cat="fcl">
				<edge label="P" idref="s1_515"/>
				<edge label="PU" idref="s1_26"/>
				<edge label="S" idref="s1_27"/>
			</nt>
			<nt id="s1_515" cat="vp">
				<edge label="Vaux" idref="s1_24"/>
				<edge label="Vm" idref="s1_25"/>
			</nt>
			<nt id="s1_516" cat="x">
				<edge label="fA" idref="s1_517"/>
				<edge label="P" idref="s1_34"/>
				<edge label="fA" idref="s1_35"/>
			</nt>
			<nt id="s1_517" cat="pp">
				<edge label="H" idref="s1_32"/>
				<edge label="DP" idref="s1_33"/>
			</nt>
		</nonterminals>
	</graph>
</s>

<s id="s2" ref="2" source="Running text" forest="1" text="não respondem meus demais e quando respondem é a mesma história, ate gostaria de saber o que devo fazer com esta empresa que já lesou varias pessoas por confiar em eles.">
	<graph root="s2_500">
		<terminals>
			<t id="s2_1" word="não" lemma="não" pos="adv" morph="--" extra="--"/>
			<t id="s2_2" word="respondem" lemma="responder" pos="v-fin" morph="PR 3P IND VFIN" extra="nosubj nosubj nosubj nosubj nosubj nosubj nosubj nosubj cjt-head cjt-head-STA fmc mv"/>
			<t id="s2_3" word="meus" lemma="meu" pos="pron-poss" morph="DET M P" extra="poss 1S"/>
			<t id="s2_4" word="demais" lemma="demais" pos="pron-indef" morph="DET M/F S/P" extra="--"/>
			<t id="s2_5" word="e" lemma="e" pos="conj-c" morph="--" extra="topkc"/>
			<t id="s2_6" word="quando" lemma="quando" pos="adv" morph="--" extra="clb clb-fs rel ks"/>
			<t id="s2_7" word="respondem" lemma="responder" pos="v-fin" morph="PR 3P IND VFIN" extra="mv"/>
			<t id="s2_8" word="é" lemma="ser" pos="v-fin" morph="PR 3S IND VFIN" extra="nosubj nosubj cjt-STA vK fmc mv"/>
			<t id="s2_9" word="a" lemma="o" pos="art" morph="F S" extra="--"/>
			<t id="s2_10" word="mesma" lemma="mesmo" pos="pron-indef" morph="DET F S" extra="cjt-head cjt-head-Cs diff KOMP"/>
			<t id="s2_11" word="história" lemma="história" pos="n" morph="F S" sem="per domain sem-r" extra="cjt-Cs"/>
			<t id="s2_12" word="," lemma="--" pos="pu" morph="--" extra="--"/>
			<t id="s2_13" word="ate" lemma="atar" pos="v-fin" morph="PR 1/3S SUBJ VFIN" extra="nosubj nosubj cjt-STA vH fmc mv"/>
			<t id="s2_14" word="gostaria" lemma="gostar" pos="v-fin" morph="COND 1/3S VFIN" extra="nosubj nosubj cjt-STA vH fmc mv"/>
			<t id="s2_15" word="de" lemma="de" pos="prp" morph="--" extra="--"/>
			<t id="s2_16" word="saber" lemma="saber" pos="v-inf" morph="--" extra="mv"/>
			<t id="s2_17" word="o" lemma="o" pos="art" morph="M S" extra="--"/>
			<t id="s2_18" word="que" lemma="que" pos="spec" morph="M S" extra="clb clb-fs interr"/>
			<t id="s2_19" word="devo" lemma="dever" pos="v-fin" morph="PR 1S IND VFIN" extra="aux"/>
			<t id="s2_20" word="fazer" lemma="fazer" pos="v-inf" morph="--" extra="mv"/>
			<t id="s2_21" word="com" lemma="com" pos="prp" morph="--" extra="--"/>
			<t id="s2_22" word="esta" lemma="este" pos="pron-dem" morph="DET F S" extra="dem"/>
			<t id="s2_23" word="empresa" lemma="empresa" pos="n" morph="F S" sem="HH" extra="--"/>
			<t id="s2_24" word="que" lemma="que" pos="spec" morph="M S" extra="clb clb-fs rel"/>
			<t id="s2_25" word="já" lemma="já" pos="adv" morph="--" extra="--"/>
			<t id="s2_26" word="lesou" lemma="lesar" pos="v-fin" morph="PS 3S IND VFIN" extra="mv np-close"/>
			<t id="s2_27" word="varias" lemma="variar" pos="v-fin" morph="PR 2S IND VFIN" extra="nosubj nosubj cjt-STA fmc mv"/>
			<t id="s2_28" word="pessoas" lemma="pessoa" pos="n" morph="F P" sem="H" extra="--"/>
			<t id="s2_29" word="por" lemma="por" pos="prp" morph="--" extra="--"/>
			<t id="s2_30" word="confiar" lemma="confiar" pos="v-inf" morph="--" extra="vH mv"/>
			<t id="s2_31" word="em" lemma="em" pos="prp" morph="--" extra="sam-"/>
			<t id="s2_32" word="eles" lemma="eles" pos="pron-pers" morph="M 3P NOM/PIV" extra="-sam"/>
			<t id="s2_33" word="." lemma="--" pos="pu" morph="--" extra="--"/>
		</terminals>

		<nonterminals>
			<nt id="s2_500" cat="s">
				<edge label="STA" idref="s2_501"/>
			</nt>
			<nt id="s2_501" cat="par">
				<edge label="CJT" idref="s2_502"/>
				<edge label="CJT" idref="s2_503"/>
				<edge label="Cs" idref="s2_504"/>
				<edge label="Cs" idref="s2_508"/>
				<edge label="CJT" idref="s2_509"/>
				<edge label="PU" idref="s2_12"/>
				<edge label="CJT" idref="s2_13"/>
				<edge label="CJT" idref="s2_512"/>
				<edge label="CJT" idref="s2_520"/>
				<edge label="PU" idref="s2_33"/>
			</nt>
			<nt id="s2_502" cat="fcl">
				<edge label="fA" idref="s2_1"/>
				<edge label="P" idref="s2_2"/>
			</nt>
			<nt id="s2_503" cat="x">
			</nt>
			<nt id="s2_504" cat="par">
				<edge label="CJT" idref="s2_505"/>
				<edge label="Od" idref="s2_4"/>
				<edge label="fA" idref="s2_507"/>
				<edge label="P" idref="s2_8"/>
			</nt>
			<nt id="s2_505" cat="adjp">
				<edge label="CJT" idref="s2_506"/>
			</nt>
			<nt id="s2_506" cat="np">
				<edge label="DN" idref="s2_3"/>
			</nt>
			<nt id="s2_507" cat="fcl">
				<edge label="CO" idref="s2_5"/>
				<edge label="fA" idref="s2_6"/>
				<edge label="P" idref="s2_7"/>
				<edge label="CJT" idref="s2_510"/>
				<edge label="CJT" idref="s2_511"/>
			</nt>
			<nt id="s2_508" cat="par">
			</nt>
			<nt id="s2_509" cat="adjp">
			</nt>
			<nt id="s2_510" cat="np">
				<edge label="DN" idref="s2_9"/>
				<edge label="H" idref="s2_10"/>
			</nt>
			<nt id="s2_511" cat="np">
				<edge label="H" idref="s2_11"/>
			</nt>
			<nt id="s2_512" cat="x">
				<edge label="P" idref="s2_14"/>
				<edge label="Op" idref="s2_513"/>
			</nt>
			<nt id="s2_513" cat="pp">
				<edge label="H" idref="s2_15"/>
				<edge label="DP" idref="s2_514"/>
			</nt>
			<nt id="s2_514" cat="icl">
				<edge label="P" idref="s2_16"/>
				<edge label="Od" idref="s2_515"/>
			</nt>
			<nt id="s2_515" cat="fcl">
				<edge label="DN" idref="s2_17"/>
				<edge label="Od" idref="s2_18"/>
				<edge label="P" idref="s2_516"/>
				<edge label="fA" idref="s2_517"/>
			</nt>
			<nt id="s2_516" cat="vp">
				<edge label="Vaux" idref="s2_19"/>
				<edge label="Vm" idref="s2_20"/>
			</nt>
			<nt id="s2_517" cat="pp">
				<edge label="H" idref="s2_21"/>
				<edge label="DP" idref="s2_518"/>
			</nt>
			<nt id="s2_518" cat="np">
				<edge label="DN" idref="s2_22"/>
				<edge label="H" idref="s2_23"/>
				<edge label="DN" idref="s2_519"/>
			</nt>
			<nt id="s2_519" cat="fcl">
				<edge label="Od" idref="s2_24"/>
				<edge label="fA" idref="s2_25"/>
				<edge label="P" idref="s2_26"/>
			</nt>
			<nt id="s2_520" cat="x">
				<edge label="P" idref="s2_27"/>
				<edge label="Od" idref="s2_28"/>
				<edge label="fA" idref="s2_521"/>
			</nt>
			<nt id="s2_521" cat="pp">
				<edge label="H" idref="s2_29"/>
				<edge label="DP" idref="s2_522"/>
			</nt>
			<nt id="s2_522" cat="icl">
				<edge label="P" idref="s2_30"/>
				<edge label="Op" idref="s2_523"/>
			</nt>
			<nt id="s2_523" cat="pp">
				<edge label="H" idref="s2_31"/>
				<edge label="DP" idref="s2_32"/>
			</nt>
		</nonterminals>
	</graph>
</s>

<s id="s3" ref="3" source="Running text" forest="1" text="bando de ladrões, estou indignada com a falta de respeito deste site de compras.">
	<graph root="s3_500">
		<terminals>
			<t id="s3_1" word="bando" lemma="bando" pos="n" morph="M S" sem="HH AA Aorn sem-r" extra="--"/>
			<t id="s3_2" word="de" lemma="de" pos="prp" morph="--" extra="np-close"/>
			<t id="s3_3" word="ladrões" lemma="ladrão" pos="n" morph="M P" sem="Hprof" extra="--"/>
			<t id="s3_4" word="," lemma="--" pos="pu" morph="--" extra="--"/>
			<t id="s3_5" word="estou" lemma="estar" pos="v-fin" morph="PR 1S IND VFIN" extra="vK fmc mv"/>
			<t id="s3_6" word="indignada" lemma="indignar" pos="v-pcp" morph="F S" extra="jh mv"/>
			<t id="s3_7" word="com" lemma="com" pos="prp" morph="--" extra="--"/>
			<t id="s3_8" word="a" lemma="o" pos="art" morph="F S" extra="--"/>
			<t id="s3_9" word="falta" lemma="falta" pos="n" morph="F S" sem="f-c sit event" extra="--"/>
			<t id="s3_10" word="de_respeito" lemma="de_respeito" pos="adj" morph="F S" extra="np-close"/>
			<t id="s3_11" word="de" lemma="de" pos="prp" morph="--" extra="sam- np-close"/>
			<t id="s3_12" word="este" lemma="este" pos="pron-dem" morph="DET M S" extra="dem -sam"/>
			<t id="s3_13" word="site" lemma="site" pos="n" morph="M S" sem="Lh" extra="--"/>
			<t id="s3_14" word="de" lemma="de" pos="prp" morph="--" extra="np-close"/>
			<t id="s3_15" word="compras" lemma="compra" pos="n" morph="F P" sem="act cc" extra="--"/>
			<t id="s3_16" word="." lemma="--" pos="pu" morph="--" extra="--"/>
		</terminals>

		<nonterminals>
			<nt id="s3_500" cat="s">
				<edge label="STA" idref="s3_501"/>
			</nt>
			<nt id="s3_501" cat="fcl">
				<edge label="fAtop" idref="s3_502"/>
				<edge label="PU" idref="s3_4"/>
				<edge label="P" idref="s3_5"/>
				<edge label="Cs" idref="s3_504"/>
				<edge label="PU" idref="s3_16"/>
			</nt>
			<nt id="s3_502" cat="np">
				<edge label="H" idref="s3_1"/>
				<edge label="DN" idref="s3_503"/>
			</nt>
			<nt id="s3_503" cat="pp">
				<edge label="H" idref="s3_2"/>
				<edge label="DP" idref="s3_3"/>
			</nt>
			<nt id="s3_504" cat="icl">
				<edge label="P" idref="s3_6"/>
				<edge label="fA" idref="s3_505"/>
			</nt>
			<nt id="s3_505" cat="pp">
				<edge label="H" idref="s3_7"/>
				<edge label="DP" idref="s3_506"/>
			</nt>
			<nt id="s3_506" cat="np">
				<edge label="DN" idref="s3_8"/>
				<edge label="H" idref="s3_9"/>
				<edge label="DN" idref="s3_10"/>
				<edge label="DN" idref="s3_507"/>
			</nt>
			<nt id="s3_507" cat="pp">
				<edge label="H" idref="s3_11"/>
				<edge label="DP" idref="s3_508"/>
			</nt>
			<nt id="s3_508" cat="np">
				<edge label="DN" idref="s3_12"/>
				<edge label="H" idref="s3_13"/>
				<edge label="DN" idref="s3_509"/>
			</nt>
			<nt id="s3_509" cat="pp">
				<edge label="H" idref="s3_14"/>
				<edge label="DP" idref="s3_15"/>
			</nt>
		</nonterminals>
	</graph>
</s>

<s id="s4" ref="4" source="Running text" forest="1" text="atenciosamente.">
	<graph root="s4_500">
		<terminals>
			<t id="s4_1" word="atenciosamente" lemma="atenciosamente" pos="adv" morph="--" extra="--"/>
			<t id="s4_2" word="." lemma="--" pos="pu" morph="--" extra="--"/>
		</terminals>

		<nonterminals>
			<nt id="s4_500" cat="s">
				<edge label="UTT" idref="s4_501"/>
			</nt>
			<nt id="s4_501" cat="x">
				<edge label="fA" idref="s4_1"/>
				<edge label="PU" idref="s4_2"/>
			</nt>
		</nonterminals>
	</graph>
</s>

<s id="s5" ref="5" source="Running text" forest="1" text="marciana.">
	<graph root="s5_500">
		<terminals>
			<t id="s5_1" word="marciana" lemma="marciano" pos="adj" morph="F S" extra="nat jh"/>
			<t id="s5_2" word="." lemma="--" pos="pu" morph="--" extra="--"/>
		</terminals>

		<nonterminals>
			<nt id="s5_500" cat="s">
				<edge label="UTT" idref="s5_501"/>
			</nt>
			<nt id="s5_501" cat="x">
				<edge label="X" idref="s5_1"/>
				<edge label="PU" idref="s5_2"/>
			</nt>
		</nonterminals>
	</graph>
</s>

	</body>
</corpus>
