<?xml version="1.0" encoding="UTF-8"?>
<corpus>

	<body>
<s id="s1" ref="1" source="Running text" forest="1" text="um lixo, ruim de pegar sinal, a tela de ele é horrível, a câmera é pior do que a do meu chinelo.">
	<graph root="s1_500">
		<terminals>
			<t id="s1_1" word="um" lemma="um" pos="art" morph="M S" extra="--"/>
			<t id="s1_2" word="lixo" lemma="lixo" pos="n" morph="M S" sem="cm-h" extra="--"/>
			<t id="s1_3" word="," lemma="--" pos="pu" morph="--" extra="--"/>
			<t id="s1_4" word="ruim" lemma="ruim" pos="adj" morph="M/F S" extra="--"/>
			<t id="s1_5" word="de" lemma="de" pos="prp" morph="--" extra="--"/>
			<t id="s1_6" word="pegar" lemma="pegar" pos="v-inf" morph="--" extra="mv"/>
			<t id="s1_7" word="sinal" lemma="sinal" pos="n" morph="M S" sem="percep-l percep-w ac ac-sign mon sem-r sick-c" extra="--"/>
			<t id="s1_8" word="," lemma="--" pos="pu" morph="--" extra="--"/>
			<t id="s1_9" word="a" lemma="o" pos="art" morph="F S" extra="--"/>
			<t id="s1_10" word="tela" lemma="tela" pos="n" morph="F S" sem="cc-h pict mat-cloth" extra="--"/>
			<t id="s1_11" word="de" lemma="de" pos="prp" morph="--" extra="sam- np-close"/>
			<t id="s1_12" word="ele" lemma="ele" pos="pron-pers" morph="M 3S NOM/PIV" extra="-sam"/>
			<t id="s1_13" word="é" lemma="ser" pos="v-fin" morph="PR 3S IND VFIN" extra="cjt-head cjt-head-STA vK fmc mv"/>
			<t id="s1_14" word="horrível" lemma="horrível" pos="adj" morph="F S" extra="--"/>
			<t id="s1_15" word="," lemma="--" pos="pu" morph="--" extra="--"/>
			<t id="s1_16" word="a" lemma="o" pos="art" morph="F S" extra="--"/>
			<t id="s1_17" word="câmera" lemma="c�=mera" pos="n" morph="F S" sem="tool" extra="--"/>
			<t id="s1_18" word="é" lemma="ser" pos="v-fin" morph="PR 3S IND VFIN" extra="cjt-STA vK fmc mv"/>
			<t id="s1_19" word="pior" lemma="mau" pos="adj" morph="F S" extra="KOMP SUP"/>
			<t id="s1_20" word="do_que" lemma="do_que" pos="conj-s" morph="--" extra="com"/>
			<t id="s1_21" word="a" lemma="o" pos="pron-dem" morph="DET F S" extra="dem"/>
			<t id="s1_22" word="de" lemma="de" pos="prp" morph="--" extra="sam- np-close"/>
			<t id="s1_23" word="o" lemma="o" pos="art" morph="M S" extra="-sam "/>
			<t id="s1_24" word="meu" lemma="meu" pos="pron-poss" morph="DET M S" extra="poss 1S"/>
			<t id="s1_25" word="chinelo" lemma="chinelo" pos="n" morph="M S" sem="cloH-shoe" extra="--"/>
			<t id="s1_26" word="." lemma="--" pos="pu" morph="--" extra="--"/>
		</terminals>

		<nonterminals>
			<nt id="s1_500" cat="s">
				<edge label="fCs" idref="s1_501"/>
			</nt>
			<nt id="s1_501" cat="pp">
				<edge label="DP" idref="s1_502"/>
				<edge label="PU" idref="s1_3"/>
				<edge label="H" idref="s1_5"/>
				<edge label="PU" idref="s1_8"/>
				<edge label="STA" idref="s1_504"/>
				<edge label="PU" idref="s1_26"/>
			</nt>
			<nt id="s1_502" cat="icl">
				<edge label="fCs" idref="s1_503"/>
				<edge label="fCs" idref="s1_4"/>
				<edge label="P" idref="s1_6"/>
				<edge label="Od" idref="s1_7"/>
			</nt>
			<nt id="s1_503" cat="np">
				<edge label="DN" idref="s1_1"/>
				<edge label="H" idref="s1_2"/>
			</nt>
			<nt id="s1_504" cat="par">
				<edge label="CJT" idref="s1_505"/>
				<edge label="PU" idref="s1_15"/>
				<edge label="CJT" idref="s1_508"/>
			</nt>
			<nt id="s1_505" cat="fcl">
				<edge label="S" idref="s1_506"/>
				<edge label="P" idref="s1_13"/>
				<edge label="Cs" idref="s1_14"/>
			</nt>
			<nt id="s1_506" cat="np">
				<edge label="DN" idref="s1_9"/>
				<edge label="H" idref="s1_10"/>
				<edge label="DN" idref="s1_507"/>
			</nt>
			<nt id="s1_507" cat="pp">
				<edge label="H" idref="s1_11"/>
				<edge label="DP" idref="s1_12"/>
			</nt>
			<nt id="s1_508" cat="fcl">
				<edge label="S" idref="s1_509"/>
				<edge label="H" idref="s1_17"/>
				<edge label="P" idref="s1_18"/>
				<edge label="Cs" idref="s1_510"/>
			</nt>
			<nt id="s1_509" cat="np">
				<edge label="DN" idref="s1_16"/>
				<edge label="DN" idref="s1_512"/>
			</nt>
			<nt id="s1_510" cat="adjp">
				<edge label="H" idref="s1_19"/>
				<edge label="DAcom" idref="s1_511"/>
			</nt>
			<nt id="s1_511" cat="acl">
				<edge label="H" idref="s1_20"/>
				<edge label="X" idref="s1_21"/>
			</nt>
			<nt id="s1_512" cat="pp">
				<edge label="H" idref="s1_22"/>
				<edge label="DP" idref="s1_513"/>
			</nt>
			<nt id="s1_513" cat="np">
				<edge label="DN" idref="s1_23"/>
				<edge label="DN" idref="s1_24"/>
				<edge label="H" idref="s1_25"/>
			</nt>
		</nonterminals>
	</graph>
</s>

<s id="s2" ref="2" source="Running text" forest="1" text="o que gostei um ótimo mp3 player o que não gostei aparelho péssimo de sinal, depois de uma semana de comprado, apresentou problema, a assistência técnica é um lixo, o aparelho foi consertado depois de number meses, e quando retornou não pegava sinal, levei novamente e disseram que era a localidade onde eu estava, mas todos os lugares que eu ia não pegava sinal direito..">
	<graph root="s2_500">
		<terminals>
			<t id="s2_1" word="o" lemma="o" pos="pron-dem" morph="DET M S" extra="dem"/>
			<t id="s2_2" word="que" lemma="que" pos="spec" morph="M S" extra="clb clb-fs rel"/>
			<t id="s2_3" word="gostei" lemma="gostar" pos="v-fin" morph="PS 1S IND VFIN" extra="vH mv np-close"/>
			<t id="s2_4" word="um" lemma="um" pos="art" morph="M S" extra="--"/>
			<t id="s2_5" word="ótimo" lemma="bom" pos="adj" morph="M S" extra="SUP"/>
			<t id="s2_6" word="mp3" lemma="mp3" pos="n" morph="M S" extra="heur"/>
			<t id="s2_7" word="player" lemma="player" pos="n" morph="M S" sem="tool" extra="--"/>
			<t id="s2_8" word="o" lemma="o" pos="pron-dem" morph="DET M S" extra="dem"/>
			<t id="s2_9" word="que" lemma="que" pos="spec" morph="M S" extra="clb clb-fs rel"/>
			<t id="s2_10" word="não" lemma="não" pos="adv" morph="--" extra="--"/>
			<t id="s2_11" word="gostei" lemma="gostar" pos="v-fin" morph="PS 1S IND VFIN" extra="vH mv np-close"/>
			<t id="s2_12" word="aparelho" lemma="aparelho" pos="n" morph="M S" sem="tool" extra="--"/>
			<t id="s2_13" word="péssimo" lemma="mal" pos="adj" morph="M S" extra="SUP np-close"/>
			<t id="s2_14" word="de" lemma="de" pos="prp" morph="--" extra="np-close"/>
			<t id="s2_15" word="sinal" lemma="sinal" pos="n" morph="M S" sem="percep-l percep-w ac ac-sign mon sem-r sick-c" extra="--"/>
			<t id="s2_16" word="," lemma="--" pos="pu" morph="--" extra="--"/>
			<t id="s2_17" word="depois" lemma="depois" pos="adv" morph="--" extra="--"/>
			<t id="s2_18" word="de" lemma="de" pos="prp" morph="--" extra="--"/>
			<t id="s2_19" word="uma" lemma="uma" pos="num" morph="F S" extra="card"/>
			<t id="s2_20" word="semana" lemma="semana" pos="n" morph="F S" sem="dur" extra="--"/>
			<t id="s2_21" word="de" lemma="de" pos="prp" morph="--" extra="np-close"/>
			<t id="s2_22" word="comprado" lemma="comprar" pos="v-pcp" morph="M S" extra="vH"/>
			<t id="s2_23" word="," lemma="--" pos="pu" morph="--" extra="--"/>
			<t id="s2_24" word="apresentou" lemma="apresentar" pos="v-fin" morph="PS 3S IND VFIN" extra="nosubj nosubj nosubj nosubj nosubj nosubj nosubj nosubj cjt-head cjt-head-STA vH fmc mv"/>
			<t id="s2_25" word="problema" lemma="problema" pos="n" morph="M S" sem="ac" extra="--"/>
			<t id="s2_26" word="," lemma="--" pos="pu" morph="--" extra="--"/>
			<t id="s2_27" word="a" lemma="o" pos="art" morph="F S" extra="--"/>
			<t id="s2_28" word="assistência" lemma="assistência" pos="n" morph="F S" sem="am" extra="--"/>
			<t id="s2_29" word="técnica" lemma="técnico" pos="adj" morph="F S" extra="nh np-close"/>
			<t id="s2_30" word="é" lemma="ser" pos="v-fin" morph="PR 3S IND VFIN" extra="cjt-STA vK fmc mv"/>
			<t id="s2_31" word="um" lemma="um" pos="art" morph="M S" extra="--"/>
			<t id="s2_32" word="lixo" lemma="lixo" pos="n" morph="M S" sem="cm-h" extra="--"/>
			<t id="s2_33" word="," lemma="--" pos="pu" morph="--" extra="--"/>
			<t id="s2_34" word="o" lemma="o" pos="art" morph="M S" extra="--"/>
			<t id="s2_35" word="aparelho" lemma="aparelho" pos="n" morph="M S" sem="tool" extra="--"/>
			<t id="s2_36" word="foi" lemma="ser" pos="v-fin" morph="PS 3S IND VFIN" extra="cjt-STA fmc aux"/>
			<t id="s2_37" word="consertado" lemma="consertar" pos="v-pcp" morph="M S" extra="vH mv"/>
			<t id="s2_38" word="depois" lemma="depois" pos="adv" morph="--" extra="--"/>
			<t id="s2_39" word="de" lemma="de" pos="prp" morph="--" extra="--"/>
			<t id="s2_40" word="number" lemma="number" pos="n" morph="M S" extra="heur"/>
			<t id="s2_41" word="meses" lemma="mês" pos="n" morph="M P" sem="dur per unit" extra="--"/>
			<t id="s2_42" word="," lemma="--" pos="pu" morph="--" extra="--"/>
			<t id="s2_43" word="e" lemma="e" pos="conj-c" morph="--" extra="--"/>
			<t id="s2_44" word="quando" lemma="quando" pos="adv" morph="--" extra="clb clb-fs rel ks"/>
			<t id="s2_45" word="retornou" lemma="retornar" pos="v-fin" morph="PS 3S IND VFIN" extra="vH mv"/>
			<t id="s2_46" word="não" lemma="não" pos="adv" morph="--" extra="--"/>
			<t id="s2_47" word="pegava" lemma="pegar" pos="v-fin" morph="IMPF 3S IND VFIN" extra="nosubj nosubj cjt-STA fmc mv"/>
			<t id="s2_48" word="sinal" lemma="sinal" pos="n" morph="M S" sem="percep-l percep-w ac ac-sign mon sem-r sick-c" extra="--"/>
			<t id="s2_49" word="," lemma="--" pos="pu" morph="--" extra="--"/>
			<t id="s2_50" word="levei" lemma="levar" pos="v-fin" morph="PS 1S IND VFIN" extra="nosubj nosubj cjt-STA fmc mv"/>
			<t id="s2_51" word="novamente" lemma="novamente" pos="adv" morph="--" extra="--"/>
			<t id="s2_52" word="e" lemma="e" pos="conj-c" morph="--" extra="--"/>
			<t id="s2_53" word="disseram" lemma="dizer" pos="v-fin" morph="PS/MQP 3P IND VFIN" extra="nosubj nosubj cjt-STA vH fmc mv"/>
			<t id="s2_54" word="que" lemma="que" pos="conj-s" morph="--" extra="clb clb-fs"/>
			<t id="s2_55" word="era" lemma="ser" pos="v-fin" morph="IMPF 1/3S IND VFIN" extra="vK mv"/>
			<t id="s2_56" word="a" lemma="o" pos="art" morph="F S" extra="--"/>
			<t id="s2_57" word="localidade" lemma="localidade" pos="n" morph="F S" sem="Labs Lciv" extra="--"/>
			<t id="s2_58" word="onde" lemma="onde" pos="adv" morph="--" extra="clb clb-fs rel ks"/>
			<t id="s2_59" word="eu" lemma="eu" pos="pron-pers" morph="M/F 1S NOM" extra="--"/>
			<t id="s2_60" word="estava" lemma="estar" pos="v-fin" morph="IMPF 1S IND VFIN" extra="mv np-close"/>
			<t id="s2_61" word="," lemma="--" pos="pu" morph="--" extra="--"/>
			<t id="s2_62" word="mas" lemma="mas" pos="conj-c" morph="--" extra="--"/>
			<t id="s2_63" word="todos_os" lemma="todo_o" pos="pron-indef" morph="DET M P" extra="quant"/>
			<t id="s2_64" word="lugares" lemma="lugar" pos="n" morph="M P" sem="L Labs" extra="--"/>
			<t id="s2_65" word="que" lemma="que" pos="spec" morph="M/F S/P" extra="clb clb-fs rel"/>
			<t id="s2_66" word="eu" lemma="eu" pos="pron-pers" morph="M/F 1S NOM" extra="--"/>
			<t id="s2_67" word="ia" lemma="ir" pos="v-fin" morph="IMPF 1S IND VFIN" extra="mv np-close"/>
			<t id="s2_68" word="não" lemma="não" pos="adv" morph="--" extra="--"/>
			<t id="s2_69" word="pegava" lemma="pegar" pos="v-fin" morph="IMPF 1/3S IND VFIN" extra="cjt-STA fmc mv"/>
			<t id="s2_70" word="sinal" lemma="sinal" pos="n" morph="M S" sem="percep-l percep-w ac ac-sign mon sem-r sick-c" extra="--"/>
			<t id="s2_71" word="direito" lemma="direito" pos="adj" morph="M S" extra="jh np-close"/>
			<t id="s2_72" word="." lemma="--" pos="pu" morph="--" extra="--"/>
			<t id="s2_73" word="." lemma="--" pos="pu" morph="--" extra="--"/>
		</terminals>

		<nonterminals>
			<nt id="s2_500" cat="s">
				<edge label="UTT" idref="s2_501"/>
			</nt>
			<nt id="s2_501" cat="x">
				<edge label="DN" idref="s2_504"/>
				<edge label="S" idref="s2_2"/>
				<edge label="P" idref="s2_3"/>
				<edge label="CJT" idref="s2_505"/>
				<edge label="STA" idref="s2_507"/>
				<edge label="CJT" idref="s2_508"/>
				<edge label="CJT" idref="s2_509"/>
				<edge label="PU" idref="s2_26"/>
				<edge label="PU" idref="s2_33"/>
				<edge label="PU" idref="s2_49"/>
				<edge label="CJT" idref="s2_524"/>
				<edge label="CJT" idref="s2_525"/>
				<edge label="CJT" idref="s2_529"/>
				<edge label="PU" idref="s2_72"/>
				<edge label="PU" idref="s2_73"/>
			</nt>
			<nt id="s2_502" cat="x">
				<edge label="fA" idref="s2_503"/>
			</nt>
			<nt id="s2_503" cat="fcl">
				<edge label="S" idref="s2_1"/>
			</nt>
			<nt id="s2_504" cat="fcl">
			</nt>
			<nt id="s2_505" cat="fcl">
				<edge label="S" idref="s2_506"/>
			</nt>
			<nt id="s2_506" cat="np">
				<edge label="DN" idref="s2_4"/>
				<edge label="DN" idref="s2_5"/>
				<edge label="H" idref="s2_6"/>
			</nt>
			<nt id="s2_507" cat="par">
			</nt>
			<nt id="s2_508" cat="fcl">
			</nt>
			<nt id="s2_509" cat="fcl">
				<edge label="S" idref="s2_510"/>
				<edge label="S" idref="s2_8"/>
				<edge label="S" idref="s2_512"/>
				<edge label="PU" idref="s2_16"/>
				<edge label="fA" idref="s2_514"/>
				<edge label="PU" idref="s2_23"/>
				<edge label="P" idref="s2_24"/>
				<edge label="Od" idref="s2_25"/>
				<edge label="S" idref="s2_518"/>
				<edge label="P" idref="s2_30"/>
				<edge label="Cs" idref="s2_519"/>
				<edge label="S" idref="s2_520"/>
				<edge label="P" idref="s2_521"/>
				<edge label="fA" idref="s2_522"/>
				<edge label="Od" idref="s2_41"/>
				<edge label="P" idref="s2_47"/>
				<edge label="Od" idref="s2_48"/>
			</nt>
			<nt id="s2_510" cat="np">
				<edge label="H" idref="s2_7"/>
				<edge label="DN" idref="s2_511"/>
			</nt>
			<nt id="s2_511" cat="fcl">
				<edge label="S" idref="s2_9"/>
				<edge label="fA" idref="s2_10"/>
				<edge label="P" idref="s2_11"/>
			</nt>
			<nt id="s2_512" cat="np">
				<edge label="H" idref="s2_12"/>
				<edge label="DN" idref="s2_13"/>
				<edge label="DN" idref="s2_513"/>
			</nt>
			<nt id="s2_513" cat="pp">
				<edge label="H" idref="s2_14"/>
				<edge label="DP" idref="s2_15"/>
			</nt>
			<nt id="s2_514" cat="advp">
				<edge label="H" idref="s2_17"/>
				<edge label="DA" idref="s2_515"/>
			</nt>
			<nt id="s2_515" cat="pp">
				<edge label="H" idref="s2_18"/>
				<edge label="DP" idref="s2_516"/>
			</nt>
			<nt id="s2_516" cat="np">
				<edge label="DN" idref="s2_19"/>
				<edge label="H" idref="s2_20"/>
				<edge label="DN" idref="s2_517"/>
				<edge label="PU" idref="s2_42"/>
				<edge label="CO" idref="s2_43"/>
				<edge label="CO" idref="s2_52"/>
			</nt>
			<nt id="s2_517" cat="pp">
				<edge label="H" idref="s2_21"/>
				<edge label="DP" idref="s2_22"/>
			</nt>
			<nt id="s2_518" cat="np">
				<edge label="DN" idref="s2_27"/>
				<edge label="H" idref="s2_28"/>
				<edge label="DN" idref="s2_29"/>
			</nt>
			<nt id="s2_519" cat="np">
				<edge label="DN" idref="s2_31"/>
				<edge label="H" idref="s2_32"/>
			</nt>
			<nt id="s2_520" cat="np">
				<edge label="DN" idref="s2_34"/>
				<edge label="H" idref="s2_35"/>
			</nt>
			<nt id="s2_521" cat="vp">
				<edge label="Vaux" idref="s2_36"/>
				<edge label="Vm" idref="s2_37"/>
			</nt>
			<nt id="s2_522" cat="advp">
				<edge label="H" idref="s2_38"/>
				<edge label="DA" idref="s2_523"/>
				<edge label="fA" idref="s2_44"/>
				<edge label="P" idref="s2_45"/>
				<edge label="fA" idref="s2_46"/>
			</nt>
			<nt id="s2_523" cat="pp">
				<edge label="H" idref="s2_39"/>
				<edge label="DP" idref="s2_40"/>
			</nt>
			<nt id="s2_524" cat="x">
				<edge label="P" idref="s2_50"/>
				<edge label="fA" idref="s2_51"/>
			</nt>
			<nt id="s2_525" cat="x">
				<edge label="P" idref="s2_53"/>
				<edge label="Od" idref="s2_526"/>
			</nt>
			<nt id="s2_526" cat="fcl">
				<edge label="SUB" idref="s2_54"/>
				<edge label="P" idref="s2_55"/>
				<edge label="Cs" idref="s2_527"/>
			</nt>
			<nt id="s2_527" cat="np">
				<edge label="DN" idref="s2_56"/>
				<edge label="H" idref="s2_57"/>
				<edge label="DN" idref="s2_528"/>
			</nt>
			<nt id="s2_528" cat="fcl">
				<edge label="fA" idref="s2_58"/>
				<edge label="S" idref="s2_59"/>
				<edge label="P" idref="s2_60"/>
				<edge label="PU" idref="s2_61"/>
				<edge label="CO" idref="s2_62"/>
			</nt>
			<nt id="s2_529" cat="fcl">
				<edge label="S" idref="s2_530"/>
				<edge label="P" idref="s2_69"/>
				<edge label="Od" idref="s2_532"/>
			</nt>
			<nt id="s2_530" cat="np">
				<edge label="DN" idref="s2_63"/>
				<edge label="H" idref="s2_64"/>
				<edge label="DN" idref="s2_531"/>
			</nt>
			<nt id="s2_531" cat="fcl">
				<edge label="fA" idref="s2_65"/>
				<edge label="S" idref="s2_66"/>
				<edge label="P" idref="s2_67"/>
				<edge label="fA" idref="s2_68"/>
			</nt>
			<nt id="s2_532" cat="np">
				<edge label="H" idref="s2_70"/>
				<edge label="DN" idref="s2_71"/>
			</nt>
		</nonterminals>
	</graph>
</s>

	</body>
</corpus>
