<?xml version="1.0" encoding="UTF-8"?>
<corpus>

	<body>
<s id="s1" ref="1" source="Running text" forest="1" text="péssimo produto, só me deu problemas, e agora tem teclas que não funcionam..">
	<graph root="s1_500">
		<terminals>
			<t id="s1_1" word="péssimo" lemma="mal" pos="adj" morph="M S" extra="SUP"/>
			<t id="s1_2" word="produto" lemma="produto" pos="n" morph="M S" sem="cc-h mon ac-cat" extra="--"/>
			<t id="s1_3" word="," lemma="--" pos="pu" morph="--" extra="--"/>
			<t id="s1_4" word="só" lemma="só" pos="adv" morph="--" extra="--"/>
			<t id="s1_5" word="me" lemma="eu" pos="pron-pers" morph="M/F 1S DAT" extra="refl"/>
			<t id="s1_6" word="deu" lemma="dar" pos="v-fin" morph="PS 3S IND VFIN" extra="nosubj nosubj cjt-head cjt-head-STA fmc mv"/>
			<t id="s1_7" word="problemas" lemma="problema" pos="n" morph="M P" sem="ac" extra="--"/>
			<t id="s1_8" word="," lemma="--" pos="pu" morph="--" extra="--"/>
			<t id="s1_9" word="e" lemma="e" pos="conj-c" morph="--" extra="clb"/>
			<t id="s1_10" word="agora" lemma="agora" pos="adv" morph="--" extra="kc"/>
			<t id="s1_11" word="tem" lemma="ter" pos="v-fin" morph="PR 3S IND VFIN" extra="nosubj nosubj cjt-STA fmc mv"/>
			<t id="s1_12" word="teclas" lemma="tecla" pos="n" morph="F P" sem="tool" extra="--"/>
			<t id="s1_13" word="que" lemma="que" pos="spec" morph="M S" extra="clb clb-fs rel"/>
			<t id="s1_14" word="não" lemma="não" pos="adv" morph="--" extra="--"/>
			<t id="s1_15" word="funcionam" lemma="funcionar" pos="v-fin" morph="PR 3P IND VFIN" extra="mv np-close"/>
			<t id="s1_16" word="." lemma="--" pos="pu" morph="--" extra="--"/>
			<t id="s1_17" word="." lemma="--" pos="pu" morph="--" extra="--"/>
		</terminals>

		<nonterminals>
			<nt id="s1_500" cat="s">
				<edge label="STA" idref="s1_501"/>
			</nt>
			<nt id="s1_501" cat="par">
				<edge label="CJT" idref="s1_502"/>
				<edge label="PU" idref="s1_8"/>
				<edge label="CO" idref="s1_9"/>
				<edge label="CJT" idref="s1_504"/>
				<edge label="PU" idref="s1_16"/>
				<edge label="PU" idref="s1_17"/>
			</nt>
			<nt id="s1_502" cat="fcl">
				<edge label="fAtop" idref="s1_503"/>
				<edge label="PU" idref="s1_3"/>
				<edge label="fA" idref="s1_4"/>
				<edge label="Oi" idref="s1_5"/>
				<edge label="P" idref="s1_6"/>
				<edge label="Od" idref="s1_7"/>
			</nt>
			<nt id="s1_503" cat="np">
				<edge label="DN" idref="s1_1"/>
				<edge label="H" idref="s1_2"/>
			</nt>
			<nt id="s1_504" cat="x">
				<edge label="fA" idref="s1_10"/>
				<edge label="P" idref="s1_11"/>
				<edge label="Od" idref="s1_505"/>
			</nt>
			<nt id="s1_505" cat="np">
				<edge label="H" idref="s1_12"/>
				<edge label="DN" idref="s1_506"/>
			</nt>
			<nt id="s1_506" cat="fcl">
				<edge label="S" idref="s1_13"/>
				<edge label="fA" idref="s1_14"/>
				<edge label="P" idref="s1_15"/>
			</nt>
		</nonterminals>
	</graph>
</s>

	</body>
</corpus>
