<?xml version="1.0" encoding="UTF-8"?>
<corpus>

	<body>
<s id="s1" ref="1" source="Running text" forest="1" text="foi comprado chip de várias operadoras e, mesmo assim, fica sempre fora de a área de serviço.">
	<graph root="s1_500">
		<terminals>
			<t id="s1_1" word="foi" lemma="ser" pos="v-fin" morph="PS 3S IND VFIN" extra="predco predco fmc aux"/>
			<t id="s1_2" word="comprado" lemma="comprar" pos="v-pcp" morph="M S" extra="vH mv"/>
			<t id="s1_3" word="chip" lemma="chip" pos="n" morph="M S" sem="cc" extra="--"/>
			<t id="s1_4" word="de" lemma="de" pos="prp" morph="--" extra="np-close"/>
			<t id="s1_5" word="várias" lemma="várias" pos="pron-indef" morph="DET F P" extra="quant"/>
			<t id="s1_6" word="operadoras" lemma="operadora" pos="n" morph="F P" sem="Hprof" extra="--"/>
			<t id="s1_7" word="e" lemma="e" pos="conj-c" morph="--" extra="--"/>
			<t id="s1_8" word="," lemma="--" pos="pu" morph="--" extra="--"/>
			<t id="s1_9" word="mesmo_assim" lemma="mesmo_assim" pos="adv" morph="--" extra="kc"/>
			<t id="s1_10" word="," lemma="--" pos="pu" morph="--" extra="--"/>
			<t id="s1_11" word="fica" lemma="ficar" pos="v-fin" morph="PR 3S IND VFIN" extra="nosubj nosubj cjt-STA fmc mv"/>
			<t id="s1_12" word="sempre" lemma="sempre" pos="adv" morph="--" extra="--"/>
			<t id="s1_13" word="fora_de" lemma="fora_de" pos="prp" morph="--" extra="sam-"/>
			<t id="s1_14" word="a" lemma="o" pos="art" morph="F S" extra=" -sam"/>
			<t id="s1_15" word="área" lemma="área" pos="n" morph="F S" sem="L Lh" extra="--"/>
			<t id="s1_16" word="de" lemma="de" pos="prp" morph="--" extra="np-close"/>
			<t id="s1_17" word="serviço" lemma="serviço" pos="n" morph="M S" sem="act-d" extra="--"/>
			<t id="s1_18" word="." lemma="--" pos="pu" morph="--" extra="--"/>
		</terminals>

		<nonterminals>
			<nt id="s1_500" cat="s">
				<edge label="STA" idref="s1_501"/>
			</nt>
			<nt id="s1_501" cat="fcl">
				<edge label="X" idref="s1_502"/>
				<edge label="PU" idref="s1_18"/>
			</nt>
			<nt id="s1_502" cat="par">
				<edge label="CJT" idref="s1_503"/>
				<edge label="PU" idref="s1_8"/>
				<edge label="CJT" idref="s1_508"/>
			</nt>
			<nt id="s1_503" cat="x">
				<edge label="P" idref="s1_504"/>
				<edge label="S" idref="s1_505"/>
			</nt>
			<nt id="s1_504" cat="vp">
				<edge label="Vaux" idref="s1_1"/>
				<edge label="Vm" idref="s1_2"/>
			</nt>
			<nt id="s1_505" cat="np">
				<edge label="H" idref="s1_3"/>
				<edge label="DN" idref="s1_506"/>
			</nt>
			<nt id="s1_506" cat="pp">
				<edge label="H" idref="s1_4"/>
				<edge label="DP" idref="s1_507"/>
			</nt>
			<nt id="s1_507" cat="np">
				<edge label="DN" idref="s1_5"/>
				<edge label="H" idref="s1_6"/>
				<edge label="CO" idref="s1_7"/>
			</nt>
			<nt id="s1_508" cat="x">
				<edge label="fA" idref="s1_9"/>
				<edge label="PU" idref="s1_10"/>
				<edge label="P" idref="s1_11"/>
				<edge label="fA" idref="s1_12"/>
				<edge label="As" idref="s1_509"/>
			</nt>
			<nt id="s1_509" cat="pp">
				<edge label="H" idref="s1_13"/>
				<edge label="DP" idref="s1_510"/>
			</nt>
			<nt id="s1_510" cat="np">
				<edge label="DN" idref="s1_14"/>
				<edge label="H" idref="s1_15"/>
				<edge label="DN" idref="s1_511"/>
			</nt>
			<nt id="s1_511" cat="pp">
				<edge label="H" idref="s1_16"/>
				<edge label="DP" idref="s1_17"/>
			</nt>
		</nonterminals>
	</graph>
</s>

<s id="s2" ref="2" source="Running text" forest="1" text="o que gostei vem com cartão de memória o que não gostei não aceita todas as operadoras, sempre fora de a área de serviço..">
	<graph root="s2_500">
		<terminals>
			<t id="s2_1" word="o" lemma="o" pos="pron-dem" morph="DET M S" extra="dem"/>
			<t id="s2_2" word="que" lemma="que" pos="spec" morph="M S" extra="clb clb-fs rel"/>
			<t id="s2_3" word="gostei" lemma="gostar" pos="v-fin" morph="PS 1S IND VFIN" extra="vH mv np-close"/>
			<t id="s2_4" word="vem" lemma="vir" pos="v-fin" morph="PR 3S IND VFIN" extra="cjt-head cjt-head-STA fmc mv"/>
			<t id="s2_5" word="com" lemma="com" pos="prp" morph="--" extra="--"/>
			<t id="s2_6" word="cartão" lemma="cartão" pos="n" morph="M S" sem="cm cc-r" extra="--"/>
			<t id="s2_7" word="de_memória" lemma="de_memória" pos="adv" morph="--" sem="pp" extra="--"/>
			<t id="s2_8" word="o_que" lemma="o_que" pos="spec" morph="M S" extra="clb clb-fs rel"/>
			<t id="s2_9" word="não" lemma="não" pos="adv" morph="--" extra="--"/>
			<t id="s2_10" word="gostei" lemma="gostar" pos="v-fin" morph="PS 1S IND VFIN" extra="vH mv np-close"/>
			<t id="s2_11" word="não" lemma="não" pos="adv" morph="--" extra="--"/>
			<t id="s2_12" word="aceita" lemma="aceitar" pos="v-fin" morph="PR 3S IND VFIN" extra="cjt-STA vH fmc mv"/>
			<t id="s2_13" word="todas_as" lemma="todo_o" pos="pron-indef" morph="DET F P" extra="quant"/>
			<t id="s2_14" word="operadoras" lemma="operadora" pos="n" morph="F P" sem="Hprof" extra="--"/>
			<t id="s2_15" word="," lemma="--" pos="pu" morph="--" extra="--"/>
			<t id="s2_16" word="sempre" lemma="sempre" pos="adv" morph="--" extra="--"/>
			<t id="s2_17" word="fora_de" lemma="fora_de" pos="prp" morph="--" extra="sam-"/>
			<t id="s2_18" word="a" lemma="o" pos="art" morph="F S" extra=" -sam"/>
			<t id="s2_19" word="área" lemma="área" pos="n" morph="F S" sem="L Lh" extra="--"/>
			<t id="s2_20" word="de" lemma="de" pos="prp" morph="--" extra="np-close"/>
			<t id="s2_21" word="serviço" lemma="serviço" pos="n" morph="M S" sem="act-d" extra="--"/>
			<t id="s2_22" word="." lemma="--" pos="pu" morph="--" extra="--"/>
			<t id="s2_23" word="." lemma="--" pos="pu" morph="--" extra="--"/>
		</terminals>

		<nonterminals>
			<nt id="s2_500" cat="s">
				<edge label="UTT" idref="s2_501"/>
			</nt>
			<nt id="s2_501" cat="x">
				<edge label="DN" idref="s2_504"/>
				<edge label="S" idref="s2_2"/>
				<edge label="P" idref="s2_3"/>
				<edge label="CJT" idref="s2_508"/>
				<edge label="PU" idref="s2_22"/>
				<edge label="PU" idref="s2_23"/>
			</nt>
			<nt id="s2_502" cat="par">
				<edge label="CJT" idref="s2_503"/>
			</nt>
			<nt id="s2_503" cat="fcl">
				<edge label="S" idref="s2_1"/>
			</nt>
			<nt id="s2_504" cat="fcl">
				<edge label="P" idref="s2_4"/>
				<edge label="fA" idref="s2_505"/>
				<edge label="fA" idref="s2_7"/>
			</nt>
			<nt id="s2_505" cat="pp">
				<edge label="H" idref="s2_5"/>
				<edge label="DP" idref="s2_506"/>
			</nt>
			<nt id="s2_506" cat="np">
				<edge label="H" idref="s2_6"/>
				<edge label="DN" idref="s2_507"/>
			</nt>
			<nt id="s2_507" cat="fcl">
				<edge label="Od" idref="s2_8"/>
				<edge label="fA" idref="s2_9"/>
				<edge label="P" idref="s2_10"/>
				<edge label="fA" idref="s2_11"/>
			</nt>
			<nt id="s2_508" cat="fcl">
				<edge label="P" idref="s2_12"/>
				<edge label="S" idref="s2_509"/>
				<edge label="PU" idref="s2_15"/>
				<edge label="fA" idref="s2_16"/>
				<edge label="fA" idref="s2_510"/>
			</nt>
			<nt id="s2_509" cat="np">
				<edge label="DN" idref="s2_13"/>
				<edge label="H" idref="s2_14"/>
			</nt>
			<nt id="s2_510" cat="pp">
				<edge label="H" idref="s2_17"/>
				<edge label="DP" idref="s2_511"/>
			</nt>
			<nt id="s2_511" cat="np">
				<edge label="DN" idref="s2_18"/>
				<edge label="H" idref="s2_19"/>
				<edge label="DN" idref="s2_512"/>
			</nt>
			<nt id="s2_512" cat="pp">
				<edge label="H" idref="s2_20"/>
				<edge label="DP" idref="s2_21"/>
			</nt>
		</nonterminals>
	</graph>
</s>

	</body>
</corpus>
