<?xml version="1.0" encoding="UTF-8"?>
<corpus>

	<body>
<s id="s1" ref="1" source="Running text" forest="1" text="um equipamento legal e com um design fino e bonito muito bom para mulheres que gostem desse modelo.">
	<graph root="s1_500">
		<terminals>
			<t id="s1_1" word="um" lemma="um" pos="art" morph="M S" extra="--"/>
			<t id="s1_2" word="equipamento" lemma="equipamento" pos="n" morph="M S" sem="cm tool mach" extra="--"/>
			<t id="s1_3" word="legal" lemma="legal" pos="adj" morph="M S" extra="nh np-close"/>
			<t id="s1_4" word="e" lemma="e" pos="conj-c" morph="--" extra="--"/>
			<t id="s1_5" word="com" lemma="com" pos="prp" morph="--" extra="np-close"/>
			<t id="s1_6" word="um" lemma="um" pos="art" morph="M S" extra="--"/>
			<t id="s1_7" word="design" lemma="design" pos="n" morph="M S" sem="percep-f domain" extra="--"/>
			<t id="s1_8" word="fino" lemma="fino" pos="adj" morph="M S" extra="jh np-close"/>
			<t id="s1_9" word="e" lemma="e" pos="conj-c" morph="--" extra="--"/>
			<t id="s1_10" word="bonito" lemma="bonito" pos="adj" morph="M S" extra="jh np-close"/>
			<t id="s1_11" word="muito" lemma="muito" pos="adv" morph="--" extra="quant"/>
			<t id="s1_12" word="bom" lemma="bom" pos="adj" morph="M S" extra="jh np-close"/>
			<t id="s1_13" word="para" lemma="para" pos="prp" morph="--" extra="--"/>
			<t id="s1_14" word="mulheres" lemma="mulher" pos="n" morph="F P" sem="Hbio Hfam Hattr" extra="--"/>
			<t id="s1_15" word="que" lemma="que" pos="spec" morph="M S" extra="clb clb-fs rel"/>
			<t id="s1_16" word="gostem" lemma="gostar" pos="v-fin" morph="PR 3P SUBJ VFIN" extra="vH mv np-close"/>
			<t id="s1_17" word="de" lemma="de" pos="prp" morph="--" extra="sam-"/>
			<t id="s1_18" word="esse" lemma="esse" pos="pron-dem" morph="DET M S" extra="dem -sam"/>
			<t id="s1_19" word="modelo" lemma="modelo" pos="n" morph="M S" sem="ac Hprof" extra="--"/>
			<t id="s1_20" word="." lemma="--" pos="pu" morph="--" extra="--"/>
		</terminals>

		<nonterminals>
			<nt id="s1_500" cat="s">
				<edge label="X" idref="s1_501"/>
			</nt>
			<nt id="s1_501" cat="np">
				<edge label="DN" idref="s1_1"/>
				<edge label="H" idref="s1_2"/>
				<edge label="DN" idref="s1_3"/>
				<edge label="fA" idref="s1_502"/>
				<edge label="PU" idref="s1_20"/>
			</nt>
			<nt id="s1_502" cat="pp">
				<edge label="CO" idref="s1_4"/>
				<edge label="H" idref="s1_5"/>
				<edge label="DP" idref="s1_503"/>
			</nt>
			<nt id="s1_503" cat="np">
				<edge label="DN" idref="s1_6"/>
				<edge label="H" idref="s1_7"/>
				<edge label="DN" idref="s1_8"/>
				<edge label="DN" idref="s1_504"/>
				<edge label="DN" idref="s1_505"/>
			</nt>
			<nt id="s1_504" cat="adjp">
				<edge label="CO" idref="s1_9"/>
				<edge label="H" idref="s1_10"/>
			</nt>
			<nt id="s1_505" cat="adjp">
				<edge label="DA" idref="s1_11"/>
				<edge label="H" idref="s1_12"/>
				<edge label="DA" idref="s1_506"/>
			</nt>
			<nt id="s1_506" cat="pp">
				<edge label="H" idref="s1_13"/>
				<edge label="DP" idref="s1_507"/>
			</nt>
			<nt id="s1_507" cat="np">
				<edge label="H" idref="s1_14"/>
				<edge label="DN" idref="s1_508"/>
			</nt>
			<nt id="s1_508" cat="fcl">
				<edge label="S" idref="s1_15"/>
				<edge label="P" idref="s1_16"/>
				<edge label="Op" idref="s1_509"/>
			</nt>
			<nt id="s1_509" cat="pp">
				<edge label="H" idref="s1_17"/>
				<edge label="DP" idref="s1_510"/>
			</nt>
			<nt id="s1_510" cat="np">
				<edge label="DN" idref="s1_18"/>
				<edge label="H" idref="s1_19"/>
			</nt>
		</nonterminals>
	</graph>
</s>

<s id="s2" ref="2" source="Running text" forest="1" text="o que gostei comprem o que não gostei sem comentários sem descrições deste produto especificas.">
	<graph root="s2_500">
		<terminals>
			<t id="s2_1" word="o" lemma="o" pos="pron-dem" morph="DET M S" extra="dem"/>
			<t id="s2_2" word="que" lemma="que" pos="spec" morph="M S" extra="clb clb-fs rel"/>
			<t id="s2_3" word="gostei" lemma="gostar" pos="v-fin" morph="PS 1S IND VFIN" extra="vH mv np-close"/>
			<t id="s2_4" word="comprem" lemma="comprar" pos="v-fin" morph="PR 3P SUBJ VFIN" extra="cjt-head cjt-head-STA vH fmc mv"/>
			<t id="s2_5" word="o" lemma="o" pos="pron-dem" morph="DET M S" extra="dem"/>
			<t id="s2_6" word="que" lemma="que" pos="spec" morph="M S" extra="clb clb-fs rel"/>
			<t id="s2_7" word="não" lemma="não" pos="adv" morph="--" extra="--"/>
			<t id="s2_8" word="gostei" lemma="gostar" pos="v-fin" morph="PS 1S IND VFIN" extra="vH mv np-close"/>
			<t id="s2_9" word="sem" lemma="sem" pos="prp" morph="--" extra="--"/>
			<t id="s2_10" word="comentários" lemma="comentário" pos="n" morph="M P" sem="sem-r" extra="--"/>
			<t id="s2_11" word="sem" lemma="sem" pos="prp" morph="--" extra="np-close"/>
			<t id="s2_12" word="descrições" lemma="descrição" pos="n" morph="F P" sem="act sem-r" extra="--"/>
			<t id="s2_13" word="de" lemma="de" pos="prp" morph="--" extra="sam- np-close"/>
			<t id="s2_14" word="este" lemma="este" pos="pron-dem" morph="DET M S" extra="dem -sam"/>
			<t id="s2_15" word="produto" lemma="produto" pos="n" morph="M S" sem="cc-h mon ac-cat" extra="--"/>
			<t id="s2_16" word="especificas" lemma="especificar" pos="v-fin" morph="PR 2S IND VFIN" extra="nosubj nosubj cjt-STA vH fmc mv"/>
			<t id="s2_17" word="." lemma="--" pos="pu" morph="--" extra="--"/>
		</terminals>

		<nonterminals>
			<nt id="s2_500" cat="s">
				<edge label="UTT" idref="s2_501"/>
			</nt>
			<nt id="s2_501" cat="x">
				<edge label="DN" idref="s2_504"/>
				<edge label="S" idref="s2_2"/>
				<edge label="P" idref="s2_3"/>
				<edge label="DN" idref="s2_505"/>
				<edge label="S" idref="s2_6"/>
				<edge label="fA" idref="s2_7"/>
				<edge label="P" idref="s2_8"/>
				<edge label="fA" idref="s2_506"/>
				<edge label="CJT" idref="s2_16"/>
				<edge label="PU" idref="s2_17"/>
			</nt>
			<nt id="s2_502" cat="par">
				<edge label="CJT" idref="s2_503"/>
			</nt>
			<nt id="s2_503" cat="fcl">
				<edge label="S" idref="s2_1"/>
			</nt>
			<nt id="s2_504" cat="fcl">
				<edge label="P" idref="s2_4"/>
				<edge label="Od" idref="s2_5"/>
			</nt>
			<nt id="s2_505" cat="fcl">
			</nt>
			<nt id="s2_506" cat="pp">
				<edge label="H" idref="s2_9"/>
				<edge label="DP" idref="s2_507"/>
			</nt>
			<nt id="s2_507" cat="np">
				<edge label="H" idref="s2_10"/>
				<edge label="DN" idref="s2_508"/>
			</nt>
			<nt id="s2_508" cat="pp">
				<edge label="H" idref="s2_11"/>
				<edge label="DP" idref="s2_509"/>
			</nt>
			<nt id="s2_509" cat="np">
				<edge label="H" idref="s2_12"/>
				<edge label="DN" idref="s2_510"/>
			</nt>
			<nt id="s2_510" cat="pp">
				<edge label="H" idref="s2_13"/>
				<edge label="DP" idref="s2_511"/>
			</nt>
			<nt id="s2_511" cat="np">
				<edge label="DN" idref="s2_14"/>
				<edge label="H" idref="s2_15"/>
			</nt>
		</nonterminals>
	</graph>
</s>

	</body>
</corpus>
