<?xml version="1.0" encoding="UTF-8"?>
<corpus>

	<body>
<s id="s1" ref="1" source="Running text" forest="1" text="as imagens falam por si só, é a imponência em estilo, com seus ícones laterais, com o layout, é tudo muito direto o que gostei a principal é que já tive number celular da marca, mas de outro modelo, e me espira a confiabilidade, e na minha pessoal opinião é sonho de consumo, é o charmoso da categoria, e os reclusos são os completos, apavorantes, diretos e objetivos.">
	<graph root="s1_500">
		<terminals>
			<t id="s1_1" word="as" lemma="o" pos="art" morph="F P" extra="--"/>
			<t id="s1_2" word="imagens" lemma="imagem" pos="n" morph="F P" sem="pict sem-c ac-cat" extra="--"/>
			<t id="s1_3" word="falam" lemma="falar" pos="v-fin" morph="PR 3P IND VFIN" extra="nosubj nosubj nosubj nosubj nosubj nosubj nosubj nosubj nosubj nosubj cjt-head cjt-head-STA vH fmc mv"/>
			<t id="s1_4" word="por_si" lemma="por_si" pos="adv" morph="--" sem="pp" extra="--"/>
			<t id="s1_5" word="só" lemma="só" pos="adv" morph="--" extra="--"/>
			<t id="s1_6" word="," lemma="--" pos="pu" morph="--" extra="--"/>
			<t id="s1_7" word="é" lemma="ser" pos="v-fin" morph="PR 3S IND VFIN" extra="nosubj nosubj cjt-STA vK fmc mv"/>
			<t id="s1_8" word="a" lemma="o" pos="art" morph="F S" extra="--"/>
			<t id="s1_9" word="imponência" lemma="imponência" pos="n" morph="F S" sem="am" extra="cjt-head cjt-head-Cs"/>
			<t id="s1_10" word="em" lemma="em" pos="prp" morph="--" extra="np-close"/>
			<t id="s1_11" word="estilo" lemma="estilo" pos="n" morph="M S" sem="ac-cat tool anbo" extra="--"/>
			<t id="s1_12" word="," lemma="--" pos="pu" morph="--" extra="--"/>
			<t id="s1_13" word="com" lemma="com" pos="prp" morph="--" extra="cjt-Cs"/>
			<t id="s1_14" word="seus" lemma="seu" pos="pron-poss" morph="DET M P" extra="si poss 3S"/>
			<t id="s1_15" word="ícones" lemma="ícone" pos="n" morph="M P" sem="pict" extra="--"/>
			<t id="s1_16" word="laterais" lemma="lateral" pos="adj" morph="M P" extra="nh np-close"/>
			<t id="s1_17" word="," lemma="--" pos="pu" morph="--" extra="--"/>
			<t id="s1_18" word="com" lemma="com" pos="prp" morph="--" extra="cjt-Cs"/>
			<t id="s1_19" word="o" lemma="o" pos="art" morph="M S" extra="--"/>
			<t id="s1_20" word="layout" lemma="layout" pos="n" morph="M S" sem="pict" extra="--"/>
			<t id="s1_21" word="," lemma="--" pos="pu" morph="--" extra="--"/>
			<t id="s1_22" word="é" lemma="ser" pos="v-fin" morph="PR 3S IND VFIN" extra="cjt-STA vK fmc mv"/>
			<t id="s1_23" word="tudo" lemma="tudo" pos="spec" morph="M S" extra="quant"/>
			<t id="s1_24" word="muito" lemma="muito" pos="adv" morph="--" extra="quant"/>
			<t id="s1_25" word="direto" lemma="direto" pos="adj" morph="M S" extra="--"/>
			<t id="s1_26" word="o" lemma="o" pos="pron-dem" morph="DET M S" extra="dem"/>
			<t id="s1_27" word="que" lemma="que" pos="spec" morph="M S" extra="clb clb-fs rel"/>
			<t id="s1_28" word="gostei" lemma="gostar" pos="v-fin" morph="PS 1S IND VFIN" extra="vH mv np-close"/>
			<t id="s1_29" word="a" lemma="o" pos="art" morph="F S" extra="--"/>
			<t id="s1_30" word="principal" lemma="principal" pos="adj" morph="F S" extra="n SUP jh"/>
			<t id="s1_31" word="é" lemma="ser" pos="v-fin" morph="PS 3S IND VFIN" extra="cjt-STA vK fmc mv"/>
			<t id="s1_32" word="que" lemma="que" pos="conj-s" morph="--" extra="clb clb-fs"/>
			<t id="s1_33" word="já" lemma="já" pos="adv" morph="--" extra="--"/>
			<t id="s1_34" word="tive" lemma="ter" pos="v-fin" morph="PS 1S IND VFIN" extra="mv"/>
			<t id="s1_35" word="number" lemma="number" pos="n" morph="M S" extra="heur"/>
			<t id="s1_36" word="celular" lemma="celular" pos="adj" morph="M S" extra="nh np-close"/>
			<t id="s1_37" word="de" lemma="de" pos="prp" morph="--" extra="sam- np-close"/>
			<t id="s1_38" word="a" lemma="o" pos="art" morph="F S" extra="-sam "/>
			<t id="s1_39" word="marca" lemma="marca" pos="n" morph="F S" sem="ac-sign Labs bar" extra="--"/>
			<t id="s1_40" word="," lemma="--" pos="pu" morph="--" extra="--"/>
			<t id="s1_41" word="mas" lemma="mas" pos="conj-c" morph="--" extra="--"/>
			<t id="s1_42" word="de" lemma="de" pos="prp" morph="--" extra="--"/>
			<t id="s1_43" word="outro" lemma="outro" pos="pron-indef" morph="DET M S" extra="diff KOMP"/>
			<t id="s1_44" word="modelo" lemma="modelo" pos="n" morph="M S" sem="ac Hprof" extra="--"/>
			<t id="s1_45" word="," lemma="--" pos="pu" morph="--" extra="--"/>
			<t id="s1_46" word="e" lemma="e" pos="conj-c" morph="--" extra="clb"/>
			<t id="s1_47" word="me" lemma="eu" pos="pron-pers" morph="M/F 1S ACC" extra="--"/>
			<t id="s1_48" word="espira" lemma="espirar" pos="v-fin" morph="PR 3S IND VFIN" extra="nosubj nosubj cjt-STA vH fmc mv"/>
			<t id="s1_49" word="a" lemma="o" pos="art" morph="F S" extra="--"/>
			<t id="s1_50" word="confiabilidade" lemma="confiabilidade" pos="n" morph="F S" sem="f-psych" extra="--"/>
			<t id="s1_51" word="," lemma="--" pos="pu" morph="--" extra="--"/>
			<t id="s1_52" word="e" lemma="e" pos="conj-c" morph="--" extra="clb"/>
			<t id="s1_53" word="em" lemma="em" pos="prp" morph="--" extra="sam-"/>
			<t id="s1_54" word="a" lemma="o" pos="art" morph="F S" extra="-sam "/>
			<t id="s1_55" word="minha" lemma="meu" pos="pron-poss" morph="DET F S" extra="poss 1S"/>
			<t id="s1_56" word="pessoal" lemma="pessoal" pos="adj" morph="F S" extra="nh"/>
			<t id="s1_57" word="opinião" lemma="opinião" pos="n" morph="F S" sem="sem-c" extra="--"/>
			<t id="s1_58" word="é" lemma="ser" pos="v-fin" morph="PR 3S IND VFIN" extra="cjt-STA vK fmc mv"/>
			<t id="s1_59" word="sonho" lemma="sonho" pos="n" morph="M S" sem="sem-w" extra="--"/>
			<t id="s1_60" word="de" lemma="de" pos="prp" morph="--" extra="np-close"/>
			<t id="s1_61" word="consumo" lemma="consumo" pos="n" morph="M S" sem="act-d" extra="--"/>
			<t id="s1_62" word="," lemma="--" pos="pu" morph="--" extra="--"/>
			<t id="s1_63" word="é" lemma="ser" pos="v-fin" morph="PR 3S IND VFIN" extra="nosubj nosubj cjt-STA vK fmc mv"/>
			<t id="s1_64" word="o" lemma="o" pos="art" morph="M S" extra="--"/>
			<t id="s1_65" word="charmoso" lemma="charmoso" pos="adj" morph="M S" extra="n jh"/>
			<t id="s1_66" word="de" lemma="de" pos="prp" morph="--" extra="sam- np-close"/>
			<t id="s1_67" word="a" lemma="o" pos="art" morph="F S" extra="-sam "/>
			<t id="s1_68" word="categoria" lemma="categoria" pos="n" morph="F S" sem="ac" extra="--"/>
			<t id="s1_69" word="," lemma="--" pos="pu" morph="--" extra="--"/>
			<t id="s1_70" word="e" lemma="e" pos="conj-c" morph="--" extra="clb"/>
			<t id="s1_71" word="os" lemma="o" pos="art" morph="M P" extra="--"/>
			<t id="s1_72" word="reclusos" lemma="recluso" pos="n" morph="M P" sem="H" extra="--"/>
			<t id="s1_73" word="são" lemma="ser" pos="v-fin" morph="PR 3P IND VFIN" extra="cjt-STA vK fmc mv"/>
			<t id="s1_74" word="os" lemma="o" pos="art" morph="M P" extra="--"/>
			<t id="s1_75" word="completos" lemma="completo" pos="adj" morph="M P" extra="cjt-head cjt-head-Cs n nh"/>
			<t id="s1_76" word="," lemma="--" pos="pu" morph="--" extra="--"/>
			<t id="s1_77" word="apavorantes" lemma="apavorante" pos="adj" morph="M P" extra="nh np-close"/>
			<t id="s1_78" word="," lemma="--" pos="pu" morph="--" extra="--"/>
			<t id="s1_79" word="diretos" lemma="direto" pos="adj" morph="M P" extra="cjt-Cs np-close"/>
			<t id="s1_80" word="e" lemma="e" pos="conj-c" morph="--" extra="--"/>
			<t id="s1_81" word="objetivos" lemma="objetivo" pos="adj" morph="M P" extra="cjt-Cs"/>
			<t id="s1_82" word="." lemma="--" pos="pu" morph="--" extra="--"/>
		</terminals>

		<nonterminals>
			<nt id="s1_500" cat="s">
				<edge label="STA" idref="s1_501"/>
			</nt>
			<nt id="s1_501" cat="par">
				<edge label="CJT" idref="s1_502"/>
				<edge label="PU" idref="s1_6"/>
				<edge label="CJT" idref="s1_504"/>
				<edge label="PU" idref="s1_21"/>
				<edge label="CJT" idref="s1_512"/>
				<edge label="CJT" idref="s1_515"/>
				<edge label="Cs" idref="s1_516"/>
				<edge label="CJT" idref="s1_519"/>
				<edge label="PU" idref="s1_45"/>
				<edge label="CO" idref="s1_46"/>
				<edge label="CJT" idref="s1_526"/>
				<edge label="CJT" idref="s1_527"/>
				<edge label="PU" idref="s1_51"/>
				<edge label="CO" idref="s1_52"/>
				<edge label="PU" idref="s1_62"/>
				<edge label="CJT" idref="s1_534"/>
				<edge label="Cs" idref="s1_535"/>
				<edge label="CJT" idref="s1_536"/>
				<edge label="PU" idref="s1_69"/>
				<edge label="CO" idref="s1_70"/>
				<edge label="Cs" idref="s1_540"/>
				<edge label="CJT" idref="s1_541"/>
				<edge label="PU" idref="s1_82"/>
			</nt>
			<nt id="s1_502" cat="fcl">
				<edge label="S" idref="s1_503"/>
				<edge label="P" idref="s1_3"/>
				<edge label="fA" idref="s1_4"/>
				<edge label="fA" idref="s1_5"/>
			</nt>
			<nt id="s1_503" cat="np">
				<edge label="DN" idref="s1_1"/>
				<edge label="H" idref="s1_2"/>
			</nt>
			<nt id="s1_504" cat="x">
				<edge label="P" idref="s1_7"/>
				<edge label="Cs" idref="s1_505"/>
			</nt>
			<nt id="s1_505" cat="par">
				<edge label="CJT" idref="s1_506"/>
				<edge label="PU" idref="s1_12"/>
				<edge label="CJT" idref="s1_508"/>
				<edge label="PU" idref="s1_17"/>
				<edge label="CJT" idref="s1_510"/>
			</nt>
			<nt id="s1_506" cat="np">
				<edge label="DN" idref="s1_8"/>
				<edge label="H" idref="s1_9"/>
				<edge label="DN" idref="s1_507"/>
			</nt>
			<nt id="s1_507" cat="pp">
				<edge label="H" idref="s1_10"/>
				<edge label="DP" idref="s1_11"/>
			</nt>
			<nt id="s1_508" cat="pp">
				<edge label="H" idref="s1_13"/>
				<edge label="DP" idref="s1_509"/>
			</nt>
			<nt id="s1_509" cat="np">
				<edge label="DN" idref="s1_14"/>
				<edge label="H" idref="s1_15"/>
				<edge label="DN" idref="s1_16"/>
			</nt>
			<nt id="s1_510" cat="pp">
				<edge label="H" idref="s1_18"/>
				<edge label="DP" idref="s1_511"/>
			</nt>
			<nt id="s1_511" cat="np">
				<edge label="DN" idref="s1_19"/>
				<edge label="H" idref="s1_20"/>
				<edge label="DN" idref="s1_514"/>
			</nt>
			<nt id="s1_512" cat="fcl">
				<edge label="P" idref="s1_22"/>
				<edge label="S" idref="s1_23"/>
				<edge label="fCs" idref="s1_513"/>
				<edge label="Cs" idref="s1_26"/>
			</nt>
			<nt id="s1_513" cat="adjp">
				<edge label="DA" idref="s1_24"/>
				<edge label="H" idref="s1_25"/>
			</nt>
			<nt id="s1_514" cat="fcl">
				<edge label="S" idref="s1_27"/>
				<edge label="P" idref="s1_28"/>
			</nt>
			<nt id="s1_515" cat="fcl">
			</nt>
			<nt id="s1_516" cat="par">
				<edge label="CJT" idref="s1_517"/>
			</nt>
			<nt id="s1_517" cat="adjp">
				<edge label="CJT" idref="s1_518"/>
			</nt>
			<nt id="s1_518" cat="np">
				<edge label="DN" idref="s1_29"/>
			</nt>
			<nt id="s1_519" cat="fcl">
				<edge label="S" idref="s1_30"/>
				<edge label="P" idref="s1_31"/>
				<edge label="Cs" idref="s1_520"/>
			</nt>
			<nt id="s1_520" cat="fcl">
				<edge label="SUB" idref="s1_32"/>
				<edge label="fA" idref="s1_33"/>
				<edge label="P" idref="s1_34"/>
				<edge label="Od" idref="s1_521"/>
			</nt>
			<nt id="s1_521" cat="np">
				<edge label="H" idref="s1_35"/>
				<edge label="DN" idref="s1_36"/>
				<edge label="DN" idref="s1_522"/>
				<edge label="H" idref="s1_42"/>
				<edge label="DP" idref="s1_525"/>
			</nt>
			<nt id="s1_522" cat="pp">
				<edge label="H" idref="s1_37"/>
				<edge label="DP" idref="s1_523"/>
			</nt>
			<nt id="s1_523" cat="np">
				<edge label="DN" idref="s1_38"/>
				<edge label="H" idref="s1_39"/>
				<edge label="PU" idref="s1_40"/>
				<edge label="CO" idref="s1_41"/>
				<edge label="FOC" idref="s1_524"/>
			</nt>
			<nt id="s1_524" cat="pp">
			</nt>
			<nt id="s1_525" cat="np">
				<edge label="DN" idref="s1_43"/>
				<edge label="H" idref="s1_44"/>
			</nt>
			<nt id="s1_526" cat="x">
				<edge label="Od" idref="s1_47"/>
				<edge label="P" idref="s1_48"/>
			</nt>
			<nt id="s1_527" cat="fcl">
				<edge label="S" idref="s1_528"/>
				<edge label="fA" idref="s1_529"/>
				<edge label="P" idref="s1_58"/>
				<edge label="Cs" idref="s1_531"/>
			</nt>
			<nt id="s1_528" cat="np">
				<edge label="DN" idref="s1_49"/>
				<edge label="H" idref="s1_50"/>
			</nt>
			<nt id="s1_529" cat="pp">
				<edge label="H" idref="s1_53"/>
				<edge label="DP" idref="s1_530"/>
			</nt>
			<nt id="s1_530" cat="np">
				<edge label="DN" idref="s1_54"/>
				<edge label="DN" idref="s1_55"/>
				<edge label="DN" idref="s1_56"/>
				<edge label="H" idref="s1_57"/>
			</nt>
			<nt id="s1_531" cat="np">
				<edge label="H" idref="s1_59"/>
				<edge label="DN" idref="s1_532"/>
			</nt>
			<nt id="s1_532" cat="pp">
				<edge label="H" idref="s1_60"/>
				<edge label="DP" idref="s1_533"/>
			</nt>
			<nt id="s1_533" cat="np">
				<edge label="H" idref="s1_61"/>
				<edge label="DN" idref="s1_537"/>
			</nt>
			<nt id="s1_534" cat="x">
				<edge label="P" idref="s1_63"/>
			</nt>
			<nt id="s1_535" cat="par">
			</nt>
			<nt id="s1_536" cat="adjp">
				<edge label="DN" idref="s1_64"/>
				<edge label="Cs" idref="s1_65"/>
				<edge label="S" idref="s1_539"/>
				<edge label="P" idref="s1_73"/>
			</nt>
			<nt id="s1_537" cat="pp">
				<edge label="H" idref="s1_66"/>
				<edge label="DP" idref="s1_538"/>
			</nt>
			<nt id="s1_538" cat="np">
				<edge label="DN" idref="s1_67"/>
				<edge label="H" idref="s1_68"/>
			</nt>
			<nt id="s1_539" cat="np">
				<edge label="DN" idref="s1_71"/>
				<edge label="H" idref="s1_72"/>
				<edge label="CJT" idref="s1_542"/>
				<secedge label="*" idref="s1_77"/>
				<secedge label="*" idref="s1_79"/>
				<secedge label="*" idref="s1_80"/>
				<secedge label="*" idref="s1_544"/>
			</nt>
			<nt id="s1_540" cat="par">
			</nt>
			<nt id="s1_541" cat="adjp">
				<edge label="PU" idref="s1_76"/>
				<edge label="S" idref="s1_543"/>
			</nt>
			<nt id="s1_542" cat="np">
				<edge label="DN" idref="s1_74"/>
				<edge label="H" idref="s1_75"/>
			</nt>
			<nt id="s1_543" cat="np">
				<edge label="DNc" idref="s1_77"/>
				<edge label="PU" idref="s1_78"/>
				<edge label="CJT" idref="s1_79"/>
				<edge label="CO" idref="s1_80"/>
				<edge label="CJT" idref="s1_544"/>
			</nt>
			<nt id="s1_544" cat="np">
				<edge label="H" idref="s1_81"/>
			</nt>
		</nonterminals>
	</graph>
</s>

<s id="s2" ref="2" source="Running text" forest="1" text="o que não gostei não tenho contras para declarar, porque não possuo o produto.">
	<graph root="s2_500">
		<terminals>
			<t id="s2_1" word="o" lemma="o" pos="pron-dem" morph="DET M S" extra="dem"/>
			<t id="s2_2" word="que" lemma="que" pos="spec" morph="M S" extra="clb clb-fs rel"/>
			<t id="s2_3" word="não" lemma="não" pos="adv" morph="--" extra="--"/>
			<t id="s2_4" word="gostei" lemma="gostar" pos="v-fin" morph="PS 1S IND VFIN" extra="vH mv np-close"/>
			<t id="s2_5" word="não" lemma="não" pos="adv" morph="--" extra="--"/>
			<t id="s2_6" word="tenho" lemma="ter" pos="v-fin" morph="PR 1S IND VFIN" extra="fmc mv"/>
			<t id="s2_7" word="contras" lemma="contra" pos="n" morph="M P" sem="ac" extra="--"/>
			<t id="s2_8" word="para" lemma="para" pos="prp" morph="--" extra="np-close"/>
			<t id="s2_9" word="declarar" lemma="declarar" pos="v-inf" morph="--" extra="vH mv"/>
			<t id="s2_10" word="," lemma="--" pos="pu" morph="--" extra="--"/>
			<t id="s2_11" word="porque" lemma="porque" pos="conj-s" morph="--" extra="clb clb-fs"/>
			<t id="s2_12" word="não" lemma="não" pos="adv" morph="--" extra="--"/>
			<t id="s2_13" word="possuo" lemma="possuir" pos="v-fin" morph="PR 1S IND VFIN" extra="vH mv"/>
			<t id="s2_14" word="o" lemma="o" pos="art" morph="M S" extra="--"/>
			<t id="s2_15" word="produto" lemma="produto" pos="n" morph="M S" sem="cc-h mon ac-cat" extra="--"/>
			<t id="s2_16" word="." lemma="--" pos="pu" morph="--" extra="--"/>
		</terminals>

		<nonterminals>
			<nt id="s2_500" cat="s">
				<edge label="UTT" idref="s2_501"/>
			</nt>
			<nt id="s2_501" cat="x">
				<edge label="DN" idref="s2_503"/>
				<edge label="S" idref="s2_2"/>
				<edge label="fA" idref="s2_3"/>
				<edge label="P" idref="s2_4"/>
				<edge label="fA" idref="s2_5"/>
				<edge label="P" idref="s2_6"/>
				<edge label="Od" idref="s2_504"/>
				<edge label="PU" idref="s2_16"/>
			</nt>
			<nt id="s2_502" cat="fcl">
				<edge label="S" idref="s2_1"/>
			</nt>
			<nt id="s2_503" cat="fcl">
			</nt>
			<nt id="s2_504" cat="np">
				<edge label="H" idref="s2_7"/>
				<edge label="DN" idref="s2_505"/>
			</nt>
			<nt id="s2_505" cat="pp">
				<edge label="H" idref="s2_8"/>
				<edge label="DP" idref="s2_506"/>
			</nt>
			<nt id="s2_506" cat="icl">
				<edge label="P" idref="s2_9"/>
				<edge label="PU" idref="s2_10"/>
				<edge label="fA" idref="s2_507"/>
			</nt>
			<nt id="s2_507" cat="fcl">
				<edge label="SUB" idref="s2_11"/>
				<edge label="fA" idref="s2_12"/>
				<edge label="P" idref="s2_13"/>
				<edge label="Od" idref="s2_508"/>
			</nt>
			<nt id="s2_508" cat="np">
				<edge label="DN" idref="s2_14"/>
				<edge label="H" idref="s2_15"/>
			</nt>
		</nonterminals>
	</graph>
</s>

	</body>
</corpus>
