<?xml version="1.0" encoding="UTF-8"?>
<corpus>

	<body>
<s id="s1" ref="1" source="Running text" forest="1" text="tira fotos mas não tem como baixar- las, nem por mensagem, nem por cabo.">
	<graph root="s1_500">
		<terminals>
			<t id="s1_1" word="tira" lemma="tirar" pos="v-fin" morph="PR 3S IND VFIN" extra="nosubj nosubj cjt-head cjt-head-STA vH fmc mv"/>
			<t id="s1_2" word="fotos" lemma="foto" pos="n" morph="F P" sem="pict" extra="--"/>
			<t id="s1_3" word="mas" lemma="mas" pos="conj-c" morph="--" extra="topkc"/>
			<t id="s1_4" word="não" lemma="não" pos="adv" morph="--" extra="--"/>
			<t id="s1_5" word="tem" lemma="ter" pos="v-fin" morph="PR 3S IND VFIN" extra="nosubj nosubj cjt-STA fmc mv"/>
			<t id="s1_6" word="como" lemma="como" pos="adv" morph="--" extra="rel"/>
			<t id="s1_7" word="baixar-" lemma="baixar" pos="v-inf" morph="--" extra="hyfen mv"/>
			<t id="s1_8" word="las" lemma="elas" pos="pron-pers" morph="F 3P ACC" extra="--"/>
			<t id="s1_9" word="," lemma="--" pos="pu" morph="--" extra="--"/>
			<t id="s1_10" word="nem" lemma="nem" pos="conj-c" morph="--" extra="parkc-1"/>
			<t id="s1_11" word="por" lemma="por" pos="prp" morph="--" extra="--"/>
			<t id="s1_12" word="mensagem" lemma="mensagem" pos="n" morph="F S" sem="sem-s" extra="--"/>
			<t id="s1_13" word="," lemma="--" pos="pu" morph="--" extra="--"/>
			<t id="s1_14" word="nem" lemma="nem" pos="conj-c" morph="--" extra="parkc-2"/>
			<t id="s1_15" word="por" lemma="por" pos="prp" morph="--" extra="--"/>
			<t id="s1_16" word="cabo" lemma="cabo" pos="n" morph="M S" sem="cc-handle Ltop Labs cord Hprof" extra="--"/>
			<t id="s1_17" word="." lemma="--" pos="pu" morph="--" extra="--"/>
		</terminals>

		<nonterminals>
			<nt id="s1_500" cat="s">
				<edge label="STA" idref="s1_501"/>
			</nt>
			<nt id="s1_501" cat="par">
				<edge label="CJT" idref="s1_502"/>
				<edge label="CO" idref="s1_3"/>
				<edge label="CJT" idref="s1_503"/>
				<edge label="PU" idref="s1_17"/>
			</nt>
			<nt id="s1_502" cat="fcl">
				<edge label="P" idref="s1_1"/>
				<edge label="Od" idref="s1_2"/>
			</nt>
			<nt id="s1_503" cat="x">
				<edge label="fA" idref="s1_4"/>
				<edge label="P" idref="s1_5"/>
				<edge label="Od" idref="s1_504"/>
			</nt>
			<nt id="s1_504" cat="icl">
				<edge label="fA" idref="s1_6"/>
				<edge label="P" idref="s1_7"/>
				<edge label="Od" idref="s1_8"/>
				<edge label="PU" idref="s1_9"/>
				<edge label="FOC" idref="s1_10"/>
				<edge label="fA" idref="s1_505"/>
			</nt>
			<nt id="s1_505" cat="pp">
				<edge label="H" idref="s1_11"/>
				<edge label="DP" idref="s1_12"/>
				<edge label="H" idref="s1_15"/>
				<edge label="DP" idref="s1_16"/>
			</nt>
			<nt id="s1_506" cat="pp">
			</nt>
		</nonterminals>
	</graph>
</s>

<s id="s2" ref="2" source="Running text" forest="1" text="a câmera serve pra que então?">
	<graph root="s2_500">
		<terminals>
			<t id="s2_1" word="a" lemma="o" pos="art" morph="F S" extra="--"/>
			<t id="s2_2" word="câmera" lemma="c�=mera" pos="n" morph="F S" sem="tool" extra="--"/>
			<t id="s2_3" word="serve" lemma="servir" pos="v-fin" morph="PR 3S IND VFIN" extra="fmc mv"/>
			<t id="s2_4" word="pra" lemma="para" pos="prp" morph="--" extra="--"/>
			<t id="s2_5" word="que" lemma="que" pos="conj-s" morph="--" extra="clb-fs"/>
			<t id="s2_6" word="então" lemma="então" pos="adv" morph="--" extra="kc"/>
			<t id="s2_7" word="?" lemma="--" pos="pu" morph="--" extra="--"/>
		</terminals>

		<nonterminals>
			<nt id="s2_500" cat="s">
				<edge label="QUE" idref="s2_501"/>
			</nt>
			<nt id="s2_501" cat="fcl">
				<edge label="S" idref="s2_502"/>
				<edge label="H" idref="s2_2"/>
				<edge label="P" idref="s2_3"/>
				<edge label="Op" idref="s2_4"/>
				<edge label="SUB" idref="s2_5"/>
				<edge label="fA" idref="s2_6"/>
				<edge label="PU" idref="s2_7"/>
			</nt>
			<nt id="s2_502" cat="np">
				<edge label="DN" idref="s2_1"/>
			</nt>
		</nonterminals>
	</graph>
</s>

<s id="s3" ref="3" source="Running text" forest="1" text="pra nada.">
	<graph root="s3_500">
		<terminals>
			<t id="s3_1" word="pra" lemma="para" pos="prp" morph="--" extra="--"/>
			<t id="s3_2" word="nada" lemma="nada" pos="spec" morph="M S" extra="quant"/>
			<t id="s3_3" word="." lemma="--" pos="pu" morph="--" extra="--"/>
		</terminals>

		<nonterminals>
			<nt id="s3_500" cat="s">
				<edge label="fA" idref="s3_501"/>
			</nt>
			<nt id="s3_501" cat="pp">
				<edge label="H" idref="s3_1"/>
				<edge label="DP" idref="s3_2"/>
				<edge label="PU" idref="s3_3"/>
			</nt>
		</nonterminals>
	</graph>
</s>

<s id="s4" ref="4" source="Running text" forest="1" text="uma porcaria, fui enganado.">
	<graph root="s4_500">
		<terminals>
			<t id="s4_1" word="uma" lemma="um" pos="art" morph="F S" extra="--"/>
			<t id="s4_2" word="porcaria" lemma="porcaria" pos="n" morph="F S" sem="sit" extra="--"/>
			<t id="s4_3" word="," lemma="--" pos="pu" morph="--" extra="--"/>
			<t id="s4_4" word="fui" lemma="ser" pos="v-fin" morph="PS 1S IND VFIN" extra="fmc aux"/>
			<t id="s4_5" word="enganado" lemma="enganar" pos="v-pcp" morph="M S" extra="vH mv"/>
			<t id="s4_6" word="." lemma="--" pos="pu" morph="--" extra="--"/>
		</terminals>

		<nonterminals>
			<nt id="s4_500" cat="s">
				<edge label="STA" idref="s4_501"/>
			</nt>
			<nt id="s4_501" cat="fcl">
				<edge label="fCs" idref="s4_502"/>
				<edge label="PU" idref="s4_3"/>
				<edge label="P" idref="s4_503"/>
				<edge label="PU" idref="s4_6"/>
			</nt>
			<nt id="s4_502" cat="np">
				<edge label="DN" idref="s4_1"/>
				<edge label="H" idref="s4_2"/>
			</nt>
			<nt id="s4_503" cat="vp">
				<edge label="Vaux" idref="s4_4"/>
				<edge label="Vm" idref="s4_5"/>
			</nt>
		</nonterminals>
	</graph>
</s>

<s id="s5" ref="5" source="Running text" forest="1" text="o que gostei é barato, e mais nada o que não gostei tira fotos mas não tem como baixar- las, nem por mensagem, nem por cabo.">
	<graph root="s5_500">
		<terminals>
			<t id="s5_1" word="o" lemma="o" pos="pron-dem" morph="DET M S" extra="dem"/>
			<t id="s5_2" word="que" lemma="que" pos="spec" morph="M S" extra="clb clb-fs rel"/>
			<t id="s5_3" word="gostei" lemma="gostar" pos="v-fin" morph="PS 1S IND VFIN" extra="vH mv np-close"/>
			<t id="s5_4" word="é" lemma="ser" pos="v-fin" morph="PR 3S IND VFIN" extra="nosubj nosubj cjt-head cjt-head-STA vK fmc mv"/>
			<t id="s5_5" word="barato" lemma="barato" pos="adj" morph="M S" extra="nh"/>
			<t id="s5_6" word="," lemma="--" pos="pu" morph="--" extra="--"/>
			<t id="s5_7" word="e" lemma="e" pos="conj-c" morph="--" extra="topkc"/>
			<t id="s5_8" word="mais_nada" lemma="mais_nada" pos="adv" morph="--" extra="--"/>
			<t id="s5_9" word="o" lemma="o" pos="pron-dem" morph="DET M S" extra="dem"/>
			<t id="s5_10" word="que" lemma="que" pos="spec" morph="M S" extra="clb clb-fs rel"/>
			<t id="s5_11" word="não" lemma="não" pos="adv" morph="--" extra="--"/>
			<t id="s5_12" word="gostei" lemma="gostar" pos="v-fin" morph="PS 1S IND VFIN" extra="vH mv np-close"/>
			<t id="s5_13" word="tira" lemma="tirar" pos="v-fin" morph="PR 3S IND VFIN" extra="cjt-STA vH fmc mv"/>
			<t id="s5_14" word="fotos" lemma="foto" pos="n" morph="F P" sem="pict" extra="--"/>
			<t id="s5_15" word="mas" lemma="mas" pos="conj-c" morph="--" extra="topkc"/>
			<t id="s5_16" word="não" lemma="não" pos="adv" morph="--" extra="--"/>
			<t id="s5_17" word="tem" lemma="ter" pos="v-fin" morph="PR 3S IND VFIN" extra="nosubj nosubj cjt-STA fmc mv"/>
			<t id="s5_18" word="como" lemma="como" pos="adv" morph="--" extra="rel"/>
			<t id="s5_19" word="baixar-" lemma="baixar" pos="v-inf" morph="--" extra="hyfen mv"/>
			<t id="s5_20" word="las" lemma="elas" pos="pron-pers" morph="F 3P ACC" extra="--"/>
			<t id="s5_21" word="," lemma="--" pos="pu" morph="--" extra="--"/>
			<t id="s5_22" word="nem" lemma="nem" pos="conj-c" morph="--" extra="parkc-1"/>
			<t id="s5_23" word="por" lemma="por" pos="prp" morph="--" extra="--"/>
			<t id="s5_24" word="mensagem" lemma="mensagem" pos="n" morph="F S" sem="sem-s" extra="--"/>
			<t id="s5_25" word="," lemma="--" pos="pu" morph="--" extra="--"/>
			<t id="s5_26" word="nem" lemma="nem" pos="conj-c" morph="--" extra="parkc-2"/>
			<t id="s5_27" word="por" lemma="por" pos="prp" morph="--" extra="--"/>
			<t id="s5_28" word="cabo" lemma="cabo" pos="n" morph="M S" sem="cc-handle Ltop Labs cord Hprof" extra="--"/>
			<t id="s5_29" word="." lemma="--" pos="pu" morph="--" extra="--"/>
		</terminals>

		<nonterminals>
			<nt id="s5_500" cat="s">
				<edge label="UTT" idref="s5_501"/>
			</nt>
			<nt id="s5_501" cat="x">
				<edge label="STA" idref="s5_502"/>
				<edge label="DN" idref="s5_504"/>
				<edge label="S" idref="s5_2"/>
				<edge label="P" idref="s5_3"/>
				<edge label="DN" idref="s5_505"/>
				<edge label="CO" idref="s5_7"/>
				<edge label="CJT" idref="s5_506"/>
				<edge label="S" idref="s5_10"/>
				<edge label="fA" idref="s5_11"/>
				<edge label="P" idref="s5_12"/>
				<edge label="CO" idref="s5_15"/>
				<edge label="CJT" idref="s5_507"/>
				<edge label="PU" idref="s5_29"/>
			</nt>
			<nt id="s5_502" cat="par">
				<edge label="CJT" idref="s5_503"/>
			</nt>
			<nt id="s5_503" cat="fcl">
				<edge label="S" idref="s5_1"/>
			</nt>
			<nt id="s5_504" cat="fcl">
				<edge label="P" idref="s5_4"/>
				<edge label="Cs" idref="s5_5"/>
				<edge label="PU" idref="s5_6"/>
			</nt>
			<nt id="s5_505" cat="fcl">
				<edge label="fA" idref="s5_8"/>
			</nt>
			<nt id="s5_506" cat="fcl">
				<edge label="S" idref="s5_9"/>
				<edge label="P" idref="s5_13"/>
				<edge label="Od" idref="s5_14"/>
			</nt>
			<nt id="s5_507" cat="x">
				<edge label="fA" idref="s5_16"/>
				<edge label="P" idref="s5_17"/>
				<edge label="Od" idref="s5_508"/>
			</nt>
			<nt id="s5_508" cat="icl">
				<edge label="fA" idref="s5_18"/>
				<edge label="P" idref="s5_19"/>
				<edge label="Od" idref="s5_20"/>
				<edge label="PU" idref="s5_21"/>
				<edge label="FOC" idref="s5_22"/>
				<edge label="fA" idref="s5_509"/>
			</nt>
			<nt id="s5_509" cat="pp">
				<edge label="H" idref="s5_23"/>
				<edge label="DP" idref="s5_24"/>
				<edge label="H" idref="s5_27"/>
				<edge label="DP" idref="s5_28"/>
			</nt>
			<nt id="s5_510" cat="pp">
			</nt>
		</nonterminals>
	</graph>
</s>

<s id="s6" ref="6" source="Running text" forest="1" text="a câmera serve pra que então?">
	<graph root="s6_500">
		<terminals>
			<t id="s6_1" word="a" lemma="o" pos="art" morph="F S" extra="--"/>
			<t id="s6_2" word="câmera" lemma="c�=mera" pos="n" morph="F S" sem="tool" extra="--"/>
			<t id="s6_3" word="serve" lemma="servir" pos="v-fin" morph="PR 3S IND VFIN" extra="fmc mv"/>
			<t id="s6_4" word="pra" lemma="para" pos="prp" morph="--" extra="--"/>
			<t id="s6_5" word="que" lemma="que" pos="conj-s" morph="--" extra="clb-fs"/>
			<t id="s6_6" word="então" lemma="então" pos="adv" morph="--" extra="kc"/>
			<t id="s6_7" word="?" lemma="--" pos="pu" morph="--" extra="--"/>
		</terminals>

		<nonterminals>
			<nt id="s6_500" cat="s">
				<edge label="QUE" idref="s6_501"/>
			</nt>
			<nt id="s6_501" cat="fcl">
				<edge label="S" idref="s6_502"/>
				<edge label="H" idref="s6_2"/>
				<edge label="P" idref="s6_3"/>
				<edge label="Op" idref="s6_4"/>
				<edge label="SUB" idref="s6_5"/>
				<edge label="fA" idref="s6_6"/>
				<edge label="PU" idref="s6_7"/>
			</nt>
			<nt id="s6_502" cat="np">
				<edge label="DN" idref="s6_1"/>
			</nt>
		</nonterminals>
	</graph>
</s>

<s id="s7" ref="7" source="Running text" forest="1" text="pra nada.">
	<graph root="s7_500">
		<terminals>
			<t id="s7_1" word="pra" lemma="para" pos="prp" morph="--" extra="--"/>
			<t id="s7_2" word="nada" lemma="nada" pos="spec" morph="M S" extra="quant"/>
			<t id="s7_3" word="." lemma="--" pos="pu" morph="--" extra="--"/>
		</terminals>

		<nonterminals>
			<nt id="s7_500" cat="s">
				<edge label="fA" idref="s7_501"/>
			</nt>
			<nt id="s7_501" cat="pp">
				<edge label="H" idref="s7_1"/>
				<edge label="DP" idref="s7_2"/>
				<edge label="PU" idref="s7_3"/>
			</nt>
		</nonterminals>
	</graph>
</s>

<s id="s8" ref="8" source="Running text" forest="1" text="uma porcaria, fui enganado..">
	<graph root="s8_500">
		<terminals>
			<t id="s8_1" word="uma" lemma="um" pos="art" morph="F S" extra="--"/>
			<t id="s8_2" word="porcaria" lemma="porcaria" pos="n" morph="F S" sem="sit" extra="--"/>
			<t id="s8_3" word="," lemma="--" pos="pu" morph="--" extra="--"/>
			<t id="s8_4" word="fui" lemma="ser" pos="v-fin" morph="PS 1S IND VFIN" extra="fmc aux"/>
			<t id="s8_5" word="enganado" lemma="enganar" pos="v-pcp" morph="M S" extra="vH mv"/>
			<t id="s8_6" word="." lemma="--" pos="pu" morph="--" extra="--"/>
			<t id="s8_7" word="." lemma="--" pos="pu" morph="--" extra="--"/>
		</terminals>

		<nonterminals>
			<nt id="s8_500" cat="s">
				<edge label="STA" idref="s8_501"/>
			</nt>
			<nt id="s8_501" cat="fcl">
				<edge label="fCs" idref="s8_502"/>
				<edge label="PU" idref="s8_3"/>
				<edge label="P" idref="s8_503"/>
				<edge label="PU" idref="s8_6"/>
				<edge label="PU" idref="s8_7"/>
			</nt>
			<nt id="s8_502" cat="np">
				<edge label="DN" idref="s8_1"/>
				<edge label="H" idref="s8_2"/>
			</nt>
			<nt id="s8_503" cat="vp">
				<edge label="Vaux" idref="s8_4"/>
				<edge label="Vm" idref="s8_5"/>
			</nt>
		</nonterminals>
	</graph>
</s>

	</body>
</corpus>
