<?xml version="1.0" encoding="UTF-8"?>
<corpus>

	<body>
<s id="s1" ref="1" source="Running text" forest="1" text="produto muito ruim e enganoso.">
	<graph root="s1_500">
		<terminals>
			<t id="s1_1" word="produto" lemma="produto" pos="n" morph="M S" sem="cc-h mon ac-cat" extra="cjt-head cjt-head-X"/>
			<t id="s1_2" word="muito" lemma="muito" pos="adv" morph="--" extra="quant"/>
			<t id="s1_3" word="ruim" lemma="ruim" pos="adj" morph="M/F S" extra="np-close"/>
			<t id="s1_4" word="e" lemma="e" pos="conj-c" morph="--" extra="--"/>
			<t id="s1_5" word="enganoso" lemma="enganoso" pos="adj" morph="M S" extra="cjt-X jh"/>
			<t id="s1_6" word="." lemma="--" pos="pu" morph="--" extra="--"/>
		</terminals>

		<nonterminals>
			<nt id="s1_500" cat="s">
				<edge label="X" idref="s1_501"/>
			</nt>
			<nt id="s1_501" cat="par">
				<edge label="CJT" idref="s1_502"/>
				<edge label="CO" idref="s1_4"/>
				<edge label="CJT" idref="s1_5"/>
				<edge label="PU" idref="s1_6"/>
			</nt>
			<nt id="s1_502" cat="np">
				<edge label="H" idref="s1_1"/>
				<edge label="DN" idref="s1_503"/>
			</nt>
			<nt id="s1_503" cat="adjp">
				<edge label="DA" idref="s1_2"/>
				<edge label="H" idref="s1_3"/>
			</nt>
		</nonterminals>
	</graph>
</s>

<s id="s2" ref="2" source="Running text" forest="1" text="dizem que a bateria dura muito e é mentira.">
	<graph root="s2_500">
		<terminals>
			<t id="s2_1" word="dizem" lemma="dizer" pos="v-fin" morph="PR 3P IND VFIN" extra="nosubj nosubj cjt-head cjt-head-STA vH fmc mv"/>
			<t id="s2_2" word="que" lemma="que" pos="conj-s" morph="--" extra="clb clb-fs"/>
			<t id="s2_3" word="a" lemma="o" pos="art" morph="F S" extra="--"/>
			<t id="s2_4" word="bateria" lemma="bateria" pos="n" morph="F S" sem="tool" extra="--"/>
			<t id="s2_5" word="dura" lemma="duro" pos="adj" morph="F S" extra="np-close"/>
			<t id="s2_6" word="muito" lemma="muito" pos="pron-indef" morph="DET M S" extra="quant"/>
			<t id="s2_7" word="e" lemma="e" pos="conj-c" morph="--" extra="topkc"/>
			<t id="s2_8" word="é" lemma="ser" pos="v-fin" morph="PR 3S IND VFIN" extra="cjt-STA vK mv"/>
			<t id="s2_9" word="mentira" lemma="mentira" pos="n" morph="F S" sem="sem-s" extra="--"/>
			<t id="s2_10" word="." lemma="--" pos="pu" morph="--" extra="--"/>
		</terminals>

		<nonterminals>
			<nt id="s2_500" cat="s">
				<edge label="STA" idref="s2_501"/>
			</nt>
			<nt id="s2_501" cat="par">
				<edge label="CJT" idref="s2_1"/>
				<edge label="CJT" idref="s2_502"/>
				<edge label="CO" idref="s2_7"/>
				<edge label="PU" idref="s2_10"/>
			</nt>
			<nt id="s2_502" cat="fcl">
				<edge label="SUB" idref="s2_2"/>
				<edge label="S" idref="s2_503"/>
				<edge label="S" idref="s2_6"/>
				<edge label="P" idref="s2_8"/>
				<edge label="Cs" idref="s2_9"/>
			</nt>
			<nt id="s2_503" cat="np">
				<edge label="DN" idref="s2_3"/>
				<edge label="H" idref="s2_4"/>
				<edge label="DN" idref="s2_5"/>
			</nt>
		</nonterminals>
	</graph>
</s>

<s id="s3" ref="3" source="Running text" forest="1" text="ela so dura um dia o que gostei fino e leve.">
	<graph root="s3_500">
		<terminals>
			<t id="s3_1" word="ela" lemma="ela" pos="pron-pers" morph="F 3S NOM" extra="--"/>
			<t id="s3_2" word="so" lemma="só" pos="adv" morph="--" extra="--"/>
			<t id="s3_3" word="dura" lemma="duro" pos="adj" morph="F S" extra="np-close"/>
			<t id="s3_4" word="um" lemma="um" pos="num" morph="M S" extra="card"/>
			<t id="s3_5" word="dia" lemma="dia" pos="n" morph="M S" sem="temp dur per unit" extra="--"/>
			<t id="s3_6" word="o" lemma="o" pos="pron-dem" morph="DET M S" extra="dem"/>
			<t id="s3_7" word="que" lemma="que" pos="spec" morph="M S" extra="clb clb-fs rel"/>
			<t id="s3_8" word="gostei" lemma="gostar" pos="v-fin" morph="PS 1S IND VFIN" extra="vH mv np-close"/>
			<t id="s3_9" word="fino" lemma="fino" pos="adj" morph="M S" extra="--"/>
			<t id="s3_10" word="e" lemma="e" pos="conj-c" morph="--" extra="--"/>
			<t id="s3_11" word="leve" lemma="leve" pos="adj" morph="M/F S" extra="--"/>
			<t id="s3_12" word="." lemma="--" pos="pu" morph="--" extra="--"/>
		</terminals>

		<nonterminals>
			<nt id="s3_500" cat="s">
				<edge label="S" idref="s3_501"/>
			</nt>
			<nt id="s3_501" cat="np">
				<edge label="H" idref="s3_1"/>
				<edge label="DN" idref="s3_502"/>
				<edge label="fA" idref="s3_503"/>
				<edge label="PU" idref="s3_12"/>
			</nt>
			<nt id="s3_502" cat="adjp">
				<edge label="DA" idref="s3_2"/>
				<edge label="H" idref="s3_3"/>
			</nt>
			<nt id="s3_503" cat="np">
				<edge label="DN" idref="s3_4"/>
				<edge label="H" idref="s3_5"/>
				<edge label="X" idref="s3_6"/>
				<edge label="DN" idref="s3_504"/>
			</nt>
			<nt id="s3_504" cat="fcl">
				<edge label="S" idref="s3_7"/>
				<edge label="P" idref="s3_8"/>
				<edge label="fCs" idref="s3_9"/>
				<edge label="fCs" idref="s3_505"/>
			</nt>
			<nt id="s3_505" cat="adjp">
				<edge label="CO" idref="s3_10"/>
				<edge label="H" idref="s3_11"/>
			</nt>
		</nonterminals>
	</graph>
</s>

<s id="s4" ref="4" source="Running text" forest="1" text="somente o que não gostei bateria dura pouco.">
	<graph root="s4_500">
		<terminals>
			<t id="s4_1" word="somente" lemma="somente" pos="adv" morph="--" extra="--"/>
			<t id="s4_2" word="o" lemma="o" pos="pron-dem" morph="DET M S" extra="dem"/>
			<t id="s4_3" word="que" lemma="que" pos="spec" morph="M S" extra="clb clb-fs rel"/>
			<t id="s4_4" word="não" lemma="não" pos="adv" morph="--" extra="--"/>
			<t id="s4_5" word="gostei" lemma="gostar" pos="v-fin" morph="PS 1S IND VFIN" extra="vH mv np-close"/>
			<t id="s4_6" word="bateria" lemma="bateria" pos="n" morph="F S" sem="tool" extra="--"/>
			<t id="s4_7" word="dura" lemma="duro" pos="adj" morph="F S" extra="np-close"/>
			<t id="s4_8" word="pouco" lemma="pouco" pos="adv" morph="--" extra="quant"/>
			<t id="s4_9" word="." lemma="--" pos="pu" morph="--" extra="--"/>
		</terminals>

		<nonterminals>
			<nt id="s4_500" cat="s">
				<edge label="UTT" idref="s4_501"/>
			</nt>
			<nt id="s4_501" cat="x">
				<edge label="fCs" idref="s4_502"/>
				<edge label="X" idref="s4_2"/>
				<edge label="DN" idref="s4_503"/>
				<edge label="S" idref="s4_3"/>
				<edge label="fA" idref="s4_4"/>
				<edge label="P" idref="s4_5"/>
				<edge label="H" idref="s4_6"/>
				<edge label="DN" idref="s4_7"/>
				<edge label="fA" idref="s4_8"/>
				<edge label="PU" idref="s4_9"/>
			</nt>
			<nt id="s4_502" cat="np">
				<edge label="DN" idref="s4_1"/>
			</nt>
			<nt id="s4_503" cat="fcl">
			</nt>
		</nonterminals>
	</graph>
</s>

<s id="s5" ref="5" source="Running text" forest="1" text="um dia tem problemas de mal contato a fabricante não te garante nada.">
	<graph root="s5_500">
		<terminals>
			<t id="s5_1" word="um" lemma="um" pos="num" morph="M S" extra="card"/>
			<t id="s5_2" word="dia" lemma="dia" pos="n" morph="M S" sem="temp dur per unit" extra="--"/>
			<t id="s5_3" word="tem" lemma="ter" pos="v-fin" morph="PR 3S IND VFIN" extra="cjt-head cjt-head-STA fmc mv"/>
			<t id="s5_4" word="problemas" lemma="problema" pos="n" morph="M P" sem="ac" extra="--"/>
			<t id="s5_5" word="de" lemma="de" pos="prp" morph="--" extra="np-close"/>
			<t id="s5_6" word="mal" lemma="mal" pos="adv" morph="--" extra="--"/>
			<t id="s5_7" word="contato" lemma="contato" pos="n" morph="M S" sem="ac H" extra="--"/>
			<t id="s5_8" word="a" lemma="a" pos="prp" morph="--" extra="--"/>
			<t id="s5_9" word="fabricante" lemma="fabricante" pos="n" morph="M/F S" sem="Hprof" extra="--"/>
			<t id="s5_10" word="não" lemma="não" pos="adv" morph="--" extra="--"/>
			<t id="s5_11" word="te" lemma="tu" pos="pron-pers" morph="M/F 2S ACC" extra="--"/>
			<t id="s5_12" word="garante" lemma="garantir" pos="v-fin" morph="PR 3S IND VFIN" extra="nosubj nosubj cjt-STA vH fmc mv"/>
			<t id="s5_13" word="nada" lemma="nada" pos="spec" morph="M S" extra="quant"/>
			<t id="s5_14" word="." lemma="--" pos="pu" morph="--" extra="--"/>
		</terminals>

		<nonterminals>
			<nt id="s5_500" cat="s">
				<edge label="STA" idref="s5_501"/>
			</nt>
			<nt id="s5_501" cat="par">
				<edge label="CJT" idref="s5_502"/>
				<edge label="CJT" idref="s5_506"/>
				<edge label="PU" idref="s5_14"/>
			</nt>
			<nt id="s5_502" cat="fcl">
				<edge label="S" idref="s5_503"/>
				<edge label="P" idref="s5_3"/>
				<edge label="Od" idref="s5_504"/>
			</nt>
			<nt id="s5_503" cat="np">
				<edge label="DN" idref="s5_1"/>
				<edge label="H" idref="s5_2"/>
			</nt>
			<nt id="s5_504" cat="np">
				<edge label="H" idref="s5_4"/>
				<edge label="DN" idref="s5_505"/>
			</nt>
			<nt id="s5_505" cat="pp">
				<edge label="H" idref="s5_5"/>
				<edge label="DP" idref="s5_6"/>
			</nt>
			<nt id="s5_506" cat="x">
				<edge label="fCs" idref="s5_7"/>
				<edge label="fA" idref="s5_507"/>
				<edge label="fA" idref="s5_10"/>
				<edge label="Od" idref="s5_11"/>
				<edge label="P" idref="s5_12"/>
				<edge label="fA" idref="s5_13"/>
			</nt>
			<nt id="s5_507" cat="pp">
				<edge label="H" idref="s5_8"/>
				<edge label="DP" idref="s5_9"/>
			</nt>
		</nonterminals>
	</graph>
</s>

	</body>
</corpus>
