<?xml version="1.0" encoding="UTF-8"?>
<corpus>

	<body>
<s id="s1" ref="1" source="Running text" forest="1" text="o aparelho é ruim, faz quatro meses que eu tenho esse aparelho, ele já apresentou problema com o cartão de memória, e agora ele simplesmente travou, levei para a assistência e também não identificaram o problema, voltou pra fabrica e estou esperando, não recomendo.">
	<graph root="s1_500">
		<terminals>
			<t id="s1_1" word="o" lemma="o" pos="art" morph="M S" extra="--"/>
			<t id="s1_2" word="aparelho" lemma="aparelho" pos="n" morph="M S" sem="tool" extra="--"/>
			<t id="s1_3" word="é" lemma="ser" pos="v-fin" morph="PR 3S IND VFIN" extra="clb-fs vK mv quote"/>
			<t id="s1_4" word="ruim" lemma="ruim" pos="adj" morph="M S" extra="--"/>
			<t id="s1_5" word="," lemma="--" pos="pu" morph="--" extra="--"/>
			<t id="s1_6" word="faz" lemma="fazer" pos="v-fin" morph="PR 3S IND VFIN" extra="clb-fs mv quote"/>
			<t id="s1_7" word="quatro" lemma="quatro" pos="num" morph="M P" extra="card"/>
			<t id="s1_8" word="meses" lemma="mês" pos="n" morph="M P" sem="dur per unit" extra="cjt-head cjt-head-Od"/>
			<t id="s1_9" word="que" lemma="que" pos="spec" morph="M S" extra="clb clb-fs rel"/>
			<t id="s1_10" word="eu" lemma="eu" pos="pron-pers" morph="M/F 1S NOM" extra="--"/>
			<t id="s1_11" word="tenho" lemma="ter" pos="v-fin" morph="PR 1S IND VFIN" extra="mv np-close"/>
			<t id="s1_12" word="esse" lemma="esse" pos="pron-dem" morph="DET M S" extra="dem"/>
			<t id="s1_13" word="aparelho" lemma="aparelho" pos="n" morph="M S" sem="tool" extra="cjt-Od"/>
			<t id="s1_14" word="," lemma="--" pos="pu" morph="--" extra="--"/>
			<t id="s1_15" word="ele" lemma="ele" pos="pron-pers" morph="M 3S NOM" extra="--"/>
			<t id="s1_16" word="já" lemma="já" pos="adv" morph="--" extra="--"/>
			<t id="s1_17" word="apresentou" lemma="apresentar" pos="v-fin" morph="PS 3S IND VFIN" extra="clb-fs vH mv quote"/>
			<t id="s1_18" word="problema" lemma="problema" pos="n" morph="M S" sem="ac" extra="--"/>
			<t id="s1_19" word="com" lemma="com" pos="prp" morph="--" extra="np-close"/>
			<t id="s1_20" word="o" lemma="o" pos="art" morph="M S" extra="--"/>
			<t id="s1_21" word="cartão" lemma="cartão" pos="n" morph="M S" sem="cm cc-r" extra="--"/>
			<t id="s1_22" word="de_memória" lemma="de_memória" pos="adv" morph="--" sem="pp" extra="--"/>
			<t id="s1_23" word="," lemma="--" pos="pu" morph="--" extra="--"/>
			<t id="s1_24" word="e" lemma="e" pos="conj-c" morph="--" extra="clb"/>
			<t id="s1_25" word="agora" lemma="agora" pos="adv" morph="--" extra="kc"/>
			<t id="s1_26" word="ele" lemma="ele" pos="pron-pers" morph="M 3S NOM" extra="--"/>
			<t id="s1_27" word="simplesmente" lemma="simplesmente" pos="adv" morph="--" extra="--"/>
			<t id="s1_28" word="travou" lemma="travar" pos="v-fin" morph="PS 3S IND VFIN" extra="clb-fs mv quote"/>
			<t id="s1_29" word="," lemma="--" pos="pu" morph="--" extra="--"/>
			<t id="s1_30" word="levei" lemma="levar" pos="v-fin" morph="PS 1S IND VFIN" extra="clb-fs mv quote"/>
			<t id="s1_31" word="para" lemma="para" pos="prp" morph="--" extra="sam-"/>
			<t id="s1_32" word="a" lemma="a" pos="art" morph="F S" extra=" -sam"/>
			<t id="s1_33" word="assistência" lemma="assistência" pos="n" morph="F S" sem="am" extra="--"/>
			<t id="s1_34" word="e" lemma="e" pos="conj-c" morph="--" extra="--"/>
			<t id="s1_35" word="também" lemma="também" pos="adv" morph="--" extra="--"/>
			<t id="s1_36" word="não" lemma="não" pos="adv" morph="--" extra="--"/>
			<t id="s1_37" word="identificaram" lemma="identificar" pos="v-fin" morph="PS/MQP 3P IND VFIN" extra="vH fmc mv"/>
			<t id="s1_38" word="o" lemma="o" pos="art" morph="M S" extra="--"/>
			<t id="s1_39" word="problema" lemma="problema" pos="n" morph="M S" sem="ac" extra="--"/>
			<t id="s1_40" word="," lemma="--" pos="pu" morph="--" extra="--"/>
			<t id="s1_41" word="voltou" lemma="voltar" pos="v-fin" morph="PS 3S IND VFIN" extra="nosubj clb-fs mv quote"/>
			<t id="s1_42" word="pra" lemma="para" pos="prp" morph="--" extra="--"/>
			<t id="s1_43" word="fabrica" lemma="fabricar" pos="v-fin" morph="PR 3S IND VFIN" extra="nosubj nosubj nosubj cjt-head cjt-head-Od clb-fs vH mv quote"/>
			<t id="s1_44" word="e" lemma="e" pos="conj-c" morph="--" extra="co-fin"/>
			<t id="s1_45" word="estou" lemma="estar" pos="v-fin" morph="PR 1S IND VFIN" extra="nosubj cjt-Od nosubj cjt-Od fmc aux quote"/>
			<t id="s1_46" word="esperando" lemma="esperar" pos="v-ger" morph="--" extra="vH mv"/>
			<t id="s1_47" word="," lemma="--" pos="pu" morph="--" extra="--"/>
			<t id="s1_48" word="não" lemma="não" pos="adv" morph="--" extra="--"/>
			<t id="s1_49" word="recomendo" lemma="recomendar" pos="v-fin" morph="PR 1S IND VFIN" extra="vH fmc mv v-quote"/>
			<t id="s1_50" word="." lemma="--" pos="pu" morph="--" extra="--"/>
		</terminals>

		<nonterminals>
			<nt id="s1_500" cat="s">
				<edge label="STA" idref="s1_501"/>
			</nt>
			<nt id="s1_501" cat="fcl">
				<edge label="STA" idref="s1_502"/>
				<edge label="PU" idref="s1_47"/>
				<edge label="fA" idref="s1_48"/>
				<edge label="P" idref="s1_49"/>
				<edge label="PU" idref="s1_50"/>
			</nt>
			<nt id="s1_502" cat="fcl">
				<edge label="Od" idref="s1_503"/>
				<edge label="fA" idref="s1_35"/>
				<edge label="fA" idref="s1_36"/>
				<edge label="P" idref="s1_37"/>
				<edge label="Od" idref="s1_518"/>
			</nt>
			<nt id="s1_503" cat="fcl">
				<edge label="S" idref="s1_504"/>
				<edge label="P" idref="s1_3"/>
				<edge label="Cs" idref="s1_4"/>
				<edge label="PU" idref="s1_5"/>
				<edge label="Od" idref="s1_505"/>
			</nt>
			<nt id="s1_504" cat="np">
				<edge label="DN" idref="s1_1"/>
				<edge label="H" idref="s1_2"/>
			</nt>
			<nt id="s1_505" cat="fcl">
				<edge label="P" idref="s1_6"/>
				<edge label="Od" idref="s1_506"/>
				<edge label="PU" idref="s1_14"/>
				<edge label="Od" idref="s1_510"/>
			</nt>
			<nt id="s1_506" cat="par">
				<edge label="CJT" idref="s1_507"/>
				<edge label="CJT" idref="s1_509"/>
			</nt>
			<nt id="s1_507" cat="np">
				<edge label="DN" idref="s1_7"/>
				<edge label="H" idref="s1_8"/>
				<edge label="DN" idref="s1_508"/>
			</nt>
			<nt id="s1_508" cat="fcl">
				<edge label="Od" idref="s1_9"/>
				<edge label="S" idref="s1_10"/>
				<edge label="P" idref="s1_11"/>
			</nt>
			<nt id="s1_509" cat="np">
				<edge label="DN" idref="s1_12"/>
				<edge label="H" idref="s1_13"/>
			</nt>
			<nt id="s1_510" cat="fcl">
				<edge label="S" idref="s1_15"/>
				<edge label="fA" idref="s1_16"/>
				<edge label="P" idref="s1_17"/>
				<edge label="Od" idref="s1_511"/>
				<edge label="fA" idref="s1_22"/>
				<edge label="PU" idref="s1_23"/>
				<edge label="Od" idref="s1_514"/>
			</nt>
			<nt id="s1_511" cat="np">
				<edge label="H" idref="s1_18"/>
				<edge label="DN" idref="s1_512"/>
			</nt>
			<nt id="s1_512" cat="pp">
				<edge label="H" idref="s1_19"/>
				<edge label="DP" idref="s1_513"/>
			</nt>
			<nt id="s1_513" cat="np">
				<edge label="DN" idref="s1_20"/>
				<edge label="H" idref="s1_21"/>
			</nt>
			<nt id="s1_514" cat="fcl">
				<edge label="CO" idref="s1_24"/>
				<edge label="fA" idref="s1_25"/>
				<edge label="S" idref="s1_26"/>
				<edge label="fA" idref="s1_27"/>
				<edge label="P" idref="s1_28"/>
				<edge label="PU" idref="s1_29"/>
				<edge label="Od" idref="s1_515"/>
			</nt>
			<nt id="s1_515" cat="fcl">
				<edge label="P" idref="s1_30"/>
				<edge label="fA" idref="s1_516"/>
				<edge label="PU" idref="s1_40"/>
				<edge label="Od" idref="s1_519"/>
			</nt>
			<nt id="s1_516" cat="pp">
				<edge label="H" idref="s1_31"/>
				<edge label="DP" idref="s1_517"/>
			</nt>
			<nt id="s1_517" cat="np">
				<edge label="DN" idref="s1_32"/>
				<edge label="H" idref="s1_33"/>
				<edge label="CO" idref="s1_34"/>
			</nt>
			<nt id="s1_518" cat="np">
				<edge label="DN" idref="s1_38"/>
				<edge label="H" idref="s1_39"/>
			</nt>
			<nt id="s1_519" cat="fcl">
				<edge label="P" idref="s1_41"/>
				<edge label="Op" idref="s1_42"/>
				<edge label="Od" idref="s1_520"/>
			</nt>
			<nt id="s1_520" cat="par">
				<edge label="CJT" idref="s1_43"/>
				<edge label="CO" idref="s1_44"/>
				<edge label="CJT" idref="s1_521"/>
			</nt>
			<nt id="s1_521" cat="x">
				<edge label="P" idref="s1_522"/>
			</nt>
			<nt id="s1_522" cat="vp">
				<edge label="Vaux" idref="s1_45"/>
				<edge label="Vm" idref="s1_46"/>
			</nt>
		</nonterminals>
	</graph>
</s>

<s id="s2" ref="2" source="Running text" forest="1" text="o que não gostei por o preço que é o aparelho, você compra outros muito melhores, nenhum custo beneficio..">
	<graph root="s2_500">
		<terminals>
			<t id="s2_1" word="o" lemma="o" pos="pron-dem" morph="DET M S" extra="dem"/>
			<t id="s2_2" word="que" lemma="que" pos="spec" morph="M S" extra="clb clb-fs rel"/>
			<t id="s2_3" word="não" lemma="não" pos="adv" morph="--" extra="--"/>
			<t id="s2_4" word="gostei" lemma="gostar" pos="v-fin" morph="PS 1S IND VFIN" extra="vH mv np-close"/>
			<t id="s2_5" word="por" lemma="por" pos="prp" morph="--" extra="sam-"/>
			<t id="s2_6" word="o" lemma="o" pos="art" morph="M S" extra="-sam "/>
			<t id="s2_7" word="preço" lemma="preço" pos="n" morph="M S" sem="f-q" extra="--"/>
			<t id="s2_8" word="que" lemma="que" pos="conj-s" morph="--" extra="clb clb-fs"/>
			<t id="s2_9" word="é" lemma="ser" pos="v-fin" morph="PR 3S IND VFIN" extra="vK mv"/>
			<t id="s2_10" word="o" lemma="o" pos="art" morph="M S" extra="--"/>
			<t id="s2_11" word="aparelho" lemma="aparelho" pos="n" morph="M S" sem="tool" extra="--"/>
			<t id="s2_12" word="," lemma="--" pos="pu" morph="--" extra="--"/>
			<t id="s2_13" word="você" lemma="você" pos="pron-pers" morph="M/F 3S NOM" extra="--"/>
			<t id="s2_14" word="compra" lemma="comprar" pos="v-fin" morph="PR 3S IND VFIN" extra="cjt-head cjt-head-STA vH fmc mv"/>
			<t id="s2_15" word="outros" lemma="outro" pos="pron-indef" morph="DET M P" extra="diff KOMP"/>
			<t id="s2_16" word="muito" lemma="muito" pos="adv" morph="--" extra="quant"/>
			<t id="s2_17" word="melhores" lemma="bom" pos="adj" morph="M/F P" extra="KOMP SUP jh"/>
			<t id="s2_18" word="," lemma="--" pos="pu" morph="--" extra="--"/>
			<t id="s2_19" word="nenhum" lemma="nenhum" pos="pron-indef" morph="DET M S" extra="quant"/>
			<t id="s2_20" word="custo" lemma="custo" pos="n" morph="M S" sem="mon" extra="--"/>
			<t id="s2_21" word="beneficio" lemma="beneficiar" pos="v-fin" morph="PR 1S IND VFIN" extra="nosubj nosubj cjt-STA vH fmc mv"/>
			<t id="s2_22" word="." lemma="--" pos="pu" morph="--" extra="--"/>
			<t id="s2_23" word="." lemma="--" pos="pu" morph="--" extra="--"/>
		</terminals>

		<nonterminals>
			<nt id="s2_500" cat="s">
				<edge label="DN" idref="s2_501"/>
			</nt>
			<nt id="s2_501" cat="fcl">
				<edge label="Od" idref="s2_502"/>
				<edge label="S" idref="s2_2"/>
				<edge label="fA" idref="s2_3"/>
				<edge label="P" idref="s2_4"/>
				<edge label="fA" idref="s2_503"/>
				<edge label="PU" idref="s2_22"/>
				<edge label="PU" idref="s2_23"/>
			</nt>
			<nt id="s2_502" cat="fcl">
				<edge label="S" idref="s2_1"/>
				<edge label="SUB" idref="s2_8"/>
				<edge label="P" idref="s2_9"/>
				<edge label="Cs" idref="s2_505"/>
				<edge label="PU" idref="s2_12"/>
				<edge label="STA" idref="s2_506"/>
				<edge label="PU" idref="s2_18"/>
				<edge label="Od" idref="s2_509"/>
			</nt>
			<nt id="s2_503" cat="pp">
				<edge label="H" idref="s2_5"/>
				<edge label="DP" idref="s2_504"/>
			</nt>
			<nt id="s2_504" cat="np">
				<edge label="DN" idref="s2_6"/>
				<edge label="H" idref="s2_7"/>
			</nt>
			<nt id="s2_505" cat="np">
				<edge label="DN" idref="s2_10"/>
				<edge label="H" idref="s2_11"/>
			</nt>
			<nt id="s2_506" cat="par">
				<edge label="CJT" idref="s2_507"/>
			</nt>
			<nt id="s2_507" cat="np">
				<edge label="S" idref="s2_13"/>
				<edge label="P" idref="s2_14"/>
				<edge label="DN" idref="s2_15"/>
				<edge label="fCs" idref="s2_508"/>
			</nt>
			<nt id="s2_508" cat="adjp">
				<edge label="DA" idref="s2_16"/>
				<edge label="H" idref="s2_17"/>
			</nt>
			<nt id="s2_509" cat="np">
				<edge label="DN" idref="s2_19"/>
				<edge label="H" idref="s2_20"/>
				<edge label="CJT" idref="s2_21"/>
			</nt>
		</nonterminals>
	</graph>
</s>

	</body>
</corpus>
