<?xml version="1.0" encoding="UTF-8"?>
<corpus>

	<body>
<s id="s1" ref="1" source="Running text" forest="1" text="é um dos piores telefones que a nokia já fez o que gostei estética o que não gostei oscilação de sinal nos chips, que parecem estar fora de área, prejudicando recebimento ou originarão de chamadas.">
	<graph root="s1_500">
		<terminals>
			<t id="s1_1" word="é" lemma="ser" pos="v-fin" morph="PR 3S IND VFIN" extra="vK fmc mv"/>
			<t id="s1_2" word="um" lemma="um" pos="num" morph="M S" extra="card"/>
			<t id="s1_3" word="de" lemma="de" pos="prp" morph="--" extra="sam- np-close"/>
			<t id="s1_4" word="os" lemma="o" pos="art" morph="M P" extra="-sam "/>
			<t id="s1_5" word="piores" lemma="mau" pos="adj" morph="M P" extra="KOMP SUP"/>
			<t id="s1_6" word="telefones" lemma="telefone" pos="n" morph="M P" sem="tool" extra="--"/>
			<t id="s1_7" word="que" lemma="que" pos="spec" morph="M S" extra="clb clb-fs rel"/>
			<t id="s1_8" word="a" lemma="o" pos="art" morph="F S" extra="--"/>
			<t id="s1_9" word="nokia" lemma="nokia" pos="n" morph="F S" extra="heur foreign"/>
			<t id="s1_10" word="já" lemma="já" pos="adv" morph="--" extra="--"/>
			<t id="s1_11" word="fez" lemma="fazer" pos="v-fin" morph="PS 3S IND VFIN" extra="mv np-close"/>
			<t id="s1_12" word="o" lemma="o" pos="pron-dem" morph="DET M S" extra="cjt-head cjt-head-S dem"/>
			<t id="s1_13" word="que" lemma="que" pos="spec" morph="M S" extra="clb clb-fs rel"/>
			<t id="s1_14" word="gostei" lemma="gostar" pos="v-fin" morph="PS 1S IND VFIN" extra="vH mv np-close"/>
			<t id="s1_15" word="estética" lemma="estética" pos="n" morph="F S" sem="domain" extra="cjt-S"/>
			<t id="s1_16" word="o" lemma="o" pos="pron-dem" morph="DET M S" extra="cjt-S dem"/>
			<t id="s1_17" word="que" lemma="que" pos="spec" morph="M S" extra="clb clb-fs rel"/>
			<t id="s1_18" word="não" lemma="não" pos="adv" morph="--" extra="--"/>
			<t id="s1_19" word="gostei" lemma="gostar" pos="v-fin" morph="PS 1S IND VFIN" extra="vH mv np-close"/>
			<t id="s1_20" word="oscilação" lemma="oscilação" pos="n" morph="F S" sem="act" extra="--"/>
			<t id="s1_21" word="de" lemma="de" pos="prp" morph="--" extra="np-close"/>
			<t id="s1_22" word="sinal" lemma="sinal" pos="n" morph="M S" sem="percep-l percep-w ac ac-sign mon sem-r sick-c" extra="--"/>
			<t id="s1_23" word="em" lemma="em" pos="prp" morph="--" extra="sam- np-close"/>
			<t id="s1_24" word="os" lemma="o" pos="art" morph="M P" extra=" -sam"/>
			<t id="s1_25" word="chips" lemma="chip" pos="n" morph="M P" sem="cc" extra="--"/>
			<t id="s1_26" word="," lemma="--" pos="pu" morph="--" extra="--"/>
			<t id="s1_27" word="que" lemma="que" pos="spec" morph="M S" extra="clb clb-fs rel"/>
			<t id="s1_28" word="parecem" lemma="parecer" pos="v-fin" morph="PR 3P IND VFIN" extra="aux np-close"/>
			<t id="s1_29" word="estar" lemma="estar" pos="v-inf" morph="--" extra="mv"/>
			<t id="s1_30" word="fora_de" lemma="fora_de" pos="prp" morph="--" extra="--"/>
			<t id="s1_31" word="área" lemma="área" pos="n" morph="F S" sem="L Lh" extra="--"/>
			<t id="s1_32" word="," lemma="--" pos="pu" morph="--" extra="--"/>
			<t id="s1_33" word="prejudicando" lemma="prejudicar" pos="v-ger" morph="--" extra="clb mv"/>
			<t id="s1_34" word="recebimento" lemma="recebimento" pos="n" morph="M S" sem="act" extra="--"/>
			<t id="s1_35" word="ou" lemma="ou" pos="conj-c" morph="--" extra="--"/>
			<t id="s1_36" word="originarão" lemma="originar" pos="v-fin" morph="FUT 3P IND VFIN" extra="fmc mv np-close"/>
			<t id="s1_37" word="de" lemma="de" pos="prp" morph="--" extra="--"/>
			<t id="s1_38" word="chamadas" lemma="chamada" pos="n" morph="F P" sem="act-s" extra="--"/>
			<t id="s1_39" word="." lemma="--" pos="pu" morph="--" extra="--"/>
		</terminals>

		<nonterminals>
			<nt id="s1_500" cat="s">
				<edge label="STA" idref="s1_501"/>
			</nt>
			<nt id="s1_501" cat="fcl">
				<edge label="P" idref="s1_1"/>
				<edge label="Cs" idref="s1_2"/>
				<edge label="DN" idref="s1_502"/>
				<edge label="H" idref="s1_3"/>
				<edge label="DP" idref="s1_503"/>
				<edge label="fCs" idref="s1_511"/>
				<edge label="PU" idref="s1_39"/>
			</nt>
			<nt id="s1_502" cat="pp">
			</nt>
			<nt id="s1_503" cat="np">
				<edge label="DN" idref="s1_4"/>
				<edge label="DN" idref="s1_5"/>
				<edge label="H" idref="s1_6"/>
				<edge label="DN" idref="s1_504"/>
			</nt>
			<nt id="s1_504" cat="fcl">
				<edge label="Od" idref="s1_7"/>
				<edge label="S" idref="s1_505"/>
				<edge label="fA" idref="s1_10"/>
				<edge label="P" idref="s1_11"/>
			</nt>
			<nt id="s1_505" cat="np">
				<edge label="DN" idref="s1_8"/>
				<edge label="H" idref="s1_9"/>
				<edge label="DN" idref="s1_506"/>
				<edge label="DN" idref="s1_508"/>
			</nt>
			<nt id="s1_506" cat="fcl">
				<edge label="S" idref="s1_507"/>
			</nt>
			<nt id="s1_507" cat="par">
				<edge label="CJT" idref="s1_12"/>
				<edge label="CJT" idref="s1_509"/>
				<edge label="CJT" idref="s1_16"/>
			</nt>
			<nt id="s1_508" cat="fcl">
				<edge label="S" idref="s1_13"/>
				<edge label="P" idref="s1_14"/>
			</nt>
			<nt id="s1_509" cat="np">
				<edge label="H" idref="s1_15"/>
				<edge label="DN" idref="s1_510"/>
				<edge label="PU" idref="s1_26"/>
				<edge label="S" idref="s1_27"/>
				<edge label="P" idref="s1_516"/>
				<edge label="As" idref="s1_517"/>
				<edge label="PU" idref="s1_32"/>
				<edge label="fA" idref="s1_518"/>
			</nt>
			<nt id="s1_510" cat="fcl">
				<edge label="S" idref="s1_17"/>
				<edge label="fA" idref="s1_18"/>
				<edge label="P" idref="s1_19"/>
			</nt>
			<nt id="s1_511" cat="np">
				<edge label="H" idref="s1_20"/>
				<edge label="DN" idref="s1_512"/>
			</nt>
			<nt id="s1_512" cat="pp">
				<edge label="H" idref="s1_21"/>
				<edge label="DP" idref="s1_513"/>
			</nt>
			<nt id="s1_513" cat="np">
				<edge label="H" idref="s1_22"/>
				<edge label="DN" idref="s1_514"/>
			</nt>
			<nt id="s1_514" cat="pp">
				<edge label="H" idref="s1_23"/>
				<edge label="DP" idref="s1_515"/>
			</nt>
			<nt id="s1_515" cat="np">
				<edge label="DN" idref="s1_24"/>
				<edge label="H" idref="s1_25"/>
				<edge label="DN" idref="s1_28"/>
				<edge label="P" idref="s1_36"/>
				<edge label="Op" idref="s1_519"/>
			</nt>
			<nt id="s1_516" cat="vp">
				<edge label="Vm" idref="s1_29"/>
			</nt>
			<nt id="s1_517" cat="pp">
				<edge label="H" idref="s1_30"/>
				<edge label="DP" idref="s1_31"/>
			</nt>
			<nt id="s1_518" cat="advp">
				<edge label="P" idref="s1_33"/>
				<edge label="Od" idref="s1_34"/>
			</nt>
			<nt id="s1_519" cat="pp">
				<edge label="H" idref="s1_37"/>
				<edge label="DP" idref="s1_38"/>
			</nt>
		</nonterminals>
	</graph>
</s>

<s id="s2" ref="2" source="Running text" forest="1" text="não possui funções básicas, como editar número antes de ligação.">
	<graph root="s2_500">
		<terminals>
			<t id="s2_1" word="não" lemma="não" pos="adv" morph="--" extra="--"/>
			<t id="s2_2" word="possui" lemma="possuir" pos="v-fin" morph="PR 3S IND VFIN" extra="vH fmc mv"/>
			<t id="s2_3" word="funções" lemma="função" pos="n" morph="F P" sem="ac pos-soc occ" extra="--"/>
			<t id="s2_4" word="básicas" lemma="básico" pos="adj" morph="F P" extra="nh np-close"/>
			<t id="s2_5" word="," lemma="--" pos="pu" morph="--" extra="--"/>
			<t id="s2_6" word="como" lemma="como" pos="adv" morph="--" extra="clb clb-fs rel ks"/>
			<t id="s2_7" word="editar" lemma="editar" pos="v-fin" morph="FUT 1/3S SUBJ VFIN" extra="vH mv"/>
			<t id="s2_8" word="número" lemma="número" pos="n" morph="M S" sem="ac ac-sign sem ac-cat" extra="--"/>
			<t id="s2_9" word="antes" lemma="antes" pos="adv" morph="--" extra="--"/>
			<t id="s2_10" word="de" lemma="de" pos="prp" morph="--" extra="--"/>
			<t id="s2_11" word="ligação" lemma="ligação" pos="n" morph="F S" sem="act ac ac-sign Labs" extra="--"/>
			<t id="s2_12" word="." lemma="--" pos="pu" morph="--" extra="--"/>
		</terminals>

		<nonterminals>
			<nt id="s2_500" cat="s">
				<edge label="STA" idref="s2_501"/>
			</nt>
			<nt id="s2_501" cat="fcl">
				<edge label="fA" idref="s2_1"/>
				<edge label="P" idref="s2_2"/>
				<edge label="Od" idref="s2_502"/>
				<edge label="PU" idref="s2_5"/>
				<edge label="fA" idref="s2_503"/>
				<edge label="PU" idref="s2_12"/>
			</nt>
			<nt id="s2_502" cat="np">
				<edge label="H" idref="s2_3"/>
				<edge label="DN" idref="s2_4"/>
			</nt>
			<nt id="s2_503" cat="fcl">
				<edge label="fA" idref="s2_6"/>
				<edge label="P" idref="s2_7"/>
				<edge label="Od" idref="s2_8"/>
				<edge label="fA" idref="s2_504"/>
			</nt>
			<nt id="s2_504" cat="advp">
				<edge label="H" idref="s2_9"/>
				<edge label="DA" idref="s2_505"/>
			</nt>
			<nt id="s2_505" cat="pp">
				<edge label="H" idref="s2_10"/>
				<edge label="DP" idref="s2_11"/>
			</nt>
		</nonterminals>
	</graph>
</s>

	</body>
</corpus>
