<?xml version="1.0" encoding="UTF-8"?>
<corpus>

	<body>
<s id="s1" ref="1" source="Running text" forest="1" text="aparência do produto muito boa.">
	<graph root="s1_500">
		<terminals>
			<t id="s1_1" word="aparência" lemma="aparência" pos="n" morph="F S" sem="percep-f" extra="--"/>
			<t id="s1_2" word="de" lemma="de" pos="prp" morph="--" extra="sam- np-close"/>
			<t id="s1_3" word="o" lemma="o" pos="art" morph="M S" extra="-sam "/>
			<t id="s1_4" word="produto" lemma="produto" pos="n" morph="M S" sem="cc-h mon ac-cat" extra="--"/>
			<t id="s1_5" word="muito" lemma="muito" pos="adv" morph="--" extra="quant"/>
			<t id="s1_6" word="boa" lemma="bom" pos="adj" morph="F S" extra="np-close"/>
			<t id="s1_7" word="." lemma="--" pos="pu" morph="--" extra="--"/>
		</terminals>

		<nonterminals>
			<nt id="s1_500" cat="s">
				<edge label="X" idref="s1_501"/>
			</nt>
			<nt id="s1_501" cat="np">
				<edge label="H" idref="s1_1"/>
				<edge label="DN" idref="s1_502"/>
				<edge label="PU" idref="s1_7"/>
			</nt>
			<nt id="s1_502" cat="pp">
				<edge label="H" idref="s1_2"/>
				<edge label="DP" idref="s1_503"/>
			</nt>
			<nt id="s1_503" cat="np">
				<edge label="DN" idref="s1_3"/>
				<edge label="H" idref="s1_4"/>
				<edge label="DN" idref="s1_504"/>
			</nt>
			<nt id="s1_504" cat="adjp">
				<edge label="DA" idref="s1_5"/>
				<edge label="H" idref="s1_6"/>
			</nt>
		</nonterminals>
	</graph>
</s>

<s id="s2" ref="2" source="Running text" forest="1" text="não há proteção para/ uso, bloqueadores de segurança, frágil para/ quedas.">
	<graph root="s2_500">
		<terminals>
			<t id="s2_1" word="não" lemma="não" pos="adv" morph="--" extra="--"/>
			<t id="s2_2" word="há" lemma="haver" pos="v-fin" morph="PR 3S IND VFIN" extra="nosubj nosubj cjt-head cjt-head-STA fmc mv"/>
			<t id="s2_3" word="proteção" lemma="proteção" pos="n" morph="F S" sem="am sit" extra="--"/>
			<t id="s2_4" word="para" lemma="para" pos="prp" morph="--" extra="--"/>
			<t id="s2_5" word="/" lemma="$/" pos="conj-c" morph="--" extra="co-fin"/>
			<t id="s2_6" word="uso" lemma="usar" pos="v-fin" morph="PR 1S IND VFIN" extra="nosubj cjt-STA nosubj cjt-STA vH fmc mv"/>
			<t id="s2_7" word="," lemma="--" pos="pu" morph="--" extra="--"/>
			<t id="s2_8" word="bloqueadores" lemma="bloqueador" pos="n" morph="M P" extra="DERS"/>
			<t id="s2_9" word="de" lemma="de" pos="prp" morph="--" extra="np-close"/>
			<t id="s2_10" word="segurança" lemma="segurança" pos="n" morph="F S" sem="am" extra="cjt-head cjt-head-DP"/>
			<t id="s2_11" word="," lemma="--" pos="pu" morph="--" extra="--"/>
			<t id="s2_12" word="frágil" lemma="frágil" pos="adj" morph="M/F S" extra="cjt-DP np-close"/>
			<t id="s2_13" word="para" lemma="para" pos="prp" morph="--" extra="--"/>
			<t id="s2_14" word="/" lemma="$/" pos="conj-c" morph="--" extra="--"/>
			<t id="s2_15" word="quedas" lemma="queda" pos="n" morph="F P" sem="event" extra="--"/>
			<t id="s2_16" word="." lemma="--" pos="pu" morph="--" extra="--"/>
		</terminals>

		<nonterminals>
			<nt id="s2_500" cat="s">
				<edge label="STA" idref="s2_501"/>
			</nt>
			<nt id="s2_501" cat="par">
				<edge label="CJT" idref="s2_502"/>
				<edge label="CO" idref="s2_5"/>
				<edge label="CJT" idref="s2_503"/>
				<edge label="PU" idref="s2_16"/>
			</nt>
			<nt id="s2_502" cat="fcl">
				<edge label="fA" idref="s2_1"/>
				<edge label="P" idref="s2_2"/>
				<edge label="Od" idref="s2_3"/>
				<edge label="fA" idref="s2_4"/>
			</nt>
			<nt id="s2_503" cat="x">
				<edge label="P" idref="s2_6"/>
				<edge label="PU" idref="s2_7"/>
				<edge label="fCs" idref="s2_504"/>
				<edge label="fA" idref="s2_13"/>
				<edge label="DP" idref="s2_15"/>
			</nt>
			<nt id="s2_504" cat="np">
				<edge label="H" idref="s2_8"/>
				<edge label="DN" idref="s2_505"/>
			</nt>
			<nt id="s2_505" cat="pp">
				<edge label="H" idref="s2_9"/>
				<edge label="DP" idref="s2_506"/>
			</nt>
			<nt id="s2_506" cat="par">
				<edge label="CJT" idref="s2_10"/>
				<edge label="PU" idref="s2_11"/>
				<edge label="CJT" idref="s2_12"/>
				<edge label="CO" idref="s2_14"/>
			</nt>
		</nonterminals>
	</graph>
</s>

<s id="s3" ref="3" source="Running text" forest="1" text="o que gostei o aparelho não veio com os recursos de instalação e uso da internet esclarecidos, aviso de uso.">
	<graph root="s3_500">
		<terminals>
			<t id="s3_1" word="o" lemma="o" pos="pron-dem" morph="DET M S" extra="dem"/>
			<t id="s3_2" word="que" lemma="que" pos="spec" morph="M S" extra="clb clb-fs rel"/>
			<t id="s3_3" word="gostei" lemma="gostar" pos="v-fin" morph="PS 1S IND VFIN" extra="vH mv np-close"/>
			<t id="s3_4" word="o" lemma="o" pos="art" morph="M S" extra="--"/>
			<t id="s3_5" word="aparelho" lemma="aparelho" pos="n" morph="M S" sem="tool" extra="--"/>
			<t id="s3_6" word="não" lemma="não" pos="adv" morph="--" extra="--"/>
			<t id="s3_7" word="veio" lemma="vir" pos="v-fin" morph="PS 3S IND VFIN" extra="clb-fs mv quote"/>
			<t id="s3_8" word="com" lemma="com" pos="prp" morph="--" extra="--"/>
			<t id="s3_9" word="os" lemma="o" pos="art" morph="M P" extra="--"/>
			<t id="s3_10" word="recursos" lemma="recurso" pos="n" morph="M P" sem="ac act-d sem-s mon" extra="--"/>
			<t id="s3_11" word="de" lemma="de" pos="prp" morph="--" extra="np-close"/>
			<t id="s3_12" word="instalação" lemma="instalação" pos="n" morph="F S" sem="act ac" extra="--"/>
			<t id="s3_13" word="e" lemma="e" pos="conj-c" morph="--" extra="--"/>
			<t id="s3_14" word="uso" lemma="usar" pos="v-fin" morph="PR 1S IND VFIN" extra="vH fmc mv quote"/>
			<t id="s3_15" word="de" lemma="de" pos="prp" morph="--" extra="sam-"/>
			<t id="s3_16" word="a" lemma="o" pos="art" morph="F S" extra="-sam "/>
			<t id="s3_17" word="internet" lemma="internet" pos="n" morph="F S" sem="Labs" extra="--"/>
			<t id="s3_18" word="esclarecidos" lemma="esclarecido" pos="adj" morph="M P" extra="nh"/>
			<t id="s3_19" word="," lemma="--" pos="pu" morph="--" extra="--"/>
			<t id="s3_20" word="aviso" lemma="avisar" pos="v-fin" morph="PR 1S IND VFIN" extra="vH fmc mv v-quote"/>
			<t id="s3_21" word="de" lemma="de" pos="prp" morph="--" extra="--"/>
			<t id="s3_22" word="uso" lemma="uso" pos="n" morph="M S" sem="act ac" extra="--"/>
			<t id="s3_23" word="." lemma="--" pos="pu" morph="--" extra="--"/>
		</terminals>

		<nonterminals>
			<nt id="s3_500" cat="s">
				<edge label="UTT" idref="s3_501"/>
			</nt>
			<nt id="s3_501" cat="x">
				<edge label="STA" idref="s3_502"/>
				<edge label="DN" idref="s3_504"/>
				<edge label="S" idref="s3_2"/>
				<edge label="P" idref="s3_3"/>
				<edge label="PU" idref="s3_19"/>
				<edge label="P" idref="s3_20"/>
				<edge label="fA" idref="s3_512"/>
				<edge label="PU" idref="s3_23"/>
			</nt>
			<nt id="s3_502" cat="fcl">
				<edge label="Od" idref="s3_503"/>
			</nt>
			<nt id="s3_503" cat="fcl">
				<edge label="S" idref="s3_1"/>
			</nt>
			<nt id="s3_504" cat="fcl">
				<edge label="S" idref="s3_505"/>
				<edge label="fA" idref="s3_6"/>
				<edge label="P" idref="s3_7"/>
				<edge label="fCs" idref="s3_506"/>
				<edge label="Od" idref="s3_509"/>
			</nt>
			<nt id="s3_505" cat="np">
				<edge label="DN" idref="s3_4"/>
				<edge label="H" idref="s3_5"/>
			</nt>
			<nt id="s3_506" cat="pp">
				<edge label="H" idref="s3_8"/>
				<edge label="DP" idref="s3_507"/>
			</nt>
			<nt id="s3_507" cat="np">
				<edge label="DN" idref="s3_9"/>
				<edge label="H" idref="s3_10"/>
				<edge label="DN" idref="s3_508"/>
			</nt>
			<nt id="s3_508" cat="pp">
				<edge label="H" idref="s3_11"/>
				<edge label="DP" idref="s3_12"/>
			</nt>
			<nt id="s3_509" cat="fcl">
				<edge label="P" idref="s3_14"/>
				<edge label="fA" idref="s3_510"/>
				<edge label="fCs" idref="s3_18"/>
			</nt>
			<nt id="s3_510" cat="pp">
				<edge label="H" idref="s3_15"/>
				<edge label="DP" idref="s3_511"/>
			</nt>
			<nt id="s3_511" cat="np">
				<edge label="DN" idref="s3_16"/>
				<edge label="H" idref="s3_17"/>
			</nt>
			<nt id="s3_512" cat="pp">
				<edge label="H" idref="s3_21"/>
				<edge label="DP" idref="s3_22"/>
			</nt>
		</nonterminals>
	</graph>
</s>

<s id="s4" ref="4" source="Running text" forest="1" text="o que não gostei ao adquirir o aparelho não fiz uso em nem um momento de acesso a internet e mesmo assim minha conta veio muito cara, altíssima, devido a os recursos de auto-instalação automático, que tive de mandar bloquear..">
	<graph root="s4_500">
		<terminals>
			<t id="s4_1" word="o" lemma="o" pos="pron-dem" morph="DET M S" extra="dem"/>
			<t id="s4_2" word="que" lemma="que" pos="spec" morph="M S" extra="clb clb-fs rel"/>
			<t id="s4_3" word="não" lemma="não" pos="adv" morph="--" extra="--"/>
			<t id="s4_4" word="gostei" lemma="gostar" pos="v-fin" morph="PS 1S IND VFIN" extra="vH mv np-close"/>
			<t id="s4_5" word="a" lemma="a" pos="prp" morph="--" extra="sam-"/>
			<t id="s4_6" word="o" lemma="o" pos="art" morph="M S" extra="-sam "/>
			<t id="s4_7" word="adquirir" lemma="adquirir" pos="v-inf" morph="--" extra="vH mv"/>
			<t id="s4_8" word="o" lemma="o" pos="art" morph="M S" extra="--"/>
			<t id="s4_9" word="aparelho" lemma="aparelho" pos="n" morph="M S" sem="tool" extra="--"/>
			<t id="s4_10" word="não" lemma="não" pos="adv" morph="--" extra="--"/>
			<t id="s4_11" word="fiz" lemma="fazer" pos="v-fin" morph="PS 1S IND VFIN" extra="cjt-head cjt-head-STA fmc mv"/>
			<t id="s4_12" word="uso" lemma="uso" pos="n" morph="M S" sem="act ac" extra="--"/>
			<t id="s4_13" word="em" lemma="em" pos="prp" morph="--" extra="--"/>
			<t id="s4_14" word="nem" lemma="nem" pos="conj-c" morph="--" extra="--"/>
			<t id="s4_15" word="um" lemma="um" pos="num" morph="M S" extra="card"/>
			<t id="s4_16" word="momento" lemma="momento" pos="n" morph="M S" sem="dur f-q" extra="--"/>
			<t id="s4_17" word="de" lemma="de" pos="prp" morph="--" extra="np-close"/>
			<t id="s4_18" word="acesso" lemma="acesso" pos="n" morph="M S" sem="event Lpath f-right" extra="--"/>
			<t id="s4_19" word="a" lemma="o" pos="art" morph="F S" extra="--"/>
			<t id="s4_20" word="internet" lemma="internet" pos="n" morph="F S" sem="Labs" extra="--"/>
			<t id="s4_21" word="e" lemma="e" pos="conj-c" morph="--" extra="--"/>
			<t id="s4_22" word="mesmo_assim" lemma="mesmo_assim" pos="adv" morph="--" extra="kc"/>
			<t id="s4_23" word="minha" lemma="meu" pos="pron-poss" morph="DET F S" extra="poss 1S"/>
			<t id="s4_24" word="conta" lemma="conta" pos="n" morph="F S" sem="sem-c sem-r con cc domain" extra="--"/>
			<t id="s4_25" word="veio" lemma="vir" pos="v-fin" morph="PS 3S IND VFIN" extra="cjt-STA fmc mv"/>
			<t id="s4_26" word="muito" lemma="muito" pos="adv" morph="--" extra="quant"/>
			<t id="s4_27" word="cara" lemma="caro" pos="adj" morph="F S" extra="jh"/>
			<t id="s4_28" word="," lemma="--" pos="pu" morph="--" extra="--"/>
			<t id="s4_29" word="altíssima" lemma="alto" pos="adj" morph="F S" extra="SUP jh"/>
			<t id="s4_30" word="," lemma="--" pos="pu" morph="--" extra="--"/>
			<t id="s4_31" word="devido_a" lemma="devido_a" pos="prp" morph="--" extra="sam-"/>
			<t id="s4_32" word="os" lemma="o" pos="art" morph="M P" extra=" -sam"/>
			<t id="s4_33" word="recursos" lemma="recurso" pos="n" morph="M P" sem="ac act-d sem-s mon" extra="--"/>
			<t id="s4_34" word="de" lemma="de" pos="prp" morph="--" extra="np-close"/>
			<t id="s4_35" word="auto-instalação" lemma="auto-instalação" pos="n" morph="F S" sem="act ac" extra="--"/>
			<t id="s4_36" word="automático" lemma="automático" pos="adj" morph="M S" extra="nh np-long"/>
			<t id="s4_37" word="," lemma="--" pos="pu" morph="--" extra="--"/>
			<t id="s4_38" word="que" lemma="que" pos="spec" morph="M S" extra="clb clb-fs rel"/>
			<t id="s4_39" word="tive" lemma="ter" pos="v-fin" morph="PS 1S IND VFIN" extra="aux np-close"/>
			<t id="s4_40" word="de" lemma="de" pos="prp" morph="--" extra="--"/>
			<t id="s4_41" word="mandar" lemma="mandar" pos="v-inf" morph="--" extra="vH mv"/>
			<t id="s4_42" word="bloquear" lemma="bloquear" pos="v-inf" morph="--" extra="mv"/>
			<t id="s4_43" word="." lemma="--" pos="pu" morph="--" extra="--"/>
			<t id="s4_44" word="." lemma="--" pos="pu" morph="--" extra="--"/>
		</terminals>

		<nonterminals>
			<nt id="s4_500" cat="s">
				<edge label="X" idref="s4_501"/>
			</nt>
			<nt id="s4_501" cat="adjp">
				<edge label="H" idref="s4_1"/>
				<edge label="DN" idref="s4_502"/>
				<edge label="S" idref="s4_2"/>
				<edge label="fA" idref="s4_3"/>
				<edge label="P" idref="s4_4"/>
				<edge label="fA" idref="s4_503"/>
				<edge label="STA" idref="s4_506"/>
				<edge label="PU" idref="s4_43"/>
				<edge label="PU" idref="s4_44"/>
			</nt>
			<nt id="s4_502" cat="fcl">
			</nt>
			<nt id="s4_503" cat="pp">
				<edge label="H" idref="s4_5"/>
				<edge label="DP" idref="s4_504"/>
			</nt>
			<nt id="s4_504" cat="np">
				<edge label="DN" idref="s4_6"/>
				<edge label="P" idref="s4_7"/>
				<edge label="Od" idref="s4_505"/>
			</nt>
			<nt id="s4_505" cat="np">
				<edge label="DN" idref="s4_8"/>
				<edge label="H" idref="s4_9"/>
			</nt>
			<nt id="s4_506" cat="par">
				<edge label="CJT" idref="s4_507"/>
				<edge label="CJT" idref="s4_508"/>
			</nt>
			<nt id="s4_507" cat="fcl">
				<edge label="fA" idref="s4_10"/>
				<edge label="P" idref="s4_11"/>
				<edge label="Od" idref="s4_12"/>
				<edge label="fA" idref="s4_13"/>
			</nt>
			<nt id="s4_508" cat="fcl">
				<edge label="S" idref="s4_509"/>
				<edge label="Od" idref="s4_511"/>
				<edge label="fA" idref="s4_22"/>
				<edge label="S" idref="s4_512"/>
				<edge label="P" idref="s4_25"/>
				<edge label="fCs" idref="s4_513"/>
				<edge label="PU" idref="s4_28"/>
				<edge label="fCs" idref="s4_29"/>
				<edge label="PU" idref="s4_30"/>
				<edge label="fA" idref="s4_514"/>
			</nt>
			<nt id="s4_509" cat="np">
				<edge label="DN" idref="s4_510"/>
				<edge label="DN" idref="s4_15"/>
				<edge label="H" idref="s4_16"/>
				<edge label="-DN" idref="s4_17"/>
			</nt>
			<nt id="s4_510" cat="pp">
				<edge label="CO" idref="s4_14"/>
				<edge label="DP" idref="s4_18"/>
			</nt>
			<nt id="s4_511" cat="np">
				<edge label="DN" idref="s4_19"/>
				<edge label="H" idref="s4_20"/>
			</nt>
			<nt id="s4_512" cat="np">
				<edge label="DN" idref="s4_23"/>
				<edge label="H" idref="s4_24"/>
			</nt>
			<nt id="s4_513" cat="adjp">
				<edge label="DA" idref="s4_26"/>
				<edge label="H" idref="s4_27"/>
			</nt>
			<nt id="s4_514" cat="pp">
				<edge label="H" idref="s4_31"/>
				<edge label="DP" idref="s4_515"/>
			</nt>
			<nt id="s4_515" cat="np">
				<edge label="DN" idref="s4_32"/>
				<edge label="H" idref="s4_33"/>
				<edge label="DN" idref="s4_516"/>
				<edge label="DN" idref="s4_36"/>
			</nt>
			<nt id="s4_516" cat="pp">
				<edge label="H" idref="s4_34"/>
				<edge label="DP" idref="s4_517"/>
			</nt>
			<nt id="s4_517" cat="np">
				<edge label="H" idref="s4_35"/>
				<edge label="PU" idref="s4_37"/>
				<edge label="DN" idref="s4_518"/>
			</nt>
			<nt id="s4_518" cat="fcl">
				<edge label="S" idref="s4_38"/>
				<edge label="P" idref="s4_519"/>
				<edge label="Od" idref="s4_42"/>
			</nt>
			<nt id="s4_519" cat="vp">
				<edge label="Vaux" idref="s4_39"/>
				<edge label="SUBaux" idref="s4_40"/>
				<edge label="Vm" idref="s4_41"/>
			</nt>
		</nonterminals>
	</graph>
</s>

	</body>
</corpus>
