<?xml version="1.0" encoding="UTF-8"?>
<corpus>

	<body>
<s id="s1" ref="1" source="Running text" forest="1" text="não tenho e, após uma vasta pesquisa incluindo contato com o próprio fabricante, não compraria.">
	<graph root="s1_500">
		<terminals>
			<t id="s1_1" word="não" lemma="não" pos="adv" morph="--" extra="--"/>
			<t id="s1_2" word="tenho" lemma="ter" pos="v-fin" morph="PR 1S IND VFIN" extra="nosubj nosubj cjt-head cjt-head-STA fmc mv"/>
			<t id="s1_3" word="e" lemma="e" pos="conj-c" morph="--" extra="topkc"/>
			<t id="s1_4" word="," lemma="--" pos="pu" morph="--" extra="--"/>
			<t id="s1_5" word="após" lemma="após" pos="prp" morph="--" extra="--"/>
			<t id="s1_6" word="uma" lemma="um" pos="art" morph="F S" extra="--"/>
			<t id="s1_7" word="vasta" lemma="vasto" pos="adj" morph="F S" extra="nh"/>
			<t id="s1_8" word="pesquisa" lemma="pesquisa" pos="n" morph="F S" sem="occ act-d" extra="--"/>
			<t id="s1_9" word="incluindo" lemma="incluir" pos="v-ger" morph="--" extra="mv np-close"/>
			<t id="s1_10" word="contato" lemma="contato" pos="n" morph="M S" sem="ac H" extra="--"/>
			<t id="s1_11" word="com" lemma="com" pos="prp" morph="--" extra="np-close"/>
			<t id="s1_12" word="o" lemma="o" pos="art" morph="M S" extra="--"/>
			<t id="s1_13" word="próprio" lemma="próprio" pos="pron-indef" morph="DET M S" extra="ident"/>
			<t id="s1_14" word="fabricante" lemma="fabricante" pos="n" morph="M S" sem="Hprof" extra="--"/>
			<t id="s1_15" word="," lemma="--" pos="pu" morph="--" extra="--"/>
			<t id="s1_16" word="não" lemma="não" pos="adv" morph="--" extra="--"/>
			<t id="s1_17" word="compraria" lemma="comprar" pos="v-fin" morph="COND 1/3S VFIN" extra="nosubj nosubj cjt-STA vH fmc mv"/>
			<t id="s1_18" word="." lemma="--" pos="pu" morph="--" extra="--"/>
		</terminals>

		<nonterminals>
			<nt id="s1_500" cat="s">
				<edge label="STA" idref="s1_501"/>
			</nt>
			<nt id="s1_501" cat="par">
				<edge label="CJT" idref="s1_502"/>
				<edge label="CO" idref="s1_3"/>
				<edge label="PU" idref="s1_15"/>
				<edge label="CJT" idref="s1_509"/>
				<edge label="PU" idref="s1_18"/>
			</nt>
			<nt id="s1_502" cat="fcl">
				<edge label="fA" idref="s1_1"/>
				<edge label="P" idref="s1_2"/>
				<edge label="PU" idref="s1_4"/>
				<edge label="fA" idref="s1_503"/>
			</nt>
			<nt id="s1_503" cat="advp">
				<edge label="fA" idref="s1_504"/>
				<edge label="P" idref="s1_9"/>
				<edge label="Od" idref="s1_506"/>
			</nt>
			<nt id="s1_504" cat="pp">
				<edge label="H" idref="s1_5"/>
				<edge label="DP" idref="s1_505"/>
			</nt>
			<nt id="s1_505" cat="np">
				<edge label="DN" idref="s1_6"/>
				<edge label="DN" idref="s1_7"/>
				<edge label="H" idref="s1_8"/>
			</nt>
			<nt id="s1_506" cat="np">
				<edge label="H" idref="s1_10"/>
				<edge label="DN" idref="s1_507"/>
			</nt>
			<nt id="s1_507" cat="pp">
				<edge label="H" idref="s1_11"/>
				<edge label="DP" idref="s1_508"/>
			</nt>
			<nt id="s1_508" cat="np">
				<edge label="DN" idref="s1_12"/>
				<edge label="DN" idref="s1_13"/>
				<edge label="H" idref="s1_14"/>
			</nt>
			<nt id="s1_509" cat="x">
				<edge label="fA" idref="s1_16"/>
				<edge label="P" idref="s1_17"/>
			</nt>
		</nonterminals>
	</graph>
</s>

<s id="s2" ref="2" source="Running text" forest="1" text="não consigo entender porque um fabricante renomado lança um aparelho que nos obrigaria a digitará praticamente toda a agenda de contatos e não incluiria um software que nos permita manter atualizada a lista de tarefas e calendário com o computador pessoal.">
	<graph root="s2_500">
		<terminals>
			<t id="s2_1" word="não" lemma="não" pos="adv" morph="--" extra="--"/>
			<t id="s2_2" word="consigo" lemma="conseguir" pos="v-fin" morph="PR 1S IND VFIN" extra="nosubj nosubj cjt-head cjt-head-STA vH fmc mv"/>
			<t id="s2_3" word="entender" lemma="entender" pos="v-inf" morph="--" extra="vH mv"/>
			<t id="s2_4" word="porque" lemma="porque" pos="adv" morph="--" extra="clb clb-fs interr"/>
			<t id="s2_5" word="um" lemma="um" pos="art" morph="M S" extra="--"/>
			<t id="s2_6" word="fabricante" lemma="fabricante" pos="n" morph="M S" sem="Hprof" extra="--"/>
			<t id="s2_7" word="renomado" lemma="renomado" pos="adj" morph="M S" extra="jh np-close"/>
			<t id="s2_8" word="lança" lemma="lançar" pos="v-fin" morph="PR 3S IND VFIN" extra="vH mv"/>
			<t id="s2_9" word="um" lemma="um" pos="art" morph="M S" extra="--"/>
			<t id="s2_10" word="aparelho" lemma="aparelho" pos="n" morph="M S" sem="tool" extra="--"/>
			<t id="s2_11" word="que" lemma="que" pos="spec" morph="M S" extra="clb clb-fs rel"/>
			<t id="s2_12" word="nos" lemma="nós" pos="pron-pers" morph="M/F 1P ACC" extra="--"/>
			<t id="s2_13" word="obrigaria" lemma="obrigar" pos="v-fin" morph="COND 3S VFIN" extra="mv np-close"/>
			<t id="s2_14" word="a" lemma="ela" pos="pron-pers" morph="F 3S ACC" extra="--"/>
			<t id="s2_15" word="digitará" lemma="digitar" pos="v-fin" morph="FUT 3S IND VFIN" extra="cjt-STA vH fmc mv"/>
			<t id="s2_16" word="praticamente" lemma="prático" pos="adv" morph="--" extra="--"/>
			<t id="s2_17" word="toda_a" lemma="todo_o" pos="pron-indef" morph="DET F S" extra="quant"/>
			<t id="s2_18" word="agenda" lemma="agenda" pos="n" morph="F S" sem="sem-c cc-r" extra="--"/>
			<t id="s2_19" word="de" lemma="de" pos="prp" morph="--" extra="np-close"/>
			<t id="s2_20" word="contatos" lemma="contato" pos="n" morph="M P" sem="ac H" extra="--"/>
			<t id="s2_21" word="e" lemma="e" pos="conj-c" morph="--" extra="--"/>
			<t id="s2_22" word="não" lemma="não" pos="adv" morph="--" extra="--"/>
			<t id="s2_23" word="incluiria" lemma="incluir" pos="v-fin" morph="COND 3S VFIN" extra="nosubj nosubj cjt-STA fmc mv"/>
			<t id="s2_24" word="um" lemma="um" pos="art" morph="M S" extra="--"/>
			<t id="s2_25" word="software" lemma="software" pos="n" morph="M S" sem="am" extra="--"/>
			<t id="s2_26" word="que" lemma="que" pos="spec" morph="M S" extra="clb clb-fs rel"/>
			<t id="s2_27" word="nos" lemma="nós" pos="pron-pers" morph="M/F 1P ACC/DAT" extra="refl"/>
			<t id="s2_28" word="permita" lemma="permitir" pos="v-fin" morph="PR 3S SUBJ VFIN" extra="vH mv np-close"/>
			<t id="s2_29" word="manter" lemma="manter" pos="v-inf" morph="--" extra="vH mv"/>
			<t id="s2_30" word="atualizada" lemma="atualizar" pos="v-pcp" morph="F S" extra="vH"/>
			<t id="s2_31" word="a" lemma="o" pos="art" morph="F S" extra="--"/>
			<t id="s2_32" word="lista" lemma="lista" pos="n" morph="F S" sem="cc-r coll-sem" extra="cjt-head cjt-head-Od"/>
			<t id="s2_33" word="de" lemma="de" pos="prp" morph="--" extra="np-close"/>
			<t id="s2_34" word="tarefas" lemma="tarefa" pos="n" morph="F P" sem="ac act-d" extra="--"/>
			<t id="s2_35" word="e" lemma="e" pos="conj-c" morph="--" extra="--"/>
			<t id="s2_36" word="calendário" lemma="calendário" pos="n" morph="M S" sem="sem-r" extra="cjt-Od"/>
			<t id="s2_37" word="com" lemma="com" pos="prp" morph="--" extra="--"/>
			<t id="s2_38" word="o" lemma="o" pos="art" morph="M S" extra="--"/>
			<t id="s2_39" word="computador" lemma="computador" pos="n" morph="M S" sem="mach" extra="--"/>
			<t id="s2_40" word="pessoal" lemma="pessoal" pos="adj" morph="M S" extra="nh np-close"/>
			<t id="s2_41" word="." lemma="--" pos="pu" morph="--" extra="--"/>
		</terminals>

		<nonterminals>
			<nt id="s2_500" cat="s">
				<edge label="STA" idref="s2_501"/>
			</nt>
			<nt id="s2_501" cat="par">
				<edge label="CJT" idref="s2_502"/>
				<edge label="CJT" idref="s2_508"/>
				<edge label="CJT" idref="s2_511"/>
				<edge label="DN" idref="s2_513"/>
				<edge label="S" idref="s2_26"/>
				<edge label="Od" idref="s2_514"/>
				<edge label="P" idref="s2_28"/>
				<edge label="PU" idref="s2_41"/>
			</nt>
			<nt id="s2_502" cat="fcl">
				<edge label="fA" idref="s2_1"/>
				<edge label="P" idref="s2_2"/>
				<edge label="Od" idref="s2_503"/>
			</nt>
			<nt id="s2_503" cat="icl">
				<edge label="P" idref="s2_3"/>
				<edge label="Od" idref="s2_504"/>
			</nt>
			<nt id="s2_504" cat="fcl">
				<edge label="fA" idref="s2_4"/>
				<edge label="S" idref="s2_505"/>
				<edge label="P" idref="s2_8"/>
				<edge label="Od" idref="s2_506"/>
			</nt>
			<nt id="s2_505" cat="np">
				<edge label="DN" idref="s2_5"/>
				<edge label="H" idref="s2_6"/>
				<edge label="DN" idref="s2_7"/>
			</nt>
			<nt id="s2_506" cat="np">
				<edge label="DN" idref="s2_9"/>
				<edge label="H" idref="s2_10"/>
				<edge label="DN" idref="s2_507"/>
				<edge label="CO" idref="s2_21"/>
			</nt>
			<nt id="s2_507" cat="fcl">
				<edge label="S" idref="s2_11"/>
				<edge label="Od" idref="s2_12"/>
				<edge label="P" idref="s2_13"/>
			</nt>
			<nt id="s2_508" cat="fcl">
				<edge label="Od" idref="s2_14"/>
				<edge label="P" idref="s2_15"/>
				<edge label="fA" idref="s2_16"/>
				<edge label="S" idref="s2_509"/>
			</nt>
			<nt id="s2_509" cat="np">
				<edge label="DN" idref="s2_17"/>
				<edge label="H" idref="s2_18"/>
				<edge label="DN" idref="s2_510"/>
			</nt>
			<nt id="s2_510" cat="pp">
				<edge label="H" idref="s2_19"/>
				<edge label="DP" idref="s2_20"/>
			</nt>
			<nt id="s2_511" cat="x">
				<edge label="fA" idref="s2_22"/>
				<edge label="P" idref="s2_23"/>
				<edge label="Od" idref="s2_512"/>
			</nt>
			<nt id="s2_512" cat="np">
				<edge label="DN" idref="s2_24"/>
				<edge label="H" idref="s2_25"/>
			</nt>
			<nt id="s2_513" cat="fcl">
			</nt>
			<nt id="s2_514" cat="fcl">
				<edge label="S" idref="s2_515"/>
				<edge label="P" idref="s2_29"/>
				<edge label="Co" idref="s2_30"/>
				<edge label="Od" idref="s2_516"/>
				<edge label="fA" idref="s2_519"/>
			</nt>
			<nt id="s2_515" cat="np">
				<edge label="H" idref="s2_27"/>
			</nt>
			<nt id="s2_516" cat="par">
				<edge label="CJT" idref="s2_517"/>
			</nt>
			<nt id="s2_517" cat="np">
				<edge label="DN" idref="s2_31"/>
				<edge label="H" idref="s2_32"/>
				<edge label="DN" idref="s2_518"/>
			</nt>
			<nt id="s2_518" cat="pp">
				<edge label="H" idref="s2_33"/>
				<edge label="DP" idref="s2_34"/>
			</nt>
			<nt id="s2_519" cat="pp">
				<edge label="DP" idref="s2_520"/>
				<edge label="CJT" idref="s2_36"/>
				<edge label="H" idref="s2_37"/>
			</nt>
			<nt id="s2_520" cat="np">
				<edge label="DN" idref="s2_521"/>
				<edge label="DN" idref="s2_38"/>
				<edge label="H" idref="s2_39"/>
				<edge label="-DN" idref="s2_40"/>
			</nt>
			<nt id="s2_521" cat="adjp">
				<edge label="CO" idref="s2_35"/>
			</nt>
		</nonterminals>
	</graph>
</s>

<s id="s3" ref="3" source="Running text" forest="1" text="é decepcionante.">
	<graph root="s3_500">
		<terminals>
			<t id="s3_1" word="é" lemma="ser" pos="v-fin" morph="PR 3S IND VFIN" extra="vK fmc mv"/>
			<t id="s3_2" word="decepcionante" lemma="decepcionante" pos="adj" morph="M/F S" extra="nh"/>
			<t id="s3_3" word="." lemma="--" pos="pu" morph="--" extra="--"/>
		</terminals>

		<nonterminals>
			<nt id="s3_500" cat="s">
				<edge label="STA" idref="s3_501"/>
			</nt>
			<nt id="s3_501" cat="fcl">
				<edge label="P" idref="s3_1"/>
				<edge label="Cs" idref="s3_2"/>
				<edge label="PU" idref="s3_3"/>
			</nt>
		</nonterminals>
	</graph>
</s>

<s id="s4" ref="4" source="Running text" forest="1" text="o que gostei bom design, caneta stillus, estrutura robusta, quart virtual através da tela e vem de uma marca que tem boa infra-estrutura de suporte e serviços.">
	<graph root="s4_500">
		<terminals>
			<t id="s4_1" word="o" lemma="o" pos="pron-dem" morph="DET M S" extra="dem"/>
			<t id="s4_2" word="que" lemma="que" pos="spec" morph="M S" extra="clb clb-fs rel"/>
			<t id="s4_3" word="gostei" lemma="gostar" pos="v-fin" morph="PS 1S IND VFIN" extra="vH mv np-close"/>
			<t id="s4_4" word="bom" lemma="bom" pos="adj" morph="M S" extra="jh"/>
			<t id="s4_5" word="design" lemma="design" pos="n" morph="M S" sem="percep-f domain" extra="--"/>
			<t id="s4_6" word="," lemma="--" pos="pu" morph="--" extra="--"/>
			<t id="s4_7" word="caneta" lemma="caneta" pos="n" morph="F S" sem="tool" extra="np-close"/>
			<t id="s4_8" word="stillus" lemma="stillu" pos="n" morph="M P" extra="heur foreign np-close"/>
			<t id="s4_9" word="," lemma="--" pos="pu" morph="--" extra="--"/>
			<t id="s4_10" word="estrutura" lemma="estrutura" pos="n" morph="F S" sem="percep-f HH" extra="np-close"/>
			<t id="s4_11" word="robusta" lemma="robusto" pos="adj" morph="F S" extra="jh np-close"/>
			<t id="s4_12" word="," lemma="--" pos="pu" morph="--" extra="--"/>
			<t id="s4_13" word="quart" lemma="quart" pos="n" morph="M S" extra="heur np-close"/>
			<t id="s4_14" word="virtual" lemma="virtual" pos="adj" morph="M S" extra="nh np-close"/>
			<t id="s4_15" word="através" lemma="através" pos="adv" morph="--" extra="--"/>
			<t id="s4_16" word="de" lemma="de" pos="prp" morph="--" extra="sam-"/>
			<t id="s4_17" word="a" lemma="o" pos="art" morph="F S" extra="-sam "/>
			<t id="s4_18" word="tela" lemma="tela" pos="n" morph="F S" sem="cc-h pict mat-cloth" extra="--"/>
			<t id="s4_19" word="e" lemma="e" pos="conj-c" morph="--" extra="--"/>
			<t id="s4_20" word="vem" lemma="vir" pos="v-fin" morph="PR 3S IND VFIN" extra="fmc mv np-close"/>
			<t id="s4_21" word="de" lemma="de" pos="prp" morph="--" extra="--"/>
			<t id="s4_22" word="uma" lemma="um" pos="art" morph="F S" extra="--"/>
			<t id="s4_23" word="marca" lemma="marca" pos="n" morph="F S" sem="ac-sign Labs bar" extra="--"/>
			<t id="s4_24" word="que" lemma="que" pos="spec" morph="M S" extra="clb clb-fs rel"/>
			<t id="s4_25" word="tem" lemma="ter" pos="v-fin" morph="PR 3S IND VFIN" extra="mv np-close"/>
			<t id="s4_26" word="boa" lemma="bom" pos="adj" morph="F S" extra="--"/>
			<t id="s4_27" word="infra-estrutura" lemma="infra-estrutura" pos="n" morph="F S" sem="percep-f" extra="cjt-head cjt-head-Od"/>
			<t id="s4_28" word="de" lemma="de" pos="prp" morph="--" extra="np-close"/>
			<t id="s4_29" word="suporte" lemma="suporte" pos="n" morph="M S" sem="ac part-mach part-build cc-handle" extra="--"/>
			<t id="s4_30" word="e" lemma="e" pos="conj-c" morph="--" extra="--"/>
			<t id="s4_31" word="serviços" lemma="serviço" pos="n" morph="M P" sem="act-d" extra="cjt-Od"/>
			<t id="s4_32" word="." lemma="--" pos="pu" morph="--" extra="--"/>
		</terminals>

		<nonterminals>
			<nt id="s4_500" cat="s">
				<edge label="UTT" idref="s4_501"/>
			</nt>
			<nt id="s4_501" cat="x">
				<edge label="X" idref="s4_1"/>
				<edge label="DN" idref="s4_502"/>
				<edge label="S" idref="s4_2"/>
				<edge label="P" idref="s4_3"/>
				<edge label="fA" idref="s4_505"/>
				<edge label="PU" idref="s4_32"/>
			</nt>
			<nt id="s4_502" cat="fcl">
			</nt>
			<nt id="s4_503" cat="fcl">
				<edge label="S" idref="s4_504"/>
			</nt>
			<nt id="s4_504" cat="np">
				<edge label="DN" idref="s4_4"/>
				<edge label="H" idref="s4_5"/>
				<edge label="PU" idref="s4_6"/>
				<edge label="DNc" idref="s4_509"/>
			</nt>
			<nt id="s4_505" cat="advp">
				<edge label="DA" idref="s4_506"/>
				<edge label="H" idref="s4_15"/>
			</nt>
			<nt id="s4_506" cat="pp">
				<edge label="DP" idref="s4_507"/>
				<edge label="H" idref="s4_16"/>
			</nt>
			<nt id="s4_507" cat="np">
				<edge label="DN" idref="s4_508"/>
				<edge label="DN" idref="s4_17"/>
				<edge label="H" idref="s4_18"/>
				<edge label="CO" idref="s4_19"/>
				<edge label="DN" idref="s4_513"/>
			</nt>
			<nt id="s4_508" cat="fcl">
			</nt>
			<nt id="s4_509" cat="np">
				<edge label="H" idref="s4_7"/>
				<edge label="DNc" idref="s4_510"/>
			</nt>
			<nt id="s4_510" cat="np">
				<edge label="H" idref="s4_8"/>
				<edge label="PU" idref="s4_9"/>
				<edge label="DNc" idref="s4_511"/>
			</nt>
			<nt id="s4_511" cat="np">
				<edge label="H" idref="s4_10"/>
				<edge label="DN" idref="s4_11"/>
				<edge label="PU" idref="s4_12"/>
				<edge label="DNc" idref="s4_512"/>
			</nt>
			<nt id="s4_512" cat="np">
				<edge label="H" idref="s4_13"/>
				<edge label="DN" idref="s4_14"/>
			</nt>
			<nt id="s4_513" cat="fcl">
				<edge label="P" idref="s4_20"/>
				<edge label="As" idref="s4_514"/>
			</nt>
			<nt id="s4_514" cat="pp">
				<edge label="H" idref="s4_21"/>
				<edge label="DP" idref="s4_515"/>
			</nt>
			<nt id="s4_515" cat="np">
				<edge label="DN" idref="s4_22"/>
				<edge label="H" idref="s4_23"/>
				<edge label="DN" idref="s4_516"/>
			</nt>
			<nt id="s4_516" cat="fcl">
				<edge label="S" idref="s4_24"/>
				<edge label="P" idref="s4_25"/>
				<edge label="Od" idref="s4_517"/>
			</nt>
			<nt id="s4_517" cat="par">
				<edge label="CJT" idref="s4_518"/>
				<edge label="CJT" idref="s4_31"/>
			</nt>
			<nt id="s4_518" cat="np">
				<edge label="DN" idref="s4_26"/>
				<edge label="H" idref="s4_27"/>
				<edge label="DN" idref="s4_519"/>
			</nt>
			<nt id="s4_519" cat="pp">
				<edge label="H" idref="s4_28"/>
				<edge label="DP" idref="s4_29"/>
			</nt>
		</nonterminals>
	</graph>
</s>

<s id="s5" ref="5" source="Running text" forest="1" text="o que não gostei aparelho relativamente grande e, nos casos de pessoas profissionais que utilizam para trabalhar apresenta um grande problema que é a falta de sincronismo dos contatos e calendário com o outlook.">
	<graph root="s5_500">
		<terminals>
			<t id="s5_1" word="o" lemma="o" pos="pron-dem" morph="DET M S" extra="dem"/>
			<t id="s5_2" word="que" lemma="que" pos="spec" morph="M S" extra="clb clb-fs rel"/>
			<t id="s5_3" word="não" lemma="não" pos="adv" morph="--" extra="--"/>
			<t id="s5_4" word="gostei" lemma="gostar" pos="v-fin" morph="PS 1S IND VFIN" extra="vH mv np-close"/>
			<t id="s5_5" word="aparelho" lemma="aparelho" pos="n" morph="M S" sem="tool" extra="--"/>
			<t id="s5_6" word="relativamente" lemma="relativamente" pos="adv" morph="--" extra="--"/>
			<t id="s5_7" word="grande" lemma="grande" pos="adj" morph="M/F S" extra="np-close"/>
			<t id="s5_8" word="e" lemma="e" pos="conj-c" morph="--" extra="--"/>
			<t id="s5_9" word="," lemma="--" pos="pu" morph="--" extra="--"/>
			<t id="s5_10" word="em" lemma="em" pos="prp" morph="--" extra="sam-"/>
			<t id="s5_11" word="os" lemma="o" pos="art" morph="M P" extra=" -sam"/>
			<t id="s5_12" word="casos" lemma="caso" pos="n" morph="M P" sem="event ac-cat sem" extra="--"/>
			<t id="s5_13" word="de" lemma="de" pos="prp" morph="--" extra="np-close"/>
			<t id="s5_14" word="pessoas" lemma="pessoa" pos="n" morph="F P" sem="H" extra="--"/>
			<t id="s5_15" word="profissionais" lemma="profissional" pos="adj" morph="F P" extra="jh np-close"/>
			<t id="s5_16" word="que" lemma="que" pos="spec" morph="M S" extra="clb clb-fs rel"/>
			<t id="s5_17" word="utilizam" lemma="utilizar" pos="v-fin" morph="PR 3P IND VFIN" extra="vH mv np-close"/>
			<t id="s5_18" word="para" lemma="para" pos="prp" morph="--" extra="--"/>
			<t id="s5_19" word="trabalhar" lemma="trabalhar" pos="v-inf" morph="--" extra="vH mv"/>
			<t id="s5_20" word="apresenta" lemma="apresentar" pos="v-fin" morph="PR 3S IND VFIN" extra="vH fmc mv"/>
			<t id="s5_21" word="um" lemma="um" pos="art" morph="M S" extra="--"/>
			<t id="s5_22" word="grande" lemma="grande" pos="adj" morph="M S" extra="--"/>
			<t id="s5_23" word="problema" lemma="problema" pos="n" morph="M S" sem="ac" extra="--"/>
			<t id="s5_24" word="que" lemma="que" pos="spec" morph="M S" extra="clb clb-fs rel"/>
			<t id="s5_25" word="é" lemma="ser" pos="v-fin" morph="PR 3S IND VFIN" extra="vK mv np-close"/>
			<t id="s5_26" word="a" lemma="o" pos="art" morph="F S" extra="--"/>
			<t id="s5_27" word="falta" lemma="falta" pos="n" morph="F S" sem="f-c sit event" extra="cjt-head cjt-head-Cs"/>
			<t id="s5_28" word="de" lemma="de" pos="prp" morph="--" extra="np-close"/>
			<t id="s5_29" word="sincronismo" lemma="sincronismo" pos="n" morph="M S" sem="ism" extra="--"/>
			<t id="s5_30" word="de" lemma="de" pos="prp" morph="--" extra="sam- np-long"/>
			<t id="s5_31" word="os" lemma="o" pos="art" morph="M P" extra="-sam "/>
			<t id="s5_32" word="contatos" lemma="contato" pos="n" morph="M P" sem="ac H" extra="cjt-head cjt-head-DP"/>
			<t id="s5_33" word="e" lemma="e" pos="conj-c" morph="--" extra="--"/>
			<t id="s5_34" word="calendário" lemma="calendário" pos="n" morph="M S" sem="sem-r" extra="cjt-DP"/>
			<t id="s5_35" word="com" lemma="com" pos="prp" morph="--" extra="cjt-Cs"/>
			<t id="s5_36" word="o" lemma="o" pos="art" morph="M S" extra="--"/>
			<t id="s5_37" word="outlook" lemma="outlook" pos="n" morph="M S" extra="foreign heur"/>
			<t id="s5_38" word="." lemma="--" pos="pu" morph="--" extra="--"/>
		</terminals>

		<nonterminals>
			<nt id="s5_500" cat="s">
				<edge label="STA" idref="s5_501"/>
			</nt>
			<nt id="s5_501" cat="fcl">
				<edge label="S" idref="s5_1"/>
				<edge label="DN" idref="s5_502"/>
				<edge label="S" idref="s5_2"/>
				<edge label="fA" idref="s5_3"/>
				<edge label="P" idref="s5_4"/>
				<edge label="S" idref="s5_503"/>
				<edge label="DN" idref="s5_505"/>
				<edge label="CO" idref="s5_8"/>
				<edge label="PU" idref="s5_9"/>
				<edge label="DP" idref="s5_506"/>
				<edge label="H" idref="s5_13"/>
				<edge label="P" idref="s5_20"/>
				<edge label="Od" idref="s5_515"/>
				<edge label="PU" idref="s5_38"/>
			</nt>
			<nt id="s5_502" cat="fcl">
			</nt>
			<nt id="s5_503" cat="np">
				<edge label="H" idref="s5_5"/>
				<edge label="DN" idref="s5_504"/>
			</nt>
			<nt id="s5_504" cat="adjp">
				<edge label="DA" idref="s5_6"/>
				<edge label="H" idref="s5_7"/>
			</nt>
			<nt id="s5_505" cat="pp">
			</nt>
			<nt id="s5_506" cat="np">
				<edge label="DN" idref="s5_507"/>
			</nt>
			<nt id="s5_507" cat="fcl">
				<edge label="fA" idref="s5_508"/>
			</nt>
			<nt id="s5_508" cat="pp">
				<edge label="DP" idref="s5_509"/>
			</nt>
			<nt id="s5_509" cat="icl">
				<edge label="fA" idref="s5_510"/>
				<edge label="H" idref="s5_14"/>
				<edge label="DN" idref="s5_15"/>
				<edge label="DN" idref="s5_512"/>
			</nt>
			<nt id="s5_510" cat="pp">
				<edge label="H" idref="s5_10"/>
				<edge label="DP" idref="s5_511"/>
			</nt>
			<nt id="s5_511" cat="np">
				<edge label="DN" idref="s5_11"/>
				<edge label="H" idref="s5_12"/>
			</nt>
			<nt id="s5_512" cat="fcl">
				<edge label="Od" idref="s5_16"/>
				<edge label="P" idref="s5_17"/>
				<edge label="fA" idref="s5_513"/>
			</nt>
			<nt id="s5_513" cat="pp">
				<edge label="H" idref="s5_18"/>
				<edge label="DP" idref="s5_514"/>
			</nt>
			<nt id="s5_514" cat="icl">
				<edge label="P" idref="s5_19"/>
			</nt>
			<nt id="s5_515" cat="np">
				<edge label="DN" idref="s5_21"/>
				<edge label="DN" idref="s5_22"/>
				<edge label="H" idref="s5_23"/>
				<edge label="DN" idref="s5_516"/>
			</nt>
			<nt id="s5_516" cat="fcl">
				<edge label="S" idref="s5_24"/>
				<edge label="P" idref="s5_25"/>
				<edge label="Cs" idref="s5_517"/>
			</nt>
			<nt id="s5_517" cat="par">
				<edge label="CJT" idref="s5_518"/>
				<edge label="CJT" idref="s5_523"/>
			</nt>
			<nt id="s5_518" cat="np">
				<edge label="DN" idref="s5_26"/>
				<edge label="H" idref="s5_27"/>
				<edge label="DN" idref="s5_519"/>
				<edge label="DN" idref="s5_520"/>
			</nt>
			<nt id="s5_519" cat="pp">
				<edge label="H" idref="s5_28"/>
				<edge label="DP" idref="s5_29"/>
			</nt>
			<nt id="s5_520" cat="pp">
				<edge label="H" idref="s5_30"/>
				<edge label="DP" idref="s5_521"/>
			</nt>
			<nt id="s5_521" cat="par">
				<edge label="CJT" idref="s5_522"/>
				<edge label="CO" idref="s5_33"/>
				<edge label="CJT" idref="s5_34"/>
			</nt>
			<nt id="s5_522" cat="np">
				<edge label="DN" idref="s5_31"/>
				<edge label="H" idref="s5_32"/>
			</nt>
			<nt id="s5_523" cat="pp">
				<edge label="H" idref="s5_35"/>
				<edge label="DP" idref="s5_524"/>
			</nt>
			<nt id="s5_524" cat="np">
				<edge label="DN" idref="s5_36"/>
				<edge label="H" idref="s5_37"/>
			</nt>
		</nonterminals>
	</graph>
</s>

<s id="s6" ref="6" source="Running text" forest="1" text="ou seja, comprar este aparelho irá obrigar o usuário a cadastrar praticamente todos os seus contatos, um a um, além de não manter a agenda de atividades atualizada com o computador ou notebook..">
	<graph root="s6_500">
		<terminals>
			<t id="s6_1" word="ou_seja" lemma="ou_seja" pos="adv" morph="--" extra="kc"/>
			<t id="s6_2" word="," lemma="--" pos="pu" morph="--" extra="--"/>
			<t id="s6_3" word="comprar" lemma="comprar" pos="v-inf" morph="--" extra="vH mv"/>
			<t id="s6_4" word="este" lemma="este" pos="pron-dem" morph="DET M S" extra="dem"/>
			<t id="s6_5" word="aparelho" lemma="aparelho" pos="n" morph="M S" sem="tool" extra="--"/>
			<t id="s6_6" word="irá" lemma="ir" pos="v-fin" morph="FUT 3S IND VFIN" extra="fmc aux"/>
			<t id="s6_7" word="obrigar" lemma="obrigar" pos="v-inf" morph="--" extra="mv"/>
			<t id="s6_8" word="o" lemma="o" pos="art" morph="M S" extra="--"/>
			<t id="s6_9" word="usuário" lemma="usuário" pos="n" morph="M S" sem="Hattr" extra="--"/>
			<t id="s6_10" word="a" lemma="a" pos="prp" morph="--" extra="--"/>
			<t id="s6_11" word="cadastrar" lemma="cadastrar" pos="v-inf" morph="--" extra="vH mv"/>
			<t id="s6_12" word="praticamente" lemma="prático" pos="adv" morph="--" extra="--"/>
			<t id="s6_13" word="todos_os" lemma="todo_o" pos="pron-indef" morph="DET M P" extra="quant"/>
			<t id="s6_14" word="seus" lemma="seu" pos="pron-poss" morph="DET M P" extra="si poss 3S"/>
			<t id="s6_15" word="contatos" lemma="contato" pos="n" morph="M P" sem="ac H" extra="--"/>
			<t id="s6_16" word="," lemma="--" pos="pu" morph="--" extra="--"/>
			<t id="s6_17" word="um_a_um" lemma="um_a_um" pos="adv" morph="--" extra="--"/>
			<t id="s6_18" word="," lemma="--" pos="pu" morph="--" extra="--"/>
			<t id="s6_19" word="além_de" lemma="além_de" pos="prp" morph="--" extra="--"/>
			<t id="s6_20" word="não" lemma="não" pos="adv" morph="--" extra="--"/>
			<t id="s6_21" word="manter" lemma="manter" pos="v-inf" morph="--" extra="vH mv"/>
			<t id="s6_22" word="a" lemma="o" pos="art" morph="F S" extra="--"/>
			<t id="s6_23" word="agenda" lemma="agenda" pos="n" morph="F S" sem="sem-c cc-r" extra="cjt-head cjt-head-Od"/>
			<t id="s6_24" word="de" lemma="de" pos="prp" morph="--" extra="np-close"/>
			<t id="s6_25" word="atividades" lemma="atividade" pos="n" morph="F P" sem="act-d activity" extra="--"/>
			<t id="s6_26" word="atualizada" lemma="atualizar" pos="v-pcp" morph="F S" extra="vH np-long"/>
			<t id="s6_27" word="com" lemma="com" pos="prp" morph="--" extra="--"/>
			<t id="s6_28" word="o" lemma="o" pos="art" morph="M S" extra="--"/>
			<t id="s6_29" word="computador" lemma="computador" pos="n" morph="M S" sem="mach" extra="--"/>
			<t id="s6_30" word="ou" lemma="ou" pos="conj-c" morph="--" extra="--"/>
			<t id="s6_31" word="notebook" lemma="notebook" pos="n" morph="M S" sem="tool" extra="cjt-Od newlex"/>
			<t id="s6_32" word="." lemma="--" pos="pu" morph="--" extra="--"/>
			<t id="s6_33" word="." lemma="--" pos="pu" morph="--" extra="--"/>
		</terminals>

		<nonterminals>
			<nt id="s6_500" cat="s">
				<edge label="STA" idref="s6_501"/>
			</nt>
			<nt id="s6_501" cat="fcl">
				<edge label="S" idref="s6_502"/>
				<edge label="P" idref="s6_504"/>
				<edge label="Od" idref="s6_505"/>
				<edge label="Op" idref="s6_506"/>
				<edge label="PU" idref="s6_32"/>
				<edge label="PU" idref="s6_33"/>
			</nt>
			<nt id="s6_502" cat="icl">
				<edge label="fA" idref="s6_1"/>
				<edge label="PU" idref="s6_2"/>
				<edge label="P" idref="s6_3"/>
				<edge label="Od" idref="s6_503"/>
			</nt>
			<nt id="s6_503" cat="np">
				<edge label="DN" idref="s6_4"/>
				<edge label="H" idref="s6_5"/>
			</nt>
			<nt id="s6_504" cat="vp">
				<edge label="Vaux" idref="s6_6"/>
				<edge label="Vm" idref="s6_7"/>
			</nt>
			<nt id="s6_505" cat="np">
				<edge label="DN" idref="s6_8"/>
				<edge label="H" idref="s6_9"/>
			</nt>
			<nt id="s6_506" cat="pp">
				<edge label="H" idref="s6_10"/>
				<edge label="DP" idref="s6_507"/>
			</nt>
			<nt id="s6_507" cat="icl">
				<edge label="P" idref="s6_11"/>
				<edge label="fA" idref="s6_12"/>
				<edge label="Od" idref="s6_508"/>
				<edge label="PU" idref="s6_16"/>
				<edge label="fA" idref="s6_17"/>
				<edge label="PU" idref="s6_18"/>
				<edge label="fA" idref="s6_509"/>
			</nt>
			<nt id="s6_508" cat="np">
				<edge label="DN" idref="s6_13"/>
				<edge label="DN" idref="s6_14"/>
				<edge label="H" idref="s6_15"/>
			</nt>
			<nt id="s6_509" cat="pp">
				<edge label="H" idref="s6_19"/>
				<edge label="DP" idref="s6_510"/>
			</nt>
			<nt id="s6_510" cat="icl">
				<edge label="fA" idref="s6_20"/>
				<edge label="P" idref="s6_21"/>
				<edge label="Od" idref="s6_511"/>
				<edge label="fA" idref="s6_514"/>
			</nt>
			<nt id="s6_511" cat="par">
				<edge label="CJT" idref="s6_512"/>
			</nt>
			<nt id="s6_512" cat="np">
				<edge label="DN" idref="s6_22"/>
				<edge label="H" idref="s6_23"/>
				<edge label="DN" idref="s6_513"/>
				<edge label="DN" idref="s6_26"/>
			</nt>
			<nt id="s6_513" cat="pp">
				<edge label="H" idref="s6_24"/>
				<edge label="DP" idref="s6_25"/>
			</nt>
			<nt id="s6_514" cat="pp">
				<edge label="H" idref="s6_27"/>
				<edge label="DP" idref="s6_515"/>
				<edge label="CJT" idref="s6_31"/>
			</nt>
			<nt id="s6_515" cat="np">
				<edge label="DN" idref="s6_28"/>
				<edge label="H" idref="s6_29"/>
				<edge label="CO" idref="s6_30"/>
			</nt>
		</nonterminals>
	</graph>
</s>

	</body>
</corpus>
