<?xml version="1.0" encoding="UTF-8"?>
<corpus>

	<body>
<s id="s1" ref="1" source="Running text" forest="1" text="um aparelho que foi lançado para ser melhor que o n95 mas é muito pior.">
	<graph root="s1_500">
		<terminals>
			<t id="s1_1" word="um" lemma="um" pos="art" morph="M S" extra="--"/>
			<t id="s1_2" word="aparelho" lemma="aparelho" pos="n" morph="M S" sem="tool" extra="--"/>
			<t id="s1_3" word="que" lemma="que" pos="spec" morph="M S" extra="clb clb-fs rel"/>
			<t id="s1_4" word="foi" lemma="ser" pos="v-fin" morph="PS 3S IND VFIN" extra="aux np-close"/>
			<t id="s1_5" word="lançado" lemma="lançar" pos="v-pcp" morph="M S" extra="vH mv"/>
			<t id="s1_6" word="para" lemma="para" pos="prp" morph="--" extra="--"/>
			<t id="s1_7" word="ser" lemma="ser" pos="v-inf" morph="--" extra="vK mv"/>
			<t id="s1_8" word="melhor" lemma="bom" pos="adj" morph="M S" extra="KOMP SUP jh"/>
			<t id="s1_9" word="que" lemma="que" pos="conj-s" morph="--" extra="clb"/>
			<t id="s1_10" word="o" lemma="o" pos="art" morph="M S" extra="--"/>
			<t id="s1_11" word="n95" lemma="n95" pos="n" morph="M S" extra="heur"/>
			<t id="s1_12" word="mas" lemma="mas" pos="conj-c" morph="--" extra="topkc"/>
			<t id="s1_13" word="é" lemma="ser" pos="v-fin" morph="PR 3S IND VFIN" extra="vK fmc mv np-close"/>
			<t id="s1_14" word="muito" lemma="muito" pos="adv" morph="--" extra="quant"/>
			<t id="s1_15" word="pior" lemma="mau" pos="adj" morph="M S" extra="KOMP SUP"/>
			<t id="s1_16" word="." lemma="--" pos="pu" morph="--" extra="--"/>
		</terminals>

		<nonterminals>
			<nt id="s1_500" cat="s">
				<edge label="X" idref="s1_501"/>
			</nt>
			<nt id="s1_501" cat="np">
				<edge label="DN" idref="s1_1"/>
				<edge label="H" idref="s1_2"/>
				<edge label="DN" idref="s1_502"/>
				<edge label="DN" idref="s1_506"/>
				<edge label="PU" idref="s1_16"/>
			</nt>
			<nt id="s1_502" cat="fcl">
				<edge label="S" idref="s1_3"/>
				<edge label="P" idref="s1_503"/>
				<edge label="fA" idref="s1_504"/>
			</nt>
			<nt id="s1_503" cat="vp">
				<edge label="Vaux" idref="s1_4"/>
				<edge label="Vm" idref="s1_5"/>
			</nt>
			<nt id="s1_504" cat="pp">
				<edge label="H" idref="s1_6"/>
				<edge label="DP" idref="s1_505"/>
			</nt>
			<nt id="s1_505" cat="icl">
				<edge label="P" idref="s1_7"/>
				<edge label="Cs" idref="s1_8"/>
			</nt>
			<nt id="s1_506" cat="fcl">
				<edge label="SUB" idref="s1_9"/>
				<edge label="S" idref="s1_507"/>
				<edge label="CO" idref="s1_12"/>
				<edge label="P" idref="s1_13"/>
				<edge label="Cs" idref="s1_508"/>
			</nt>
			<nt id="s1_507" cat="np">
				<edge label="DN" idref="s1_10"/>
				<edge label="H" idref="s1_11"/>
			</nt>
			<nt id="s1_508" cat="adjp">
				<edge label="DA" idref="s1_14"/>
				<edge label="H" idref="s1_15"/>
			</nt>
		</nonterminals>
	</graph>
</s>

<s id="s2" ref="2" source="Running text" forest="1" text="a única melhora foi o touch, no resto é tudo pior.">
	<graph root="s2_500">
		<terminals>
			<t id="s2_1" word="a" lemma="o" pos="art" morph="F S" extra="--"/>
			<t id="s2_2" word="única" lemma="único" pos="adj" morph="F S" extra="n jh"/>
			<t id="s2_3" word="melhora" lemma="melhorar" pos="v-fin" morph="PR 3S IND VFIN" extra="cjt-head cjt-head-STA fmc mv"/>
			<t id="s2_4" word="foi" lemma="foi" pos="adv" morph="--" extra="foc"/>
			<t id="s2_5" word="o" lemma="o" pos="art" morph="M S" extra="--"/>
			<t id="s2_6" word="touch" lemma="touch" pos="n" morph="M S" extra="heur"/>
			<t id="s2_7" word="," lemma="--" pos="pu" morph="--" extra="--"/>
			<t id="s2_8" word="em" lemma="em" pos="prp" morph="--" extra="sam-"/>
			<t id="s2_9" word="o" lemma="o" pos="art" morph="M S" extra="-sam "/>
			<t id="s2_10" word="resto" lemma="resto" pos="n" morph="M S" sem="amount" extra="--"/>
			<t id="s2_11" word="é" lemma="ser" pos="v-fin" morph="PR 3S IND VFIN" extra="cjt-STA fmc mv"/>
			<t id="s2_12" word="tudo" lemma="tudo" pos="spec" morph="M S" extra="quant"/>
			<t id="s2_13" word="pior" lemma="mau" pos="adj" morph="M/F S" extra="KOMP SUP"/>
			<t id="s2_14" word="." lemma="--" pos="pu" morph="--" extra="--"/>
		</terminals>

		<nonterminals>
			<nt id="s2_500" cat="s">
				<edge label="STA" idref="s2_501"/>
			</nt>
			<nt id="s2_501" cat="par">
				<edge label="CJT" idref="s2_502"/>
				<edge label="PU" idref="s2_14"/>
			</nt>
			<nt id="s2_502" cat="fcl">
				<edge label="Od" idref="s2_503"/>
				<edge label="S" idref="s2_2"/>
				<edge label="P" idref="s2_3"/>
				<edge label="CJT" idref="s2_504"/>
				<edge label="FOC" idref="s2_4"/>
				<edge label="PU" idref="s2_7"/>
				<edge label="fA" idref="s2_505"/>
				<edge label="P" idref="s2_11"/>
				<edge label="S" idref="s2_12"/>
				<edge label="fCs" idref="s2_13"/>
			</nt>
			<nt id="s2_503" cat="np">
				<edge label="DN" idref="s2_1"/>
				<edge label="DN" idref="s2_5"/>
				<edge label="H" idref="s2_6"/>
			</nt>
			<nt id="s2_504" cat="fcl">
			</nt>
			<nt id="s2_505" cat="pp">
				<edge label="H" idref="s2_8"/>
				<edge label="DP" idref="s2_506"/>
			</nt>
			<nt id="s2_506" cat="np">
				<edge label="DN" idref="s2_9"/>
				<edge label="H" idref="s2_10"/>
			</nt>
		</nonterminals>
	</graph>
</s>

<s id="s3" ref="3" source="Running text" forest="1" text="o que gostei teclado embutido o que não gostei software lento, nokia maps trava muito, bateria dura pouco, máquina fotográfica sem foco automático, softwares de leitura de código de barras nunca funcionam em ele..">
	<graph root="s3_500">
		<terminals>
			<t id="s3_1" word="o" lemma="o" pos="pron-dem" morph="DET M S" extra="dem"/>
			<t id="s3_2" word="que" lemma="que" pos="spec" morph="M S" extra="clb clb-fs rel"/>
			<t id="s3_3" word="gostei" lemma="gostar" pos="v-fin" morph="PS 1S IND VFIN" extra="vH mv np-close"/>
			<t id="s3_4" word="teclado" lemma="teclar" pos="v-pcp" morph="M S" extra="vH"/>
			<t id="s3_5" word="embutido" lemma="embutido" pos="n" morph="M S" sem="pict" extra="--"/>
			<t id="s3_6" word="o" lemma="o" pos="pron-dem" morph="DET M S" extra="dem"/>
			<t id="s3_7" word="que" lemma="que" pos="spec" morph="M S" extra="clb clb-fs rel"/>
			<t id="s3_8" word="não" lemma="não" pos="adv" morph="--" extra="--"/>
			<t id="s3_9" word="gostei" lemma="gostar" pos="v-fin" morph="PS 1S IND VFIN" extra="vH mv np-close"/>
			<t id="s3_10" word="software" lemma="software" pos="n" morph="M S" sem="am" extra="--"/>
			<t id="s3_11" word="lento" lemma="lento" pos="adj" morph="M S" extra="nh np-close"/>
			<t id="s3_12" word="," lemma="--" pos="pu" morph="--" extra="--"/>
			<t id="s3_13" word="nokia" lemma="noker" pos="v-fin" morph="IMPF 1/3S IND VFIN" extra="predco predco foreign heur fmc mv"/>
			<t id="s3_14" word="maps" lemma="map" pos="n" morph="M P" extra="heur"/>
			<t id="s3_15" word="trava" lemma="trazer" pos="v-fin" morph="IMPF 1/3S IND VFIN" extra="cjt-STA fmc mv"/>
			<t id="s3_16" word="muito" lemma="muito" pos="pron-indef" morph="DET M S" extra="cjt-head cjt-head-Od quant"/>
			<t id="s3_17" word="," lemma="--" pos="pu" morph="--" extra="--"/>
			<t id="s3_18" word="bateria" lemma="bateria" pos="n" morph="F S" sem="tool" extra="cjt-Od"/>
			<t id="s3_19" word="dura" lemma="duro" pos="adj" morph="F S" extra="np-close"/>
			<t id="s3_20" word="pouco" lemma="pouco" pos="pron-indef" morph="DET M S" extra="quant"/>
			<t id="s3_21" word="," lemma="--" pos="pu" morph="--" extra="--"/>
			<t id="s3_22" word="máquina" lemma="máquina" pos="n" morph="F S" sem="mach V" extra="np-close"/>
			<t id="s3_23" word="fotográfica" lemma="fotográfico" pos="adj" morph="F S" extra="nh np-close"/>
			<t id="s3_24" word="sem" lemma="sem" pos="prp" morph="--" extra="np-long"/>
			<t id="s3_25" word="foco" lemma="foco" pos="n" morph="M S" sem="Labs cc-light" extra="--"/>
			<t id="s3_26" word="automático" lemma="automático" pos="adj" morph="M S" extra="nh np-close"/>
			<t id="s3_27" word="," lemma="--" pos="pu" morph="--" extra="--"/>
			<t id="s3_28" word="softwares" lemma="software" pos="n" morph="M P" sem="am" extra="--"/>
			<t id="s3_29" word="de" lemma="de" pos="prp" morph="--" extra="np-close"/>
			<t id="s3_30" word="leitura" lemma="leitura" pos="n" morph="F S" sem="sem-r activity" extra="--"/>
			<t id="s3_31" word="de" lemma="de" pos="prp" morph="--" extra="np-close"/>
			<t id="s3_32" word="código" lemma="código" pos="n" morph="M S" sem="sem-r" extra="--"/>
			<t id="s3_33" word="de" lemma="de" pos="prp" morph="--" extra="np-close"/>
			<t id="s3_34" word="barras" lemma="barra" pos="n" morph="F P" sem="amount Lwater cc ac-sign" extra="--"/>
			<t id="s3_35" word="nunca" lemma="nunca" pos="adv" morph="--" extra="--"/>
			<t id="s3_36" word="funcionam" lemma="funcionar" pos="v-fin" morph="PR 3P IND VFIN" extra="cjt-STA fmc mv"/>
			<t id="s3_37" word="em" lemma="em" pos="prp" morph="--" extra="sam-"/>
			<t id="s3_38" word="ele" lemma="ele" pos="pron-pers" morph="M 3S NOM/PIV" extra="-sam"/>
			<t id="s3_39" word="." lemma="--" pos="pu" morph="--" extra="--"/>
			<t id="s3_40" word="." lemma="--" pos="pu" morph="--" extra="--"/>
		</terminals>

		<nonterminals>
			<nt id="s3_500" cat="s">
				<edge label="UTT" idref="s3_501"/>
			</nt>
			<nt id="s3_501" cat="x">
				<edge label="STA" idref="s3_502"/>
				<edge label="DN" idref="s3_503"/>
				<edge label="S" idref="s3_2"/>
				<edge label="P" idref="s3_3"/>
				<edge label="S" idref="s3_6"/>
				<edge label="fCs" idref="s3_507"/>
				<edge label="PU" idref="s3_12"/>
				<edge label="X" idref="s3_508"/>
				<edge label="PU" idref="s3_39"/>
				<edge label="PU" idref="s3_40"/>
			</nt>
			<nt id="s3_502" cat="fcl">
				<edge label="S" idref="s3_1"/>
			</nt>
			<nt id="s3_503" cat="fcl">
				<edge label="CJT" idref="s3_504"/>
			</nt>
			<nt id="s3_504" cat="fcl">
				<edge label="S" idref="s3_505"/>
			</nt>
			<nt id="s3_505" cat="np">
				<edge label="DN" idref="s3_4"/>
				<edge label="H" idref="s3_5"/>
				<edge label="DN" idref="s3_506"/>
			</nt>
			<nt id="s3_506" cat="fcl">
				<edge label="S" idref="s3_7"/>
				<edge label="fA" idref="s3_8"/>
				<edge label="P" idref="s3_9"/>
			</nt>
			<nt id="s3_507" cat="np">
				<edge label="H" idref="s3_10"/>
				<edge label="DN" idref="s3_11"/>
			</nt>
			<nt id="s3_508" cat="par">
				<edge label="CJT" idref="s3_509"/>
				<edge label="CJT" idref="s3_510"/>
				<edge label="CJT" idref="s3_513"/>
			</nt>
			<nt id="s3_509" cat="x">
				<edge label="P" idref="s3_13"/>
				<edge label="Od" idref="s3_14"/>
			</nt>
			<nt id="s3_510" cat="fcl">
				<edge label="P" idref="s3_15"/>
				<edge label="Od" idref="s3_511"/>
			</nt>
			<nt id="s3_511" cat="par">
				<edge label="CJT" idref="s3_16"/>
				<edge label="PU" idref="s3_17"/>
				<edge label="CJT" idref="s3_512"/>
			</nt>
			<nt id="s3_512" cat="np">
				<edge label="H" idref="s3_18"/>
				<edge label="DN" idref="s3_19"/>
			</nt>
			<nt id="s3_513" cat="fcl">
				<edge label="S" idref="s3_20"/>
				<edge label="PU" idref="s3_21"/>
				<edge label="S" idref="s3_514"/>
				<edge label="PU" idref="s3_27"/>
				<edge label="S" idref="s3_517"/>
				<edge label="fA" idref="s3_35"/>
				<edge label="P" idref="s3_36"/>
				<edge label="fA" idref="s3_523"/>
			</nt>
			<nt id="s3_514" cat="np">
				<edge label="H" idref="s3_22"/>
				<edge label="DN" idref="s3_23"/>
				<edge label="DN" idref="s3_515"/>
			</nt>
			<nt id="s3_515" cat="pp">
				<edge label="H" idref="s3_24"/>
				<edge label="DP" idref="s3_516"/>
			</nt>
			<nt id="s3_516" cat="np">
				<edge label="H" idref="s3_25"/>
				<edge label="DN" idref="s3_26"/>
			</nt>
			<nt id="s3_517" cat="np">
				<edge label="H" idref="s3_28"/>
				<edge label="DN" idref="s3_518"/>
			</nt>
			<nt id="s3_518" cat="pp">
				<edge label="H" idref="s3_29"/>
				<edge label="DP" idref="s3_519"/>
			</nt>
			<nt id="s3_519" cat="np">
				<edge label="H" idref="s3_30"/>
				<edge label="DN" idref="s3_520"/>
			</nt>
			<nt id="s3_520" cat="pp">
				<edge label="H" idref="s3_31"/>
				<edge label="DP" idref="s3_521"/>
			</nt>
			<nt id="s3_521" cat="np">
				<edge label="H" idref="s3_32"/>
				<edge label="DN" idref="s3_522"/>
			</nt>
			<nt id="s3_522" cat="pp">
				<edge label="H" idref="s3_33"/>
				<edge label="DP" idref="s3_34"/>
			</nt>
			<nt id="s3_523" cat="pp">
				<edge label="H" idref="s3_37"/>
				<edge label="DP" idref="s3_38"/>
			</nt>
		</nonterminals>
	</graph>
</s>

	</body>
</corpus>
