<?xml version="1.0" encoding="UTF-8"?>
<corpus>

	<body>
<s id="s1" ref="1" source="Running text" forest="1" text="celular camera é vga ruim, jogos que vem em ele se tiver credito some tudo, você entra num jogo e ar number, number desaparecem de seus créditos, não da para desativar esta armadilha o que gostei preço o que não gostei celular camera é vga ruim, jogos que vem em ele se tiver credito some tudo, você entra num jogo e ar number, number desaparecem de seus créditos, não da para desativar esta armadilha.">
	<graph root="s1_500">
		<terminals>
			<t id="s1_1" word="celular" lemma="celular" pos="adj" morph="F S" extra="nh"/>
			<t id="s1_2" word="camera" lemma="c�=mara" pos="n" morph="F S" sem="Lh HH" extra="--"/>
			<t id="s1_3" word="é" lemma="ser" pos="v-fin" morph="PR 3S IND VFIN" extra="nosubj nosubj nosubj nosubj nosubj nosubj nosubj nosubj nosubj nosubj nosubj nosubj nosubj nosubj nosubj nosubj cjt-head cjt-head-STA vK fmc mv"/>
			<t id="s1_4" word="vga" lemma="vga" pos="n" morph="M S" extra="heur"/>
			<t id="s1_5" word="ruim" lemma="ruim" pos="adj" morph="M S" extra="np-close"/>
			<t id="s1_6" word="," lemma="--" pos="pu" morph="--" extra="--"/>
			<t id="s1_7" word="jogos" lemma="jogo" pos="n" morph="M P" sem="activity occ cc-h game" extra="--"/>
			<t id="s1_8" word="que" lemma="que" pos="spec" morph="M S" extra="clb clb-fs rel"/>
			<t id="s1_9" word="vem" lemma="vir" pos="v-fin" morph="PR 3S IND VFIN" extra="mv np-close"/>
			<t id="s1_10" word="em" lemma="em" pos="prp" morph="--" extra="sam-"/>
			<t id="s1_11" word="ele" lemma="ele" pos="pron-pers" morph="M 3S NOM/PIV" extra="-sam"/>
			<t id="s1_12" word="se" lemma="se" pos="conj-s" morph="--" extra="clb clb-fs"/>
			<t id="s1_13" word="tiver" lemma="ter" pos="v-fin" morph="FUT 3S SUBJ VFIN" extra="mv"/>
			<t id="s1_14" word="credito" lemma="creditar" pos="v-fin" morph="PR 1S IND VFIN" extra="nosubj nosubj cjt-STA vH fmc mv"/>
			<t id="s1_15" word="some" lemma="sumir" pos="v-fin" morph="PR 3S IND VFIN" extra="nosubj nosubj cjt-STA fmc mv"/>
			<t id="s1_16" word="tudo" lemma="tudo" pos="spec" morph="M S" extra="quant"/>
			<t id="s1_17" word="," lemma="--" pos="pu" morph="--" extra="--"/>
			<t id="s1_18" word="você" lemma="você" pos="pron-pers" morph="M/F 3S NOM" extra="--"/>
			<t id="s1_19" word="entra" lemma="entrar" pos="v-fin" morph="PR 3S IND VFIN" extra="cjt-STA vH fmc mv"/>
			<t id="s1_20" word="em" lemma="em" pos="prp" morph="--" extra="sam-"/>
			<t id="s1_21" word="um" lemma="um" pos="art" morph="M S" extra="-sam "/>
			<t id="s1_22" word="jogo" lemma="jogo" pos="n" morph="M S" sem="activity occ cc-h game" extra="cjt-head cjt-head-DP"/>
			<t id="s1_23" word="e" lemma="e" pos="conj-c" morph="--" extra="--"/>
			<t id="s1_24" word="ar" lemma="ar" pos="n" morph="M S" sem="cm-gas f-an ac" extra="cjt-DP"/>
			<t id="s1_25" word="number" lemma="number" pos="v-inf" morph="--" extra="heur mv"/>
			<t id="s1_26" word="," lemma="--" pos="pu" morph="--" extra="--"/>
			<t id="s1_27" word="number" lemma="number" pos="n" morph="M S" extra="heur"/>
			<t id="s1_28" word="desaparecem" lemma="desaparecer" pos="v-fin" morph="PR 3P IND VFIN" extra="cjt-STA fmc mv"/>
			<t id="s1_29" word="de" lemma="de" pos="prp" morph="--" extra="--"/>
			<t id="s1_30" word="seus" lemma="seu" pos="pron-poss" morph="DET M P" extra="si poss 3S"/>
			<t id="s1_31" word="créditos" lemma="crédito" pos="n" morph="M P" sem="mon" extra="--"/>
			<t id="s1_32" word="," lemma="--" pos="pu" morph="--" extra="--"/>
			<t id="s1_33" word="não" lemma="não" pos="adv" morph="--" extra="--"/>
			<t id="s1_34" word="de" lemma="de" pos="prp" morph="--" extra="sam- np-close"/>
			<t id="s1_35" word="a" lemma="o" pos="pron-indef" morph="DET F S" extra="-sam"/>
			<t id="s1_36" word="para" lemma="para" pos="prp" morph="--" extra="np-close"/>
			<t id="s1_37" word="desativar" lemma="desativar" pos="v-inf" morph="--" extra="vH mv"/>
			<t id="s1_38" word="esta" lemma="este" pos="pron-dem" morph="DET F S" extra="dem"/>
			<t id="s1_39" word="armadilha" lemma="armadilha" pos="n" morph="F S" sem="Ltrap" extra="--"/>
			<t id="s1_40" word="o" lemma="o" pos="pron-dem" morph="DET M S" extra="dem"/>
			<t id="s1_41" word="que" lemma="que" pos="spec" morph="M S" extra="clb clb-fs rel"/>
			<t id="s1_42" word="gostei" lemma="gostar" pos="v-fin" morph="PS 1S IND VFIN" extra="vH mv np-close"/>
			<t id="s1_43" word="preço" lemma="preço" pos="n" morph="M S" sem="f-q" extra="--"/>
			<t id="s1_44" word="o" lemma="o" pos="pron-dem" morph="DET M S" extra="dem"/>
			<t id="s1_45" word="que" lemma="que" pos="spec" morph="M S" extra="clb clb-fs rel"/>
			<t id="s1_46" word="não" lemma="não" pos="adv" morph="--" extra="--"/>
			<t id="s1_47" word="gostei" lemma="gostar" pos="v-fin" morph="PS 1S IND VFIN" extra="vH mv np-close"/>
			<t id="s1_48" word="celular" lemma="celular" pos="adj" morph="F S" extra="nh"/>
			<t id="s1_49" word="camera" lemma="c�=mara" pos="n" morph="F S" sem="Lh HH" extra="--"/>
			<t id="s1_50" word="é" lemma="ser" pos="v-fin" morph="PR 3S IND VFIN" extra="cjt-STA vK fmc mv"/>
			<t id="s1_51" word="vga" lemma="vga" pos="n" morph="M S" extra="heur"/>
			<t id="s1_52" word="ruim" lemma="ruim" pos="adj" morph="M S" extra="np-close"/>
			<t id="s1_53" word="," lemma="--" pos="pu" morph="--" extra="--"/>
			<t id="s1_54" word="jogos" lemma="jogo" pos="n" morph="M P" sem="activity occ cc-h game" extra="np-close"/>
			<t id="s1_55" word="que" lemma="que" pos="spec" morph="M S" extra="clb clb-fs rel"/>
			<t id="s1_56" word="vem" lemma="vir" pos="v-fin" morph="PR 3S IND VFIN" extra="mv np-close"/>
			<t id="s1_57" word="em" lemma="em" pos="prp" morph="--" extra="sam-"/>
			<t id="s1_58" word="ele" lemma="ele" pos="pron-pers" morph="M 3S NOM/PIV" extra="-sam"/>
			<t id="s1_59" word="se" lemma="se" pos="conj-s" morph="--" extra="clb clb-fs"/>
			<t id="s1_60" word="tiver" lemma="ter" pos="v-fin" morph="FUT 3S SUBJ VFIN" extra="mv"/>
			<t id="s1_61" word="credito" lemma="creditar" pos="v-fin" morph="PR 1S IND VFIN" extra="cjt-STA vH fmc mv"/>
			<t id="s1_62" word="some" lemma="sumir" pos="v-fin" morph="PR 3S IND VFIN" extra="cjt-STA fmc mv"/>
			<t id="s1_63" word="tudo" lemma="tudo" pos="spec" morph="M S" extra="quant"/>
			<t id="s1_64" word="," lemma="--" pos="pu" morph="--" extra="--"/>
			<t id="s1_65" word="você" lemma="você" pos="pron-pers" morph="M/F 3S NOM" extra="--"/>
			<t id="s1_66" word="entra" lemma="entrar" pos="v-fin" morph="PR 3S IND VFIN" extra="cjt-STA vH fmc mv"/>
			<t id="s1_67" word="em" lemma="em" pos="prp" morph="--" extra="sam-"/>
			<t id="s1_68" word="um" lemma="um" pos="art" morph="M S" extra="-sam "/>
			<t id="s1_69" word="jogo" lemma="jogo" pos="n" morph="M S" sem="activity occ cc-h game" extra="cjt-head cjt-head-DP"/>
			<t id="s1_70" word="e" lemma="e" pos="conj-c" morph="--" extra="--"/>
			<t id="s1_71" word="ar" lemma="ar" pos="n" morph="M S" sem="cm-gas f-an ac" extra="cjt-DP"/>
			<t id="s1_72" word="number" lemma="number" pos="v-inf" morph="--" extra="heur mv"/>
			<t id="s1_73" word="," lemma="--" pos="pu" morph="--" extra="--"/>
			<t id="s1_74" word="number" lemma="number" pos="n" morph="M S" extra="heur"/>
			<t id="s1_75" word="desaparecem" lemma="desaparecer" pos="v-fin" morph="PR 3P IND VFIN" extra="cjt-STA fmc mv"/>
			<t id="s1_76" word="de" lemma="de" pos="prp" morph="--" extra="--"/>
			<t id="s1_77" word="seus" lemma="seu" pos="pron-poss" morph="DET M P" extra="si poss 3S"/>
			<t id="s1_78" word="créditos" lemma="crédito" pos="n" morph="M P" sem="mon" extra="--"/>
			<t id="s1_79" word="," lemma="--" pos="pu" morph="--" extra="--"/>
			<t id="s1_80" word="não" lemma="não" pos="adv" morph="--" extra="--"/>
			<t id="s1_81" word="de" lemma="de" pos="prp" morph="--" extra="sam- np-close"/>
			<t id="s1_82" word="a" lemma="o" pos="pron-indef" morph="DET F S" extra="-sam"/>
			<t id="s1_83" word="para" lemma="para" pos="prp" morph="--" extra="np-close"/>
			<t id="s1_84" word="desativar" lemma="desativar" pos="v-inf" morph="--" extra="vH mv"/>
			<t id="s1_85" word="esta" lemma="este" pos="pron-dem" morph="DET F S" extra="dem"/>
			<t id="s1_86" word="armadilha" lemma="armadilha" pos="n" morph="F S" sem="Ltrap" extra="--"/>
			<t id="s1_87" word="." lemma="--" pos="pu" morph="--" extra="--"/>
		</terminals>

		<nonterminals>
			<nt id="s1_500" cat="s">
				<edge label="STA" idref="s1_501"/>
			</nt>
			<nt id="s1_501" cat="par">
				<edge label="CJT" idref="s1_502"/>
				<edge label="CJT" idref="s1_14"/>
				<edge label="CJT" idref="s1_508"/>
				<edge label="PU" idref="s1_17"/>
				<edge label="CJT" idref="s1_509"/>
				<edge label="PU" idref="s1_26"/>
				<edge label="CJT" idref="s1_513"/>
				<edge label="CJT" idref="s1_520"/>
				<edge label="CJT" idref="s1_522"/>
				<edge label="CJT" idref="s1_524"/>
				<edge label="PU" idref="s1_64"/>
				<edge label="CJT" idref="s1_531"/>
				<edge label="PU" idref="s1_73"/>
				<edge label="CJT" idref="s1_535"/>
				<edge label="PU" idref="s1_87"/>
			</nt>
			<nt id="s1_502" cat="fcl">
				<edge label="S" idref="s1_503"/>
				<edge label="P" idref="s1_3"/>
				<edge label="Cs" idref="s1_504"/>
			</nt>
			<nt id="s1_503" cat="np">
				<edge label="DN" idref="s1_1"/>
				<edge label="H" idref="s1_2"/>
			</nt>
			<nt id="s1_504" cat="np">
				<edge label="H" idref="s1_4"/>
				<edge label="DN" idref="s1_5"/>
				<edge label="PU" idref="s1_6"/>
				<edge label="DN" idref="s1_505"/>
			</nt>
			<nt id="s1_505" cat="fcl">
				<edge label="fA" idref="s1_506"/>
				<edge label="S" idref="s1_8"/>
				<edge label="P" idref="s1_9"/>
				<edge label="fA" idref="s1_507"/>
			</nt>
			<nt id="s1_506" cat="fcl">
				<edge label="S" idref="s1_7"/>
				<edge label="SUB" idref="s1_12"/>
				<edge label="P" idref="s1_13"/>
			</nt>
			<nt id="s1_507" cat="pp">
				<edge label="H" idref="s1_10"/>
				<edge label="DP" idref="s1_11"/>
			</nt>
			<nt id="s1_508" cat="x">
				<edge label="P" idref="s1_15"/>
				<edge label="fA" idref="s1_16"/>
			</nt>
			<nt id="s1_509" cat="fcl">
				<edge label="S" idref="s1_18"/>
				<edge label="P" idref="s1_19"/>
				<edge label="As" idref="s1_510"/>
			</nt>
			<nt id="s1_510" cat="pp">
				<edge label="H" idref="s1_20"/>
				<edge label="DP" idref="s1_511"/>
				<edge label="UTT" idref="s1_25"/>
			</nt>
			<nt id="s1_511" cat="par">
				<edge label="CJT" idref="s1_512"/>
				<edge label="CO" idref="s1_23"/>
				<edge label="CJT" idref="s1_24"/>
			</nt>
			<nt id="s1_512" cat="np">
				<edge label="DN" idref="s1_21"/>
				<edge label="H" idref="s1_22"/>
			</nt>
			<nt id="s1_513" cat="fcl">
				<edge label="S" idref="s1_27"/>
				<edge label="P" idref="s1_28"/>
				<edge label="fA" idref="s1_514"/>
			</nt>
			<nt id="s1_514" cat="pp">
				<edge label="H" idref="s1_29"/>
				<edge label="DP" idref="s1_515"/>
			</nt>
			<nt id="s1_515" cat="np">
				<edge label="DN" idref="s1_30"/>
				<edge label="H" idref="s1_31"/>
				<edge label="PU" idref="s1_32"/>
				<edge label="DN" idref="s1_516"/>
				<edge label="DN" idref="s1_517"/>
			</nt>
			<nt id="s1_516" cat="pp">
				<edge label="DPmod" idref="s1_33"/>
				<edge label="H" idref="s1_34"/>
				<edge label="DP" idref="s1_35"/>
			</nt>
			<nt id="s1_517" cat="pp">
				<edge label="H" idref="s1_36"/>
				<edge label="DP" idref="s1_518"/>
			</nt>
			<nt id="s1_518" cat="icl">
				<edge label="P" idref="s1_37"/>
				<edge label="Od" idref="s1_519"/>
			</nt>
			<nt id="s1_519" cat="np">
				<edge label="DN" idref="s1_38"/>
				<edge label="H" idref="s1_39"/>
				<edge label="DN" idref="s1_521"/>
			</nt>
			<nt id="s1_520" cat="fcl">
				<edge label="S" idref="s1_40"/>
			</nt>
			<nt id="s1_521" cat="fcl">
				<edge label="S" idref="s1_41"/>
				<edge label="P" idref="s1_42"/>
			</nt>
			<nt id="s1_522" cat="fcl">
				<edge label="S" idref="s1_523"/>
			</nt>
			<nt id="s1_523" cat="np">
				<edge label="H" idref="s1_43"/>
				<edge label="DN" idref="s1_525"/>
			</nt>
			<nt id="s1_524" cat="fcl">
				<edge label="S" idref="s1_44"/>
				<edge label="S" idref="s1_526"/>
				<edge label="P" idref="s1_50"/>
				<edge label="Cs" idref="s1_527"/>
				<edge label="P" idref="s1_61"/>
				<edge label="P" idref="s1_62"/>
				<edge label="fA" idref="s1_63"/>
			</nt>
			<nt id="s1_525" cat="fcl">
				<edge label="S" idref="s1_45"/>
				<edge label="fA" idref="s1_46"/>
				<edge label="P" idref="s1_47"/>
			</nt>
			<nt id="s1_526" cat="np">
				<edge label="DN" idref="s1_48"/>
				<edge label="H" idref="s1_49"/>
			</nt>
			<nt id="s1_527" cat="np">
				<edge label="H" idref="s1_51"/>
				<edge label="DN" idref="s1_52"/>
				<edge label="PU" idref="s1_53"/>
				<edge label="DN" idref="s1_528"/>
			</nt>
			<nt id="s1_528" cat="fcl">
				<edge label="fA" idref="s1_529"/>
				<edge label="S" idref="s1_55"/>
				<edge label="P" idref="s1_56"/>
				<edge label="fA" idref="s1_530"/>
			</nt>
			<nt id="s1_529" cat="fcl">
				<edge label="S" idref="s1_54"/>
				<edge label="SUB" idref="s1_59"/>
				<edge label="P" idref="s1_60"/>
			</nt>
			<nt id="s1_530" cat="pp">
				<edge label="H" idref="s1_57"/>
				<edge label="DP" idref="s1_58"/>
			</nt>
			<nt id="s1_531" cat="fcl">
				<edge label="S" idref="s1_65"/>
				<edge label="P" idref="s1_66"/>
				<edge label="As" idref="s1_532"/>
			</nt>
			<nt id="s1_532" cat="pp">
				<edge label="H" idref="s1_67"/>
				<edge label="DP" idref="s1_533"/>
				<edge label="UTT" idref="s1_72"/>
			</nt>
			<nt id="s1_533" cat="par">
				<edge label="CJT" idref="s1_534"/>
				<edge label="CO" idref="s1_70"/>
				<edge label="CJT" idref="s1_71"/>
			</nt>
			<nt id="s1_534" cat="np">
				<edge label="DN" idref="s1_68"/>
				<edge label="H" idref="s1_69"/>
			</nt>
			<nt id="s1_535" cat="fcl">
				<edge label="S" idref="s1_74"/>
				<edge label="P" idref="s1_75"/>
				<edge label="fA" idref="s1_536"/>
			</nt>
			<nt id="s1_536" cat="pp">
				<edge label="H" idref="s1_76"/>
				<edge label="DP" idref="s1_537"/>
			</nt>
			<nt id="s1_537" cat="np">
				<edge label="DN" idref="s1_77"/>
				<edge label="H" idref="s1_78"/>
				<edge label="PU" idref="s1_79"/>
				<edge label="DN" idref="s1_538"/>
				<edge label="DN" idref="s1_539"/>
			</nt>
			<nt id="s1_538" cat="pp">
				<edge label="DPmod" idref="s1_80"/>
				<edge label="H" idref="s1_81"/>
				<edge label="DP" idref="s1_82"/>
			</nt>
			<nt id="s1_539" cat="pp">
				<edge label="H" idref="s1_83"/>
				<edge label="DP" idref="s1_540"/>
			</nt>
			<nt id="s1_540" cat="icl">
				<edge label="P" idref="s1_84"/>
				<edge label="Od" idref="s1_541"/>
			</nt>
			<nt id="s1_541" cat="np">
				<edge label="DN" idref="s1_85"/>
				<edge label="H" idref="s1_86"/>
			</nt>
		</nonterminals>
	</graph>
</s>

	</body>
</corpus>
