<?xml version="1.0" encoding="UTF-8"?>
<corpus>

	<body>
<s id="s1" ref="1" source="Running text" forest="1" text="a nokia enganou seus cliente o televisão fone bonito só por fora, custa muito caro, comprei e agora está na assistência técnica e eu sem celular este e o brasil o que gostei design o que não gostei bateria, comprei em seis dias ele travou tudo, o toque.">
	<graph root="s1_500">
		<terminals>
			<t id="s1_1" word="a" lemma="o" pos="art" morph="F S" extra="--"/>
			<t id="s1_2" word="nokia" lemma="nokia" pos="n" morph="F S" extra="heur foreign"/>
			<t id="s1_3" word="enganou" lemma="enganar" pos="v-fin" morph="PS 3S IND VFIN" extra="nosubj nosubj nosubj nosubj nosubj nosubj cjt-head cjt-head-STA vH fmc mv"/>
			<t id="s1_4" word="seus" lemma="seu" pos="pron-poss" morph="DET M P" extra="si poss 3S"/>
			<t id="s1_5" word="cliente" lemma="cliente" pos="n" morph="M S" sem="Hattr" extra="--"/>
			<t id="s1_6" word="o" lemma="o" pos="art" morph="M S" extra="--"/>
			<t id="s1_7" word="televisão" lemma="televisão" pos="n" morph="F S" sem="sem-w HH" extra="--"/>
			<t id="s1_8" word="fone" lemma="fone" pos="n" morph="M S" sem="ac-cat tool" extra="--"/>
			<t id="s1_9" word="bonito" lemma="bonito" pos="adj" morph="M S" extra="np-close"/>
			<t id="s1_10" word="só" lemma="só" pos="adv" morph="--" extra="--"/>
			<t id="s1_11" word="por_fora" lemma="por_fora" pos="adv" morph="--" extra="--"/>
			<t id="s1_12" word="," lemma="--" pos="pu" morph="--" extra="--"/>
			<t id="s1_13" word="custa" lemma="custar" pos="v-fin" morph="PR 3S IND VFIN" extra="nosubj nosubj cjt-STA vN fmc mv"/>
			<t id="s1_14" word="muito" lemma="muito" pos="adv" morph="--" extra="quant"/>
			<t id="s1_15" word="caro" lemma="caro" pos="adv" morph="--" extra="--"/>
			<t id="s1_16" word="," lemma="--" pos="pu" morph="--" extra="--"/>
			<t id="s1_17" word="comprei" lemma="comprar" pos="v-fin" morph="PS 1S IND VFIN" extra="nosubj nosubj cjt-STA vH fmc mv"/>
			<t id="s1_18" word="e" lemma="e" pos="conj-c" morph="--" extra="topkc"/>
			<t id="s1_19" word="agora" lemma="agora" pos="adv" morph="--" extra="kc"/>
			<t id="s1_20" word="está" lemma="estar" pos="v-fin" morph="PR 3S IND VFIN" extra="nosubj nosubj cjt-STA fmc mv"/>
			<t id="s1_21" word="em" lemma="em" pos="prp" morph="--" extra="sam-"/>
			<t id="s1_22" word="a" lemma="o" pos="art" morph="F S" extra="-sam "/>
			<t id="s1_23" word="assistência" lemma="assistência" pos="n" morph="F S" sem="am" extra="--"/>
			<t id="s1_24" word="técnica" lemma="técnico" pos="adj" morph="F S" extra="nh np-close"/>
			<t id="s1_25" word="e" lemma="e" pos="conj-c" morph="--" extra="--"/>
			<t id="s1_26" word="eu" lemma="eu" pos="pron-pers" morph="M/F 1S NOM" extra="cjt-head cjt-head-S"/>
			<t id="s1_27" word="sem" lemma="sem" pos="prp" morph="--" extra="--"/>
			<t id="s1_28" word="celular" lemma="celular" pos="adj" morph="M/F S" extra="nh"/>
			<t id="s1_29" word="este" lemma="este" pos="pron-dem" morph="DET M S" extra="cjt-S dem"/>
			<t id="s1_30" word="e" lemma="e" pos="conj-c" morph="--" extra="--"/>
			<t id="s1_31" word="o" lemma="o" pos="art" morph="M S" extra="--"/>
			<t id="s1_32" word="brasil" lemma="brasil" pos="adj" morph="M S" extra="cjt-S n DERS jh"/>
			<t id="s1_33" word="o" lemma="o" pos="pron-dem" morph="DET M S" extra="cjt-S dem"/>
			<t id="s1_34" word="que" lemma="que" pos="spec" morph="M S" extra="clb clb-fs rel"/>
			<t id="s1_35" word="gostei" lemma="gostar" pos="v-fin" morph="PS 1S IND VFIN" extra="vH mv np-close"/>
			<t id="s1_36" word="design" lemma="design" pos="n" morph="M S" sem="percep-f domain" extra="--"/>
			<t id="s1_37" word="o" lemma="o" pos="pron-dem" morph="DET M S" extra="dem"/>
			<t id="s1_38" word="que" lemma="que" pos="spec" morph="M S" extra="clb clb-fs rel"/>
			<t id="s1_39" word="não" lemma="não" pos="adv" morph="--" extra="--"/>
			<t id="s1_40" word="gostei" lemma="gostar" pos="v-fin" morph="PS 1S IND VFIN" extra="vH mv np-close"/>
			<t id="s1_41" word="bateria" lemma="bateria" pos="n" morph="F S" sem="tool" extra="--"/>
			<t id="s1_42" word="," lemma="--" pos="pu" morph="--" extra="--"/>
			<t id="s1_43" word="comprei" lemma="comprar" pos="v-fin" morph="PS 1S IND VFIN" extra="cjt-STA vH fmc mv"/>
			<t id="s1_44" word="em" lemma="em" pos="prp" morph="--" extra="--"/>
			<t id="s1_45" word="seis" lemma="seis" pos="num" morph="M P" extra="card"/>
			<t id="s1_46" word="dias" lemma="dia" pos="n" morph="M P" sem="temp dur per unit" extra="--"/>
			<t id="s1_47" word="ele" lemma="ele" pos="pron-pers" morph="M 3S NOM" extra="--"/>
			<t id="s1_48" word="travou" lemma="travar" pos="v-fin" morph="PS 3S IND VFIN" extra="cjt-STA fmc mv"/>
			<t id="s1_49" word="tudo" lemma="tudo" pos="spec" morph="M S" extra="quant"/>
			<t id="s1_50" word="," lemma="--" pos="pu" morph="--" extra="--"/>
			<t id="s1_51" word="o" lemma="o" pos="art" morph="M S" extra="--"/>
			<t id="s1_52" word="toque" lemma="toque" pos="n" morph="M S" sem="act-d percep-l" extra="np-close"/>
			<t id="s1_53" word="." lemma="--" pos="pu" morph="--" extra="--"/>
		</terminals>

		<nonterminals>
			<nt id="s1_500" cat="s">
				<edge label="STA" idref="s1_501"/>
			</nt>
			<nt id="s1_501" cat="par">
				<edge label="CJT" idref="s1_502"/>
				<edge label="CJT" idref="s1_505"/>
				<edge label="PU" idref="s1_16"/>
				<edge label="CJT" idref="s1_17"/>
				<edge label="CO" idref="s1_18"/>
				<edge label="CJT" idref="s1_510"/>
				<edge label="CJT" idref="s1_513"/>
				<edge label="CJT" idref="s1_516"/>
				<edge label="PU" idref="s1_53"/>
			</nt>
			<nt id="s1_502" cat="fcl">
				<edge label="S" idref="s1_503"/>
				<edge label="P" idref="s1_3"/>
				<edge label="Od" idref="s1_504"/>
			</nt>
			<nt id="s1_503" cat="np">
				<edge label="DN" idref="s1_1"/>
				<edge label="H" idref="s1_2"/>
			</nt>
			<nt id="s1_504" cat="np">
				<edge label="DN" idref="s1_4"/>
				<edge label="H" idref="s1_5"/>
			</nt>
			<nt id="s1_505" cat="x">
				<edge label="fCs" idref="s1_506"/>
				<edge label="fCs" idref="s1_507"/>
				<edge label="fA" idref="s1_508"/>
				<edge label="PU" idref="s1_12"/>
				<edge label="P" idref="s1_13"/>
				<edge label="fA" idref="s1_509"/>
			</nt>
			<nt id="s1_506" cat="np">
				<edge label="DN" idref="s1_6"/>
				<edge label="H" idref="s1_7"/>
			</nt>
			<nt id="s1_507" cat="np">
				<edge label="H" idref="s1_8"/>
				<edge label="DN" idref="s1_9"/>
			</nt>
			<nt id="s1_508" cat="advp">
				<edge label="DA" idref="s1_10"/>
				<edge label="H" idref="s1_11"/>
			</nt>
			<nt id="s1_509" cat="advp">
				<edge label="DA" idref="s1_14"/>
				<edge label="H" idref="s1_15"/>
			</nt>
			<nt id="s1_510" cat="x">
				<edge label="fA" idref="s1_19"/>
				<edge label="P" idref="s1_20"/>
				<edge label="As" idref="s1_511"/>
			</nt>
			<nt id="s1_511" cat="pp">
				<edge label="H" idref="s1_21"/>
				<edge label="DP" idref="s1_512"/>
			</nt>
			<nt id="s1_512" cat="np">
				<edge label="DN" idref="s1_22"/>
				<edge label="H" idref="s1_23"/>
				<edge label="DN" idref="s1_24"/>
				<edge label="CO" idref="s1_25"/>
				<edge label="CO" idref="s1_30"/>
				<edge label="DN" idref="s1_518"/>
			</nt>
			<nt id="s1_513" cat="fcl">
				<edge label="S" idref="s1_514"/>
				<edge label="fA" idref="s1_515"/>
			</nt>
			<nt id="s1_514" cat="par">
				<edge label="CJT" idref="s1_26"/>
			</nt>
			<nt id="s1_515" cat="pp">
				<edge label="H" idref="s1_27"/>
				<edge label="DP" idref="s1_28"/>
				<edge label="CJT" idref="s1_29"/>
			</nt>
			<nt id="s1_516" cat="fcl">
				<edge label="S" idref="s1_517"/>
				<edge label="S" idref="s1_37"/>
				<edge label="fCs" idref="s1_41"/>
				<edge label="PU" idref="s1_42"/>
				<edge label="P" idref="s1_43"/>
				<edge label="fA" idref="s1_520"/>
				<edge label="S" idref="s1_522"/>
				<edge label="P" idref="s1_48"/>
				<edge label="fA" idref="s1_49"/>
				<edge label="PU" idref="s1_50"/>
			</nt>
			<nt id="s1_517" cat="np">
				<edge label="DN" idref="s1_31"/>
				<edge label="CJT" idref="s1_32"/>
				<edge label="CJT" idref="s1_33"/>
				<edge label="H" idref="s1_36"/>
				<edge label="DN" idref="s1_519"/>
			</nt>
			<nt id="s1_518" cat="fcl">
				<edge label="S" idref="s1_34"/>
				<edge label="P" idref="s1_35"/>
			</nt>
			<nt id="s1_519" cat="fcl">
				<edge label="S" idref="s1_38"/>
				<edge label="fA" idref="s1_39"/>
				<edge label="P" idref="s1_40"/>
			</nt>
			<nt id="s1_520" cat="pp">
				<edge label="H" idref="s1_44"/>
				<edge label="DP" idref="s1_521"/>
			</nt>
			<nt id="s1_521" cat="np">
				<edge label="DN" idref="s1_45"/>
				<edge label="H" idref="s1_46"/>
			</nt>
			<nt id="s1_522" cat="np">
				<edge label="H" idref="s1_47"/>
				<edge label="DNapp" idref="s1_523"/>
			</nt>
			<nt id="s1_523" cat="np">
				<edge label="DN" idref="s1_51"/>
				<edge label="H" idref="s1_52"/>
			</nt>
		</nonterminals>
	</graph>
</s>

	</body>
</corpus>
