<?xml version="1.0" encoding="UTF-8"?>
<corpus>

	<body>
<s id="s1" ref="1" source="Running text" forest="1" text="péssimo, recebi a propaganda de que o aparelho fazia conexão com o computador.">
	<graph root="s1_500">
		<terminals>
			<t id="s1_1" word="péssimo" lemma="mal" pos="adj" morph="M S" extra="SUP"/>
			<t id="s1_2" word="," lemma="--" pos="pu" morph="--" extra="--"/>
			<t id="s1_3" word="recebi" lemma="receber" pos="v-fin" morph="PS 1S IND VFIN" extra="vH fmc mv"/>
			<t id="s1_4" word="a" lemma="o" pos="art" morph="F S" extra="--"/>
			<t id="s1_5" word="propaganda" lemma="propaganda" pos="n" morph="F S" sem="sem-s activity" extra="--"/>
			<t id="s1_6" word="de" lemma="de" pos="prp" morph="--" extra="np-close"/>
			<t id="s1_7" word="que" lemma="que" pos="spec" morph="M/F S/P" extra="clb clb-fs rel"/>
			<t id="s1_8" word="o" lemma="o" pos="art" morph="M S" extra="--"/>
			<t id="s1_9" word="aparelho" lemma="aparelho" pos="n" morph="M S" sem="tool" extra="--"/>
			<t id="s1_10" word="fazia" lemma="fazer" pos="v-fin" morph="IMPF 3S IND VFIN" extra="mv"/>
			<t id="s1_11" word="conexão" lemma="conexão" pos="n" morph="F S" sem="ac cc" extra="--"/>
			<t id="s1_12" word="com" lemma="com" pos="prp" morph="--" extra="--"/>
			<t id="s1_13" word="o" lemma="o" pos="art" morph="M S" extra="--"/>
			<t id="s1_14" word="computador" lemma="computador" pos="n" morph="M S" sem="mach" extra="--"/>
			<t id="s1_15" word="." lemma="--" pos="pu" morph="--" extra="--"/>
		</terminals>

		<nonterminals>
			<nt id="s1_500" cat="s">
				<edge label="STA" idref="s1_501"/>
			</nt>
			<nt id="s1_501" cat="fcl">
				<edge label="fCs" idref="s1_1"/>
				<edge label="PU" idref="s1_2"/>
				<edge label="P" idref="s1_3"/>
				<edge label="Od" idref="s1_502"/>
				<edge label="PU" idref="s1_15"/>
			</nt>
			<nt id="s1_502" cat="np">
				<edge label="DN" idref="s1_4"/>
				<edge label="H" idref="s1_5"/>
				<edge label="DN" idref="s1_503"/>
			</nt>
			<nt id="s1_503" cat="pp">
				<edge label="H" idref="s1_6"/>
				<edge label="DP" idref="s1_504"/>
			</nt>
			<nt id="s1_504" cat="fcl">
				<edge label="SUB" idref="s1_7"/>
				<edge label="S" idref="s1_505"/>
				<edge label="P" idref="s1_10"/>
				<edge label="Od" idref="s1_11"/>
				<edge label="fA" idref="s1_506"/>
			</nt>
			<nt id="s1_505" cat="np">
				<edge label="DN" idref="s1_8"/>
				<edge label="H" idref="s1_9"/>
			</nt>
			<nt id="s1_506" cat="pp">
				<edge label="H" idref="s1_12"/>
				<edge label="DP" idref="s1_507"/>
			</nt>
			<nt id="s1_507" cat="np">
				<edge label="DN" idref="s1_13"/>
				<edge label="H" idref="s1_14"/>
			</nt>
		</nonterminals>
	</graph>
</s>

<s id="s2" ref="2" source="Running text" forest="1" text="porém, após comprar, descobri que não havia nenhum jeito de passar as fotos tiradas para um computador a não ser por mms ou por outro celular.">
	<graph root="s2_500">
		<terminals>
			<t id="s2_1" word="porém" lemma="porém" pos="adv" morph="--" extra="kc"/>
			<t id="s2_2" word="," lemma="--" pos="pu" morph="--" extra="--"/>
			<t id="s2_3" word="após" lemma="após" pos="prp" morph="--" extra="--"/>
			<t id="s2_4" word="comprar" lemma="comprar" pos="v-inf" morph="--" extra="vH mv"/>
			<t id="s2_5" word="," lemma="--" pos="pu" morph="--" extra="--"/>
			<t id="s2_6" word="descobri" lemma="descobrir" pos="v-fin" morph="PS 1S IND VFIN" extra="vH fmc mv"/>
			<t id="s2_7" word="que" lemma="que" pos="conj-s" morph="--" extra="clb clb-fs"/>
			<t id="s2_8" word="não" lemma="não" pos="adv" morph="--" extra="--"/>
			<t id="s2_9" word="havia" lemma="haver" pos="v-fin" morph="IMPF 1/3S IND VFIN" extra="mv"/>
			<t id="s2_10" word="nenhum" lemma="nenhum" pos="pron-indef" morph="DET M S" extra="quant"/>
			<t id="s2_11" word="jeito" lemma="jeito" pos="n" morph="M S" sem="act-trick f-h ac" extra="--"/>
			<t id="s2_12" word="de" lemma="de" pos="prp" morph="--" extra="np-close"/>
			<t id="s2_13" word="passar" lemma="passar" pos="v-inf" morph="--" extra="mv"/>
			<t id="s2_14" word="as" lemma="o" pos="art" morph="F P" extra="--"/>
			<t id="s2_15" word="fotos" lemma="foto" pos="n" morph="F P" sem="pict" extra="--"/>
			<t id="s2_16" word="tiradas" lemma="tirar" pos="v-pcp" morph="F P" extra="vH np-close"/>
			<t id="s2_17" word="para" lemma="para" pos="prp" morph="--" extra="--"/>
			<t id="s2_18" word="um" lemma="um" pos="num" morph="M S" extra="card"/>
			<t id="s2_19" word="computador" lemma="computador" pos="n" morph="M S" sem="mach" extra="--"/>
			<t id="s2_20" word="a" lemma="a" pos="prp" morph="--" extra="--"/>
			<t id="s2_21" word="não" lemma="não" pos="adv" morph="--" extra="--"/>
			<t id="s2_22" word="ser" lemma="ser" pos="v-inf" morph="--" extra="vK mv"/>
			<t id="s2_23" word="por" lemma="por" pos="prp" morph="--" extra="--"/>
			<t id="s2_24" word="mms" lemma="mms" pos="n" morph="M S" extra="foreign heur"/>
			<t id="s2_25" word="ou" lemma="ou" pos="conj-c" morph="--" extra="--"/>
			<t id="s2_26" word="por" lemma="por" pos="prp" morph="--" extra="--"/>
			<t id="s2_27" word="outro" lemma="outro" pos="pron-indef" morph="DET M S" extra="diff KOMP"/>
			<t id="s2_28" word="celular" lemma="celular" pos="adj" morph="M S" extra="n nh"/>
			<t id="s2_29" word="." lemma="--" pos="pu" morph="--" extra="--"/>
		</terminals>

		<nonterminals>
			<nt id="s2_500" cat="s">
				<edge label="STA" idref="s2_501"/>
			</nt>
			<nt id="s2_501" cat="fcl">
				<edge label="fA" idref="s2_502"/>
				<edge label="PU" idref="s2_5"/>
				<edge label="P" idref="s2_6"/>
				<edge label="Od" idref="s2_504"/>
				<edge label="PU" idref="s2_29"/>
			</nt>
			<nt id="s2_502" cat="pp">
				<edge label="DP" idref="s2_503"/>
				<edge label="PU" idref="s2_2"/>
				<edge label="H" idref="s2_3"/>
			</nt>
			<nt id="s2_503" cat="icl">
				<edge label="fA" idref="s2_1"/>
				<edge label="P" idref="s2_4"/>
			</nt>
			<nt id="s2_504" cat="fcl">
				<edge label="SUB" idref="s2_7"/>
				<edge label="fA" idref="s2_8"/>
				<edge label="P" idref="s2_9"/>
				<edge label="Od" idref="s2_505"/>
			</nt>
			<nt id="s2_505" cat="np">
				<edge label="DN" idref="s2_10"/>
				<edge label="H" idref="s2_11"/>
				<edge label="DN" idref="s2_506"/>
			</nt>
			<nt id="s2_506" cat="pp">
				<edge label="H" idref="s2_12"/>
				<edge label="DP" idref="s2_507"/>
			</nt>
			<nt id="s2_507" cat="icl">
				<edge label="P" idref="s2_13"/>
				<edge label="Od" idref="s2_508"/>
				<edge label="fA" idref="s2_509"/>
				<edge label="fA" idref="s2_511"/>
			</nt>
			<nt id="s2_508" cat="np">
				<edge label="DN" idref="s2_14"/>
				<edge label="H" idref="s2_15"/>
				<edge label="DN" idref="s2_16"/>
			</nt>
			<nt id="s2_509" cat="pp">
				<edge label="H" idref="s2_17"/>
				<edge label="DP" idref="s2_510"/>
			</nt>
			<nt id="s2_510" cat="np">
				<edge label="DN" idref="s2_18"/>
				<edge label="H" idref="s2_19"/>
			</nt>
			<nt id="s2_511" cat="pp">
				<edge label="H" idref="s2_20"/>
				<edge label="DP" idref="s2_512"/>
			</nt>
			<nt id="s2_512" cat="icl">
				<edge label="fA" idref="s2_21"/>
				<edge label="P" idref="s2_22"/>
				<edge label="Cs" idref="s2_513"/>
			</nt>
			<nt id="s2_513" cat="pp">
				<edge label="H" idref="s2_23"/>
				<edge label="DP" idref="s2_24"/>
				<edge label="H" idref="s2_26"/>
				<edge label="DP" idref="s2_515"/>
			</nt>
			<nt id="s2_514" cat="pp">
			</nt>
			<nt id="s2_515" cat="np">
				<edge label="DN" idref="s2_27"/>
				<edge label="H" idref="s2_28"/>
			</nt>
		</nonterminals>
	</graph>
</s>

<s id="s3" ref="3" source="Running text" forest="1" text="me arrependi muito da compra.">
	<graph root="s3_500">
		<terminals>
			<t id="s3_1" word="me" lemma="eu" pos="pron-pers" morph="M/F 1S ACC" extra="refl"/>
			<t id="s3_2" word="arrependi" lemma="arrepender" pos="v-fin" morph="PS 1S IND VFIN" extra="fmc mv v-pron"/>
			<t id="s3_3" word="muito" lemma="muito" pos="adv" morph="--" extra="quant"/>
			<t id="s3_4" word="de" lemma="de" pos="prp" morph="--" extra="sam-"/>
			<t id="s3_5" word="a" lemma="o" pos="art" morph="F S" extra="-sam "/>
			<t id="s3_6" word="compra" lemma="compra" pos="n" morph="F S" sem="act cc" extra="--"/>
			<t id="s3_7" word="." lemma="--" pos="pu" morph="--" extra="--"/>
		</terminals>

		<nonterminals>
			<nt id="s3_500" cat="s">
				<edge label="STA" idref="s3_501"/>
			</nt>
			<nt id="s3_501" cat="fcl">
				<edge label="Od" idref="s3_1"/>
				<edge label="P" idref="s3_2"/>
				<edge label="fA" idref="s3_3"/>
				<edge label="Op" idref="s3_502"/>
				<edge label="PU" idref="s3_7"/>
			</nt>
			<nt id="s3_502" cat="pp">
				<edge label="H" idref="s3_4"/>
				<edge label="DP" idref="s3_503"/>
			</nt>
			<nt id="s3_503" cat="np">
				<edge label="DN" idref="s3_5"/>
				<edge label="H" idref="s3_6"/>
			</nt>
		</nonterminals>
	</graph>
</s>

<s id="s4" ref="4" source="Running text" forest="1" text="o que gostei preço baixo, entrada mini usb o que não gostei camera horrível.">
	<graph root="s4_500">
		<terminals>
			<t id="s4_1" word="o" lemma="o" pos="pron-dem" morph="DET M S" extra="dem"/>
			<t id="s4_2" word="que" lemma="que" pos="spec" morph="M S" extra="clb rel"/>
			<t id="s4_3" word="gostei" lemma="gostar" pos="v-fin" morph="PS 1S IND VFIN" extra="vH mv"/>
			<t id="s4_4" word="preço" lemma="preço" pos="n" morph="M S" sem="f-q" extra="--"/>
			<t id="s4_5" word="baixo" lemma="baixo" pos="adj" morph="M S" extra="np-close"/>
			<t id="s4_6" word="," lemma="--" pos="pu" morph="--" extra="--"/>
			<t id="s4_7" word="entrada" lemma="entrada" pos="n" morph="F S" sem="Lh cc-r mon act part-build" extra="np-close"/>
			<t id="s4_8" word="mini" lemma="mini" pos="adj" morph="M/F S" extra="nh np-close"/>
			<t id="s4_9" word="usb" lemma="usb" pos="n" morph="M S" extra="heur np-close"/>
			<t id="s4_10" word="o_que" lemma="o_que" pos="spec" morph="M S" extra="clb clb-fs rel"/>
			<t id="s4_11" word="não" lemma="não" pos="adv" morph="--" extra="--"/>
			<t id="s4_12" word="gostei" lemma="gostar" pos="v-fin" morph="PS 1S IND VFIN" extra="vH mv np-close"/>
			<t id="s4_13" word="camera" lemma="c�=mara" pos="n" morph="F S" sem="Lh HH" extra="--"/>
			<t id="s4_14" word="horrível" lemma="horrível" pos="adj" morph="F S" extra="jh np-close"/>
			<t id="s4_15" word="." lemma="--" pos="pu" morph="--" extra="--"/>
		</terminals>

		<nonterminals>
			<nt id="s4_500" cat="s">
				<edge label="X" idref="s4_501"/>
			</nt>
			<nt id="s4_501" cat="adjp">
				<edge label="H" idref="s4_1"/>
				<edge label="STA" idref="s4_502"/>
				<edge label="PU" idref="s4_15"/>
			</nt>
			<nt id="s4_502" cat="fcl">
				<edge label="X" idref="s4_2"/>
				<edge label="P" idref="s4_3"/>
				<edge label="S" idref="s4_503"/>
			</nt>
			<nt id="s4_503" cat="np">
				<edge label="H" idref="s4_4"/>
				<edge label="DN" idref="s4_5"/>
				<edge label="PU" idref="s4_6"/>
				<edge label="DNc" idref="s4_504"/>
			</nt>
			<nt id="s4_504" cat="np">
				<edge label="H" idref="s4_7"/>
				<edge label="DNc" idref="s4_8"/>
				<edge label="DNc" idref="s4_505"/>
			</nt>
			<nt id="s4_505" cat="np">
				<edge label="H" idref="s4_9"/>
				<edge label="DN" idref="s4_506"/>
				<edge label="fCs" idref="s4_507"/>
			</nt>
			<nt id="s4_506" cat="fcl">
				<edge label="Od" idref="s4_10"/>
				<edge label="fA" idref="s4_11"/>
				<edge label="P" idref="s4_12"/>
			</nt>
			<nt id="s4_507" cat="np">
				<edge label="H" idref="s4_13"/>
				<edge label="DN" idref="s4_14"/>
			</nt>
		</nonterminals>
	</graph>
</s>

<s id="s5" ref="5" source="Running text" forest="1" text="baixa memoria..">
	<graph root="s5_500">
		<terminals>
			<t id="s5_1" word="baixa" lemma="baixo" pos="adj" morph="F S" extra="jh"/>
			<t id="s5_2" word="memoria" lemma="memoriar" pos="v-fin" morph="PR 3S IND VFIN" extra="vH fmc mv"/>
			<t id="s5_3" word="." lemma="--" pos="pu" morph="--" extra="--"/>
			<t id="s5_4" word="." lemma="--" pos="pu" morph="--" extra="--"/>
		</terminals>

		<nonterminals>
			<nt id="s5_500" cat="s">
				<edge label="STA" idref="s5_501"/>
			</nt>
			<nt id="s5_501" cat="fcl">
				<edge label="S" idref="s5_1"/>
				<edge label="P" idref="s5_2"/>
				<edge label="PU" idref="s5_3"/>
				<edge label="PU" idref="s5_4"/>
			</nt>
		</nonterminals>
	</graph>
</s>

	</body>
</corpus>
