<?xml version="1.0" encoding="UTF-8"?>
<corpus>

	<body>
<s id="s1" ref="1" source="Running text" forest="1" text="não presta.">
	<graph root="s1_500">
		<terminals>
			<t id="s1_1" word="não" lemma="não" pos="adv" morph="--" extra="--"/>
			<t id="s1_2" word="presta" lemma="prestar" pos="v-fin" morph="PR 3S IND VFIN" extra="fmc mv"/>
			<t id="s1_3" word="." lemma="--" pos="pu" morph="--" extra="--"/>
		</terminals>

		<nonterminals>
			<nt id="s1_500" cat="s">
				<edge label="STA" idref="s1_501"/>
			</nt>
			<nt id="s1_501" cat="fcl">
				<edge label="fA" idref="s1_1"/>
				<edge label="P" idref="s1_2"/>
				<edge label="PU" idref="s1_3"/>
			</nt>
		</nonterminals>
	</graph>
</s>

<s id="s2" ref="2" source="Running text" forest="1" text="com dois meses apresenta defeito com a tela totalmente branca.">
	<graph root="s2_500">
		<terminals>
			<t id="s2_1" word="com" lemma="com" pos="prp" morph="--" extra="--"/>
			<t id="s2_2" word="dois" lemma="dois" pos="num" morph="M P" extra="card"/>
			<t id="s2_3" word="meses" lemma="mês" pos="n" morph="M P" sem="dur per unit" extra="--"/>
			<t id="s2_4" word="apresenta" lemma="apresentar" pos="v-fin" morph="PR 3S IND VFIN" extra="vH fmc mv"/>
			<t id="s2_5" word="defeito" lemma="defeito" pos="n" morph="M S" sem="ac" extra="--"/>
			<t id="s2_6" word="com" lemma="com" pos="prp" morph="--" extra="--"/>
			<t id="s2_7" word="a" lemma="o" pos="art" morph="F S" extra="--"/>
			<t id="s2_8" word="tela" lemma="tela" pos="n" morph="F S" sem="cc-h pict mat-cloth" extra="--"/>
			<t id="s2_9" word="totalmente" lemma="totalmente" pos="adv" morph="--" extra="quant"/>
			<t id="s2_10" word="branca" lemma="branco" pos="adj" morph="F S" sem="col" extra="np-close"/>
			<t id="s2_11" word="." lemma="--" pos="pu" morph="--" extra="--"/>
		</terminals>

		<nonterminals>
			<nt id="s2_500" cat="s">
				<edge label="STA" idref="s2_501"/>
			</nt>
			<nt id="s2_501" cat="fcl">
				<edge label="fA" idref="s2_502"/>
				<edge label="P" idref="s2_4"/>
				<edge label="Od" idref="s2_5"/>
				<edge label="fA" idref="s2_504"/>
				<edge label="PU" idref="s2_11"/>
			</nt>
			<nt id="s2_502" cat="pp">
				<edge label="H" idref="s2_1"/>
				<edge label="DP" idref="s2_503"/>
			</nt>
			<nt id="s2_503" cat="np">
				<edge label="DN" idref="s2_2"/>
				<edge label="H" idref="s2_3"/>
			</nt>
			<nt id="s2_504" cat="pp">
				<edge label="H" idref="s2_6"/>
				<edge label="DP" idref="s2_505"/>
			</nt>
			<nt id="s2_505" cat="np">
				<edge label="DN" idref="s2_7"/>
				<edge label="H" idref="s2_8"/>
				<edge label="DN" idref="s2_506"/>
			</nt>
			<nt id="s2_506" cat="adjp">
				<edge label="DA" idref="s2_9"/>
				<edge label="H" idref="s2_10"/>
			</nt>
		</nonterminals>
	</graph>
</s>

<s id="s3" ref="3" source="Running text" forest="1" text="ligando para a nokia eles informam que isso &quot;acontece �mesmo com esse modelo.">
	<graph root="s3_500">
		<terminals>
			<t id="s3_1" word="ligando" lemma="ligar" pos="v-ger" morph="--" extra="clb mv"/>
			<t id="s3_2" word="para" lemma="para" pos="prp" morph="--" extra="--"/>
			<t id="s3_3" word="a" lemma="o" pos="art" morph="F S" extra="--"/>
			<t id="s3_4" word="nokia" lemma="nokia" pos="n" morph="F S" extra="heur foreign"/>
			<t id="s3_5" word="eles" lemma="eles" pos="pron-pers" morph="M 3P NOM" extra="--"/>
			<t id="s3_6" word="informam" lemma="informar" pos="v-fin" morph="PR 3P IND VFIN" extra="vH fmc mv"/>
			<t id="s3_7" word="que" lemma="que" pos="conj-s" morph="--" extra="clb clb-fs"/>
			<t id="s3_8" word="isso" lemma="isso" pos="spec" morph="M S" extra="dem"/>
			<t id="s3_9" word="&quot;" lemma="--" pos="pu" morph="--" extra="--"/>
			<t id="s3_10" word="acontece" lemma="acontecer" pos="v-fin" morph="PR 3S IND VFIN" extra="vN mv"/>
			<t id="s3_11" word="&quot;" lemma="--" pos="pu" morph="--" extra="--"/>
			<t id="s3_12" word="mesmo" lemma="mesmo" pos="adv" morph="--" extra="quant"/>
			<t id="s3_13" word="com" lemma="com" pos="prp" morph="--" extra="--"/>
			<t id="s3_14" word="esse" lemma="esse" pos="pron-dem" morph="DET M S" extra="dem"/>
			<t id="s3_15" word="modelo" lemma="modelo" pos="n" morph="M S" sem="ac Hprof" extra="--"/>
			<t id="s3_16" word="." lemma="--" pos="pu" morph="--" extra="--"/>
		</terminals>

		<nonterminals>
			<nt id="s3_500" cat="s">
				<edge label="STA" idref="s3_501"/>
			</nt>
			<nt id="s3_501" cat="fcl">
				<edge label="fA" idref="s3_502"/>
				<edge label="S" idref="s3_5"/>
				<edge label="P" idref="s3_6"/>
				<edge label="Od" idref="s3_505"/>
				<edge label="PU" idref="s3_16"/>
			</nt>
			<nt id="s3_502" cat="advp">
				<edge label="P" idref="s3_1"/>
				<edge label="Op" idref="s3_503"/>
			</nt>
			<nt id="s3_503" cat="pp">
				<edge label="H" idref="s3_2"/>
				<edge label="DP" idref="s3_504"/>
			</nt>
			<nt id="s3_504" cat="np">
				<edge label="DN" idref="s3_3"/>
				<edge label="H" idref="s3_4"/>
			</nt>
			<nt id="s3_505" cat="fcl">
				<edge label="SUB" idref="s3_7"/>
				<edge label="S" idref="s3_8"/>
				<edge label="PU" idref="s3_9"/>
				<edge label="P" idref="s3_10"/>
				<edge label="PU" idref="s3_11"/>
				<edge label="fA" idref="s3_506"/>
			</nt>
			<nt id="s3_506" cat="pp">
				<edge label="DPmod" idref="s3_12"/>
				<edge label="H" idref="s3_13"/>
				<edge label="DP" idref="s3_507"/>
			</nt>
			<nt id="s3_507" cat="np">
				<edge label="DN" idref="s3_14"/>
				<edge label="H" idref="s3_15"/>
			</nt>
		</nonterminals>
	</graph>
</s>

<s id="s4" ref="4" source="Running text" forest="1" text="acessar a nokia por telefone é um inferno.">
	<graph root="s4_500">
		<terminals>
			<t id="s4_1" word="acessar" lemma="acessar" pos="v-inf" morph="--" extra="mv"/>
			<t id="s4_2" word="a" lemma="o" pos="art" morph="F S" extra="--"/>
			<t id="s4_3" word="nokia" lemma="nokia" pos="n" morph="F S" extra="heur foreign"/>
			<t id="s4_4" word="por" lemma="por" pos="prp" morph="--" extra="--"/>
			<t id="s4_5" word="telefone" lemma="telefone" pos="n" morph="M S" sem="tool" extra="--"/>
			<t id="s4_6" word="é" lemma="ser" pos="v-fin" morph="PR 3S IND VFIN" extra="vK fmc mv"/>
			<t id="s4_7" word="um" lemma="um" pos="art" morph="M S" extra="--"/>
			<t id="s4_8" word="inferno" lemma="inferno" pos="n" morph="M S" sem="Lh Lmyth" extra="--"/>
			<t id="s4_9" word="." lemma="--" pos="pu" morph="--" extra="--"/>
		</terminals>

		<nonterminals>
			<nt id="s4_500" cat="s">
				<edge label="STA" idref="s4_501"/>
			</nt>
			<nt id="s4_501" cat="fcl">
				<edge label="S" idref="s4_502"/>
				<edge label="P" idref="s4_6"/>
				<edge label="Cs" idref="s4_505"/>
				<edge label="PU" idref="s4_9"/>
			</nt>
			<nt id="s4_502" cat="icl">
				<edge label="P" idref="s4_1"/>
				<edge label="Od" idref="s4_503"/>
				<edge label="fA" idref="s4_504"/>
			</nt>
			<nt id="s4_503" cat="np">
				<edge label="DN" idref="s4_2"/>
				<edge label="H" idref="s4_3"/>
			</nt>
			<nt id="s4_504" cat="pp">
				<edge label="H" idref="s4_4"/>
				<edge label="DP" idref="s4_5"/>
			</nt>
			<nt id="s4_505" cat="np">
				<edge label="DN" idref="s4_7"/>
				<edge label="H" idref="s4_8"/>
			</nt>
		</nonterminals>
	</graph>
</s>

<s id="s5" ref="5" source="Running text" forest="1" text="por o site então, impossível acessar a rede de assistência técnica autorizada.">
	<graph root="s5_500">
		<terminals>
			<t id="s5_1" word="por" lemma="por" pos="prp" morph="--" extra="sam-"/>
			<t id="s5_2" word="o" lemma="o" pos="art" morph="M S" extra="-sam "/>
			<t id="s5_3" word="site" lemma="site" pos="n" morph="M S" sem="Lh" extra="--"/>
			<t id="s5_4" word="então" lemma="então" pos="adv" morph="--" extra="kc"/>
			<t id="s5_5" word="," lemma="--" pos="pu" morph="--" extra="--"/>
			<t id="s5_6" word="impossível" lemma="impossível" pos="adj" morph="M/F S" extra="nh"/>
			<t id="s5_7" word="acessar" lemma="acessar" pos="v-inf" morph="3S" extra="mv"/>
			<t id="s5_8" word="a" lemma="o" pos="art" morph="F S" extra="--"/>
			<t id="s5_9" word="rede" lemma="rede" pos="n" morph="F S" sem="con HH furn Lh coll-sem" extra="--"/>
			<t id="s5_10" word="de" lemma="de" pos="prp" morph="--" extra="np-close"/>
			<t id="s5_11" word="assistência" lemma="assistência" pos="n" morph="F S" sem="am" extra="--"/>
			<t id="s5_12" word="técnica" lemma="técnico" pos="adj" morph="F S" extra="nh np-close"/>
			<t id="s5_13" word="autorizada" lemma="autorizado" pos="adj" morph="F S" extra="np-long"/>
			<t id="s5_14" word="." lemma="--" pos="pu" morph="--" extra="--"/>
		</terminals>

		<nonterminals>
			<nt id="s5_500" cat="s">
				<edge label="UTT" idref="s5_501"/>
			</nt>
			<nt id="s5_501" cat="fcl">
				<edge label="fA" idref="s5_502"/>
				<edge label="fA" idref="s5_4"/>
				<edge label="PU" idref="s5_5"/>
				<edge label="S" idref="s5_6"/>
				<edge label="P" idref="s5_7"/>
				<edge label="Od" idref="s5_504"/>
				<edge label="PU" idref="s5_14"/>
			</nt>
			<nt id="s5_502" cat="pp">
				<edge label="H" idref="s5_1"/>
				<edge label="DP" idref="s5_503"/>
			</nt>
			<nt id="s5_503" cat="np">
				<edge label="DN" idref="s5_2"/>
				<edge label="H" idref="s5_3"/>
			</nt>
			<nt id="s5_504" cat="np">
				<edge label="DN" idref="s5_8"/>
				<edge label="H" idref="s5_9"/>
				<edge label="DN" idref="s5_505"/>
			</nt>
			<nt id="s5_505" cat="pp">
				<edge label="H" idref="s5_10"/>
				<edge label="DP" idref="s5_506"/>
			</nt>
			<nt id="s5_506" cat="np">
				<edge label="H" idref="s5_11"/>
				<edge label="DN" idref="s5_12"/>
				<edge label="DN" idref="s5_13"/>
			</nt>
		</nonterminals>
	</graph>
</s>

<s id="s6" ref="6" source="Running text" forest="1" text="quando consegue- se a lista de autorizadas, descobre- se que é medíocre a quantidade em &quot;pequenas �cidades como o rio de janeiro.">
	<graph root="s6_500">
		<terminals>
			<t id="s6_1" word="quando" lemma="quando" pos="adv" morph="--" extra="clb clb-fs rel ks"/>
			<t id="s6_2" word="consegue-" lemma="conseguir" pos="v-fin" morph="PR 3S IND VFIN" extra="hyfen vH mv"/>
			<t id="s6_3" word="se" lemma="se" pos="pron-pers" morph="M/F 3S/P ACC" extra="cjt-head cjt-head-S"/>
			<t id="s6_4" word="a" lemma="o" pos="art" morph="F S" extra="--"/>
			<t id="s6_5" word="lista" lemma="lista" pos="n" morph="F S" sem="cc-r coll-sem" extra="cjt-S"/>
			<t id="s6_6" word="de" lemma="de" pos="prp" morph="--" extra="np-close"/>
			<t id="s6_7" word="autorizadas" lemma="autorizar" pos="v-pcp" morph="F P" extra="jh vH"/>
			<t id="s6_8" word="," lemma="--" pos="pu" morph="--" extra="--"/>
			<t id="s6_9" word="descobre-" lemma="descobrir" pos="v-fin" morph="PR 3S IND VFIN" extra="hyfen vH fmc mv"/>
			<t id="s6_10" word="se" lemma="se" pos="pron-pers" morph="M/F 3S ACC" extra="obj pass"/>
			<t id="s6_11" word="que" lemma="que" pos="conj-s" morph="--" extra="clb clb-fs"/>
			<t id="s6_12" word="é" lemma="ser" pos="v-fin" morph="PR 3S IND VFIN" extra="vK mv"/>
			<t id="s6_13" word="medíocre" lemma="medíocre" pos="adj" morph="F S" extra="jh"/>
			<t id="s6_14" word="a" lemma="o" pos="art" morph="F S" extra="--"/>
			<t id="s6_15" word="quantidade" lemma="quantidade" pos="n" morph="F S" sem="amount" extra="--"/>
			<t id="s6_16" word="em" lemma="em" pos="prp" morph="--" extra="--"/>
			<t id="s6_17" word="&quot;" lemma="--" pos="pu" morph="--" extra="--"/>
			<t id="s6_18" word="pequenas" lemma="pequeno" pos="adj" morph="F P" extra="cjt-head cjt-head-DP jh"/>
			<t id="s6_19" word="&quot;" lemma="--" pos="pu" morph="--" extra="--"/>
			<t id="s6_20" word="cidades" lemma="cidade" pos="n" morph="F P" sem="Lciv" extra="cjt-DP"/>
			<t id="s6_21" word="como" lemma="como" pos="prp" morph="--" extra="com adv-rel np-close"/>
			<t id="s6_22" word="o" lemma="o" pos="art" morph="M S" extra="--"/>
			<t id="s6_23" word="rio" lemma="rio" pos="n" morph="M S" sem="Lwater" extra="asarg"/>
			<t id="s6_24" word="de" lemma="de" pos="prp" morph="--" extra="np-close"/>
			<t id="s6_25" word="janeiro" lemma="janeiro" pos="n" morph="M S" extra="--"/>
			<t id="s6_26" word="." lemma="--" pos="pu" morph="--" extra="--"/>
		</terminals>

		<nonterminals>
			<nt id="s6_500" cat="s">
				<edge label="STA" idref="s6_501"/>
			</nt>
			<nt id="s6_501" cat="fcl">
				<edge label="fA" idref="s6_502"/>
				<edge label="PU" idref="s6_8"/>
				<edge label="P" idref="s6_9"/>
				<edge label="Od" idref="s6_10"/>
				<edge label="S" idref="s6_506"/>
				<edge label="PU" idref="s6_26"/>
			</nt>
			<nt id="s6_502" cat="fcl">
				<edge label="fA" idref="s6_1"/>
				<edge label="P" idref="s6_2"/>
				<edge label="S" idref="s6_503"/>
			</nt>
			<nt id="s6_503" cat="par">
				<edge label="CJT" idref="s6_3"/>
				<edge label="CJT" idref="s6_504"/>
			</nt>
			<nt id="s6_504" cat="np">
				<edge label="DN" idref="s6_4"/>
				<edge label="H" idref="s6_5"/>
				<edge label="DN" idref="s6_505"/>
			</nt>
			<nt id="s6_505" cat="pp">
				<edge label="H" idref="s6_6"/>
				<edge label="DP" idref="s6_7"/>
			</nt>
			<nt id="s6_506" cat="fcl">
				<edge label="SUB" idref="s6_11"/>
				<edge label="P" idref="s6_12"/>
				<edge label="Cs" idref="s6_13"/>
				<edge label="S" idref="s6_507"/>
				<edge label="fA" idref="s6_508"/>
			</nt>
			<nt id="s6_507" cat="np">
				<edge label="DN" idref="s6_14"/>
				<edge label="H" idref="s6_15"/>
			</nt>
			<nt id="s6_508" cat="pp">
				<edge label="H" idref="s6_16"/>
				<edge label="PU" idref="s6_17"/>
				<edge label="DP" idref="s6_509"/>
			</nt>
			<nt id="s6_509" cat="par">
				<edge label="CJT" idref="s6_18"/>
				<edge label="PU" idref="s6_19"/>
				<edge label="CJT" idref="s6_510"/>
			</nt>
			<nt id="s6_510" cat="np">
				<edge label="H" idref="s6_20"/>
				<edge label="DN" idref="s6_511"/>
			</nt>
			<nt id="s6_511" cat="pp">
				<edge label="H" idref="s6_21"/>
				<edge label="DP" idref="s6_512"/>
			</nt>
			<nt id="s6_512" cat="np">
				<edge label="DN" idref="s6_22"/>
				<edge label="H" idref="s6_23"/>
				<edge label="DN" idref="s6_513"/>
			</nt>
			<nt id="s6_513" cat="pp">
				<edge label="H" idref="s6_24"/>
				<edge label="DP" idref="s6_25"/>
			</nt>
		</nonterminals>
	</graph>
</s>

<s id="s7" ref="7" source="Running text" forest="1" text="filas enormes.">
	<graph root="s7_500">
		<terminals>
			<t id="s7_1" word="filas" lemma="fila" pos="n" morph="F P" sem="coll-cc HH act" extra="--"/>
			<t id="s7_2" word="enormes" lemma="enorme" pos="adj" morph="F P" extra="jh np-close"/>
			<t id="s7_3" word="." lemma="--" pos="pu" morph="--" extra="--"/>
		</terminals>

		<nonterminals>
			<nt id="s7_500" cat="s">
				<edge label="X" idref="s7_501"/>
			</nt>
			<nt id="s7_501" cat="np">
				<edge label="H" idref="s7_1"/>
				<edge label="DN" idref="s7_2"/>
				<edge label="PU" idref="s7_3"/>
			</nt>
		</nonterminals>
	</graph>
</s>

<s id="s8" ref="8" source="Running text" forest="1" text="vou jogar fora e comprar outro de outra marca.">
	<graph root="s8_500">
		<terminals>
			<t id="s8_1" word="vou" lemma="ir" pos="v-fin" morph="PR 1S IND VFIN" extra="fmc aux"/>
			<t id="s8_2" word="jogar" lemma="jogar" pos="v-inf" morph="--" extra="cjt-head cjt-head-AUX vH mv"/>
			<t id="s8_3" word="fora" lemma="fora" pos="adv" morph="--" extra="--"/>
			<t id="s8_4" word="e" lemma="e" pos="conj-c" morph="--" extra="--"/>
			<t id="s8_5" word="comprar" lemma="comprar" pos="v-inf" morph="--" extra="cjt-AUX vH mv"/>
			<t id="s8_6" word="outro" lemma="outro" pos="pron-indef" morph="DET M S" extra="diff KOMP"/>
			<t id="s8_7" word="de" lemma="de" pos="prp" morph="--" extra="--"/>
			<t id="s8_8" word="outra" lemma="outro" pos="pron-indef" morph="DET F S" extra="diff KOMP"/>
			<t id="s8_9" word="marca" lemma="marca" pos="n" morph="F S" sem="ac-sign Labs bar" extra="--"/>
			<t id="s8_10" word="." lemma="--" pos="pu" morph="--" extra="--"/>
		</terminals>

		<nonterminals>
			<nt id="s8_500" cat="s">
				<edge label="STA" idref="s8_501"/>
			</nt>
			<nt id="s8_501" cat="fcl">
				<edge label="Paux" idref="s8_1"/>
				<edge label="Oaux" idref="s8_502"/>
				<edge label="PU" idref="s8_10"/>
			</nt>
			<nt id="s8_502" cat="par">
				<edge label="CJT" idref="s8_503"/>
				<edge label="CO" idref="s8_4"/>
				<edge label="CJT" idref="s8_504"/>
			</nt>
			<nt id="s8_503" cat="icl">
				<edge label="P" idref="s8_2"/>
				<edge label="fA" idref="s8_3"/>
			</nt>
			<nt id="s8_504" cat="icl">
				<edge label="P" idref="s8_5"/>
				<edge label="Od" idref="s8_6"/>
				<edge label="fA" idref="s8_505"/>
			</nt>
			<nt id="s8_505" cat="pp">
				<edge label="H" idref="s8_7"/>
				<edge label="DP" idref="s8_506"/>
			</nt>
			<nt id="s8_506" cat="np">
				<edge label="DN" idref="s8_8"/>
				<edge label="H" idref="s8_9"/>
			</nt>
		</nonterminals>
	</graph>
</s>

<s id="s9" ref="9" source="Running text" forest="1" text="nokia nunca mais.">
	<graph root="s9_500">
		<terminals>
			<t id="s9_1" word="nokia" lemma="nokia" pos="n" morph="F S" extra="heur foreign"/>
			<t id="s9_2" word="nunca" lemma="nunca" pos="adv" morph="--" extra="--"/>
			<t id="s9_3" word="mais" lemma="mais" pos="adv" morph="--" extra="--"/>
			<t id="s9_4" word="." lemma="--" pos="pu" morph="--" extra="--"/>
		</terminals>

		<nonterminals>
			<nt id="s9_500" cat="s">
				<edge label="X" idref="s9_501"/>
			</nt>
			<nt id="s9_501" cat="np">
				<edge label="H" idref="s9_1"/>
				<edge label="fA" idref="s9_2"/>
				<edge label="fA" idref="s9_3"/>
				<edge label="PU" idref="s9_4"/>
			</nt>
		</nonterminals>
	</graph>
</s>

<s id="s10" ref="10" source="Running text" forest="1" text="o que gostei ter capacidade para dois chips letras de bom tamanho permitindo boa visibilidade principalmente para quem já tem presbiopia ou vista cansada.">
	<graph root="s10_500">
		<terminals>
			<t id="s10_1" word="o" lemma="o" pos="pron-dem" morph="DET M S" extra="dem"/>
			<t id="s10_2" word="que" lemma="que" pos="spec" morph="M S" extra="clb clb-fs rel"/>
			<t id="s10_3" word="gostei" lemma="gostar" pos="v-fin" morph="PS 1S IND VFIN" extra="vH mv np-close"/>
			<t id="s10_4" word="ter" lemma="ter" pos="v-inf" morph="--" extra="mv"/>
			<t id="s10_5" word="capacidade" lemma="capacidade" pos="n" morph="F S" sem="am percep-f" extra="--"/>
			<t id="s10_6" word="para" lemma="para" pos="prp" morph="--" extra="np-close"/>
			<t id="s10_7" word="dois" lemma="dois" pos="num" morph="M P" extra="card"/>
			<t id="s10_8" word="chips" lemma="chip" pos="n" morph="M P" sem="cc" extra="--"/>
			<t id="s10_9" word="letras" lemma="letra" pos="n" morph="F P" sem="ac-sign sem-r domain" extra="--"/>
			<t id="s10_10" word="de" lemma="de" pos="prp" morph="--" extra="np-close"/>
			<t id="s10_11" word="bom" lemma="bom" pos="adj" morph="M S" extra="--"/>
			<t id="s10_12" word="tamanho" lemma="tamanho" pos="n" morph="M S" sem="f-q" extra="--"/>
			<t id="s10_13" word="permitindo" lemma="permitir" pos="v-ger" morph="--" extra="vH mv np-close"/>
			<t id="s10_14" word="boa" lemma="bom" pos="adj" morph="F S" extra="--"/>
			<t id="s10_15" word="visibilidade" lemma="visibilidade" pos="n" morph="F S" sem="am" extra="--"/>
			<t id="s10_16" word="principalmente" lemma="principalmente" pos="adv" morph="--" extra="--"/>
			<t id="s10_17" word="para" lemma="para" pos="prp" morph="--" extra="np-close"/>
			<t id="s10_18" word="quem" lemma="quem" pos="spec" morph="M/F S" extra="clb clb-fs rel"/>
			<t id="s10_19" word="já" lemma="já" pos="adv" morph="--" extra="--"/>
			<t id="s10_20" word="tem" lemma="ter" pos="v-fin" morph="PR 3S IND VFIN" extra="mv"/>
			<t id="s10_21" word="presbiopia" lemma="presbiopia" pos="n" morph="F S" extra="cjt-head cjt-head-Od heur"/>
			<t id="s10_22" word="ou" lemma="ou" pos="conj-c" morph="--" extra="--"/>
			<t id="s10_23" word="vista_cansada" lemma="vista_cansada" pos="n" morph="F S" sem="sick" extra="cjt-Od"/>
			<t id="s10_24" word="." lemma="--" pos="pu" morph="--" extra="--"/>
		</terminals>

		<nonterminals>
			<nt id="s10_500" cat="s">
				<edge label="UTT" idref="s10_501"/>
			</nt>
			<nt id="s10_501" cat="x">
				<edge label="X" idref="s10_1"/>
				<edge label="DN" idref="s10_502"/>
				<edge label="S" idref="s10_2"/>
				<edge label="P" idref="s10_3"/>
				<edge label="UTT" idref="s10_503"/>
				<edge label="P" idref="s10_4"/>
				<edge label="Od" idref="s10_504"/>
				<edge label="DN" idref="s10_507"/>
				<edge label="PU" idref="s10_24"/>
			</nt>
			<nt id="s10_502" cat="fcl">
			</nt>
			<nt id="s10_503" cat="np">
			</nt>
			<nt id="s10_504" cat="np">
				<edge label="H" idref="s10_5"/>
				<edge label="DN" idref="s10_505"/>
			</nt>
			<nt id="s10_505" cat="pp">
				<edge label="H" idref="s10_6"/>
				<edge label="DP" idref="s10_506"/>
			</nt>
			<nt id="s10_506" cat="np">
				<edge label="DN" idref="s10_7"/>
				<edge label="H" idref="s10_8"/>
			</nt>
			<nt id="s10_507" cat="np">
				<edge label="DN" idref="s10_508"/>
				<edge label="P" idref="s10_13"/>
				<edge label="Od" idref="s10_513"/>
			</nt>
			<nt id="s10_508" cat="pp">
				<edge label="DP" idref="s10_509"/>
				<edge label="DPmod" idref="s10_16"/>
				<edge label="H" idref="s10_17"/>
			</nt>
			<nt id="s10_509" cat="fcl">
				<edge label="S" idref="s10_510"/>
				<edge label="S" idref="s10_18"/>
				<edge label="fA" idref="s10_19"/>
				<edge label="P" idref="s10_20"/>
				<edge label="Od" idref="s10_514"/>
			</nt>
			<nt id="s10_510" cat="np">
				<edge label="H" idref="s10_9"/>
				<edge label="DN" idref="s10_511"/>
			</nt>
			<nt id="s10_511" cat="pp">
				<edge label="H" idref="s10_10"/>
				<edge label="DP" idref="s10_512"/>
			</nt>
			<nt id="s10_512" cat="np">
				<edge label="DN" idref="s10_11"/>
				<edge label="H" idref="s10_12"/>
				<edge label="CO" idref="s10_22"/>
			</nt>
			<nt id="s10_513" cat="np">
				<edge label="DN" idref="s10_14"/>
				<edge label="H" idref="s10_15"/>
			</nt>
			<nt id="s10_514" cat="par">
				<edge label="CJT" idref="s10_21"/>
				<edge label="CJT" idref="s10_23"/>
			</nt>
		</nonterminals>
	</graph>
</s>

<s id="s11" ref="11" source="Running text" forest="1" text="o que não gostei bateria dura muito pouco o touch screen é de difícil manuseio pois os comandos não respondem prontamente..">
	<graph root="s11_500">
		<terminals>
			<t id="s11_1" word="o" lemma="o" pos="pron-dem" morph="DET M S" extra="dem"/>
			<t id="s11_2" word="que" lemma="que" pos="spec" morph="M S" extra="clb clb-fs rel"/>
			<t id="s11_3" word="não" lemma="não" pos="adv" morph="--" extra="--"/>
			<t id="s11_4" word="gostei" lemma="gostar" pos="v-fin" morph="PS 1S IND VFIN" extra="vH mv np-close"/>
			<t id="s11_5" word="bateria" lemma="bateria" pos="n" morph="F S" sem="tool" extra="--"/>
			<t id="s11_6" word="dura" lemma="duro" pos="adj" morph="F S" extra="np-close"/>
			<t id="s11_7" word="muito" lemma="muito" pos="adv" morph="--" extra="quant"/>
			<t id="s11_8" word="pouco" lemma="pouco" pos="adv" morph="--" extra="quant"/>
			<t id="s11_9" word="o" lemma="o" pos="art" morph="M S" extra="--"/>
			<t id="s11_10" word="touch" lemma="touch" pos="n" morph="M S" extra="heur"/>
			<t id="s11_11" word="screen" lemma="screen" pos="n" morph="M S" extra="foreign heur"/>
			<t id="s11_12" word="é" lemma="ser" pos="v-fin" morph="PR 3S IND VFIN" extra="cjt-head cjt-head-STA vK fmc mv"/>
			<t id="s11_13" word="de" lemma="de" pos="prp" morph="--" extra="--"/>
			<t id="s11_14" word="difícil" lemma="difícil" pos="adj" morph="M S" extra="nh"/>
			<t id="s11_15" word="manuseio" lemma="manuseio" pos="n" morph="M S" sem="act-d" extra="--"/>
			<t id="s11_16" word="pois" lemma="pois" pos="adv" morph="--" extra="kc"/>
			<t id="s11_17" word="os" lemma="o" pos="art" morph="M P" extra="--"/>
			<t id="s11_18" word="comandos" lemma="comando" pos="n" morph="M P" sem="act-s activity HH" extra="--"/>
			<t id="s11_19" word="não" lemma="não" pos="adv" morph="--" extra="--"/>
			<t id="s11_20" word="respondem" lemma="responder" pos="v-fin" morph="PR 3P IND VFIN" extra="cjt-STA fmc mv"/>
			<t id="s11_21" word="prontamente" lemma="prontamente" pos="adv" morph="--" extra="--"/>
			<t id="s11_22" word="." lemma="--" pos="pu" morph="--" extra="--"/>
			<t id="s11_23" word="." lemma="--" pos="pu" morph="--" extra="--"/>
		</terminals>

		<nonterminals>
			<nt id="s11_500" cat="s">
				<edge label="X" idref="s11_501"/>
			</nt>
			<nt id="s11_501" cat="adjp">
				<edge label="H" idref="s11_1"/>
				<edge label="DN" idref="s11_502"/>
				<edge label="S" idref="s11_2"/>
				<edge label="fA" idref="s11_3"/>
				<edge label="P" idref="s11_4"/>
				<edge label="STA" idref="s11_503"/>
				<edge label="CJT" idref="s11_504"/>
				<edge label="PU" idref="s11_22"/>
				<edge label="PU" idref="s11_23"/>
			</nt>
			<nt id="s11_502" cat="fcl">
			</nt>
			<nt id="s11_503" cat="par">
			</nt>
			<nt id="s11_504" cat="fcl">
				<edge label="CJT" idref="s11_505"/>
			</nt>
			<nt id="s11_505" cat="fcl">
				<edge label="S" idref="s11_506"/>
				<edge label="fA" idref="s11_507"/>
				<edge label="S" idref="s11_508"/>
				<edge label="S" idref="s11_11"/>
				<edge label="P" idref="s11_12"/>
				<edge label="Cs" idref="s11_509"/>
				<edge label="fA" idref="s11_16"/>
				<edge label="fCs" idref="s11_511"/>
				<edge label="fA" idref="s11_19"/>
				<edge label="P" idref="s11_20"/>
				<edge label="fA" idref="s11_21"/>
			</nt>
			<nt id="s11_506" cat="np">
				<edge label="H" idref="s11_5"/>
				<edge label="DN" idref="s11_6"/>
			</nt>
			<nt id="s11_507" cat="advp">
				<edge label="DA" idref="s11_7"/>
				<edge label="H" idref="s11_8"/>
			</nt>
			<nt id="s11_508" cat="np">
				<edge label="DN" idref="s11_9"/>
				<edge label="H" idref="s11_10"/>
			</nt>
			<nt id="s11_509" cat="pp">
				<edge label="H" idref="s11_13"/>
				<edge label="DP" idref="s11_510"/>
			</nt>
			<nt id="s11_510" cat="np">
				<edge label="DN" idref="s11_14"/>
				<edge label="H" idref="s11_15"/>
			</nt>
			<nt id="s11_511" cat="np">
				<edge label="DN" idref="s11_17"/>
				<edge label="H" idref="s11_18"/>
			</nt>
		</nonterminals>
	</graph>
</s>

	</body>
</corpus>
