<?xml version="1.0" encoding="UTF-8"?>
<corpus>

	<body>
<s id="s1" ref="1" source="Running text" forest="1" text="não compre!">
	<graph root="s1_500">
		<terminals>
			<t id="s1_1" word="não" lemma="não" pos="adv" morph="--" extra="--"/>
			<t id="s1_2" word="compre" lemma="comprar" pos="v-fin" morph="PR 1/3S SUBJ VFIN" extra="vH fmc mv"/>
			<t id="s1_3" word="!" lemma="--" pos="pu" morph="--" extra="--"/>
		</terminals>

		<nonterminals>
			<nt id="s1_500" cat="s">
				<edge label="STA" idref="s1_501"/>
			</nt>
			<nt id="s1_501" cat="fcl">
				<edge label="fA" idref="s1_1"/>
				<edge label="P" idref="s1_2"/>
				<edge label="PU" idref="s1_3"/>
			</nt>
		</nonterminals>
	</graph>
</s>

<s id="s2" ref="2" source="Running text" forest="1" text="péssimo aparelho.">
	<graph root="s2_500">
		<terminals>
			<t id="s2_1" word="péssimo" lemma="mal" pos="adj" morph="M S" extra="SUP"/>
			<t id="s2_2" word="aparelho" lemma="aparelho" pos="n" morph="M S" sem="tool" extra="--"/>
			<t id="s2_3" word="." lemma="--" pos="pu" morph="--" extra="--"/>
		</terminals>

		<nonterminals>
			<nt id="s2_500" cat="s">
				<edge label="X" idref="s2_501"/>
			</nt>
			<nt id="s2_501" cat="np">
				<edge label="DN" idref="s2_1"/>
				<edge label="H" idref="s2_2"/>
				<edge label="PU" idref="s2_3"/>
			</nt>
		</nonterminals>
	</graph>
</s>

<s id="s3" ref="3" source="Running text" forest="1" text="não funciona e conheço pessoas que também tiveram muitos problemas com esse aparelho.">
	<graph root="s3_500">
		<terminals>
			<t id="s3_1" word="não" lemma="não" pos="adv" morph="--" extra="--"/>
			<t id="s3_2" word="funciona" lemma="funcionar" pos="v-fin" morph="PR 3S IND VFIN" extra="nosubj nosubj cjt-head cjt-head-STA fmc mv"/>
			<t id="s3_3" word="e" lemma="e" pos="conj-c" morph="--" extra="co-fin"/>
			<t id="s3_4" word="conheço" lemma="conhecer" pos="v-fin" morph="PR 1S IND VFIN" extra="nosubj cjt-STA nosubj cjt-STA vH fmc mv"/>
			<t id="s3_5" word="pessoas" lemma="pessoa" pos="n" morph="F P" sem="H" extra="--"/>
			<t id="s3_6" word="que" lemma="que" pos="spec" morph="M S" extra="clb clb-fs rel"/>
			<t id="s3_7" word="também" lemma="também" pos="adv" morph="--" extra="--"/>
			<t id="s3_8" word="tiveram" lemma="ter" pos="v-fin" morph="PS/MQP 3P IND VFIN" extra="mv np-close"/>
			<t id="s3_9" word="muitos" lemma="muito" pos="pron-indef" morph="DET M P" extra="quant"/>
			<t id="s3_10" word="problemas" lemma="problema" pos="n" morph="M P" sem="ac" extra="--"/>
			<t id="s3_11" word="com" lemma="com" pos="prp" morph="--" extra="np-close"/>
			<t id="s3_12" word="esse" lemma="esse" pos="pron-dem" morph="DET M S" extra="dem"/>
			<t id="s3_13" word="aparelho" lemma="aparelho" pos="n" morph="M S" sem="tool" extra="--"/>
			<t id="s3_14" word="." lemma="--" pos="pu" morph="--" extra="--"/>
		</terminals>

		<nonterminals>
			<nt id="s3_500" cat="s">
				<edge label="STA" idref="s3_501"/>
			</nt>
			<nt id="s3_501" cat="par">
				<edge label="CJT" idref="s3_502"/>
				<edge label="CO" idref="s3_3"/>
				<edge label="CJT" idref="s3_503"/>
				<edge label="PU" idref="s3_14"/>
			</nt>
			<nt id="s3_502" cat="fcl">
				<edge label="fA" idref="s3_1"/>
				<edge label="P" idref="s3_2"/>
			</nt>
			<nt id="s3_503" cat="x">
				<edge label="P" idref="s3_4"/>
				<edge label="Od" idref="s3_504"/>
			</nt>
			<nt id="s3_504" cat="np">
				<edge label="H" idref="s3_5"/>
				<edge label="DN" idref="s3_505"/>
			</nt>
			<nt id="s3_505" cat="fcl">
				<edge label="S" idref="s3_6"/>
				<edge label="fA" idref="s3_7"/>
				<edge label="P" idref="s3_8"/>
				<edge label="Od" idref="s3_506"/>
			</nt>
			<nt id="s3_506" cat="np">
				<edge label="DN" idref="s3_9"/>
				<edge label="H" idref="s3_10"/>
				<edge label="DN" idref="s3_507"/>
			</nt>
			<nt id="s3_507" cat="pp">
				<edge label="H" idref="s3_11"/>
				<edge label="DP" idref="s3_508"/>
			</nt>
			<nt id="s3_508" cat="np">
				<edge label="DN" idref="s3_12"/>
				<edge label="H" idref="s3_13"/>
			</nt>
		</nonterminals>
	</graph>
</s>

<s id="s4" ref="4" source="Running text" forest="1" text="o que gostei tamanho pequeno e leve o que não gostei não funciona!">
	<graph root="s4_500">
		<terminals>
			<t id="s4_1" word="o" lemma="o" pos="pron-dem" morph="DET M S" extra="dem"/>
			<t id="s4_2" word="que" lemma="que" pos="spec" morph="M S" extra="clb clb-fs rel"/>
			<t id="s4_3" word="gostei" lemma="gostar" pos="v-fin" morph="PS 1S IND VFIN" extra="vH mv np-close"/>
			<t id="s4_4" word="tamanho" lemma="tamanho" pos="adj" morph="M S" extra="KOMP"/>
			<t id="s4_5" word="pequeno" lemma="pequeno" pos="adj" morph="M S" extra="np-close"/>
			<t id="s4_6" word="e" lemma="e" pos="conj-c" morph="--" extra="--"/>
			<t id="s4_7" word="leve" lemma="leve" pos="adj" morph="M/F S" extra="np-close"/>
			<t id="s4_8" word="o" lemma="ele" pos="pron-pers" morph="M 3S ACC" extra="--"/>
			<t id="s4_9" word="que" lemma="que" pos="conj-s" morph="--" extra="clb clb-fs"/>
			<t id="s4_10" word="não" lemma="não" pos="adv" morph="--" extra="--"/>
			<t id="s4_11" word="gostei" lemma="gostar" pos="v-fin" morph="PS 1S IND VFIN" extra="vH mv"/>
			<t id="s4_12" word="não" lemma="não" pos="adv" morph="--" extra="--"/>
			<t id="s4_13" word="funciona" lemma="funcionar" pos="v-fin" morph="PR 3S IND VFIN" extra="fmc mv"/>
			<t id="s4_14" word="!" lemma="--" pos="pu" morph="--" extra="--"/>
		</terminals>

		<nonterminals>
			<nt id="s4_500" cat="s">
				<edge label="DN" idref="s4_501"/>
			</nt>
			<nt id="s4_501" cat="fcl">
				<edge label="fCs" idref="s4_502"/>
				<edge label="S" idref="s4_2"/>
				<edge label="P" idref="s4_3"/>
				<edge label="DN" idref="s4_5"/>
				<edge label="DN" idref="s4_504"/>
				<edge label="STA" idref="s4_505"/>
				<edge label="PU" idref="s4_14"/>
			</nt>
			<nt id="s4_502" cat="adjp">
				<edge label="DAcom" idref="s4_503"/>
				<edge label="H" idref="s4_4"/>
			</nt>
			<nt id="s4_503" cat="fcl">
				<edge label="S" idref="s4_1"/>
			</nt>
			<nt id="s4_504" cat="adjp">
				<edge label="CO" idref="s4_6"/>
				<edge label="H" idref="s4_7"/>
			</nt>
			<nt id="s4_505" cat="fcl">
				<edge label="Od" idref="s4_8"/>
				<edge label="DAcom" idref="s4_506"/>
			</nt>
			<nt id="s4_506" cat="fcl">
				<edge label="SUB" idref="s4_9"/>
				<edge label="fA" idref="s4_10"/>
				<edge label="P" idref="s4_11"/>
				<edge label="fA" idref="s4_12"/>
				<edge label="P" idref="s4_13"/>
			</nt>
		</nonterminals>
	</graph>
</s>

<s id="s5" ref="5" source="Running text" forest="1" text="o celular trava, não liga, fica mudo de repente, a bateria não dura nada, a função de mudar música balançando o celular não funciona e não serve pra nada, diga- se de passagem.">
	<graph root="s5_500">
		<terminals>
			<t id="s5_1" word="o" lemma="o" pos="art" morph="M S" extra="--"/>
			<t id="s5_2" word="celular" lemma="celular" pos="adj" morph="M S" extra="n nh"/>
			<t id="s5_3" word="trava" lemma="travar" pos="v-fin" morph="PR 3S IND VFIN" extra="nosubj nosubj nosubj nosubj nosubj nosubj nosubj nosubj cjt-head cjt-head-STA fmc mv"/>
			<t id="s5_4" word="," lemma="--" pos="pu" morph="--" extra="--"/>
			<t id="s5_5" word="não" lemma="não" pos="adv" morph="--" extra="--"/>
			<t id="s5_6" word="liga" lemma="ligar" pos="v-fin" morph="PR 3S IND VFIN" extra="nosubj nosubj cjt-STA fmc mv"/>
			<t id="s5_7" word="," lemma="--" pos="pu" morph="--" extra="--"/>
			<t id="s5_8" word="fica" lemma="ficar" pos="v-fin" morph="PR 3S IND VFIN" extra="nosubj nosubj cjt-STA vK fmc mv"/>
			<t id="s5_9" word="mudo" lemma="mudo" pos="n" morph="M S" sem="H" extra="--"/>
			<t id="s5_10" word="de_repente" lemma="de_repente" pos="adv" morph="--" sem="pp" extra="--"/>
			<t id="s5_11" word="," lemma="--" pos="pu" morph="--" extra="--"/>
			<t id="s5_12" word="a" lemma="o" pos="art" morph="F S" extra="--"/>
			<t id="s5_13" word="bateria" lemma="bateria" pos="n" morph="F S" sem="tool" extra="--"/>
			<t id="s5_14" word="não" lemma="não" pos="adv" morph="--" extra="--"/>
			<t id="s5_15" word="dura" lemma="durar" pos="v-fin" morph="PR 3S IND VFIN" extra="cjt-STA vN fmc mv"/>
			<t id="s5_16" word="nada" lemma="nada" pos="spec" morph="M S" extra="quant"/>
			<t id="s5_17" word="," lemma="--" pos="pu" morph="--" extra="--"/>
			<t id="s5_18" word="a" lemma="o" pos="art" morph="F S" extra="clb"/>
			<t id="s5_19" word="função" lemma="função" pos="n" morph="F S" sem="ac pos-soc occ" extra="--"/>
			<t id="s5_20" word="de" lemma="de" pos="prp" morph="--" extra="np-close"/>
			<t id="s5_21" word="mudar" lemma="mudar" pos="v-inf" morph="3S" extra="mv"/>
			<t id="s5_22" word="música" lemma="música" pos="n" morph="F S" sem="domain sem-l cc-r" extra="--"/>
			<t id="s5_23" word="balançando" lemma="balançar" pos="v-ger" morph="--" extra="clb mv"/>
			<t id="s5_24" word="o" lemma="o" pos="art" morph="M S" extra="--"/>
			<t id="s5_25" word="celular" lemma="celular" pos="adj" morph="M S" extra="n nh"/>
			<t id="s5_26" word="não" lemma="não" pos="adv" morph="--" extra="--"/>
			<t id="s5_27" word="funciona" lemma="funcionar" pos="v-fin" morph="PR 3S IND VFIN" extra="cjt-STA fmc mv"/>
			<t id="s5_28" word="e" lemma="e" pos="conj-c" morph="--" extra="topkc"/>
			<t id="s5_29" word="não" lemma="não" pos="adv" morph="--" extra="--"/>
			<t id="s5_30" word="serve" lemma="servir" pos="v-fin" morph="PR 3S IND VFIN" extra="nosubj nosubj cjt-STA fmc mv"/>
			<t id="s5_31" word="pra" lemma="para" pos="prp" morph="--" extra="--"/>
			<t id="s5_32" word="nada" lemma="nada" pos="spec" morph="M S" extra="quant"/>
			<t id="s5_33" word="," lemma="--" pos="pu" morph="--" extra="--"/>
			<t id="s5_34" word="diga-" lemma="dizer" pos="v-fin" morph="PR 3S SUBJ VFIN" extra="cjt-STA hyfen vH fmc mv"/>
			<t id="s5_35" word="se" lemma="se" pos="pron-pers" morph="M/F 3S/P ACC" extra="--"/>
			<t id="s5_36" word="de_passagem" lemma="de_passagem" pos="adv" morph="--" sem="pp" extra="--"/>
			<t id="s5_37" word="." lemma="--" pos="pu" morph="--" extra="--"/>
		</terminals>

		<nonterminals>
			<nt id="s5_500" cat="s">
				<edge label="STA" idref="s5_501"/>
			</nt>
			<nt id="s5_501" cat="par">
				<edge label="CJT" idref="s5_502"/>
				<edge label="CJT" idref="s5_503"/>
				<edge label="PU" idref="s5_4"/>
				<edge label="CJT" idref="s5_505"/>
				<edge label="PU" idref="s5_7"/>
				<edge label="PU" idref="s5_11"/>
				<edge label="CJT" idref="s5_506"/>
				<edge label="PU" idref="s5_17"/>
				<edge label="CJT" idref="s5_508"/>
				<edge label="CO" idref="s5_28"/>
				<edge label="CJT" idref="s5_513"/>
				<edge label="PU" idref="s5_33"/>
				<edge label="CJT" idref="s5_515"/>
				<edge label="PU" idref="s5_37"/>
			</nt>
			<nt id="s5_502" cat="fcl">
			</nt>
			<nt id="s5_503" cat="x">
				<edge label="Cs" idref="s5_504"/>
				<edge label="S" idref="s5_2"/>
				<edge label="P" idref="s5_3"/>
				<edge label="P" idref="s5_8"/>
				<edge label="fA" idref="s5_10"/>
			</nt>
			<nt id="s5_504" cat="np">
				<edge label="DN" idref="s5_1"/>
				<edge label="H" idref="s5_9"/>
			</nt>
			<nt id="s5_505" cat="x">
				<edge label="fA" idref="s5_5"/>
				<edge label="P" idref="s5_6"/>
			</nt>
			<nt id="s5_506" cat="fcl">
				<edge label="S" idref="s5_507"/>
				<edge label="fA" idref="s5_14"/>
				<edge label="P" idref="s5_15"/>
				<edge label="fA" idref="s5_16"/>
			</nt>
			<nt id="s5_507" cat="np">
				<edge label="DN" idref="s5_12"/>
				<edge label="H" idref="s5_13"/>
			</nt>
			<nt id="s5_508" cat="fcl">
				<edge label="S" idref="s5_509"/>
				<edge label="fA" idref="s5_23"/>
				<edge label="S" idref="s5_512"/>
				<edge label="fA" idref="s5_26"/>
				<edge label="P" idref="s5_27"/>
			</nt>
			<nt id="s5_509" cat="np">
				<edge label="DN" idref="s5_18"/>
				<edge label="H" idref="s5_19"/>
				<edge label="DN" idref="s5_510"/>
			</nt>
			<nt id="s5_510" cat="pp">
				<edge label="H" idref="s5_20"/>
				<edge label="DP" idref="s5_511"/>
			</nt>
			<nt id="s5_511" cat="icl">
				<edge label="P" idref="s5_21"/>
				<edge label="Od" idref="s5_22"/>
			</nt>
			<nt id="s5_512" cat="np">
				<edge label="DN" idref="s5_24"/>
				<edge label="H" idref="s5_25"/>
			</nt>
			<nt id="s5_513" cat="x">
				<edge label="fA" idref="s5_29"/>
				<edge label="P" idref="s5_30"/>
				<edge label="Op" idref="s5_514"/>
			</nt>
			<nt id="s5_514" cat="pp">
				<edge label="H" idref="s5_31"/>
				<edge label="DP" idref="s5_32"/>
			</nt>
			<nt id="s5_515" cat="fcl">
				<edge label="P" idref="s5_34"/>
				<edge label="S" idref="s5_35"/>
				<edge label="fA" idref="s5_36"/>
			</nt>
		</nonterminals>
	</graph>
</s>

<s id="s6" ref="6" source="Running text" forest="1" text="conheço outras pessoas que compraram e estão com o aparelho na assistência técnica há meses.">
	<graph root="s6_500">
		<terminals>
			<t id="s6_1" word="conheço" lemma="conhecer" pos="v-fin" morph="PR 1S IND VFIN" extra="vH fmc mv"/>
			<t id="s6_2" word="outras" lemma="outro" pos="pron-indef" morph="DET F P" extra="diff KOMP"/>
			<t id="s6_3" word="pessoas" lemma="pessoa" pos="n" morph="F P" sem="H" extra="--"/>
			<t id="s6_4" word="que" lemma="que" pos="spec" morph="M S" extra="clb clb-fs rel"/>
			<t id="s6_5" word="compraram" lemma="comprar" pos="v-fin" morph="PS/MQP 3P IND VFIN" extra="cjt-head cjt-head-DN vH mv np-close"/>
			<t id="s6_6" word="e" lemma="e" pos="conj-c" morph="--" extra="co-fin"/>
			<t id="s6_7" word="estão" lemma="estar" pos="v-fin" morph="PR 3P IND VFIN" extra="nosubj cjt-DN nosubj cjt-DN vK fmc mv np-close"/>
			<t id="s6_8" word="com" lemma="com" pos="prp" morph="--" extra="--"/>
			<t id="s6_9" word="o" lemma="o" pos="art" morph="M S" extra="--"/>
			<t id="s6_10" word="aparelho" lemma="aparelho" pos="n" morph="M S" sem="tool" extra="--"/>
			<t id="s6_11" word="em" lemma="em" pos="prp" morph="--" extra="sam-"/>
			<t id="s6_12" word="a" lemma="o" pos="art" morph="F S" extra="-sam "/>
			<t id="s6_13" word="assistência" lemma="assistência" pos="n" morph="F S" sem="am" extra="--"/>
			<t id="s6_14" word="técnica" lemma="técnico" pos="adj" morph="F S" extra="nh np-close"/>
			<t id="s6_15" word="há" lemma="há" pos="prp" morph="--" extra="np-long"/>
			<t id="s6_16" word="meses" lemma="mês" pos="n" morph="M P" sem="dur per unit" extra="--"/>
			<t id="s6_17" word="." lemma="--" pos="pu" morph="--" extra="--"/>
		</terminals>

		<nonterminals>
			<nt id="s6_500" cat="s">
				<edge label="STA" idref="s6_501"/>
			</nt>
			<nt id="s6_501" cat="fcl">
				<edge label="P" idref="s6_1"/>
				<edge label="Od" idref="s6_502"/>
				<edge label="PU" idref="s6_17"/>
			</nt>
			<nt id="s6_502" cat="np">
				<edge label="DN" idref="s6_2"/>
				<edge label="H" idref="s6_3"/>
				<edge label="DN" idref="s6_503"/>
			</nt>
			<nt id="s6_503" cat="par">
				<edge label="CJT" idref="s6_504"/>
				<edge label="CO" idref="s6_6"/>
				<edge label="CJT" idref="s6_505"/>
			</nt>
			<nt id="s6_504" cat="fcl">
				<edge label="S" idref="s6_4"/>
				<edge label="P" idref="s6_5"/>
			</nt>
			<nt id="s6_505" cat="x">
				<edge label="P" idref="s6_7"/>
				<edge label="Cs" idref="s6_506"/>
				<edge label="fA" idref="s6_508"/>
			</nt>
			<nt id="s6_506" cat="pp">
				<edge label="H" idref="s6_8"/>
				<edge label="DP" idref="s6_507"/>
			</nt>
			<nt id="s6_507" cat="np">
				<edge label="DN" idref="s6_9"/>
				<edge label="H" idref="s6_10"/>
			</nt>
			<nt id="s6_508" cat="pp">
				<edge label="H" idref="s6_11"/>
				<edge label="DP" idref="s6_509"/>
			</nt>
			<nt id="s6_509" cat="np">
				<edge label="DN" idref="s6_12"/>
				<edge label="H" idref="s6_13"/>
				<edge label="DN" idref="s6_14"/>
				<edge label="DN" idref="s6_510"/>
			</nt>
			<nt id="s6_510" cat="pp">
				<edge label="H" idref="s6_15"/>
				<edge label="DP" idref="s6_16"/>
			</nt>
		</nonterminals>
	</graph>
</s>

<s id="s7" ref="7" source="Running text" forest="1" text="não compre!!!!.">
	<graph root="s7_500">
		<terminals>
			<t id="s7_1" word="não" lemma="não" pos="adv" morph="--" extra="--"/>
			<t id="s7_2" word="compre" lemma="comprar" pos="v-fin" morph="PR 1/3S SUBJ VFIN" extra="vH fmc mv"/>
			<t id="s7_3" word="!" lemma="--" pos="pu" morph="--" extra="--"/>
			<t id="s7_4" word="!" lemma="--" pos="pu" morph="--" extra="--"/>
			<t id="s7_5" word="!" lemma="--" pos="pu" morph="--" extra="--"/>
			<t id="s7_6" word="!" lemma="--" pos="pu" morph="--" extra="--"/>
			<t id="s7_7" word="." lemma="--" pos="pu" morph="--" extra="--"/>
		</terminals>

		<nonterminals>
			<nt id="s7_500" cat="s">
				<edge label="STA" idref="s7_501"/>
			</nt>
			<nt id="s7_501" cat="fcl">
				<edge label="fA" idref="s7_1"/>
				<edge label="P" idref="s7_2"/>
				<edge label="PU" idref="s7_3"/>
				<edge label="PU" idref="s7_4"/>
				<edge label="PU" idref="s7_5"/>
				<edge label="PU" idref="s7_6"/>
				<edge label="PU" idref="s7_7"/>
			</nt>
		</nonterminals>
	</graph>
</s>

	</body>
</corpus>
