<?xml version="1.0" encoding="UTF-8"?>
<corpus>

	<body>
<s id="s1" ref="1" source="Running text" forest="1" text="acredito que por ser um headphone baseado nlinu, isso dificulta a criação de programas que facilita a expansão das utilidades do aparelho, a bateria não aguenta o uso de funções simultâneas ou não como mp3, jogos, celular, e-mail, pois acaba a carga antes de terminar o dia.">
	<graph root="s1_500">
		<terminals>
			<t id="s1_1" word="acredito" lemma="acreditar" pos="v-fin" morph="PR 1S IND VFIN" extra="nosubj nosubj cjt-head cjt-head-STA vH fmc mv"/>
			<t id="s1_2" word="que" lemma="que" pos="conj-s" morph="--" extra="clb clb-fs"/>
			<t id="s1_3" word="por" lemma="por" pos="prp" morph="--" extra="--"/>
			<t id="s1_4" word="ser" lemma="ser" pos="v-inf" morph="--" extra="vK mv"/>
			<t id="s1_5" word="um" lemma="um" pos="art" morph="M S" extra="--"/>
			<t id="s1_6" word="headphone" lemma="headphone" pos="n" morph="M S" extra="foreign heur"/>
			<t id="s1_7" word="baseado" lemma="basear" pos="v-pcp" morph="M S" extra="np-close"/>
			<t id="s1_8" word="nlinu" lemma="nlinu" pos="n" morph="M S" extra="heur"/>
			<t id="s1_9" word="," lemma="--" pos="pu" morph="--" extra="--"/>
			<t id="s1_10" word="isso" lemma="isso" pos="spec" morph="M S" extra="dem"/>
			<t id="s1_11" word="dificulta" lemma="dificultar" pos="v-fin" morph="PR 3S IND VFIN" extra="mv"/>
			<t id="s1_12" word="a" lemma="o" pos="art" morph="F S" extra="--"/>
			<t id="s1_13" word="criação" lemma="criação" pos="n" morph="F S" sem="act" extra="--"/>
			<t id="s1_14" word="de" lemma="de" pos="prp" morph="--" extra="np-close"/>
			<t id="s1_15" word="programas" lemma="programa" pos="n" morph="M P" sem="sem-c sem-r" extra="--"/>
			<t id="s1_16" word="que" lemma="que" pos="spec" morph="M S" extra="clb clb-fs rel"/>
			<t id="s1_17" word="facilita" lemma="facilitar" pos="v-fin" morph="PR 3S IND VFIN" extra="vH mv np-close"/>
			<t id="s1_18" word="a" lemma="o" pos="art" morph="F S" extra="--"/>
			<t id="s1_19" word="expansão" lemma="expansão" pos="n" morph="F S" sem="process" extra="--"/>
			<t id="s1_20" word="de" lemma="de" pos="prp" morph="--" extra="sam- np-close"/>
			<t id="s1_21" word="as" lemma="o" pos="art" morph="F P" extra="-sam "/>
			<t id="s1_22" word="utilidades" lemma="utilidade" pos="n" morph="F P" sem="am tool" extra="--"/>
			<t id="s1_23" word="de" lemma="de" pos="prp" morph="--" extra="sam- np-close"/>
			<t id="s1_24" word="o" lemma="o" pos="art" morph="M S" extra="-sam "/>
			<t id="s1_25" word="aparelho" lemma="aparelho" pos="n" morph="M S" sem="tool" extra="--"/>
			<t id="s1_26" word="," lemma="--" pos="pu" morph="--" extra="--"/>
			<t id="s1_27" word="a" lemma="o" pos="art" morph="F S" extra="--"/>
			<t id="s1_28" word="bateria" lemma="bateria" pos="n" morph="F S" sem="tool" extra="--"/>
			<t id="s1_29" word="não" lemma="não" pos="adv" morph="--" extra="--"/>
			<t id="s1_30" word="aguenta" lemma="aguentar" pos="v-fin" morph="PR 3S IND VFIN" extra="cjt-STA vH fmc mv"/>
			<t id="s1_31" word="o" lemma="o" pos="art" morph="M S" extra="--"/>
			<t id="s1_32" word="uso" lemma="uso" pos="n" morph="M S" sem="act ac" extra="--"/>
			<t id="s1_33" word="de" lemma="de" pos="prp" morph="--" extra="np-close"/>
			<t id="s1_34" word="funções" lemma="função" pos="n" morph="F P" sem="ac pos-soc occ" extra="--"/>
			<t id="s1_35" word="simultâneas" lemma="simult�=neo" pos="adj" morph="F P" extra="jh np-close"/>
			<t id="s1_36" word="ou" lemma="ou" pos="conj-c" morph="--" extra="--"/>
			<t id="s1_37" word="não" lemma="não" pos="adv" morph="--" extra="--"/>
			<t id="s1_38" word="como" lemma="como" pos="prp" morph="--" extra="prd adv-rel"/>
			<t id="s1_39" word="mp3" lemma="mp3" pos="n" morph="M S" extra="asarg heur"/>
			<t id="s1_40" word="," lemma="--" pos="pu" morph="--" extra="--"/>
			<t id="s1_41" word="jogos" lemma="jogo" pos="n" morph="M P" sem="activity occ cc-h game" extra="asarg np-close"/>
			<t id="s1_42" word="," lemma="--" pos="pu" morph="--" extra="--"/>
			<t id="s1_43" word="celular" lemma="celular" pos="adj" morph="M/F S" extra="nh np-close"/>
			<t id="s1_44" word="," lemma="--" pos="pu" morph="--" extra="--"/>
			<t id="s1_45" word="e-mail" lemma="e-mail" pos="n" morph="M S" extra="newlex np-close"/>
			<t id="s1_46" word="," lemma="--" pos="pu" morph="--" extra="--"/>
			<t id="s1_47" word="pois" lemma="pois" pos="conj-s" morph="--" extra="clb"/>
			<t id="s1_48" word="acaba" lemma="acabar" pos="v-fin" morph="PR 3S IND VFIN" extra="cjt-STA fmc mv"/>
			<t id="s1_49" word="a" lemma="o" pos="art" morph="F S" extra="--"/>
			<t id="s1_50" word="carga" lemma="carga" pos="n" morph="F S" sem="amount act ac" extra="--"/>
			<t id="s1_51" word="antes" lemma="antes" pos="adv" morph="--" extra="--"/>
			<t id="s1_52" word="de" lemma="de" pos="prp" morph="--" extra="--"/>
			<t id="s1_53" word="terminar" lemma="terminar" pos="v-inf" morph="--" extra="mv"/>
			<t id="s1_54" word="o" lemma="o" pos="art" morph="M S" extra="--"/>
			<t id="s1_55" word="dia" lemma="dia" pos="n" morph="M S" sem="temp dur per unit" extra="--"/>
			<t id="s1_56" word="." lemma="--" pos="pu" morph="--" extra="--"/>
		</terminals>

		<nonterminals>
			<nt id="s1_500" cat="s">
				<edge label="STA" idref="s1_501"/>
			</nt>
			<nt id="s1_501" cat="par">
				<edge label="CJT" idref="s1_502"/>
				<edge label="PU" idref="s1_26"/>
				<edge label="CJT" idref="s1_516"/>
				<edge label="CJT" idref="s1_524"/>
				<edge label="PU" idref="s1_56"/>
			</nt>
			<nt id="s1_502" cat="fcl">
				<edge label="P" idref="s1_1"/>
				<edge label="fA" idref="s1_503"/>
			</nt>
			<nt id="s1_503" cat="pp">
				<edge label="DP" idref="s1_504"/>
				<edge label="H" idref="s1_3"/>
			</nt>
			<nt id="s1_504" cat="icl">
				<edge label="Od" idref="s1_505"/>
				<edge label="P" idref="s1_4"/>
				<edge label="Cs" idref="s1_506"/>
			</nt>
			<nt id="s1_505" cat="fcl">
				<edge label="SUB" idref="s1_2"/>
				<edge label="S" idref="s1_8"/>
				<edge label="PU" idref="s1_9"/>
				<edge label="S" idref="s1_10"/>
				<edge label="P" idref="s1_11"/>
				<edge label="Od" idref="s1_507"/>
			</nt>
			<nt id="s1_506" cat="np">
				<edge label="DN" idref="s1_5"/>
				<edge label="H" idref="s1_6"/>
				<edge label="DN" idref="s1_7"/>
			</nt>
			<nt id="s1_507" cat="np">
				<edge label="DN" idref="s1_12"/>
				<edge label="H" idref="s1_13"/>
				<edge label="DN" idref="s1_508"/>
			</nt>
			<nt id="s1_508" cat="pp">
				<edge label="H" idref="s1_14"/>
				<edge label="DP" idref="s1_509"/>
			</nt>
			<nt id="s1_509" cat="np">
				<edge label="H" idref="s1_15"/>
				<edge label="DN" idref="s1_510"/>
			</nt>
			<nt id="s1_510" cat="fcl">
				<edge label="S" idref="s1_16"/>
				<edge label="P" idref="s1_17"/>
				<edge label="Od" idref="s1_511"/>
			</nt>
			<nt id="s1_511" cat="np">
				<edge label="DN" idref="s1_18"/>
				<edge label="H" idref="s1_19"/>
				<edge label="DN" idref="s1_512"/>
			</nt>
			<nt id="s1_512" cat="pp">
				<edge label="H" idref="s1_20"/>
				<edge label="DP" idref="s1_513"/>
			</nt>
			<nt id="s1_513" cat="np">
				<edge label="DN" idref="s1_21"/>
				<edge label="H" idref="s1_22"/>
				<edge label="DN" idref="s1_514"/>
			</nt>
			<nt id="s1_514" cat="pp">
				<edge label="H" idref="s1_23"/>
				<edge label="DP" idref="s1_515"/>
			</nt>
			<nt id="s1_515" cat="np">
				<edge label="DN" idref="s1_24"/>
				<edge label="H" idref="s1_25"/>
			</nt>
			<nt id="s1_516" cat="fcl">
				<edge label="S" idref="s1_517"/>
				<edge label="fA" idref="s1_29"/>
				<edge label="P" idref="s1_30"/>
				<edge label="Od" idref="s1_518"/>
				<edge label="Cs" idref="s1_521"/>
			</nt>
			<nt id="s1_517" cat="np">
				<edge label="DN" idref="s1_27"/>
				<edge label="H" idref="s1_28"/>
			</nt>
			<nt id="s1_518" cat="np">
				<edge label="DN" idref="s1_31"/>
				<edge label="H" idref="s1_32"/>
				<edge label="DN" idref="s1_519"/>
			</nt>
			<nt id="s1_519" cat="pp">
				<edge label="H" idref="s1_33"/>
				<edge label="DP" idref="s1_520"/>
				<edge label="DN" idref="s1_35"/>
			</nt>
			<nt id="s1_520" cat="np">
				<edge label="H" idref="s1_34"/>
			</nt>
			<nt id="s1_521" cat="pp">
				<edge label="DP" idref="s1_522"/>
			</nt>
			<nt id="s1_522" cat="np">
				<edge label="DNc" idref="s1_523"/>
			</nt>
			<nt id="s1_523" cat="np">
				<edge label="CO" idref="s1_36"/>
			</nt>
			<nt id="s1_524" cat="fcl">
				<edge label="fA" idref="s1_525"/>
				<edge label="PU" idref="s1_46"/>
				<edge label="fA" idref="s1_47"/>
				<edge label="P" idref="s1_48"/>
				<edge label="S" idref="s1_528"/>
			</nt>
			<nt id="s1_525" cat="advp">
				<edge label="DA" idref="s1_526"/>
				<edge label="H" idref="s1_38"/>
				<edge label="H" idref="s1_51"/>
			</nt>
			<nt id="s1_526" cat="pp">
				<edge label="DP" idref="s1_527"/>
				<edge label="H" idref="s1_52"/>
			</nt>
			<nt id="s1_527" cat="fcl">
				<edge label="fA" idref="s1_37"/>
				<edge label="H" idref="s1_39"/>
				<edge label="PU" idref="s1_40"/>
				<edge label="-DNc" idref="s1_41"/>
				<edge label="PU" idref="s1_42"/>
				<edge label="DNc" idref="s1_43"/>
				<edge label="PU" idref="s1_44"/>
				<edge label="DNc" idref="s1_45"/>
				<edge label="P" idref="s1_53"/>
				<edge label="S" idref="s1_529"/>
			</nt>
			<nt id="s1_528" cat="np">
				<edge label="DN" idref="s1_49"/>
				<edge label="H" idref="s1_50"/>
			</nt>
			<nt id="s1_529" cat="np">
				<edge label="DN" idref="s1_54"/>
				<edge label="H" idref="s1_55"/>
			</nt>
		</nonterminals>
	</graph>
</s>

<s id="s2" ref="2" source="Running text" forest="1" text="o que gostei aparelho com design moderno e funções de smartphone bem definida.">
	<graph root="s2_500">
		<terminals>
			<t id="s2_1" word="o" lemma="o" pos="pron-dem" morph="DET M S" extra="dem"/>
			<t id="s2_2" word="que" lemma="que" pos="spec" morph="M S" extra="clb rel"/>
			<t id="s2_3" word="gostei" lemma="gostar" pos="v-fin" morph="PS 1S IND VFIN" extra="vH mv"/>
			<t id="s2_4" word="aparelho" lemma="aparelho" pos="n" morph="M S" sem="tool" extra="--"/>
			<t id="s2_5" word="com" lemma="com" pos="prp" morph="--" extra="np-close"/>
			<t id="s2_6" word="design" lemma="design" pos="n" morph="M S" sem="percep-f domain" extra="cjt-head cjt-head-DP"/>
			<t id="s2_7" word="moderno" lemma="moderno" pos="adj" morph="M S" extra="jh np-close"/>
			<t id="s2_8" word="e" lemma="e" pos="conj-c" morph="--" extra="--"/>
			<t id="s2_9" word="funções" lemma="função" pos="n" morph="F P" sem="ac pos-soc occ" extra="cjt-DP"/>
			<t id="s2_10" word="de" lemma="de" pos="prp" morph="--" extra="np-close"/>
			<t id="s2_11" word="smartphone" lemma="smartphone" pos="n" morph="M S" extra="heur foreign"/>
			<t id="s2_12" word="bem" lemma="bem" pos="adv" morph="--" extra="quant"/>
			<t id="s2_13" word="definida" lemma="definido" pos="adj" morph="F S" extra="nh np-close"/>
			<t id="s2_14" word="." lemma="--" pos="pu" morph="--" extra="--"/>
		</terminals>

		<nonterminals>
			<nt id="s2_500" cat="s">
				<edge label="X" idref="s2_501"/>
			</nt>
			<nt id="s2_501" cat="adjp">
				<edge label="H" idref="s2_1"/>
				<edge label="STA" idref="s2_502"/>
				<edge label="PU" idref="s2_14"/>
			</nt>
			<nt id="s2_502" cat="fcl">
				<edge label="X" idref="s2_2"/>
				<edge label="P" idref="s2_3"/>
				<edge label="S" idref="s2_503"/>
			</nt>
			<nt id="s2_503" cat="np">
				<edge label="H" idref="s2_4"/>
				<edge label="DN" idref="s2_504"/>
			</nt>
			<nt id="s2_504" cat="pp">
				<edge label="H" idref="s2_5"/>
				<edge label="DP" idref="s2_505"/>
			</nt>
			<nt id="s2_505" cat="par">
				<edge label="CJT" idref="s2_506"/>
				<edge label="CJT" idref="s2_507"/>
			</nt>
			<nt id="s2_506" cat="np">
				<edge label="H" idref="s2_6"/>
				<edge label="DN" idref="s2_7"/>
			</nt>
			<nt id="s2_507" cat="np">
				<edge label="DN" idref="s2_508"/>
				<edge label="H" idref="s2_9"/>
				<edge label="-DN" idref="s2_10"/>
			</nt>
			<nt id="s2_508" cat="pp">
				<edge label="CO" idref="s2_8"/>
				<edge label="DP" idref="s2_509"/>
			</nt>
			<nt id="s2_509" cat="np">
				<edge label="H" idref="s2_11"/>
				<edge label="DN" idref="s2_510"/>
			</nt>
			<nt id="s2_510" cat="adjp">
				<edge label="DA" idref="s2_12"/>
				<edge label="H" idref="s2_13"/>
			</nt>
		</nonterminals>
	</graph>
</s>

<s id="s3" ref="3" source="Running text" forest="1" text="o que não gostei bateria dura pouco, teclado virtual confuso para acessar algumas funções, dificuldade de instalar programas extas..">
	<graph root="s3_500">
		<terminals>
			<t id="s3_1" word="o" lemma="o" pos="pron-dem" morph="DET M S" extra="dem"/>
			<t id="s3_2" word="que" lemma="que" pos="spec" morph="M S" extra="clb clb-fs rel"/>
			<t id="s3_3" word="não" lemma="não" pos="adv" morph="--" extra="--"/>
			<t id="s3_4" word="gostei" lemma="gostar" pos="v-fin" morph="PS 1S IND VFIN" extra="vH mv np-close"/>
			<t id="s3_5" word="bateria" lemma="bateria" pos="n" morph="F S" sem="tool" extra="clb"/>
			<t id="s3_6" word="dura" lemma="duro" pos="adj" morph="F S" extra="np-close"/>
			<t id="s3_7" word="pouco" lemma="pouco" pos="adv" morph="--" extra="quant"/>
			<t id="s3_8" word="," lemma="--" pos="pu" morph="--" extra="--"/>
			<t id="s3_9" word="teclado" lemma="teclado" pos="n" morph="M S" sem="cc-h mach" extra="np-close"/>
			<t id="s3_10" word="virtual" lemma="virtual" pos="adj" morph="M S" extra="nh np-close"/>
			<t id="s3_11" word="confuso" lemma="confuso" pos="adj" morph="M S" extra="np-long"/>
			<t id="s3_12" word="para" lemma="para" pos="prp" morph="--" extra="--"/>
			<t id="s3_13" word="acessar" lemma="acessar" pos="v-inf" morph="--" extra="mv"/>
			<t id="s3_14" word="algumas" lemma="algum" pos="pron-indef" morph="DET F P" extra="quant"/>
			<t id="s3_15" word="funções" lemma="função" pos="n" morph="F P" sem="ac pos-soc occ" extra="--"/>
			<t id="s3_16" word="," lemma="--" pos="pu" morph="--" extra="--"/>
			<t id="s3_17" word="dificuldade" lemma="dificuldade" pos="n" morph="F S" sem="am" extra="np-close"/>
			<t id="s3_18" word="de" lemma="de" pos="prp" morph="--" extra="np-close"/>
			<t id="s3_19" word="instalar" lemma="instalar" pos="v-inf" morph="--" extra="vH mv"/>
			<t id="s3_20" word="programas" lemma="programa" pos="n" morph="M P" sem="sem-c sem-r" extra="--"/>
			<t id="s3_21" word="extas" lemma="extar" pos="v-fin" morph="PR 2S IND VFIN" extra="heur fmc mv"/>
			<t id="s3_22" word="." lemma="--" pos="pu" morph="--" extra="--"/>
			<t id="s3_23" word="." lemma="--" pos="pu" morph="--" extra="--"/>
		</terminals>

		<nonterminals>
			<nt id="s3_500" cat="s">
				<edge label="UTT" idref="s3_501"/>
			</nt>
			<nt id="s3_501" cat="x">
				<edge label="DN" idref="s3_503"/>
				<edge label="S" idref="s3_2"/>
				<edge label="fA" idref="s3_3"/>
				<edge label="P" idref="s3_4"/>
				<edge label="S" idref="s3_504"/>
				<edge label="fA" idref="s3_7"/>
				<edge label="fA" idref="s3_506"/>
				<edge label="P" idref="s3_21"/>
				<edge label="PU" idref="s3_22"/>
				<edge label="PU" idref="s3_23"/>
			</nt>
			<nt id="s3_502" cat="fcl">
				<edge label="S" idref="s3_1"/>
			</nt>
			<nt id="s3_503" cat="fcl">
			</nt>
			<nt id="s3_504" cat="np">
				<edge label="H" idref="s3_5"/>
				<edge label="DN" idref="s3_6"/>
				<edge label="PU" idref="s3_8"/>
				<edge label="DNc" idref="s3_505"/>
			</nt>
			<nt id="s3_505" cat="np">
				<edge label="H" idref="s3_9"/>
				<edge label="DN" idref="s3_10"/>
				<edge label="DN" idref="s3_11"/>
			</nt>
			<nt id="s3_506" cat="pp">
				<edge label="H" idref="s3_12"/>
				<edge label="DP" idref="s3_507"/>
			</nt>
			<nt id="s3_507" cat="icl">
				<edge label="P" idref="s3_13"/>
				<edge label="Od" idref="s3_508"/>
			</nt>
			<nt id="s3_508" cat="np">
				<edge label="DN" idref="s3_14"/>
				<edge label="H" idref="s3_15"/>
				<edge label="PU" idref="s3_16"/>
				<edge label="DNc" idref="s3_509"/>
			</nt>
			<nt id="s3_509" cat="np">
				<edge label="H" idref="s3_17"/>
				<edge label="DN" idref="s3_510"/>
			</nt>
			<nt id="s3_510" cat="pp">
				<edge label="H" idref="s3_18"/>
				<edge label="DP" idref="s3_511"/>
			</nt>
			<nt id="s3_511" cat="icl">
				<edge label="P" idref="s3_19"/>
				<edge label="Od" idref="s3_20"/>
			</nt>
		</nonterminals>
	</graph>
</s>

	</body>
</corpus>
