<?xml version="1.0" encoding="UTF-8"?>
<corpus>

	<body>
<s id="s1" ref="1" source="Running text" forest="1" text="não recomendo sua compra quem pensar em compraz- lo desista não vale apena o que gostei leveza do aparelho o que não gostei todo o resto neste aparelho é ruim.">
	<graph root="s1_500">
		<terminals>
			<t id="s1_1" word="não" lemma="não" pos="adv" morph="--" extra="--"/>
			<t id="s1_2" word="recomendo" lemma="recomendar" pos="v-fin" morph="PR 1S IND VFIN" extra="nosubj nosubj nosubj nosubj cjt-head cjt-head-STA vH fmc mv"/>
			<t id="s1_3" word="sua" lemma="seu" pos="pron-poss" morph="DET F S" extra="poss 3S"/>
			<t id="s1_4" word="compra" lemma="compra" pos="n" morph="F S" sem="act cc" extra="--"/>
			<t id="s1_5" word="quem" lemma="quem" pos="spec" morph="M/F S" extra="clb rel"/>
			<t id="s1_6" word="pensar" lemma="pensar" pos="v-fin" morph="FUT 3S SUBJ VFIN" extra="cjt-STA vH fmc mv"/>
			<t id="s1_7" word="em" lemma="em" pos="prp" morph="--" extra="--"/>
			<t id="s1_8" word="compraz-" lemma="comprazer" pos="v-fin" morph="PR 3S IND VFIN" extra="nosubj nosubj cjt-STA hyfen vH fmc mv"/>
			<t id="s1_9" word="lo" lemma="ele" pos="pron-pers" morph="M 3S ACC" extra="--"/>
			<t id="s1_10" word="desista" lemma="desistir" pos="v-fin" morph="PR 3S SUBJ VFIN" extra="cjt-STA vH fmc mv"/>
			<t id="s1_11" word="não" lemma="não" pos="adv" morph="--" extra="--"/>
			<t id="s1_12" word="vale" lemma="vale" pos="n" morph="M S" sem="Ltop cc-r" extra="--"/>
			<t id="s1_13" word="apena" lemma="apena" pos="n" morph="F S" sem="ac sit percep-f tool" extra="DERP"/>
			<t id="s1_14" word="o_que" lemma="o_que" pos="spec" morph="M/F S/P" extra="clb clb-fs rel"/>
			<t id="s1_15" word="gostei" lemma="gostar" pos="v-fin" morph="PS 1S IND VFIN" extra="vH mv np-close"/>
			<t id="s1_16" word="leveza" lemma="leveza" pos="n" morph="F S" sem="am" extra="--"/>
			<t id="s1_17" word="de" lemma="de" pos="prp" morph="--" extra="sam- np-close"/>
			<t id="s1_18" word="o" lemma="o" pos="art" morph="M S" extra="-sam "/>
			<t id="s1_19" word="aparelho" lemma="aparelho" pos="n" morph="M S" sem="tool" extra="--"/>
			<t id="s1_20" word="o" lemma="o" pos="pron-dem" morph="DET M S" extra="dem"/>
			<t id="s1_21" word="que" lemma="que" pos="spec" morph="M S" extra="clb clb-fs rel"/>
			<t id="s1_22" word="não" lemma="não" pos="adv" morph="--" extra="--"/>
			<t id="s1_23" word="gostei" lemma="gostar" pos="v-fin" morph="PS 1S IND VFIN" extra="vH mv np-close"/>
			<t id="s1_24" word="todo_o" lemma="todo_o" pos="pron-indef" morph="DET M S" extra="quant"/>
			<t id="s1_25" word="resto" lemma="resto" pos="n" morph="M S" sem="amount" extra="--"/>
			<t id="s1_26" word="em" lemma="em" pos="prp" morph="--" extra="sam- np-close"/>
			<t id="s1_27" word="este" lemma="este" pos="pron-dem" morph="DET M S" extra="-sam dem"/>
			<t id="s1_28" word="aparelho" lemma="aparelho" pos="n" morph="M S" sem="tool" extra="--"/>
			<t id="s1_29" word="é" lemma="ser" pos="v-fin" morph="PR 3S IND VFIN" extra="cjt-STA vK fmc mv"/>
			<t id="s1_30" word="ruim" lemma="ruim" pos="adj" morph="M S" extra="--"/>
			<t id="s1_31" word="." lemma="--" pos="pu" morph="--" extra="--"/>
		</terminals>

		<nonterminals>
			<nt id="s1_500" cat="s">
				<edge label="STA" idref="s1_501"/>
			</nt>
			<nt id="s1_501" cat="par">
				<edge label="CJT" idref="s1_502"/>
				<edge label="CJT" idref="s1_504"/>
				<edge label="CJT" idref="s1_505"/>
				<edge label="CJT" idref="s1_506"/>
				<edge label="CJT" idref="s1_510"/>
				<edge label="PU" idref="s1_31"/>
			</nt>
			<nt id="s1_502" cat="fcl">
				<edge label="fA" idref="s1_1"/>
				<edge label="P" idref="s1_2"/>
				<edge label="Od" idref="s1_503"/>
			</nt>
			<nt id="s1_503" cat="np">
				<edge label="DN" idref="s1_3"/>
				<edge label="H" idref="s1_4"/>
			</nt>
			<nt id="s1_504" cat="fcl">
				<edge label="S" idref="s1_5"/>
				<edge label="P" idref="s1_6"/>
				<edge label="Op" idref="s1_7"/>
			</nt>
			<nt id="s1_505" cat="x">
				<edge label="P" idref="s1_8"/>
				<edge label="Od" idref="s1_9"/>
			</nt>
			<nt id="s1_506" cat="fcl">
				<edge label="P" idref="s1_10"/>
				<edge label="S" idref="s1_507"/>
				<edge label="fCs" idref="s1_508"/>
			</nt>
			<nt id="s1_507" cat="np">
				<edge label="DN" idref="s1_11"/>
				<edge label="H" idref="s1_12"/>
			</nt>
			<nt id="s1_508" cat="np">
				<edge label="H" idref="s1_13"/>
				<edge label="DN" idref="s1_509"/>
			</nt>
			<nt id="s1_509" cat="fcl">
				<edge label="fA" idref="s1_14"/>
				<edge label="P" idref="s1_15"/>
			</nt>
			<nt id="s1_510" cat="fcl">
				<edge label="S" idref="s1_511"/>
				<edge label="S" idref="s1_20"/>
				<edge label="S" idref="s1_515"/>
				<edge label="P" idref="s1_29"/>
				<edge label="Cs" idref="s1_30"/>
			</nt>
			<nt id="s1_511" cat="np">
				<edge label="H" idref="s1_16"/>
				<edge label="DN" idref="s1_512"/>
			</nt>
			<nt id="s1_512" cat="pp">
				<edge label="H" idref="s1_17"/>
				<edge label="DP" idref="s1_513"/>
			</nt>
			<nt id="s1_513" cat="np">
				<edge label="DN" idref="s1_18"/>
				<edge label="H" idref="s1_19"/>
				<edge label="DN" idref="s1_514"/>
			</nt>
			<nt id="s1_514" cat="fcl">
				<edge label="S" idref="s1_21"/>
				<edge label="fA" idref="s1_22"/>
				<edge label="P" idref="s1_23"/>
			</nt>
			<nt id="s1_515" cat="np">
				<edge label="DN" idref="s1_24"/>
				<edge label="H" idref="s1_25"/>
				<edge label="DN" idref="s1_516"/>
			</nt>
			<nt id="s1_516" cat="pp">
				<edge label="H" idref="s1_26"/>
				<edge label="DP" idref="s1_517"/>
			</nt>
			<nt id="s1_517" cat="np">
				<edge label="DN" idref="s1_27"/>
				<edge label="H" idref="s1_28"/>
			</nt>
		</nonterminals>
	</graph>
</s>

<s id="s2" ref="2" source="Running text" forest="1" text="forma de que apresentam os menus são péssimos, o manuseio é complicado e a durabilidade é uma porcaria..">
	<graph root="s2_500">
		<terminals>
			<t id="s2_1" word="forma" lemma="forma" pos="n" morph="F S" sem="percep-f con" extra="--"/>
			<t id="s2_2" word="de" lemma="de" pos="prp" morph="--" extra="clb"/>
			<t id="s2_3" word="que" lemma="que" pos="spec" morph="M S" extra="clb-fs rel"/>
			<t id="s2_4" word="apresentam" lemma="apresentar" pos="v-fin" morph="PR 3P IND VFIN" extra="vH mv np-close"/>
			<t id="s2_5" word="os" lemma="o" pos="art" morph="M P" extra="--"/>
			<t id="s2_6" word="menus" lemma="menu" pos="n" morph="M P" sem="cc-r" extra="--"/>
			<t id="s2_7" word="são" lemma="ser" pos="v-fin" morph="PR 3P IND VFIN" extra="nosubj nosubj cjt-head cjt-head-STA vK fmc mv"/>
			<t id="s2_8" word="péssimos" lemma="mal" pos="adj" morph="M P" extra="SUP jh"/>
			<t id="s2_9" word="," lemma="--" pos="pu" morph="--" extra="--"/>
			<t id="s2_10" word="o" lemma="o" pos="art" morph="M S" extra="--"/>
			<t id="s2_11" word="manuseio" lemma="manuseio" pos="n" morph="M S" sem="act-d" extra="--"/>
			<t id="s2_12" word="é" lemma="ser" pos="v-fin" morph="PR 3S IND VFIN" extra="cjt-STA fmc aux"/>
			<t id="s2_13" word="complicado" lemma="complicar" pos="v-pcp" morph="M S" extra="mv"/>
			<t id="s2_14" word="e" lemma="e" pos="conj-c" morph="--" extra="--"/>
			<t id="s2_15" word="a" lemma="o" pos="art" morph="F S" extra="--"/>
			<t id="s2_16" word="durabilidade" lemma="durabilidade" pos="n" morph="F S" sem="am" extra="--"/>
			<t id="s2_17" word="é" lemma="ser" pos="v-fin" morph="PR 3S IND VFIN" extra="cjt-STA vK fmc mv"/>
			<t id="s2_18" word="uma" lemma="um" pos="art" morph="F S" extra="--"/>
			<t id="s2_19" word="porcaria" lemma="porcaria" pos="n" morph="F S" sem="sit" extra="--"/>
			<t id="s2_20" word="." lemma="--" pos="pu" morph="--" extra="--"/>
			<t id="s2_21" word="." lemma="--" pos="pu" morph="--" extra="--"/>
		</terminals>

		<nonterminals>
			<nt id="s2_500" cat="s">
				<edge label="STA" idref="s2_501"/>
			</nt>
			<nt id="s2_501" cat="par">
				<edge label="CJT" idref="s2_502"/>
				<edge label="PU" idref="s2_9"/>
				<edge label="CJT" idref="s2_507"/>
				<edge label="CJT" idref="s2_510"/>
				<edge label="PU" idref="s2_20"/>
				<edge label="PU" idref="s2_21"/>
			</nt>
			<nt id="s2_502" cat="fcl">
				<edge label="S" idref="s2_503"/>
				<edge label="P" idref="s2_7"/>
				<edge label="Cs" idref="s2_8"/>
			</nt>
			<nt id="s2_503" cat="np">
				<edge label="H" idref="s2_1"/>
				<edge label="DN" idref="s2_504"/>
			</nt>
			<nt id="s2_504" cat="fcl">
				<edge label="fA" idref="s2_505"/>
				<edge label="P" idref="s2_4"/>
				<edge label="Od" idref="s2_506"/>
			</nt>
			<nt id="s2_505" cat="pp">
				<edge label="H" idref="s2_2"/>
				<edge label="DP" idref="s2_3"/>
			</nt>
			<nt id="s2_506" cat="np">
				<edge label="DN" idref="s2_5"/>
				<edge label="H" idref="s2_6"/>
			</nt>
			<nt id="s2_507" cat="fcl">
				<edge label="S" idref="s2_508"/>
				<edge label="P" idref="s2_509"/>
			</nt>
			<nt id="s2_508" cat="np">
				<edge label="DN" idref="s2_10"/>
				<edge label="H" idref="s2_11"/>
			</nt>
			<nt id="s2_509" cat="vp">
				<edge label="Vaux" idref="s2_12"/>
				<edge label="Vm" idref="s2_13"/>
			</nt>
			<nt id="s2_510" cat="fcl">
				<edge label="S" idref="s2_511"/>
				<edge label="P" idref="s2_17"/>
				<edge label="Cs" idref="s2_512"/>
			</nt>
			<nt id="s2_511" cat="np">
				<edge label="DN" idref="s2_15"/>
				<edge label="H" idref="s2_16"/>
			</nt>
			<nt id="s2_512" cat="np">
				<edge label="DN" idref="s2_18"/>
				<edge label="H" idref="s2_19"/>
			</nt>
		</nonterminals>
	</graph>
</s>

	</body>
</corpus>
