<?xml version="1.0" encoding="UTF-8"?>
<corpus>

	<body>
<s id="s1" ref="1" source="Running text" forest="1" text="não consegui ficar mais de number meses com o aparelho.">
	<graph root="s1_500">
		<terminals>
			<t id="s1_1" word="não" lemma="não" pos="adv" morph="--" extra="--"/>
			<t id="s1_2" word="consegui" lemma="conseguir" pos="v-fin" morph="PS 1S IND VFIN" extra="vH fmc mv"/>
			<t id="s1_3" word="ficar" lemma="ficar" pos="v-inf" morph="--" extra="vK mv"/>
			<t id="s1_4" word="mais" lemma="mais" pos="adv" morph="--" extra="--"/>
			<t id="s1_5" word="de" lemma="de" pos="prp" morph="--" extra="--"/>
			<t id="s1_6" word="number" lemma="number" pos="v-inf" morph="--" extra="heur mv"/>
			<t id="s1_7" word="meses" lemma="mês" pos="n" morph="M P" sem="dur per unit" extra="--"/>
			<t id="s1_8" word="com" lemma="com" pos="prp" morph="--" extra="--"/>
			<t id="s1_9" word="o" lemma="o" pos="art" morph="M S" extra="--"/>
			<t id="s1_10" word="aparelho" lemma="aparelho" pos="n" morph="M S" sem="tool" extra="--"/>
			<t id="s1_11" word="." lemma="--" pos="pu" morph="--" extra="--"/>
		</terminals>

		<nonterminals>
			<nt id="s1_500" cat="s">
				<edge label="STA" idref="s1_501"/>
			</nt>
			<nt id="s1_501" cat="fcl">
				<edge label="fA" idref="s1_1"/>
				<edge label="P" idref="s1_2"/>
				<edge label="Od" idref="s1_502"/>
				<edge label="PU" idref="s1_11"/>
			</nt>
			<nt id="s1_502" cat="icl">
				<edge label="P" idref="s1_3"/>
				<edge label="fA" idref="s1_4"/>
				<edge label="Cs" idref="s1_503"/>
			</nt>
			<nt id="s1_503" cat="pp">
				<edge label="H" idref="s1_5"/>
				<edge label="DP" idref="s1_504"/>
			</nt>
			<nt id="s1_504" cat="icl">
				<edge label="P" idref="s1_6"/>
				<edge label="Od" idref="s1_7"/>
				<edge label="fA" idref="s1_505"/>
			</nt>
			<nt id="s1_505" cat="pp">
				<edge label="H" idref="s1_8"/>
				<edge label="DP" idref="s1_506"/>
			</nt>
			<nt id="s1_506" cat="np">
				<edge label="DN" idref="s1_9"/>
				<edge label="H" idref="s1_10"/>
			</nt>
		</nonterminals>
	</graph>
</s>

<s id="s2" ref="2" source="Running text" forest="1" text="comprei por pura insegurança se me adaptaria ou não ao uso frequente de um smart em substituição ao netbook.">
	<graph root="s2_500">
		<terminals>
			<t id="s2_1" word="comprei" lemma="comprar" pos="v-fin" morph="PS 1S IND VFIN" extra="nosubj nosubj cjt-head cjt-head-STA vH fmc mv"/>
			<t id="s2_2" word="por" lemma="por" pos="prp" morph="--" extra="--"/>
			<t id="s2_3" word="pura" lemma="puro" pos="adj" morph="F S" extra="--"/>
			<t id="s2_4" word="insegurança" lemma="insegurança" pos="n" morph="F S" sem="am" extra="--"/>
			<t id="s2_5" word="se" lemma="se" pos="pron-pers" morph="M/F 3S ACC" extra="pass"/>
			<t id="s2_6" word="me" lemma="eu" pos="pron-pers" morph="M/F 1S DAT" extra="refl"/>
			<t id="s2_7" word="adaptaria" lemma="adaptar" pos="v-fin" morph="COND 1/3S VFIN" extra="nosubj nosubj cjt-STA vH fmc mv"/>
			<t id="s2_8" word="ou" lemma="ou" pos="conj-c" morph="--" extra="--"/>
			<t id="s2_9" word="não" lemma="não" pos="adv" morph="--" extra="--"/>
			<t id="s2_10" word="a" lemma="a" pos="prp" morph="--" extra="sam-"/>
			<t id="s2_11" word="o" lemma="o" pos="art" morph="M S" extra="-sam "/>
			<t id="s2_12" word="uso" lemma="uso" pos="n" morph="M S" sem="act ac" extra="--"/>
			<t id="s2_13" word="frequente" lemma="freqüente" pos="adj" morph="M S" extra="jh np-close"/>
			<t id="s2_14" word="de" lemma="de" pos="prp" morph="--" extra="np-close"/>
			<t id="s2_15" word="um" lemma="um" pos="art" morph="M S" extra="--"/>
			<t id="s2_16" word="smart" lemma="smart" pos="n" morph="M S" extra="heur"/>
			<t id="s2_17" word="em" lemma="em" pos="prp" morph="--" extra="--"/>
			<t id="s2_18" word="substituição" lemma="substituição" pos="n" morph="F S" sem="act" extra="--"/>
			<t id="s2_19" word="a" lemma="a" pos="prp" morph="--" extra="sam-"/>
			<t id="s2_20" word="o" lemma="o" pos="art" morph="M S" extra="-sam "/>
			<t id="s2_21" word="netbook" lemma="netbook" pos="n" morph="M S" extra="foreign heur"/>
			<t id="s2_22" word="." lemma="--" pos="pu" morph="--" extra="--"/>
		</terminals>

		<nonterminals>
			<nt id="s2_500" cat="s">
				<edge label="STA" idref="s2_501"/>
			</nt>
			<nt id="s2_501" cat="par">
				<edge label="CJT" idref="s2_502"/>
				<edge label="CJT" idref="s2_505"/>
				<edge label="PU" idref="s2_22"/>
			</nt>
			<nt id="s2_502" cat="fcl">
				<edge label="P" idref="s2_1"/>
				<edge label="fA" idref="s2_503"/>
			</nt>
			<nt id="s2_503" cat="pp">
				<edge label="H" idref="s2_2"/>
				<edge label="DP" idref="s2_504"/>
			</nt>
			<nt id="s2_504" cat="np">
				<edge label="DN" idref="s2_3"/>
				<edge label="H" idref="s2_4"/>
			</nt>
			<nt id="s2_505" cat="x">
				<edge label="Od" idref="s2_5"/>
				<edge label="Oi" idref="s2_6"/>
				<edge label="P" idref="s2_7"/>
				<edge label="fA" idref="s2_506"/>
				<edge label="fA" idref="s2_511"/>
				<edge label="fA" idref="s2_512"/>
			</nt>
			<nt id="s2_506" cat="pp">
				<edge label="DP" idref="s2_507"/>
				<edge label="DPmod" idref="s2_9"/>
				<edge label="H" idref="s2_10"/>
			</nt>
			<nt id="s2_507" cat="np">
				<edge label="DN" idref="s2_508"/>
				<edge label="DN" idref="s2_11"/>
				<edge label="H" idref="s2_12"/>
				<edge label="-DN" idref="s2_13"/>
				<edge label="DN" idref="s2_509"/>
			</nt>
			<nt id="s2_508" cat="adjp">
				<edge label="CO" idref="s2_8"/>
			</nt>
			<nt id="s2_509" cat="pp">
				<edge label="H" idref="s2_14"/>
				<edge label="DP" idref="s2_510"/>
			</nt>
			<nt id="s2_510" cat="np">
				<edge label="DN" idref="s2_15"/>
				<edge label="H" idref="s2_16"/>
			</nt>
			<nt id="s2_511" cat="pp">
				<edge label="H" idref="s2_17"/>
				<edge label="DP" idref="s2_18"/>
			</nt>
			<nt id="s2_512" cat="pp">
				<edge label="H" idref="s2_19"/>
				<edge label="DP" idref="s2_513"/>
			</nt>
			<nt id="s2_513" cat="np">
				<edge label="DN" idref="s2_20"/>
				<edge label="H" idref="s2_21"/>
			</nt>
		</nonterminals>
	</graph>
</s>

<s id="s3" ref="3" source="Running text" forest="1" text="e me espantei com a praticidade e eficiência.">
	<graph root="s3_500">
		<terminals>
			<t id="s3_1" word="e" lemma="e" pos="conj-c" morph="--" extra="topkc"/>
			<t id="s3_2" word="me" lemma="eu" pos="pron-pers" morph="M/F 1S ACC" extra="refl"/>
			<t id="s3_3" word="espantei" lemma="espantar" pos="v-fin" morph="PS 1S IND VFIN" extra="fmc mv v-pron"/>
			<t id="s3_4" word="com" lemma="com" pos="prp" morph="--" extra="--"/>
			<t id="s3_5" word="a" lemma="o" pos="art" morph="F S" extra="--"/>
			<t id="s3_6" word="praticidade" lemma="praticidade" pos="n" morph="F S" sem="percep-f" extra="cjt-head cjt-head-DP"/>
			<t id="s3_7" word="e" lemma="e" pos="conj-c" morph="--" extra="--"/>
			<t id="s3_8" word="eficiência" lemma="eficiência" pos="n" morph="F S" sem="am" extra="cjt-DP"/>
			<t id="s3_9" word="." lemma="--" pos="pu" morph="--" extra="--"/>
		</terminals>

		<nonterminals>
			<nt id="s3_500" cat="s">
				<edge label="STA" idref="s3_501"/>
			</nt>
			<nt id="s3_501" cat="fcl">
				<edge label="CO" idref="s3_1"/>
				<edge label="Od" idref="s3_2"/>
				<edge label="P" idref="s3_3"/>
				<edge label="fA" idref="s3_502"/>
				<edge label="PU" idref="s3_9"/>
			</nt>
			<nt id="s3_502" cat="pp">
				<edge label="H" idref="s3_4"/>
				<edge label="DP" idref="s3_503"/>
			</nt>
			<nt id="s3_503" cat="par">
				<edge label="CJT" idref="s3_504"/>
				<edge label="CO" idref="s3_7"/>
				<edge label="CJT" idref="s3_8"/>
			</nt>
			<nt id="s3_504" cat="np">
				<edge label="DN" idref="s3_5"/>
				<edge label="H" idref="s3_6"/>
			</nt>
		</nonterminals>
	</graph>
</s>

<s id="s4" ref="4" source="Running text" forest="1" text="tanto que logo em seguida quis mais.">
	<graph root="s4_500">
		<terminals>
			<t id="s4_1" word="tanto" lemma="tanto" pos="adv" morph="--" extra="quant KOMP"/>
			<t id="s4_2" word="que" lemma="que" pos="conj-s" morph="--" extra="clb clb-fs"/>
			<t id="s4_3" word="logo" lemma="logo" pos="adv" morph="--" extra="kc"/>
			<t id="s4_4" word="em_seguida" lemma="em_seguida" pos="adv" morph="--" sem="pp" extra="--"/>
			<t id="s4_5" word="quis" lemma="querer" pos="v-fin" morph="PS 1/3S IND VFIN" extra="vH mv"/>
			<t id="s4_6" word="mais" lemma="mais" pos="adv" morph="--" extra="--"/>
			<t id="s4_7" word="." lemma="--" pos="pu" morph="--" extra="--"/>
		</terminals>

		<nonterminals>
			<nt id="s4_500" cat="s">
				<edge label="fA" idref="s4_501"/>
			</nt>
			<nt id="s4_501" cat="advp">
				<edge label="H" idref="s4_1"/>
				<edge label="DA" idref="s4_502"/>
				<edge label="PU" idref="s4_7"/>
			</nt>
			<nt id="s4_502" cat="fcl">
				<edge label="SUB" idref="s4_2"/>
				<edge label="fA" idref="s4_3"/>
				<edge label="fA" idref="s4_4"/>
				<edge label="P" idref="s4_5"/>
				<edge label="fA" idref="s4_6"/>
			</nt>
		</nonterminals>
	</graph>
</s>

<s id="s5" ref="5" source="Running text" forest="1" text="e aí o caminho escolhido foi o blackberry curve number com seu pacote de acesso a internet sem limites.">
	<graph root="s5_500">
		<terminals>
			<t id="s5_1" word="e" lemma="e" pos="conj-c" morph="--" extra="--"/>
			<t id="s5_2" word="aí" lemma="aí" pos="adv" morph="--" extra="kc"/>
			<t id="s5_3" word="o" lemma="o" pos="art" morph="M S" extra="--"/>
			<t id="s5_4" word="caminho" lemma="caminho" pos="n" morph="M S" sem="Lpath" extra="--"/>
			<t id="s5_5" word="escolhido" lemma="escolhido" pos="adj" morph="M S" extra="np-close"/>
			<t id="s5_6" word="foi" lemma="ser" pos="v-fin" morph="PS 3S IND VFIN" extra="predco predco vK fmc mv"/>
			<t id="s5_7" word="o" lemma="o" pos="art" morph="M S" extra="--"/>
			<t id="s5_8" word="blackberry" lemma="blackberry" pos="n" morph="M S" extra="foreign heur"/>
			<t id="s5_9" word="curve" lemma="curvar" pos="v-fin" morph="PR 3S SUBJ VFIN" extra="nosubj nosubj cjt-STA fmc mv"/>
			<t id="s5_10" word="number" lemma="number" pos="n" morph="M S" extra="heur"/>
			<t id="s5_11" word="com" lemma="com" pos="prp" morph="--" extra="--"/>
			<t id="s5_12" word="seu" lemma="seu" pos="pron-poss" morph="DET M S" extra="poss 3S"/>
			<t id="s5_13" word="pacote" lemma="pacote" pos="n" morph="M S" sem="con" extra="--"/>
			<t id="s5_14" word="de" lemma="de" pos="prp" morph="--" extra="np-close"/>
			<t id="s5_15" word="acesso" lemma="acesso" pos="n" morph="M S" sem="event Lpath f-right" extra="--"/>
			<t id="s5_16" word="a" lemma="o" pos="art" morph="F S" extra="--"/>
			<t id="s5_17" word="internet" lemma="internet" pos="n" morph="F S" extra="newlex"/>
			<t id="s5_18" word="sem" lemma="sem" pos="prp" morph="--" extra="np-close"/>
			<t id="s5_19" word="limites" lemma="limite" pos="n" morph="M P" sem="bar ac" extra="--"/>
			<t id="s5_20" word="." lemma="--" pos="pu" morph="--" extra="--"/>
		</terminals>

		<nonterminals>
			<nt id="s5_500" cat="s">
				<edge label="STA" idref="s5_501"/>
			</nt>
			<nt id="s5_501" cat="fcl">
				<edge label="S" idref="s5_502"/>
				<edge label="fA" idref="s5_2"/>
				<edge label="X" idref="s5_504"/>
				<edge label="PU" idref="s5_20"/>
			</nt>
			<nt id="s5_502" cat="np">
				<edge label="DN" idref="s5_503"/>
				<edge label="DN" idref="s5_3"/>
				<edge label="H" idref="s5_4"/>
				<edge label="-DN" idref="s5_5"/>
			</nt>
			<nt id="s5_503" cat="adjp">
				<edge label="CO" idref="s5_1"/>
			</nt>
			<nt id="s5_504" cat="par">
				<edge label="CJT" idref="s5_505"/>
				<edge label="CJT" idref="s5_507"/>
			</nt>
			<nt id="s5_505" cat="x">
				<edge label="P" idref="s5_6"/>
				<edge label="S" idref="s5_506"/>
			</nt>
			<nt id="s5_506" cat="np">
				<edge label="DN" idref="s5_7"/>
				<edge label="H" idref="s5_8"/>
			</nt>
			<nt id="s5_507" cat="x">
				<edge label="P" idref="s5_9"/>
				<edge label="Od" idref="s5_10"/>
				<edge label="fA" idref="s5_508"/>
				<edge label="Cs" idref="s5_511"/>
			</nt>
			<nt id="s5_508" cat="pp">
				<edge label="H" idref="s5_11"/>
				<edge label="DP" idref="s5_509"/>
			</nt>
			<nt id="s5_509" cat="np">
				<edge label="DN" idref="s5_12"/>
				<edge label="H" idref="s5_13"/>
				<edge label="DN" idref="s5_510"/>
			</nt>
			<nt id="s5_510" cat="pp">
				<edge label="H" idref="s5_14"/>
				<edge label="DP" idref="s5_15"/>
			</nt>
			<nt id="s5_511" cat="np">
				<edge label="DN" idref="s5_16"/>
				<edge label="H" idref="s5_17"/>
				<edge label="DN" idref="s5_512"/>
			</nt>
			<nt id="s5_512" cat="pp">
				<edge label="H" idref="s5_18"/>
				<edge label="DP" idref="s5_19"/>
			</nt>
		</nonterminals>
	</graph>
</s>

<s id="s6" ref="6" source="Running text" forest="1" text="ainda em experiência.">
	<graph root="s6_500">
		<terminals>
			<t id="s6_1" word="ainda" lemma="ainda" pos="adv" morph="--" extra="--"/>
			<t id="s6_2" word="em" lemma="em" pos="prp" morph="--" extra="--"/>
			<t id="s6_3" word="experiência" lemma="experiência" pos="n" morph="F S" sem="am ac" extra="--"/>
			<t id="s6_4" word="." lemma="--" pos="pu" morph="--" extra="--"/>
		</terminals>

		<nonterminals>
			<nt id="s6_500" cat="s">
				<edge label="fA" idref="s6_501"/>
			</nt>
			<nt id="s6_501" cat="pp">
				<edge label="DPmod" idref="s6_1"/>
				<edge label="H" idref="s6_2"/>
				<edge label="DP" idref="s6_3"/>
				<edge label="PU" idref="s6_4"/>
			</nt>
		</nonterminals>
	</graph>
</s>

<s id="s7" ref="7" source="Running text" forest="1" text="o que gostei bonito-anatômico- resistente e robusto-bateria com boa duração até number dias com pouco uso boa relação custo benefício-bom smartphone de entrada para quem nunca teve um muitos aplicativos disponíveis o que não gostei interface pouco amigável, só com muita paciência e algum conhecimento para deixar- lo com acesso fácil ao que realmente interessa.">
	<graph root="s7_500">
		<terminals>
			<t id="s7_1" word="o" lemma="o" pos="pron-dem" morph="DET M S" extra="cjt-head cjt-head-S dem"/>
			<t id="s7_2" word="que" lemma="que" pos="spec" morph="M S" extra="clb clb-fs rel"/>
			<t id="s7_3" word="gostei" lemma="gostar" pos="v-fin" morph="PS 1S IND VFIN" extra="vH mv np-close"/>
			<t id="s7_4" word="bonito-anatômico-" lemma="bonito-anatômico" pos="adj" morph="M S" extra="cjt-S n hyfen nh"/>
			<t id="s7_5" word="resistente" lemma="resistente" pos="adj" morph="M/F S" extra="nh np-close"/>
			<t id="s7_6" word="e" lemma="e" pos="conj-c" morph="--" extra="--"/>
			<t id="s7_7" word="robusto-bateria" lemma="robusto-bateria" pos="n" morph="F S" sem="tool" extra="--"/>
			<t id="s7_8" word="com" lemma="com" pos="prp" morph="--" extra="np-close"/>
			<t id="s7_9" word="boa" lemma="bom" pos="adj" morph="F S" extra="--"/>
			<t id="s7_10" word="duração" lemma="duração" pos="n" morph="F S" sem="am" extra="--"/>
			<t id="s7_11" word="até" lemma="até" pos="adv" morph="--" extra="--"/>
			<t id="s7_12" word="number" lemma="number" pos="n" morph="M S" extra="heur"/>
			<t id="s7_13" word="dias" lemma="dia" pos="n" morph="M P" sem="temp dur per unit" extra="--"/>
			<t id="s7_14" word="com" lemma="com" pos="prp" morph="--" extra="np-close"/>
			<t id="s7_15" word="pouco" lemma="pouco" pos="adv" morph="--" extra="quant"/>
			<t id="s7_16" word="uso" lemma="usar" pos="v-fin" morph="PR 1S IND VFIN" extra="cjt-head cjt-head-STA vH fmc mv"/>
			<t id="s7_17" word="boa" lemma="bom" pos="adj" morph="F S" extra="jh"/>
			<t id="s7_18" word="relação" lemma="relação" pos="n" morph="F S" sem="ac sem-r" extra="--"/>
			<t id="s7_19" word="custo" lemma="custo" pos="n" morph="M S" sem="mon" extra="--"/>
			<t id="s7_20" word="benefício-bom" lemma="benefício-bom" pos="n" morph="M S" sem="act-d mon" extra="--"/>
			<t id="s7_21" word="smartphone" lemma="smartphone" pos="n" morph="M S" extra="heur foreign"/>
			<t id="s7_22" word="de" lemma="de" pos="prp" morph="--" extra="np-close"/>
			<t id="s7_23" word="entrada" lemma="entrada" pos="n" morph="F S" sem="Lh cc-r mon act part-build" extra="--"/>
			<t id="s7_24" word="para" lemma="para" pos="prp" morph="--" extra="np-close"/>
			<t id="s7_25" word="quem" lemma="quem" pos="spec" morph="M/F S" extra="clb clb-fs rel"/>
			<t id="s7_26" word="nunca" lemma="nunca" pos="adv" morph="--" extra="--"/>
			<t id="s7_27" word="teve" lemma="ter" pos="v-fin" morph="PS 3S IND VFIN" extra="mv"/>
			<t id="s7_28" word="um" lemma="um" pos="num" morph="M S" extra="cjt-head cjt-head-Od card"/>
			<t id="s7_29" word="muitos" lemma="muito" pos="pron-indef" morph="DET M P" extra="quant"/>
			<t id="s7_30" word="aplicativos" lemma="aplicativo" pos="n" morph="M P" sem="sem-c" extra="cjt-Od"/>
			<t id="s7_31" word="disponíveis" lemma="disponível" pos="adj" morph="M P" extra="nh np-close"/>
			<t id="s7_32" word="o_que" lemma="o_que" pos="spec" morph="M S" extra="clb rel"/>
			<t id="s7_33" word="não" lemma="não" pos="adv" morph="--" extra="--"/>
			<t id="s7_34" word="gostei" lemma="gostar" pos="v-fin" morph="PS 1S IND VFIN" extra="cjt-STA vH mv"/>
			<t id="s7_35" word="interface" lemma="interface" pos="n" morph="F S" sem="tool" extra="--"/>
			<t id="s7_36" word="pouco" lemma="pouco" pos="adv" morph="--" extra="quant"/>
			<t id="s7_37" word="amigável" lemma="amigável" pos="adj" morph="M/F S" extra="nh np-close"/>
			<t id="s7_38" word="," lemma="--" pos="pu" morph="--" extra="--"/>
			<t id="s7_39" word="só" lemma="só" pos="adv" morph="--" extra="--"/>
			<t id="s7_40" word="com" lemma="com" pos="prp" morph="--" extra="np-close"/>
			<t id="s7_41" word="muita" lemma="muito" pos="pron-indef" morph="DET F S" extra="quant"/>
			<t id="s7_42" word="paciência" lemma="paciência" pos="n" morph="F S" sem="am game" extra="cjt-head cjt-head-DP"/>
			<t id="s7_43" word="e" lemma="e" pos="conj-c" morph="--" extra="--"/>
			<t id="s7_44" word="algum" lemma="algum" pos="pron-indef" morph="DET M S" extra="quant"/>
			<t id="s7_45" word="conhecimento" lemma="conhecimento" pos="n" morph="M S" sem="sem-c state-h cc-r" extra="cjt-DP"/>
			<t id="s7_46" word="para" lemma="para" pos="prp" morph="--" extra="--"/>
			<t id="s7_47" word="deixar-" lemma="deixar" pos="v-inf" morph="--" extra="hyfen mv"/>
			<t id="s7_48" word="lo" lemma="ele" pos="pron-pers" morph="M 3S ACC" extra="--"/>
			<t id="s7_49" word="com" lemma="com" pos="prp" morph="--" extra="--"/>
			<t id="s7_50" word="acesso" lemma="acesso" pos="n" morph="M S" sem="event Lpath f-right" extra="--"/>
			<t id="s7_51" word="fácil" lemma="fácil" pos="adj" morph="M S" extra="jh np-close"/>
			<t id="s7_52" word="a" lemma="a" pos="prp" morph="--" extra="sam- np-long"/>
			<t id="s7_53" word="o" lemma="o" pos="pron-dem" morph="DET M S" extra="-sam dem"/>
			<t id="s7_54" word="que" lemma="que" pos="spec" morph="M S" extra="clb clb-fs rel"/>
			<t id="s7_55" word="realmente" lemma="realmente" pos="adv" morph="--" extra="--"/>
			<t id="s7_56" word="interessa" lemma="interessar" pos="v-fin" morph="PR 3S IND VFIN" extra="mv np-close"/>
			<t id="s7_57" word="." lemma="--" pos="pu" morph="--" extra="--"/>
		</terminals>

		<nonterminals>
			<nt id="s7_500" cat="s">
				<edge label="STA" idref="s7_501"/>
			</nt>
			<nt id="s7_501" cat="par">
				<edge label="CJT" idref="s7_502"/>
				<edge label="DN" idref="s7_504"/>
				<edge label="S" idref="s7_2"/>
				<edge label="P" idref="s7_3"/>
				<edge label="DN" idref="s7_5"/>
				<edge label="S" idref="s7_19"/>
				<edge label="CJT" idref="s7_511"/>
				<edge label="PU" idref="s7_57"/>
			</nt>
			<nt id="s7_502" cat="fcl">
				<edge label="S" idref="s7_503"/>
			</nt>
			<nt id="s7_503" cat="par">
				<edge label="CJT" idref="s7_1"/>
				<edge label="CJT" idref="s7_4"/>
			</nt>
			<nt id="s7_504" cat="fcl">
				<edge label="S" idref="s7_505"/>
				<edge label="S" idref="s7_508"/>
				<edge label="fCs" idref="s7_509"/>
				<edge label="fA" idref="s7_15"/>
				<edge label="P" idref="s7_16"/>
				<edge label="Od" idref="s7_510"/>
			</nt>
			<nt id="s7_505" cat="np">
				<edge label="DN" idref="s7_506"/>
				<edge label="H" idref="s7_7"/>
				<edge label="-DN" idref="s7_8"/>
			</nt>
			<nt id="s7_506" cat="pp">
				<edge label="CO" idref="s7_6"/>
				<edge label="DP" idref="s7_507"/>
			</nt>
			<nt id="s7_507" cat="np">
				<edge label="DN" idref="s7_9"/>
				<edge label="H" idref="s7_10"/>
			</nt>
			<nt id="s7_508" cat="np">
				<edge label="DN" idref="s7_11"/>
				<edge label="H" idref="s7_12"/>
			</nt>
			<nt id="s7_509" cat="np">
				<edge label="H" idref="s7_13"/>
				<edge label="DN" idref="s7_14"/>
			</nt>
			<nt id="s7_510" cat="np">
				<edge label="DN" idref="s7_17"/>
				<edge label="H" idref="s7_18"/>
			</nt>
			<nt id="s7_511" cat="np">
				<edge label="S" idref="s7_512"/>
				<edge label="X" idref="s7_32"/>
				<edge label="fA" idref="s7_33"/>
				<edge label="P" idref="s7_34"/>
				<edge label="S" idref="s7_519"/>
				<edge label="PU" idref="s7_38"/>
				<edge label="DNc" idref="s7_521"/>
				<edge label="fA" idref="s7_524"/>
			</nt>
			<nt id="s7_512" cat="np">
				<edge label="H" idref="s7_20"/>
				<edge label="DN" idref="s7_513"/>
			</nt>
			<nt id="s7_513" cat="pp">
				<edge label="DP" idref="s7_514"/>
				<edge label="H" idref="s7_24"/>
			</nt>
			<nt id="s7_514" cat="fcl">
				<edge label="S" idref="s7_515"/>
				<edge label="S" idref="s7_25"/>
				<edge label="fA" idref="s7_26"/>
				<edge label="P" idref="s7_27"/>
				<edge label="Od" idref="s7_517"/>
			</nt>
			<nt id="s7_515" cat="np">
				<edge label="H" idref="s7_21"/>
				<edge label="DN" idref="s7_516"/>
			</nt>
			<nt id="s7_516" cat="pp">
				<edge label="H" idref="s7_22"/>
				<edge label="DP" idref="s7_23"/>
			</nt>
			<nt id="s7_517" cat="par">
				<edge label="CJT" idref="s7_28"/>
				<edge label="CJT" idref="s7_518"/>
			</nt>
			<nt id="s7_518" cat="np">
				<edge label="DN" idref="s7_29"/>
				<edge label="H" idref="s7_30"/>
				<edge label="DN" idref="s7_31"/>
			</nt>
			<nt id="s7_519" cat="np">
				<edge label="H" idref="s7_35"/>
				<edge label="DN" idref="s7_520"/>
			</nt>
			<nt id="s7_520" cat="adjp">
				<edge label="DA" idref="s7_36"/>
				<edge label="H" idref="s7_37"/>
			</nt>
			<nt id="s7_521" cat="pp">
				<edge label="DPmod" idref="s7_39"/>
				<edge label="H" idref="s7_40"/>
				<edge label="DP" idref="s7_522"/>
			</nt>
			<nt id="s7_522" cat="par">
				<edge label="CJT" idref="s7_523"/>
			</nt>
			<nt id="s7_523" cat="np">
				<edge label="DN" idref="s7_41"/>
				<edge label="H" idref="s7_42"/>
			</nt>
			<nt id="s7_524" cat="pp">
				<edge label="DP" idref="s7_525"/>
				<edge label="H" idref="s7_46"/>
			</nt>
			<nt id="s7_525" cat="icl">
				<edge label="fA" idref="s7_526"/>
				<edge label="CJT" idref="s7_529"/>
			</nt>
			<nt id="s7_526" cat="pp">
				<edge label="DP" idref="s7_527"/>
			</nt>
			<nt id="s7_527" cat="np">
				<edge label="DN" idref="s7_528"/>
				<edge label="P" idref="s7_47"/>
				<edge label="Od" idref="s7_48"/>
				<edge label="fA" idref="s7_530"/>
			</nt>
			<nt id="s7_528" cat="adjp">
				<edge label="CO" idref="s7_43"/>
			</nt>
			<nt id="s7_529" cat="np">
				<edge label="DN" idref="s7_44"/>
				<edge label="H" idref="s7_45"/>
			</nt>
			<nt id="s7_530" cat="pp">
				<edge label="H" idref="s7_49"/>
				<edge label="DP" idref="s7_531"/>
			</nt>
			<nt id="s7_531" cat="np">
				<edge label="H" idref="s7_50"/>
				<edge label="-DN" idref="s7_51"/>
				<edge label="DN" idref="s7_532"/>
				<edge label="DN" idref="s7_533"/>
			</nt>
			<nt id="s7_532" cat="pp">
				<edge label="H" idref="s7_52"/>
				<edge label="DP" idref="s7_53"/>
			</nt>
			<nt id="s7_533" cat="fcl">
				<edge label="Od" idref="s7_54"/>
				<edge label="fA" idref="s7_55"/>
				<edge label="P" idref="s7_56"/>
			</nt>
		</nonterminals>
	</graph>
</s>

<s id="s8" ref="8" source="Running text" forest="1" text="ícones pequenos em telas grandes que obrigam a muito deslocamento.">
	<graph root="s8_500">
		<terminals>
			<t id="s8_1" word="ícones" lemma="ícone" pos="n" morph="M P" sem="pict" extra="--"/>
			<t id="s8_2" word="pequenos" lemma="pequeno" pos="adj" morph="M P" extra="np-close"/>
			<t id="s8_3" word="em" lemma="em" pos="prp" morph="--" extra="np-long"/>
			<t id="s8_4" word="telas" lemma="tela" pos="n" morph="F P" sem="cc-h pict mat-cloth" extra="--"/>
			<t id="s8_5" word="grandes" lemma="grande" pos="adj" morph="F P" extra="np-close"/>
			<t id="s8_6" word="que" lemma="que" pos="spec" morph="M S" extra="clb clb-fs rel"/>
			<t id="s8_7" word="obrigam" lemma="obrigar" pos="v-fin" morph="PR 3P IND VFIN" extra="mv np-close"/>
			<t id="s8_8" word="a" lemma="a" pos="prp" morph="--" extra="--"/>
			<t id="s8_9" word="muito" lemma="muito" pos="pron-indef" morph="DET M S" extra="quant"/>
			<t id="s8_10" word="deslocamento" lemma="deslocamento" pos="n" morph="M S" sem="act sick-c" extra="--"/>
			<t id="s8_11" word="." lemma="--" pos="pu" morph="--" extra="--"/>
		</terminals>

		<nonterminals>
			<nt id="s8_500" cat="s">
				<edge label="X" idref="s8_501"/>
			</nt>
			<nt id="s8_501" cat="np">
				<edge label="H" idref="s8_1"/>
				<edge label="DN" idref="s8_2"/>
				<edge label="DN" idref="s8_502"/>
				<edge label="PU" idref="s8_11"/>
			</nt>
			<nt id="s8_502" cat="pp">
				<edge label="H" idref="s8_3"/>
				<edge label="DP" idref="s8_503"/>
			</nt>
			<nt id="s8_503" cat="np">
				<edge label="H" idref="s8_4"/>
				<edge label="DN" idref="s8_5"/>
				<edge label="DN" idref="s8_504"/>
			</nt>
			<nt id="s8_504" cat="fcl">
				<edge label="Od" idref="s8_6"/>
				<edge label="P" idref="s8_7"/>
				<edge label="Op" idref="s8_505"/>
			</nt>
			<nt id="s8_505" cat="pp">
				<edge label="H" idref="s8_8"/>
				<edge label="DP" idref="s8_506"/>
			</nt>
			<nt id="s8_506" cat="np">
				<edge label="DN" idref="s8_9"/>
				<edge label="H" idref="s8_10"/>
			</nt>
		</nonterminals>
	</graph>
</s>

<s id="s9" ref="9" source="Running text" forest="1" text="o que leva ao segundo problema o trackball que é cansativo para quem manuseia muito.">
	<graph root="s9_500">
		<terminals>
			<t id="s9_1" word="o" lemma="o" pos="pron-dem" morph="DET M S" extra="dem"/>
			<t id="s9_2" word="que" lemma="que" pos="spec" morph="M S" extra="clb clb-fs rel"/>
			<t id="s9_3" word="leva" lemma="levar" pos="v-fin" morph="PR 3S IND VFIN" extra="mv np-close"/>
			<t id="s9_4" word="a" lemma="a" pos="prp" morph="--" extra="sam-"/>
			<t id="s9_5" word="o" lemma="o" pos="art" morph="M S" extra="-sam "/>
			<t id="s9_6" word="segundo" lemma="segundo" pos="adj" morph="M S" extra="NUM-ord"/>
			<t id="s9_7" word="problema" lemma="problema" pos="n" morph="M S" sem="ac" extra="--"/>
			<t id="s9_8" word="o" lemma="o" pos="art" morph="M S" extra="--"/>
			<t id="s9_9" word="trackball" lemma="trackball" pos="n" morph="M S" extra="foreign heur"/>
			<t id="s9_10" word="que" lemma="que" pos="spec" morph="M S" extra="clb clb-fs rel"/>
			<t id="s9_11" word="é" lemma="ser" pos="v-fin" morph="PR 3S IND VFIN" extra="vK mv np-close"/>
			<t id="s9_12" word="cansativo" lemma="cansativo" pos="adj" morph="M S" extra="nh"/>
			<t id="s9_13" word="para" lemma="para" pos="prp" morph="--" extra="--"/>
			<t id="s9_14" word="quem" lemma="quem" pos="spec" morph="M/F S" extra="clb clb-fs rel"/>
			<t id="s9_15" word="manuseia" lemma="manusear" pos="v-fin" morph="PR 3S IND VFIN" extra="vH mv"/>
			<t id="s9_16" word="muito" lemma="muito" pos="adv" morph="--" extra="quant"/>
			<t id="s9_17" word="." lemma="--" pos="pu" morph="--" extra="--"/>
		</terminals>

		<nonterminals>
			<nt id="s9_500" cat="s">
				<edge label="DN" idref="s9_501"/>
			</nt>
			<nt id="s9_501" cat="fcl">
				<edge label="Od" idref="s9_502"/>
				<edge label="S" idref="s9_2"/>
				<edge label="P" idref="s9_3"/>
				<edge label="Op" idref="s9_506"/>
				<edge label="PU" idref="s9_17"/>
			</nt>
			<nt id="s9_502" cat="np">
				<edge label="DN" idref="s9_503"/>
				<edge label="DN" idref="s9_8"/>
				<edge label="H" idref="s9_9"/>
			</nt>
			<nt id="s9_503" cat="fcl">
				<edge label="fA" idref="s9_504"/>
				<edge label="S" idref="s9_10"/>
				<edge label="P" idref="s9_11"/>
				<edge label="Cs" idref="s9_12"/>
			</nt>
			<nt id="s9_504" cat="pp">
				<edge label="DP" idref="s9_505"/>
				<edge label="H" idref="s9_13"/>
			</nt>
			<nt id="s9_505" cat="fcl">
				<edge label="S" idref="s9_1"/>
				<edge label="S" idref="s9_14"/>
				<edge label="P" idref="s9_15"/>
				<edge label="fA" idref="s9_16"/>
			</nt>
			<nt id="s9_506" cat="pp">
				<edge label="H" idref="s9_4"/>
				<edge label="DP" idref="s9_507"/>
			</nt>
			<nt id="s9_507" cat="np">
				<edge label="DN" idref="s9_5"/>
				<edge label="DN" idref="s9_6"/>
				<edge label="H" idref="s9_7"/>
			</nt>
		</nonterminals>
	</graph>
</s>

<s id="s10" ref="10" source="Running text" forest="1" text="mesmo no e71 que tem teclado, muito mais eficiente, ainda deixa a desejar em relação a o tacape do blackberry.">
	<graph root="s10_500">
		<terminals>
			<t id="s10_1" word="mesmo" lemma="mesmo" pos="adv" morph="--" extra="quant"/>
			<t id="s10_2" word="em" lemma="em" pos="prp" morph="--" extra="sam-"/>
			<t id="s10_3" word="o" lemma="o" pos="art" morph="M S" extra="-sam "/>
			<t id="s10_4" word="e71" lemma="e71" pos="n" morph="M S" extra="heur"/>
			<t id="s10_5" word="que" lemma="que" pos="spec" morph="M S" extra="clb clb-fs rel"/>
			<t id="s10_6" word="tem" lemma="ter" pos="v-fin" morph="PR 3S IND VFIN" extra="aux np-close"/>
			<t id="s10_7" word="teclado" lemma="teclar" pos="v-pcp" morph="--" extra="vH mv"/>
			<t id="s10_8" word="," lemma="--" pos="pu" morph="--" extra="--"/>
			<t id="s10_9" word="muito" lemma="muito" pos="adv" morph="--" extra="quant"/>
			<t id="s10_10" word="mais" lemma="mais" pos="adv" morph="--" extra="quant KOMP"/>
			<t id="s10_11" word="eficiente" lemma="eficiente" pos="adj" morph="M/F S" extra="--"/>
			<t id="s10_12" word="," lemma="--" pos="pu" morph="--" extra="--"/>
			<t id="s10_13" word="ainda" lemma="ainda" pos="adv" morph="--" extra="--"/>
			<t id="s10_14" word="deixa" lemma="deixar" pos="v-fin" morph="PR 3S IND VFIN" extra="fmc aux"/>
			<t id="s10_15" word="a" lemma="a" pos="prp" morph="--" extra="--"/>
			<t id="s10_16" word="desejar" lemma="desejar" pos="v-inf" morph="--" extra="vH mv"/>
			<t id="s10_17" word="em_relação_a" lemma="em_relação_a" pos="prp" morph="--" extra="sam-"/>
			<t id="s10_18" word="o" lemma="o" pos="art" morph="M S" extra=" -sam"/>
			<t id="s10_19" word="tacape" lemma="tacape" pos="n" morph="M S" sem="tool cc-stick" extra="--"/>
			<t id="s10_20" word="de" lemma="de" pos="prp" morph="--" extra="sam- np-close"/>
			<t id="s10_21" word="o" lemma="o" pos="art" morph="M S" extra="-sam "/>
			<t id="s10_22" word="blackberry" lemma="blackberry" pos="n" morph="M S" extra="foreign heur"/>
			<t id="s10_23" word="." lemma="--" pos="pu" morph="--" extra="--"/>
		</terminals>

		<nonterminals>
			<nt id="s10_500" cat="s">
				<edge label="fA" idref="s10_501"/>
			</nt>
			<nt id="s10_501" cat="pp">
				<edge label="DPmod" idref="s10_1"/>
				<edge label="H" idref="s10_2"/>
				<edge label="DP" idref="s10_502"/>
				<edge label="STA" idref="s10_507"/>
				<edge label="DP" idref="s10_508"/>
				<edge label="PU" idref="s10_23"/>
			</nt>
			<nt id="s10_502" cat="np">
				<edge label="DN" idref="s10_3"/>
				<edge label="H" idref="s10_4"/>
				<edge label="DN" idref="s10_503"/>
			</nt>
			<nt id="s10_503" cat="fcl">
				<edge label="Od" idref="s10_5"/>
				<edge label="P" idref="s10_504"/>
				<edge label="PU" idref="s10_8"/>
				<edge label="fCs" idref="s10_505"/>
				<edge label="PU" idref="s10_12"/>
				<edge label="fA" idref="s10_13"/>
			</nt>
			<nt id="s10_504" cat="vp">
				<edge label="Vaux" idref="s10_6"/>
				<edge label="Vm" idref="s10_7"/>
			</nt>
			<nt id="s10_505" cat="adjp">
				<edge label="DA" idref="s10_506"/>
				<edge label="H" idref="s10_11"/>
			</nt>
			<nt id="s10_506" cat="advp">
				<edge label="DA" idref="s10_9"/>
				<edge label="H" idref="s10_10"/>
			</nt>
			<nt id="s10_507" cat="fcl">
				<edge label="P" idref="s10_14"/>
				<edge label="fA" idref="s10_15"/>
			</nt>
			<nt id="s10_508" cat="icl">
				<edge label="P" idref="s10_16"/>
				<edge label="fA" idref="s10_509"/>
			</nt>
			<nt id="s10_509" cat="pp">
				<edge label="H" idref="s10_17"/>
				<edge label="DP" idref="s10_510"/>
			</nt>
			<nt id="s10_510" cat="np">
				<edge label="DN" idref="s10_18"/>
				<edge label="H" idref="s10_19"/>
				<edge label="DN" idref="s10_511"/>
			</nt>
			<nt id="s10_511" cat="pp">
				<edge label="H" idref="s10_20"/>
				<edge label="DP" idref="s10_512"/>
			</nt>
			<nt id="s10_512" cat="np">
				<edge label="DN" idref="s10_21"/>
				<edge label="H" idref="s10_22"/>
			</nt>
		</nonterminals>
	</graph>
</s>

<s id="s11" ref="11" source="Running text" forest="1" text="peso maior do que a média.">
	<graph root="s11_500">
		<terminals>
			<t id="s11_1" word="peso" lemma="peso" pos="n" morph="M S" sem="f-q unit tool cur cc" extra="--"/>
			<t id="s11_2" word="maior" lemma="grande" pos="adj" morph="M S" extra="KOMP np-close"/>
			<t id="s11_3" word="do_que" lemma="do_que" pos="conj-s" morph="--" extra="com"/>
			<t id="s11_4" word="a" lemma="o" pos="art" morph="F S" extra="--"/>
			<t id="s11_5" word="média" lemma="média" pos="n" morph="F S" sem="Labs amount food-c drink" extra="--"/>
			<t id="s11_6" word="." lemma="--" pos="pu" morph="--" extra="--"/>
		</terminals>

		<nonterminals>
			<nt id="s11_500" cat="s">
				<edge label="X" idref="s11_501"/>
			</nt>
			<nt id="s11_501" cat="np">
				<edge label="H" idref="s11_1"/>
				<edge label="DN" idref="s11_502"/>
				<edge label="PU" idref="s11_6"/>
			</nt>
			<nt id="s11_502" cat="adjp">
				<edge label="H" idref="s11_2"/>
				<edge label="DAcom" idref="s11_503"/>
			</nt>
			<nt id="s11_503" cat="acl">
				<edge label="H" idref="s11_3"/>
				<edge label="X" idref="s11_504"/>
			</nt>
			<nt id="s11_504" cat="np">
				<edge label="DN" idref="s11_4"/>
				<edge label="H" idref="s11_5"/>
			</nt>
		</nonterminals>
	</graph>
</s>

<s id="s12" ref="12" source="Running text" forest="1" text="falta de um programa que centralize informação, facilitando o acesso ao que está acontecendo em seus correios e outros sites de contingência..">
	<graph root="s12_500">
		<terminals>
			<t id="s12_1" word="falta" lemma="falta" pos="n" morph="F S" sem="f-c sit event" extra="--"/>
			<t id="s12_2" word="de" lemma="de" pos="prp" morph="--" extra="np-close"/>
			<t id="s12_3" word="um" lemma="um" pos="art" morph="M S" extra="--"/>
			<t id="s12_4" word="programa" lemma="programa" pos="n" morph="M S" sem="sem-c sem-r" extra="--"/>
			<t id="s12_5" word="que" lemma="que" pos="spec" morph="M S" extra="clb clb-fs rel"/>
			<t id="s12_6" word="centralize" lemma="centralizar" pos="v-fin" morph="PR 3S SUBJ VFIN" extra="vH mv np-close"/>
			<t id="s12_7" word="informação" lemma="informação" pos="n" morph="F S" sem="ac" extra="--"/>
			<t id="s12_8" word="," lemma="--" pos="pu" morph="--" extra="--"/>
			<t id="s12_9" word="facilitando" lemma="facilitar" pos="v-ger" morph="--" extra="clb vH mv"/>
			<t id="s12_10" word="o" lemma="o" pos="art" morph="M S" extra="--"/>
			<t id="s12_11" word="acesso" lemma="acesso" pos="n" morph="M S" sem="event Lpath f-right" extra="--"/>
			<t id="s12_12" word="a" lemma="a" pos="prp" morph="--" extra="sam- np-close"/>
			<t id="s12_13" word="o" lemma="o" pos="pron-dem" morph="DET M S" extra="-sam dem"/>
			<t id="s12_14" word="que" lemma="que" pos="spec" morph="M S" extra="clb clb-fs rel"/>
			<t id="s12_15" word="está" lemma="estar" pos="v-fin" morph="PR 3S IND VFIN" extra="aux np-close"/>
			<t id="s12_16" word="acontecendo" lemma="acontecer" pos="v-ger" morph="--" extra="clb vN mv"/>
			<t id="s12_17" word="em" lemma="em" pos="prp" morph="--" extra="--"/>
			<t id="s12_18" word="seus" lemma="seu" pos="pron-poss" morph="DET M P" extra="si poss 3S"/>
			<t id="s12_19" word="correios" lemma="correio" pos="n" morph="M P" sem="inst cm H con" extra="cjt-head cjt-head-DP"/>
			<t id="s12_20" word="e" lemma="e" pos="conj-c" morph="--" extra="--"/>
			<t id="s12_21" word="outros" lemma="outro" pos="pron-indef" morph="DET M P" extra="diff KOMP"/>
			<t id="s12_22" word="sites" lemma="site" pos="n" morph="M P" sem="Lh" extra="cjt-DP"/>
			<t id="s12_23" word="de" lemma="de" pos="prp" morph="--" extra="np-close"/>
			<t id="s12_24" word="contingência" lemma="contingência" pos="n" morph="F S" sem="event" extra="--"/>
			<t id="s12_25" word="." lemma="--" pos="pu" morph="--" extra="--"/>
			<t id="s12_26" word="." lemma="--" pos="pu" morph="--" extra="--"/>
		</terminals>

		<nonterminals>
			<nt id="s12_500" cat="s">
				<edge label="X" idref="s12_501"/>
			</nt>
			<nt id="s12_501" cat="np">
				<edge label="H" idref="s12_1"/>
				<edge label="DN" idref="s12_502"/>
				<edge label="PU" idref="s12_25"/>
				<edge label="PU" idref="s12_26"/>
			</nt>
			<nt id="s12_502" cat="pp">
				<edge label="H" idref="s12_2"/>
				<edge label="DP" idref="s12_503"/>
			</nt>
			<nt id="s12_503" cat="np">
				<edge label="DN" idref="s12_3"/>
				<edge label="H" idref="s12_4"/>
				<edge label="DN" idref="s12_504"/>
			</nt>
			<nt id="s12_504" cat="fcl">
				<edge label="S" idref="s12_5"/>
				<edge label="P" idref="s12_6"/>
				<edge label="Od" idref="s12_7"/>
				<edge label="PU" idref="s12_8"/>
				<edge label="fA" idref="s12_505"/>
			</nt>
			<nt id="s12_505" cat="advp">
				<edge label="P" idref="s12_9"/>
				<edge label="Od" idref="s12_506"/>
			</nt>
			<nt id="s12_506" cat="np">
				<edge label="DN" idref="s12_10"/>
				<edge label="H" idref="s12_11"/>
				<edge label="DN" idref="s12_507"/>
				<edge label="DN" idref="s12_508"/>
			</nt>
			<nt id="s12_507" cat="pp">
				<edge label="H" idref="s12_12"/>
				<edge label="DP" idref="s12_13"/>
			</nt>
			<nt id="s12_508" cat="fcl">
				<edge label="S" idref="s12_14"/>
				<edge label="P" idref="s12_509"/>
				<edge label="fA" idref="s12_510"/>
			</nt>
			<nt id="s12_509" cat="vp">
				<edge label="Vaux" idref="s12_15"/>
				<edge label="Vm" idref="s12_16"/>
			</nt>
			<nt id="s12_510" cat="pp">
				<edge label="H" idref="s12_17"/>
				<edge label="DP" idref="s12_511"/>
			</nt>
			<nt id="s12_511" cat="par">
				<edge label="CJT" idref="s12_512"/>
				<edge label="CJT" idref="s12_513"/>
			</nt>
			<nt id="s12_512" cat="np">
				<edge label="DN" idref="s12_18"/>
				<edge label="H" idref="s12_19"/>
			</nt>
			<nt id="s12_513" cat="np">
				<edge label="DN" idref="s12_514"/>
				<edge label="DN" idref="s12_21"/>
				<edge label="H" idref="s12_22"/>
				<edge label="-DN" idref="s12_23"/>
			</nt>
			<nt id="s12_514" cat="pp">
				<edge label="CO" idref="s12_20"/>
				<edge label="DP" idref="s12_24"/>
			</nt>
		</nonterminals>
	</graph>
</s>

	</body>
</corpus>
