<?xml version="1.0" encoding="UTF-8"?>
<corpus>

	<body>
<s id="s1" ref="1" source="Running text" forest="1" text="esse aparelho não vale number do que ele custa nas lojas.">
	<graph root="s1_500">
		<terminals>
			<t id="s1_1" word="esse" lemma="esse" pos="pron-dem" morph="DET M S" extra="dem"/>
			<t id="s1_2" word="aparelho" lemma="aparelho" pos="n" morph="M S" sem="tool" extra="--"/>
			<t id="s1_3" word="não" lemma="não" pos="adv" morph="--" extra="--"/>
			<t id="s1_4" word="vale" lemma="valer" pos="v-fin" morph="PR 3S IND VFIN" extra="fmc mv"/>
			<t id="s1_5" word="number" lemma="number" pos="n" morph="M S" extra="heur"/>
			<t id="s1_6" word="de" lemma="de" pos="prp" morph="--" extra="sam- np-close"/>
			<t id="s1_7" word="o" lemma="o" pos="pron-indef" morph="DET M S" extra="-sam"/>
			<t id="s1_8" word="que" lemma="que" pos="spec" morph="M S" extra="clb clb-fs rel"/>
			<t id="s1_9" word="ele" lemma="ele" pos="pron-pers" morph="M 3S NOM" extra="--"/>
			<t id="s1_10" word="custa" lemma="custar" pos="v-fin" morph="PR 3S IND VFIN" extra="vN mv np-close"/>
			<t id="s1_11" word="em" lemma="em" pos="prp" morph="--" extra="sam-"/>
			<t id="s1_12" word="as" lemma="o" pos="art" morph="F P" extra="-sam "/>
			<t id="s1_13" word="lojas" lemma="loja" pos="n" morph="F P" sem="inst Lh" extra="--"/>
			<t id="s1_14" word="." lemma="--" pos="pu" morph="--" extra="--"/>
		</terminals>

		<nonterminals>
			<nt id="s1_500" cat="s">
				<edge label="STA" idref="s1_501"/>
			</nt>
			<nt id="s1_501" cat="fcl">
				<edge label="S" idref="s1_502"/>
				<edge label="fA" idref="s1_3"/>
				<edge label="P" idref="s1_4"/>
				<edge label="Od" idref="s1_503"/>
				<edge label="PU" idref="s1_14"/>
			</nt>
			<nt id="s1_502" cat="np">
				<edge label="DN" idref="s1_1"/>
				<edge label="H" idref="s1_2"/>
			</nt>
			<nt id="s1_503" cat="np">
				<edge label="H" idref="s1_5"/>
				<edge label="DN" idref="s1_504"/>
				<edge label="DN" idref="s1_505"/>
			</nt>
			<nt id="s1_504" cat="pp">
				<edge label="H" idref="s1_6"/>
				<edge label="DP" idref="s1_7"/>
			</nt>
			<nt id="s1_505" cat="fcl">
				<edge label="Od" idref="s1_8"/>
				<edge label="S" idref="s1_9"/>
				<edge label="P" idref="s1_10"/>
				<edge label="fA" idref="s1_506"/>
			</nt>
			<nt id="s1_506" cat="pp">
				<edge label="H" idref="s1_11"/>
				<edge label="DP" idref="s1_507"/>
			</nt>
			<nt id="s1_507" cat="np">
				<edge label="DN" idref="s1_12"/>
				<edge label="H" idref="s1_13"/>
			</nt>
		</nonterminals>
	</graph>
</s>

<s id="s2" ref="2" source="Running text" forest="1" text="eu usava um c2 number, modelo mais antigo, lançado em number com o mesmo sistema s40, porem algumas características de hardware superiores.">
	<graph root="s2_500">
		<terminals>
			<t id="s2_1" word="eu" lemma="eu" pos="pron-pers" morph="M/F 1S NOM" extra="--"/>
			<t id="s2_2" word="usava" lemma="usar" pos="v-fin" morph="IMPF 1S IND VFIN" extra="vH fmc mv"/>
			<t id="s2_3" word="um" lemma="um" pos="art" morph="M S" extra="--"/>
			<t id="s2_4" word="c2" lemma="c2" pos="n" morph="M S" extra="foreign"/>
			<t id="s2_5" word="number" lemma="number" pos="v-inf" morph="--" extra="heur mv"/>
			<t id="s2_6" word="," lemma="--" pos="pu" morph="--" extra="--"/>
			<t id="s2_7" word="modelo" lemma="modelo" pos="n" morph="M S" sem="ac Hprof" extra="--"/>
			<t id="s2_8" word="mais" lemma="mais" pos="adv" morph="--" extra="quant KOMP"/>
			<t id="s2_9" word="antigo" lemma="antigo" pos="adj" morph="M S" extra="jh np-close"/>
			<t id="s2_10" word="," lemma="--" pos="pu" morph="--" extra="--"/>
			<t id="s2_11" word="lançado" lemma="lançar" pos="v-pcp" morph="M S" extra="vH mv"/>
			<t id="s2_12" word="em" lemma="em" pos="prp" morph="--" extra="--"/>
			<t id="s2_13" word="number" lemma="number" pos="v-inf" morph="--" extra="cjt-head cjt-head-DP heur mv"/>
			<t id="s2_14" word="com" lemma="com" pos="prp" morph="--" extra="--"/>
			<t id="s2_15" word="o" lemma="o" pos="art" morph="M S" extra="--"/>
			<t id="s2_16" word="mesmo" lemma="mesmo" pos="pron-indef" morph="DET M S" extra="diff KOMP"/>
			<t id="s2_17" word="sistema" lemma="sistema" pos="n" morph="M S" sem="ac" extra="--"/>
			<t id="s2_18" word="s40" lemma="s40" pos="n" morph="M S" extra="heur"/>
			<t id="s2_19" word="," lemma="--" pos="pu" morph="--" extra="--"/>
			<t id="s2_20" word="porem" lemma="pôr" pos="v-inf" morph="3P" extra="cjt-DP mv"/>
			<t id="s2_21" word="algumas" lemma="algum" pos="pron-indef" morph="DET F P" extra="quant"/>
			<t id="s2_22" word="características" lemma="característica" pos="n" morph="F P" sem="ac" extra="--"/>
			<t id="s2_23" word="de" lemma="de" pos="prp" morph="--" extra="np-close"/>
			<t id="s2_24" word="hardware" lemma="hardware" pos="n" morph="M S" sem="cm" extra="--"/>
			<t id="s2_25" word="superiores" lemma="alto" pos="adj" morph="M P" extra="KOMP SUP np-long"/>
			<t id="s2_26" word="." lemma="--" pos="pu" morph="--" extra="--"/>
		</terminals>

		<nonterminals>
			<nt id="s2_500" cat="s">
				<edge label="STA" idref="s2_501"/>
			</nt>
			<nt id="s2_501" cat="fcl">
				<edge label="S" idref="s2_1"/>
				<edge label="P" idref="s2_2"/>
				<edge label="Od" idref="s2_502"/>
				<edge label="UTT" idref="s2_503"/>
				<edge label="PU" idref="s2_26"/>
			</nt>
			<nt id="s2_502" cat="np">
				<edge label="DN" idref="s2_3"/>
				<edge label="H" idref="s2_4"/>
			</nt>
			<nt id="s2_503" cat="icl">
				<edge label="P" idref="s2_5"/>
				<edge label="PU" idref="s2_6"/>
				<edge label="fCs" idref="s2_504"/>
				<edge label="PU" idref="s2_10"/>
				<edge label="fCs" idref="s2_506"/>
			</nt>
			<nt id="s2_504" cat="np">
				<edge label="H" idref="s2_7"/>
				<edge label="DN" idref="s2_505"/>
			</nt>
			<nt id="s2_505" cat="adjp">
				<edge label="DA" idref="s2_8"/>
				<edge label="H" idref="s2_9"/>
			</nt>
			<nt id="s2_506" cat="icl">
				<edge label="P" idref="s2_11"/>
				<edge label="fA" idref="s2_507"/>
			</nt>
			<nt id="s2_507" cat="pp">
				<edge label="H" idref="s2_12"/>
				<edge label="DP" idref="s2_508"/>
			</nt>
			<nt id="s2_508" cat="par">
				<edge label="CJT" idref="s2_509"/>
				<edge label="PU" idref="s2_19"/>
				<edge label="CJT" idref="s2_512"/>
			</nt>
			<nt id="s2_509" cat="icl">
				<edge label="P" idref="s2_13"/>
				<edge label="fA" idref="s2_510"/>
				<edge label="Od" idref="s2_18"/>
			</nt>
			<nt id="s2_510" cat="pp">
				<edge label="H" idref="s2_14"/>
				<edge label="DP" idref="s2_511"/>
			</nt>
			<nt id="s2_511" cat="np">
				<edge label="DN" idref="s2_15"/>
				<edge label="DN" idref="s2_16"/>
				<edge label="H" idref="s2_17"/>
			</nt>
			<nt id="s2_512" cat="icl">
				<edge label="P" idref="s2_20"/>
				<edge label="Od" idref="s2_513"/>
			</nt>
			<nt id="s2_513" cat="np">
				<edge label="DN" idref="s2_21"/>
				<edge label="H" idref="s2_22"/>
				<edge label="DN" idref="s2_514"/>
				<edge label="DN" idref="s2_25"/>
			</nt>
			<nt id="s2_514" cat="pp">
				<edge label="H" idref="s2_23"/>
				<edge label="DP" idref="s2_24"/>
			</nt>
		</nonterminals>
	</graph>
</s>

<s id="s3" ref="3" source="Running text" forest="1" text="quando a nokia começou a vender seus modelos dual-chip pesquisei informações a começar por o c2 number e terminei encontrando este modelo que parecia ser o mais caro e também mais completo da série.">
	<graph root="s3_500">
		<terminals>
			<t id="s3_1" word="quando" lemma="quando" pos="adv" morph="--" extra="clb clb-fs rel ks"/>
			<t id="s3_2" word="a" lemma="ela" pos="pron-pers" morph="F 3S ACC" extra="--"/>
			<t id="s3_3" word="nokia" lemma="noker" pos="v-fin" morph="IMPF 3S IND VFIN" extra="foreign heur mv"/>
			<t id="s3_4" word="começou" lemma="começar" pos="v-fin" morph="PS 3S IND VFIN" extra="predco predco predco predco vH fmc aux"/>
			<t id="s3_5" word="a" lemma="a" pos="prp" morph="--" extra="--"/>
			<t id="s3_6" word="vender" lemma="vender" pos="v-inf" morph="--" extra="vH mv"/>
			<t id="s3_7" word="seus" lemma="seu" pos="pron-poss" morph="DET M P" extra="si poss 3S"/>
			<t id="s3_8" word="modelos" lemma="modelo" pos="n" morph="M P" sem="ac Hprof" extra="--"/>
			<t id="s3_9" word="dual-chip" lemma="dual-chip" pos="n" morph="M S" sem="cc" extra="--"/>
			<t id="s3_10" word="pesquisei" lemma="pesquisar" pos="v-fin" morph="PS 1S IND VFIN" extra="nosubj nosubj cjt-STA vH fmc mv"/>
			<t id="s3_11" word="informações" lemma="informação" pos="n" morph="F P" sem="ac" extra="--"/>
			<t id="s3_12" word="a" lemma="a" pos="prp" morph="--" extra="--"/>
			<t id="s3_13" word="começar" lemma="começar" pos="v-inf" morph="--" extra="vH mv"/>
			<t id="s3_14" word="por" lemma="por" pos="prp" morph="--" extra="sam-"/>
			<t id="s3_15" word="o" lemma="o" pos="art" morph="M S" extra="clb -sam artd"/>
			<t id="s3_16" word="c2" lemma="c2" pos="n" morph="M S" extra="foreign"/>
			<t id="s3_17" word="number" lemma="number" pos="v-inf" morph="3S" extra="heur mv"/>
			<t id="s3_18" word="e" lemma="e" pos="conj-c" morph="--" extra="topkc"/>
			<t id="s3_19" word="terminei" lemma="terminar" pos="v-fin" morph="PS 1S IND VFIN" extra="cjt-STA fmc aux"/>
			<t id="s3_20" word="encontrando" lemma="encontrar" pos="v-ger" morph="--" extra="clb vH mv"/>
			<t id="s3_21" word="este" lemma="este" pos="pron-dem" morph="DET M S" extra="dem"/>
			<t id="s3_22" word="modelo" lemma="modelo" pos="n" morph="M S" sem="ac Hprof" extra="--"/>
			<t id="s3_23" word="que" lemma="que" pos="spec" morph="M S" extra="clb clb-fs rel"/>
			<t id="s3_24" word="parecia" lemma="parecer" pos="v-fin" morph="IMPF 3S IND VFIN" extra="aux np-close"/>
			<t id="s3_25" word="ser" lemma="ser" pos="v-inf" morph="--" extra="vK mv"/>
			<t id="s3_26" word="o" lemma="o" pos="art" morph="M S" extra="--"/>
			<t id="s3_27" word="mais" lemma="mais" pos="adv" morph="--" extra="quant KOMP"/>
			<t id="s3_28" word="caro" lemma="caro" pos="adj" morph="M S" extra="cjt-head cjt-head-Cs n"/>
			<t id="s3_29" word="e" lemma="e" pos="conj-c" morph="--" extra="--"/>
			<t id="s3_30" word="também" lemma="também" pos="adv" morph="--" extra="--"/>
			<t id="s3_31" word="mais" lemma="mais" pos="adv" morph="--" extra="quant KOMP"/>
			<t id="s3_32" word="completo" lemma="completo" pos="adj" morph="M S" extra="cjt-Cs n nh"/>
			<t id="s3_33" word="de" lemma="de" pos="prp" morph="--" extra="sam- np-close"/>
			<t id="s3_34" word="a" lemma="o" pos="art" morph="F S" extra="-sam "/>
			<t id="s3_35" word="série" lemma="série" pos="n" morph="F S" sem="coll" extra="--"/>
			<t id="s3_36" word="." lemma="--" pos="pu" morph="--" extra="--"/>
		</terminals>

		<nonterminals>
			<nt id="s3_500" cat="s">
				<edge label="STA" idref="s3_501"/>
			</nt>
			<nt id="s3_501" cat="fcl">
				<edge label="fA" idref="s3_502"/>
				<edge label="X" idref="s3_503"/>
				<edge label="PU" idref="s3_36"/>
			</nt>
			<nt id="s3_502" cat="fcl">
				<edge label="fA" idref="s3_1"/>
				<edge label="Od" idref="s3_2"/>
				<edge label="P" idref="s3_3"/>
			</nt>
			<nt id="s3_503" cat="par">
				<edge label="CJT" idref="s3_504"/>
				<edge label="CJT" idref="s3_507"/>
				<edge label="CJT" idref="s3_511"/>
				<edge label="CO" idref="s3_18"/>
			</nt>
			<nt id="s3_504" cat="x">
				<edge label="P" idref="s3_505"/>
				<edge label="Od" idref="s3_506"/>
				<edge label="S" idref="s3_9"/>
			</nt>
			<nt id="s3_505" cat="vp">
				<edge label="Vaux" idref="s3_4"/>
				<edge label="SUBaux" idref="s3_5"/>
				<edge label="Vm" idref="s3_6"/>
			</nt>
			<nt id="s3_506" cat="np">
				<edge label="DN" idref="s3_7"/>
				<edge label="H" idref="s3_8"/>
			</nt>
			<nt id="s3_507" cat="x">
				<edge label="P" idref="s3_10"/>
				<edge label="Od" idref="s3_11"/>
				<edge label="fA" idref="s3_508"/>
			</nt>
			<nt id="s3_508" cat="pp">
				<edge label="H" idref="s3_12"/>
				<edge label="DP" idref="s3_509"/>
			</nt>
			<nt id="s3_509" cat="icl">
				<edge label="P" idref="s3_13"/>
				<edge label="fA" idref="s3_510"/>
			</nt>
			<nt id="s3_510" cat="pp">
				<edge label="H" idref="s3_14"/>
				<edge label="DP" idref="s3_17"/>
			</nt>
			<nt id="s3_511" cat="fcl">
				<edge label="S" idref="s3_512"/>
				<edge label="P" idref="s3_513"/>
				<edge label="Od" idref="s3_514"/>
			</nt>
			<nt id="s3_512" cat="np">
				<edge label="DN" idref="s3_15"/>
				<edge label="H" idref="s3_16"/>
			</nt>
			<nt id="s3_513" cat="vp">
				<edge label="Vaux" idref="s3_19"/>
				<edge label="Vm" idref="s3_20"/>
			</nt>
			<nt id="s3_514" cat="np">
				<edge label="DN" idref="s3_21"/>
				<edge label="H" idref="s3_22"/>
				<edge label="DN" idref="s3_515"/>
				<edge label="DN" idref="s3_519"/>
			</nt>
			<nt id="s3_515" cat="fcl">
				<edge label="S" idref="s3_23"/>
				<edge label="P" idref="s3_516"/>
				<edge label="Cs" idref="s3_517"/>
			</nt>
			<nt id="s3_516" cat="vp">
				<edge label="Vaux" idref="s3_24"/>
				<edge label="Vm" idref="s3_25"/>
			</nt>
			<nt id="s3_517" cat="par">
				<edge label="CJT" idref="s3_518"/>
				<edge label="CJT" idref="s3_520"/>
			</nt>
			<nt id="s3_518" cat="np">
				<edge label="DN" idref="s3_26"/>
				<edge label="DA" idref="s3_27"/>
				<edge label="H" idref="s3_28"/>
			</nt>
			<nt id="s3_519" cat="pp">
				<edge label="CO" idref="s3_29"/>
				<edge label="H" idref="s3_33"/>
				<edge label="DP" idref="s3_522"/>
			</nt>
			<nt id="s3_520" cat="adjp">
				<edge label="DA" idref="s3_521"/>
				<edge label="H" idref="s3_32"/>
			</nt>
			<nt id="s3_521" cat="advp">
				<edge label="DA" idref="s3_30"/>
				<edge label="H" idref="s3_31"/>
			</nt>
			<nt id="s3_522" cat="np">
				<edge label="DN" idref="s3_34"/>
				<edge label="H" idref="s3_35"/>
			</nt>
		</nonterminals>
	</graph>
</s>

<s id="s4" ref="4" source="Running text" forest="1" text="comprei o mesmo acreditando que seria um upgrade em relação a o meu c2 number por ter number chips e ser o mesmo s40 mais novo e com os mesmos aplicativos.">
	<graph root="s4_500">
		<terminals>
			<t id="s4_1" word="comprei" lemma="comprar" pos="v-fin" morph="PS 1S IND VFIN" extra="vH fmc mv"/>
			<t id="s4_2" word="o" lemma="o" pos="art" morph="M S" extra="--"/>
			<t id="s4_3" word="mesmo" lemma="mesmo" pos="pron-indef" morph="DET M S" extra="diff KOMP"/>
			<t id="s4_4" word="acreditando" lemma="acreditar" pos="v-ger" morph="--" extra="vH mv"/>
			<t id="s4_5" word="que" lemma="que" pos="conj-s" morph="--" extra="clb clb-fs"/>
			<t id="s4_6" word="seria" lemma="ser" pos="v-fin" morph="COND 1/3S VFIN" extra="vK mv"/>
			<t id="s4_7" word="um" lemma="um" pos="art" morph="M S" extra="--"/>
			<t id="s4_8" word="upgrade" lemma="upgrade" pos="n" morph="M S" sem="act" extra="--"/>
			<t id="s4_9" word="em_relação_a" lemma="em_relação_a" pos="prp" morph="--" extra="sam- np-close"/>
			<t id="s4_10" word="o" lemma="o" pos="art" morph="M S" extra=" -sam"/>
			<t id="s4_11" word="meu" lemma="meu" pos="pron-poss" morph="DET M S" extra="poss 1S"/>
			<t id="s4_12" word="c2" lemma="c2" pos="n" morph="M S" extra="foreign"/>
			<t id="s4_13" word="number" lemma="number" pos="v-inf" morph="3S" extra="heur mv"/>
			<t id="s4_14" word="por" lemma="por" pos="prp" morph="--" extra="--"/>
			<t id="s4_15" word="ter" lemma="ter" pos="v-inf" morph="--" extra="cjt-head cjt-head-DP mv"/>
			<t id="s4_16" word="number" lemma="number" pos="v-inf" morph="--" extra="heur mv"/>
			<t id="s4_17" word="chips" lemma="chip" pos="n" morph="M P" sem="cc" extra="clb"/>
			<t id="s4_18" word="e" lemma="e" pos="conj-c" morph="--" extra="--"/>
			<t id="s4_19" word="ser" lemma="ser" pos="v-inf" morph="--" extra="cjt-DP vK mv"/>
			<t id="s4_20" word="o" lemma="o" pos="art" morph="M S" extra="--"/>
			<t id="s4_21" word="mesmo" lemma="mesmo" pos="pron-indef" morph="DET M S" extra="cjt-head cjt-head-Cs diff KOMP"/>
			<t id="s4_22" word="s40" lemma="s40" pos="n" morph="M S" extra="cjt-Cs heur"/>
			<t id="s4_23" word="mais" lemma="mais" pos="adv" morph="--" extra="quant KOMP"/>
			<t id="s4_24" word="novo" lemma="novo" pos="adj" morph="M S" extra="np-close"/>
			<t id="s4_25" word="e" lemma="e" pos="conj-c" morph="--" extra="--"/>
			<t id="s4_26" word="com" lemma="com" pos="prp" morph="--" extra="cjt-Cs"/>
			<t id="s4_27" word="os" lemma="o" pos="art" morph="M P" extra="--"/>
			<t id="s4_28" word="mesmos" lemma="mesmo" pos="pron-indef" morph="DET M P" extra="diff KOMP"/>
			<t id="s4_29" word="aplicativos" lemma="aplicativo" pos="n" morph="M P" sem="sem-c" extra="--"/>
			<t id="s4_30" word="." lemma="--" pos="pu" morph="--" extra="--"/>
		</terminals>

		<nonterminals>
			<nt id="s4_500" cat="s">
				<edge label="STA" idref="s4_501"/>
			</nt>
			<nt id="s4_501" cat="fcl">
				<edge label="P" idref="s4_1"/>
				<edge label="DN" idref="s4_2"/>
				<edge label="Od" idref="s4_3"/>
				<edge label="fA" idref="s4_502"/>
				<edge label="PU" idref="s4_30"/>
			</nt>
			<nt id="s4_502" cat="advp">
				<edge label="P" idref="s4_4"/>
				<edge label="Od" idref="s4_503"/>
			</nt>
			<nt id="s4_503" cat="fcl">
				<edge label="SUB" idref="s4_5"/>
				<edge label="P" idref="s4_6"/>
				<edge label="Cs" idref="s4_504"/>
				<edge label="S" idref="s4_505"/>
			</nt>
			<nt id="s4_504" cat="np">
				<edge label="DN" idref="s4_7"/>
				<edge label="H" idref="s4_8"/>
				<edge label="DN" idref="s4_9"/>
			</nt>
			<nt id="s4_505" cat="fcl">
				<edge label="S" idref="s4_506"/>
				<edge label="P" idref="s4_13"/>
				<edge label="fA" idref="s4_507"/>
			</nt>
			<nt id="s4_506" cat="np">
				<edge label="DN" idref="s4_10"/>
				<edge label="DN" idref="s4_11"/>
				<edge label="H" idref="s4_12"/>
			</nt>
			<nt id="s4_507" cat="pp">
				<edge label="H" idref="s4_14"/>
				<edge label="DP" idref="s4_508"/>
			</nt>
			<nt id="s4_508" cat="par">
				<edge label="CJT" idref="s4_509"/>
				<edge label="CJT" idref="s4_510"/>
				<edge label="CO" idref="s4_18"/>
				<edge label="Cs" idref="s4_511"/>
			</nt>
			<nt id="s4_509" cat="icl">
				<edge label="P" idref="s4_15"/>
				<edge label="Od" idref="s4_16"/>
			</nt>
			<nt id="s4_510" cat="fcl">
				<edge label="S" idref="s4_17"/>
				<edge label="P" idref="s4_19"/>
			</nt>
			<nt id="s4_511" cat="par">
				<edge label="CJT" idref="s4_512"/>
			</nt>
			<nt id="s4_512" cat="adjp">
				<edge label="CJT" idref="s4_513"/>
				<edge label="CJT" idref="s4_515"/>
			</nt>
			<nt id="s4_513" cat="np">
				<edge label="DN" idref="s4_20"/>
				<edge label="H" idref="s4_21"/>
				<edge label="H" idref="s4_22"/>
				<edge label="DN" idref="s4_514"/>
				<edge label="CO" idref="s4_25"/>
			</nt>
			<nt id="s4_514" cat="adjp">
				<edge label="DA" idref="s4_23"/>
				<edge label="H" idref="s4_24"/>
			</nt>
			<nt id="s4_515" cat="pp">
				<edge label="H" idref="s4_26"/>
				<edge label="DP" idref="s4_516"/>
			</nt>
			<nt id="s4_516" cat="np">
				<edge label="DN" idref="s4_27"/>
				<edge label="DN" idref="s4_28"/>
				<edge label="H" idref="s4_29"/>
			</nt>
		</nonterminals>
	</graph>
</s>

<s id="s5" ref="5" source="Running text" forest="1" text="sabia que o aparelho não teria 3g e nem a banda americana mas isso seria tolerável.">
	<graph root="s5_500">
		<terminals>
			<t id="s5_1" word="sabia" lemma="saber" pos="v-fin" morph="IMPF 1/3S IND VFIN" extra="nosubj nosubj cjt-head cjt-head-STA fmc mv"/>
			<t id="s5_2" word="que" lemma="que" pos="conj-s" morph="--" extra="clb clb-fs"/>
			<t id="s5_3" word="o" lemma="o" pos="art" morph="M S" extra="--"/>
			<t id="s5_4" word="aparelho" lemma="aparelho" pos="n" morph="M S" sem="tool" extra="--"/>
			<t id="s5_5" word="não" lemma="não" pos="adv" morph="--" extra="--"/>
			<t id="s5_6" word="teria" lemma="ter" pos="v-fin" morph="COND 3S VFIN" extra="mv"/>
			<t id="s5_7" word="3g" lemma="3g" pos="num" morph="M/F P" extra="card"/>
			<t id="s5_8" word="e" lemma="e" pos="conj-c" morph="--" extra="--"/>
			<t id="s5_9" word="nem" lemma="nem" pos="adv" morph="--" extra="--"/>
			<t id="s5_10" word="a" lemma="o" pos="art" morph="F S" extra="--"/>
			<t id="s5_11" word="banda" lemma="banda" pos="n" morph="F S" sem="Labs cloH HH" extra="--"/>
			<t id="s5_12" word="americana" lemma="americano" pos="adj" morph="F S" extra="nat jh np-close"/>
			<t id="s5_13" word="mas" lemma="mas" pos="conj-c" morph="--" extra="topkc"/>
			<t id="s5_14" word="isso" lemma="isso" pos="spec" morph="M S" extra="dem"/>
			<t id="s5_15" word="seria" lemma="ser" pos="v-fin" morph="COND 3S VFIN" extra="cjt-STA vK fmc mv"/>
			<t id="s5_16" word="tolerável" lemma="tolerável" pos="adj" morph="M S" extra="nh"/>
			<t id="s5_17" word="." lemma="--" pos="pu" morph="--" extra="--"/>
		</terminals>

		<nonterminals>
			<nt id="s5_500" cat="s">
				<edge label="STA" idref="s5_501"/>
			</nt>
			<nt id="s5_501" cat="par">
				<edge label="CJT" idref="s5_502"/>
				<edge label="CJT" idref="s5_505"/>
				<edge label="CO" idref="s5_13"/>
				<edge label="PU" idref="s5_17"/>
			</nt>
			<nt id="s5_502" cat="fcl">
				<edge label="P" idref="s5_1"/>
				<edge label="Od" idref="s5_503"/>
			</nt>
			<nt id="s5_503" cat="np">
				<edge label="SUB" idref="s5_2"/>
				<edge label="S" idref="s5_504"/>
				<edge label="fA" idref="s5_5"/>
				<edge label="P" idref="s5_6"/>
				<edge label="DN" idref="s5_7"/>
			</nt>
			<nt id="s5_504" cat="np">
				<edge label="DN" idref="s5_3"/>
				<edge label="H" idref="s5_4"/>
			</nt>
			<nt id="s5_505" cat="fcl">
				<edge label="S" idref="s5_506"/>
				<edge label="S" idref="s5_14"/>
				<edge label="P" idref="s5_15"/>
				<edge label="Cs" idref="s5_16"/>
			</nt>
			<nt id="s5_506" cat="np">
				<edge label="DN" idref="s5_507"/>
				<edge label="DN" idref="s5_9"/>
				<edge label="DN" idref="s5_10"/>
				<edge label="H" idref="s5_11"/>
				<edge label="-DN" idref="s5_12"/>
			</nt>
			<nt id="s5_507" cat="adjp">
				<edge label="CO" idref="s5_8"/>
			</nt>
		</nonterminals>
	</graph>
</s>

<s id="s6" ref="6" source="Running text" forest="1" text="fiquei pouco mais de number semanas usando o aparelho e preferi voltar ao c2 number ficando apenas com number operadora ativa.">
	<graph root="s6_500">
		<terminals>
			<t id="s6_1" word="fiquei" lemma="ficar" pos="v-fin" morph="PS 1S IND VFIN" extra="nosubj nosubj cjt-head cjt-head-STA vK fmc mv"/>
			<t id="s6_2" word="pouco" lemma="pouco" pos="adv" morph="--" extra="quant"/>
			<t id="s6_3" word="mais" lemma="mais" pos="adv" morph="--" extra="quant KOMP"/>
			<t id="s6_4" word="de" lemma="de" pos="prp" morph="--" extra="--"/>
			<t id="s6_5" word="number" lemma="number" pos="v-inf" morph="--" extra="heur mv"/>
			<t id="s6_6" word="semanas" lemma="semana" pos="n" morph="F P" sem="dur" extra="--"/>
			<t id="s6_7" word="usando" lemma="usar" pos="v-ger" morph="--" extra="clb vH mv"/>
			<t id="s6_8" word="o" lemma="o" pos="art" morph="M S" extra="--"/>
			<t id="s6_9" word="aparelho" lemma="aparelho" pos="n" morph="M S" sem="tool" extra="--"/>
			<t id="s6_10" word="e" lemma="e" pos="conj-c" morph="--" extra="topkc"/>
			<t id="s6_11" word="preferi" lemma="preferir" pos="v-fin" morph="PS 1S IND VFIN" extra="nosubj nosubj cjt-STA vH fmc mv"/>
			<t id="s6_12" word="voltar" lemma="voltar" pos="v-inf" morph="--" extra="mv"/>
			<t id="s6_13" word="a" lemma="a" pos="prp" morph="--" extra="sam-"/>
			<t id="s6_14" word="o" lemma="o" pos="art" morph="M S" extra="-sam "/>
			<t id="s6_15" word="c2" lemma="c2" pos="n" morph="M S" extra="foreign"/>
			<t id="s6_16" word="number" lemma="number" pos="v-inf" morph="--" extra="heur mv"/>
			<t id="s6_17" word="ficando" lemma="ficar" pos="v-ger" morph="--" extra="vK mv np-close"/>
			<t id="s6_18" word="apenas" lemma="apenas" pos="adv" morph="--" extra="--"/>
			<t id="s6_19" word="com" lemma="com" pos="prp" morph="--" extra="--"/>
			<t id="s6_20" word="number" lemma="number" pos="v-inf" morph="--" extra="heur mv"/>
			<t id="s6_21" word="operadora" lemma="operadora" pos="n" morph="F S" sem="Hprof" extra="--"/>
			<t id="s6_22" word="ativa" lemma="ativo" pos="adj" morph="F S" extra="jh np-close"/>
			<t id="s6_23" word="." lemma="--" pos="pu" morph="--" extra="--"/>
		</terminals>

		<nonterminals>
			<nt id="s6_500" cat="s">
				<edge label="STA" idref="s6_501"/>
			</nt>
			<nt id="s6_501" cat="par">
				<edge label="CJT" idref="s6_502"/>
				<edge label="CJT" idref="s6_506"/>
				<edge label="CO" idref="s6_10"/>
				<edge label="PU" idref="s6_23"/>
			</nt>
			<nt id="s6_502" cat="fcl">
				<edge label="P" idref="s6_1"/>
				<edge label="fA" idref="s6_503"/>
				<edge label="Cs" idref="s6_504"/>
			</nt>
			<nt id="s6_503" cat="advp">
				<edge label="DA" idref="s6_2"/>
				<edge label="H" idref="s6_3"/>
			</nt>
			<nt id="s6_504" cat="pp">
				<edge label="H" idref="s6_4"/>
				<edge label="DP" idref="s6_505"/>
			</nt>
			<nt id="s6_505" cat="icl">
				<edge label="P" idref="s6_5"/>
				<edge label="Od" idref="s6_6"/>
			</nt>
			<nt id="s6_506" cat="x">
				<edge label="fA" idref="s6_507"/>
				<edge label="P" idref="s6_11"/>
				<edge label="Od" idref="s6_509"/>
			</nt>
			<nt id="s6_507" cat="advp">
				<edge label="P" idref="s6_7"/>
				<edge label="Od" idref="s6_508"/>
			</nt>
			<nt id="s6_508" cat="np">
				<edge label="DN" idref="s6_8"/>
				<edge label="H" idref="s6_9"/>
			</nt>
			<nt id="s6_509" cat="icl">
				<edge label="P" idref="s6_12"/>
				<edge label="Op" idref="s6_510"/>
				<edge label="fA" idref="s6_512"/>
			</nt>
			<nt id="s6_510" cat="pp">
				<edge label="H" idref="s6_13"/>
				<edge label="DP" idref="s6_511"/>
			</nt>
			<nt id="s6_511" cat="np">
				<edge label="DN" idref="s6_14"/>
				<edge label="H" idref="s6_15"/>
			</nt>
			<nt id="s6_512" cat="np">
				<edge label="P" idref="s6_16"/>
				<edge label="DN" idref="s6_513"/>
			</nt>
			<nt id="s6_513" cat="adjp">
				<edge label="P" idref="s6_17"/>
				<edge label="Cs" idref="s6_514"/>
			</nt>
			<nt id="s6_514" cat="pp">
				<edge label="DPmod" idref="s6_18"/>
				<edge label="H" idref="s6_19"/>
				<edge label="DP" idref="s6_515"/>
			</nt>
			<nt id="s6_515" cat="icl">
				<edge label="P" idref="s6_20"/>
				<edge label="Od" idref="s6_516"/>
			</nt>
			<nt id="s6_516" cat="np">
				<edge label="H" idref="s6_21"/>
				<edge label="DN" idref="s6_22"/>
			</nt>
		</nonterminals>
	</graph>
</s>

<s id="s7" ref="7" source="Running text" forest="1" text="gosto de aparelhos com as teclas numéricas e apenas mais algumas de navegação e rolagem, o celular precisa ser segurado com a palma da mão direita e &quot;teclado �com o dedão, neste modelo mesmo, pra mim o touchscreen é dispensável.">
	<graph root="s7_500">
		<terminals>
			<t id="s7_1" word="gosto" lemma="gosto" pos="n" morph="M S" sem="am" extra="--"/>
			<t id="s7_2" word="de" lemma="de" pos="prp" morph="--" extra="np-close"/>
			<t id="s7_3" word="aparelhos" lemma="aparelho" pos="n" morph="M P" sem="tool" extra="--"/>
			<t id="s7_4" word="com" lemma="com" pos="prp" morph="--" extra="np-close"/>
			<t id="s7_5" word="as" lemma="o" pos="art" morph="F P" extra="--"/>
			<t id="s7_6" word="teclas" lemma="tecla" pos="n" morph="F P" sem="tool" extra="cjt-head cjt-head-DP"/>
			<t id="s7_7" word="numéricas" lemma="numérico" pos="adj" morph="F P" extra="nh np-close"/>
			<t id="s7_8" word="e" lemma="e" pos="conj-c" morph="--" extra="--"/>
			<t id="s7_9" word="apenas" lemma="apenas" pos="adv" morph="--" extra="--"/>
			<t id="s7_10" word="mais" lemma="mais" pos="adv" morph="--" extra="--"/>
			<t id="s7_11" word="algumas" lemma="algum" pos="pron-indef" morph="DET F P" extra="cjt-DP quant"/>
			<t id="s7_12" word="de" lemma="de" pos="prp" morph="--" extra="np-close"/>
			<t id="s7_13" word="navegação" lemma="navegação" pos="n" morph="F S" sem="act" extra="cjt-head cjt-head-DP"/>
			<t id="s7_14" word="e" lemma="e" pos="conj-c" morph="--" extra="--"/>
			<t id="s7_15" word="rolagem" lemma="rolagem" pos="n" morph="F S" sem="activity" extra="cjt-DP"/>
			<t id="s7_16" word="," lemma="--" pos="pu" morph="--" extra="--"/>
			<t id="s7_17" word="o" lemma="o" pos="art" morph="M S" extra="--"/>
			<t id="s7_18" word="celular" lemma="celular" pos="adj" morph="M S" extra="n nh"/>
			<t id="s7_19" word="precisa" lemma="precisar" pos="v-fin" morph="PR 3S IND VFIN" extra="cjt-head cjt-head-STA fmc mv"/>
			<t id="s7_20" word="ser" lemma="ser" pos="v-inf" morph="--" extra="vK mv"/>
			<t id="s7_21" word="segurado" lemma="segurado" pos="n" morph="M S" sem="H" extra="--"/>
			<t id="s7_22" word="com" lemma="com" pos="prp" morph="--" extra="np-close"/>
			<t id="s7_23" word="a" lemma="o" pos="art" morph="F S" extra="--"/>
			<t id="s7_24" word="palma_da_mão" lemma="palma_da_mão" pos="n" morph="F S" sem="an" extra="--"/>
			<t id="s7_25" word="direita" lemma="direito" pos="adj" morph="F S" extra="np-close"/>
			<t id="s7_26" word="e" lemma="e" pos="conj-c" morph="--" extra="--"/>
			<t id="s7_27" word="&quot;" lemma="--" pos="pu" morph="--" extra="--"/>
			<t id="s7_28" word="teclado" lemma="teclar" pos="v-pcp" morph="M S" extra="vH"/>
			<t id="s7_29" word="&quot;" lemma="--" pos="pu" morph="--" extra="--"/>
			<t id="s7_30" word="com" lemma="com" pos="prp" morph="--" extra="--"/>
			<t id="s7_31" word="o" lemma="o" pos="art" morph="M S" extra="--"/>
			<t id="s7_32" word="dedão" lemma="dedão" pos="n" morph="M S" sem="anmov" extra="--"/>
			<t id="s7_33" word="," lemma="--" pos="pu" morph="--" extra="--"/>
			<t id="s7_34" word="em" lemma="em" pos="prp" morph="--" extra="sam-"/>
			<t id="s7_35" word="este" lemma="este" pos="pron-dem" morph="DET M S" extra="-sam dem"/>
			<t id="s7_36" word="modelo" lemma="modelo" pos="n" morph="M S" sem="ac Hprof" extra="--"/>
			<t id="s7_37" word="mesmo" lemma="mesmo" pos="pron-indef" morph="DET M S" extra="ident np-close"/>
			<t id="s7_38" word="," lemma="--" pos="pu" morph="--" extra="--"/>
			<t id="s7_39" word="pra" lemma="para" pos="prp" morph="--" extra="--"/>
			<t id="s7_40" word="mim" lemma="eu" pos="pron-pers" morph="M/F 1S PIV" extra="--"/>
			<t id="s7_41" word="o" lemma="o" pos="art" morph="M S" extra="--"/>
			<t id="s7_42" word="touchscreen" lemma="touchscreen" pos="n" morph="M S" extra="foreign heur"/>
			<t id="s7_43" word="é" lemma="ser" pos="v-fin" morph="PR 3S IND VFIN" extra="cjt-STA vK fmc mv"/>
			<t id="s7_44" word="dispensável" lemma="dispensável" pos="adj" morph="M S" extra="--"/>
			<t id="s7_45" word="." lemma="--" pos="pu" morph="--" extra="--"/>
		</terminals>

		<nonterminals>
			<nt id="s7_500" cat="s">
				<edge label="STA" idref="s7_501"/>
			</nt>
			<nt id="s7_501" cat="par">
				<edge label="CJT" idref="s7_502"/>
				<edge label="CJT" idref="s7_516"/>
				<edge label="PU" idref="s7_45"/>
			</nt>
			<nt id="s7_502" cat="fcl">
				<edge label="S" idref="s7_503"/>
				<edge label="fA" idref="s7_510"/>
				<edge label="PU" idref="s7_16"/>
				<edge label="Od" idref="s7_512"/>
				<edge label="S" idref="s7_18"/>
				<edge label="P" idref="s7_19"/>
			</nt>
			<nt id="s7_503" cat="np">
				<edge label="H" idref="s7_1"/>
				<edge label="DN" idref="s7_504"/>
			</nt>
			<nt id="s7_504" cat="pp">
				<edge label="H" idref="s7_2"/>
				<edge label="DP" idref="s7_505"/>
			</nt>
			<nt id="s7_505" cat="np">
				<edge label="H" idref="s7_3"/>
				<edge label="DN" idref="s7_506"/>
			</nt>
			<nt id="s7_506" cat="pp">
				<edge label="H" idref="s7_4"/>
				<edge label="DP" idref="s7_507"/>
			</nt>
			<nt id="s7_507" cat="par">
				<edge label="CJT" idref="s7_508"/>
				<edge label="CJT" idref="s7_11"/>
			</nt>
			<nt id="s7_508" cat="np">
				<edge label="DN" idref="s7_5"/>
				<edge label="H" idref="s7_6"/>
				<edge label="DN" idref="s7_7"/>
				<edge label="DN" idref="s7_509"/>
			</nt>
			<nt id="s7_509" cat="pp">
				<edge label="CO" idref="s7_8"/>
				<edge label="H" idref="s7_12"/>
				<edge label="DP" idref="s7_511"/>
			</nt>
			<nt id="s7_510" cat="advp">
				<edge label="DA" idref="s7_9"/>
				<edge label="H" idref="s7_10"/>
			</nt>
			<nt id="s7_511" cat="par">
				<edge label="CJT" idref="s7_13"/>
				<edge label="CO" idref="s7_14"/>
				<edge label="CJT" idref="s7_15"/>
			</nt>
			<nt id="s7_512" cat="icl">
				<edge label="Cs" idref="s7_513"/>
				<edge label="P" idref="s7_20"/>
			</nt>
			<nt id="s7_513" cat="np">
				<edge label="DN" idref="s7_17"/>
				<edge label="H" idref="s7_21"/>
				<edge label="DN" idref="s7_514"/>
			</nt>
			<nt id="s7_514" cat="pp">
				<edge label="H" idref="s7_22"/>
				<edge label="DP" idref="s7_515"/>
			</nt>
			<nt id="s7_515" cat="np">
				<edge label="DN" idref="s7_23"/>
				<edge label="H" idref="s7_24"/>
				<edge label="DN" idref="s7_25"/>
			</nt>
			<nt id="s7_516" cat="fcl">
				<edge label="fA" idref="s7_517"/>
				<edge label="PU" idref="s7_27"/>
				<edge label="fCs" idref="s7_28"/>
				<edge label="PU" idref="s7_29"/>
				<edge label="fA" idref="s7_520"/>
				<edge label="PU" idref="s7_38"/>
				<edge label="fA" idref="s7_523"/>
				<edge label="S" idref="s7_524"/>
				<edge label="P" idref="s7_43"/>
				<edge label="Cs" idref="s7_44"/>
			</nt>
			<nt id="s7_517" cat="pp">
				<edge label="DP" idref="s7_518"/>
			</nt>
			<nt id="s7_518" cat="np">
				<edge label="DN" idref="s7_519"/>
			</nt>
			<nt id="s7_519" cat="adjp">
				<edge label="CO" idref="s7_26"/>
			</nt>
			<nt id="s7_520" cat="pp">
				<edge label="H" idref="s7_30"/>
				<edge label="DP" idref="s7_521"/>
				<edge label="PU" idref="s7_33"/>
				<edge label="H" idref="s7_34"/>
				<edge label="DP" idref="s7_522"/>
			</nt>
			<nt id="s7_521" cat="np">
				<edge label="DN" idref="s7_31"/>
				<edge label="H" idref="s7_32"/>
			</nt>
			<nt id="s7_522" cat="np">
				<edge label="DN" idref="s7_35"/>
				<edge label="H" idref="s7_36"/>
				<edge label="-DN" idref="s7_37"/>
			</nt>
			<nt id="s7_523" cat="pp">
				<edge label="H" idref="s7_39"/>
				<edge label="DP" idref="s7_40"/>
			</nt>
			<nt id="s7_524" cat="np">
				<edge label="DN" idref="s7_41"/>
				<edge label="H" idref="s7_42"/>
			</nt>
		</nonterminals>
	</graph>
</s>

<s id="s8" ref="8" source="Running text" forest="1" text="esse era o motivo a me forçar a compra dos modelos nokia, no caso deste aparelho assim que comecei a usar senti a enorme falta das teclas de navegação és/ adir.">
	<graph root="s8_500">
		<terminals>
			<t id="s8_1" word="esse" lemma="esse" pos="pron-dem" morph="DET M S" extra="dem"/>
			<t id="s8_2" word="era" lemma="ser" pos="v-fin" morph="IMPF 3S IND VFIN" extra="nosubj nosubj cjt-head cjt-head-STA vK fmc mv"/>
			<t id="s8_3" word="o" lemma="o" pos="art" morph="M S" extra="--"/>
			<t id="s8_4" word="motivo" lemma="motivo" pos="n" morph="M S" sem="ac" extra="cjt-head cjt-head-Cs"/>
			<t id="s8_5" word="a" lemma="a" pos="prp" morph="--" extra="--"/>
			<t id="s8_6" word="me" lemma="eu" pos="pron-pers" morph="M/F 1S DAT" extra="refl"/>
			<t id="s8_7" word="forçar" lemma="forçar" pos="v-inf" morph="--" extra="vH mv"/>
			<t id="s8_8" word="a" lemma="o" pos="art" morph="F S" extra="--"/>
			<t id="s8_9" word="compra" lemma="compra" pos="n" morph="F S" sem="act cc" extra="cjt-head cjt-head-Od"/>
			<t id="s8_10" word="de" lemma="de" pos="prp" morph="--" extra="sam- np-close"/>
			<t id="s8_11" word="os" lemma="o" pos="art" morph="M P" extra="-sam "/>
			<t id="s8_12" word="modelos" lemma="modelo" pos="n" morph="M P" sem="ac Hprof" extra="--"/>
			<t id="s8_13" word="nokia" lemma="nokia" pos="n" morph="F S" extra="cjt-Od heur foreign"/>
			<t id="s8_14" word="," lemma="--" pos="pu" morph="--" extra="--"/>
			<t id="s8_15" word="em" lemma="em" pos="prp" morph="--" extra="sam-"/>
			<t id="s8_16" word="o" lemma="o" pos="art" morph="M S" extra="-sam "/>
			<t id="s8_17" word="caso" lemma="caso" pos="n" morph="M S" sem="event ac-cat sem" extra="--"/>
			<t id="s8_18" word="de" lemma="de" pos="prp" morph="--" extra="sam- np-close"/>
			<t id="s8_19" word="este" lemma="este" pos="pron-dem" morph="DET M S" extra="dem -sam"/>
			<t id="s8_20" word="aparelho" lemma="aparelho" pos="n" morph="M S" sem="tool" extra="--"/>
			<t id="s8_21" word="assim_que" lemma="assim_que" pos="adv" morph="--" extra="clb clb-fs ks rel"/>
			<t id="s8_22" word="comecei" lemma="começar" pos="v-fin" morph="PS 1S IND VFIN" extra="vH aux np-close"/>
			<t id="s8_23" word="a" lemma="a" pos="prp" morph="--" extra="--"/>
			<t id="s8_24" word="usar" lemma="usar" pos="v-inf" morph="--" extra="vH mv"/>
			<t id="s8_25" word="senti" lemma="sentir" pos="v-fin" morph="PS 1S IND VFIN" extra="nosubj nosubj cjt-STA vH fmc mv"/>
			<t id="s8_26" word="a" lemma="o" pos="art" morph="F S" extra="--"/>
			<t id="s8_27" word="enorme" lemma="enorme" pos="adj" morph="F S" extra="--"/>
			<t id="s8_28" word="falta" lemma="falta" pos="n" morph="F S" sem="f-c sit event" extra="--"/>
			<t id="s8_29" word="de" lemma="de" pos="prp" morph="--" extra="sam- np-close"/>
			<t id="s8_30" word="as" lemma="o" pos="art" morph="F P" extra="-sam "/>
			<t id="s8_31" word="teclas" lemma="tecla" pos="n" morph="F P" sem="tool" extra="--"/>
			<t id="s8_32" word="de" lemma="de" pos="prp" morph="--" extra="np-long"/>
			<t id="s8_33" word="navegação" lemma="navegação" pos="n" morph="F S" sem="act" extra="--"/>
			<t id="s8_34" word="és" lemma="ser" pos="v-fin" morph="PR 2S IND VFIN" extra="nosubj nosubj cjt-STA fmc mv"/>
			<t id="s8_35" word="/" lemma="$/" pos="conj-c" morph="--" extra="co-inf"/>
			<t id="s8_36" word="adir" lemma="adir" pos="v-inf" morph="--" extra="cjt-Cs vH mv"/>
			<t id="s8_37" word="." lemma="--" pos="pu" morph="--" extra="--"/>
		</terminals>

		<nonterminals>
			<nt id="s8_500" cat="s">
				<edge label="STA" idref="s8_501"/>
			</nt>
			<nt id="s8_501" cat="par">
				<edge label="CJT" idref="s8_502"/>
				<edge label="CJT" idref="s8_517"/>
				<edge label="CJT" idref="s8_34"/>
				<edge label="PU" idref="s8_37"/>
			</nt>
			<nt id="s8_502" cat="fcl">
				<edge label="S" idref="s8_1"/>
				<edge label="P" idref="s8_2"/>
				<edge label="Cs" idref="s8_503"/>
				<edge label="fA" idref="s8_505"/>
			</nt>
			<nt id="s8_503" cat="par">
				<edge label="CJT" idref="s8_504"/>
			</nt>
			<nt id="s8_504" cat="np">
				<edge label="DN" idref="s8_3"/>
				<edge label="H" idref="s8_4"/>
			</nt>
			<nt id="s8_505" cat="pp">
				<edge label="H" idref="s8_5"/>
				<edge label="DP" idref="s8_506"/>
			</nt>
			<nt id="s8_506" cat="icl">
				<edge label="Oi" idref="s8_6"/>
				<edge label="P" idref="s8_7"/>
				<edge label="Od" idref="s8_507"/>
				<edge label="PU" idref="s8_14"/>
				<edge label="fA" idref="s8_511"/>
				<edge label="fA" idref="s8_515"/>
			</nt>
			<nt id="s8_507" cat="par">
				<edge label="CJT" idref="s8_508"/>
				<edge label="CJT" idref="s8_13"/>
			</nt>
			<nt id="s8_508" cat="np">
				<edge label="DN" idref="s8_8"/>
				<edge label="H" idref="s8_9"/>
				<edge label="DN" idref="s8_509"/>
			</nt>
			<nt id="s8_509" cat="pp">
				<edge label="H" idref="s8_10"/>
				<edge label="DP" idref="s8_510"/>
			</nt>
			<nt id="s8_510" cat="np">
				<edge label="DN" idref="s8_11"/>
				<edge label="H" idref="s8_12"/>
			</nt>
			<nt id="s8_511" cat="pp">
				<edge label="H" idref="s8_15"/>
				<edge label="DP" idref="s8_512"/>
			</nt>
			<nt id="s8_512" cat="np">
				<edge label="DN" idref="s8_16"/>
				<edge label="H" idref="s8_17"/>
				<edge label="DN" idref="s8_513"/>
			</nt>
			<nt id="s8_513" cat="pp">
				<edge label="H" idref="s8_18"/>
				<edge label="DP" idref="s8_514"/>
			</nt>
			<nt id="s8_514" cat="np">
				<edge label="DN" idref="s8_19"/>
				<edge label="H" idref="s8_20"/>
			</nt>
			<nt id="s8_515" cat="fcl">
				<edge label="fA" idref="s8_21"/>
				<edge label="P" idref="s8_516"/>
			</nt>
			<nt id="s8_516" cat="vp">
				<edge label="Vaux" idref="s8_22"/>
				<edge label="SUBaux" idref="s8_23"/>
				<edge label="Vm" idref="s8_24"/>
			</nt>
			<nt id="s8_517" cat="x">
				<edge label="P" idref="s8_25"/>
				<edge label="Od" idref="s8_518"/>
			</nt>
			<nt id="s8_518" cat="np">
				<edge label="DN" idref="s8_26"/>
				<edge label="DN" idref="s8_27"/>
				<edge label="H" idref="s8_28"/>
				<edge label="DN" idref="s8_519"/>
				<edge label="DN" idref="s8_521"/>
				<edge label="CO" idref="s8_35"/>
				<edge label="CJT" idref="s8_36"/>
			</nt>
			<nt id="s8_519" cat="pp">
				<edge label="H" idref="s8_29"/>
				<edge label="DP" idref="s8_520"/>
			</nt>
			<nt id="s8_520" cat="np">
				<edge label="DN" idref="s8_30"/>
				<edge label="H" idref="s8_31"/>
			</nt>
			<nt id="s8_521" cat="pp">
				<edge label="H" idref="s8_32"/>
				<edge label="DP" idref="s8_33"/>
			</nt>
		</nonterminals>
	</graph>
</s>

<s id="s9" ref="9" source="Running text" forest="1" text="notei que em modelos mais novos a nokia fez a mesma coisa asha202 por exemplo.">
	<graph root="s9_500">
		<terminals>
			<t id="s9_1" word="notei" lemma="notar" pos="v-fin" morph="PS 1S IND VFIN" extra="vH fmc mv"/>
			<t id="s9_2" word="que" lemma="que" pos="conj-s" morph="--" extra="clb clb-fs"/>
			<t id="s9_3" word="em" lemma="em" pos="prp" morph="--" extra="--"/>
			<t id="s9_4" word="modelos" lemma="modelo" pos="n" morph="M P" sem="ac Hprof" extra="--"/>
			<t id="s9_5" word="mais" lemma="mais" pos="adv" morph="--" extra="quant KOMP"/>
			<t id="s9_6" word="novos" lemma="novo" pos="adj" morph="M P" extra="jh np-close"/>
			<t id="s9_7" word="a" lemma="o" pos="art" morph="F S" extra="--"/>
			<t id="s9_8" word="nokia" lemma="nokia" pos="n" morph="F S" extra="heur foreign"/>
			<t id="s9_9" word="fez" lemma="fazer" pos="v-fin" morph="PS 3S IND VFIN" extra="mv"/>
			<t id="s9_10" word="a" lemma="o" pos="art" morph="F S" extra="--"/>
			<t id="s9_11" word="mesma" lemma="mesmo" pos="pron-indef" morph="DET F S" extra="diff KOMP"/>
			<t id="s9_12" word="coisa" lemma="coisa" pos="n" morph="F S" sem="cc ac" extra="--"/>
			<t id="s9_13" word="asha202" lemma="asha202" pos="n" morph="M S" extra="heur"/>
			<t id="s9_14" word="por_exemplo" lemma="por_exemplo" pos="adv" morph="--" extra="--"/>
			<t id="s9_15" word="." lemma="--" pos="pu" morph="--" extra="--"/>
		</terminals>

		<nonterminals>
			<nt id="s9_500" cat="s">
				<edge label="STA" idref="s9_501"/>
			</nt>
			<nt id="s9_501" cat="fcl">
				<edge label="P" idref="s9_1"/>
				<edge label="Od" idref="s9_502"/>
				<edge label="PU" idref="s9_15"/>
			</nt>
			<nt id="s9_502" cat="fcl">
				<edge label="SUB" idref="s9_2"/>
				<edge label="fA" idref="s9_503"/>
				<edge label="S" idref="s9_506"/>
				<edge label="P" idref="s9_9"/>
				<edge label="Od" idref="s9_507"/>
				<edge label="Co" idref="s9_13"/>
				<edge label="fA" idref="s9_14"/>
			</nt>
			<nt id="s9_503" cat="pp">
				<edge label="H" idref="s9_3"/>
				<edge label="DP" idref="s9_504"/>
			</nt>
			<nt id="s9_504" cat="np">
				<edge label="H" idref="s9_4"/>
				<edge label="DN" idref="s9_505"/>
			</nt>
			<nt id="s9_505" cat="adjp">
				<edge label="DA" idref="s9_5"/>
				<edge label="H" idref="s9_6"/>
			</nt>
			<nt id="s9_506" cat="np">
				<edge label="DN" idref="s9_7"/>
				<edge label="H" idref="s9_8"/>
			</nt>
			<nt id="s9_507" cat="np">
				<edge label="DN" idref="s9_10"/>
				<edge label="DN" idref="s9_11"/>
				<edge label="H" idref="s9_12"/>
			</nt>
		</nonterminals>
	</graph>
</s>

<s id="s10" ref="10" source="Running text" forest="1" text="provavelmente não voltarei a comprar novos aparelhos da nokia pois já percebi que no mercado de dual-chip pecaram demais na qualidade e forçaram o lançamento destes aparelhos que são caros demais mas não trazem tantos benefícios e a qualidade das fabricantes concorrentes.">
	<graph root="s10_500">
		<terminals>
			<t id="s10_1" word="provavelmente" lemma="provavelmente" pos="adv" morph="--" extra="--"/>
			<t id="s10_2" word="não" lemma="não" pos="adv" morph="--" extra="--"/>
			<t id="s10_3" word="voltarei" lemma="voltar" pos="v-fin" morph="FUT 1S IND VFIN" extra="nosubj nosubj nosubj nosubj cjt-head cjt-head-STA fmc aux"/>
			<t id="s10_4" word="a" lemma="a" pos="prp" morph="--" extra="--"/>
			<t id="s10_5" word="comprar" lemma="comprar" pos="v-inf" morph="--" extra="vH mv"/>
			<t id="s10_6" word="novos" lemma="novo" pos="adj" morph="M P" extra="--"/>
			<t id="s10_7" word="aparelhos" lemma="aparelho" pos="n" morph="M P" sem="tool" extra="--"/>
			<t id="s10_8" word="de" lemma="de" pos="prp" morph="--" extra="sam- np-close"/>
			<t id="s10_9" word="a" lemma="o" pos="art" morph="F S" extra="-sam "/>
			<t id="s10_10" word="nokia" lemma="nokia" pos="n" morph="F S" extra="heur foreign"/>
			<t id="s10_11" word="pois" lemma="pois" pos="adv" morph="--" extra="kc"/>
			<t id="s10_12" word="já" lemma="já" pos="adv" morph="--" extra="--"/>
			<t id="s10_13" word="percebi" lemma="perceber" pos="v-fin" morph="PS 1S IND VFIN" extra="nosubj nosubj cjt-STA vH fmc mv"/>
			<t id="s10_14" word="que" lemma="que" pos="conj-s" morph="--" extra="clb clb-fs"/>
			<t id="s10_15" word="em" lemma="em" pos="prp" morph="--" extra="sam-"/>
			<t id="s10_16" word="o" lemma="o" pos="art" morph="M S" extra="-sam "/>
			<t id="s10_17" word="mercado" lemma="mercado" pos="n" morph="M S" sem="inst" extra="--"/>
			<t id="s10_18" word="de" lemma="de" pos="prp" morph="--" extra="np-close"/>
			<t id="s10_19" word="dual-chip" lemma="dual-chip" pos="n" morph="M S" sem="cc" extra="--"/>
			<t id="s10_20" word="pecaram" lemma="pecar" pos="v-fin" morph="PS/MQP 3P IND VFIN" extra="vH mv"/>
			<t id="s10_21" word="demais" lemma="demais" pos="adv" morph="--" extra="quant"/>
			<t id="s10_22" word="em" lemma="em" pos="prp" morph="--" extra="sam-"/>
			<t id="s10_23" word="a" lemma="o" pos="art" morph="F S" extra="-sam "/>
			<t id="s10_24" word="qualidade" lemma="qualidade" pos="n" morph="F S" sem="percep-f f-c" extra="--"/>
			<t id="s10_25" word="e" lemma="e" pos="conj-c" morph="--" extra="--"/>
			<t id="s10_26" word="forçaram" lemma="forçar" pos="v-fin" morph="PS/MQP 3P IND VFIN" extra="vH fmc mv"/>
			<t id="s10_27" word="o" lemma="o" pos="art" morph="M S" extra="--"/>
			<t id="s10_28" word="lançamento" lemma="lançamento" pos="n" morph="M S" sem="act" extra="--"/>
			<t id="s10_29" word="de" lemma="de" pos="prp" morph="--" extra="sam- np-close"/>
			<t id="s10_30" word="estes" lemma="este" pos="pron-dem" morph="DET M P" extra="dem -sam"/>
			<t id="s10_31" word="aparelhos" lemma="aparelho" pos="n" morph="M P" sem="tool" extra="--"/>
			<t id="s10_32" word="que" lemma="que" pos="spec" morph="M S" extra="clb clb-fs rel"/>
			<t id="s10_33" word="são" lemma="ser" pos="v-fin" morph="PR 3P IND VFIN" extra="vK mv np-close"/>
			<t id="s10_34" word="caros" lemma="caro" pos="adj" morph="M P" extra="--"/>
			<t id="s10_35" word="demais" lemma="demais" pos="adv" morph="--" extra="quant"/>
			<t id="s10_36" word="mas" lemma="mas" pos="conj-c" morph="--" extra="--"/>
			<t id="s10_37" word="não" lemma="não" pos="adv" morph="--" extra="--"/>
			<t id="s10_38" word="trazem" lemma="trazer" pos="v-fin" morph="PR 3P IND VFIN" extra="nosubj nosubj cjt-STA fmc mv"/>
			<t id="s10_39" word="tantos" lemma="tanto" pos="pron-indef" morph="DET M P" extra="quant KOMP"/>
			<t id="s10_40" word="benefícios" lemma="benefício" pos="n" morph="M P" sem="act-d mon" extra="cjt-head cjt-head-Od"/>
			<t id="s10_41" word="e" lemma="e" pos="conj-c" morph="--" extra="--"/>
			<t id="s10_42" word="a" lemma="o" pos="art" morph="F S" extra="--"/>
			<t id="s10_43" word="qualidade" lemma="qualidade" pos="n" morph="F S" sem="percep-f f-c" extra="cjt-Od"/>
			<t id="s10_44" word="de" lemma="de" pos="prp" morph="--" extra="sam- np-close"/>
			<t id="s10_45" word="as" lemma="o" pos="art" morph="F P" extra="-sam "/>
			<t id="s10_46" word="fabricantes" lemma="fabricante" pos="n" morph="F P" sem="Hprof" extra="--"/>
			<t id="s10_47" word="concorrentes" lemma="concorrente" pos="adj" morph="F P" extra="jh np-close"/>
			<t id="s10_48" word="." lemma="--" pos="pu" morph="--" extra="--"/>
		</terminals>

		<nonterminals>
			<nt id="s10_500" cat="s">
				<edge label="STA" idref="s10_501"/>
			</nt>
			<nt id="s10_501" cat="par">
				<edge label="CJT" idref="s10_502"/>
				<edge label="CJT" idref="s10_507"/>
				<edge label="CJT" idref="s10_520"/>
				<edge label="PU" idref="s10_48"/>
			</nt>
			<nt id="s10_502" cat="fcl">
				<edge label="fA" idref="s10_1"/>
				<edge label="fA" idref="s10_2"/>
				<edge label="P" idref="s10_503"/>
				<edge label="Od" idref="s10_504"/>
			</nt>
			<nt id="s10_503" cat="vp">
				<edge label="Vaux" idref="s10_3"/>
				<edge label="SUBaux" idref="s10_4"/>
				<edge label="Vm" idref="s10_5"/>
			</nt>
			<nt id="s10_504" cat="np">
				<edge label="DN" idref="s10_6"/>
				<edge label="H" idref="s10_7"/>
				<edge label="DN" idref="s10_505"/>
			</nt>
			<nt id="s10_505" cat="pp">
				<edge label="H" idref="s10_8"/>
				<edge label="DP" idref="s10_506"/>
			</nt>
			<nt id="s10_506" cat="np">
				<edge label="DN" idref="s10_9"/>
				<edge label="H" idref="s10_10"/>
			</nt>
			<nt id="s10_507" cat="x">
				<edge label="fA" idref="s10_11"/>
				<edge label="fA" idref="s10_12"/>
				<edge label="P" idref="s10_13"/>
				<edge label="Od" idref="s10_508"/>
			</nt>
			<nt id="s10_508" cat="fcl">
				<edge label="SUB" idref="s10_14"/>
				<edge label="fA" idref="s10_509"/>
				<edge label="P" idref="s10_20"/>
				<edge label="fA" idref="s10_21"/>
				<edge label="fA" idref="s10_512"/>
				<edge label="Od" idref="s10_514"/>
			</nt>
			<nt id="s10_509" cat="pp">
				<edge label="H" idref="s10_15"/>
				<edge label="DP" idref="s10_510"/>
			</nt>
			<nt id="s10_510" cat="np">
				<edge label="DN" idref="s10_16"/>
				<edge label="H" idref="s10_17"/>
				<edge label="DN" idref="s10_511"/>
			</nt>
			<nt id="s10_511" cat="pp">
				<edge label="H" idref="s10_18"/>
				<edge label="DP" idref="s10_19"/>
			</nt>
			<nt id="s10_512" cat="pp">
				<edge label="H" idref="s10_22"/>
				<edge label="DP" idref="s10_513"/>
			</nt>
			<nt id="s10_513" cat="np">
				<edge label="DN" idref="s10_23"/>
				<edge label="H" idref="s10_24"/>
				<edge label="CO" idref="s10_25"/>
			</nt>
			<nt id="s10_514" cat="fcl">
				<edge label="P" idref="s10_26"/>
				<edge label="Od" idref="s10_515"/>
			</nt>
			<nt id="s10_515" cat="np">
				<edge label="DN" idref="s10_27"/>
				<edge label="H" idref="s10_28"/>
				<edge label="DN" idref="s10_516"/>
			</nt>
			<nt id="s10_516" cat="pp">
				<edge label="H" idref="s10_29"/>
				<edge label="DP" idref="s10_517"/>
			</nt>
			<nt id="s10_517" cat="np">
				<edge label="DN" idref="s10_30"/>
				<edge label="H" idref="s10_31"/>
				<edge label="DN" idref="s10_518"/>
				<edge label="CO" idref="s10_36"/>
			</nt>
			<nt id="s10_518" cat="fcl">
				<edge label="S" idref="s10_32"/>
				<edge label="P" idref="s10_33"/>
				<edge label="Cs" idref="s10_519"/>
			</nt>
			<nt id="s10_519" cat="adjp">
				<edge label="H" idref="s10_34"/>
				<edge label="DA" idref="s10_35"/>
			</nt>
			<nt id="s10_520" cat="x">
				<edge label="fA" idref="s10_37"/>
				<edge label="P" idref="s10_38"/>
				<edge label="Od" idref="s10_521"/>
			</nt>
			<nt id="s10_521" cat="par">
				<edge label="CJT" idref="s10_522"/>
				<edge label="CJT" idref="s10_523"/>
			</nt>
			<nt id="s10_522" cat="np">
				<edge label="DN" idref="s10_39"/>
				<edge label="H" idref="s10_40"/>
			</nt>
			<nt id="s10_523" cat="np">
				<edge label="DN" idref="s10_524"/>
				<edge label="DN" idref="s10_42"/>
				<edge label="H" idref="s10_43"/>
				<edge label="-DN" idref="s10_44"/>
			</nt>
			<nt id="s10_524" cat="pp">
				<edge label="CO" idref="s10_41"/>
				<edge label="DP" idref="s10_525"/>
			</nt>
			<nt id="s10_525" cat="np">
				<edge label="DN" idref="s10_45"/>
				<edge label="H" idref="s10_46"/>
				<edge label="DN" idref="s10_47"/>
			</nt>
		</nonterminals>
	</graph>
</s>

<s id="s11" ref="11" source="Running text" forest="1" text="o que gostei number dual chip e com hot swap number nokia mapas calcula posição atual do aparelho.">
	<graph root="s11_500">
		<terminals>
			<t id="s11_1" word="o" lemma="o" pos="pron-dem" morph="DET M S" extra="dem"/>
			<t id="s11_2" word="que" lemma="que" pos="spec" morph="M S" extra="clb clb-fs rel"/>
			<t id="s11_3" word="gostei" lemma="gostar" pos="v-fin" morph="PS 1S IND VFIN" extra="vH mv np-close"/>
			<t id="s11_4" word="number" lemma="number" pos="n" morph="M S" extra="clb heur"/>
			<t id="s11_5" word="dual" lemma="dual" pos="adj" morph="M S" extra="nh np-close"/>
			<t id="s11_6" word="chip" lemma="chip" pos="n" morph="M S" sem="cc" extra="clb"/>
			<t id="s11_7" word="e" lemma="e" pos="conj-c" morph="--" extra="--"/>
			<t id="s11_8" word="com" lemma="com" pos="prp" morph="--" extra="np-close"/>
			<t id="s11_9" word="hot" lemma="hot" pos="adj" morph="M S" extra="clb newlex"/>
			<t id="s11_10" word="swap" lemma="swap" pos="n" morph="M S" sem="percep-f" extra="--"/>
			<t id="s11_11" word="number" lemma="number" pos="v-inf" morph="3S" extra="heur mv"/>
			<t id="s11_12" word="nokia" lemma="noker" pos="v-fin" morph="IMPF 3S IND VFIN" extra="cjt-head cjt-head-STA foreign heur fmc mv"/>
			<t id="s11_13" word="mapas" lemma="mapa" pos="n" morph="M P" sem="cc-r pict" extra="--"/>
			<t id="s11_14" word="calcula" lemma="calcular" pos="v-fin" morph="PR 3S IND VFIN" extra="cjt-STA vH fmc mv"/>
			<t id="s11_15" word="posição" lemma="posição" pos="n" morph="F S" sem="act pos-an" extra="--"/>
			<t id="s11_16" word="atual" lemma="atual" pos="adj" morph="F S" extra="nh np-close"/>
			<t id="s11_17" word="de" lemma="de" pos="prp" morph="--" extra="sam- np-close"/>
			<t id="s11_18" word="o" lemma="o" pos="art" morph="M S" extra="-sam "/>
			<t id="s11_19" word="aparelho" lemma="aparelho" pos="n" morph="M S" sem="tool" extra="--"/>
			<t id="s11_20" word="." lemma="--" pos="pu" morph="--" extra="--"/>
		</terminals>

		<nonterminals>
			<nt id="s11_500" cat="s">
				<edge label="UTT" idref="s11_501"/>
			</nt>
			<nt id="s11_501" cat="x">
				<edge label="DN" idref="s11_504"/>
				<edge label="S" idref="s11_2"/>
				<edge label="P" idref="s11_3"/>
				<edge label="CJT" idref="s11_505"/>
				<edge label="PU" idref="s11_20"/>
			</nt>
			<nt id="s11_502" cat="par">
				<edge label="CJT" idref="s11_503"/>
			</nt>
			<nt id="s11_503" cat="fcl">
				<edge label="S" idref="s11_1"/>
			</nt>
			<nt id="s11_504" cat="fcl">
			</nt>
			<nt id="s11_505" cat="fcl">
				<edge label="S" idref="s11_506"/>
				<edge label="S" idref="s11_507"/>
				<edge label="S" idref="s11_509"/>
				<edge label="P" idref="s11_12"/>
				<edge label="Od" idref="s11_13"/>
				<edge label="P" idref="s11_14"/>
				<edge label="S" idref="s11_510"/>
			</nt>
			<nt id="s11_506" cat="np">
				<edge label="H" idref="s11_4"/>
				<edge label="DN" idref="s11_5"/>
			</nt>
			<nt id="s11_507" cat="np">
				<edge label="H" idref="s11_6"/>
				<edge label="DN" idref="s11_508"/>
			</nt>
			<nt id="s11_508" cat="pp">
				<edge label="CO" idref="s11_7"/>
				<edge label="H" idref="s11_8"/>
				<edge label="DP" idref="s11_11"/>
			</nt>
			<nt id="s11_509" cat="np">
				<edge label="DN" idref="s11_9"/>
				<edge label="H" idref="s11_10"/>
			</nt>
			<nt id="s11_510" cat="np">
				<edge label="H" idref="s11_15"/>
				<edge label="DN" idref="s11_16"/>
				<edge label="DN" idref="s11_511"/>
			</nt>
			<nt id="s11_511" cat="pp">
				<edge label="H" idref="s11_17"/>
				<edge label="DP" idref="s11_512"/>
			</nt>
			<nt id="s11_512" cat="np">
				<edge label="DN" idref="s11_18"/>
				<edge label="H" idref="s11_19"/>
			</nt>
		</nonterminals>
	</graph>
</s>

<s id="s12" ref="12" source="Running text" forest="1" text="o que não gostei number aplicativos de terceiros java e o próprio nokia e-mail não conseguem acesso a internet bug de todos aparelhos, ainda pendente na nokia number não tem 3g.">
	<graph root="s12_500">
		<terminals>
			<t id="s12_1" word="o" lemma="o" pos="pron-dem" morph="DET M S" extra="dem"/>
			<t id="s12_2" word="que" lemma="que" pos="spec" morph="M S" extra="clb clb-fs rel"/>
			<t id="s12_3" word="não" lemma="não" pos="adv" morph="--" extra="--"/>
			<t id="s12_4" word="gostei" lemma="gostar" pos="v-fin" morph="PS 1S IND VFIN" extra="vH mv np-close"/>
			<t id="s12_5" word="number" lemma="number" pos="v-inf" morph="--" extra="heur mv"/>
			<t id="s12_6" word="aplicativos" lemma="aplicativo" pos="n" morph="M P" sem="sem-c" extra="cjt-head cjt-head-Od"/>
			<t id="s12_7" word="de" lemma="de" pos="prp" morph="--" extra="np-close"/>
			<t id="s12_8" word="terceiros" lemma="terceiro" pos="adj" morph="M P" extra="cjt-head cjt-head-DP NUM-ord jh"/>
			<t id="s12_9" word="java" lemma="javo" pos="adj" morph="F S" extra="cjt-DP heur jh"/>
			<t id="s12_10" word="e" lemma="e" pos="conj-c" morph="--" extra="--"/>
			<t id="s12_11" word="o" lemma="o" pos="art" morph="M S" extra="--"/>
			<t id="s12_12" word="próprio" lemma="próprio" pos="adj" morph="M S" extra="cjt-Od n jh"/>
			<t id="s12_13" word="nokia" lemma="noker" pos="v-fin" morph="IMPF 1/3S IND VFIN" extra="predco predco predco predco foreign heur fmc mv"/>
			<t id="s12_14" word="e-mail" lemma="e-mail" pos="n" morph="M S" sem="sem-r" extra="--"/>
			<t id="s12_15" word="não" lemma="não" pos="adv" morph="--" extra="--"/>
			<t id="s12_16" word="conseguem" lemma="conseguir" pos="v-fin" morph="PR 3P IND VFIN" extra="nosubj nosubj cjt-STA vH fmc mv"/>
			<t id="s12_17" word="acesso" lemma="acesso" pos="n" morph="M S" sem="event Lpath f-right" extra="--"/>
			<t id="s12_18" word="a" lemma="o" pos="art" morph="F S" extra="clb"/>
			<t id="s12_19" word="internet" lemma="internet" pos="n" morph="F S" extra="newlex"/>
			<t id="s12_20" word="bug" lemma="bug" pos="n" morph="M S" sem="ac" extra="clb"/>
			<t id="s12_21" word="de" lemma="de" pos="prp" morph="--" extra="np-close"/>
			<t id="s12_22" word="todos" lemma="todo" pos="pron-indef" morph="DET M P" extra="quant"/>
			<t id="s12_23" word="aparelhos" lemma="aparelho" pos="n" morph="M P" sem="tool" extra="--"/>
			<t id="s12_24" word="," lemma="--" pos="pu" morph="--" extra="--"/>
			<t id="s12_25" word="ainda" lemma="ainda" pos="adv" morph="--" extra="--"/>
			<t id="s12_26" word="pendente" lemma="pendente" pos="adj" morph="M/F S" extra="nh np-close"/>
			<t id="s12_27" word="em" lemma="em" pos="prp" morph="--" extra="sam- np-long"/>
			<t id="s12_28" word="a" lemma="o" pos="art" morph="F S" extra="clb -sam artd"/>
			<t id="s12_29" word="nokia" lemma="nokia" pos="n" morph="F S" extra="heur foreign"/>
			<t id="s12_30" word="number" lemma="number" pos="v-inf" morph="3S" extra="heur mv"/>
			<t id="s12_31" word="não" lemma="não" pos="adv" morph="--" extra="--"/>
			<t id="s12_32" word="tem" lemma="ter" pos="v-fin" morph="PR 3S IND VFIN" extra="cjt-STA fmc mv"/>
			<t id="s12_33" word="3g" lemma="3g" pos="num" morph="M/F P" extra="card"/>
			<t id="s12_34" word="." lemma="--" pos="pu" morph="--" extra="--"/>
		</terminals>

		<nonterminals>
			<nt id="s12_500" cat="s">
				<edge label="STA" idref="s12_501"/>
			</nt>
			<nt id="s12_501" cat="fcl">
				<edge label="S" idref="s12_1"/>
				<edge label="DN" idref="s12_502"/>
				<edge label="S" idref="s12_2"/>
				<edge label="fA" idref="s12_3"/>
				<edge label="P" idref="s12_4"/>
				<edge label="S" idref="s12_503"/>
				<edge label="X" idref="s12_509"/>
				<edge label="S" idref="s12_513"/>
				<edge label="DN" idref="s12_18"/>
				<edge label="H" idref="s12_19"/>
				<edge label="PU" idref="s12_34"/>
			</nt>
			<nt id="s12_502" cat="fcl">
			</nt>
			<nt id="s12_503" cat="icl">
				<edge label="P" idref="s12_5"/>
				<edge label="Od" idref="s12_504"/>
			</nt>
			<nt id="s12_504" cat="par">
				<edge label="CJT" idref="s12_505"/>
				<edge label="Od" idref="s12_508"/>
				<edge label="CJT" idref="s12_12"/>
			</nt>
			<nt id="s12_505" cat="np">
				<edge label="H" idref="s12_6"/>
				<edge label="DN" idref="s12_506"/>
			</nt>
			<nt id="s12_506" cat="pp">
				<edge label="H" idref="s12_7"/>
				<edge label="DP" idref="s12_507"/>
			</nt>
			<nt id="s12_507" cat="par">
				<edge label="CJT" idref="s12_8"/>
				<edge label="CJT" idref="s12_9"/>
				<edge label="CO" idref="s12_10"/>
			</nt>
			<nt id="s12_508" cat="np">
				<edge label="DN" idref="s12_11"/>
				<secedge label="*" idref="s12_14"/>
			</nt>
			<nt id="s12_509" cat="par">
				<edge label="CJT" idref="s12_510"/>
				<edge label="CJT" idref="s12_512"/>
			</nt>
			<nt id="s12_510" cat="x">
				<edge label="P" idref="s12_13"/>
				<edge label="Od" idref="s12_511"/>
			</nt>
			<nt id="s12_511" cat="np">
				<edge label="H" idref="s12_14"/>
			</nt>
			<nt id="s12_512" cat="x">
				<edge label="fA" idref="s12_15"/>
				<edge label="P" idref="s12_16"/>
				<edge label="Od" idref="s12_17"/>
			</nt>
			<nt id="s12_513" cat="np">
				<edge label="CJT" idref="s12_514"/>
			</nt>
			<nt id="s12_514" cat="fcl">
				<edge label="S" idref="s12_515"/>
				<edge label="S" idref="s12_520"/>
				<edge label="P" idref="s12_32"/>
				<edge label="Od" idref="s12_33"/>
			</nt>
			<nt id="s12_515" cat="np">
				<edge label="H" idref="s12_20"/>
				<edge label="DN" idref="s12_516"/>
			</nt>
			<nt id="s12_516" cat="pp">
				<edge label="H" idref="s12_21"/>
				<edge label="DP" idref="s12_517"/>
			</nt>
			<nt id="s12_517" cat="np">
				<edge label="DN" idref="s12_22"/>
				<edge label="H" idref="s12_23"/>
				<edge label="PU" idref="s12_24"/>
				<edge label="DN" idref="s12_518"/>
				<edge label="DN" idref="s12_519"/>
			</nt>
			<nt id="s12_518" cat="adjp">
				<edge label="DA" idref="s12_25"/>
				<edge label="H" idref="s12_26"/>
			</nt>
			<nt id="s12_519" cat="pp">
				<edge label="H" idref="s12_27"/>
				<edge label="DP" idref="s12_521"/>
			</nt>
			<nt id="s12_520" cat="np">
				<edge label="DN" idref="s12_28"/>
				<edge label="H" idref="s12_29"/>
			</nt>
			<nt id="s12_521" cat="icl">
				<edge label="P" idref="s12_30"/>
				<edge label="fA" idref="s12_31"/>
			</nt>
		</nonterminals>
	</graph>
</s>

<s id="s13" ref="13" source="Running text" forest="1" text="number não tem as bandas de number quadriband number cronico consumo elevado de bateria, como todos celulares nokia number touch screen impreciso.">
	<graph root="s13_500">
		<terminals>
			<t id="s13_1" word="number" lemma="number" pos="n" morph="M S" extra="heur"/>
			<t id="s13_2" word="não" lemma="não" pos="adv" morph="--" extra="--"/>
			<t id="s13_3" word="tem" lemma="ter" pos="v-fin" morph="PR 3S IND VFIN" extra="fmc mv"/>
			<t id="s13_4" word="as" lemma="o" pos="art" morph="F P" extra="--"/>
			<t id="s13_5" word="bandas" lemma="banda" pos="n" morph="F P" sem="Labs cloH HH" extra="--"/>
			<t id="s13_6" word="de" lemma="de" pos="prp" morph="--" extra="np-close"/>
			<t id="s13_7" word="number" lemma="number" pos="v-inf" morph="--" extra="heur mv"/>
			<t id="s13_8" word="quadriband" lemma="quadriband" pos="n" morph="M S" sem="HH" extra="DERP"/>
			<t id="s13_9" word="number" lemma="number" pos="n" morph="M S" extra="cjt-head cjt-head-S heur"/>
			<t id="s13_10" word="cronico" lemma="crônico" pos="adj" morph="M S" extra="nh np-close"/>
			<t id="s13_11" word="consumo" lemma="consumo" pos="n" morph="M S" sem="act-d" extra="cjt-S"/>
			<t id="s13_12" word="elevado" lemma="elevar" pos="v-pcp" morph="M S" extra="jh vH np-close"/>
			<t id="s13_13" word="de" lemma="de" pos="prp" morph="--" extra="np-close"/>
			<t id="s13_14" word="bateria" lemma="bateria" pos="n" morph="F S" sem="tool" extra="--"/>
			<t id="s13_15" word="," lemma="--" pos="pu" morph="--" extra="--"/>
			<t id="s13_16" word="como" lemma="como" pos="adv" morph="--" extra="clb clb-fs rel ks"/>
			<t id="s13_17" word="todos" lemma="todo" pos="pron-indef" morph="DET M P" extra="quant"/>
			<t id="s13_18" word="celulares" lemma="celular" pos="adj" morph="M/F P" extra="nh"/>
			<t id="s13_19" word="nokia" lemma="noker" pos="v-fin" morph="IMPF 3S IND VFIN" extra="foreign heur mv"/>
			<t id="s13_20" word="number" lemma="number" pos="n" morph="M S" extra="heur"/>
			<t id="s13_21" word="touch" lemma="touch" pos="n" morph="M S" extra="cjt-head cjt-head-Od heur"/>
			<t id="s13_22" word="screen" lemma="screen" pos="n" morph="M S" extra="cjt-Od foreign heur"/>
			<t id="s13_23" word="impreciso" lemma="impreciso" pos="adj" morph="M S" extra="nh np-close"/>
			<t id="s13_24" word="." lemma="--" pos="pu" morph="--" extra="--"/>
		</terminals>

		<nonterminals>
			<nt id="s13_500" cat="s">
				<edge label="STA" idref="s13_501"/>
			</nt>
			<nt id="s13_501" cat="fcl">
				<edge label="S" idref="s13_1"/>
				<edge label="fA" idref="s13_2"/>
				<edge label="P" idref="s13_3"/>
				<edge label="Od" idref="s13_502"/>
				<edge label="PU" idref="s13_24"/>
			</nt>
			<nt id="s13_502" cat="np">
				<edge label="DN" idref="s13_4"/>
				<edge label="H" idref="s13_5"/>
				<edge label="DN" idref="s13_503"/>
			</nt>
			<nt id="s13_503" cat="pp">
				<edge label="H" idref="s13_6"/>
				<edge label="DP" idref="s13_504"/>
			</nt>
			<nt id="s13_504" cat="fcl">
				<edge label="P" idref="s13_7"/>
				<edge label="Od" idref="s13_8"/>
				<edge label="S" idref="s13_505"/>
				<edge label="PU" idref="s13_15"/>
				<edge label="fA" idref="s13_509"/>
			</nt>
			<nt id="s13_505" cat="par">
				<edge label="CJT" idref="s13_506"/>
				<edge label="CJT" idref="s13_507"/>
			</nt>
			<nt id="s13_506" cat="np">
				<edge label="H" idref="s13_9"/>
				<edge label="DN" idref="s13_10"/>
			</nt>
			<nt id="s13_507" cat="np">
				<edge label="H" idref="s13_11"/>
				<edge label="DN" idref="s13_12"/>
				<edge label="DN" idref="s13_508"/>
			</nt>
			<nt id="s13_508" cat="pp">
				<edge label="H" idref="s13_13"/>
				<edge label="DP" idref="s13_14"/>
			</nt>
			<nt id="s13_509" cat="fcl">
				<edge label="fA" idref="s13_16"/>
				<edge label="Od" idref="s13_510"/>
				<edge label="P" idref="s13_19"/>
				<edge label="S" idref="s13_20"/>
				<edge label="Od" idref="s13_511"/>
			</nt>
			<nt id="s13_510" cat="adjp">
				<edge label="DA" idref="s13_17"/>
				<edge label="H" idref="s13_18"/>
			</nt>
			<nt id="s13_511" cat="par">
				<edge label="CJT" idref="s13_21"/>
				<edge label="CJT" idref="s13_512"/>
			</nt>
			<nt id="s13_512" cat="np">
				<edge label="H" idref="s13_22"/>
				<edge label="DN" idref="s13_23"/>
			</nt>
		</nonterminals>
	</graph>
</s>

<s id="s14" ref="14" source="Running text" forest="1" text="number recepção de sinal muito ruim.">
	<graph root="s14_500">
		<terminals>
			<t id="s14_1" word="number" lemma="number" pos="n" morph="M S" extra="cjt-head cjt-head-X heur"/>
			<t id="s14_2" word="recepção" lemma="recepção" pos="n" morph="F S" sem="act Lh" extra="cjt-X"/>
			<t id="s14_3" word="de" lemma="de" pos="prp" morph="--" extra="np-close"/>
			<t id="s14_4" word="sinal" lemma="sinal" pos="n" morph="M S" sem="percep-l percep-w ac ac-sign mon sem-r sick-c" extra="--"/>
			<t id="s14_5" word="muito" lemma="muito" pos="adv" morph="--" extra="quant"/>
			<t id="s14_6" word="ruim" lemma="ruim" pos="adj" morph="M/F S" extra="jh np-close"/>
			<t id="s14_7" word="." lemma="--" pos="pu" morph="--" extra="--"/>
		</terminals>

		<nonterminals>
			<nt id="s14_500" cat="s">
				<edge label="X" idref="s14_501"/>
			</nt>
			<nt id="s14_501" cat="par">
				<edge label="CJT" idref="s14_1"/>
				<edge label="CJT" idref="s14_502"/>
				<edge label="PU" idref="s14_7"/>
			</nt>
			<nt id="s14_502" cat="np">
				<edge label="H" idref="s14_2"/>
				<edge label="DN" idref="s14_503"/>
			</nt>
			<nt id="s14_503" cat="pp">
				<edge label="H" idref="s14_3"/>
				<edge label="DP" idref="s14_504"/>
			</nt>
			<nt id="s14_504" cat="np">
				<edge label="H" idref="s14_4"/>
				<edge label="DN" idref="s14_505"/>
			</nt>
			<nt id="s14_505" cat="adjp">
				<edge label="DA" idref="s14_5"/>
				<edge label="H" idref="s14_6"/>
			</nt>
		</nonterminals>
	</graph>
</s>

<s id="s15" ref="15" source="Running text" forest="1" text="number apesar de resolução number 0x240, os objetos de tela, menus e fontes são grandes, ou seja, a quantidade de informação exibida na tela não é tanta, poderia ser melhor.">
	<graph root="s15_500">
		<terminals>
			<t id="s15_1" word="number" lemma="number" pos="n" morph="M S" extra="clb heur"/>
			<t id="s15_2" word="apesar_de" lemma="apesar_de" pos="prp" morph="--" extra="np-close"/>
			<t id="s15_3" word="resolução" lemma="resolução" pos="n" morph="F S" sem="act" extra="clb"/>
			<t id="s15_4" word="number" lemma="number" pos="v-inf" morph="3S" extra="heur mv"/>
			<t id="s15_5" word="0x240" lemma="0x240" pos="num" morph="M/F P" extra="card"/>
			<t id="s15_6" word="," lemma="--" pos="pu" morph="--" extra="--"/>
			<t id="s15_7" word="os" lemma="o" pos="art" morph="M P" extra="--"/>
			<t id="s15_8" word="objetos" lemma="objeto" pos="n" morph="M P" sem="cc ac-cat" extra="--"/>
			<t id="s15_9" word="de" lemma="de" pos="prp" morph="--" extra="np-close"/>
			<t id="s15_10" word="tela" lemma="tela" pos="n" morph="F S" sem="cc-h pict mat-cloth" extra="--"/>
			<t id="s15_11" word="," lemma="--" pos="pu" morph="--" extra="--"/>
			<t id="s15_12" word="menus" lemma="menu" pos="n" morph="M P" extra="newlex"/>
			<t id="s15_13" word="e" lemma="e" pos="conj-c" morph="--" extra="--"/>
			<t id="s15_14" word="fontes" lemma="fonte" pos="n" morph="F P" sem="Lwater Labs H an" extra="--"/>
			<t id="s15_15" word="são" lemma="ser" pos="v-fin" morph="PR 3P IND VFIN" extra="cjt-head cjt-head-STA vK fmc mv"/>
			<t id="s15_16" word="grandes" lemma="grande" pos="adj" morph="F P" extra="jh"/>
			<t id="s15_17" word="," lemma="--" pos="pu" morph="--" extra="--"/>
			<t id="s15_18" word="ou_seja" lemma="ou_seja" pos="adv" morph="--" extra="kc"/>
			<t id="s15_19" word="," lemma="--" pos="pu" morph="--" extra="--"/>
			<t id="s15_20" word="a" lemma="o" pos="art" morph="F S" extra="--"/>
			<t id="s15_21" word="quantidade" lemma="quantidade" pos="n" morph="F S" sem="amount" extra="--"/>
			<t id="s15_22" word="de" lemma="de" pos="prp" morph="--" extra="np-close"/>
			<t id="s15_23" word="informação" lemma="informação" pos="n" morph="F S" sem="ac" extra="--"/>
			<t id="s15_24" word="exibida" lemma="exibir" pos="v-pcp" morph="F S" extra="vH mv np-close"/>
			<t id="s15_25" word="em" lemma="em" pos="prp" morph="--" extra="sam-"/>
			<t id="s15_26" word="a" lemma="o" pos="art" morph="F S" extra="-sam "/>
			<t id="s15_27" word="tela" lemma="tela" pos="n" morph="F S" sem="cc-h pict mat-cloth" extra="--"/>
			<t id="s15_28" word="não" lemma="não" pos="adv" morph="--" extra="--"/>
			<t id="s15_29" word="é" lemma="ser" pos="v-fin" morph="PR 3S IND VFIN" extra="cjt-STA vK fmc mv"/>
			<t id="s15_30" word="tanta" lemma="tanto" pos="pron-indef" morph="DET F S" extra="quant KOMP"/>
			<t id="s15_31" word="," lemma="--" pos="pu" morph="--" extra="--"/>
			<t id="s15_32" word="poderia" lemma="poder" pos="v-fin" morph="COND 3S VFIN" extra="cjt-STA fmc aux"/>
			<t id="s15_33" word="ser" lemma="ser" pos="v-inf" morph="--" extra="vK mv"/>
			<t id="s15_34" word="melhor" lemma="bom" pos="adj" morph="F S" extra="KOMP SUP jh"/>
			<t id="s15_35" word="." lemma="--" pos="pu" morph="--" extra="--"/>
		</terminals>

		<nonterminals>
			<nt id="s15_500" cat="s">
				<edge label="STA" idref="s15_501"/>
			</nt>
			<nt id="s15_501" cat="par">
				<edge label="CJT" idref="s15_502"/>
				<edge label="CJT" idref="s15_503"/>
				<edge label="PU" idref="s15_6"/>
				<edge label="CJT" idref="s15_507"/>
				<edge label="PU" idref="s15_17"/>
				<edge label="PU" idref="s15_31"/>
				<edge label="PU" idref="s15_35"/>
			</nt>
			<nt id="s15_502" cat="fcl">
			</nt>
			<nt id="s15_503" cat="fcl">
				<edge label="S" idref="s15_504"/>
				<edge label="S" idref="s15_3"/>
			</nt>
			<nt id="s15_504" cat="np">
				<edge label="H" idref="s15_1"/>
				<edge label="DN" idref="s15_505"/>
			</nt>
			<nt id="s15_505" cat="pp">
				<edge label="H" idref="s15_2"/>
				<edge label="DP" idref="s15_506"/>
			</nt>
			<nt id="s15_506" cat="icl">
				<edge label="P" idref="s15_4"/>
				<edge label="Od" idref="s15_5"/>
				<edge label="CO" idref="s15_13"/>
			</nt>
			<nt id="s15_507" cat="fcl">
				<edge label="S" idref="s15_508"/>
				<edge label="PU" idref="s15_11"/>
				<edge label="S" idref="s15_12"/>
				<edge label="S" idref="s15_14"/>
				<edge label="P" idref="s15_15"/>
				<edge label="Cs" idref="s15_16"/>
				<edge label="S" idref="s15_510"/>
				<edge label="fA" idref="s15_28"/>
				<edge label="P" idref="s15_29"/>
				<edge label="Cs" idref="s15_30"/>
				<edge label="P" idref="s15_518"/>
				<edge label="Cs" idref="s15_34"/>
			</nt>
			<nt id="s15_508" cat="np">
				<edge label="DN" idref="s15_7"/>
				<edge label="H" idref="s15_8"/>
				<edge label="DN" idref="s15_509"/>
			</nt>
			<nt id="s15_509" cat="pp">
				<edge label="H" idref="s15_9"/>
				<edge label="DP" idref="s15_10"/>
			</nt>
			<nt id="s15_510" cat="np">
				<edge label="DN" idref="s15_511"/>
				<edge label="PU" idref="s15_19"/>
				<edge label="DN" idref="s15_20"/>
				<edge label="H" idref="s15_21"/>
			</nt>
			<nt id="s15_511" cat="pp">
				<edge label="DP" idref="s15_512"/>
			</nt>
			<nt id="s15_512" cat="np">
				<edge label="DN" idref="s15_513"/>
			</nt>
			<nt id="s15_513" cat="icl">
				<edge label="fA" idref="s15_18"/>
				<edge label="H" idref="s15_22"/>
				<edge label="DP" idref="s15_514"/>
			</nt>
			<nt id="s15_514" cat="np">
				<edge label="H" idref="s15_23"/>
				<edge label="DN" idref="s15_515"/>
			</nt>
			<nt id="s15_515" cat="icl">
				<edge label="P" idref="s15_24"/>
				<edge label="fA" idref="s15_516"/>
			</nt>
			<nt id="s15_516" cat="pp">
				<edge label="H" idref="s15_25"/>
				<edge label="DP" idref="s15_517"/>
			</nt>
			<nt id="s15_517" cat="np">
				<edge label="DN" idref="s15_26"/>
				<edge label="H" idref="s15_27"/>
			</nt>
			<nt id="s15_518" cat="vp">
				<edge label="Vaux" idref="s15_32"/>
				<edge label="Vm" idref="s15_33"/>
			</nt>
		</nonterminals>
	</graph>
</s>

<s id="s16" ref="16" source="Running text" forest="1" text="number apesar de ser s40, outros aparelhos mais velhos com o mesmo sistema são mais bem elaborados e com menos &quot;bugs�..">
	<graph root="s16_500">
		<terminals>
			<t id="s16_1" word="number" lemma="number" pos="n" morph="M S" extra="clb heur"/>
			<t id="s16_2" word="apesar_de" lemma="apesar_de" pos="prp" morph="--" extra="np-close"/>
			<t id="s16_3" word="ser" lemma="ser" pos="v-inf" morph="3S" extra="vK mv"/>
			<t id="s16_4" word="s40" lemma="s40" pos="n" morph="M S" extra="heur"/>
			<t id="s16_5" word="," lemma="--" pos="pu" morph="--" extra="--"/>
			<t id="s16_6" word="outros" lemma="outro" pos="pron-indef" morph="DET M P" extra="diff KOMP"/>
			<t id="s16_7" word="aparelhos" lemma="aparelho" pos="n" morph="M P" sem="tool" extra="--"/>
			<t id="s16_8" word="mais" lemma="mais" pos="adv" morph="--" extra="quant KOMP"/>
			<t id="s16_9" word="velhos" lemma="velho" pos="adj" morph="M P" extra="np-close"/>
			<t id="s16_10" word="com" lemma="com" pos="prp" morph="--" extra="np-long"/>
			<t id="s16_11" word="o" lemma="o" pos="art" morph="M S" extra="--"/>
			<t id="s16_12" word="mesmo" lemma="mesmo" pos="pron-indef" morph="DET M S" extra="diff KOMP"/>
			<t id="s16_13" word="sistema" lemma="sistema" pos="n" morph="M S" sem="ac" extra="--"/>
			<t id="s16_14" word="são" lemma="ser" pos="v-fin" morph="PR 3P IND VFIN" extra="fmc aux"/>
			<t id="s16_15" word="mais" lemma="mais" pos="adv" morph="--" extra="--"/>
			<t id="s16_16" word="bem" lemma="bem" pos="adv" morph="--" extra="quant"/>
			<t id="s16_17" word="elaborados" lemma="elaborar" pos="v-pcp" morph="M P" extra="vH mv"/>
			<t id="s16_18" word="e" lemma="e" pos="conj-c" morph="--" extra="--"/>
			<t id="s16_19" word="com" lemma="com" pos="prp" morph="--" extra="--"/>
			<t id="s16_20" word="menos" lemma="pouco" pos="pron-indef" morph="DET M P" extra="quant KOMP"/>
			<t id="s16_21" word="&quot;" lemma="--" pos="pu" morph="--" extra="--"/>
			<t id="s16_22" word="bugs" lemma="bug" pos="n" morph="M P" sem="ac" extra="--"/>
			<t id="s16_23" word="&quot;" lemma="--" pos="pu" morph="--" extra="--"/>
			<t id="s16_24" word="." lemma="--" pos="pu" morph="--" extra="--"/>
			<t id="s16_25" word="." lemma="--" pos="pu" morph="--" extra="--"/>
		</terminals>

		<nonterminals>
			<nt id="s16_500" cat="s">
				<edge label="STA" idref="s16_501"/>
			</nt>
			<nt id="s16_501" cat="fcl">
				<edge label="S" idref="s16_502"/>
				<edge label="PU" idref="s16_5"/>
				<edge label="S" idref="s16_505"/>
				<edge label="P" idref="s16_509"/>
				<edge label="fA" idref="s16_15"/>
				<edge label="DA" idref="s16_16"/>
				<edge label="PU" idref="s16_24"/>
				<edge label="PU" idref="s16_25"/>
			</nt>
			<nt id="s16_502" cat="np">
				<edge label="H" idref="s16_1"/>
				<edge label="DN" idref="s16_503"/>
			</nt>
			<nt id="s16_503" cat="pp">
				<edge label="H" idref="s16_2"/>
				<edge label="DP" idref="s16_504"/>
			</nt>
			<nt id="s16_504" cat="icl">
				<edge label="P" idref="s16_3"/>
				<edge label="Cs" idref="s16_4"/>
			</nt>
			<nt id="s16_505" cat="np">
				<edge label="DN" idref="s16_6"/>
				<edge label="H" idref="s16_7"/>
				<edge label="DN" idref="s16_506"/>
				<edge label="DN" idref="s16_507"/>
			</nt>
			<nt id="s16_506" cat="adjp">
				<edge label="DA" idref="s16_8"/>
				<edge label="H" idref="s16_9"/>
			</nt>
			<nt id="s16_507" cat="pp">
				<edge label="H" idref="s16_10"/>
				<edge label="DP" idref="s16_508"/>
			</nt>
			<nt id="s16_508" cat="np">
				<edge label="DN" idref="s16_11"/>
				<edge label="DN" idref="s16_12"/>
				<edge label="H" idref="s16_13"/>
				<edge label="CO" idref="s16_18"/>
				<edge label="FOC" idref="s16_510"/>
			</nt>
			<nt id="s16_509" cat="vp">
				<edge label="Vaux" idref="s16_14"/>
				<edge label="Vm" idref="s16_17"/>
				<edge label="H" idref="s16_19"/>
				<edge label="DP" idref="s16_511"/>
			</nt>
			<nt id="s16_510" cat="pp">
			</nt>
			<nt id="s16_511" cat="np">
				<edge label="DN" idref="s16_20"/>
				<edge label="PU" idref="s16_21"/>
				<edge label="H" idref="s16_22"/>
				<edge label="PU" idref="s16_23"/>
			</nt>
		</nonterminals>
	</graph>
</s>

	</body>
</corpus>
