<?xml version="1.0" encoding="UTF-8"?>
<corpus>

	<body>
<s id="s1" ref="1" source="Running text" forest="1" text="o celular é muito bom, porém, o paginação dá problemas na parte de mensagens e não adianta reiniciar.">
	<graph root="s1_500">
		<terminals>
			<t id="s1_1" word="o" lemma="o" pos="art" morph="M S" extra="--"/>
			<t id="s1_2" word="celular" lemma="celular" pos="adj" morph="M S" extra="n nh"/>
			<t id="s1_3" word="é" lemma="ser" pos="v-fin" morph="PR 3S IND VFIN" extra="nosubj nosubj cjt-head cjt-head-STA vK fmc mv"/>
			<t id="s1_4" word="muito" lemma="muito" pos="adv" morph="--" extra="quant"/>
			<t id="s1_5" word="bom" lemma="bom" pos="adj" morph="M S" extra="--"/>
			<t id="s1_6" word="," lemma="--" pos="pu" morph="--" extra="--"/>
			<t id="s1_7" word="porém" lemma="porém" pos="adv" morph="--" extra="kc"/>
			<t id="s1_8" word="," lemma="--" pos="pu" morph="--" extra="--"/>
			<t id="s1_9" word="o" lemma="o" pos="art" morph="M S" extra="--"/>
			<t id="s1_10" word="paginação" lemma="paginação" pos="n" morph="F S" sem="act" extra="--"/>
			<t id="s1_11" word="dá" lemma="dar" pos="v-fin" morph="PR 3S IND VFIN" extra="cjt-STA fmc mv"/>
			<t id="s1_12" word="problemas" lemma="problema" pos="n" morph="M P" sem="ac" extra="--"/>
			<t id="s1_13" word="em" lemma="em" pos="prp" morph="--" extra="sam-"/>
			<t id="s1_14" word="a" lemma="o" pos="art" morph="F S" extra="-sam "/>
			<t id="s1_15" word="parte" lemma="parte" pos="n" morph="F S" sem="part amount L HH sem-l ac" extra="--"/>
			<t id="s1_16" word="de" lemma="de" pos="prp" morph="--" extra="np-close"/>
			<t id="s1_17" word="mensagens" lemma="mensagem" pos="n" morph="F P" sem="sem-s" extra="--"/>
			<t id="s1_18" word="e" lemma="e" pos="conj-c" morph="--" extra="--"/>
			<t id="s1_19" word="não" lemma="não" pos="adv" morph="--" extra="--"/>
			<t id="s1_20" word="adianta" lemma="adiantar" pos="v-fin" morph="PR 3S IND VFIN" extra="nosubj nosubj cjt-STA fmc mv"/>
			<t id="s1_21" word="reiniciar" lemma="reiniciar" pos="v-inf" morph="--" extra="mv"/>
			<t id="s1_22" word="." lemma="--" pos="pu" morph="--" extra="--"/>
		</terminals>

		<nonterminals>
			<nt id="s1_500" cat="s">
				<edge label="UTT" idref="s1_501"/>
			</nt>
			<nt id="s1_501" cat="x">
				<edge label="STA" idref="s1_503"/>
				<edge label="CJT" idref="s1_504"/>
				<edge label="PU" idref="s1_6"/>
				<edge label="CJT" idref="s1_506"/>
				<edge label="CJT" idref="s1_510"/>
				<edge label="PU" idref="s1_22"/>
			</nt>
			<nt id="s1_502" cat="np">
				<edge label="DN" idref="s1_1"/>
			</nt>
			<nt id="s1_503" cat="par">
			</nt>
			<nt id="s1_504" cat="fcl">
				<edge label="S" idref="s1_2"/>
				<edge label="P" idref="s1_3"/>
				<edge label="Cs" idref="s1_505"/>
			</nt>
			<nt id="s1_505" cat="adjp">
				<edge label="DA" idref="s1_4"/>
				<edge label="H" idref="s1_5"/>
				<edge label="PU" idref="s1_8"/>
				<edge label="DN" idref="s1_9"/>
				<edge label="H" idref="s1_10"/>
			</nt>
			<nt id="s1_506" cat="fcl">
				<edge label="fA" idref="s1_7"/>
				<edge label="P" idref="s1_11"/>
				<edge label="Od" idref="s1_12"/>
				<edge label="fA" idref="s1_507"/>
			</nt>
			<nt id="s1_507" cat="pp">
				<edge label="H" idref="s1_13"/>
				<edge label="DP" idref="s1_508"/>
			</nt>
			<nt id="s1_508" cat="np">
				<edge label="DN" idref="s1_14"/>
				<edge label="H" idref="s1_15"/>
				<edge label="DN" idref="s1_509"/>
			</nt>
			<nt id="s1_509" cat="pp">
				<edge label="H" idref="s1_16"/>
				<edge label="DP" idref="s1_17"/>
			</nt>
			<nt id="s1_510" cat="x">
				<edge label="fA" idref="s1_19"/>
				<edge label="P" idref="s1_20"/>
				<edge label="Od" idref="s1_21"/>
			</nt>
		</nonterminals>
	</graph>
</s>

<s id="s2" ref="2" source="Running text" forest="1" text="o sistema de mensagens fecha toda hora, não as envia e muitas vezes você nem recebe as mensagens.">
	<graph root="s2_500">
		<terminals>
			<t id="s2_1" word="o" lemma="o" pos="art" morph="M S" extra="--"/>
			<t id="s2_2" word="sistema" lemma="sistema" pos="n" morph="M S" sem="ac" extra="--"/>
			<t id="s2_3" word="de" lemma="de" pos="prp" morph="--" extra="np-close"/>
			<t id="s2_4" word="mensagens" lemma="mensagem" pos="n" morph="F P" sem="sem-s" extra="--"/>
			<t id="s2_5" word="fecha" lemma="fechar" pos="v-fin" morph="PR 3S IND VFIN" extra="nosubj nosubj cjt-head cjt-head-STA fmc mv"/>
			<t id="s2_6" word="toda" lemma="todo" pos="pron-indef" morph="DET F S" extra="quant"/>
			<t id="s2_7" word="hora" lemma="hora" pos="n" morph="F S" sem="dur temp unit" extra="--"/>
			<t id="s2_8" word="," lemma="--" pos="pu" morph="--" extra="--"/>
			<t id="s2_9" word="não" lemma="não" pos="adv" morph="--" extra="--"/>
			<t id="s2_10" word="as" lemma="elas" pos="pron-pers" morph="F 3P ACC" extra="--"/>
			<t id="s2_11" word="envia" lemma="enviar" pos="v-fin" morph="PR 3S IND VFIN" extra="nosubj nosubj cjt-STA vH fmc mv"/>
			<t id="s2_12" word="e" lemma="e" pos="conj-c" morph="--" extra="--"/>
			<t id="s2_13" word="muitas_vezes" lemma="muitas_vezes" pos="adv" morph="--" extra="--"/>
			<t id="s2_14" word="você" lemma="você" pos="pron-pers" morph="M/F 3S NOM" extra="--"/>
			<t id="s2_15" word="nem" lemma="nem" pos="conj-c" morph="--" extra="--"/>
			<t id="s2_16" word="recebe" lemma="receber" pos="v-fin" morph="PR 3S IND VFIN" extra="cjt-STA vH fmc mv"/>
			<t id="s2_17" word="as" lemma="o" pos="art" morph="F P" extra="--"/>
			<t id="s2_18" word="mensagens" lemma="mensagem" pos="n" morph="F P" sem="sem-s" extra="--"/>
			<t id="s2_19" word="." lemma="--" pos="pu" morph="--" extra="--"/>
		</terminals>

		<nonterminals>
			<nt id="s2_500" cat="s">
				<edge label="STA" idref="s2_501"/>
			</nt>
			<nt id="s2_501" cat="par">
				<edge label="CJT" idref="s2_502"/>
				<edge label="PU" idref="s2_8"/>
				<edge label="CJT" idref="s2_506"/>
				<edge label="CJT" idref="s2_507"/>
				<edge label="PU" idref="s2_19"/>
			</nt>
			<nt id="s2_502" cat="fcl">
				<edge label="S" idref="s2_503"/>
				<edge label="P" idref="s2_5"/>
				<edge label="Od" idref="s2_505"/>
			</nt>
			<nt id="s2_503" cat="np">
				<edge label="DN" idref="s2_1"/>
				<edge label="H" idref="s2_2"/>
				<edge label="DN" idref="s2_504"/>
			</nt>
			<nt id="s2_504" cat="pp">
				<edge label="H" idref="s2_3"/>
				<edge label="DP" idref="s2_4"/>
			</nt>
			<nt id="s2_505" cat="np">
				<edge label="DN" idref="s2_6"/>
				<edge label="H" idref="s2_7"/>
			</nt>
			<nt id="s2_506" cat="x">
				<edge label="fA" idref="s2_9"/>
				<edge label="Od" idref="s2_10"/>
				<edge label="P" idref="s2_11"/>
			</nt>
			<nt id="s2_507" cat="fcl">
				<edge label="S" idref="s2_14"/>
				<edge label="P" idref="s2_16"/>
				<edge label="Od" idref="s2_508"/>
			</nt>
			<nt id="s2_508" cat="np">
				<edge label="DN" idref="s2_17"/>
				<edge label="H" idref="s2_18"/>
			</nt>
		</nonterminals>
	</graph>
</s>

<s id="s3" ref="3" source="Running text" forest="1" text="conversei com amigos que tem o celular e muitos tiveram o mesmo problema..">
	<graph root="s3_500">
		<terminals>
			<t id="s3_1" word="conversei" lemma="conversar" pos="v-fin" morph="PS 1S IND VFIN" extra="nosubj nosubj cjt-head cjt-head-STA vH fmc mv"/>
			<t id="s3_2" word="com" lemma="com" pos="prp" morph="--" extra="--"/>
			<t id="s3_3" word="amigos" lemma="amigo" pos="n" morph="M P" sem="Hfam" extra="--"/>
			<t id="s3_4" word="que" lemma="que" pos="spec" morph="M S" extra="clb clb-fs rel"/>
			<t id="s3_5" word="tem" lemma="ter" pos="v-fin" morph="PR 3S IND VFIN" extra="mv np-close"/>
			<t id="s3_6" word="o" lemma="o" pos="art" morph="M S" extra="--"/>
			<t id="s3_7" word="celular" lemma="celular" pos="adj" morph="M S" extra="n nh"/>
			<t id="s3_8" word="e" lemma="e" pos="conj-c" morph="--" extra="--"/>
			<t id="s3_9" word="muitos" lemma="muito" pos="pron-indef" morph="DET M P" extra="quant"/>
			<t id="s3_10" word="tiveram" lemma="ter" pos="v-fin" morph="PS/MQP 3P IND VFIN" extra="cjt-STA fmc mv"/>
			<t id="s3_11" word="o" lemma="o" pos="art" morph="M S" extra="--"/>
			<t id="s3_12" word="mesmo" lemma="mesmo" pos="pron-indef" morph="DET M S" extra="diff KOMP"/>
			<t id="s3_13" word="problema" lemma="problema" pos="n" morph="M S" sem="ac" extra="--"/>
			<t id="s3_14" word="." lemma="--" pos="pu" morph="--" extra="--"/>
			<t id="s3_15" word="." lemma="--" pos="pu" morph="--" extra="--"/>
		</terminals>

		<nonterminals>
			<nt id="s3_500" cat="s">
				<edge label="STA" idref="s3_501"/>
			</nt>
			<nt id="s3_501" cat="par">
				<edge label="CJT" idref="s3_502"/>
				<edge label="CJT" idref="s3_506"/>
				<edge label="PU" idref="s3_14"/>
				<edge label="PU" idref="s3_15"/>
			</nt>
			<nt id="s3_502" cat="fcl">
				<edge label="P" idref="s3_1"/>
				<edge label="Op" idref="s3_503"/>
			</nt>
			<nt id="s3_503" cat="pp">
				<edge label="H" idref="s3_2"/>
				<edge label="DP" idref="s3_504"/>
			</nt>
			<nt id="s3_504" cat="np">
				<edge label="H" idref="s3_3"/>
				<edge label="DN" idref="s3_505"/>
				<edge label="CO" idref="s3_8"/>
			</nt>
			<nt id="s3_505" cat="fcl">
				<edge label="Od" idref="s3_4"/>
				<edge label="P" idref="s3_5"/>
			</nt>
			<nt id="s3_506" cat="fcl">
				<edge label="Od" idref="s3_507"/>
				<edge label="S" idref="s3_7"/>
				<edge label="S" idref="s3_9"/>
				<edge label="P" idref="s3_10"/>
			</nt>
			<nt id="s3_507" cat="np">
				<edge label="DN" idref="s3_6"/>
				<edge label="DN" idref="s3_11"/>
				<edge label="DN" idref="s3_12"/>
				<edge label="H" idref="s3_13"/>
			</nt>
		</nonterminals>
	</graph>
</s>

	</body>
</corpus>
