<?xml version="1.0" encoding="UTF-8"?>
<corpus>

	<body>
<s id="s1" ref="1" source="Running text" forest="1" text="tenho um aparelho da marca zte e só usei por number meses.">
	<graph root="s1_500">
		<terminals>
			<t id="s1_1" word="tenho" lemma="ter" pos="v-fin" morph="PR 1S IND VFIN" extra="nosubj nosubj cjt-head cjt-head-STA fmc mv"/>
			<t id="s1_2" word="um" lemma="um" pos="art" morph="M S" extra="--"/>
			<t id="s1_3" word="aparelho" lemma="aparelho" pos="n" morph="M S" sem="tool" extra="--"/>
			<t id="s1_4" word="de" lemma="de" pos="prp" morph="--" extra="sam- np-close"/>
			<t id="s1_5" word="a" lemma="o" pos="art" morph="F S" extra="-sam "/>
			<t id="s1_6" word="marca" lemma="marca" pos="n" morph="F S" sem="ac-sign Labs bar" extra="--"/>
			<t id="s1_7" word="zte" lemma="zte" pos="n" morph="M S" extra="heur"/>
			<t id="s1_8" word="e" lemma="e" pos="conj-c" morph="--" extra="--"/>
			<t id="s1_9" word="só" lemma="só" pos="adv" morph="--" extra="--"/>
			<t id="s1_10" word="usei" lemma="usar" pos="v-fin" morph="PS 1S IND VFIN" extra="nosubj nosubj cjt-STA vH fmc mv"/>
			<t id="s1_11" word="por" lemma="por" pos="prp" morph="--" extra="--"/>
			<t id="s1_12" word="number" lemma="number" pos="n" morph="M S" extra="heur"/>
			<t id="s1_13" word="meses" lemma="mês" pos="n" morph="M P" sem="dur per unit" extra="--"/>
			<t id="s1_14" word="." lemma="--" pos="pu" morph="--" extra="--"/>
		</terminals>

		<nonterminals>
			<nt id="s1_500" cat="s">
				<edge label="STA" idref="s1_501"/>
			</nt>
			<nt id="s1_501" cat="par">
				<edge label="CJT" idref="s1_502"/>
				<edge label="CJT" idref="s1_506"/>
				<edge label="PU" idref="s1_14"/>
			</nt>
			<nt id="s1_502" cat="fcl">
				<edge label="P" idref="s1_1"/>
				<edge label="Od" idref="s1_503"/>
			</nt>
			<nt id="s1_503" cat="np">
				<edge label="DN" idref="s1_2"/>
				<edge label="H" idref="s1_3"/>
				<edge label="DN" idref="s1_504"/>
			</nt>
			<nt id="s1_504" cat="pp">
				<edge label="H" idref="s1_4"/>
				<edge label="DP" idref="s1_505"/>
			</nt>
			<nt id="s1_505" cat="np">
				<edge label="DN" idref="s1_5"/>
				<edge label="H" idref="s1_6"/>
				<edge label="CO" idref="s1_8"/>
			</nt>
			<nt id="s1_506" cat="x">
				<edge label="fCs" idref="s1_7"/>
				<edge label="fA" idref="s1_9"/>
				<edge label="P" idref="s1_10"/>
				<edge label="fA" idref="s1_507"/>
				<edge label="Od" idref="s1_13"/>
			</nt>
			<nt id="s1_507" cat="pp">
				<edge label="H" idref="s1_11"/>
				<edge label="DP" idref="s1_12"/>
			</nt>
		</nonterminals>
	</graph>
</s>

<s id="s2" ref="2" source="Running text" forest="1" text="deu defeito e está na assistência técnica há mais de number dias.">
	<graph root="s2_500">
		<terminals>
			<t id="s2_1" word="deu" lemma="dar" pos="v-fin" morph="PS 3S IND VFIN" extra="nosubj nosubj cjt-head cjt-head-STA fmc mv"/>
			<t id="s2_2" word="defeito" lemma="defeito" pos="n" morph="M S" sem="ac" extra="--"/>
			<t id="s2_3" word="e" lemma="e" pos="conj-c" morph="--" extra="topkc"/>
			<t id="s2_4" word="está" lemma="estar" pos="v-fin" morph="PR 3S IND VFIN" extra="nosubj nosubj cjt-STA fmc mv"/>
			<t id="s2_5" word="em" lemma="em" pos="prp" morph="--" extra="sam-"/>
			<t id="s2_6" word="a" lemma="o" pos="art" morph="F S" extra="-sam "/>
			<t id="s2_7" word="assistência" lemma="assistência" pos="n" morph="F S" sem="am" extra="--"/>
			<t id="s2_8" word="técnica" lemma="técnico" pos="adj" morph="F S" extra="nh np-close"/>
			<t id="s2_9" word="há" lemma="há" pos="prp" morph="--" extra="--"/>
			<t id="s2_10" word="mais" lemma="muito" pos="pron-indef" morph="DET M/F S/P" extra="quant KOMP"/>
			<t id="s2_11" word="de" lemma="de" pos="prp" morph="--" extra="--"/>
			<t id="s2_12" word="number" lemma="number" pos="v-inf" morph="--" extra="heur mv"/>
			<t id="s2_13" word="dias" lemma="dia" pos="n" morph="M P" sem="temp dur per unit" extra="--"/>
			<t id="s2_14" word="." lemma="--" pos="pu" morph="--" extra="--"/>
		</terminals>

		<nonterminals>
			<nt id="s2_500" cat="s">
				<edge label="STA" idref="s2_501"/>
			</nt>
			<nt id="s2_501" cat="par">
				<edge label="CJT" idref="s2_502"/>
				<edge label="CO" idref="s2_3"/>
				<edge label="CJT" idref="s2_503"/>
				<edge label="PU" idref="s2_14"/>
			</nt>
			<nt id="s2_502" cat="fcl">
				<edge label="P" idref="s2_1"/>
				<edge label="Od" idref="s2_2"/>
			</nt>
			<nt id="s2_503" cat="x">
				<edge label="P" idref="s2_4"/>
				<edge label="As" idref="s2_504"/>
				<edge label="fA" idref="s2_506"/>
				<edge label="fA" idref="s2_507"/>
			</nt>
			<nt id="s2_504" cat="pp">
				<edge label="H" idref="s2_5"/>
				<edge label="DP" idref="s2_505"/>
			</nt>
			<nt id="s2_505" cat="np">
				<edge label="DN" idref="s2_6"/>
				<edge label="H" idref="s2_7"/>
				<edge label="DN" idref="s2_8"/>
			</nt>
			<nt id="s2_506" cat="pp">
				<edge label="H" idref="s2_9"/>
				<edge label="DP" idref="s2_10"/>
			</nt>
			<nt id="s2_507" cat="pp">
				<edge label="H" idref="s2_11"/>
				<edge label="DP" idref="s2_508"/>
			</nt>
			<nt id="s2_508" cat="icl">
				<edge label="P" idref="s2_12"/>
				<edge label="Od" idref="s2_13"/>
			</nt>
		</nonterminals>
	</graph>
</s>

<s id="s3" ref="3" source="Running text" forest="1" text="a empresa atendeu uma vez e não se mostrou disponível a resolver o problema.">
	<graph root="s3_500">
		<terminals>
			<t id="s3_1" word="a" lemma="o" pos="art" morph="F S" extra="--"/>
			<t id="s3_2" word="empresa" lemma="empresa" pos="n" morph="F S" sem="HH" extra="--"/>
			<t id="s3_3" word="atendeu" lemma="atender" pos="v-fin" morph="PS 3S IND VFIN" extra="cjt-head cjt-head-STA vH fmc mv"/>
			<t id="s3_4" word="uma_vez" lemma="uma_vez" pos="adv" morph="--" extra="--"/>
			<t id="s3_5" word="e" lemma="e" pos="conj-c" morph="--" extra="topkc"/>
			<t id="s3_6" word="não" lemma="não" pos="adv" morph="--" extra="--"/>
			<t id="s3_7" word="se" lemma="se" pos="pron-pers" morph="M/F 3S ACC" extra="refl"/>
			<t id="s3_8" word="mostrou" lemma="mostrar" pos="v-fin" morph="PS 3S IND VFIN" extra="nosubj nosubj cjt-STA fmc mv v-pron"/>
			<t id="s3_9" word="disponível" lemma="disponível" pos="adj" morph="M/F S" extra="nh"/>
			<t id="s3_10" word="a" lemma="a" pos="prp" morph="--" extra="--"/>
			<t id="s3_11" word="resolver" lemma="resolver" pos="v-inf" morph="--" extra="vH mv"/>
			<t id="s3_12" word="o" lemma="o" pos="art" morph="M S" extra="--"/>
			<t id="s3_13" word="problema" lemma="problema" pos="n" morph="M S" sem="ac" extra="--"/>
			<t id="s3_14" word="." lemma="--" pos="pu" morph="--" extra="--"/>
		</terminals>

		<nonterminals>
			<nt id="s3_500" cat="s">
				<edge label="STA" idref="s3_501"/>
			</nt>
			<nt id="s3_501" cat="par">
				<edge label="CJT" idref="s3_502"/>
				<edge label="CO" idref="s3_5"/>
				<edge label="CJT" idref="s3_504"/>
				<edge label="PU" idref="s3_14"/>
			</nt>
			<nt id="s3_502" cat="fcl">
				<edge label="S" idref="s3_503"/>
				<edge label="P" idref="s3_3"/>
				<edge label="fA" idref="s3_4"/>
			</nt>
			<nt id="s3_503" cat="np">
				<edge label="DN" idref="s3_1"/>
				<edge label="H" idref="s3_2"/>
			</nt>
			<nt id="s3_504" cat="x">
				<edge label="fA" idref="s3_6"/>
				<edge label="Od" idref="s3_7"/>
				<edge label="P" idref="s3_8"/>
				<edge label="Co" idref="s3_9"/>
				<edge label="fA" idref="s3_505"/>
			</nt>
			<nt id="s3_505" cat="pp">
				<edge label="H" idref="s3_10"/>
				<edge label="DP" idref="s3_506"/>
			</nt>
			<nt id="s3_506" cat="icl">
				<edge label="P" idref="s3_11"/>
				<edge label="Od" idref="s3_507"/>
			</nt>
			<nt id="s3_507" cat="np">
				<edge label="DN" idref="s3_12"/>
				<edge label="H" idref="s3_13"/>
			</nt>
		</nonterminals>
	</graph>
</s>

<s id="s4" ref="4" source="Running text" forest="1" text="não quer fazer o reembolso e não respeita o prazo máximo de conserto que é de number dias de acordo com o consumidor.">
	<graph root="s4_500">
		<terminals>
			<t id="s4_1" word="não" lemma="não" pos="adv" morph="--" extra="--"/>
			<t id="s4_2" word="quer" lemma="querer" pos="v-fin" morph="PR 3S IND VFIN" extra="nosubj nosubj cjt-head cjt-head-STA vH fmc mv"/>
			<t id="s4_3" word="fazer" lemma="fazer" pos="v-inf" morph="--" extra="mv"/>
			<t id="s4_4" word="o" lemma="o" pos="art" morph="M S" extra="--"/>
			<t id="s4_5" word="reembolso" lemma="reembolso" pos="n" morph="M S" sem="act mon" extra="--"/>
			<t id="s4_6" word="e" lemma="e" pos="conj-c" morph="--" extra="topkc"/>
			<t id="s4_7" word="não" lemma="não" pos="adv" morph="--" extra="--"/>
			<t id="s4_8" word="respeita" lemma="respeitar" pos="v-fin" morph="PR 3S IND VFIN" extra="nosubj nosubj cjt-STA vH fmc mv"/>
			<t id="s4_9" word="o" lemma="o" pos="art" morph="M S" extra="--"/>
			<t id="s4_10" word="prazo" lemma="prazo" pos="n" morph="M S" sem="per temp" extra="--"/>
			<t id="s4_11" word="máximo" lemma="grande" pos="adj" morph="M S" extra="SUP np-close"/>
			<t id="s4_12" word="de" lemma="de" pos="prp" morph="--" extra="np-close"/>
			<t id="s4_13" word="conserto" lemma="conserto" pos="n" morph="M S" sem="act" extra="--"/>
			<t id="s4_14" word="que" lemma="que" pos="spec" morph="M S" extra="clb clb-fs rel"/>
			<t id="s4_15" word="é" lemma="ser" pos="v-fin" morph="PR 3S IND VFIN" extra="vK mv np-close"/>
			<t id="s4_16" word="de" lemma="de" pos="prp" morph="--" extra="--"/>
			<t id="s4_17" word="number" lemma="number" pos="n" morph="M S" extra="heur"/>
			<t id="s4_18" word="dias" lemma="dia" pos="n" morph="M P" sem="temp dur per unit" extra="--"/>
			<t id="s4_19" word="de_acordo" lemma="de_acordo" pos="adv" morph="--" sem="pp" extra="--"/>
			<t id="s4_20" word="com" lemma="com" pos="prp" morph="--" extra="--"/>
			<t id="s4_21" word="o" lemma="o" pos="art" morph="M S" extra="--"/>
			<t id="s4_22" word="consumidor" lemma="consumidor" pos="n" morph="M S" sem="Hprof" extra="--"/>
			<t id="s4_23" word="." lemma="--" pos="pu" morph="--" extra="--"/>
		</terminals>

		<nonterminals>
			<nt id="s4_500" cat="s">
				<edge label="STA" idref="s4_501"/>
			</nt>
			<nt id="s4_501" cat="par">
				<edge label="CJT" idref="s4_502"/>
				<edge label="CO" idref="s4_6"/>
				<edge label="CJT" idref="s4_505"/>
				<edge label="PU" idref="s4_23"/>
			</nt>
			<nt id="s4_502" cat="fcl">
				<edge label="fA" idref="s4_1"/>
				<edge label="P" idref="s4_2"/>
				<edge label="Od" idref="s4_503"/>
			</nt>
			<nt id="s4_503" cat="icl">
				<edge label="P" idref="s4_3"/>
				<edge label="Od" idref="s4_504"/>
			</nt>
			<nt id="s4_504" cat="np">
				<edge label="DN" idref="s4_4"/>
				<edge label="H" idref="s4_5"/>
			</nt>
			<nt id="s4_505" cat="x">
				<edge label="fA" idref="s4_7"/>
				<edge label="P" idref="s4_8"/>
				<edge label="Od" idref="s4_506"/>
			</nt>
			<nt id="s4_506" cat="np">
				<edge label="DN" idref="s4_9"/>
				<edge label="H" idref="s4_10"/>
				<edge label="DN" idref="s4_11"/>
				<edge label="DN" idref="s4_507"/>
			</nt>
			<nt id="s4_507" cat="pp">
				<edge label="H" idref="s4_12"/>
				<edge label="DP" idref="s4_508"/>
			</nt>
			<nt id="s4_508" cat="np">
				<edge label="H" idref="s4_13"/>
				<edge label="DN" idref="s4_509"/>
			</nt>
			<nt id="s4_509" cat="fcl">
				<edge label="S" idref="s4_14"/>
				<edge label="P" idref="s4_15"/>
				<edge label="Cs" idref="s4_510"/>
				<edge label="fCs" idref="s4_18"/>
				<edge label="fA" idref="s4_511"/>
			</nt>
			<nt id="s4_510" cat="pp">
				<edge label="H" idref="s4_16"/>
				<edge label="DP" idref="s4_17"/>
			</nt>
			<nt id="s4_511" cat="advp">
				<edge label="H" idref="s4_19"/>
				<edge label="DA" idref="s4_512"/>
			</nt>
			<nt id="s4_512" cat="pp">
				<edge label="H" idref="s4_20"/>
				<edge label="DP" idref="s4_513"/>
			</nt>
			<nt id="s4_513" cat="np">
				<edge label="DN" idref="s4_21"/>
				<edge label="H" idref="s4_22"/>
			</nt>
		</nonterminals>
	</graph>
</s>

<s id="s5" ref="5" source="Running text" forest="1" text="o que gostei é dual chip.">
	<graph root="s5_500">
		<terminals>
			<t id="s5_1" word="o" lemma="o" pos="pron-dem" morph="DET M S" extra="dem"/>
			<t id="s5_2" word="que" lemma="que" pos="spec" morph="M S" extra="clb clb-fs rel"/>
			<t id="s5_3" word="gostei" lemma="gostar" pos="v-fin" morph="PS 1S IND VFIN" extra="vH mv np-close"/>
			<t id="s5_4" word="é" lemma="ser" pos="v-fin" morph="PR 3S IND VFIN" extra="vK fmc mv"/>
			<t id="s5_5" word="dual" lemma="dual" pos="adj" morph="M S" extra="nh"/>
			<t id="s5_6" word="chip" lemma="chip" pos="n" morph="M S" sem="cc" extra="--"/>
			<t id="s5_7" word="." lemma="--" pos="pu" morph="--" extra="--"/>
		</terminals>

		<nonterminals>
			<nt id="s5_500" cat="s">
				<edge label="UTT" idref="s5_501"/>
			</nt>
			<nt id="s5_501" cat="x">
				<edge label="DN" idref="s5_503"/>
				<edge label="S" idref="s5_2"/>
				<edge label="P" idref="s5_3"/>
				<edge label="P" idref="s5_4"/>
				<edge label="Cs" idref="s5_504"/>
				<edge label="PU" idref="s5_7"/>
			</nt>
			<nt id="s5_502" cat="fcl">
				<edge label="S" idref="s5_1"/>
			</nt>
			<nt id="s5_503" cat="fcl">
			</nt>
			<nt id="s5_504" cat="np">
				<edge label="DN" idref="s5_5"/>
				<edge label="H" idref="s5_6"/>
			</nt>
		</nonterminals>
	</graph>
</s>

<s id="s6" ref="6" source="Running text" forest="1" text="o que não gostei é da marca zte.">
	<graph root="s6_500">
		<terminals>
			<t id="s6_1" word="o" lemma="o" pos="pron-dem" morph="DET M S" extra="dem"/>
			<t id="s6_2" word="que" lemma="que" pos="spec" morph="M S" extra="clb clb-fs rel"/>
			<t id="s6_3" word="não" lemma="não" pos="adv" morph="--" extra="--"/>
			<t id="s6_4" word="gostei" lemma="gostar" pos="v-fin" morph="PS 1S IND VFIN" extra="vH mv np-close"/>
			<t id="s6_5" word="é" lemma="é" pos="adv" morph="--" extra="foc"/>
			<t id="s6_6" word="de" lemma="de" pos="prp" morph="--" extra="sam-"/>
			<t id="s6_7" word="a" lemma="o" pos="art" morph="F S" extra="-sam "/>
			<t id="s6_8" word="marca" lemma="marca" pos="n" morph="F S" sem="ac-sign Labs bar" extra="--"/>
			<t id="s6_9" word="zte" lemma="zte" pos="n" morph="F S" extra="heur"/>
			<t id="s6_10" word="." lemma="--" pos="pu" morph="--" extra="--"/>
		</terminals>

		<nonterminals>
			<nt id="s6_500" cat="s">
				<edge label="UTT" idref="s6_501"/>
			</nt>
			<nt id="s6_501" cat="x">
				<edge label="X" idref="s6_1"/>
				<edge label="DN" idref="s6_502"/>
				<edge label="S" idref="s6_2"/>
				<edge label="fA" idref="s6_3"/>
				<edge label="P" idref="s6_4"/>
				<edge label="fCs" idref="s6_9"/>
				<edge label="PU" idref="s6_10"/>
			</nt>
			<nt id="s6_502" cat="fcl">
				<edge label="Op" idref="s6_503"/>
				<edge label="DP" idref="s6_504"/>
				<edge label="FOC" idref="s6_5"/>
				<edge label="H" idref="s6_6"/>
			</nt>
			<nt id="s6_503" cat="pp">
			</nt>
			<nt id="s6_504" cat="np">
				<edge label="DN" idref="s6_7"/>
				<edge label="H" idref="s6_8"/>
			</nt>
		</nonterminals>
	</graph>
</s>

<s id="s7" ref="7" source="Running text" forest="1" text="celular que estraga muito rápido e não tem peças de reposição no brasil.">
	<graph root="s7_500">
		<terminals>
			<t id="s7_1" word="celular" lemma="celular" pos="adj" morph="M/F S" extra="nh"/>
			<t id="s7_2" word="que" lemma="que" pos="spec" morph="M S" extra="clb clb-fs rel"/>
			<t id="s7_3" word="estraga" lemma="estragar" pos="v-fin" morph="PR 3S IND VFIN" extra="mv np-close"/>
			<t id="s7_4" word="muito" lemma="muito" pos="adv" morph="--" extra="quant"/>
			<t id="s7_5" word="rápido" lemma="rápido" pos="adj" morph="M S" extra="adv"/>
			<t id="s7_6" word="e" lemma="e" pos="conj-c" morph="--" extra="topkc"/>
			<t id="s7_7" word="não" lemma="não" pos="adv" morph="--" extra="--"/>
			<t id="s7_8" word="tem" lemma="ter" pos="v-fin" morph="PR 3S IND VFIN" extra="fmc mv"/>
			<t id="s7_9" word="peças" lemma="peça" pos="n" morph="F P" sem="sem-c cc-h amount cc-gun furn" extra="--"/>
			<t id="s7_10" word="de" lemma="de" pos="prp" morph="--" extra="np-close"/>
			<t id="s7_11" word="reposição" lemma="reposição" pos="n" morph="F S" sem="act" extra="--"/>
			<t id="s7_12" word="em" lemma="em" pos="prp" morph="--" extra="sam-"/>
			<t id="s7_13" word="o" lemma="o" pos="art" morph="M S" extra="-sam "/>
			<t id="s7_14" word="brasil" lemma="brasil" pos="adj" morph="M S" extra="n DERS jh"/>
			<t id="s7_15" word="." lemma="--" pos="pu" morph="--" extra="--"/>
		</terminals>

		<nonterminals>
			<nt id="s7_500" cat="s">
				<edge label="X" idref="s7_501"/>
			</nt>
			<nt id="s7_501" cat="adjp">
				<edge label="H" idref="s7_1"/>
				<edge label="DN" idref="s7_502"/>
				<edge label="Od" idref="s7_2"/>
				<edge label="P" idref="s7_3"/>
				<edge label="fCs" idref="s7_503"/>
				<edge label="STA" idref="s7_504"/>
				<edge label="PU" idref="s7_15"/>
			</nt>
			<nt id="s7_502" cat="fcl">
			</nt>
			<nt id="s7_503" cat="adjp">
				<edge label="DA" idref="s7_4"/>
				<edge label="H" idref="s7_5"/>
			</nt>
			<nt id="s7_504" cat="fcl">
				<edge label="CO" idref="s7_6"/>
				<edge label="fA" idref="s7_7"/>
				<edge label="P" idref="s7_8"/>
				<edge label="Od" idref="s7_505"/>
				<edge label="fA" idref="s7_507"/>
			</nt>
			<nt id="s7_505" cat="np">
				<edge label="H" idref="s7_9"/>
				<edge label="DN" idref="s7_506"/>
			</nt>
			<nt id="s7_506" cat="pp">
				<edge label="H" idref="s7_10"/>
				<edge label="DP" idref="s7_11"/>
			</nt>
			<nt id="s7_507" cat="pp">
				<edge label="H" idref="s7_12"/>
				<edge label="DP" idref="s7_508"/>
			</nt>
			<nt id="s7_508" cat="np">
				<edge label="DN" idref="s7_13"/>
				<edge label="H" idref="s7_14"/>
			</nt>
		</nonterminals>
	</graph>
</s>

<s id="s8" ref="8" source="Running text" forest="1" text="e é de uma marca que desrespeita o código de defesa do consumidor.">
	<graph root="s8_500">
		<terminals>
			<t id="s8_1" word="e" lemma="e" pos="conj-c" morph="--" extra="topkc"/>
			<t id="s8_2" word="é" lemma="é" pos="adv" morph="--" extra="foc"/>
			<t id="s8_3" word="de" lemma="de" pos="prp" morph="--" extra="--"/>
			<t id="s8_4" word="uma" lemma="um" pos="art" morph="F S" extra="--"/>
			<t id="s8_5" word="marca" lemma="marca" pos="n" morph="F S" sem="ac-sign Labs bar" extra="--"/>
			<t id="s8_6" word="que" lemma="que" pos="adv" morph="--" extra="foc"/>
			<t id="s8_7" word="desrespeita" lemma="desrespeitar" pos="v-fin" morph="PR 3S IND VFIN" extra="vH fmc mv"/>
			<t id="s8_8" word="o" lemma="o" pos="art" morph="M S" extra="--"/>
			<t id="s8_9" word="código" lemma="código" pos="n" morph="M S" sem="sem-r" extra="--"/>
			<t id="s8_10" word="de" lemma="de" pos="prp" morph="--" extra="np-close"/>
			<t id="s8_11" word="defesa" lemma="defesa" pos="n" morph="F S" sem="act anzo HH act-s" extra="--"/>
			<t id="s8_12" word="de" lemma="de" pos="prp" morph="--" extra="sam- np-close"/>
			<t id="s8_13" word="o" lemma="o" pos="art" morph="M S" extra="-sam "/>
			<t id="s8_14" word="consumidor" lemma="consumidor" pos="n" morph="M S" sem="Hprof" extra="--"/>
			<t id="s8_15" word="." lemma="--" pos="pu" morph="--" extra="--"/>
		</terminals>

		<nonterminals>
			<nt id="s8_500" cat="s">
				<edge label="STA" idref="s8_501"/>
			</nt>
			<nt id="s8_501" cat="fcl">
				<edge label="CO" idref="s8_1"/>
				<edge label="FOC" idref="s8_2"/>
				<edge label="fA" idref="s8_502"/>
				<edge label="FOC" idref="s8_6"/>
				<edge label="P" idref="s8_7"/>
				<edge label="Od" idref="s8_504"/>
				<edge label="PU" idref="s8_15"/>
			</nt>
			<nt id="s8_502" cat="pp">
				<edge label="H" idref="s8_3"/>
				<edge label="DP" idref="s8_503"/>
			</nt>
			<nt id="s8_503" cat="np">
				<edge label="DN" idref="s8_4"/>
				<edge label="H" idref="s8_5"/>
			</nt>
			<nt id="s8_504" cat="np">
				<edge label="DN" idref="s8_8"/>
				<edge label="H" idref="s8_9"/>
				<edge label="DN" idref="s8_505"/>
			</nt>
			<nt id="s8_505" cat="pp">
				<edge label="H" idref="s8_10"/>
				<edge label="DP" idref="s8_506"/>
			</nt>
			<nt id="s8_506" cat="np">
				<edge label="H" idref="s8_11"/>
				<edge label="DN" idref="s8_507"/>
			</nt>
			<nt id="s8_507" cat="pp">
				<edge label="H" idref="s8_12"/>
				<edge label="DP" idref="s8_508"/>
			</nt>
			<nt id="s8_508" cat="np">
				<edge label="DN" idref="s8_13"/>
				<edge label="H" idref="s8_14"/>
			</nt>
		</nonterminals>
	</graph>
</s>

<s id="s9" ref="9" source="Running text" forest="1" text="sac não atende, não responde demais e não devolve celular em conserto ha mais de number dias..">
	<graph root="s9_500">
		<terminals>
			<t id="s9_1" word="sac" lemma="sac" pos="n" morph="M S" extra="heur"/>
			<t id="s9_2" word="não" lemma="não" pos="adv" morph="--" extra="--"/>
			<t id="s9_3" word="atende" lemma="atender" pos="v-fin" morph="PR 3S IND VFIN" extra="nosubj nosubj cjt-head cjt-head-STA vH fmc mv"/>
			<t id="s9_4" word="," lemma="--" pos="pu" morph="--" extra="--"/>
			<t id="s9_5" word="não" lemma="não" pos="adv" morph="--" extra="--"/>
			<t id="s9_6" word="responde" lemma="responder" pos="v-fin" morph="PR 3S IND VFIN" extra="nosubj nosubj cjt-STA fmc mv"/>
			<t id="s9_7" word="demais" lemma="demais" pos="adv" morph="--" extra="quant"/>
			<t id="s9_8" word="e" lemma="e" pos="conj-c" morph="--" extra="topkc"/>
			<t id="s9_9" word="não" lemma="não" pos="adv" morph="--" extra="--"/>
			<t id="s9_10" word="devolve" lemma="devolver" pos="v-fin" morph="PR 3S IND VFIN" extra="nosubj nosubj cjt-STA vH fmc mv"/>
			<t id="s9_11" word="celular" lemma="celular" pos="adj" morph="M/F S" extra="nh"/>
			<t id="s9_12" word="em" lemma="em" pos="prp" morph="--" extra="--"/>
			<t id="s9_13" word="conserto" lemma="conserto" pos="n" morph="M S" sem="act" extra="--"/>
			<t id="s9_14" word="ha" lemma="ha" pos="n" morph="F S/P" extra="--"/>
			<t id="s9_15" word="mais" lemma="mais" pos="adv" morph="--" extra="quant KOMP"/>
			<t id="s9_16" word="de" lemma="de" pos="prp" morph="--" extra="--"/>
			<t id="s9_17" word="number" lemma="number" pos="n" morph="M S" extra="heur"/>
			<t id="s9_18" word="dias" lemma="dia" pos="n" morph="M P" sem="temp dur per unit" extra="--"/>
			<t id="s9_19" word="." lemma="--" pos="pu" morph="--" extra="--"/>
			<t id="s9_20" word="." lemma="--" pos="pu" morph="--" extra="--"/>
		</terminals>

		<nonterminals>
			<nt id="s9_500" cat="s">
				<edge label="STA" idref="s9_501"/>
			</nt>
			<nt id="s9_501" cat="par">
				<edge label="CJT" idref="s9_502"/>
				<edge label="PU" idref="s9_4"/>
				<edge label="CJT" idref="s9_503"/>
				<edge label="CO" idref="s9_8"/>
				<edge label="CJT" idref="s9_504"/>
				<edge label="PU" idref="s9_19"/>
				<edge label="PU" idref="s9_20"/>
			</nt>
			<nt id="s9_502" cat="fcl">
				<edge label="S" idref="s9_1"/>
				<edge label="fA" idref="s9_2"/>
				<edge label="P" idref="s9_3"/>
			</nt>
			<nt id="s9_503" cat="x">
				<edge label="fA" idref="s9_5"/>
				<edge label="P" idref="s9_6"/>
				<edge label="fA" idref="s9_7"/>
			</nt>
			<nt id="s9_504" cat="x">
				<edge label="fA" idref="s9_9"/>
				<edge label="P" idref="s9_10"/>
				<edge label="fCs" idref="s9_11"/>
				<edge label="fA" idref="s9_505"/>
				<edge label="Od" idref="s9_14"/>
				<edge label="fA" idref="s9_506"/>
				<edge label="fCs" idref="s9_18"/>
			</nt>
			<nt id="s9_505" cat="pp">
				<edge label="H" idref="s9_12"/>
				<edge label="DP" idref="s9_13"/>
			</nt>
			<nt id="s9_506" cat="advp">
				<edge label="H" idref="s9_15"/>
				<edge label="DAcom" idref="s9_507"/>
			</nt>
			<nt id="s9_507" cat="pp">
				<edge label="H" idref="s9_16"/>
				<edge label="DP" idref="s9_17"/>
			</nt>
		</nonterminals>
	</graph>
</s>

	</body>
</corpus>
