<?xml version="1.0" encoding="UTF-8"?>
<corpus>

	<body>
<s id="s1" ref="1" source="Running text" forest="1" text="adquiri em fevereiro deste ano um motorola xt305.">
	<graph root="s1_500">
		<terminals>
			<t id="s1_1" word="adquiri" lemma="adquirir" pos="v-fin" morph="PS 1S IND VFIN" extra="vH fmc mv"/>
			<t id="s1_2" word="em" lemma="em" pos="prp" morph="--" extra="--"/>
			<t id="s1_3" word="fevereiro" lemma="fevereiro" pos="n" morph="M S" extra="--"/>
			<t id="s1_4" word="de" lemma="de" pos="prp" morph="--" extra="sam- np-close"/>
			<t id="s1_5" word="este" lemma="este" pos="pron-dem" morph="DET M S" extra="dem -sam"/>
			<t id="s1_6" word="ano" lemma="ano" pos="n" morph="M S" sem="dur temp per unit" extra="--"/>
			<t id="s1_7" word="um" lemma="um" pos="num" morph="M S" extra="card np-close"/>
			<t id="s1_8" word="motorola" lemma="motorola" pos="n" morph="F S" sem="Aorn" extra="cjt-head cjt-head-Od DERP"/>
			<t id="s1_9" word="xt305" lemma="xt305" pos="n" morph="F S" extra="cjt-Od heur"/>
			<t id="s1_10" word="." lemma="--" pos="pu" morph="--" extra="--"/>
		</terminals>

		<nonterminals>
			<nt id="s1_500" cat="s">
				<edge label="STA" idref="s1_501"/>
			</nt>
			<nt id="s1_501" cat="fcl">
				<edge label="P" idref="s1_1"/>
				<edge label="fA" idref="s1_502"/>
				<edge label="Od" idref="s1_506"/>
				<edge label="PU" idref="s1_10"/>
			</nt>
			<nt id="s1_502" cat="pp">
				<edge label="H" idref="s1_2"/>
				<edge label="DP" idref="s1_503"/>
			</nt>
			<nt id="s1_503" cat="np">
				<edge label="H" idref="s1_3"/>
				<edge label="DN" idref="s1_504"/>
			</nt>
			<nt id="s1_504" cat="pp">
				<edge label="H" idref="s1_4"/>
				<edge label="DP" idref="s1_505"/>
			</nt>
			<nt id="s1_505" cat="np">
				<edge label="DN" idref="s1_5"/>
				<edge label="H" idref="s1_6"/>
				<edge label="DN" idref="s1_7"/>
			</nt>
			<nt id="s1_506" cat="par">
				<edge label="CJT" idref="s1_8"/>
				<edge label="CJT" idref="s1_9"/>
			</nt>
		</nonterminals>
	</graph>
</s>

<s id="s2" ref="2" source="Running text" forest="1" text="em uma comparação que realizei com outros modelos, verifiquei que este modelo possuía mais recursos por um preço atrativo.">
	<graph root="s2_500">
		<terminals>
			<t id="s2_1" word="em" lemma="em" pos="prp" morph="--" extra="--"/>
			<t id="s2_2" word="uma" lemma="um" pos="art" morph="F S" extra="--"/>
			<t id="s2_3" word="comparação" lemma="comparação" pos="n" morph="F S" sem="act" extra="--"/>
			<t id="s2_4" word="que" lemma="que" pos="spec" morph="M S" extra="clb clb-fs rel"/>
			<t id="s2_5" word="realizei" lemma="realizar" pos="v-fin" morph="PS 1S IND VFIN" extra="vH mv np-close"/>
			<t id="s2_6" word="com" lemma="com" pos="prp" morph="--" extra="--"/>
			<t id="s2_7" word="outros" lemma="outro" pos="pron-indef" morph="DET M P" extra="diff KOMP"/>
			<t id="s2_8" word="modelos" lemma="modelo" pos="n" morph="M P" sem="ac Hprof" extra="--"/>
			<t id="s2_9" word="," lemma="--" pos="pu" morph="--" extra="--"/>
			<t id="s2_10" word="verifiquei" lemma="verificar" pos="v-fin" morph="PS 1S IND VFIN" extra="fmc mv"/>
			<t id="s2_11" word="que" lemma="que" pos="conj-s" morph="--" extra="clb clb-fs"/>
			<t id="s2_12" word="este" lemma="este" pos="pron-dem" morph="DET M S" extra="dem"/>
			<t id="s2_13" word="modelo" lemma="modelo" pos="n" morph="M S" sem="ac Hprof" extra="--"/>
			<t id="s2_14" word="possuía" lemma="possuir" pos="v-fin" morph="IMPF 3S IND VFIN" extra="vH mv"/>
			<t id="s2_15" word="mais" lemma="muito" pos="pron-indef" morph="DET M P" extra="quant KOMP"/>
			<t id="s2_16" word="recursos" lemma="recurso" pos="n" morph="M P" sem="ac act-d sem-s mon" extra="--"/>
			<t id="s2_17" word="por" lemma="por" pos="prp" morph="--" extra="--"/>
			<t id="s2_18" word="um" lemma="um" pos="art" morph="M S" extra="--"/>
			<t id="s2_19" word="preço" lemma="preço" pos="n" morph="M S" sem="f-q" extra="--"/>
			<t id="s2_20" word="atrativo" lemma="atrativo" pos="adj" morph="M S" extra="np-close"/>
			<t id="s2_21" word="." lemma="--" pos="pu" morph="--" extra="--"/>
		</terminals>

		<nonterminals>
			<nt id="s2_500" cat="s">
				<edge label="STA" idref="s2_501"/>
			</nt>
			<nt id="s2_501" cat="fcl">
				<edge label="fA" idref="s2_502"/>
				<edge label="PU" idref="s2_9"/>
				<edge label="P" idref="s2_10"/>
				<edge label="Od" idref="s2_507"/>
				<edge label="PU" idref="s2_21"/>
			</nt>
			<nt id="s2_502" cat="pp">
				<edge label="H" idref="s2_1"/>
				<edge label="DP" idref="s2_503"/>
			</nt>
			<nt id="s2_503" cat="np">
				<edge label="DN" idref="s2_2"/>
				<edge label="H" idref="s2_3"/>
				<edge label="DN" idref="s2_504"/>
			</nt>
			<nt id="s2_504" cat="fcl">
				<edge label="Od" idref="s2_4"/>
				<edge label="P" idref="s2_5"/>
				<edge label="fA" idref="s2_505"/>
			</nt>
			<nt id="s2_505" cat="pp">
				<edge label="H" idref="s2_6"/>
				<edge label="DP" idref="s2_506"/>
			</nt>
			<nt id="s2_506" cat="np">
				<edge label="DN" idref="s2_7"/>
				<edge label="H" idref="s2_8"/>
			</nt>
			<nt id="s2_507" cat="fcl">
				<edge label="SUB" idref="s2_11"/>
				<edge label="S" idref="s2_508"/>
				<edge label="P" idref="s2_14"/>
				<edge label="Od" idref="s2_509"/>
				<edge label="fA" idref="s2_510"/>
			</nt>
			<nt id="s2_508" cat="np">
				<edge label="DN" idref="s2_12"/>
				<edge label="H" idref="s2_13"/>
			</nt>
			<nt id="s2_509" cat="np">
				<edge label="DN" idref="s2_15"/>
				<edge label="H" idref="s2_16"/>
			</nt>
			<nt id="s2_510" cat="pp">
				<edge label="H" idref="s2_17"/>
				<edge label="DP" idref="s2_511"/>
			</nt>
			<nt id="s2_511" cat="np">
				<edge label="DN" idref="s2_18"/>
				<edge label="H" idref="s2_19"/>
				<edge label="DN" idref="s2_20"/>
			</nt>
		</nonterminals>
	</graph>
</s>

<s id="s3" ref="3" source="Running text" forest="1" text="instalei apenas dois aplicativos leves e utilizo apenas cerca de number da memória disponível no cartão sd.">
	<graph root="s3_500">
		<terminals>
			<t id="s3_1" word="instalei" lemma="instalar" pos="v-fin" morph="PS 1S IND VFIN" extra="nosubj nosubj cjt-head cjt-head-STA vH fmc mv"/>
			<t id="s3_2" word="apenas" lemma="apenas" pos="adv" morph="--" extra="--"/>
			<t id="s3_3" word="dois" lemma="dois" pos="num" morph="M P" extra="card"/>
			<t id="s3_4" word="aplicativos" lemma="aplicativo" pos="n" morph="M P" sem="sem-c" extra="--"/>
			<t id="s3_5" word="leves" lemma="leve" pos="adj" morph="M P" extra="jh np-close"/>
			<t id="s3_6" word="e" lemma="e" pos="conj-c" morph="--" extra="topkc"/>
			<t id="s3_7" word="utilizo" lemma="utilizar" pos="v-fin" morph="PR 1S IND VFIN" extra="nosubj nosubj cjt-STA vH fmc mv"/>
			<t id="s3_8" word="apenas" lemma="apenas" pos="adv" morph="--" extra="--"/>
			<t id="s3_9" word="cerca_de" lemma="cerca_de" pos="adv" morph="--" extra="--"/>
			<t id="s3_10" word="number" lemma="number" pos="n" morph="M S" extra="heur"/>
			<t id="s3_11" word="de" lemma="de" pos="prp" morph="--" extra="sam- np-close"/>
			<t id="s3_12" word="a" lemma="o" pos="art" morph="F S" extra="-sam "/>
			<t id="s3_13" word="memória" lemma="memória" pos="n" morph="F S" sem="sem-c sem-r" extra="--"/>
			<t id="s3_14" word="disponível" lemma="disponível" pos="adj" morph="F S" extra="nh np-close"/>
			<t id="s3_15" word="em" lemma="em" pos="prp" morph="--" extra="sam- np-long"/>
			<t id="s3_16" word="o" lemma="o" pos="art" morph="M S" extra="-sam "/>
			<t id="s3_17" word="cartão" lemma="cartão" pos="n" morph="M S" sem="cm cc-r" extra="--"/>
			<t id="s3_18" word="sd" lemma="sd" pos="n" morph="M/F S" extra="foreign"/>
			<t id="s3_19" word="." lemma="--" pos="pu" morph="--" extra="--"/>
		</terminals>

		<nonterminals>
			<nt id="s3_500" cat="s">
				<edge label="STA" idref="s3_501"/>
			</nt>
			<nt id="s3_501" cat="par">
				<edge label="CJT" idref="s3_502"/>
				<edge label="CO" idref="s3_6"/>
				<edge label="CJT" idref="s3_505"/>
				<edge label="PU" idref="s3_19"/>
			</nt>
			<nt id="s3_502" cat="fcl">
				<edge label="P" idref="s3_1"/>
				<edge label="Od" idref="s3_503"/>
			</nt>
			<nt id="s3_503" cat="np">
				<edge label="DN" idref="s3_504"/>
				<edge label="H" idref="s3_4"/>
				<edge label="DN" idref="s3_5"/>
			</nt>
			<nt id="s3_504" cat="adjp">
				<edge label="DA" idref="s3_2"/>
				<edge label="H" idref="s3_3"/>
			</nt>
			<nt id="s3_505" cat="x">
				<edge label="P" idref="s3_7"/>
				<edge label="fA" idref="s3_506"/>
				<edge label="Od" idref="s3_507"/>
			</nt>
			<nt id="s3_506" cat="advp">
				<edge label="DA" idref="s3_8"/>
				<edge label="H" idref="s3_9"/>
			</nt>
			<nt id="s3_507" cat="np">
				<edge label="H" idref="s3_10"/>
				<edge label="DN" idref="s3_508"/>
			</nt>
			<nt id="s3_508" cat="pp">
				<edge label="H" idref="s3_11"/>
				<edge label="DP" idref="s3_509"/>
			</nt>
			<nt id="s3_509" cat="np">
				<edge label="DN" idref="s3_12"/>
				<edge label="H" idref="s3_13"/>
				<edge label="DN" idref="s3_14"/>
				<edge label="DN" idref="s3_510"/>
			</nt>
			<nt id="s3_510" cat="pp">
				<edge label="H" idref="s3_15"/>
				<edge label="DP" idref="s3_511"/>
				<edge label="fCs" idref="s3_18"/>
			</nt>
			<nt id="s3_511" cat="np">
				<edge label="DN" idref="s3_16"/>
				<edge label="H" idref="s3_17"/>
			</nt>
		</nonterminals>
	</graph>
</s>

<s id="s4" ref="4" source="Running text" forest="1" text="com o uso o aplicativo que gerência as mensagens de texto começou a ficar cada vez mais lento, até travar e não mais ser possível visualizar mensagens.">
	<graph root="s4_500">
		<terminals>
			<t id="s4_1" word="com" lemma="com" pos="prp" morph="--" extra="clb"/>
			<t id="s4_2" word="o" lemma="ele" pos="pron-pers" morph="M 3S ACC" extra="--"/>
			<t id="s4_3" word="uso" lemma="usar" pos="v-fin" morph="PR 1S IND VFIN" extra="vH fmc mv"/>
			<t id="s4_4" word="o" lemma="o" pos="art" morph="M S" extra="--"/>
			<t id="s4_5" word="aplicativo" lemma="aplicativo" pos="n" morph="M S" sem="sem-c" extra="--"/>
			<t id="s4_6" word="que" lemma="que" pos="spec" morph="M S" extra="clb clb-fs rel"/>
			<t id="s4_7" word="gerência" lemma="gerência" pos="n" morph="F S" sem="HH" extra="--"/>
			<t id="s4_8" word="as" lemma="o" pos="art" morph="F P" extra="--"/>
			<t id="s4_9" word="mensagens" lemma="mensagem" pos="n" morph="F P" sem="sem-s" extra="--"/>
			<t id="s4_10" word="de" lemma="de" pos="prp" morph="--" extra="np-close"/>
			<t id="s4_11" word="texto" lemma="texto" pos="n" morph="M S" sem="sem-r" extra="--"/>
			<t id="s4_12" word="começou" lemma="começar" pos="v-fin" morph="PS 3S IND VFIN" extra="vH aux np-close"/>
			<t id="s4_13" word="a" lemma="a" pos="prp" morph="--" extra="--"/>
			<t id="s4_14" word="ficar" lemma="ficar" pos="v-inf" morph="--" extra="vK mv"/>
			<t id="s4_15" word="cada_vez_mais" lemma="cada_vez_mais" pos="adv" morph="--" extra="quant"/>
			<t id="s4_16" word="lento" lemma="lento" pos="adj" morph="M S" extra="nh"/>
			<t id="s4_17" word="," lemma="--" pos="pu" morph="--" extra="--"/>
			<t id="s4_18" word="até" lemma="até" pos="prp" morph="--" extra="--"/>
			<t id="s4_19" word="travar" lemma="travar" pos="v-inf" morph="--" extra="cjt-head cjt-head-DP mv"/>
			<t id="s4_20" word="e" lemma="e" pos="conj-c" morph="--" extra="--"/>
			<t id="s4_21" word="não_mais" lemma="não_mais" pos="adv" morph="--" extra="--"/>
			<t id="s4_22" word="ser" lemma="ser" pos="v-inf" morph="--" extra="cjt-DP vK mv"/>
			<t id="s4_23" word="possível" lemma="possível" pos="adj" morph="F S" extra="nh"/>
			<t id="s4_24" word="visualizar" lemma="visualizar" pos="v-inf" morph="--" extra="vH mv"/>
			<t id="s4_25" word="mensagens" lemma="mensagem" pos="n" morph="F P" sem="sem-s" extra="--"/>
			<t id="s4_26" word="." lemma="--" pos="pu" morph="--" extra="--"/>
		</terminals>

		<nonterminals>
			<nt id="s4_500" cat="s">
				<edge label="STA" idref="s4_501"/>
			</nt>
			<nt id="s4_501" cat="fcl">
				<edge label="fA" idref="s4_1"/>
				<edge label="Od" idref="s4_2"/>
				<edge label="P" idref="s4_3"/>
				<edge label="fA" idref="s4_502"/>
				<edge label="DP" idref="s4_503"/>
				<edge label="CJT" idref="s4_504"/>
				<edge label="fCs" idref="s4_505"/>
				<edge label="DN" idref="s4_4"/>
				<edge label="DN" idref="s4_506"/>
				<edge label="CJT" idref="s4_508"/>
				<edge label="Od" idref="s4_6"/>
				<edge label="S" idref="s4_7"/>
				<edge label="fCs" idref="s4_509"/>
				<edge label="P" idref="s4_512"/>
				<edge label="Cs" idref="s4_513"/>
				<edge label="PU" idref="s4_17"/>
				<edge label="CJT" idref="s4_515"/>
				<edge label="UTT" idref="s4_517"/>
				<edge label="P" idref="s4_24"/>
				<edge label="Od" idref="s4_25"/>
				<edge label="PU" idref="s4_26"/>
			</nt>
			<nt id="s4_502" cat="pp">
				<edge label="DP" idref="s4_507"/>
				<edge label="H" idref="s4_18"/>
				<edge label="DP" idref="s4_514"/>
			</nt>
			<nt id="s4_503" cat="par">
			</nt>
			<nt id="s4_504" cat="icl">
			</nt>
			<nt id="s4_505" cat="np">
			</nt>
			<nt id="s4_506" cat="fcl">
			</nt>
			<nt id="s4_507" cat="par">
			</nt>
			<nt id="s4_508" cat="icl">
			</nt>
			<nt id="s4_509" cat="np">
				<edge label="DN" idref="s4_8"/>
				<edge label="H" idref="s4_9"/>
				<edge label="DN" idref="s4_510"/>
			</nt>
			<nt id="s4_510" cat="pp">
				<edge label="H" idref="s4_10"/>
				<edge label="DP" idref="s4_511"/>
			</nt>
			<nt id="s4_511" cat="np">
				<edge label="H" idref="s4_11"/>
				<edge label="P" idref="s4_19"/>
				<edge label="CO" idref="s4_20"/>
				<edge label="FOC" idref="s4_21"/>
			</nt>
			<nt id="s4_512" cat="vp">
				<edge label="Vaux" idref="s4_12"/>
				<edge label="SUBaux" idref="s4_13"/>
				<edge label="Vm" idref="s4_14"/>
			</nt>
			<nt id="s4_513" cat="adjp">
				<edge label="DA" idref="s4_15"/>
				<edge label="H" idref="s4_16"/>
			</nt>
			<nt id="s4_514" cat="par">
				<edge label="CJT" idref="s4_516"/>
			</nt>
			<nt id="s4_515" cat="icl">
			</nt>
			<nt id="s4_516" cat="icl">
				<edge label="P" idref="s4_22"/>
				<edge label="Cs" idref="s4_23"/>
			</nt>
			<nt id="s4_517" cat="icl">
			</nt>
		</nonterminals>
	</graph>
</s>

<s id="s5" ref="5" source="Running text" forest="1" text="a o enviar ou abrir mensagens com fotos, o aplicativo trava imediatamente.">
	<graph root="s5_500">
		<terminals>
			<t id="s5_1" word="a" lemma="a" pos="prp" morph="--" extra="sam-"/>
			<t id="s5_2" word="o" lemma="o" pos="art" morph="M S" extra="-sam "/>
			<t id="s5_3" word="enviar" lemma="enviar" pos="v-inf" morph="--" extra="vH mv"/>
			<t id="s5_4" word="ou" lemma="ou" pos="conj-c" morph="--" extra="topkc"/>
			<t id="s5_5" word="abrir" lemma="abrir" pos="v-inf" morph="--" extra="vH mv"/>
			<t id="s5_6" word="mensagens" lemma="mensagem" pos="n" morph="F P" sem="sem-s" extra="--"/>
			<t id="s5_7" word="com" lemma="com" pos="prp" morph="--" extra="np-close"/>
			<t id="s5_8" word="fotos" lemma="foto" pos="n" morph="F P" sem="pict" extra="--"/>
			<t id="s5_9" word="," lemma="--" pos="pu" morph="--" extra="--"/>
			<t id="s5_10" word="o" lemma="o" pos="art" morph="M S" extra="--"/>
			<t id="s5_11" word="aplicativo" lemma="aplicativo" pos="n" morph="M S" sem="sem-c" extra="--"/>
			<t id="s5_12" word="trava" lemma="travar" pos="v-fin" morph="PR 3S IND VFIN" extra="fmc mv"/>
			<t id="s5_13" word="imediatamente" lemma="imediatamente" pos="adv" morph="--" extra="--"/>
			<t id="s5_14" word="." lemma="--" pos="pu" morph="--" extra="--"/>
		</terminals>

		<nonterminals>
			<nt id="s5_500" cat="s">
				<edge label="STA" idref="s5_501"/>
			</nt>
			<nt id="s5_501" cat="fcl">
				<edge label="fA" idref="s5_502"/>
				<edge label="CO" idref="s5_4"/>
				<edge label="PU" idref="s5_9"/>
				<edge label="S" idref="s5_507"/>
				<edge label="P" idref="s5_12"/>
				<edge label="fA" idref="s5_13"/>
				<edge label="PU" idref="s5_14"/>
			</nt>
			<nt id="s5_502" cat="pp">
				<edge label="H" idref="s5_1"/>
				<edge label="DP" idref="s5_503"/>
				<edge label="DP" idref="s5_504"/>
			</nt>
			<nt id="s5_503" cat="np">
				<edge label="DN" idref="s5_2"/>
				<edge label="P" idref="s5_3"/>
			</nt>
			<nt id="s5_504" cat="icl">
				<edge label="P" idref="s5_5"/>
				<edge label="Od" idref="s5_505"/>
			</nt>
			<nt id="s5_505" cat="np">
				<edge label="H" idref="s5_6"/>
				<edge label="DN" idref="s5_506"/>
			</nt>
			<nt id="s5_506" cat="pp">
				<edge label="H" idref="s5_7"/>
				<edge label="DP" idref="s5_8"/>
			</nt>
			<nt id="s5_507" cat="np">
				<edge label="DN" idref="s5_10"/>
				<edge label="H" idref="s5_11"/>
			</nt>
		</nonterminals>
	</graph>
</s>

<s id="s6" ref="6" source="Running text" forest="1" text="quando entrei em contato com o atendimento motorola, fui orientado a &quot;restaurar �o telefone, perdendo todas as configurações pessoais.">
	<graph root="s6_500">
		<terminals>
			<t id="s6_1" word="quando" lemma="quando" pos="adv" morph="--" extra="clb clb-fs rel ks"/>
			<t id="s6_2" word="entrei" lemma="entrar" pos="v-fin" morph="PS 1S IND VFIN" extra="vH mv"/>
			<t id="s6_3" word="em" lemma="em" pos="prp" morph="--" extra="--"/>
			<t id="s6_4" word="contato" lemma="contato" pos="n" morph="M S" sem="ac H" extra="--"/>
			<t id="s6_5" word="com" lemma="com" pos="prp" morph="--" extra="np-close"/>
			<t id="s6_6" word="o" lemma="o" pos="art" morph="M S" extra="--"/>
			<t id="s6_7" word="atendimento" lemma="atendimento" pos="n" morph="M S" sem="act" extra="--"/>
			<t id="s6_8" word="motorola" lemma="motorola" pos="n" morph="F S" sem="Aorn" extra="DERP"/>
			<t id="s6_9" word="," lemma="--" pos="pu" morph="--" extra="--"/>
			<t id="s6_10" word="fui" lemma="ser" pos="v-fin" morph="PS 1S IND VFIN" extra="fmc aux"/>
			<t id="s6_11" word="orientado" lemma="orientar" pos="v-pcp" morph="M S" extra="vH mv"/>
			<t id="s6_12" word="a" lemma="a" pos="prp" morph="--" extra="--"/>
			<t id="s6_13" word="&quot;" lemma="--" pos="pu" morph="--" extra="--"/>
			<t id="s6_14" word="restaurar" lemma="restaurar" pos="v-inf" morph="--" extra="vH mv"/>
			<t id="s6_15" word="&quot;" lemma="--" pos="pu" morph="--" extra="--"/>
			<t id="s6_16" word="o" lemma="o" pos="art" morph="M S" extra="--"/>
			<t id="s6_17" word="telefone" lemma="telefone" pos="n" morph="M S" sem="tool" extra="--"/>
			<t id="s6_18" word="," lemma="--" pos="pu" morph="--" extra="--"/>
			<t id="s6_19" word="perdendo" lemma="perder" pos="v-ger" morph="--" extra="clb mv"/>
			<t id="s6_20" word="todas_as" lemma="todo_o" pos="pron-indef" morph="DET F P" extra="quant"/>
			<t id="s6_21" word="configurações" lemma="configuração" pos="n" morph="F P" sem="act ac" extra="--"/>
			<t id="s6_22" word="pessoais" lemma="pessoal" pos="adj" morph="F P" extra="nh np-close"/>
			<t id="s6_23" word="." lemma="--" pos="pu" morph="--" extra="--"/>
		</terminals>

		<nonterminals>
			<nt id="s6_500" cat="s">
				<edge label="STA" idref="s6_501"/>
			</nt>
			<nt id="s6_501" cat="fcl">
				<edge label="fA" idref="s6_502"/>
				<edge label="fCs" idref="s6_8"/>
				<edge label="PU" idref="s6_9"/>
				<edge label="P" idref="s6_507"/>
				<edge label="fA" idref="s6_508"/>
				<edge label="PU" idref="s6_23"/>
			</nt>
			<nt id="s6_502" cat="fcl">
				<edge label="fA" idref="s6_1"/>
				<edge label="P" idref="s6_2"/>
				<edge label="As" idref="s6_503"/>
			</nt>
			<nt id="s6_503" cat="pp">
				<edge label="H" idref="s6_3"/>
				<edge label="DP" idref="s6_504"/>
			</nt>
			<nt id="s6_504" cat="np">
				<edge label="H" idref="s6_4"/>
				<edge label="DN" idref="s6_505"/>
			</nt>
			<nt id="s6_505" cat="pp">
				<edge label="H" idref="s6_5"/>
				<edge label="DP" idref="s6_506"/>
			</nt>
			<nt id="s6_506" cat="np">
				<edge label="DN" idref="s6_6"/>
				<edge label="H" idref="s6_7"/>
			</nt>
			<nt id="s6_507" cat="vp">
				<edge label="Vaux" idref="s6_10"/>
				<edge label="Vm" idref="s6_11"/>
			</nt>
			<nt id="s6_508" cat="pp">
				<edge label="H" idref="s6_12"/>
				<edge label="PU" idref="s6_13"/>
				<edge label="DP" idref="s6_509"/>
			</nt>
			<nt id="s6_509" cat="icl">
				<edge label="P" idref="s6_14"/>
				<edge label="PU" idref="s6_15"/>
				<edge label="Od" idref="s6_510"/>
				<edge label="PU" idref="s6_18"/>
				<edge label="fA" idref="s6_511"/>
			</nt>
			<nt id="s6_510" cat="np">
				<edge label="DN" idref="s6_16"/>
				<edge label="H" idref="s6_17"/>
			</nt>
			<nt id="s6_511" cat="advp">
				<edge label="P" idref="s6_19"/>
				<edge label="Od" idref="s6_512"/>
			</nt>
			<nt id="s6_512" cat="np">
				<edge label="DN" idref="s6_20"/>
				<edge label="H" idref="s6_21"/>
				<edge label="DN" idref="s6_22"/>
			</nt>
		</nonterminals>
	</graph>
</s>

<s id="s7" ref="7" source="Running text" forest="1" text="a o fazer isso, o aplicativo volta a funcionar corretamente no momento, mas logo passa a ficar cada vez mais lento até travar.">
	<graph root="s7_500">
		<terminals>
			<t id="s7_1" word="a" lemma="a" pos="prp" morph="--" extra="sam-"/>
			<t id="s7_2" word="o" lemma="o" pos="art" morph="M S" extra="-sam "/>
			<t id="s7_3" word="fazer" lemma="fazer" pos="v-inf" morph="--" extra="mv"/>
			<t id="s7_4" word="isso" lemma="isso" pos="spec" morph="M S" extra="cjt-head cjt-head-Od dem"/>
			<t id="s7_5" word="," lemma="--" pos="pu" morph="--" extra="--"/>
			<t id="s7_6" word="o" lemma="o" pos="art" morph="M S" extra="--"/>
			<t id="s7_7" word="aplicativo" lemma="aplicativo" pos="n" morph="M S" sem="sem-c" extra="cjt-Od"/>
			<t id="s7_8" word="volta" lemma="voltar" pos="v-pcp" morph="F S" extra="--"/>
			<t id="s7_9" word="a" lemma="a" pos="prp" morph="--" extra="mv"/>
			<t id="s7_10" word="funcionar" lemma="funcionar" pos="v-inf" morph="--" extra="mv"/>
			<t id="s7_11" word="corretamente" lemma="corretamente" pos="adv" morph="--" extra="nh"/>
			<t id="s7_12" word="em" lemma="em" pos="prp" morph="--" extra="sam-"/>
			<t id="s7_13" word="o" lemma="o" pos="art" morph="M S" extra="-sam "/>
			<t id="s7_14" word="momento" lemma="momento" pos="n" morph="M S" sem="dur f-q" extra="--"/>
			<t id="s7_15" word="," lemma="--" pos="pu" morph="--" extra="--"/>
			<t id="s7_16" word="mas" lemma="mas" pos="conj-c" morph="--" extra="--"/>
			<t id="s7_17" word="logo" lemma="logo" pos="adv" morph="--" extra="kc"/>
			<t id="s7_18" word="passa" lemma="passar" pos="v-fin" morph="PR 3S IND VFIN" extra="fmc aux"/>
			<t id="s7_19" word="a" lemma="a" pos="prp" morph="--" extra="--"/>
			<t id="s7_20" word="ficar" lemma="ficar" pos="v-inf" morph="--" extra="vK mv"/>
			<t id="s7_21" word="cada_vez_mais" lemma="cada_vez_mais" pos="adv" morph="--" extra="quant"/>
			<t id="s7_22" word="lento" lemma="lento" pos="adj" morph="M S" extra="nh"/>
			<t id="s7_23" word="até" lemma="até" pos="prp" morph="--" extra="--"/>
			<t id="s7_24" word="travar" lemma="travar" pos="v-inf" morph="--" extra="mv"/>
			<t id="s7_25" word="." lemma="--" pos="pu" morph="--" extra="--"/>
		</terminals>

		<nonterminals>
			<nt id="s7_500" cat="s">
				<edge label="UTT" idref="s7_501"/>
			</nt>
			<nt id="s7_501" cat="x">
				<edge label="Vm" idref="s7_9"/>
				<edge label="UTT" idref="s7_508"/>
				<edge label="P" idref="s7_10"/>
				<edge label="fA" idref="s7_11"/>
				<edge label="fA" idref="s7_509"/>
				<edge label="fA" idref="s7_17"/>
				<edge label="P" idref="s7_511"/>
				<edge label="Cs" idref="s7_512"/>
				<edge label="fA" idref="s7_513"/>
				<edge label="PU" idref="s7_25"/>
			</nt>
			<nt id="s7_502" cat="fcl">
				<edge label="fA" idref="s7_503"/>
				<edge label="S" idref="s7_8"/>
				<edge label="P" idref="s7_507"/>
			</nt>
			<nt id="s7_503" cat="pp">
				<edge label="H" idref="s7_1"/>
				<edge label="DP" idref="s7_504"/>
			</nt>
			<nt id="s7_504" cat="np">
				<edge label="DN" idref="s7_2"/>
				<edge label="P" idref="s7_3"/>
				<edge label="Od" idref="s7_505"/>
			</nt>
			<nt id="s7_505" cat="par">
				<edge label="CJT" idref="s7_4"/>
				<edge label="PU" idref="s7_5"/>
				<edge label="CJT" idref="s7_506"/>
			</nt>
			<nt id="s7_506" cat="np">
				<edge label="DN" idref="s7_6"/>
				<edge label="H" idref="s7_7"/>
			</nt>
			<nt id="s7_507" cat="vp">
			</nt>
			<nt id="s7_508" cat="icl">
			</nt>
			<nt id="s7_509" cat="pp">
				<edge label="H" idref="s7_12"/>
				<edge label="DP" idref="s7_510"/>
			</nt>
			<nt id="s7_510" cat="np">
				<edge label="DN" idref="s7_13"/>
				<edge label="H" idref="s7_14"/>
				<edge label="PU" idref="s7_15"/>
				<edge label="CO" idref="s7_16"/>
			</nt>
			<nt id="s7_511" cat="vp">
				<edge label="Vaux" idref="s7_18"/>
				<edge label="SUBaux" idref="s7_19"/>
				<edge label="Vm" idref="s7_20"/>
			</nt>
			<nt id="s7_512" cat="adjp">
				<edge label="DA" idref="s7_21"/>
				<edge label="H" idref="s7_22"/>
			</nt>
			<nt id="s7_513" cat="pp">
				<edge label="H" idref="s7_23"/>
				<edge label="DP" idref="s7_24"/>
			</nt>
		</nonterminals>
	</graph>
</s>

<s id="s8" ref="8" source="Running text" forest="1" text="já realizei este procedimento por duas vezes e a falha volta a ocorrer.">
	<graph root="s8_500">
		<terminals>
			<t id="s8_1" word="já" lemma="já" pos="adv" morph="--" extra="--"/>
			<t id="s8_2" word="realizei" lemma="realizar" pos="v-fin" morph="PS 1S IND VFIN" extra="nosubj nosubj cjt-head cjt-head-STA vH fmc mv"/>
			<t id="s8_3" word="este" lemma="este" pos="pron-dem" morph="DET M S" extra="dem"/>
			<t id="s8_4" word="procedimento" lemma="procedimento" pos="n" morph="M S" sem="activity" extra="--"/>
			<t id="s8_5" word="por" lemma="por" pos="prp" morph="--" extra="--"/>
			<t id="s8_6" word="duas" lemma="dois" pos="num" morph="F P" extra="card"/>
			<t id="s8_7" word="vezes" lemma="vez" pos="n" morph="F P" sem="temp" extra="--"/>
			<t id="s8_8" word="e" lemma="e" pos="conj-c" morph="--" extra="--"/>
			<t id="s8_9" word="a" lemma="o" pos="art" morph="F S" extra="--"/>
			<t id="s8_10" word="falha" lemma="falha" pos="n" morph="F S" sem="f-c Lopening Ltop" extra="--"/>
			<t id="s8_11" word="volta" lemma="voltar" pos="v-fin" morph="PR 3S IND VFIN" extra="cjt-STA fmc aux"/>
			<t id="s8_12" word="a" lemma="a" pos="prp" morph="--" extra="--"/>
			<t id="s8_13" word="ocorrer" lemma="ocorrer" pos="v-inf" morph="--" extra="vN mv"/>
			<t id="s8_14" word="." lemma="--" pos="pu" morph="--" extra="--"/>
		</terminals>

		<nonterminals>
			<nt id="s8_500" cat="s">
				<edge label="STA" idref="s8_501"/>
			</nt>
			<nt id="s8_501" cat="par">
				<edge label="CJT" idref="s8_502"/>
				<edge label="CJT" idref="s8_506"/>
				<edge label="PU" idref="s8_14"/>
			</nt>
			<nt id="s8_502" cat="fcl">
				<edge label="fA" idref="s8_1"/>
				<edge label="P" idref="s8_2"/>
				<edge label="Od" idref="s8_503"/>
				<edge label="fA" idref="s8_504"/>
			</nt>
			<nt id="s8_503" cat="np">
				<edge label="DN" idref="s8_3"/>
				<edge label="H" idref="s8_4"/>
			</nt>
			<nt id="s8_504" cat="pp">
				<edge label="H" idref="s8_5"/>
				<edge label="DP" idref="s8_505"/>
			</nt>
			<nt id="s8_505" cat="np">
				<edge label="DN" idref="s8_6"/>
				<edge label="H" idref="s8_7"/>
				<edge label="CO" idref="s8_8"/>
			</nt>
			<nt id="s8_506" cat="fcl">
				<edge label="S" idref="s8_507"/>
				<edge label="P" idref="s8_508"/>
			</nt>
			<nt id="s8_507" cat="np">
				<edge label="DN" idref="s8_9"/>
				<edge label="H" idref="s8_10"/>
			</nt>
			<nt id="s8_508" cat="vp">
				<edge label="Vaux" idref="s8_11"/>
				<edge label="SUBaux" idref="s8_12"/>
				<edge label="Vm" idref="s8_13"/>
			</nt>
		</nonterminals>
	</graph>
</s>

<s id="s9" ref="9" source="Running text" forest="1" text="o gps do aparelho não encontra a sua localização própria na maior parte das vezes, impossibilitando a utilização desta função.">
	<graph root="s9_500">
		<terminals>
			<t id="s9_1" word="o" lemma="o" pos="art" morph="M S" extra="--"/>
			<t id="s9_2" word="gps" lemma="gps" pos="n" morph="M S" extra="foreign heur"/>
			<t id="s9_3" word="de" lemma="de" pos="prp" morph="--" extra="sam- np-close"/>
			<t id="s9_4" word="o" lemma="o" pos="art" morph="M S" extra="-sam "/>
			<t id="s9_5" word="aparelho" lemma="aparelho" pos="n" morph="M S" sem="tool" extra="--"/>
			<t id="s9_6" word="não" lemma="não" pos="adv" morph="--" extra="--"/>
			<t id="s9_7" word="encontra" lemma="encontrar" pos="v-fin" morph="PR 3S IND VFIN" extra="vH fmc mv"/>
			<t id="s9_8" word="a" lemma="o" pos="art" morph="F S" extra="--"/>
			<t id="s9_9" word="sua" lemma="seu" pos="pron-poss" morph="DET F S" extra="si poss 3S"/>
			<t id="s9_10" word="localização" lemma="localização" pos="n" morph="F S" sem="act" extra="--"/>
			<t id="s9_11" word="própria" lemma="próprio" pos="adj" morph="F S" extra="n jh"/>
			<t id="s9_12" word="em" lemma="em" pos="prp" morph="--" extra="sam- np-close"/>
			<t id="s9_13" word="a" lemma="o" pos="art" morph="F S" extra="-sam "/>
			<t id="s9_14" word="maior" lemma="grande" pos="adj" morph="F S" extra="KOMP jh"/>
			<t id="s9_15" word="parte" lemma="parte" pos="n" morph="F S" sem="part amount L HH sem-l ac" extra="--"/>
			<t id="s9_16" word="de" lemma="de" pos="prp" morph="--" extra="sam- np-close"/>
			<t id="s9_17" word="as" lemma="o" pos="art" morph="F P" extra="-sam "/>
			<t id="s9_18" word="vezes" lemma="vez" pos="n" morph="F P" sem="temp" extra="--"/>
			<t id="s9_19" word="," lemma="--" pos="pu" morph="--" extra="--"/>
			<t id="s9_20" word="impossibilitando" lemma="impossibilitar" pos="v-ger" morph="--" extra="clb mv"/>
			<t id="s9_21" word="a" lemma="o" pos="art" morph="F S" extra="--"/>
			<t id="s9_22" word="utilização" lemma="utilização" pos="n" morph="F S" sem="act" extra="--"/>
			<t id="s9_23" word="de" lemma="de" pos="prp" morph="--" extra="sam- np-close"/>
			<t id="s9_24" word="esta" lemma="este" pos="pron-dem" morph="DET F S" extra="-sam dem"/>
			<t id="s9_25" word="função" lemma="função" pos="n" morph="F S" sem="ac pos-soc occ" extra="--"/>
			<t id="s9_26" word="." lemma="--" pos="pu" morph="--" extra="--"/>
		</terminals>

		<nonterminals>
			<nt id="s9_500" cat="s">
				<edge label="STA" idref="s9_501"/>
			</nt>
			<nt id="s9_501" cat="fcl">
				<edge label="S" idref="s9_502"/>
				<edge label="fA" idref="s9_6"/>
				<edge label="P" idref="s9_7"/>
				<edge label="Od" idref="s9_505"/>
				<edge label="Co" idref="s9_11"/>
				<edge label="PU" idref="s9_19"/>
				<edge label="fA" idref="s9_510"/>
				<edge label="PU" idref="s9_26"/>
			</nt>
			<nt id="s9_502" cat="np">
				<edge label="DN" idref="s9_1"/>
				<edge label="H" idref="s9_2"/>
				<edge label="DN" idref="s9_503"/>
			</nt>
			<nt id="s9_503" cat="pp">
				<edge label="H" idref="s9_3"/>
				<edge label="DP" idref="s9_504"/>
			</nt>
			<nt id="s9_504" cat="np">
				<edge label="DN" idref="s9_4"/>
				<edge label="H" idref="s9_5"/>
			</nt>
			<nt id="s9_505" cat="np">
				<edge label="DN" idref="s9_8"/>
				<edge label="DN" idref="s9_9"/>
				<edge label="H" idref="s9_10"/>
				<edge label="DN" idref="s9_506"/>
			</nt>
			<nt id="s9_506" cat="pp">
				<edge label="H" idref="s9_12"/>
				<edge label="DP" idref="s9_507"/>
			</nt>
			<nt id="s9_507" cat="np">
				<edge label="DN" idref="s9_13"/>
				<edge label="DN" idref="s9_14"/>
				<edge label="H" idref="s9_15"/>
				<edge label="DN" idref="s9_508"/>
			</nt>
			<nt id="s9_508" cat="pp">
				<edge label="H" idref="s9_16"/>
				<edge label="DP" idref="s9_509"/>
			</nt>
			<nt id="s9_509" cat="np">
				<edge label="DN" idref="s9_17"/>
				<edge label="H" idref="s9_18"/>
			</nt>
			<nt id="s9_510" cat="advp">
				<edge label="P" idref="s9_20"/>
				<edge label="Od" idref="s9_511"/>
			</nt>
			<nt id="s9_511" cat="np">
				<edge label="DN" idref="s9_21"/>
				<edge label="H" idref="s9_22"/>
				<edge label="DN" idref="s9_512"/>
			</nt>
			<nt id="s9_512" cat="pp">
				<edge label="H" idref="s9_23"/>
				<edge label="DP" idref="s9_513"/>
			</nt>
			<nt id="s9_513" cat="np">
				<edge label="DN" idref="s9_24"/>
				<edge label="H" idref="s9_25"/>
			</nt>
		</nonterminals>
	</graph>
</s>

<s id="s10" ref="10" source="Running text" forest="1" text="para as demais funções o aparelho funciona bem.">
	<graph root="s10_500">
		<terminals>
			<t id="s10_1" word="para" lemma="para" pos="prp" morph="--" extra="--"/>
			<t id="s10_2" word="as_demais" lemma="os_demais" pos="pron-indef" morph="DET F P" extra="--"/>
			<t id="s10_3" word="funções" lemma="função" pos="n" morph="F P" sem="ac pos-soc occ" extra="--"/>
			<t id="s10_4" word="o" lemma="o" pos="art" morph="M S" extra="--"/>
			<t id="s10_5" word="aparelho" lemma="aparelho" pos="n" morph="M S" sem="tool" extra="--"/>
			<t id="s10_6" word="funciona" lemma="funcionar" pos="v-fin" morph="PR 3S IND VFIN" extra="fmc mv"/>
			<t id="s10_7" word="bem" lemma="bem" pos="adv" morph="--" extra="quant"/>
			<t id="s10_8" word="." lemma="--" pos="pu" morph="--" extra="--"/>
		</terminals>

		<nonterminals>
			<nt id="s10_500" cat="s">
				<edge label="STA" idref="s10_501"/>
			</nt>
			<nt id="s10_501" cat="fcl">
				<edge label="fA" idref="s10_502"/>
				<edge label="S" idref="s10_504"/>
				<edge label="P" idref="s10_6"/>
				<edge label="fA" idref="s10_7"/>
				<edge label="PU" idref="s10_8"/>
			</nt>
			<nt id="s10_502" cat="pp">
				<edge label="H" idref="s10_1"/>
				<edge label="DP" idref="s10_503"/>
			</nt>
			<nt id="s10_503" cat="np">
				<edge label="DN" idref="s10_2"/>
				<edge label="H" idref="s10_3"/>
			</nt>
			<nt id="s10_504" cat="np">
				<edge label="DN" idref="s10_4"/>
				<edge label="H" idref="s10_5"/>
			</nt>
		</nonterminals>
	</graph>
</s>

<s id="s11" ref="11" source="Running text" forest="1" text="a bateria dura no máximo number dias, no modo mais econômico de gerenciamento de energia.">
	<graph root="s11_500">
		<terminals>
			<t id="s11_1" word="a" lemma="o" pos="art" morph="F S" extra="--"/>
			<t id="s11_2" word="bateria" lemma="bateria" pos="n" morph="F S" sem="tool" extra="--"/>
			<t id="s11_3" word="dura" lemma="durar" pos="v-fin" morph="PR 3S IND VFIN" extra="vN fmc mv"/>
			<t id="s11_4" word="no_máximo" lemma="no_máximo" pos="adv" morph="--" extra="--"/>
			<t id="s11_5" word="number" lemma="number" pos="v-inf" morph="--" extra="heur mv"/>
			<t id="s11_6" word="dias" lemma="dia" pos="n" morph="M P" sem="temp dur per unit" extra="--"/>
			<t id="s11_7" word="," lemma="--" pos="pu" morph="--" extra="--"/>
			<t id="s11_8" word="em" lemma="em" pos="prp" morph="--" extra="sam-"/>
			<t id="s11_9" word="o" lemma="o" pos="art" morph="M S" extra="-sam "/>
			<t id="s11_10" word="modo" lemma="modo" pos="n" morph="M S" sem="ac" extra="--"/>
			<t id="s11_11" word="mais" lemma="mais" pos="adv" morph="--" extra="quant KOMP"/>
			<t id="s11_12" word="econômico" lemma="econômico" pos="adj" morph="M S" extra="np-close"/>
			<t id="s11_13" word="de" lemma="de" pos="prp" morph="--" extra="np-close"/>
			<t id="s11_14" word="gerenciamento" lemma="gerenciamento" pos="n" morph="M S" sem="act" extra="--"/>
			<t id="s11_15" word="de" lemma="de" pos="prp" morph="--" extra="np-close"/>
			<t id="s11_16" word="energia" lemma="energia" pos="n" morph="F S" sem="am" extra="--"/>
			<t id="s11_17" word="." lemma="--" pos="pu" morph="--" extra="--"/>
		</terminals>

		<nonterminals>
			<nt id="s11_500" cat="s">
				<edge label="STA" idref="s11_501"/>
			</nt>
			<nt id="s11_501" cat="fcl">
				<edge label="S" idref="s11_502"/>
				<edge label="P" idref="s11_3"/>
				<edge label="fA" idref="s11_4"/>
				<edge label="UTT" idref="s11_503"/>
				<edge label="P" idref="s11_5"/>
				<edge label="As" idref="s11_6"/>
				<edge label="PU" idref="s11_7"/>
				<edge label="fA" idref="s11_504"/>
				<edge label="PU" idref="s11_17"/>
			</nt>
			<nt id="s11_502" cat="np">
				<edge label="DN" idref="s11_1"/>
				<edge label="H" idref="s11_2"/>
			</nt>
			<nt id="s11_503" cat="icl">
			</nt>
			<nt id="s11_504" cat="pp">
				<edge label="H" idref="s11_8"/>
				<edge label="DP" idref="s11_505"/>
			</nt>
			<nt id="s11_505" cat="np">
				<edge label="DN" idref="s11_9"/>
				<edge label="H" idref="s11_10"/>
				<edge label="DN" idref="s11_506"/>
				<edge label="DN" idref="s11_507"/>
			</nt>
			<nt id="s11_506" cat="adjp">
				<edge label="DA" idref="s11_11"/>
				<edge label="H" idref="s11_12"/>
			</nt>
			<nt id="s11_507" cat="pp">
				<edge label="H" idref="s11_13"/>
				<edge label="DP" idref="s11_508"/>
			</nt>
			<nt id="s11_508" cat="np">
				<edge label="H" idref="s11_14"/>
				<edge label="DN" idref="s11_509"/>
			</nt>
			<nt id="s11_509" cat="pp">
				<edge label="H" idref="s11_15"/>
				<edge label="DP" idref="s11_16"/>
			</nt>
		</nonterminals>
	</graph>
</s>

<s id="s12" ref="12" source="Running text" forest="1" text="estou insatisfeito com este aparelho, não o indico a ninguém e breve procurarei um aparelho de outra marca..">
	<graph root="s12_500">
		<terminals>
			<t id="s12_1" word="estou" lemma="estar" pos="v-fin" morph="PR 1S IND VFIN" extra="nosubj nosubj nosubj nosubj cjt-head cjt-head-STA vK fmc mv"/>
			<t id="s12_2" word="insatisfeito" lemma="insatisfeito" pos="adj" morph="M S" extra="jh"/>
			<t id="s12_3" word="com" lemma="com" pos="prp" morph="--" extra="--"/>
			<t id="s12_4" word="este" lemma="este" pos="pron-dem" morph="DET M S" extra="dem"/>
			<t id="s12_5" word="aparelho" lemma="aparelho" pos="n" morph="M S" sem="tool" extra="--"/>
			<t id="s12_6" word="," lemma="--" pos="pu" morph="--" extra="--"/>
			<t id="s12_7" word="não" lemma="não" pos="adv" morph="--" extra="--"/>
			<t id="s12_8" word="o" lemma="ele" pos="pron-pers" morph="M 3S ACC" extra="--"/>
			<t id="s12_9" word="indico" lemma="indicar" pos="v-fin" morph="PR 1S IND VFIN" extra="nosubj nosubj cjt-STA fmc mv"/>
			<t id="s12_10" word="a" lemma="a" pos="prp" morph="--" extra="--"/>
			<t id="s12_11" word="ninguém" lemma="ninguém" pos="spec" morph="M S" extra="cjt-head cjt-head-DP"/>
			<t id="s12_12" word="e" lemma="e" pos="conj-c" morph="--" extra="--"/>
			<t id="s12_13" word="breve" lemma="breve" pos="adj" morph="M/F S" extra="cjt-DP nh"/>
			<t id="s12_14" word="procurarei" lemma="procurar" pos="v-fin" morph="FUT 1S IND VFIN" extra="nosubj nosubj cjt-STA vH fmc mv"/>
			<t id="s12_15" word="um" lemma="um" pos="art" morph="M S" extra="--"/>
			<t id="s12_16" word="aparelho" lemma="aparelho" pos="n" morph="M S" sem="tool" extra="--"/>
			<t id="s12_17" word="de" lemma="de" pos="prp" morph="--" extra="np-close"/>
			<t id="s12_18" word="outra" lemma="outro" pos="pron-indef" morph="DET F S" extra="diff KOMP"/>
			<t id="s12_19" word="marca" lemma="marca" pos="n" morph="F S" sem="ac-sign Labs bar" extra="--"/>
			<t id="s12_20" word="." lemma="--" pos="pu" morph="--" extra="--"/>
			<t id="s12_21" word="." lemma="--" pos="pu" morph="--" extra="--"/>
		</terminals>

		<nonterminals>
			<nt id="s12_500" cat="s">
				<edge label="STA" idref="s12_501"/>
			</nt>
			<nt id="s12_501" cat="par">
				<edge label="CJT" idref="s12_502"/>
				<edge label="PU" idref="s12_6"/>
				<edge label="CJT" idref="s12_505"/>
				<edge label="CJT" idref="s12_508"/>
				<edge label="PU" idref="s12_20"/>
				<edge label="PU" idref="s12_21"/>
			</nt>
			<nt id="s12_502" cat="fcl">
				<edge label="P" idref="s12_1"/>
				<edge label="Cs" idref="s12_2"/>
				<edge label="fA" idref="s12_503"/>
			</nt>
			<nt id="s12_503" cat="pp">
				<edge label="H" idref="s12_3"/>
				<edge label="DP" idref="s12_504"/>
			</nt>
			<nt id="s12_504" cat="np">
				<edge label="DN" idref="s12_4"/>
				<edge label="H" idref="s12_5"/>
			</nt>
			<nt id="s12_505" cat="x">
				<edge label="fA" idref="s12_7"/>
				<edge label="Od" idref="s12_8"/>
				<edge label="P" idref="s12_9"/>
				<edge label="fA" idref="s12_506"/>
			</nt>
			<nt id="s12_506" cat="pp">
				<edge label="H" idref="s12_10"/>
				<edge label="DP" idref="s12_507"/>
			</nt>
			<nt id="s12_507" cat="par">
				<edge label="CJT" idref="s12_11"/>
				<edge label="CO" idref="s12_12"/>
				<edge label="CJT" idref="s12_13"/>
			</nt>
			<nt id="s12_508" cat="x">
				<edge label="P" idref="s12_14"/>
				<edge label="Od" idref="s12_509"/>
			</nt>
			<nt id="s12_509" cat="np">
				<edge label="DN" idref="s12_15"/>
				<edge label="H" idref="s12_16"/>
				<edge label="DN" idref="s12_510"/>
			</nt>
			<nt id="s12_510" cat="pp">
				<edge label="H" idref="s12_17"/>
				<edge label="DP" idref="s12_511"/>
			</nt>
			<nt id="s12_511" cat="np">
				<edge label="DN" idref="s12_18"/>
				<edge label="H" idref="s12_19"/>
			</nt>
		</nonterminals>
	</graph>
</s>

	</body>
</corpus>
