<?xml version="1.0" encoding="UTF-8"?>
<corpus>

	<body>
<s id="s1" ref="1" source="Running text" forest="1" text="tem que ser retirado do mercado urgentemente, pois não cumpre suas atividades básicas, o que é inadmissível para um smartphone.">
	<graph root="s1_500">
		<terminals>
			<t id="s1_1" word="tem" lemma="ter" pos="v-fin" morph="PR 3S IND VFIN" extra="nosubj nosubj cjt-head cjt-head-STA fmc aux"/>
			<t id="s1_2" word="que" lemma="que" pos="conj-s" morph="--" extra="clb"/>
			<t id="s1_3" word="ser" lemma="ser" pos="v-inf" morph="--" extra="aux"/>
			<t id="s1_4" word="retirado" lemma="retirar" pos="v-pcp" morph="M S" extra="vH mv"/>
			<t id="s1_5" word="de" lemma="de" pos="prp" morph="--" extra="sam-"/>
			<t id="s1_6" word="o" lemma="o" pos="art" morph="M S" extra="-sam "/>
			<t id="s1_7" word="mercado" lemma="mercado" pos="n" morph="M S" sem="inst" extra="--"/>
			<t id="s1_8" word="urgentemente" lemma="urgentemente" pos="adv" morph="--" extra="nh"/>
			<t id="s1_9" word="," lemma="--" pos="pu" morph="--" extra="--"/>
			<t id="s1_10" word="pois" lemma="pois" pos="conj-s" morph="--" extra="clb"/>
			<t id="s1_11" word="não" lemma="não" pos="adv" morph="--" extra="--"/>
			<t id="s1_12" word="cumpre" lemma="cumprir" pos="v-fin" morph="PR 3S IND VFIN" extra="nosubj nosubj cjt-STA fmc mv"/>
			<t id="s1_13" word="suas" lemma="seu" pos="pron-poss" morph="DET F P" extra="si poss 3S"/>
			<t id="s1_14" word="atividades" lemma="atividade" pos="n" morph="F P" sem="act-d activity" extra="--"/>
			<t id="s1_15" word="básicas" lemma="básico" pos="adj" morph="F P" extra="nh np-close"/>
			<t id="s1_16" word="," lemma="--" pos="pu" morph="--" extra="--"/>
			<t id="s1_17" word="o" lemma="o" pos="art" morph="M S" extra="--"/>
			<t id="s1_18" word="que" lemma="que" pos="spec" morph="M S" extra="clb clb-fs rel"/>
			<t id="s1_19" word="é" lemma="ser" pos="v-fin" morph="PR 3S IND VFIN" extra="vK mv"/>
			<t id="s1_20" word="inadmissível" lemma="inadmissível" pos="adj" morph="M S" extra="nh"/>
			<t id="s1_21" word="para" lemma="para" pos="prp" morph="--" extra="--"/>
			<t id="s1_22" word="um" lemma="um" pos="art" morph="M S" extra="--"/>
			<t id="s1_23" word="smartphone" lemma="smartphone" pos="n" morph="M S" extra="heur foreign"/>
			<t id="s1_24" word="." lemma="--" pos="pu" morph="--" extra="--"/>
		</terminals>

		<nonterminals>
			<nt id="s1_500" cat="s">
				<edge label="STA" idref="s1_501"/>
			</nt>
			<nt id="s1_501" cat="par">
				<edge label="CJT" idref="s1_502"/>
				<edge label="PU" idref="s1_9"/>
				<edge label="CJT" idref="s1_506"/>
				<edge label="PU" idref="s1_24"/>
			</nt>
			<nt id="s1_502" cat="fcl">
				<edge label="P" idref="s1_503"/>
				<edge label="fA" idref="s1_504"/>
				<edge label="fA" idref="s1_8"/>
			</nt>
			<nt id="s1_503" cat="vp">
				<edge label="Vaux" idref="s1_1"/>
				<edge label="SUBaux" idref="s1_2"/>
				<edge label="Vaux" idref="s1_3"/>
				<edge label="Vm" idref="s1_4"/>
			</nt>
			<nt id="s1_504" cat="pp">
				<edge label="H" idref="s1_5"/>
				<edge label="DP" idref="s1_505"/>
			</nt>
			<nt id="s1_505" cat="np">
				<edge label="DN" idref="s1_6"/>
				<edge label="H" idref="s1_7"/>
			</nt>
			<nt id="s1_506" cat="x">
				<edge label="fA" idref="s1_10"/>
				<edge label="fA" idref="s1_11"/>
				<edge label="P" idref="s1_12"/>
				<edge label="Od" idref="s1_507"/>
				<edge label="PU" idref="s1_16"/>
				<edge label="DN" idref="s1_17"/>
				<edge label="fCsta" idref="s1_508"/>
			</nt>
			<nt id="s1_507" cat="np">
				<edge label="DN" idref="s1_13"/>
				<edge label="H" idref="s1_14"/>
				<edge label="DN" idref="s1_15"/>
			</nt>
			<nt id="s1_508" cat="fcl">
				<edge label="S" idref="s1_18"/>
				<edge label="P" idref="s1_19"/>
				<edge label="Cs" idref="s1_20"/>
				<edge label="fA" idref="s1_509"/>
			</nt>
			<nt id="s1_509" cat="pp">
				<edge label="H" idref="s1_21"/>
				<edge label="DP" idref="s1_510"/>
			</nt>
			<nt id="s1_510" cat="np">
				<edge label="DN" idref="s1_22"/>
				<edge label="H" idref="s1_23"/>
			</nt>
		</nonterminals>
	</graph>
</s>

<s id="s2" ref="2" source="Running text" forest="1" text="o que gostei nenhum.">
	<graph root="s2_500">
		<terminals>
			<t id="s2_1" word="o" lemma="o" pos="pron-dem" morph="DET M S" extra="dem"/>
			<t id="s2_2" word="que" lemma="que" pos="spec" morph="M S" extra="clb clb-fs rel"/>
			<t id="s2_3" word="gostei" lemma="gostar" pos="v-fin" morph="PS 1S IND VFIN" extra="vH mv np-close"/>
			<t id="s2_4" word="nenhum" lemma="nenhum" pos="pron-indef" morph="DET M S" extra="quant"/>
			<t id="s2_5" word="." lemma="--" pos="pu" morph="--" extra="--"/>
		</terminals>

		<nonterminals>
			<nt id="s2_500" cat="s">
				<edge label="UTT" idref="s2_501"/>
			</nt>
			<nt id="s2_501" cat="x">
				<edge label="X" idref="s2_1"/>
				<edge label="DN" idref="s2_502"/>
				<edge label="S" idref="s2_2"/>
				<edge label="P" idref="s2_3"/>
				<edge label="Co" idref="s2_4"/>
				<edge label="PU" idref="s2_5"/>
			</nt>
			<nt id="s2_502" cat="fcl">
			</nt>
		</nonterminals>
	</graph>
</s>

<s id="s3" ref="3" source="Running text" forest="1" text="caso de polícia!">
	<graph root="s3_500">
		<terminals>
			<t id="s3_1" word="caso" lemma="caso" pos="conj-s" morph="--" extra="sub"/>
			<t id="s3_2" word="de" lemma="de" pos="prp" morph="--" extra="--"/>
			<t id="s3_3" word="polícia" lemma="polícia" pos="n" morph="F S" sem="HH" extra="--"/>
			<t id="s3_4" word="!" lemma="--" pos="pu" morph="--" extra="--"/>
		</terminals>

		<nonterminals>
			<nt id="s3_500" cat="s">
				<edge label="UTT" idref="s3_501"/>
			</nt>
			<nt id="s3_501" cat="x">
				<edge label="fA" idref="s3_1"/>
				<edge label="fA" idref="s3_502"/>
				<edge label="H" idref="s3_2"/>
				<edge label="DP" idref="s3_3"/>
				<edge label="PU" idref="s3_4"/>
			</nt>
			<nt id="s3_502" cat="pp">
			</nt>
		</nonterminals>
	</graph>
</s>

<s id="s4" ref="4" source="Running text" forest="1" text="veja no site do rastreamento e verão o tanto de notificações.">
	<graph root="s4_500">
		<terminals>
			<t id="s4_1" word="veja" lemma="ver" pos="v-fin" morph="PR 1/3S SUBJ VFIN" extra="nosubj nosubj cjt-head cjt-head-STA vH fmc mv"/>
			<t id="s4_2" word="em" lemma="em" pos="prp" morph="--" extra="sam-"/>
			<t id="s4_3" word="o" lemma="o" pos="art" morph="M S" extra="-sam "/>
			<t id="s4_4" word="site" lemma="site" pos="n" morph="M S" sem="Lh" extra="--"/>
			<t id="s4_5" word="de" lemma="de" pos="prp" morph="--" extra="sam- np-close"/>
			<t id="s4_6" word="o" lemma="o" pos="art" morph="M S" extra="-sam "/>
			<t id="s4_7" word="rastreamento" lemma="rastreamento" pos="n" morph="M S" sem="act" extra="--"/>
			<t id="s4_8" word="e" lemma="e" pos="conj-c" morph="--" extra="--"/>
			<t id="s4_9" word="verão" lemma="ver" pos="v-fin" morph="FUT 3P IND VFIN" extra="nosubj nosubj cjt-STA vH fmc mv"/>
			<t id="s4_10" word="o" lemma="o" pos="art" morph="M S" extra="--"/>
			<t id="s4_11" word="tanto" lemma="tanto" pos="pron-indef" morph="DET M S" extra="quant KOMP"/>
			<t id="s4_12" word="de" lemma="de" pos="prp" morph="--" extra="np-close"/>
			<t id="s4_13" word="notificações" lemma="notificação" pos="n" morph="F P" sem="act" extra="--"/>
			<t id="s4_14" word="." lemma="--" pos="pu" morph="--" extra="--"/>
		</terminals>

		<nonterminals>
			<nt id="s4_500" cat="s">
				<edge label="STA" idref="s4_501"/>
			</nt>
			<nt id="s4_501" cat="par">
				<edge label="CJT" idref="s4_502"/>
				<edge label="CJT" idref="s4_507"/>
				<edge label="DN" idref="s4_10"/>
				<edge label="PU" idref="s4_14"/>
			</nt>
			<nt id="s4_502" cat="fcl">
				<edge label="P" idref="s4_1"/>
				<edge label="Ao" idref="s4_503"/>
			</nt>
			<nt id="s4_503" cat="pp">
				<edge label="H" idref="s4_2"/>
				<edge label="DP" idref="s4_504"/>
			</nt>
			<nt id="s4_504" cat="np">
				<edge label="DN" idref="s4_3"/>
				<edge label="H" idref="s4_4"/>
				<edge label="DN" idref="s4_505"/>
			</nt>
			<nt id="s4_505" cat="pp">
				<edge label="H" idref="s4_5"/>
				<edge label="DP" idref="s4_506"/>
			</nt>
			<nt id="s4_506" cat="np">
				<edge label="DN" idref="s4_6"/>
				<edge label="H" idref="s4_7"/>
				<edge label="CO" idref="s4_8"/>
				<edge label="DN" idref="s4_508"/>
			</nt>
			<nt id="s4_507" cat="x">
				<edge label="P" idref="s4_9"/>
				<edge label="Od" idref="s4_11"/>
			</nt>
			<nt id="s4_508" cat="pp">
				<edge label="H" idref="s4_12"/>
				<edge label="DP" idref="s4_13"/>
			</nt>
		</nonterminals>
	</graph>
</s>

<s id="s5" ref="5" source="Running text" forest="1" text="o que não gostei tudo de ruim.">
	<graph root="s5_500">
		<terminals>
			<t id="s5_1" word="o" lemma="o" pos="pron-dem" morph="DET M S" extra="dem"/>
			<t id="s5_2" word="que" lemma="que" pos="spec" morph="M S" extra="clb clb-fs rel"/>
			<t id="s5_3" word="não" lemma="não" pos="adv" morph="--" extra="--"/>
			<t id="s5_4" word="gostei" lemma="gostar" pos="v-fin" morph="PS 1S IND VFIN" extra="vH mv np-close"/>
			<t id="s5_5" word="tudo" lemma="tudo" pos="spec" morph="M S" extra="quant"/>
			<t id="s5_6" word="de" lemma="de" pos="prp" morph="--" extra="--"/>
			<t id="s5_7" word="ruim" lemma="ruim" pos="adj" morph="M/F S" extra="jh"/>
			<t id="s5_8" word="." lemma="--" pos="pu" morph="--" extra="--"/>
		</terminals>

		<nonterminals>
			<nt id="s5_500" cat="s">
				<edge label="UTT" idref="s5_501"/>
			</nt>
			<nt id="s5_501" cat="x">
				<edge label="X" idref="s5_1"/>
				<edge label="DN" idref="s5_502"/>
				<edge label="S" idref="s5_2"/>
				<edge label="fA" idref="s5_3"/>
				<edge label="P" idref="s5_4"/>
				<edge label="fA" idref="s5_5"/>
				<edge label="fA" idref="s5_503"/>
				<edge label="PU" idref="s5_8"/>
			</nt>
			<nt id="s5_502" cat="fcl">
			</nt>
			<nt id="s5_503" cat="pp">
				<edge label="H" idref="s5_6"/>
				<edge label="DP" idref="s5_7"/>
			</nt>
		</nonterminals>
	</graph>
</s>

<s id="s6" ref="6" source="Running text" forest="1" text="trava ao tentar acessar as mensagens sms.">
	<graph root="s6_500">
		<terminals>
			<t id="s6_1" word="trava" lemma="travar" pos="v-fin" morph="PR 3S IND VFIN" extra="fmc mv"/>
			<t id="s6_2" word="a" lemma="a" pos="prp" morph="--" extra="sam-"/>
			<t id="s6_3" word="o" lemma="o" pos="art" morph="M S" extra="-sam "/>
			<t id="s6_4" word="tentar" lemma="tentar" pos="v-inf" morph="--" extra="vH mv"/>
			<t id="s6_5" word="acessar" lemma="acessar" pos="v-inf" morph="--" extra="mv"/>
			<t id="s6_6" word="as" lemma="o" pos="art" morph="F P" extra="--"/>
			<t id="s6_7" word="mensagens" lemma="mensagem" pos="n" morph="F P" sem="sem-s" extra="--"/>
			<t id="s6_8" word="sms" lemma="sms" pos="n" morph="F S" extra="foreign heur"/>
			<t id="s6_9" word="." lemma="--" pos="pu" morph="--" extra="--"/>
		</terminals>

		<nonterminals>
			<nt id="s6_500" cat="s">
				<edge label="STA" idref="s6_501"/>
			</nt>
			<nt id="s6_501" cat="fcl">
				<edge label="P" idref="s6_1"/>
				<edge label="fA" idref="s6_502"/>
				<edge label="PU" idref="s6_9"/>
			</nt>
			<nt id="s6_502" cat="pp">
				<edge label="H" idref="s6_2"/>
				<edge label="DP" idref="s6_503"/>
			</nt>
			<nt id="s6_503" cat="np">
				<edge label="DN" idref="s6_3"/>
				<edge label="P" idref="s6_4"/>
				<edge label="Od" idref="s6_504"/>
			</nt>
			<nt id="s6_504" cat="fcl">
				<edge label="P" idref="s6_5"/>
				<edge label="Od" idref="s6_505"/>
				<edge label="S" idref="s6_8"/>
			</nt>
			<nt id="s6_505" cat="np">
				<edge label="DN" idref="s6_6"/>
				<edge label="H" idref="s6_7"/>
			</nt>
		</nonterminals>
	</graph>
</s>

<s id="s7" ref="7" source="Running text" forest="1" text="não vale nada.">
	<graph root="s7_500">
		<terminals>
			<t id="s7_1" word="não" lemma="não" pos="adv" morph="--" extra="--"/>
			<t id="s7_2" word="vale" lemma="valer" pos="v-fin" morph="PR 3S IND VFIN" extra="fmc mv"/>
			<t id="s7_3" word="nada" lemma="nada" pos="spec" morph="M S" extra="quant"/>
			<t id="s7_4" word="." lemma="--" pos="pu" morph="--" extra="--"/>
		</terminals>

		<nonterminals>
			<nt id="s7_500" cat="s">
				<edge label="STA" idref="s7_501"/>
			</nt>
			<nt id="s7_501" cat="fcl">
				<edge label="fA" idref="s7_1"/>
				<edge label="P" idref="s7_2"/>
				<edge label="fA" idref="s7_3"/>
				<edge label="PU" idref="s7_4"/>
			</nt>
		</nonterminals>
	</graph>
</s>

<s id="s8" ref="8" source="Running text" forest="1" text="vou só mandar pra ass.">
	<graph root="s8_500">
		<terminals>
			<t id="s8_1" word="vou" lemma="ir" pos="v-fin" morph="PR 1S IND VFIN" extra="fmc aux"/>
			<t id="s8_2" word="só" lemma="só" pos="adv" morph="--" extra="--"/>
			<t id="s8_3" word="mandar" lemma="mandar" pos="v-inf" morph="--" extra="vH mv"/>
			<t id="s8_4" word="pra" lemma="para" pos="prp" morph="--" extra="--"/>
			<t id="s8_5" word="ass" lemma="ass" pos="n" morph="M S" sem="ac-sign" extra="DERP"/>
			<t id="s8_6" word="." lemma="--" pos="pu" morph="--" extra="--"/>
		</terminals>

		<nonterminals>
			<nt id="s8_500" cat="s">
				<edge label="STA" idref="s8_501"/>
			</nt>
			<nt id="s8_501" cat="fcl">
				<edge label="P" idref="s8_502"/>
				<edge label="fA" idref="s8_2"/>
				<edge label="Op" idref="s8_503"/>
				<edge label="PU" idref="s8_6"/>
			</nt>
			<nt id="s8_502" cat="vp">
				<edge label="Vaux" idref="s8_1"/>
				<edge label="Vm" idref="s8_3"/>
			</nt>
			<nt id="s8_503" cat="pp">
				<edge label="H" idref="s8_4"/>
				<edge label="DP" idref="s8_5"/>
			</nt>
		</nonterminals>
	</graph>
</s>

<s id="s9" ref="9" source="Running text" forest="1" text="tec por a segunda vez, e já sabendo que não resolverão, vou entrar com processo no procon..">
	<graph root="s9_500">
		<terminals>
			<t id="s9_1" word="tec" lemma="tec" pos="n" morph="M S" extra="heur"/>
			<t id="s9_2" word="por" lemma="por" pos="prp" morph="--" extra="sam-"/>
			<t id="s9_3" word="a" lemma="o" pos="art" morph="F S" extra="-sam "/>
			<t id="s9_4" word="segunda" lemma="segundo" pos="adj" morph="F S" extra="NUM-ord"/>
			<t id="s9_5" word="vez" lemma="vez" pos="n" morph="F S" sem="temp" extra="--"/>
			<t id="s9_6" word="," lemma="--" pos="pu" morph="--" extra="--"/>
			<t id="s9_7" word="e" lemma="e" pos="conj-c" morph="--" extra="--"/>
			<t id="s9_8" word="já" lemma="já" pos="adv" morph="--" extra="--"/>
			<t id="s9_9" word="sabendo" lemma="saber" pos="v-ger" morph="--" extra="mv"/>
			<t id="s9_10" word="que" lemma="que" pos="conj-s" morph="--" extra="clb clb-fs"/>
			<t id="s9_11" word="não" lemma="não" pos="adv" morph="--" extra="--"/>
			<t id="s9_12" word="resolverão" lemma="resolver" pos="v-fin" morph="FUT 3P IND VFIN" extra="vH mv"/>
			<t id="s9_13" word="," lemma="--" pos="pu" morph="--" extra="--"/>
			<t id="s9_14" word="vou" lemma="ir" pos="v-fin" morph="PR 1S IND VFIN" extra="fmc aux"/>
			<t id="s9_15" word="entrar" lemma="entrar" pos="v-inf" morph="--" extra="vH mv"/>
			<t id="s9_16" word="com" lemma="com" pos="prp" morph="--" extra="--"/>
			<t id="s9_17" word="processo" lemma="processo" pos="n" morph="M S" sem="occ process activity" extra="--"/>
			<t id="s9_18" word="em" lemma="em" pos="prp" morph="--" extra="sam-"/>
			<t id="s9_19" word="o" lemma="o" pos="art" morph="M S" extra="-sam "/>
			<t id="s9_20" word="procon" lemma="procon" pos="n" morph="M S" extra="heur"/>
			<t id="s9_21" word="." lemma="--" pos="pu" morph="--" extra="--"/>
			<t id="s9_22" word="." lemma="--" pos="pu" morph="--" extra="--"/>
		</terminals>

		<nonterminals>
			<nt id="s9_500" cat="s">
				<edge label="STA" idref="s9_501"/>
			</nt>
			<nt id="s9_501" cat="fcl">
				<edge label="fA" idref="s9_502"/>
				<edge label="PU" idref="s9_13"/>
				<edge label="P" idref="s9_506"/>
				<edge label="Op" idref="s9_507"/>
				<edge label="fA" idref="s9_508"/>
				<edge label="PU" idref="s9_21"/>
				<edge label="PU" idref="s9_22"/>
			</nt>
			<nt id="s9_502" cat="advp">
				<edge label="Od" idref="s9_503"/>
				<edge label="fA" idref="s9_504"/>
				<edge label="fA" idref="s9_8"/>
				<edge label="P" idref="s9_9"/>
			</nt>
			<nt id="s9_503" cat="fcl">
				<edge label="S" idref="s9_1"/>
				<edge label="SUB" idref="s9_10"/>
				<edge label="fA" idref="s9_11"/>
				<edge label="P" idref="s9_12"/>
			</nt>
			<nt id="s9_504" cat="pp">
				<edge label="H" idref="s9_2"/>
				<edge label="DP" idref="s9_505"/>
			</nt>
			<nt id="s9_505" cat="np">
				<edge label="DN" idref="s9_3"/>
				<edge label="DN" idref="s9_4"/>
				<edge label="H" idref="s9_5"/>
				<edge label="PU" idref="s9_6"/>
				<edge label="CO" idref="s9_7"/>
			</nt>
			<nt id="s9_506" cat="vp">
				<edge label="Vaux" idref="s9_14"/>
				<edge label="Vm" idref="s9_15"/>
			</nt>
			<nt id="s9_507" cat="pp">
				<edge label="H" idref="s9_16"/>
				<edge label="DP" idref="s9_17"/>
			</nt>
			<nt id="s9_508" cat="pp">
				<edge label="H" idref="s9_18"/>
				<edge label="DP" idref="s9_509"/>
			</nt>
			<nt id="s9_509" cat="np">
				<edge label="DN" idref="s9_19"/>
				<edge label="H" idref="s9_20"/>
			</nt>
		</nonterminals>
	</graph>
</s>

	</body>
</corpus>
