<?xml version="1.0" encoding="UTF-8"?>
<corpus>

	<body>
<s id="s1" ref="1" source="Running text" forest="1" text="obtive ele através de uma troca, sai perdendo o que gostei ele é bom, possui uma camera com resolução boa, tinha uma ex358 e troquei por este modelo o que não gostei som é muito baixo, imagine para quem não escuta bem, e a caneta pendurada são coisas desagradáveis, poderiam passar por uma recall no volume.">
	<graph root="s1_500">
		<terminals>
			<t id="s1_1" word="obtive" lemma="obter" pos="v-fin" morph="PS 1S IND VFIN" extra="predco predco predco predco predco predco predco predco predco predco predco predco predco predco predco predco predco predco vH fmc mv"/>
			<t id="s1_2" word="ele" lemma="ele" pos="pron-pers" morph="M 3S NOM" extra="--"/>
			<t id="s1_3" word="através" lemma="através" pos="adv" morph="--" extra="--"/>
			<t id="s1_4" word="de" lemma="de" pos="prp" morph="--" extra="--"/>
			<t id="s1_5" word="uma" lemma="um" pos="art" morph="F S" extra="--"/>
			<t id="s1_6" word="troca" lemma="troca" pos="n" morph="F S" sem="act" extra="--"/>
			<t id="s1_7" word="," lemma="--" pos="pu" morph="--" extra="--"/>
			<t id="s1_8" word="sai" lemma="sair" pos="v-fin" morph="PR 3S IND VFIN" extra="nosubj nosubj cjt-STA fmc aux"/>
			<t id="s1_9" word="perdendo" lemma="perder" pos="v-ger" morph="--" extra="clb mv"/>
			<t id="s1_10" word="o" lemma="o" pos="pron-dem" morph="DET M S" extra="dem"/>
			<t id="s1_11" word="que" lemma="que" pos="spec" morph="M S" extra="clb clb-fs rel"/>
			<t id="s1_12" word="gostei" lemma="gostar" pos="v-fin" morph="PS 1S IND VFIN" extra="vH mv np-close"/>
			<t id="s1_13" word="ele" lemma="ele" pos="pron-pers" morph="M 3S NOM" extra="--"/>
			<t id="s1_14" word="é" lemma="ser" pos="v-fin" morph="PR 3S IND VFIN" extra="cjt-STA vK fmc mv"/>
			<t id="s1_15" word="bom" lemma="bom" pos="adj" morph="M S" extra="jh"/>
			<t id="s1_16" word="," lemma="--" pos="pu" morph="--" extra="--"/>
			<t id="s1_17" word="possui" lemma="possuir" pos="v-fin" morph="PR 3S IND VFIN" extra="nosubj nosubj cjt-STA vH fmc mv"/>
			<t id="s1_18" word="uma" lemma="um" pos="art" morph="F S" extra="--"/>
			<t id="s1_19" word="camera" lemma="c�=mara" pos="n" morph="F S" sem="Lh HH" extra="--"/>
			<t id="s1_20" word="com" lemma="com" pos="prp" morph="--" extra="np-close"/>
			<t id="s1_21" word="resolução" lemma="resolução" pos="n" morph="F S" sem="act" extra="--"/>
			<t id="s1_22" word="boa" lemma="bom" pos="adj" morph="F S" extra="jh np-close"/>
			<t id="s1_23" word="," lemma="--" pos="pu" morph="--" extra="--"/>
			<t id="s1_24" word="tinha" lemma="ter" pos="v-fin" morph="IMPF 3S IND VFIN" extra="nosubj nosubj cjt-STA fmc mv"/>
			<t id="s1_25" word="uma" lemma="um" pos="art" morph="F S" extra="--"/>
			<t id="s1_26" word="ex358" lemma="ex358" pos="n" morph="F S" extra="heur"/>
			<t id="s1_27" word="e" lemma="e" pos="conj-c" morph="--" extra="--"/>
			<t id="s1_28" word="troquei" lemma="trocar" pos="v-fin" morph="PS 1S IND VFIN" extra="nosubj nosubj cjt-STA vH fmc mv"/>
			<t id="s1_29" word="por" lemma="por" pos="prp" morph="--" extra="--"/>
			<t id="s1_30" word="este" lemma="este" pos="pron-dem" morph="DET M S" extra="dem"/>
			<t id="s1_31" word="modelo" lemma="modelo" pos="n" morph="M S" sem="ac Hprof" extra="--"/>
			<t id="s1_32" word="o" lemma="o" pos="pron-dem" morph="DET M S" extra="dem"/>
			<t id="s1_33" word="que" lemma="que" pos="spec" morph="M S" extra="clb clb-fs rel"/>
			<t id="s1_34" word="não" lemma="não" pos="adv" morph="--" extra="--"/>
			<t id="s1_35" word="gostei" lemma="gostar" pos="v-fin" morph="PS 1S IND VFIN" extra="vH mv np-close"/>
			<t id="s1_36" word="som" lemma="som" pos="n" morph="M S" sem="percep-l" extra="--"/>
			<t id="s1_37" word="é" lemma="ser" pos="v-fin" morph="PR 3S IND VFIN" extra="cjt-STA vK fmc mv"/>
			<t id="s1_38" word="muito" lemma="muito" pos="adv" morph="--" extra="quant"/>
			<t id="s1_39" word="baixo" lemma="baixo" pos="adj" morph="M S" extra="--"/>
			<t id="s1_40" word="," lemma="--" pos="pu" morph="--" extra="--"/>
			<t id="s1_41" word="imagine" lemma="imaginar" pos="v-fin" morph="PR 3S SUBJ VFIN" extra="nosubj nosubj cjt-STA vH fmc mv"/>
			<t id="s1_42" word="para" lemma="para" pos="prp" morph="--" extra="--"/>
			<t id="s1_43" word="quem" lemma="quem" pos="spec" morph="F S" extra="clb clb-fs rel"/>
			<t id="s1_44" word="não" lemma="não" pos="adv" morph="--" extra="--"/>
			<t id="s1_45" word="escuta" lemma="escutar" pos="v-fin" morph="PR 3S IND VFIN" extra="vH mv"/>
			<t id="s1_46" word="bem" lemma="bem" pos="adv" morph="--" extra="quant"/>
			<t id="s1_47" word="," lemma="--" pos="pu" morph="--" extra="--"/>
			<t id="s1_48" word="e" lemma="e" pos="conj-c" morph="--" extra="clb"/>
			<t id="s1_49" word="a" lemma="o" pos="art" morph="F S" extra="--"/>
			<t id="s1_50" word="caneta" lemma="caneta" pos="n" morph="F S" sem="tool" extra="--"/>
			<t id="s1_51" word="pendurada" lemma="pendurado" pos="adj" morph="F S" extra="np-close"/>
			<t id="s1_52" word="são" lemma="ser" pos="v-fin" morph="PR 3P IND VFIN" extra="cjt-STA vK fmc mv"/>
			<t id="s1_53" word="coisas" lemma="coisa" pos="n" morph="F P" sem="cc ac" extra="--"/>
			<t id="s1_54" word="desagradáveis" lemma="desagradável" pos="adj" morph="F P" extra="nh np-close"/>
			<t id="s1_55" word="," lemma="--" pos="pu" morph="--" extra="--"/>
			<t id="s1_56" word="poderiam" lemma="poder" pos="v-fin" morph="COND 3P VFIN" extra="nosubj nosubj cjt-STA fmc aux"/>
			<t id="s1_57" word="passar" lemma="passar" pos="v-inf" morph="--" extra="mv"/>
			<t id="s1_58" word="por" lemma="por" pos="prp" morph="--" extra="--"/>
			<t id="s1_59" word="uma" lemma="um" pos="art" morph="F S" extra="--"/>
			<t id="s1_60" word="recall" lemma="recall" pos="n" morph="F S" extra="foreign heur"/>
			<t id="s1_61" word="em" lemma="em" pos="prp" morph="--" extra="sam-"/>
			<t id="s1_62" word="o" lemma="o" pos="art" morph="M S" extra="-sam "/>
			<t id="s1_63" word="volume" lemma="volume" pos="n" morph="M S" sem="f-q" extra="--"/>
			<t id="s1_64" word="." lemma="--" pos="pu" morph="--" extra="--"/>
		</terminals>

		<nonterminals>
			<nt id="s1_500" cat="s">
				<edge label="STA" idref="s1_501"/>
			</nt>
			<nt id="s1_501" cat="fcl">
				<edge label="X" idref="s1_502"/>
				<edge label="PU" idref="s1_64"/>
			</nt>
			<nt id="s1_502" cat="par">
				<edge label="CJT" idref="s1_503"/>
				<edge label="PU" idref="s1_7"/>
				<edge label="CJT" idref="s1_507"/>
				<edge label="CJT" idref="s1_510"/>
				<edge label="PU" idref="s1_16"/>
				<edge label="CJT" idref="s1_511"/>
				<edge label="PU" idref="s1_23"/>
				<edge label="CJT" idref="s1_515"/>
				<edge label="CJT" idref="s1_517"/>
				<edge label="CJT" idref="s1_520"/>
				<edge label="PU" idref="s1_40"/>
				<edge label="CJT" idref="s1_523"/>
				<edge label="PU" idref="s1_47"/>
				<edge label="CO" idref="s1_48"/>
				<edge label="CJT" idref="s1_526"/>
				<edge label="PU" idref="s1_55"/>
				<edge label="CJT" idref="s1_529"/>
			</nt>
			<nt id="s1_503" cat="x">
				<edge label="P" idref="s1_1"/>
				<edge label="S" idref="s1_2"/>
				<edge label="fA" idref="s1_504"/>
			</nt>
			<nt id="s1_504" cat="advp">
				<edge label="H" idref="s1_3"/>
				<edge label="DA" idref="s1_505"/>
			</nt>
			<nt id="s1_505" cat="pp">
				<edge label="H" idref="s1_4"/>
				<edge label="DP" idref="s1_506"/>
			</nt>
			<nt id="s1_506" cat="np">
				<edge label="DN" idref="s1_5"/>
				<edge label="H" idref="s1_6"/>
				<edge label="DN" idref="s1_509"/>
			</nt>
			<nt id="s1_507" cat="x">
				<edge label="P" idref="s1_508"/>
				<edge label="Od" idref="s1_10"/>
			</nt>
			<nt id="s1_508" cat="vp">
				<edge label="Vaux" idref="s1_8"/>
				<edge label="Vm" idref="s1_9"/>
			</nt>
			<nt id="s1_509" cat="fcl">
				<edge label="S" idref="s1_11"/>
				<edge label="P" idref="s1_12"/>
			</nt>
			<nt id="s1_510" cat="fcl">
				<edge label="S" idref="s1_13"/>
				<edge label="P" idref="s1_14"/>
				<edge label="Cs" idref="s1_15"/>
			</nt>
			<nt id="s1_511" cat="x">
				<edge label="P" idref="s1_17"/>
				<edge label="Od" idref="s1_512"/>
			</nt>
			<nt id="s1_512" cat="np">
				<edge label="DN" idref="s1_18"/>
				<edge label="H" idref="s1_19"/>
				<edge label="DN" idref="s1_513"/>
			</nt>
			<nt id="s1_513" cat="pp">
				<edge label="H" idref="s1_20"/>
				<edge label="DP" idref="s1_514"/>
			</nt>
			<nt id="s1_514" cat="np">
				<edge label="H" idref="s1_21"/>
				<edge label="DN" idref="s1_22"/>
				<edge label="CO" idref="s1_27"/>
			</nt>
			<nt id="s1_515" cat="x">
				<edge label="P" idref="s1_24"/>
				<edge label="Od" idref="s1_516"/>
			</nt>
			<nt id="s1_516" cat="np">
				<edge label="DN" idref="s1_25"/>
				<edge label="H" idref="s1_26"/>
			</nt>
			<nt id="s1_517" cat="x">
				<edge label="P" idref="s1_28"/>
				<edge label="Op" idref="s1_518"/>
			</nt>
			<nt id="s1_518" cat="pp">
				<edge label="H" idref="s1_29"/>
				<edge label="DP" idref="s1_519"/>
			</nt>
			<nt id="s1_519" cat="np">
				<edge label="DN" idref="s1_30"/>
				<edge label="H" idref="s1_31"/>
				<edge label="DN" idref="s1_521"/>
			</nt>
			<nt id="s1_520" cat="fcl">
				<edge label="S" idref="s1_32"/>
				<edge label="S" idref="s1_36"/>
				<edge label="P" idref="s1_37"/>
				<edge label="Cs" idref="s1_522"/>
			</nt>
			<nt id="s1_521" cat="fcl">
				<edge label="S" idref="s1_33"/>
				<edge label="fA" idref="s1_34"/>
				<edge label="P" idref="s1_35"/>
			</nt>
			<nt id="s1_522" cat="adjp">
				<edge label="DA" idref="s1_38"/>
				<edge label="H" idref="s1_39"/>
			</nt>
			<nt id="s1_523" cat="x">
				<edge label="P" idref="s1_41"/>
				<edge label="fA" idref="s1_524"/>
			</nt>
			<nt id="s1_524" cat="pp">
				<edge label="H" idref="s1_42"/>
				<edge label="DP" idref="s1_525"/>
			</nt>
			<nt id="s1_525" cat="fcl">
				<edge label="S" idref="s1_43"/>
				<edge label="fA" idref="s1_44"/>
				<edge label="P" idref="s1_45"/>
				<edge label="fA" idref="s1_46"/>
			</nt>
			<nt id="s1_526" cat="fcl">
				<edge label="S" idref="s1_527"/>
				<edge label="P" idref="s1_52"/>
				<edge label="Cs" idref="s1_528"/>
			</nt>
			<nt id="s1_527" cat="np">
				<edge label="DN" idref="s1_49"/>
				<edge label="H" idref="s1_50"/>
				<edge label="DN" idref="s1_51"/>
			</nt>
			<nt id="s1_528" cat="np">
				<edge label="H" idref="s1_53"/>
				<edge label="DN" idref="s1_54"/>
			</nt>
			<nt id="s1_529" cat="x">
				<edge label="P" idref="s1_530"/>
				<edge label="Op" idref="s1_531"/>
				<edge label="fA" idref="s1_533"/>
			</nt>
			<nt id="s1_530" cat="vp">
				<edge label="Vaux" idref="s1_56"/>
				<edge label="Vm" idref="s1_57"/>
			</nt>
			<nt id="s1_531" cat="pp">
				<edge label="H" idref="s1_58"/>
				<edge label="DP" idref="s1_532"/>
			</nt>
			<nt id="s1_532" cat="np">
				<edge label="DN" idref="s1_59"/>
				<edge label="H" idref="s1_60"/>
			</nt>
			<nt id="s1_533" cat="pp">
				<edge label="H" idref="s1_61"/>
				<edge label="DP" idref="s1_534"/>
			</nt>
			<nt id="s1_534" cat="np">
				<edge label="DN" idref="s1_62"/>
				<edge label="H" idref="s1_63"/>
			</nt>
		</nonterminals>
	</graph>
</s>

	</body>
</corpus>
