<?xml version="1.0" encoding="UTF-8"?>
<corpus>

	<body>
<s id="s1" ref="1" source="Running text" forest="1" text="muito boiou, gostei muito mesmo, poderem contra a vontade.">
	<graph root="s1_500">
		<terminals>
			<t id="s1_1" word="muito" lemma="muito" pos="pron-indef" morph="DET M S" extra="quant"/>
			<t id="s1_2" word="boiou" lemma="boiar" pos="v-fin" morph="PS 3S IND VFIN" extra="cjt-head cjt-head-STA fmc mv"/>
			<t id="s1_3" word="," lemma="--" pos="pu" morph="--" extra="--"/>
			<t id="s1_4" word="gostei" lemma="gostar" pos="v-fin" morph="PS 1S IND VFIN" extra="nosubj nosubj cjt-STA vH fmc mv"/>
			<t id="s1_5" word="muito" lemma="muito" pos="pron-indef" morph="DET M S" extra="quant"/>
			<t id="s1_6" word="mesmo" lemma="mesmo" pos="adv" morph="--" extra="quant"/>
			<t id="s1_7" word="," lemma="--" pos="pu" morph="--" extra="--"/>
			<t id="s1_8" word="poderem" lemma="poder" pos="v-inf" morph="3P" extra="mv"/>
			<t id="s1_9" word="contra" lemma="contra" pos="prp" morph="--" extra="--"/>
			<t id="s1_10" word="a" lemma="o" pos="art" morph="F S" extra="--"/>
			<t id="s1_11" word="vontade" lemma="vontade" pos="n" morph="F S" sem="am" extra="--"/>
			<t id="s1_12" word="." lemma="--" pos="pu" morph="--" extra="--"/>
		</terminals>

		<nonterminals>
			<nt id="s1_500" cat="s">
				<edge label="STA" idref="s1_501"/>
			</nt>
			<nt id="s1_501" cat="par">
				<edge label="CJT" idref="s1_502"/>
				<edge label="PU" idref="s1_3"/>
				<edge label="CJT" idref="s1_503"/>
				<edge label="DN" idref="s1_5"/>
				<edge label="PU" idref="s1_7"/>
				<edge label="UTT" idref="s1_504"/>
				<edge label="PU" idref="s1_12"/>
			</nt>
			<nt id="s1_502" cat="fcl">
				<edge label="S" idref="s1_1"/>
				<edge label="P" idref="s1_2"/>
			</nt>
			<nt id="s1_503" cat="x">
				<edge label="P" idref="s1_4"/>
				<edge label="fA" idref="s1_6"/>
			</nt>
			<nt id="s1_504" cat="icl">
				<edge label="P" idref="s1_8"/>
				<edge label="Op" idref="s1_505"/>
			</nt>
			<nt id="s1_505" cat="pp">
				<edge label="H" idref="s1_9"/>
				<edge label="DP" idref="s1_506"/>
			</nt>
			<nt id="s1_506" cat="np">
				<edge label="DN" idref="s1_10"/>
				<edge label="H" idref="s1_11"/>
			</nt>
		</nonterminals>
	</graph>
</s>

<s id="s2" ref="2" source="Running text" forest="1" text="não vão se arrepender!">
	<graph root="s2_500">
		<terminals>
			<t id="s2_1" word="não" lemma="não" pos="adv" morph="--" extra="--"/>
			<t id="s2_2" word="vão" lemma="ir" pos="v-fin" morph="PR 3P IND VFIN" extra="fmc aux"/>
			<t id="s2_3" word="se" lemma="se" pos="pron-pers" morph="M/F 3S/P ACC" extra="refl"/>
			<t id="s2_4" word="arrepender" lemma="arrepender" pos="v-inf" morph="--" extra="mv v-pron"/>
			<t id="s2_5" word="!" lemma="--" pos="pu" morph="--" extra="--"/>
		</terminals>

		<nonterminals>
			<nt id="s2_500" cat="s">
				<edge label="STA" idref="s2_501"/>
			</nt>
			<nt id="s2_501" cat="fcl">
				<edge label="fA" idref="s2_1"/>
				<edge label="P" idref="s2_502"/>
				<edge label="Od" idref="s2_3"/>
				<edge label="PU" idref="s2_5"/>
			</nt>
			<nt id="s2_502" cat="vp">
				<edge label="Vaux" idref="s2_2"/>
				<edge label="Vm" idref="s2_4"/>
			</nt>
		</nonterminals>
	</graph>
</s>

<s id="s3" ref="3" source="Running text" forest="1" text="o que gostei celular perfeito magnoli!">
	<graph root="s3_500">
		<terminals>
			<t id="s3_1" word="o" lemma="o" pos="pron-dem" morph="DET M S" extra="dem"/>
			<t id="s3_2" word="que" lemma="que" pos="spec" morph="M S" extra="clb clb-fs rel"/>
			<t id="s3_3" word="gostei" lemma="gostar" pos="v-fin" morph="PS 1S IND VFIN" extra="vH mv np-close"/>
			<t id="s3_4" word="celular" lemma="celular" pos="adj" morph="M/F S" extra="nh"/>
			<t id="s3_5" word="perfeito" lemma="perfeito" pos="adj" morph="M S" extra="np-close"/>
			<t id="s3_6" word="magnoli" lemma="magnoler" pos="v-fin" morph="PS 1S IND VFIN" extra="heur fmc mv"/>
			<t id="s3_7" word="!" lemma="--" pos="pu" morph="--" extra="--"/>
		</terminals>

		<nonterminals>
			<nt id="s3_500" cat="s">
				<edge label="UTT" idref="s3_501"/>
			</nt>
			<nt id="s3_501" cat="x">
				<edge label="STA" idref="s3_502"/>
				<edge label="DN" idref="s3_503"/>
				<edge label="S" idref="s3_2"/>
				<edge label="P" idref="s3_3"/>
				<edge label="fCs" idref="s3_4"/>
				<edge label="DN" idref="s3_5"/>
				<edge label="P" idref="s3_6"/>
				<edge label="PU" idref="s3_7"/>
			</nt>
			<nt id="s3_502" cat="fcl">
				<edge label="S" idref="s3_1"/>
			</nt>
			<nt id="s3_503" cat="fcl">
			</nt>
		</nonterminals>
	</graph>
</s>

<s id="s4" ref="4" source="Running text" forest="1" text="o que não gostei nada.">
	<graph root="s4_500">
		<terminals>
			<t id="s4_1" word="o" lemma="o" pos="pron-dem" morph="DET M S" extra="dem"/>
			<t id="s4_2" word="que" lemma="que" pos="spec" morph="M S" extra="clb clb-fs rel"/>
			<t id="s4_3" word="não" lemma="não" pos="adv" morph="--" extra="--"/>
			<t id="s4_4" word="gostei" lemma="gostar" pos="v-fin" morph="PS 1S IND VFIN" extra="vH mv np-close"/>
			<t id="s4_5" word="nada" lemma="nada" pos="spec" morph="M S" extra="quant"/>
			<t id="s4_6" word="." lemma="--" pos="pu" morph="--" extra="--"/>
		</terminals>

		<nonterminals>
			<nt id="s4_500" cat="s">
				<edge label="UTT" idref="s4_501"/>
			</nt>
			<nt id="s4_501" cat="x">
				<edge label="X" idref="s4_1"/>
				<edge label="DN" idref="s4_502"/>
				<edge label="S" idref="s4_2"/>
				<edge label="fA" idref="s4_3"/>
				<edge label="P" idref="s4_4"/>
				<edge label="fA" idref="s4_5"/>
				<edge label="PU" idref="s4_6"/>
			</nt>
			<nt id="s4_502" cat="fcl">
			</nt>
		</nonterminals>
	</graph>
</s>

	</body>
</corpus>
