<?xml version="1.0" encoding="UTF-8"?>
<corpus>

	<body>
<s id="s1" ref="1" source="Running text" forest="1" text="não recomendo a compra.">
	<graph root="s1_500">
		<terminals>
			<t id="s1_1" word="não" lemma="não" pos="adv" morph="--" extra="--"/>
			<t id="s1_2" word="recomendo" lemma="recomendar" pos="v-fin" morph="PR 1S IND VFIN" extra="vH fmc mv"/>
			<t id="s1_3" word="a" lemma="o" pos="art" morph="F S" extra="--"/>
			<t id="s1_4" word="compra" lemma="compra" pos="n" morph="F S" sem="act cc" extra="--"/>
			<t id="s1_5" word="." lemma="--" pos="pu" morph="--" extra="--"/>
		</terminals>

		<nonterminals>
			<nt id="s1_500" cat="s">
				<edge label="STA" idref="s1_501"/>
			</nt>
			<nt id="s1_501" cat="fcl">
				<edge label="fA" idref="s1_1"/>
				<edge label="P" idref="s1_2"/>
				<edge label="Od" idref="s1_502"/>
				<edge label="PU" idref="s1_5"/>
			</nt>
			<nt id="s1_502" cat="np">
				<edge label="DN" idref="s1_3"/>
				<edge label="H" idref="s1_4"/>
			</nt>
		</nonterminals>
	</graph>
</s>

<s id="s2" ref="2" source="Running text" forest="1" text="por ser um smart deixa muito a desejar.">
	<graph root="s2_500">
		<terminals>
			<t id="s2_1" word="por" lemma="por" pos="prp" morph="--" extra="--"/>
			<t id="s2_2" word="ser" lemma="ser" pos="v-inf" morph="--" extra="vK mv"/>
			<t id="s2_3" word="um" lemma="um" pos="art" morph="M S" extra="--"/>
			<t id="s2_4" word="smart" lemma="smart" pos="n" morph="M S" extra="heur"/>
			<t id="s2_5" word="deixa" lemma="deixar" pos="v-fin" morph="PR 3S IND VFIN" extra="fmc mv"/>
			<t id="s2_6" word="muito" lemma="muito" pos="pron-indef" morph="DET M S" extra="quant"/>
			<t id="s2_7" word="a" lemma="a" pos="prp" morph="--" extra="--"/>
			<t id="s2_8" word="desejar" lemma="desejar" pos="v-inf" morph="--" extra="vH mv"/>
			<t id="s2_9" word="." lemma="--" pos="pu" morph="--" extra="--"/>
		</terminals>

		<nonterminals>
			<nt id="s2_500" cat="s">
				<edge label="STA" idref="s2_501"/>
			</nt>
			<nt id="s2_501" cat="fcl">
				<edge label="fA" idref="s2_502"/>
				<edge label="P" idref="s2_5"/>
				<edge label="Od" idref="s2_6"/>
				<edge label="Op" idref="s2_505"/>
				<edge label="PU" idref="s2_9"/>
			</nt>
			<nt id="s2_502" cat="pp">
				<edge label="H" idref="s2_1"/>
				<edge label="DP" idref="s2_503"/>
			</nt>
			<nt id="s2_503" cat="icl">
				<edge label="P" idref="s2_2"/>
				<edge label="Cs" idref="s2_504"/>
			</nt>
			<nt id="s2_504" cat="np">
				<edge label="DN" idref="s2_3"/>
				<edge label="H" idref="s2_4"/>
			</nt>
			<nt id="s2_505" cat="pp">
				<edge label="H" idref="s2_7"/>
				<edge label="DP" idref="s2_8"/>
			</nt>
		</nonterminals>
	</graph>
</s>

<s id="s3" ref="3" source="Running text" forest="1" text="impossível usar a internet, pois o sistema é muito lento.">
	<graph root="s3_500">
		<terminals>
			<t id="s3_1" word="impossível" lemma="impossível" pos="adj" morph="M/F S" extra="nh"/>
			<t id="s3_2" word="usar" lemma="usar" pos="v-inf" morph="--" extra="vH mv"/>
			<t id="s3_3" word="a" lemma="o" pos="art" morph="F S" extra="--"/>
			<t id="s3_4" word="internet" lemma="internet" pos="n" morph="F S" extra="newlex"/>
			<t id="s3_5" word="," lemma="--" pos="pu" morph="--" extra="--"/>
			<t id="s3_6" word="pois" lemma="pois" pos="conj-s" morph="--" extra="clb"/>
			<t id="s3_7" word="o" lemma="o" pos="art" morph="M S" extra="--"/>
			<t id="s3_8" word="sistema" lemma="sistema" pos="n" morph="M S" sem="ac" extra="--"/>
			<t id="s3_9" word="é" lemma="ser" pos="v-fin" morph="PR 3S IND VFIN" extra="vK fmc mv"/>
			<t id="s3_10" word="muito" lemma="muito" pos="adv" morph="--" extra="quant"/>
			<t id="s3_11" word="lento" lemma="lento" pos="adj" morph="M S" extra="nh"/>
			<t id="s3_12" word="." lemma="--" pos="pu" morph="--" extra="--"/>
		</terminals>

		<nonterminals>
			<nt id="s3_500" cat="s">
				<edge label="UTT" idref="s3_501"/>
			</nt>
			<nt id="s3_501" cat="icl">
				<edge label="fCs" idref="s3_1"/>
				<edge label="P" idref="s3_2"/>
				<edge label="Od" idref="s3_502"/>
				<edge label="PU" idref="s3_5"/>
				<edge label="STA" idref="s3_503"/>
				<edge label="PU" idref="s3_12"/>
			</nt>
			<nt id="s3_502" cat="np">
				<edge label="DN" idref="s3_3"/>
				<edge label="H" idref="s3_4"/>
			</nt>
			<nt id="s3_503" cat="fcl">
				<edge label="fA" idref="s3_6"/>
				<edge label="S" idref="s3_504"/>
				<edge label="P" idref="s3_9"/>
				<edge label="Cs" idref="s3_505"/>
			</nt>
			<nt id="s3_504" cat="np">
				<edge label="DN" idref="s3_7"/>
				<edge label="H" idref="s3_8"/>
			</nt>
			<nt id="s3_505" cat="adjp">
				<edge label="DA" idref="s3_10"/>
				<edge label="H" idref="s3_11"/>
			</nt>
		</nonterminals>
	</graph>
</s>

<s id="s4" ref="4" source="Running text" forest="1" text="o que gostei nada de especial a não ser a aparência que engana o que não gostei sistema operacional muitíssimo lento impossibilita o acesso � internet, baixa durabilidade do aparelho como todos os motorola.">
	<graph root="s4_500">
		<terminals>
			<t id="s4_1" word="o" lemma="o" pos="pron-dem" morph="DET M S" extra="dem"/>
			<t id="s4_2" word="que" lemma="que" pos="spec" morph="M S" extra="clb clb-fs rel"/>
			<t id="s4_3" word="gostei" lemma="gostar" pos="v-fin" morph="PS 1S IND VFIN" extra="vH mv np-close"/>
			<t id="s4_4" word="nada_de_especial" lemma="nada_de_especial" pos="spec" morph="M S" extra="quant"/>
			<t id="s4_5" word="a" lemma="a" pos="prp" morph="--" extra="--"/>
			<t id="s4_6" word="não" lemma="não" pos="adv" morph="--" extra="--"/>
			<t id="s4_7" word="ser" lemma="ser" pos="v-inf" morph="--" extra="vK mv"/>
			<t id="s4_8" word="a" lemma="o" pos="art" morph="F S" extra="--"/>
			<t id="s4_9" word="aparência" lemma="aparência" pos="n" morph="F S" sem="percep-f" extra="--"/>
			<t id="s4_10" word="que" lemma="que" pos="spec" morph="M S" extra="clb clb-fs rel"/>
			<t id="s4_11" word="engana" lemma="enganar" pos="v-fin" morph="PR 3S IND VFIN" extra="vH mv np-close"/>
			<t id="s4_12" word="o" lemma="o" pos="pron-dem" morph="DET M S" extra="dem"/>
			<t id="s4_13" word="que" lemma="que" pos="spec" morph="M S" extra="clb clb-fs rel"/>
			<t id="s4_14" word="não" lemma="não" pos="adv" morph="--" extra="--"/>
			<t id="s4_15" word="gostei" lemma="gostar" pos="v-fin" morph="PS 1S IND VFIN" extra="vH mv np-close"/>
			<t id="s4_16" word="sistema_operacional" lemma="sistema_operacional" pos="n" morph="M S" sem="ac" extra="--"/>
			<t id="s4_17" word="muitíssimo" lemma="muitíssimo" pos="adv" morph="--" extra="quant SUP"/>
			<t id="s4_18" word="lento" lemma="lento" pos="adj" morph="M S" extra="nh np-close"/>
			<t id="s4_19" word="impossibilita" lemma="impossibilitar" pos="v-fin" morph="PR 3S IND VFIN" extra="fmc mv"/>
			<t id="s4_20" word="o" lemma="o" pos="art" morph="M S" extra="--"/>
			<t id="s4_21" word="acesso" lemma="acesso" pos="n" morph="M S" sem="event Lpath f-right" extra="--"/>
			<t id="s4_22" word="a" lemma="a" pos="prp" morph="--" extra="sam- np-close"/>
			<t id="s4_23" word="a" lemma="o" pos="art" morph="F S" extra="-sam "/>
			<t id="s4_24" word="internet" lemma="internet" pos="n" morph="F S" sem="Labs" extra="--"/>
			<t id="s4_25" word="," lemma="--" pos="pu" morph="--" extra="--"/>
			<t id="s4_26" word="baixa" lemma="baixo" pos="adj" morph="F S" extra="--"/>
			<t id="s4_27" word="durabilidade" lemma="durabilidade" pos="n" morph="F S" sem="am" extra="np-close"/>
			<t id="s4_28" word="de" lemma="de" pos="prp" morph="--" extra="sam- np-close"/>
			<t id="s4_29" word="o" lemma="o" pos="art" morph="M S" extra="-sam "/>
			<t id="s4_30" word="aparelho" lemma="aparelho" pos="n" morph="M S" sem="tool" extra="--"/>
			<t id="s4_31" word="como" lemma="como" pos="prp" morph="--" extra="com adv-rel"/>
			<t id="s4_32" word="todos_os" lemma="todo_o" pos="pron-indef" morph="DET M P" extra="quant"/>
			<t id="s4_33" word="motorola" lemma="motorola" pos="n" morph="F S" sem="Aorn" extra="asarg DERP"/>
			<t id="s4_34" word="." lemma="--" pos="pu" morph="--" extra="--"/>
		</terminals>

		<nonterminals>
			<nt id="s4_500" cat="s">
				<edge label="UTT" idref="s4_501"/>
			</nt>
			<nt id="s4_501" cat="x">
				<edge label="STA" idref="s4_502"/>
				<edge label="DN" idref="s4_503"/>
				<edge label="S" idref="s4_2"/>
				<edge label="P" idref="s4_3"/>
				<edge label="fA" idref="s4_4"/>
				<edge label="fA" idref="s4_504"/>
				<edge label="PU" idref="s4_34"/>
			</nt>
			<nt id="s4_502" cat="fcl">
				<edge label="S" idref="s4_1"/>
			</nt>
			<nt id="s4_503" cat="fcl">
			</nt>
			<nt id="s4_504" cat="pp">
				<edge label="H" idref="s4_5"/>
				<edge label="DP" idref="s4_505"/>
			</nt>
			<nt id="s4_505" cat="icl">
				<edge label="fA" idref="s4_6"/>
				<edge label="P" idref="s4_7"/>
				<edge label="Cs" idref="s4_506"/>
			</nt>
			<nt id="s4_506" cat="np">
				<edge label="DN" idref="s4_8"/>
				<edge label="H" idref="s4_9"/>
				<edge label="DN" idref="s4_507"/>
				<edge label="DN" idref="s4_508"/>
			</nt>
			<nt id="s4_507" cat="fcl">
				<edge label="S" idref="s4_10"/>
				<edge label="P" idref="s4_11"/>
				<edge label="Od" idref="s4_12"/>
			</nt>
			<nt id="s4_508" cat="fcl">
				<edge label="S" idref="s4_13"/>
				<edge label="fA" idref="s4_14"/>
				<edge label="P" idref="s4_15"/>
				<edge label="S" idref="s4_509"/>
				<edge label="P" idref="s4_19"/>
				<edge label="Od" idref="s4_511"/>
				<edge label="fA" idref="s4_517"/>
			</nt>
			<nt id="s4_509" cat="np">
				<edge label="H" idref="s4_16"/>
				<edge label="DN" idref="s4_510"/>
			</nt>
			<nt id="s4_510" cat="adjp">
				<edge label="DA" idref="s4_17"/>
				<edge label="H" idref="s4_18"/>
			</nt>
			<nt id="s4_511" cat="np">
				<edge label="DN" idref="s4_20"/>
				<edge label="H" idref="s4_21"/>
				<edge label="DN" idref="s4_512"/>
			</nt>
			<nt id="s4_512" cat="pp">
				<edge label="H" idref="s4_22"/>
				<edge label="DP" idref="s4_513"/>
			</nt>
			<nt id="s4_513" cat="np">
				<edge label="DN" idref="s4_23"/>
				<edge label="H" idref="s4_24"/>
				<edge label="PU" idref="s4_25"/>
				<edge label="DNc" idref="s4_514"/>
			</nt>
			<nt id="s4_514" cat="np">
				<edge label="DN" idref="s4_26"/>
				<edge label="H" idref="s4_27"/>
				<edge label="DN" idref="s4_515"/>
			</nt>
			<nt id="s4_515" cat="pp">
				<edge label="H" idref="s4_28"/>
				<edge label="DP" idref="s4_516"/>
			</nt>
			<nt id="s4_516" cat="np">
				<edge label="DN" idref="s4_29"/>
				<edge label="H" idref="s4_30"/>
			</nt>
			<nt id="s4_517" cat="pp">
				<edge label="H" idref="s4_31"/>
				<edge label="DP" idref="s4_518"/>
			</nt>
			<nt id="s4_518" cat="np">
				<edge label="DN" idref="s4_32"/>
				<edge label="H" idref="s4_33"/>
			</nt>
		</nonterminals>
	</graph>
</s>

<s id="s5" ref="5" source="Running text" forest="1" text="com a nextel não temos escolha.">
	<graph root="s5_500">
		<terminals>
			<t id="s5_1" word="com" lemma="com" pos="prp" morph="--" extra="--"/>
			<t id="s5_2" word="a" lemma="o" pos="art" morph="F S" extra="--"/>
			<t id="s5_3" word="nextel" lemma="nextel" pos="n" morph="F S" extra="heur"/>
			<t id="s5_4" word="não" lemma="não" pos="adv" morph="--" extra="--"/>
			<t id="s5_5" word="temos" lemma="ter" pos="v-fin" morph="PR 1P IND VFIN" extra="fmc mv"/>
			<t id="s5_6" word="escolha" lemma="escolha" pos="n" morph="F S" sem="act HH" extra="--"/>
			<t id="s5_7" word="." lemma="--" pos="pu" morph="--" extra="--"/>
		</terminals>

		<nonterminals>
			<nt id="s5_500" cat="s">
				<edge label="STA" idref="s5_501"/>
			</nt>
			<nt id="s5_501" cat="fcl">
				<edge label="fA" idref="s5_502"/>
				<edge label="fA" idref="s5_4"/>
				<edge label="P" idref="s5_5"/>
				<edge label="Od" idref="s5_6"/>
				<edge label="PU" idref="s5_7"/>
			</nt>
			<nt id="s5_502" cat="pp">
				<edge label="H" idref="s5_1"/>
				<edge label="DP" idref="s5_503"/>
			</nt>
			<nt id="s5_503" cat="np">
				<edge label="DN" idref="s5_2"/>
				<edge label="H" idref="s5_3"/>
			</nt>
		</nonterminals>
	</graph>
</s>

<s id="s6" ref="6" source="Running text" forest="1" text="pra mim motorola é um lixo..">
	<graph root="s6_500">
		<terminals>
			<t id="s6_1" word="pra" lemma="para" pos="prp" morph="--" extra="--"/>
			<t id="s6_2" word="mim" lemma="eu" pos="pron-pers" morph="M/F 1S PIV" extra="--"/>
			<t id="s6_3" word="motorola" lemma="motorola" pos="n" morph="F S" sem="Aorn" extra="DERP"/>
			<t id="s6_4" word="é" lemma="ser" pos="v-fin" morph="PR 3S IND VFIN" extra="vK fmc mv"/>
			<t id="s6_5" word="um" lemma="um" pos="art" morph="M S" extra="--"/>
			<t id="s6_6" word="lixo" lemma="lixo" pos="n" morph="M S" sem="cm-h" extra="--"/>
			<t id="s6_7" word="." lemma="--" pos="pu" morph="--" extra="--"/>
			<t id="s6_8" word="." lemma="--" pos="pu" morph="--" extra="--"/>
		</terminals>

		<nonterminals>
			<nt id="s6_500" cat="s">
				<edge label="STA" idref="s6_501"/>
			</nt>
			<nt id="s6_501" cat="fcl">
				<edge label="fA" idref="s6_502"/>
				<edge label="S" idref="s6_3"/>
				<edge label="P" idref="s6_4"/>
				<edge label="Cs" idref="s6_503"/>
				<edge label="PU" idref="s6_7"/>
				<edge label="PU" idref="s6_8"/>
			</nt>
			<nt id="s6_502" cat="pp">
				<edge label="H" idref="s6_1"/>
				<edge label="DP" idref="s6_2"/>
			</nt>
			<nt id="s6_503" cat="np">
				<edge label="DN" idref="s6_5"/>
				<edge label="H" idref="s6_6"/>
			</nt>
		</nonterminals>
	</graph>
</s>

	</body>
</corpus>
