<?xml version="1.0" encoding="UTF-8"?>
<corpus>

	<body>
<s id="s1" ref="1" source="Running text" forest="1" text="concussão.">
	<graph root="s1_500">
		<terminals>
			<t id="s1_1" word="concussão" lemma="concussão" pos="n" morph="F S" sem="event" extra="--"/>
			<t id="s1_2" word="." lemma="--" pos="pu" morph="--" extra="--"/>
		</terminals>

		<nonterminals>
			<nt id="s1_500" cat="s">
				<edge label="UTT" idref="s1_501"/>
			</nt>
			<nt id="s1_501" cat="x">
				<edge label="X" idref="s1_1"/>
				<edge label="PU" idref="s1_2"/>
			</nt>
		</nonterminals>
	</graph>
</s>

<s id="s2" ref="2" source="Running text" forest="1" text="o celular é péssimo em todos os quesitos.">
	<graph root="s2_500">
		<terminals>
			<t id="s2_1" word="o" lemma="o" pos="art" morph="M S" extra="--"/>
			<t id="s2_2" word="celular" lemma="celular" pos="adj" morph="M S" extra="n nh"/>
			<t id="s2_3" word="é" lemma="ser" pos="v-fin" morph="PR 3S IND VFIN" extra="vK fmc mv"/>
			<t id="s2_4" word="péssimo" lemma="mal" pos="adj" morph="M S" extra="SUP"/>
			<t id="s2_5" word="em" lemma="em" pos="prp" morph="--" extra="--"/>
			<t id="s2_6" word="todos_os" lemma="todo_o" pos="pron-indef" morph="DET M P" extra="quant"/>
			<t id="s2_7" word="quesitos" lemma="quesito" pos="n" morph="M P" sem="sem-s" extra="--"/>
			<t id="s2_8" word="." lemma="--" pos="pu" morph="--" extra="--"/>
		</terminals>

		<nonterminals>
			<nt id="s2_500" cat="s">
				<edge label="STA" idref="s2_501"/>
			</nt>
			<nt id="s2_501" cat="fcl">
				<edge label="S" idref="s2_502"/>
				<edge label="P" idref="s2_3"/>
				<edge label="Cs" idref="s2_4"/>
				<edge label="fA" idref="s2_503"/>
				<edge label="PU" idref="s2_8"/>
			</nt>
			<nt id="s2_502" cat="np">
				<edge label="DN" idref="s2_1"/>
				<edge label="H" idref="s2_2"/>
			</nt>
			<nt id="s2_503" cat="pp">
				<edge label="H" idref="s2_5"/>
				<edge label="DP" idref="s2_504"/>
			</nt>
			<nt id="s2_504" cat="np">
				<edge label="DN" idref="s2_6"/>
				<edge label="H" idref="s2_7"/>
			</nt>
		</nonterminals>
	</graph>
</s>

<s id="s3" ref="3" source="Running text" forest="1" text="o que gostei nada.">
	<graph root="s3_500">
		<terminals>
			<t id="s3_1" word="o" lemma="o" pos="pron-dem" morph="DET M S" extra="dem"/>
			<t id="s3_2" word="que" lemma="que" pos="spec" morph="M S" extra="clb clb-fs rel"/>
			<t id="s3_3" word="gostei" lemma="gostar" pos="v-fin" morph="PS 1S IND VFIN" extra="vH mv np-close"/>
			<t id="s3_4" word="nada" lemma="nada" pos="spec" morph="M S" extra="quant"/>
			<t id="s3_5" word="." lemma="--" pos="pu" morph="--" extra="--"/>
		</terminals>

		<nonterminals>
			<nt id="s3_500" cat="s">
				<edge label="UTT" idref="s3_501"/>
			</nt>
			<nt id="s3_501" cat="x">
				<edge label="X" idref="s3_1"/>
				<edge label="DN" idref="s3_502"/>
				<edge label="S" idref="s3_2"/>
				<edge label="P" idref="s3_3"/>
				<edge label="fA" idref="s3_4"/>
				<edge label="PU" idref="s3_5"/>
			</nt>
			<nt id="s3_502" cat="fcl">
			</nt>
		</nonterminals>
	</graph>
</s>

<s id="s4" ref="4" source="Running text" forest="1" text="o que não gostei o celular é péssimo e quem comprar irá ter problemas se precisar de assistência para eventuais reparos do mesmo pois existe somente uma assistência la onde o judas perdeu as botas.">
	<graph root="s4_500">
		<terminals>
			<t id="s4_1" word="o" lemma="o" pos="pron-dem" morph="DET M S" extra="dem"/>
			<t id="s4_2" word="que" lemma="que" pos="spec" morph="M S" extra="clb clb-fs rel"/>
			<t id="s4_3" word="não" lemma="não" pos="adv" morph="--" extra="--"/>
			<t id="s4_4" word="gostei" lemma="gostar" pos="v-fin" morph="PS 1S IND VFIN" extra="vH mv np-close"/>
			<t id="s4_5" word="o" lemma="o" pos="art" morph="M S" extra="--"/>
			<t id="s4_6" word="celular" lemma="celular" pos="adj" morph="M S" extra="n nh"/>
			<t id="s4_7" word="é" lemma="ser" pos="v-fin" morph="PR 3S IND VFIN" extra="cjt-head cjt-head-STA vK fmc mv"/>
			<t id="s4_8" word="péssimo" lemma="mal" pos="adj" morph="M S" extra="SUP"/>
			<t id="s4_9" word="e" lemma="e" pos="conj-c" morph="--" extra="topkc"/>
			<t id="s4_10" word="quem" lemma="quem" pos="spec" morph="M/F S" extra="clb clb-fs rel"/>
			<t id="s4_11" word="comprar" lemma="comprar" pos="v-fin" morph="FUT 3S SUBJ VFIN" extra="vH mv"/>
			<t id="s4_12" word="irá" lemma="ir" pos="v-fin" morph="FUT 3S IND VFIN" extra="cjt-STA fmc aux"/>
			<t id="s4_13" word="ter" lemma="ter" pos="v-inf" morph="--" extra="mv"/>
			<t id="s4_14" word="problemas" lemma="problema" pos="n" morph="M P" sem="ac" extra="--"/>
			<t id="s4_15" word="se" lemma="se" pos="conj-s" morph="--" extra="clb clb-fs"/>
			<t id="s4_16" word="precisar" lemma="precisar" pos="v-fin" morph="FUT 3S SUBJ VFIN" extra="mv"/>
			<t id="s4_17" word="de" lemma="de" pos="prp" morph="--" extra="--"/>
			<t id="s4_18" word="assistência" lemma="assistência" pos="n" morph="F S" sem="am" extra="--"/>
			<t id="s4_19" word="para" lemma="para" pos="prp" morph="--" extra="--"/>
			<t id="s4_20" word="eventuais" lemma="eventual" pos="adj" morph="M P" extra="nh"/>
			<t id="s4_21" word="reparos" lemma="reparo" pos="n" morph="M P" sem="act-d act-s percep-w" extra="--"/>
			<t id="s4_22" word="de" lemma="de" pos="prp" morph="--" extra="sam- np-close"/>
			<t id="s4_23" word="o" lemma="o" pos="art" morph="M S" extra="-sam "/>
			<t id="s4_24" word="mesmo" lemma="mesmo" pos="pron-indef" morph="DET M S" extra="diff KOMP"/>
			<t id="s4_25" word="pois" lemma="pois" pos="adv" morph="--" extra="kc"/>
			<t id="s4_26" word="existe" lemma="existir" pos="v-fin" morph="PR 3S IND VFIN" extra="cjt-STA fmc mv"/>
			<t id="s4_27" word="somente" lemma="somente" pos="adv" morph="--" extra="--"/>
			<t id="s4_28" word="uma" lemma="um" pos="art" morph="F S" extra="--"/>
			<t id="s4_29" word="assistência" lemma="assistência" pos="n" morph="F S" sem="am" extra="cjt-head cjt-head-S"/>
			<t id="s4_30" word="la" lemma="el" pos="pron-dem" morph="DET F S" extra="cjt-S dem"/>
			<t id="s4_31" word="onde" lemma="onde" pos="adv" morph="--" extra="clb clb-fs rel ks"/>
			<t id="s4_32" word="o" lemma="o" pos="art" morph="M S" extra="--"/>
			<t id="s4_33" word="judas" lemma="judas" pos="n" morph="M S" sem="H" extra="--"/>
			<t id="s4_34" word="perdeu" lemma="perder" pos="v-fin" morph="PS 3S IND VFIN" extra="mv np-close"/>
			<t id="s4_35" word="as" lemma="o" pos="art" morph="F P" extra="--"/>
			<t id="s4_36" word="botas" lemma="bota" pos="n" morph="F P" sem="cloH-shoe" extra="--"/>
			<t id="s4_37" word="." lemma="--" pos="pu" morph="--" extra="--"/>
		</terminals>

		<nonterminals>
			<nt id="s4_500" cat="s">
				<edge label="X" idref="s4_501"/>
			</nt>
			<nt id="s4_501" cat="adjp">
				<edge label="H" idref="s4_1"/>
				<edge label="DN" idref="s4_502"/>
				<edge label="S" idref="s4_2"/>
				<edge label="fA" idref="s4_3"/>
				<edge label="P" idref="s4_4"/>
				<edge label="STA" idref="s4_503"/>
				<edge label="CJT" idref="s4_504"/>
				<edge label="PU" idref="s4_37"/>
			</nt>
			<nt id="s4_502" cat="fcl">
			</nt>
			<nt id="s4_503" cat="par">
			</nt>
			<nt id="s4_504" cat="fcl">
				<edge label="CJT" idref="s4_505"/>
				<edge label="CJT" idref="s4_515"/>
			</nt>
			<nt id="s4_505" cat="fcl">
				<edge label="Od" idref="s4_506"/>
				<edge label="S" idref="s4_6"/>
				<edge label="P" idref="s4_7"/>
				<edge label="Cs" idref="s4_8"/>
				<edge label="S" idref="s4_507"/>
				<edge label="P" idref="s4_508"/>
				<edge label="fA" idref="s4_509"/>
			</nt>
			<nt id="s4_506" cat="np">
				<edge label="DN" idref="s4_5"/>
				<edge label="H" idref="s4_14"/>
			</nt>
			<nt id="s4_507" cat="fcl">
				<edge label="CO" idref="s4_9"/>
				<edge label="S" idref="s4_10"/>
				<edge label="P" idref="s4_11"/>
			</nt>
			<nt id="s4_508" cat="vp">
				<edge label="Vaux" idref="s4_12"/>
				<edge label="Vm" idref="s4_13"/>
			</nt>
			<nt id="s4_509" cat="fcl">
				<edge label="SUB" idref="s4_15"/>
				<edge label="P" idref="s4_16"/>
				<edge label="Op" idref="s4_510"/>
				<edge label="fA" idref="s4_511"/>
			</nt>
			<nt id="s4_510" cat="pp">
				<edge label="H" idref="s4_17"/>
				<edge label="DP" idref="s4_18"/>
			</nt>
			<nt id="s4_511" cat="pp">
				<edge label="H" idref="s4_19"/>
				<edge label="DP" idref="s4_512"/>
			</nt>
			<nt id="s4_512" cat="np">
				<edge label="DN" idref="s4_20"/>
				<edge label="H" idref="s4_21"/>
				<edge label="DN" idref="s4_513"/>
			</nt>
			<nt id="s4_513" cat="pp">
				<edge label="H" idref="s4_22"/>
				<edge label="DP" idref="s4_514"/>
			</nt>
			<nt id="s4_514" cat="np">
				<edge label="DN" idref="s4_23"/>
				<edge label="H" idref="s4_24"/>
			</nt>
			<nt id="s4_515" cat="fcl">
				<edge label="fA" idref="s4_25"/>
				<edge label="P" idref="s4_26"/>
				<edge label="S" idref="s4_516"/>
				<edge label="fA" idref="s4_518"/>
			</nt>
			<nt id="s4_516" cat="par">
				<edge label="CJT" idref="s4_517"/>
				<edge label="CJT" idref="s4_30"/>
			</nt>
			<nt id="s4_517" cat="np">
				<edge label="DN" idref="s4_27"/>
				<edge label="DN" idref="s4_28"/>
				<edge label="H" idref="s4_29"/>
			</nt>
			<nt id="s4_518" cat="fcl">
				<edge label="fA" idref="s4_31"/>
				<edge label="S" idref="s4_519"/>
				<edge label="P" idref="s4_34"/>
				<edge label="Od" idref="s4_520"/>
			</nt>
			<nt id="s4_519" cat="np">
				<edge label="DN" idref="s4_32"/>
				<edge label="H" idref="s4_33"/>
			</nt>
			<nt id="s4_520" cat="np">
				<edge label="DN" idref="s4_35"/>
				<edge label="H" idref="s4_36"/>
			</nt>
		</nonterminals>
	</graph>
</s>

<s id="s5" ref="5" source="Running text" forest="1" text="ele trava na hora de reproduzir vídeos menu de ching-ling é horrível!">
	<graph root="s5_500">
		<terminals>
			<t id="s5_1" word="ele" lemma="ele" pos="pron-pers" morph="M 3S NOM" extra="--"/>
			<t id="s5_2" word="trava" lemma="travar" pos="v-fin" morph="PR 3S IND VFIN" extra="cjt-head cjt-head-STA fmc mv"/>
			<t id="s5_3" word="em" lemma="em" pos="prp" morph="--" extra="sam-"/>
			<t id="s5_4" word="a" lemma="o" pos="art" morph="F S" extra="-sam "/>
			<t id="s5_5" word="hora" lemma="hora" pos="n" morph="F S" sem="dur temp unit" extra="--"/>
			<t id="s5_6" word="de" lemma="de" pos="prp" morph="--" extra="np-close"/>
			<t id="s5_7" word="reproduzir" lemma="reproduzir" pos="v-inf" morph="--" extra="vH mv"/>
			<t id="s5_8" word="vídeos" lemma="vídeo" pos="adj" morph="M P" sem="pp" extra="--"/>
			<t id="s5_9" word="menu" lemma="menu" pos="n" morph="M S" sem="cc-r" extra="--"/>
			<t id="s5_10" word="de" lemma="de" pos="prp" morph="--" extra="np-close"/>
			<t id="s5_11" word="ching-ling" lemma="ching-ling" pos="n" morph="M S" extra="heur"/>
			<t id="s5_12" word="é" lemma="ser" pos="v-fin" morph="PR 3S IND VFIN" extra="nosubj nosubj cjt-STA vK fmc mv"/>
			<t id="s5_13" word="horrível" lemma="horrível" pos="adj" morph="M S" extra="jh"/>
			<t id="s5_14" word="!" lemma="--" pos="pu" morph="--" extra="--"/>
		</terminals>

		<nonterminals>
			<nt id="s5_500" cat="s">
				<edge label="STA" idref="s5_501"/>
			</nt>
			<nt id="s5_501" cat="par">
				<edge label="CJT" idref="s5_502"/>
				<edge label="CJT" idref="s5_509"/>
				<edge label="PU" idref="s5_14"/>
			</nt>
			<nt id="s5_502" cat="fcl">
				<edge label="S" idref="s5_1"/>
				<edge label="P" idref="s5_2"/>
				<edge label="fA" idref="s5_503"/>
			</nt>
			<nt id="s5_503" cat="pp">
				<edge label="H" idref="s5_3"/>
				<edge label="DP" idref="s5_504"/>
			</nt>
			<nt id="s5_504" cat="np">
				<edge label="DN" idref="s5_4"/>
				<edge label="H" idref="s5_5"/>
				<edge label="DN" idref="s5_505"/>
			</nt>
			<nt id="s5_505" cat="pp">
				<edge label="H" idref="s5_6"/>
				<edge label="DP" idref="s5_506"/>
			</nt>
			<nt id="s5_506" cat="icl">
				<edge label="P" idref="s5_7"/>
				<edge label="Od" idref="s5_507"/>
			</nt>
			<nt id="s5_507" cat="np">
				<edge label="DN" idref="s5_8"/>
				<edge label="H" idref="s5_9"/>
				<edge label="DN" idref="s5_508"/>
			</nt>
			<nt id="s5_508" cat="pp">
				<edge label="H" idref="s5_10"/>
				<edge label="DP" idref="s5_11"/>
			</nt>
			<nt id="s5_509" cat="x">
				<edge label="P" idref="s5_12"/>
				<edge label="Cs" idref="s5_13"/>
			</nt>
		</nonterminals>
	</graph>
</s>

<s id="s6" ref="6" source="Running text" forest="1" text="muito frágil.">
	<graph root="s6_500">
		<terminals>
			<t id="s6_1" word="muito" lemma="muito" pos="adv" morph="--" extra="quant"/>
			<t id="s6_2" word="frágil" lemma="frágil" pos="adj" morph="M/F S" extra="jh"/>
			<t id="s6_3" word="." lemma="--" pos="pu" morph="--" extra="--"/>
		</terminals>

		<nonterminals>
			<nt id="s6_500" cat="s">
				<edge label="X" idref="s6_501"/>
			</nt>
			<nt id="s6_501" cat="adjp">
				<edge label="DA" idref="s6_1"/>
				<edge label="H" idref="s6_2"/>
				<edge label="PU" idref="s6_3"/>
			</nt>
		</nonterminals>
	</graph>
</s>

<s id="s7" ref="7" source="Running text" forest="1" text="qualidade de produto chinês.">
	<graph root="s7_500">
		<terminals>
			<t id="s7_1" word="qualidade" lemma="qualidade" pos="n" morph="F S" sem="percep-f f-c" extra="--"/>
			<t id="s7_2" word="de" lemma="de" pos="prp" morph="--" extra="np-close"/>
			<t id="s7_3" word="produto" lemma="produto" pos="n" morph="M S" sem="cc-h mon ac-cat" extra="--"/>
			<t id="s7_4" word="chinês" lemma="chinês" pos="adj" morph="M S" extra="nat np-close"/>
			<t id="s7_5" word="." lemma="--" pos="pu" morph="--" extra="--"/>
		</terminals>

		<nonterminals>
			<nt id="s7_500" cat="s">
				<edge label="X" idref="s7_501"/>
			</nt>
			<nt id="s7_501" cat="np">
				<edge label="H" idref="s7_1"/>
				<edge label="DN" idref="s7_502"/>
				<edge label="PU" idref="s7_5"/>
			</nt>
			<nt id="s7_502" cat="pp">
				<edge label="H" idref="s7_2"/>
				<edge label="DP" idref="s7_503"/>
			</nt>
			<nt id="s7_503" cat="np">
				<edge label="H" idref="s7_3"/>
				<edge label="DN" idref="s7_4"/>
			</nt>
		</nonterminals>
	</graph>
</s>

<s id="s8" ref="8" source="Running text" forest="1" text="a camera é péssima..">
	<graph root="s8_500">
		<terminals>
			<t id="s8_1" word="a" lemma="o" pos="art" morph="F S" extra="--"/>
			<t id="s8_2" word="camera" lemma="c�=mara" pos="n" morph="F S" sem="Lh HH" extra="--"/>
			<t id="s8_3" word="é" lemma="ser" pos="v-fin" morph="PR 3S IND VFIN" extra="vK fmc mv"/>
			<t id="s8_4" word="péssima" lemma="mal" pos="adj" morph="F S" extra="SUP jh"/>
			<t id="s8_5" word="." lemma="--" pos="pu" morph="--" extra="--"/>
			<t id="s8_6" word="." lemma="--" pos="pu" morph="--" extra="--"/>
		</terminals>

		<nonterminals>
			<nt id="s8_500" cat="s">
				<edge label="STA" idref="s8_501"/>
			</nt>
			<nt id="s8_501" cat="fcl">
				<edge label="S" idref="s8_502"/>
				<edge label="P" idref="s8_3"/>
				<edge label="Cs" idref="s8_4"/>
				<edge label="PU" idref="s8_5"/>
				<edge label="PU" idref="s8_6"/>
			</nt>
			<nt id="s8_502" cat="np">
				<edge label="DN" idref="s8_1"/>
				<edge label="H" idref="s8_2"/>
			</nt>
		</nonterminals>
	</graph>
</s>

	</body>
</corpus>
