<?xml version="1.0" encoding="UTF-8"?>
<corpus>

	<body>
<s id="s1" ref="1" source="Running text" forest="1" text="telefone moderno com muitas funções úteis.">
	<graph root="s1_500">
		<terminals>
			<t id="s1_1" word="telefone" lemma="telefone" pos="n" morph="M S" sem="tool" extra="--"/>
			<t id="s1_2" word="moderno" lemma="moderno" pos="adj" morph="M S" extra="np-close"/>
			<t id="s1_3" word="com" lemma="com" pos="prp" morph="--" extra="np-long"/>
			<t id="s1_4" word="muitas" lemma="muito" pos="pron-indef" morph="DET F P" extra="quant"/>
			<t id="s1_5" word="funções" lemma="função" pos="n" morph="F P" sem="ac pos-soc occ" extra="--"/>
			<t id="s1_6" word="úteis" lemma="útil" pos="adj" morph="F P" extra="nh np-close"/>
			<t id="s1_7" word="." lemma="--" pos="pu" morph="--" extra="--"/>
		</terminals>

		<nonterminals>
			<nt id="s1_500" cat="s">
				<edge label="X" idref="s1_501"/>
			</nt>
			<nt id="s1_501" cat="np">
				<edge label="H" idref="s1_1"/>
				<edge label="DN" idref="s1_2"/>
				<edge label="DN" idref="s1_502"/>
				<edge label="PU" idref="s1_7"/>
			</nt>
			<nt id="s1_502" cat="pp">
				<edge label="H" idref="s1_3"/>
				<edge label="DP" idref="s1_503"/>
			</nt>
			<nt id="s1_503" cat="np">
				<edge label="DN" idref="s1_4"/>
				<edge label="H" idref="s1_5"/>
				<edge label="DN" idref="s1_6"/>
			</nt>
		</nonterminals>
	</graph>
</s>

<s id="s2" ref="2" source="Running text" forest="1" text="mas ele tem uns &quot;detalhes �que podem irritar ao longo de o tempo number despertador não repete, você tem sempre que programar.">
	<graph root="s2_500">
		<terminals>
			<t id="s2_1" word="mas" lemma="mas" pos="conj-c" morph="--" extra="topkc"/>
			<t id="s2_2" word="ele" lemma="ele" pos="pron-pers" morph="M 3S NOM" extra="--"/>
			<t id="s2_3" word="tem" lemma="ter" pos="v-fin" morph="PR 3S IND VFIN" extra="cjt-head cjt-head-STA fmc mv"/>
			<t id="s2_4" word="uns" lemma="um" pos="pron-indef" morph="DET M P" extra="quant"/>
			<t id="s2_5" word="&quot;" lemma="--" pos="pu" morph="--" extra="--"/>
			<t id="s2_6" word="detalhes" lemma="detalhe" pos="n" morph="M P" sem="ac" extra="--"/>
			<t id="s2_7" word="&quot;" lemma="--" pos="pu" morph="--" extra="--"/>
			<t id="s2_8" word="que" lemma="que" pos="spec" morph="M S" extra="clb clb-fs rel"/>
			<t id="s2_9" word="podem" lemma="poder" pos="v-fin" morph="PR 3P IND VFIN" extra="aux np-close"/>
			<t id="s2_10" word="irritar" lemma="irritar" pos="v-inf" morph="--" extra="mv"/>
			<t id="s2_11" word="ao_longo_de" lemma="ao_longo_de" pos="prp" morph="--" extra="sam-"/>
			<t id="s2_12" word="o" lemma="o" pos="art" morph="M S" extra=" -sam"/>
			<t id="s2_13" word="tempo" lemma="tempo" pos="n" morph="M S" sem="am temp per ac-cat wea" extra="--"/>
			<t id="s2_14" word="number" lemma="number" pos="v-inf" morph="--" extra="heur mv"/>
			<t id="s2_15" word="despertador" lemma="despertador" pos="n" morph="M S" sem="tool" extra="--"/>
			<t id="s2_16" word="não" lemma="não" pos="adv" morph="--" extra="--"/>
			<t id="s2_17" word="repete" lemma="repetir" pos="v-fin" morph="PR 3S IND VFIN" extra="cjt-STA fmc mv"/>
			<t id="s2_18" word="," lemma="--" pos="pu" morph="--" extra="--"/>
			<t id="s2_19" word="você" lemma="você" pos="pron-pers" morph="M/F 3S NOM" extra="--"/>
			<t id="s2_20" word="tem" lemma="ter" pos="v-fin" morph="PR 3S IND VFIN" extra="cjt-STA fmc mv"/>
			<t id="s2_21" word="sempre" lemma="sempre" pos="adv" morph="--" extra="--"/>
			<t id="s2_22" word="que" lemma="que" pos="conj-s" morph="--" extra="clb-fs"/>
			<t id="s2_23" word="programar" lemma="programar" pos="v-inf" morph="--" extra="vH mv"/>
			<t id="s2_24" word="." lemma="--" pos="pu" morph="--" extra="--"/>
		</terminals>

		<nonterminals>
			<nt id="s2_500" cat="s">
				<edge label="STA" idref="s2_501"/>
			</nt>
			<nt id="s2_501" cat="par">
				<edge label="CJT" idref="s2_502"/>
				<edge label="CO" idref="s2_1"/>
				<edge label="PU" idref="s2_7"/>
				<edge label="CJT" idref="s2_504"/>
				<edge label="PU" idref="s2_18"/>
				<edge label="CJT" idref="s2_510"/>
				<edge label="SUB" idref="s2_22"/>
				<edge label="PU" idref="s2_24"/>
			</nt>
			<nt id="s2_502" cat="fcl">
				<edge label="S" idref="s2_2"/>
				<edge label="P" idref="s2_3"/>
				<edge label="Od" idref="s2_503"/>
			</nt>
			<nt id="s2_503" cat="np">
				<edge label="DN" idref="s2_4"/>
				<edge label="PU" idref="s2_5"/>
				<edge label="H" idref="s2_6"/>
			</nt>
			<nt id="s2_504" cat="fcl">
				<edge label="S" idref="s2_505"/>
				<edge label="fA" idref="s2_16"/>
				<edge label="P" idref="s2_17"/>
			</nt>
			<nt id="s2_505" cat="fcl">
				<edge label="S" idref="s2_8"/>
				<edge label="P" idref="s2_506"/>
				<edge label="fA" idref="s2_507"/>
				<edge label="S" idref="s2_509"/>
			</nt>
			<nt id="s2_506" cat="vp">
				<edge label="Vaux" idref="s2_9"/>
				<edge label="Vm" idref="s2_10"/>
			</nt>
			<nt id="s2_507" cat="pp">
				<edge label="H" idref="s2_11"/>
				<edge label="DP" idref="s2_508"/>
			</nt>
			<nt id="s2_508" cat="np">
				<edge label="DN" idref="s2_12"/>
				<edge label="H" idref="s2_13"/>
			</nt>
			<nt id="s2_509" cat="icl">
				<edge label="P" idref="s2_14"/>
				<edge label="Od" idref="s2_15"/>
			</nt>
			<nt id="s2_510" cat="fcl">
				<edge label="S" idref="s2_19"/>
				<edge label="P" idref="s2_20"/>
				<edge label="fA" idref="s2_21"/>
				<edge label="Od" idref="s2_23"/>
			</nt>
		</nonterminals>
	</graph>
</s>

<s id="s3" ref="3" source="Running text" forest="1" text="number não tem wi-fi, o que hoje em dia é um atraso number pra mandar um torpedo, não há uma tecla direta, sempre terá que passar por vários passos number e a bateria é lastimável, completamente incompatível!">
	<graph root="s3_500">
		<terminals>
			<t id="s3_1" word="number" lemma="number" pos="n" morph="M S" extra="heur"/>
			<t id="s3_2" word="não" lemma="não" pos="adv" morph="--" extra="--"/>
			<t id="s3_3" word="tem" lemma="ter" pos="v-fin" morph="PR 3S IND VFIN" extra="nosubj nosubj nosubj nosubj nosubj nosubj cjt-head cjt-head-STA fmc mv"/>
			<t id="s3_4" word="wi-fi" lemma="wi-fer" pos="v-fin" morph="PS 1S IND VFIN" extra="nosubj nosubj cjt-STA foreign heur fmc mv"/>
			<t id="s3_5" word="," lemma="--" pos="pu" morph="--" extra="--"/>
			<t id="s3_6" word="o_que" lemma="o_que" pos="spec" morph="M S" extra="clb clb-fs rel"/>
			<t id="s3_7" word="hoje_em_dia" lemma="hoje_em_dia" pos="adv" morph="--" extra="--"/>
			<t id="s3_8" word="é" lemma="ser" pos="v-fin" morph="PR 3S IND VFIN" extra="vK mv"/>
			<t id="s3_9" word="um" lemma="um" pos="art" morph="M S" extra="--"/>
			<t id="s3_10" word="atraso" lemma="atraso" pos="n" morph="M S" sem="am" extra="--"/>
			<t id="s3_11" word="number" lemma="number" pos="v-inf" morph="--" extra="heur mv"/>
			<t id="s3_12" word="pra" lemma="para" pos="prp" morph="--" extra="--"/>
			<t id="s3_13" word="mandar" lemma="mandar" pos="v-inf" morph="--" extra="vH mv"/>
			<t id="s3_14" word="um" lemma="um" pos="art" morph="M S" extra="--"/>
			<t id="s3_15" word="torpedo" lemma="torpedo" pos="n" morph="M S" sem="tool" extra="--"/>
			<t id="s3_16" word="," lemma="--" pos="pu" morph="--" extra="--"/>
			<t id="s3_17" word="não" lemma="não" pos="adv" morph="--" extra="--"/>
			<t id="s3_18" word="há" lemma="haver" pos="v-fin" morph="PR 3S IND VFIN" extra="nosubj nosubj cjt-STA fmc mv"/>
			<t id="s3_19" word="uma" lemma="um" pos="art" morph="F S" extra="--"/>
			<t id="s3_20" word="tecla" lemma="tecla" pos="n" morph="F S" sem="tool" extra="--"/>
			<t id="s3_21" word="direta" lemma="direto" pos="adj" morph="F S" extra="np-close"/>
			<t id="s3_22" word="," lemma="--" pos="pu" morph="--" extra="--"/>
			<t id="s3_23" word="sempre" lemma="sempre" pos="adv" morph="--" extra="--"/>
			<t id="s3_24" word="terá" lemma="ter" pos="v-fin" morph="FUT 3S IND VFIN" extra="nosubj nosubj cjt-STA fmc aux"/>
			<t id="s3_25" word="que" lemma="que" pos="conj-s" morph="--" extra="clb"/>
			<t id="s3_26" word="passar" lemma="passar" pos="v-inf" morph="--" extra="mv"/>
			<t id="s3_27" word="por" lemma="por" pos="prp" morph="--" extra="--"/>
			<t id="s3_28" word="vários" lemma="vários" pos="pron-indef" morph="DET M P" extra="quant"/>
			<t id="s3_29" word="passos" lemma="passo" pos="n" morph="M P" sem="act-d activity Ltop Lwater cc-r event f-q" extra="--"/>
			<t id="s3_30" word="number" lemma="number" pos="v-inf" morph="--" extra="heur mv"/>
			<t id="s3_31" word="e" lemma="e" pos="conj-c" morph="--" extra="--"/>
			<t id="s3_32" word="a" lemma="o" pos="art" morph="F S" extra="--"/>
			<t id="s3_33" word="bateria" lemma="bateria" pos="n" morph="F S" sem="tool" extra="--"/>
			<t id="s3_34" word="é" lemma="ser" pos="v-fin" morph="PR 3S IND VFIN" extra="nosubj nosubj cjt-STA vK fmc mv"/>
			<t id="s3_35" word="lastimável" lemma="lastimável" pos="adj" morph="M/F S" extra="nh"/>
			<t id="s3_36" word="," lemma="--" pos="pu" morph="--" extra="--"/>
			<t id="s3_37" word="completamente" lemma="completamente" pos="adv" morph="--" extra="nh"/>
			<t id="s3_38" word="incompatível" lemma="incompatível" pos="adj" morph="M/F S" extra="nh np-close"/>
			<t id="s3_39" word="!" lemma="--" pos="pu" morph="--" extra="--"/>
		</terminals>

		<nonterminals>
			<nt id="s3_500" cat="s">
				<edge label="STA" idref="s3_501"/>
			</nt>
			<nt id="s3_501" cat="par">
				<edge label="CJT" idref="s3_502"/>
				<edge label="CJT" idref="s3_503"/>
				<edge label="PU" idref="s3_16"/>
				<edge label="CJT" idref="s3_510"/>
				<edge label="PU" idref="s3_22"/>
				<edge label="CJT" idref="s3_512"/>
				<edge label="CJT" idref="s3_518"/>
				<edge label="PU" idref="s3_39"/>
			</nt>
			<nt id="s3_502" cat="fcl">
				<edge label="S" idref="s3_1"/>
				<edge label="fA" idref="s3_2"/>
				<edge label="P" idref="s3_3"/>
			</nt>
			<nt id="s3_503" cat="x">
				<edge label="P" idref="s3_4"/>
				<edge label="PU" idref="s3_5"/>
				<edge label="fCsta" idref="s3_504"/>
			</nt>
			<nt id="s3_504" cat="fcl">
				<edge label="S" idref="s3_6"/>
				<edge label="fA" idref="s3_7"/>
				<edge label="P" idref="s3_8"/>
				<edge label="Cs" idref="s3_505"/>
				<edge label="S" idref="s3_506"/>
			</nt>
			<nt id="s3_505" cat="np">
				<edge label="DN" idref="s3_9"/>
				<edge label="H" idref="s3_10"/>
			</nt>
			<nt id="s3_506" cat="icl">
				<edge label="P" idref="s3_11"/>
				<edge label="fA" idref="s3_507"/>
			</nt>
			<nt id="s3_507" cat="pp">
				<edge label="H" idref="s3_12"/>
				<edge label="DP" idref="s3_508"/>
			</nt>
			<nt id="s3_508" cat="icl">
				<edge label="P" idref="s3_13"/>
				<edge label="Od" idref="s3_509"/>
			</nt>
			<nt id="s3_509" cat="np">
				<edge label="DN" idref="s3_14"/>
				<edge label="H" idref="s3_15"/>
			</nt>
			<nt id="s3_510" cat="x">
				<edge label="fA" idref="s3_17"/>
				<edge label="P" idref="s3_18"/>
				<edge label="Od" idref="s3_511"/>
			</nt>
			<nt id="s3_511" cat="np">
				<edge label="DN" idref="s3_19"/>
				<edge label="H" idref="s3_20"/>
				<edge label="DN" idref="s3_21"/>
			</nt>
			<nt id="s3_512" cat="x">
				<edge label="fA" idref="s3_23"/>
				<edge label="P" idref="s3_513"/>
				<edge label="Op" idref="s3_514"/>
				<edge label="fA" idref="s3_516"/>
			</nt>
			<nt id="s3_513" cat="vp">
				<edge label="Vaux" idref="s3_24"/>
				<edge label="SUBaux" idref="s3_25"/>
				<edge label="Vm" idref="s3_26"/>
			</nt>
			<nt id="s3_514" cat="pp">
				<edge label="H" idref="s3_27"/>
				<edge label="DP" idref="s3_515"/>
			</nt>
			<nt id="s3_515" cat="np">
				<edge label="DN" idref="s3_28"/>
				<edge label="H" idref="s3_29"/>
				<edge label="CO" idref="s3_31"/>
			</nt>
			<nt id="s3_516" cat="icl">
				<edge label="P" idref="s3_30"/>
				<edge label="Od" idref="s3_517"/>
			</nt>
			<nt id="s3_517" cat="np">
				<edge label="DN" idref="s3_32"/>
				<edge label="H" idref="s3_33"/>
				<edge label="PU" idref="s3_36"/>
				<edge label="DN" idref="s3_519"/>
			</nt>
			<nt id="s3_518" cat="x">
				<edge label="P" idref="s3_34"/>
				<edge label="Cs" idref="s3_35"/>
			</nt>
			<nt id="s3_519" cat="adjp">
				<edge label="DA" idref="s3_37"/>
				<edge label="H" idref="s3_38"/>
			</nt>
		</nonterminals>
	</graph>
</s>

<s id="s4" ref="4" source="Running text" forest="1" text="o que gostei tela com ótima definição.">
	<graph root="s4_500">
		<terminals>
			<t id="s4_1" word="o" lemma="o" pos="pron-dem" morph="DET M S" extra="dem"/>
			<t id="s4_2" word="que" lemma="que" pos="spec" morph="M S" extra="clb clb-fs rel"/>
			<t id="s4_3" word="gostei" lemma="gostar" pos="v-fin" morph="PS 1S IND VFIN" extra="vH mv np-close"/>
			<t id="s4_4" word="tela" lemma="tela" pos="n" morph="F S" sem="cc-h pict mat-cloth" extra="--"/>
			<t id="s4_5" word="com" lemma="com" pos="prp" morph="--" extra="np-close"/>
			<t id="s4_6" word="ótima" lemma="bom" pos="adj" morph="F S" extra="SUP jh"/>
			<t id="s4_7" word="definição" lemma="definição" pos="n" morph="F S" sem="sem-c" extra="--"/>
			<t id="s4_8" word="." lemma="--" pos="pu" morph="--" extra="--"/>
		</terminals>

		<nonterminals>
			<nt id="s4_500" cat="s">
				<edge label="UTT" idref="s4_501"/>
			</nt>
			<nt id="s4_501" cat="x">
				<edge label="X" idref="s4_1"/>
				<edge label="DN" idref="s4_502"/>
				<edge label="S" idref="s4_2"/>
				<edge label="P" idref="s4_3"/>
				<edge label="fCs" idref="s4_503"/>
				<edge label="H" idref="s4_4"/>
				<edge label="DN" idref="s4_504"/>
				<edge label="PU" idref="s4_8"/>
			</nt>
			<nt id="s4_502" cat="fcl">
			</nt>
			<nt id="s4_503" cat="np">
			</nt>
			<nt id="s4_504" cat="pp">
				<edge label="H" idref="s4_5"/>
				<edge label="DP" idref="s4_505"/>
			</nt>
			<nt id="s4_505" cat="np">
				<edge label="DN" idref="s4_6"/>
				<edge label="H" idref="s4_7"/>
			</nt>
		</nonterminals>
	</graph>
</s>

<s id="s5" ref="5" source="Running text" forest="1" text="nokia computador suite é um ótimo gerenciador do telefone.">
	<graph root="s5_500">
		<terminals>
			<t id="s5_1" word="nokia" lemma="nokia" pos="n" morph="F S" extra="heur foreign"/>
			<t id="s5_2" word="computador" lemma="computador" pos="n" morph="M S" sem="mach" extra="--"/>
			<t id="s5_3" word="suite" lemma="suite" pos="n" morph="F S" sem="Lh" extra="--"/>
			<t id="s5_4" word="é" lemma="ser" pos="v-fin" morph="PR 3S IND VFIN" extra="vK fmc mv"/>
			<t id="s5_5" word="um" lemma="um" pos="art" morph="M S" extra="--"/>
			<t id="s5_6" word="ótimo" lemma="bom" pos="adj" morph="M S" extra="SUP jh"/>
			<t id="s5_7" word="gerenciador" lemma="gerenciador" pos="n" morph="M S" sem="Hmyth Hprof" extra="--"/>
			<t id="s5_8" word="de" lemma="de" pos="prp" morph="--" extra="sam- np-close"/>
			<t id="s5_9" word="o" lemma="o" pos="art" morph="M S" extra="-sam "/>
			<t id="s5_10" word="telefone" lemma="telefone" pos="n" morph="M S" sem="tool" extra="--"/>
			<t id="s5_11" word="." lemma="--" pos="pu" morph="--" extra="--"/>
		</terminals>

		<nonterminals>
			<nt id="s5_500" cat="s">
				<edge label="STA" idref="s5_501"/>
			</nt>
			<nt id="s5_501" cat="fcl">
				<edge label="S" idref="s5_1"/>
				<edge label="S" idref="s5_2"/>
				<edge label="S" idref="s5_3"/>
				<edge label="P" idref="s5_4"/>
				<edge label="Cs" idref="s5_502"/>
				<edge label="PU" idref="s5_11"/>
			</nt>
			<nt id="s5_502" cat="np">
				<edge label="DN" idref="s5_5"/>
				<edge label="DN" idref="s5_6"/>
				<edge label="H" idref="s5_7"/>
				<edge label="DN" idref="s5_503"/>
			</nt>
			<nt id="s5_503" cat="pp">
				<edge label="H" idref="s5_8"/>
				<edge label="DP" idref="s5_504"/>
			</nt>
			<nt id="s5_504" cat="np">
				<edge label="DN" idref="s5_9"/>
				<edge label="H" idref="s5_10"/>
			</nt>
		</nonterminals>
	</graph>
</s>

<s id="s6" ref="6" source="Running text" forest="1" text="boa qualidade do áudio.">
	<graph root="s6_500">
		<terminals>
			<t id="s6_1" word="boa" lemma="bom" pos="adj" morph="F S" extra="--"/>
			<t id="s6_2" word="qualidade" lemma="qualidade" pos="n" morph="F S" sem="percep-f f-c" extra="--"/>
			<t id="s6_3" word="de" lemma="de" pos="prp" morph="--" extra="sam- np-close"/>
			<t id="s6_4" word="o" lemma="o" pos="art" morph="M S" extra="-sam "/>
			<t id="s6_5" word="áudio" lemma="áudio" pos="n" morph="M S" sem="tool" extra="--"/>
			<t id="s6_6" word="." lemma="--" pos="pu" morph="--" extra="--"/>
		</terminals>

		<nonterminals>
			<nt id="s6_500" cat="s">
				<edge label="X" idref="s6_501"/>
			</nt>
			<nt id="s6_501" cat="np">
				<edge label="DN" idref="s6_1"/>
				<edge label="H" idref="s6_2"/>
				<edge label="DN" idref="s6_502"/>
				<edge label="PU" idref="s6_6"/>
			</nt>
			<nt id="s6_502" cat="pp">
				<edge label="H" idref="s6_3"/>
				<edge label="DP" idref="s6_503"/>
			</nt>
			<nt id="s6_503" cat="np">
				<edge label="DN" idref="s6_4"/>
				<edge label="H" idref="s6_5"/>
			</nt>
		</nonterminals>
	</graph>
</s>

<s id="s7" ref="7" source="Running text" forest="1" text="o que não gostei péssima bateria.">
	<graph root="s7_500">
		<terminals>
			<t id="s7_1" word="o" lemma="o" pos="pron-dem" morph="DET M S" extra="dem"/>
			<t id="s7_2" word="que" lemma="que" pos="spec" morph="M S" extra="clb clb-fs rel"/>
			<t id="s7_3" word="não" lemma="não" pos="adv" morph="--" extra="--"/>
			<t id="s7_4" word="gostei" lemma="gostar" pos="v-fin" morph="PS 1S IND VFIN" extra="vH mv np-close"/>
			<t id="s7_5" word="péssima" lemma="mal" pos="adj" morph="F S" extra="SUP"/>
			<t id="s7_6" word="bateria" lemma="bateria" pos="n" morph="F S" sem="tool" extra="--"/>
			<t id="s7_7" word="." lemma="--" pos="pu" morph="--" extra="--"/>
		</terminals>

		<nonterminals>
			<nt id="s7_500" cat="s">
				<edge label="UTT" idref="s7_501"/>
			</nt>
			<nt id="s7_501" cat="x">
				<edge label="X" idref="s7_1"/>
				<edge label="DN" idref="s7_502"/>
				<edge label="S" idref="s7_2"/>
				<edge label="fA" idref="s7_3"/>
				<edge label="P" idref="s7_4"/>
				<edge label="fCs" idref="s7_503"/>
				<edge label="DN" idref="s7_5"/>
				<edge label="H" idref="s7_6"/>
				<edge label="PU" idref="s7_7"/>
			</nt>
			<nt id="s7_502" cat="fcl">
			</nt>
			<nt id="s7_503" cat="np">
			</nt>
		</nonterminals>
	</graph>
</s>

<s id="s8" ref="8" source="Running text" forest="1" text="um lixo!">
	<graph root="s8_500">
		<terminals>
			<t id="s8_1" word="um" lemma="um" pos="art" morph="M S" extra="--"/>
			<t id="s8_2" word="lixo" lemma="lixo" pos="n" morph="M S" sem="cm-h" extra="--"/>
			<t id="s8_3" word="!" lemma="--" pos="pu" morph="--" extra="--"/>
		</terminals>

		<nonterminals>
			<nt id="s8_500" cat="s">
				<edge label="X" idref="s8_501"/>
			</nt>
			<nt id="s8_501" cat="np">
				<edge label="DN" idref="s8_1"/>
				<edge label="H" idref="s8_2"/>
				<edge label="PU" idref="s8_3"/>
			</nt>
		</nonterminals>
	</graph>
</s>

<s id="s9" ref="9" source="Running text" forest="1" text="acostume- se a levar sempre o carregador..">
	<graph root="s9_500">
		<terminals>
			<t id="s9_1" word="acostume-" lemma="acostumar" pos="v-fin" morph="PR 1/3S SUBJ VFIN" extra="hyfen vH fmc mv v-pron"/>
			<t id="s9_2" word="se" lemma="se" pos="pron-pers" morph="M/F 3S ACC" extra="refl"/>
			<t id="s9_3" word="a" lemma="a" pos="prp" morph="--" extra="--"/>
			<t id="s9_4" word="levar" lemma="levar" pos="v-inf" morph="--" extra="mv"/>
			<t id="s9_5" word="sempre" lemma="sempre" pos="adv" morph="--" extra="--"/>
			<t id="s9_6" word="o" lemma="o" pos="art" morph="M S" extra="--"/>
			<t id="s9_7" word="carregador" lemma="carregador" pos="n" morph="M S" sem="Hprof con" extra="--"/>
			<t id="s9_8" word="." lemma="--" pos="pu" morph="--" extra="--"/>
			<t id="s9_9" word="." lemma="--" pos="pu" morph="--" extra="--"/>
		</terminals>

		<nonterminals>
			<nt id="s9_500" cat="s">
				<edge label="STA" idref="s9_501"/>
			</nt>
			<nt id="s9_501" cat="fcl">
				<edge label="P" idref="s9_1"/>
				<edge label="Od" idref="s9_2"/>
				<edge label="Op" idref="s9_502"/>
				<edge label="PU" idref="s9_8"/>
				<edge label="PU" idref="s9_9"/>
			</nt>
			<nt id="s9_502" cat="pp">
				<edge label="H" idref="s9_3"/>
				<edge label="DP" idref="s9_503"/>
			</nt>
			<nt id="s9_503" cat="icl">
				<edge label="P" idref="s9_4"/>
				<edge label="fA" idref="s9_5"/>
				<edge label="Od" idref="s9_504"/>
			</nt>
			<nt id="s9_504" cat="np">
				<edge label="DN" idref="s9_6"/>
				<edge label="H" idref="s9_7"/>
			</nt>
		</nonterminals>
	</graph>
</s>

	</body>
</corpus>
