<?xml version="1.0" encoding="UTF-8"?>
<corpus>

	<body>
<s id="s1" ref="1" source="Running text" forest="1" text="acho grande irresponsabilidade de quem não tem o produto ficar postando opiniões.">
	<graph root="s1_500">
		<terminals>
			<t id="s1_1" word="acho" lemma="achar" pos="v-fin" morph="PR 1S IND VFIN" extra="vH fmc mv"/>
			<t id="s1_2" word="grande" lemma="grande" pos="adj" morph="F S" extra="--"/>
			<t id="s1_3" word="irresponsabilidade" lemma="irresponsabilidade" pos="n" morph="F S" sem="f-psych" extra="--"/>
			<t id="s1_4" word="de" lemma="de" pos="prp" morph="--" extra="np-close"/>
			<t id="s1_5" word="quem" lemma="quem" pos="spec" morph="M/F S" extra="clb clb-fs rel"/>
			<t id="s1_6" word="não" lemma="não" pos="adv" morph="--" extra="--"/>
			<t id="s1_7" word="tem" lemma="ter" pos="v-fin" morph="PR 3S IND VFIN" extra="mv"/>
			<t id="s1_8" word="o" lemma="o" pos="art" morph="M S" extra="--"/>
			<t id="s1_9" word="produto" lemma="produto" pos="n" morph="M S" sem="cc-h mon ac-cat" extra="--"/>
			<t id="s1_10" word="ficar" lemma="ficar" pos="v-inf" morph="--" extra="aux"/>
			<t id="s1_11" word="postando" lemma="postar" pos="v-ger" morph="--" extra="clb vH mv"/>
			<t id="s1_12" word="opiniões" lemma="opinião" pos="n" morph="F P" sem="sem-c" extra="--"/>
			<t id="s1_13" word="." lemma="--" pos="pu" morph="--" extra="--"/>
		</terminals>

		<nonterminals>
			<nt id="s1_500" cat="s">
				<edge label="STA" idref="s1_501"/>
			</nt>
			<nt id="s1_501" cat="fcl">
				<edge label="P" idref="s1_1"/>
				<edge label="Od" idref="s1_502"/>
				<edge label="PU" idref="s1_13"/>
			</nt>
			<nt id="s1_502" cat="np">
				<edge label="DN" idref="s1_2"/>
				<edge label="H" idref="s1_3"/>
				<edge label="DN" idref="s1_503"/>
			</nt>
			<nt id="s1_503" cat="pp">
				<edge label="H" idref="s1_4"/>
				<edge label="DP" idref="s1_504"/>
			</nt>
			<nt id="s1_504" cat="fcl">
				<edge label="S" idref="s1_5"/>
				<edge label="fA" idref="s1_6"/>
				<edge label="P" idref="s1_7"/>
				<edge label="Od" idref="s1_505"/>
				<edge label="UTT" idref="s1_506"/>
			</nt>
			<nt id="s1_505" cat="np">
				<edge label="DN" idref="s1_8"/>
				<edge label="H" idref="s1_9"/>
			</nt>
			<nt id="s1_506" cat="icl">
				<edge label="P" idref="s1_507"/>
				<edge label="Od" idref="s1_12"/>
			</nt>
			<nt id="s1_507" cat="vp">
				<edge label="Vaux" idref="s1_10"/>
				<edge label="Vm" idref="s1_11"/>
			</nt>
		</nonterminals>
	</graph>
</s>

<s id="s2" ref="2" source="Running text" forest="1" text="idem para o pessoal do bondfaro, permitindo confundir os prospectivos compradores com opiniões sem base ou fantasias de quem ainda não comprou o produto.">
	<graph root="s2_500">
		<terminals>
			<t id="s2_1" word="idem" lemma="idem" pos="adv" morph="--" extra="--"/>
			<t id="s2_2" word="para" lemma="para" pos="prp" morph="--" extra="--"/>
			<t id="s2_3" word="o" lemma="o" pos="art" morph="M S" extra="--"/>
			<t id="s2_4" word="pessoal" lemma="pessoal" pos="n" morph="M S" sem="HH" extra="--"/>
			<t id="s2_5" word="de" lemma="de" pos="prp" morph="--" extra="sam- np-close"/>
			<t id="s2_6" word="o" lemma="o" pos="art" morph="M S" extra="-sam "/>
			<t id="s2_7" word="bondfaro" lemma="bondfaro" pos="n" morph="M S" extra="heur foreign"/>
			<t id="s2_8" word="," lemma="--" pos="pu" morph="--" extra="--"/>
			<t id="s2_9" word="permitindo" lemma="permitir" pos="v-ger" morph="--" extra="vH mv"/>
			<t id="s2_10" word="confundir" lemma="confundir" pos="v-inf" morph="--" extra="vH mv"/>
			<t id="s2_11" word="os" lemma="o" pos="art" morph="M P" extra="--"/>
			<t id="s2_12" word="prospectivos" lemma="prospetivo" pos="adj" morph="M P" extra="nh"/>
			<t id="s2_13" word="compradores" lemma="comprador" pos="n" morph="M P" sem="H" extra="--"/>
			<t id="s2_14" word="com" lemma="com" pos="prp" morph="--" extra="--"/>
			<t id="s2_15" word="opiniões" lemma="opinião" pos="n" morph="F P" sem="sem-c" extra="--"/>
			<t id="s2_16" word="sem" lemma="sem" pos="prp" morph="--" extra="np-close"/>
			<t id="s2_17" word="base" lemma="base" pos="n" morph="F S" sem="Labs geom part-build ac-cat cm-liq inst" extra="cjt-head cjt-head-DP"/>
			<t id="s2_18" word="ou" lemma="ou" pos="conj-c" morph="--" extra="--"/>
			<t id="s2_19" word="fantasias" lemma="fantasia" pos="n" morph="F P" sem="am sem-c cloH" extra="cjt-DP"/>
			<t id="s2_20" word="de" lemma="de" pos="prp" morph="--" extra="np-close"/>
			<t id="s2_21" word="quem" lemma="quem" pos="spec" morph="M/F S" extra="clb clb-fs rel"/>
			<t id="s2_22" word="ainda" lemma="ainda" pos="adv" morph="--" extra="--"/>
			<t id="s2_23" word="não" lemma="não" pos="adv" morph="--" extra="--"/>
			<t id="s2_24" word="comprou" lemma="comprar" pos="v-fin" morph="PS 3S IND VFIN" extra="vH mv"/>
			<t id="s2_25" word="o" lemma="o" pos="art" morph="M S" extra="--"/>
			<t id="s2_26" word="produto" lemma="produto" pos="n" morph="M S" sem="cc-h mon ac-cat" extra="--"/>
			<t id="s2_27" word="." lemma="--" pos="pu" morph="--" extra="--"/>
		</terminals>

		<nonterminals>
			<nt id="s2_500" cat="s">
				<edge label="UTT" idref="s2_501"/>
			</nt>
			<nt id="s2_501" cat="adjp">
				<edge label="fA" idref="s2_1"/>
				<edge label="fA" idref="s2_502"/>
				<edge label="PU" idref="s2_8"/>
				<edge label="P" idref="s2_9"/>
				<edge label="Od" idref="s2_506"/>
				<edge label="PU" idref="s2_27"/>
			</nt>
			<nt id="s2_502" cat="pp">
				<edge label="H" idref="s2_2"/>
				<edge label="DP" idref="s2_503"/>
			</nt>
			<nt id="s2_503" cat="np">
				<edge label="DN" idref="s2_3"/>
				<edge label="H" idref="s2_4"/>
				<edge label="DN" idref="s2_504"/>
			</nt>
			<nt id="s2_504" cat="pp">
				<edge label="H" idref="s2_5"/>
				<edge label="DP" idref="s2_505"/>
			</nt>
			<nt id="s2_505" cat="np">
				<edge label="DN" idref="s2_6"/>
				<edge label="H" idref="s2_7"/>
			</nt>
			<nt id="s2_506" cat="icl">
				<edge label="P" idref="s2_10"/>
				<edge label="Od" idref="s2_507"/>
				<edge label="Op" idref="s2_508"/>
			</nt>
			<nt id="s2_507" cat="np">
				<edge label="DN" idref="s2_11"/>
				<edge label="DN" idref="s2_12"/>
				<edge label="H" idref="s2_13"/>
			</nt>
			<nt id="s2_508" cat="pp">
				<edge label="H" idref="s2_14"/>
				<edge label="DP" idref="s2_509"/>
			</nt>
			<nt id="s2_509" cat="np">
				<edge label="H" idref="s2_15"/>
				<edge label="DN" idref="s2_510"/>
			</nt>
			<nt id="s2_510" cat="pp">
				<edge label="H" idref="s2_16"/>
				<edge label="DP" idref="s2_511"/>
			</nt>
			<nt id="s2_511" cat="par">
				<edge label="CJT" idref="s2_17"/>
				<edge label="CJT" idref="s2_512"/>
			</nt>
			<nt id="s2_512" cat="np">
				<edge label="DN" idref="s2_513"/>
				<edge label="H" idref="s2_19"/>
				<edge label="-DN" idref="s2_20"/>
			</nt>
			<nt id="s2_513" cat="pp">
				<edge label="CO" idref="s2_18"/>
				<edge label="DP" idref="s2_514"/>
			</nt>
			<nt id="s2_514" cat="fcl">
				<edge label="S" idref="s2_21"/>
				<edge label="fA" idref="s2_515"/>
				<edge label="P" idref="s2_24"/>
				<edge label="Od" idref="s2_516"/>
			</nt>
			<nt id="s2_515" cat="advp">
				<edge label="DA" idref="s2_22"/>
				<edge label="H" idref="s2_23"/>
			</nt>
			<nt id="s2_516" cat="np">
				<edge label="DN" idref="s2_25"/>
				<edge label="H" idref="s2_26"/>
			</nt>
		</nonterminals>
	</graph>
</s>

<s id="s3" ref="3" source="Running text" forest="1" text="opinião é coisa séria.">
	<graph root="s3_500">
		<terminals>
			<t id="s3_1" word="opinião" lemma="opinião" pos="n" morph="F S" sem="sem-c" extra="--"/>
			<t id="s3_2" word="é" lemma="ser" pos="v-fin" morph="PR 3S IND VFIN" extra="vK fmc mv"/>
			<t id="s3_3" word="coisa" lemma="coisa" pos="n" morph="F S" sem="cc ac" extra="--"/>
			<t id="s3_4" word="séria" lemma="sério" pos="adj" morph="F S" extra="np-close"/>
			<t id="s3_5" word="." lemma="--" pos="pu" morph="--" extra="--"/>
		</terminals>

		<nonterminals>
			<nt id="s3_500" cat="s">
				<edge label="STA" idref="s3_501"/>
			</nt>
			<nt id="s3_501" cat="fcl">
				<edge label="S" idref="s3_1"/>
				<edge label="P" idref="s3_2"/>
				<edge label="Cs" idref="s3_502"/>
				<edge label="PU" idref="s3_5"/>
			</nt>
			<nt id="s3_502" cat="np">
				<edge label="H" idref="s3_3"/>
				<edge label="DN" idref="s3_4"/>
			</nt>
		</nonterminals>
	</graph>
</s>

<s id="s4" ref="4" source="Running text" forest="1" text="pensar bem antes de escrever é o mínimo que se espera de quem opina!.">
	<graph root="s4_500">
		<terminals>
			<t id="s4_1" word="pensar" lemma="pensar" pos="v-inf" morph="--" extra="vH mv"/>
			<t id="s4_2" word="bem" lemma="bem" pos="adv" morph="--" extra="quant"/>
			<t id="s4_3" word="antes" lemma="antes" pos="adv" morph="--" extra="--"/>
			<t id="s4_4" word="de" lemma="de" pos="prp" morph="--" extra="--"/>
			<t id="s4_5" word="escrever" lemma="escrever" pos="v-inf" morph="--" extra="vH mv"/>
			<t id="s4_6" word="é" lemma="ser" pos="v-fin" morph="PR 3S IND VFIN" extra="vK fmc mv"/>
			<t id="s4_7" word="o" lemma="o" pos="art" morph="M S" extra="--"/>
			<t id="s4_8" word="mínimo" lemma="pequeno" pos="adj" morph="M S" extra="n SUP jh"/>
			<t id="s4_9" word="que" lemma="que" pos="spec" morph="M S" extra="clb clb-fs rel"/>
			<t id="s4_10" word="se" lemma="se" pos="pron-pers" morph="M/F 3S ACC" extra="refl"/>
			<t id="s4_11" word="espera" lemma="espera" pos="n" morph="F S" sem="activity per" extra="--"/>
			<t id="s4_12" word="de" lemma="de" pos="prp" morph="--" extra="np-close"/>
			<t id="s4_13" word="quem" lemma="quem" pos="spec" morph="M/F S" extra="clb clb-fs rel"/>
			<t id="s4_14" word="opina" lemma="opinar" pos="v-fin" morph="PR 3S IND VFIN" extra="mv"/>
			<t id="s4_15" word="!" lemma="--" pos="pu" morph="--" extra="--"/>
			<t id="s4_16" word="." lemma="--" pos="pu" morph="--" extra="--"/>
		</terminals>

		<nonterminals>
			<nt id="s4_500" cat="s">
				<edge label="STA" idref="s4_501"/>
			</nt>
			<nt id="s4_501" cat="fcl">
				<edge label="S" idref="s4_502"/>
				<edge label="P" idref="s4_6"/>
				<edge label="Cs" idref="s4_8"/>
				<edge label="fCs" idref="s4_506"/>
				<edge label="DN" idref="s4_507"/>
				<edge label="H" idref="s4_11"/>
				<edge label="PU" idref="s4_15"/>
				<edge label="PU" idref="s4_16"/>
			</nt>
			<nt id="s4_502" cat="icl">
				<edge label="P" idref="s4_1"/>
				<edge label="fA" idref="s4_503"/>
			</nt>
			<nt id="s4_503" cat="advp">
				<edge label="DA" idref="s4_2"/>
				<edge label="H" idref="s4_3"/>
				<edge label="DA" idref="s4_504"/>
				<edge label="Od" idref="s4_505"/>
			</nt>
			<nt id="s4_504" cat="pp">
				<edge label="H" idref="s4_4"/>
				<edge label="DP" idref="s4_5"/>
			</nt>
			<nt id="s4_505" cat="np">
				<edge label="DN" idref="s4_7"/>
				<edge label="H" idref="s4_10"/>
			</nt>
			<nt id="s4_506" cat="np">
			</nt>
			<nt id="s4_507" cat="pp">
				<edge label="DP" idref="s4_508"/>
				<edge label="H" idref="s4_12"/>
			</nt>
			<nt id="s4_508" cat="fcl">
				<edge label="S" idref="s4_9"/>
				<edge label="S" idref="s4_13"/>
				<edge label="P" idref="s4_14"/>
			</nt>
		</nonterminals>
	</graph>
</s>

	</body>
</corpus>
