<?xml version="1.0" encoding="UTF-8"?>
<corpus>

	<body>
<s id="s1" ref="1" source="Running text" forest="1" text="produto de má qualidade, defeito em menos de number meses.">
	<graph root="s1_500">
		<terminals>
			<t id="s1_1" word="produto" lemma="produto" pos="n" morph="M S" sem="cc-h mon ac-cat" extra="cjt-head cjt-head-X"/>
			<t id="s1_2" word="de" lemma="de" pos="prp" morph="--" extra="np-close"/>
			<t id="s1_3" word="má" lemma="má" pos="adj" morph="F S" extra="--"/>
			<t id="s1_4" word="qualidade" lemma="qualidade" pos="n" morph="F S" sem="percep-f f-c" extra="--"/>
			<t id="s1_5" word="," lemma="--" pos="pu" morph="--" extra="--"/>
			<t id="s1_6" word="defeito" lemma="defeito" pos="n" morph="M S" sem="ac" extra="np-close"/>
			<t id="s1_7" word="em_menos_de" lemma="em_menos_de" pos="prp" morph="--" extra="--"/>
			<t id="s1_8" word="number" lemma="number" pos="n" morph="M S" extra="heur"/>
			<t id="s1_9" word="meses" lemma="mês" pos="n" morph="M P" sem="dur per unit" extra="cjt-X"/>
			<t id="s1_10" word="." lemma="--" pos="pu" morph="--" extra="--"/>
		</terminals>

		<nonterminals>
			<nt id="s1_500" cat="s">
				<edge label="X" idref="s1_501"/>
			</nt>
			<nt id="s1_501" cat="par">
				<edge label="CJT" idref="s1_502"/>
				<edge label="CJT" idref="s1_9"/>
				<edge label="PU" idref="s1_10"/>
			</nt>
			<nt id="s1_502" cat="np">
				<edge label="H" idref="s1_1"/>
				<edge label="DN" idref="s1_503"/>
			</nt>
			<nt id="s1_503" cat="pp">
				<edge label="H" idref="s1_2"/>
				<edge label="DP" idref="s1_504"/>
				<edge label="fA" idref="s1_505"/>
			</nt>
			<nt id="s1_504" cat="np">
				<edge label="DN" idref="s1_3"/>
				<edge label="H" idref="s1_4"/>
				<edge label="PU" idref="s1_5"/>
				<edge label="DNc" idref="s1_6"/>
			</nt>
			<nt id="s1_505" cat="pp">
				<edge label="H" idref="s1_7"/>
				<edge label="DP" idref="s1_8"/>
			</nt>
		</nonterminals>
	</graph>
</s>

<s id="s2" ref="2" source="Running text" forest="1" text="o que gostei nada o que não gostei produto apresentou defeito em menos de number meses de uso, estou sem o aparelho a uma semana, depois de number tentativa em dias alternado conseguir fala com autorizada..">
	<graph root="s2_500">
		<terminals>
			<t id="s2_1" word="o" lemma="o" pos="pron-dem" morph="DET M S" extra="dem"/>
			<t id="s2_2" word="que" lemma="que" pos="spec" morph="M S" extra="clb clb-fs rel"/>
			<t id="s2_3" word="gostei" lemma="gostar" pos="v-fin" morph="PS 1S IND VFIN" extra="vH mv np-close"/>
			<t id="s2_4" word="nada" lemma="nada" pos="adv" morph="--" extra="quant det"/>
			<t id="s2_5" word="o" lemma="o" pos="pron-dem" morph="DET M S" extra="dem"/>
			<t id="s2_6" word="que" lemma="que" pos="spec" morph="M S" extra="clb clb-fs rel"/>
			<t id="s2_7" word="não" lemma="não" pos="adv" morph="--" extra="--"/>
			<t id="s2_8" word="gostei" lemma="gostar" pos="v-fin" morph="PS 1S IND VFIN" extra="vH mv np-close"/>
			<t id="s2_9" word="produto" lemma="produto" pos="n" morph="M S" sem="cc-h mon ac-cat" extra="--"/>
			<t id="s2_10" word="apresentou" lemma="apresentar" pos="v-fin" morph="PS 3S IND VFIN" extra="cjt-head cjt-head-STA vH fmc mv"/>
			<t id="s2_11" word="defeito" lemma="defeito" pos="n" morph="M S" sem="ac" extra="--"/>
			<t id="s2_12" word="em_menos_de" lemma="em_menos_de" pos="prp" morph="--" extra="--"/>
			<t id="s2_13" word="number" lemma="number" pos="n" morph="M S" extra="heur"/>
			<t id="s2_14" word="meses" lemma="mês" pos="n" morph="M P" sem="dur per unit" extra="--"/>
			<t id="s2_15" word="de" lemma="de" pos="prp" morph="--" extra="np-close"/>
			<t id="s2_16" word="uso" lemma="uso" pos="n" morph="M S" sem="act ac" extra="--"/>
			<t id="s2_17" word="," lemma="--" pos="pu" morph="--" extra="--"/>
			<t id="s2_18" word="estou" lemma="estar" pos="v-fin" morph="PR 1S IND VFIN" extra="cjt-STA vK fmc mv"/>
			<t id="s2_19" word="sem" lemma="sem" pos="prp" morph="--" extra="--"/>
			<t id="s2_20" word="o" lemma="o" pos="art" morph="M S" extra="--"/>
			<t id="s2_21" word="aparelho" lemma="aparelho" pos="n" morph="M S" sem="tool" extra="--"/>
			<t id="s2_22" word="a" lemma="a" pos="prp" morph="--" extra="--"/>
			<t id="s2_23" word="uma" lemma="uma" pos="num" morph="F S" extra="card"/>
			<t id="s2_24" word="semana" lemma="semana" pos="n" morph="F S" sem="dur" extra="--"/>
			<t id="s2_25" word="," lemma="--" pos="pu" morph="--" extra="--"/>
			<t id="s2_26" word="depois" lemma="depois" pos="adv" morph="--" extra="--"/>
			<t id="s2_27" word="de" lemma="de" pos="prp" morph="--" extra="--"/>
			<t id="s2_28" word="number" lemma="number" pos="v-inf" morph="--" extra="heur mv"/>
			<t id="s2_29" word="tentativa" lemma="tentativa" pos="n" morph="F S" sem="act-d" extra="--"/>
			<t id="s2_30" word="em" lemma="em" pos="prp" morph="--" extra="--"/>
			<t id="s2_31" word="dias" lemma="dia" pos="n" morph="M P" sem="temp dur per unit" extra="--"/>
			<t id="s2_32" word="alternado" lemma="alternado" pos="adj" morph="M S" extra="nh np-close"/>
			<t id="s2_33" word="conseguir" lemma="conseguir" pos="v-inf" morph="--" extra="vH mv"/>
			<t id="s2_34" word="fala" lemma="falar" pos="v-fin" morph="PR 3S IND VFIN" extra="nosubj nosubj cjt-STA vH fmc mv"/>
			<t id="s2_35" word="com" lemma="com" pos="prp" morph="--" extra="--"/>
			<t id="s2_36" word="autorizada" lemma="autorizar" pos="v-pcp" morph="F S" extra="jh vH"/>
			<t id="s2_37" word="." lemma="--" pos="pu" morph="--" extra="--"/>
			<t id="s2_38" word="." lemma="--" pos="pu" morph="--" extra="--"/>
		</terminals>

		<nonterminals>
			<nt id="s2_500" cat="s">
				<edge label="STA" idref="s2_501"/>
			</nt>
			<nt id="s2_501" cat="par">
				<edge label="CJT" idref="s2_502"/>
				<edge label="CJT" idref="s2_503"/>
				<edge label="DN" idref="s2_504"/>
				<edge label="S" idref="s2_2"/>
				<edge label="P" idref="s2_3"/>
				<edge label="fA" idref="s2_4"/>
				<edge label="DN" idref="s2_505"/>
				<edge label="S" idref="s2_6"/>
				<edge label="fA" idref="s2_7"/>
				<edge label="P" idref="s2_8"/>
				<edge label="CJT" idref="s2_518"/>
				<edge label="PU" idref="s2_37"/>
				<edge label="PU" idref="s2_38"/>
			</nt>
			<nt id="s2_502" cat="fcl">
			</nt>
			<nt id="s2_503" cat="fcl">
				<edge label="S" idref="s2_1"/>
				<edge label="fCs" idref="s2_507"/>
				<edge label="PU" idref="s2_17"/>
				<edge label="P" idref="s2_18"/>
				<edge label="Cs" idref="s2_509"/>
				<edge label="fA" idref="s2_511"/>
				<edge label="PU" idref="s2_25"/>
				<edge label="fA" idref="s2_513"/>
			</nt>
			<nt id="s2_504" cat="fcl">
				<edge label="S" idref="s2_5"/>
			</nt>
			<nt id="s2_505" cat="fcl">
				<edge label="S" idref="s2_9"/>
				<edge label="P" idref="s2_10"/>
				<edge label="Od" idref="s2_11"/>
				<edge label="fA" idref="s2_506"/>
			</nt>
			<nt id="s2_506" cat="pp">
				<edge label="H" idref="s2_12"/>
				<edge label="DP" idref="s2_13"/>
			</nt>
			<nt id="s2_507" cat="np">
				<edge label="H" idref="s2_14"/>
				<edge label="DN" idref="s2_508"/>
			</nt>
			<nt id="s2_508" cat="pp">
				<edge label="H" idref="s2_15"/>
				<edge label="DP" idref="s2_16"/>
			</nt>
			<nt id="s2_509" cat="pp">
				<edge label="H" idref="s2_19"/>
				<edge label="DP" idref="s2_510"/>
			</nt>
			<nt id="s2_510" cat="np">
				<edge label="DN" idref="s2_20"/>
				<edge label="H" idref="s2_21"/>
			</nt>
			<nt id="s2_511" cat="pp">
				<edge label="H" idref="s2_22"/>
				<edge label="DP" idref="s2_512"/>
			</nt>
			<nt id="s2_512" cat="np">
				<edge label="DN" idref="s2_23"/>
				<edge label="H" idref="s2_24"/>
			</nt>
			<nt id="s2_513" cat="advp">
				<edge label="H" idref="s2_26"/>
				<edge label="DA" idref="s2_514"/>
			</nt>
			<nt id="s2_514" cat="pp">
				<edge label="H" idref="s2_27"/>
				<edge label="DP" idref="s2_515"/>
			</nt>
			<nt id="s2_515" cat="icl">
				<edge label="P" idref="s2_28"/>
				<edge label="Od" idref="s2_29"/>
				<edge label="fA" idref="s2_516"/>
			</nt>
			<nt id="s2_516" cat="pp">
				<edge label="H" idref="s2_30"/>
				<edge label="DP" idref="s2_517"/>
			</nt>
			<nt id="s2_517" cat="np">
				<edge label="H" idref="s2_31"/>
				<edge label="DN" idref="s2_32"/>
			</nt>
			<nt id="s2_518" cat="x">
				<edge label="Od" idref="s2_33"/>
				<edge label="P" idref="s2_34"/>
				<edge label="Op" idref="s2_519"/>
			</nt>
			<nt id="s2_519" cat="pp">
				<edge label="H" idref="s2_35"/>
				<edge label="DP" idref="s2_36"/>
			</nt>
		</nonterminals>
	</graph>
</s>

	</body>
</corpus>
