<?xml version="1.0" encoding="UTF-8"?>
<corpus>

	<body>
<s id="s1" ref="1" source="Running text" forest="1" text="à luz de o dia não se enxerga nada na tela fica tudo escuro, impossível ver qualquer coisa nessa tela, na praia então nem se fala, não dá pra enxergar nada!!!!!!">
	<graph root="s1_500">
		<terminals>
			<t id="s1_1" word="à_luz_de" lemma="à_luz_de" pos="prp" morph="--" extra="sam-"/>
			<t id="s1_2" word="o" lemma="o" pos="art" morph="M S" extra=" -sam"/>
			<t id="s1_3" word="dia" lemma="dia" pos="n" morph="M S" sem="temp dur per unit" extra="--"/>
			<t id="s1_4" word="não" lemma="não" pos="adv" morph="--" extra="--"/>
			<t id="s1_5" word="se" lemma="se" pos="pron-pers" morph="M 3S ACC" extra="pass"/>
			<t id="s1_6" word="enxerga" lemma="enxergar" pos="v-fin" morph="PR 3S IND VFIN" extra="predco predco predco predco vH fmc mv"/>
			<t id="s1_7" word="nada" lemma="nada" pos="adv" morph="--" extra="quant det"/>
			<t id="s1_8" word="em" lemma="em" pos="prp" morph="--" extra="sam-"/>
			<t id="s1_9" word="a" lemma="o" pos="art" morph="F S" extra="-sam "/>
			<t id="s1_10" word="tela" lemma="tela" pos="n" morph="F S" sem="cc-h pict mat-cloth" extra="--"/>
			<t id="s1_11" word="fica" lemma="ficar" pos="v-fin" morph="PR 3S IND VFIN" extra="cjt-STA fmc mv"/>
			<t id="s1_12" word="tudo" lemma="tudo" pos="spec" morph="M S" extra="quant"/>
			<t id="s1_13" word="escuro" lemma="escuro" pos="adj" morph="M S" sem="col" extra="jh"/>
			<t id="s1_14" word="," lemma="--" pos="pu" morph="--" extra="--"/>
			<t id="s1_15" word="impossível" lemma="impossível" pos="adj" morph="M S" extra="nh np-close"/>
			<t id="s1_16" word="ver" lemma="ver" pos="v-inf" morph="--" extra="vH mv"/>
			<t id="s1_17" word="qualquer" lemma="qualquer" pos="pron-indef" morph="DET F S" extra="quant"/>
			<t id="s1_18" word="coisa" lemma="coisa" pos="n" morph="F S" sem="cc ac" extra="--"/>
			<t id="s1_19" word="em" lemma="em" pos="prp" morph="--" extra="sam-"/>
			<t id="s1_20" word="essa" lemma="esse" pos="pron-dem" morph="DET F S" extra="-sam dem"/>
			<t id="s1_21" word="tela" lemma="tela" pos="n" morph="F S" sem="cc-h pict mat-cloth" extra="--"/>
			<t id="s1_22" word="," lemma="--" pos="pu" morph="--" extra="--"/>
			<t id="s1_23" word="em" lemma="em" pos="prp" morph="--" extra="sam-"/>
			<t id="s1_24" word="a" lemma="o" pos="art" morph="F S" extra="-sam "/>
			<t id="s1_25" word="praia" lemma="praia" pos="n" morph="F S" sem="Ltop" extra="--"/>
			<t id="s1_26" word="então" lemma="então" pos="adv" morph="--" extra="kc"/>
			<t id="s1_27" word="nem" lemma="nem" pos="adv" morph="--" extra="--"/>
			<t id="s1_28" word="se" lemma="se" pos="pron-pers" morph="M/F 3S ACC" extra="refl"/>
			<t id="s1_29" word="fala" lemma="falar" pos="v-fin" morph="PR 3S IND VFIN" extra="cjt-STA vH fmc mv v-pron"/>
			<t id="s1_30" word="," lemma="--" pos="pu" morph="--" extra="--"/>
			<t id="s1_31" word="não" lemma="não" pos="adv" morph="--" extra="--"/>
			<t id="s1_32" word="dá" lemma="dar" pos="v-fin" morph="IMP 2S VFIN" extra="nosubj nosubj cjt-COM fmc mv"/>
			<t id="s1_33" word="pra" lemma="para" pos="prp" morph="--" extra="--"/>
			<t id="s1_34" word="enxergar" lemma="enxergar" pos="v-inf" morph="--" extra="vH mv"/>
			<t id="s1_35" word="nada" lemma="nada" pos="spec" morph="M S" extra="quant"/>
			<t id="s1_36" word="!" lemma="--" pos="pu" morph="--" extra="--"/>
			<t id="s1_37" word="!" lemma="--" pos="pu" morph="--" extra="--"/>
			<t id="s1_38" word="!" lemma="--" pos="pu" morph="--" extra="--"/>
			<t id="s1_39" word="!" lemma="--" pos="pu" morph="--" extra="--"/>
			<t id="s1_40" word="!" lemma="--" pos="pu" morph="--" extra="--"/>
			<t id="s1_41" word="!" lemma="--" pos="pu" morph="--" extra="--"/>
		</terminals>

		<nonterminals>
			<nt id="s1_500" cat="s">
				<edge label="STA" idref="s1_501"/>
			</nt>
			<nt id="s1_501" cat="fcl">
				<edge label="fA" idref="s1_502"/>
				<edge label="fA" idref="s1_4"/>
				<edge label="Od" idref="s1_5"/>
				<edge label="X" idref="s1_504"/>
				<edge label="PU" idref="s1_36"/>
				<edge label="PU" idref="s1_37"/>
				<edge label="PU" idref="s1_38"/>
				<edge label="PU" idref="s1_39"/>
				<edge label="PU" idref="s1_40"/>
				<edge label="PU" idref="s1_41"/>
			</nt>
			<nt id="s1_502" cat="pp">
				<edge label="H" idref="s1_1"/>
				<edge label="DP" idref="s1_503"/>
			</nt>
			<nt id="s1_503" cat="np">
				<edge label="DN" idref="s1_2"/>
				<edge label="H" idref="s1_3"/>
			</nt>
			<nt id="s1_504" cat="par">
				<edge label="CJT" idref="s1_505"/>
				<edge label="CJT" idref="s1_508"/>
				<edge label="CJT" idref="s1_509"/>
				<edge label="PU" idref="s1_30"/>
				<edge label="CJT" idref="s1_516"/>
			</nt>
			<nt id="s1_505" cat="x">
				<edge label="P" idref="s1_6"/>
				<edge label="fA" idref="s1_7"/>
				<edge label="fA" idref="s1_506"/>
			</nt>
			<nt id="s1_506" cat="pp">
				<edge label="H" idref="s1_8"/>
				<edge label="DP" idref="s1_507"/>
			</nt>
			<nt id="s1_507" cat="np">
				<edge label="DN" idref="s1_9"/>
				<edge label="H" idref="s1_10"/>
				<edge label="PU" idref="s1_14"/>
				<edge label="DNc" idref="s1_15"/>
			</nt>
			<nt id="s1_508" cat="fcl">
				<edge label="P" idref="s1_11"/>
				<edge label="S" idref="s1_12"/>
			</nt>
			<nt id="s1_509" cat="fcl">
				<edge label="S" idref="s1_13"/>
				<edge label="S" idref="s1_510"/>
				<edge label="fA" idref="s1_26"/>
				<edge label="fA" idref="s1_27"/>
				<edge label="Od" idref="s1_28"/>
				<edge label="P" idref="s1_29"/>
			</nt>
			<nt id="s1_510" cat="icl">
				<edge label="P" idref="s1_16"/>
				<edge label="Od" idref="s1_511"/>
				<edge label="Ao" idref="s1_512"/>
				<edge label="PU" idref="s1_22"/>
				<edge label="fA" idref="s1_514"/>
			</nt>
			<nt id="s1_511" cat="np">
				<edge label="DN" idref="s1_17"/>
				<edge label="H" idref="s1_18"/>
			</nt>
			<nt id="s1_512" cat="pp">
				<edge label="H" idref="s1_19"/>
				<edge label="DP" idref="s1_513"/>
			</nt>
			<nt id="s1_513" cat="np">
				<edge label="DN" idref="s1_20"/>
				<edge label="H" idref="s1_21"/>
			</nt>
			<nt id="s1_514" cat="pp">
				<edge label="H" idref="s1_23"/>
				<edge label="DP" idref="s1_515"/>
			</nt>
			<nt id="s1_515" cat="np">
				<edge label="DN" idref="s1_24"/>
				<edge label="H" idref="s1_25"/>
			</nt>
			<nt id="s1_516" cat="fcl">
				<edge label="fA" idref="s1_31"/>
				<edge label="P" idref="s1_32"/>
				<edge label="Op" idref="s1_517"/>
			</nt>
			<nt id="s1_517" cat="pp">
				<edge label="H" idref="s1_33"/>
				<edge label="DP" idref="s1_518"/>
			</nt>
			<nt id="s1_518" cat="icl">
				<edge label="P" idref="s1_34"/>
				<edge label="Od" idref="s1_35"/>
			</nt>
		</nonterminals>
	</graph>
</s>

<s id="s2" ref="2" source="Running text" forest="1" text="bateria não dura nem number dias, botão de ligar minúsculo, demora a ligar, sensibilidade péssima, na pressa você não consegue digitar, não compraria de novo, enfim experiência horrível!!!!">
	<graph root="s2_500">
		<terminals>
			<t id="s2_1" word="bateria" lemma="bateria" pos="n" morph="F S" sem="tool" extra="--"/>
			<t id="s2_2" word="não" lemma="não" pos="adv" morph="--" extra="--"/>
			<t id="s2_3" word="dura" lemma="durar" pos="v-fin" morph="PR 3S IND VFIN" extra="nosubj nosubj cjt-head cjt-head-STA vN fmc mv"/>
			<t id="s2_4" word="nem" lemma="nem" pos="conj-c" morph="--" extra="topkc"/>
			<t id="s2_5" word="number" lemma="number" pos="v-inf" morph="--" extra="heur mv"/>
			<t id="s2_6" word="dias" lemma="dia" pos="n" morph="M P" sem="temp dur per unit" extra="--"/>
			<t id="s2_7" word="," lemma="--" pos="pu" morph="--" extra="--"/>
			<t id="s2_8" word="botão" lemma="botão" pos="n" morph="M S" sem="anbo cc-handle" extra="clb"/>
			<t id="s2_9" word="de" lemma="de" pos="prp" morph="--" extra="np-close"/>
			<t id="s2_10" word="ligar" lemma="ligar" pos="v-inf" morph="3S" extra="mv"/>
			<t id="s2_11" word="minúsculo" lemma="minúsculo" pos="adj" morph="M S" extra="nh"/>
			<t id="s2_12" word="," lemma="--" pos="pu" morph="--" extra="--"/>
			<t id="s2_13" word="demora" lemma="demora" pos="n" morph="F S" sem="per" extra="--"/>
			<t id="s2_14" word="a" lemma="a" pos="prp" morph="--" extra="--"/>
			<t id="s2_15" word="ligar" lemma="ligar" pos="v-inf" morph="--" extra="mv"/>
			<t id="s2_16" word="," lemma="--" pos="pu" morph="--" extra="--"/>
			<t id="s2_17" word="sensibilidade" lemma="sensibilidade" pos="n" morph="F S" sem="f-psych" extra="--"/>
			<t id="s2_18" word="péssima" lemma="mal" pos="adj" morph="F S" extra="SUP np-close"/>
			<t id="s2_19" word="," lemma="--" pos="pu" morph="--" extra="--"/>
			<t id="s2_20" word="em" lemma="em" pos="prp" morph="--" extra="sam-"/>
			<t id="s2_21" word="a" lemma="o" pos="art" morph="F S" extra="-sam "/>
			<t id="s2_22" word="pressa" lemma="pressa" pos="n" morph="F S" sem="am" extra="--"/>
			<t id="s2_23" word="você" lemma="você" pos="pron-pers" morph="M/F 3S NOM" extra="--"/>
			<t id="s2_24" word="não" lemma="não" pos="adv" morph="--" extra="--"/>
			<t id="s2_25" word="consegue" lemma="conseguir" pos="v-fin" morph="PR 3S IND VFIN" extra="cjt-STA vH fmc mv"/>
			<t id="s2_26" word="digitar" lemma="digitar" pos="v-inf" morph="--" extra="vH mv"/>
			<t id="s2_27" word="," lemma="--" pos="pu" morph="--" extra="--"/>
			<t id="s2_28" word="não" lemma="não" pos="adv" morph="--" extra="--"/>
			<t id="s2_29" word="compraria" lemma="comprar" pos="v-fin" morph="COND 3S VFIN" extra="nosubj nosubj cjt-STA vH fmc mv"/>
			<t id="s2_30" word="de_novo" lemma="de_novo" pos="adv" morph="--" extra="--"/>
			<t id="s2_31" word="," lemma="--" pos="pu" morph="--" extra="--"/>
			<t id="s2_32" word="enfim" lemma="enfim" pos="adv" morph="--" extra="--"/>
			<t id="s2_33" word="experiência" lemma="experiência" pos="n" morph="F S" sem="am ac" extra="--"/>
			<t id="s2_34" word="horrível" lemma="horrível" pos="adj" morph="F S" extra="np-close"/>
			<t id="s2_35" word="!" lemma="--" pos="pu" morph="--" extra="--"/>
			<t id="s2_36" word="!" lemma="--" pos="pu" morph="--" extra="--"/>
			<t id="s2_37" word="!" lemma="--" pos="pu" morph="--" extra="--"/>
			<t id="s2_38" word="!" lemma="--" pos="pu" morph="--" extra="--"/>
		</terminals>

		<nonterminals>
			<nt id="s2_500" cat="s">
				<edge label="STA" idref="s2_501"/>
			</nt>
			<nt id="s2_501" cat="par">
				<edge label="CJT" idref="s2_502"/>
				<edge label="CO" idref="s2_4"/>
				<edge label="UTT" idref="s2_503"/>
				<edge label="P" idref="s2_5"/>
				<edge label="As" idref="s2_6"/>
				<edge label="PU" idref="s2_7"/>
				<edge label="CJT" idref="s2_504"/>
				<edge label="PU" idref="s2_27"/>
				<edge label="CJT" idref="s2_512"/>
				<edge label="PU" idref="s2_35"/>
				<edge label="PU" idref="s2_36"/>
				<edge label="PU" idref="s2_37"/>
				<edge label="PU" idref="s2_38"/>
			</nt>
			<nt id="s2_502" cat="fcl">
				<edge label="S" idref="s2_1"/>
				<edge label="fA" idref="s2_2"/>
				<edge label="P" idref="s2_3"/>
			</nt>
			<nt id="s2_503" cat="icl">
			</nt>
			<nt id="s2_504" cat="fcl">
				<edge label="fCs" idref="s2_505"/>
				<edge label="PU" idref="s2_16"/>
				<edge label="S" idref="s2_509"/>
				<edge label="PU" idref="s2_19"/>
				<edge label="fA" idref="s2_510"/>
				<edge label="S" idref="s2_23"/>
				<edge label="fA" idref="s2_24"/>
				<edge label="P" idref="s2_25"/>
				<edge label="Od" idref="s2_26"/>
			</nt>
			<nt id="s2_505" cat="np">
				<edge label="H" idref="s2_8"/>
				<edge label="DN" idref="s2_506"/>
			</nt>
			<nt id="s2_506" cat="pp">
				<edge label="H" idref="s2_9"/>
				<edge label="DP" idref="s2_507"/>
			</nt>
			<nt id="s2_507" cat="icl">
				<edge label="P" idref="s2_10"/>
				<edge label="fCs" idref="s2_11"/>
				<edge label="PU" idref="s2_12"/>
				<edge label="Od" idref="s2_13"/>
				<edge label="fA" idref="s2_508"/>
			</nt>
			<nt id="s2_508" cat="pp">
				<edge label="H" idref="s2_14"/>
				<edge label="DP" idref="s2_15"/>
			</nt>
			<nt id="s2_509" cat="np">
				<edge label="H" idref="s2_17"/>
				<edge label="DN" idref="s2_18"/>
			</nt>
			<nt id="s2_510" cat="pp">
				<edge label="H" idref="s2_20"/>
				<edge label="DP" idref="s2_511"/>
			</nt>
			<nt id="s2_511" cat="np">
				<edge label="DN" idref="s2_21"/>
				<edge label="H" idref="s2_22"/>
			</nt>
			<nt id="s2_512" cat="x">
				<edge label="fA" idref="s2_28"/>
				<edge label="P" idref="s2_29"/>
				<edge label="fA" idref="s2_30"/>
				<edge label="PU" idref="s2_31"/>
				<edge label="fA" idref="s2_32"/>
				<edge label="Od" idref="s2_513"/>
			</nt>
			<nt id="s2_513" cat="np">
				<edge label="H" idref="s2_33"/>
				<edge label="DN" idref="s2_34"/>
			</nt>
		</nonterminals>
	</graph>
</s>

<s id="s3" ref="3" source="Running text" forest="1" text="o que gostei design o que não gostei demora ligar, bateria não dura, display lcd totalmente escuro ao sol e sensibilidade touchscreen sofrível..">
	<graph root="s3_500">
		<terminals>
			<t id="s3_1" word="o" lemma="o" pos="pron-dem" morph="DET M S" extra="cjt-head cjt-head-S dem"/>
			<t id="s3_2" word="que" lemma="que" pos="spec" morph="M S" extra="clb clb-fs rel"/>
			<t id="s3_3" word="gostei" lemma="gostar" pos="v-fin" morph="PS 1S IND VFIN" extra="vH mv np-close"/>
			<t id="s3_4" word="design" lemma="design" pos="n" morph="M S" sem="percep-f domain" extra="cjt-S"/>
			<t id="s3_5" word="o" lemma="o" pos="pron-dem" morph="DET M S" extra="cjt-S dem"/>
			<t id="s3_6" word="que" lemma="que" pos="spec" morph="M S" extra="clb clb-fs rel"/>
			<t id="s3_7" word="não" lemma="não" pos="adv" morph="--" extra="--"/>
			<t id="s3_8" word="gostei" lemma="gostar" pos="v-fin" morph="PS 1S IND VFIN" extra="vH mv np-close"/>
			<t id="s3_9" word="demora" lemma="demora" pos="n" morph="F S" sem="per" extra="--"/>
			<t id="s3_10" word="ligar" lemma="ligar" pos="v-inf" morph="3S" extra="mv"/>
			<t id="s3_11" word="," lemma="--" pos="pu" morph="--" extra="--"/>
			<t id="s3_12" word="bateria" lemma="bateria" pos="n" morph="F S" sem="tool" extra="--"/>
			<t id="s3_13" word="não" lemma="não" pos="adv" morph="--" extra="--"/>
			<t id="s3_14" word="dura" lemma="durar" pos="v-fin" morph="PR 3S IND VFIN" extra="vN fmc mv"/>
			<t id="s3_15" word="," lemma="--" pos="pu" morph="--" extra="--"/>
			<t id="s3_16" word="display" lemma="display" pos="n" morph="M S" sem="furn" extra="--"/>
			<t id="s3_17" word="lcd" lemma="lcd" pos="n" morph="M S" extra="foreign heur"/>
			<t id="s3_18" word="totalmente" lemma="totalmente" pos="adv" morph="--" extra="quant"/>
			<t id="s3_19" word="escuro" lemma="escuro" pos="adj" morph="M S" sem="col" extra="np-close"/>
			<t id="s3_20" word="a" lemma="a" pos="prp" morph="--" extra="sam-"/>
			<t id="s3_21" word="o" lemma="o" pos="art" morph="M S" extra="-sam "/>
			<t id="s3_22" word="sol" lemma="sol" pos="n" morph="M S" sem="Lstar ac-sign percep-l cm cur" extra="cjt-head cjt-head-DP"/>
			<t id="s3_23" word="e" lemma="e" pos="conj-c" morph="--" extra="--"/>
			<t id="s3_24" word="sensibilidade" lemma="sensibilidade" pos="n" morph="F S" sem="f-psych" extra="cjt-DP"/>
			<t id="s3_25" word="touchscreen" lemma="touchscreen" pos="n" morph="M S" extra="foreign heur"/>
			<t id="s3_26" word="sofrível" lemma="sofrível" pos="adj" morph="M S" extra="nh np-close"/>
			<t id="s3_27" word="." lemma="--" pos="pu" morph="--" extra="--"/>
			<t id="s3_28" word="." lemma="--" pos="pu" morph="--" extra="--"/>
		</terminals>

		<nonterminals>
			<nt id="s3_500" cat="s">
				<edge label="UTT" idref="s3_501"/>
			</nt>
			<nt id="s3_501" cat="x">
				<edge label="DN" idref="s3_504"/>
				<edge label="S" idref="s3_2"/>
				<edge label="P" idref="s3_3"/>
				<edge label="S" idref="s3_9"/>
				<edge label="UTT" idref="s3_10"/>
				<edge label="PU" idref="s3_11"/>
				<edge label="S" idref="s3_12"/>
				<edge label="fA" idref="s3_13"/>
				<edge label="P" idref="s3_14"/>
				<edge label="PU" idref="s3_15"/>
				<edge label="fCs" idref="s3_16"/>
				<edge label="fCs" idref="s3_507"/>
				<edge label="fA" idref="s3_509"/>
				<edge label="fCs" idref="s3_512"/>
				<edge label="PU" idref="s3_27"/>
				<edge label="PU" idref="s3_28"/>
			</nt>
			<nt id="s3_502" cat="fcl">
				<edge label="S" idref="s3_503"/>
			</nt>
			<nt id="s3_503" cat="par">
				<edge label="CJT" idref="s3_1"/>
			</nt>
			<nt id="s3_504" cat="fcl">
				<edge label="CJT" idref="s3_505"/>
				<edge label="CJT" idref="s3_5"/>
			</nt>
			<nt id="s3_505" cat="np">
				<edge label="H" idref="s3_4"/>
				<edge label="DN" idref="s3_506"/>
			</nt>
			<nt id="s3_506" cat="fcl">
				<edge label="S" idref="s3_6"/>
				<edge label="fA" idref="s3_7"/>
				<edge label="P" idref="s3_8"/>
			</nt>
			<nt id="s3_507" cat="np">
				<edge label="H" idref="s3_17"/>
				<edge label="DN" idref="s3_508"/>
			</nt>
			<nt id="s3_508" cat="adjp">
				<edge label="DA" idref="s3_18"/>
				<edge label="H" idref="s3_19"/>
			</nt>
			<nt id="s3_509" cat="pp">
				<edge label="H" idref="s3_20"/>
				<edge label="DP" idref="s3_510"/>
			</nt>
			<nt id="s3_510" cat="par">
				<edge label="CJT" idref="s3_511"/>
				<edge label="CJT" idref="s3_24"/>
			</nt>
			<nt id="s3_511" cat="np">
				<edge label="DN" idref="s3_21"/>
				<edge label="H" idref="s3_22"/>
			</nt>
			<nt id="s3_512" cat="np">
				<edge label="CO" idref="s3_23"/>
				<edge label="H" idref="s3_25"/>
				<edge label="DN" idref="s3_26"/>
			</nt>
		</nonterminals>
	</graph>
</s>

	</body>
</corpus>
