<?xml version="1.0" encoding="UTF-8"?>
<corpus>

	<body>
<s id="s1" ref="1" source="Running text" forest="1" text="não compre.">
	<graph root="s1_500">
		<terminals>
			<t id="s1_1" word="não" lemma="não" pos="adv" morph="--" extra="--"/>
			<t id="s1_2" word="compre" lemma="comprar" pos="v-fin" morph="PR 1/3S SUBJ VFIN" extra="vH fmc mv"/>
			<t id="s1_3" word="." lemma="--" pos="pu" morph="--" extra="--"/>
		</terminals>

		<nonterminals>
			<nt id="s1_500" cat="s">
				<edge label="STA" idref="s1_501"/>
			</nt>
			<nt id="s1_501" cat="fcl">
				<edge label="fA" idref="s1_1"/>
				<edge label="P" idref="s1_2"/>
				<edge label="PU" idref="s1_3"/>
			</nt>
		</nonterminals>
	</graph>
</s>

<s id="s2" ref="2" source="Running text" forest="1" text="prefira um smartphone de outra marca sabidamente funcional.">
	<graph root="s2_500">
		<terminals>
			<t id="s2_1" word="prefira" lemma="preferir" pos="v-fin" morph="PR 1/3S SUBJ VFIN" extra="vH fmc mv"/>
			<t id="s2_2" word="um" lemma="um" pos="art" morph="M S" extra="--"/>
			<t id="s2_3" word="smartphone" lemma="smartphone" pos="n" morph="M S" extra="heur foreign"/>
			<t id="s2_4" word="de" lemma="de" pos="prp" morph="--" extra="np-close"/>
			<t id="s2_5" word="outra" lemma="outro" pos="pron-indef" morph="DET F S" extra="diff KOMP"/>
			<t id="s2_6" word="marca" lemma="marca" pos="n" morph="F S" sem="ac-sign Labs bar" extra="--"/>
			<t id="s2_7" word="sabidamente" lemma="sabidamente" pos="adv" morph="--" extra="--"/>
			<t id="s2_8" word="funcional" lemma="funcional" pos="adj" morph="M/F S" extra="nh"/>
			<t id="s2_9" word="." lemma="--" pos="pu" morph="--" extra="--"/>
		</terminals>

		<nonterminals>
			<nt id="s2_500" cat="s">
				<edge label="STA" idref="s2_501"/>
			</nt>
			<nt id="s2_501" cat="fcl">
				<edge label="P" idref="s2_1"/>
				<edge label="Od" idref="s2_502"/>
				<edge label="fCs" idref="s2_505"/>
				<edge label="PU" idref="s2_9"/>
			</nt>
			<nt id="s2_502" cat="np">
				<edge label="DN" idref="s2_2"/>
				<edge label="H" idref="s2_3"/>
				<edge label="DN" idref="s2_503"/>
			</nt>
			<nt id="s2_503" cat="pp">
				<edge label="H" idref="s2_4"/>
				<edge label="DP" idref="s2_504"/>
			</nt>
			<nt id="s2_504" cat="np">
				<edge label="DN" idref="s2_5"/>
				<edge label="H" idref="s2_6"/>
			</nt>
			<nt id="s2_505" cat="adjp">
				<edge label="DA" idref="s2_7"/>
				<edge label="H" idref="s2_8"/>
			</nt>
		</nonterminals>
	</graph>
</s>

<s id="s3" ref="3" source="Running text" forest="1" text="o que gostei aparência inovadora e exclusividade, pois ninguém tem um igual o que não gostei a bateria dura number do que diz o manual e a propaganda.">
	<graph root="s3_500">
		<terminals>
			<t id="s3_1" word="o" lemma="o" pos="pron-dem" morph="DET M S" extra="dem"/>
			<t id="s3_2" word="que" lemma="que" pos="spec" morph="M S" extra="clb clb-fs rel"/>
			<t id="s3_3" word="gostei" lemma="gostar" pos="v-fin" morph="PS 1S IND VFIN" extra="vH mv np-close"/>
			<t id="s3_4" word="aparência" lemma="aparência" pos="n" morph="F S" sem="percep-f" extra="--"/>
			<t id="s3_5" word="inovadora" lemma="inovador" pos="adj" morph="F S" extra="np-close"/>
			<t id="s3_6" word="e" lemma="e" pos="conj-c" morph="--" extra="--"/>
			<t id="s3_7" word="exclusividade" lemma="exclusividade" pos="n" morph="F S" sem="percep-f" extra="--"/>
			<t id="s3_8" word="," lemma="--" pos="pu" morph="--" extra="--"/>
			<t id="s3_9" word="pois" lemma="pois" pos="conj-s" morph="--" extra="clb"/>
			<t id="s3_10" word="ninguém" lemma="ninguém" pos="spec" morph="M S" extra="--"/>
			<t id="s3_11" word="tem" lemma="ter" pos="v-fin" morph="PR 3S IND VFIN" extra="cjt-head cjt-head-STA fmc mv"/>
			<t id="s3_12" word="um" lemma="um" pos="art" morph="M S" extra="--"/>
			<t id="s3_13" word="igual" lemma="igual" pos="adj" morph="M S" extra="n jh"/>
			<t id="s3_14" word="o_que" lemma="o_que" pos="spec" morph="M S" extra="clb rel"/>
			<t id="s3_15" word="não" lemma="não" pos="adv" morph="--" extra="--"/>
			<t id="s3_16" word="gostei" lemma="gostar" pos="v-fin" morph="PS 1S IND VFIN" extra="cjt-STA vH mv"/>
			<t id="s3_17" word="a" lemma="o" pos="art" morph="F S" extra="--"/>
			<t id="s3_18" word="bateria" lemma="bateria" pos="n" morph="F S" sem="tool" extra="cjt-head cjt-head-S"/>
			<t id="s3_19" word="dura" lemma="duro" pos="adj" morph="F S" extra="--"/>
			<t id="s3_20" word="number" lemma="number" pos="n" morph="M S" extra="cjt-S heur"/>
			<t id="s3_21" word="de" lemma="de" pos="prp" morph="--" extra="sam- np-close"/>
			<t id="s3_22" word="o" lemma="o" pos="pron-indef" morph="DET M S" extra="-sam"/>
			<t id="s3_23" word="que" lemma="que" pos="spec" morph="M S" extra="clb clb-fs rel"/>
			<t id="s3_24" word="diz" lemma="dizer" pos="v-fin" morph="PR 3S IND VFIN" extra="vH mv np-close"/>
			<t id="s3_25" word="o" lemma="o" pos="art" morph="M S" extra="--"/>
			<t id="s3_26" word="manual" lemma="manual" pos="n" morph="M S" sem="sem-r" extra="cjt-head cjt-head-Od"/>
			<t id="s3_27" word="e" lemma="e" pos="conj-c" morph="--" extra="--"/>
			<t id="s3_28" word="a" lemma="o" pos="art" morph="F S" extra="--"/>
			<t id="s3_29" word="propaganda" lemma="propaganda" pos="n" morph="F S" sem="sem-s activity" extra="cjt-Od"/>
			<t id="s3_30" word="." lemma="--" pos="pu" morph="--" extra="--"/>
		</terminals>

		<nonterminals>
			<nt id="s3_500" cat="s">
				<edge label="UTT" idref="s3_501"/>
			</nt>
			<nt id="s3_501" cat="x">
				<edge label="STA" idref="s3_502"/>
				<edge label="DN" idref="s3_504"/>
				<edge label="S" idref="s3_2"/>
				<edge label="P" idref="s3_3"/>
				<edge label="CJT" idref="s3_505"/>
				<edge label="CJT" idref="s3_511"/>
				<edge label="PU" idref="s3_30"/>
			</nt>
			<nt id="s3_502" cat="par">
				<edge label="CJT" idref="s3_503"/>
			</nt>
			<nt id="s3_503" cat="fcl">
				<edge label="S" idref="s3_1"/>
			</nt>
			<nt id="s3_504" cat="fcl">
			</nt>
			<nt id="s3_505" cat="fcl">
				<edge label="S" idref="s3_506"/>
				<edge label="X" idref="s3_507"/>
				<edge label="S" idref="s3_7"/>
				<edge label="PU" idref="s3_8"/>
				<edge label="fA" idref="s3_9"/>
				<edge label="S" idref="s3_10"/>
				<edge label="P" idref="s3_11"/>
				<edge label="S" idref="s3_508"/>
				<edge label="Od" idref="s3_13"/>
				<edge label="fA" idref="s3_15"/>
				<edge label="P" idref="s3_16"/>
				<edge label="S" idref="s3_510"/>
			</nt>
			<nt id="s3_506" cat="np">
				<edge label="H" idref="s3_4"/>
				<edge label="DN" idref="s3_5"/>
			</nt>
			<nt id="s3_507" cat="x">
				<edge label="CO" idref="s3_6"/>
			</nt>
			<nt id="s3_508" cat="par">
				<edge label="CJT" idref="s3_509"/>
				<edge label="H" idref="s3_14"/>
			</nt>
			<nt id="s3_509" cat="np">
				<edge label="DN" idref="s3_12"/>
				<edge label="DN" idref="s3_17"/>
				<edge label="H" idref="s3_18"/>
			</nt>
			<nt id="s3_510" cat="par">
				<edge label="CJT" idref="s3_512"/>
			</nt>
			<nt id="s3_511" cat="np">
			</nt>
			<nt id="s3_512" cat="np">
				<edge label="DN" idref="s3_19"/>
				<edge label="H" idref="s3_20"/>
				<edge label="DN" idref="s3_513"/>
				<edge label="DN" idref="s3_514"/>
			</nt>
			<nt id="s3_513" cat="pp">
				<edge label="H" idref="s3_21"/>
				<edge label="DP" idref="s3_22"/>
			</nt>
			<nt id="s3_514" cat="fcl">
				<edge label="S" idref="s3_23"/>
				<edge label="P" idref="s3_24"/>
				<edge label="Od" idref="s3_515"/>
			</nt>
			<nt id="s3_515" cat="par">
				<edge label="CJT" idref="s3_516"/>
				<edge label="CO" idref="s3_27"/>
				<edge label="CJT" idref="s3_517"/>
			</nt>
			<nt id="s3_516" cat="np">
				<edge label="DN" idref="s3_25"/>
				<edge label="H" idref="s3_26"/>
			</nt>
			<nt id="s3_517" cat="np">
				<edge label="DN" idref="s3_28"/>
				<edge label="H" idref="s3_29"/>
			</nt>
		</nonterminals>
	</graph>
</s>

<s id="s4" ref="4" source="Running text" forest="1" text="nem a philips e nem o wal-mart se responsabilizam por a troca, um empurrando para o outro..">
	<graph root="s4_500">
		<terminals>
			<t id="s4_1" word="nem" lemma="nem" pos="conj-c" morph="--" extra="parkc-1"/>
			<t id="s4_2" word="a" lemma="a" pos="prp" morph="--" extra="--"/>
			<t id="s4_3" word="philips" lemma="philip" pos="n" morph="M P" extra="heur"/>
			<t id="s4_4" word="e" lemma="e" pos="conj-c" morph="--" extra="--"/>
			<t id="s4_5" word="nem" lemma="nem" pos="conj-c" morph="--" extra="parkc-2"/>
			<t id="s4_6" word="o" lemma="o" pos="art" morph="M S" extra="--"/>
			<t id="s4_7" word="wal-mart" lemma="wal-mart" pos="n" morph="M S" extra="foreign heur"/>
			<t id="s4_8" word="se" lemma="se" pos="pron-pers" morph="M/F 3P ACC" extra="pass"/>
			<t id="s4_9" word="responsabilizam" lemma="responsabilizar" pos="v-fin" morph="PR 3P IND VFIN" extra="vH fmc mv"/>
			<t id="s4_10" word="por" lemma="por" pos="prp" morph="--" extra="sam-"/>
			<t id="s4_11" word="a" lemma="o" pos="art" morph="F S" extra="-sam "/>
			<t id="s4_12" word="troca" lemma="troca" pos="n" morph="F S" sem="act" extra="--"/>
			<t id="s4_13" word="," lemma="--" pos="pu" morph="--" extra="--"/>
			<t id="s4_14" word="um" lemma="um" pos="num" morph="M S" extra="card"/>
			<t id="s4_15" word="empurrando" lemma="empurrar" pos="v-ger" morph="--" extra="clb vH mv"/>
			<t id="s4_16" word="para" lemma="para" pos="prp" morph="--" extra="--"/>
			<t id="s4_17" word="o" lemma="o" pos="art" morph="M S" extra="--"/>
			<t id="s4_18" word="outro" lemma="outro" pos="pron-indef" morph="DET M S" extra="diff KOMP"/>
			<t id="s4_19" word="." lemma="--" pos="pu" morph="--" extra="--"/>
			<t id="s4_20" word="." lemma="--" pos="pu" morph="--" extra="--"/>
		</terminals>

		<nonterminals>
			<nt id="s4_500" cat="s">
				<edge label="UTT" idref="s4_501"/>
			</nt>
			<nt id="s4_501" cat="x">
				<edge label="FOC" idref="s4_1"/>
				<edge label="STA" idref="s4_502"/>
				<edge label="fA" idref="s4_503"/>
				<edge label="fCs" idref="s4_504"/>
				<edge label="Od" idref="s4_8"/>
				<edge label="P" idref="s4_9"/>
				<edge label="Op" idref="s4_505"/>
				<edge label="PU" idref="s4_13"/>
				<edge label="fA" idref="s4_507"/>
				<edge label="PU" idref="s4_19"/>
				<edge label="PU" idref="s4_20"/>
			</nt>
			<nt id="s4_502" cat="fcl">
			</nt>
			<nt id="s4_503" cat="pp">
				<edge label="H" idref="s4_2"/>
				<edge label="DP" idref="s4_3"/>
			</nt>
			<nt id="s4_504" cat="np">
				<edge label="DN" idref="s4_6"/>
				<edge label="H" idref="s4_7"/>
			</nt>
			<nt id="s4_505" cat="pp">
				<edge label="H" idref="s4_10"/>
				<edge label="DP" idref="s4_506"/>
			</nt>
			<nt id="s4_506" cat="np">
				<edge label="DN" idref="s4_11"/>
				<edge label="H" idref="s4_12"/>
			</nt>
			<nt id="s4_507" cat="fcl">
				<edge label="S" idref="s4_14"/>
				<edge label="P" idref="s4_15"/>
				<edge label="fA" idref="s4_508"/>
			</nt>
			<nt id="s4_508" cat="pp">
				<edge label="H" idref="s4_16"/>
				<edge label="DP" idref="s4_509"/>
			</nt>
			<nt id="s4_509" cat="np">
				<edge label="DN" idref="s4_17"/>
				<edge label="H" idref="s4_18"/>
			</nt>
		</nonterminals>
	</graph>
</s>

	</body>
</corpus>
