<?xml version="1.0" encoding="UTF-8"?>
<corpus>

	<body>
<s id="s1" ref="1" source="Running text" forest="1" text="no geral um celular de bom custo benefício, aliado a um belo design.">
	<graph root="s1_500">
		<terminals>
			<t id="s1_1" word="no_geral" lemma="no_geral" pos="adv" morph="--" extra="--"/>
			<t id="s1_2" word="um" lemma="um" pos="art" morph="M S" extra="--"/>
			<t id="s1_3" word="celular" lemma="celular" pos="adj" morph="M S" extra="cjt-head cjt-head-X n nh"/>
			<t id="s1_4" word="de" lemma="de" pos="prp" morph="--" extra="np-close"/>
			<t id="s1_5" word="bom" lemma="bom" pos="adj" morph="M S" extra="--"/>
			<t id="s1_6" word="custo" lemma="custo" pos="n" morph="M S" sem="mon" extra="--"/>
			<t id="s1_7" word="benefício" lemma="benefício" pos="n" morph="M S" sem="act-d mon" extra="cjt-fCs"/>
			<t id="s1_8" word="," lemma="--" pos="pu" morph="--" extra="--"/>
			<t id="s1_9" word="aliado" lemma="aliar" pos="v-pcp" morph="M S" extra="vH np-close"/>
			<t id="s1_10" word="a" lemma="a" pos="prp" morph="--" extra="--"/>
			<t id="s1_11" word="um" lemma="um" pos="art" morph="M S" extra="--"/>
			<t id="s1_12" word="belo" lemma="belo" pos="adj" morph="M S" extra="jh"/>
			<t id="s1_13" word="design" lemma="design" pos="n" morph="M S" sem="percep-f domain" extra="--"/>
			<t id="s1_14" word="." lemma="--" pos="pu" morph="--" extra="--"/>
		</terminals>

		<nonterminals>
			<nt id="s1_500" cat="s">
				<edge label="fA" idref="s1_501"/>
			</nt>
			<nt id="s1_501" cat="advp">
				<edge label="H" idref="s1_1"/>
				<edge label="X" idref="s1_502"/>
				<edge label="PU" idref="s1_14"/>
			</nt>
			<nt id="s1_502" cat="par">
				<edge label="CJT" idref="s1_503"/>
				<edge label="DN" idref="s1_504"/>
				<edge label="CJT" idref="s1_506"/>
				<edge label="fA" idref="s1_507"/>
			</nt>
			<nt id="s1_503" cat="np">
				<edge label="DN" idref="s1_2"/>
				<edge label="H" idref="s1_3"/>
			</nt>
			<nt id="s1_504" cat="pp">
				<edge label="H" idref="s1_4"/>
				<edge label="DP" idref="s1_505"/>
			</nt>
			<nt id="s1_505" cat="np">
				<edge label="DN" idref="s1_5"/>
				<edge label="H" idref="s1_6"/>
			</nt>
			<nt id="s1_506" cat="np">
				<edge label="H" idref="s1_7"/>
				<edge label="PU" idref="s1_8"/>
				<edge label="DNc" idref="s1_9"/>
			</nt>
			<nt id="s1_507" cat="pp">
				<edge label="H" idref="s1_10"/>
				<edge label="DP" idref="s1_508"/>
			</nt>
			<nt id="s1_508" cat="np">
				<edge label="DN" idref="s1_11"/>
				<edge label="DN" idref="s1_12"/>
				<edge label="H" idref="s1_13"/>
			</nt>
		</nonterminals>
	</graph>
</s>

<s id="s2" ref="2" source="Running text" forest="1" text="o que gostei design e custo benefício, em virtude de ser o celular com wi-fi no melhor custo de mercado.">
	<graph root="s2_500">
		<terminals>
			<t id="s2_1" word="o" lemma="o" pos="pron-dem" morph="DET M S" extra="dem"/>
			<t id="s2_2" word="que" lemma="que" pos="spec" morph="M S" extra="clb rel"/>
			<t id="s2_3" word="gostei" lemma="gostar" pos="v-fin" morph="PS 1S IND VFIN" extra="predco predco vH mv"/>
			<t id="s2_4" word="design" lemma="design" pos="n" morph="M S" sem="percep-f domain" extra="clb"/>
			<t id="s2_5" word="e" lemma="e" pos="conj-c" morph="--" extra="--"/>
			<t id="s2_6" word="custo" lemma="custo" pos="n" morph="M S" sem="mon" extra="clb"/>
			<t id="s2_7" word="benefício" lemma="benefício" pos="n" morph="M S" sem="act-d mon" extra="--"/>
			<t id="s2_8" word="," lemma="--" pos="pu" morph="--" extra="--"/>
			<t id="s2_9" word="em_virtude_de" lemma="em_virtude_de" pos="prp" morph="--" extra="--"/>
			<t id="s2_10" word="ser" lemma="ser" pos="v-inf" morph="--" extra="mv"/>
			<t id="s2_11" word="o" lemma="o" pos="art" morph="M S" extra="--"/>
			<t id="s2_12" word="celular" lemma="celular" pos="adj" morph="M S" extra="n nh"/>
			<t id="s2_13" word="com" lemma="com" pos="prp" morph="--" extra="np-close"/>
			<t id="s2_14" word="wi-fi" lemma="wi-fer" pos="v-fin" morph="PS 1S IND VFIN" extra="cjt-STA foreign heur fmc mv"/>
			<t id="s2_15" word="em" lemma="em" pos="prp" morph="--" extra="sam-"/>
			<t id="s2_16" word="o" lemma="o" pos="art" morph="M S" extra="-sam "/>
			<t id="s2_17" word="melhor" lemma="bom" pos="adj" morph="M S" extra="KOMP SUP"/>
			<t id="s2_18" word="custo" lemma="custo" pos="n" morph="M S" sem="mon" extra="--"/>
			<t id="s2_19" word="de" lemma="de" pos="prp" morph="--" extra="np-close"/>
			<t id="s2_20" word="mercado" lemma="mercado" pos="n" morph="M S" sem="inst" extra="--"/>
			<t id="s2_21" word="." lemma="--" pos="pu" morph="--" extra="--"/>
		</terminals>

		<nonterminals>
			<nt id="s2_500" cat="s">
				<edge label="STA" idref="s2_501"/>
			</nt>
			<nt id="s2_501" cat="fcl">
				<edge label="S" idref="s2_1"/>
				<edge label="X" idref="s2_2"/>
				<edge label="X" idref="s2_502"/>
				<edge label="PU" idref="s2_21"/>
			</nt>
			<nt id="s2_502" cat="par">
				<edge label="CJT" idref="s2_503"/>
				<edge label="CJT" idref="s2_504"/>
			</nt>
			<nt id="s2_503" cat="x">
				<edge label="P" idref="s2_3"/>
			</nt>
			<nt id="s2_504" cat="fcl">
				<edge label="S" idref="s2_4"/>
				<edge label="S" idref="s2_505"/>
				<edge label="S" idref="s2_6"/>
				<edge label="PU" idref="s2_8"/>
				<edge label="fA" idref="s2_507"/>
				<edge label="Od" idref="s2_508"/>
				<edge label="P" idref="s2_14"/>
				<edge label="fA" idref="s2_509"/>
			</nt>
			<nt id="s2_505" cat="np">
				<edge label="DN" idref="s2_506"/>
				<edge label="H" idref="s2_7"/>
			</nt>
			<nt id="s2_506" cat="pp">
				<edge label="CO" idref="s2_5"/>
			</nt>
			<nt id="s2_507" cat="pp">
				<edge label="H" idref="s2_9"/>
				<edge label="DP" idref="s2_10"/>
			</nt>
			<nt id="s2_508" cat="np">
				<edge label="DN" idref="s2_11"/>
				<edge label="H" idref="s2_12"/>
				<edge label="-DN" idref="s2_13"/>
			</nt>
			<nt id="s2_509" cat="pp">
				<edge label="H" idref="s2_15"/>
				<edge label="DP" idref="s2_510"/>
			</nt>
			<nt id="s2_510" cat="np">
				<edge label="DN" idref="s2_16"/>
				<edge label="DN" idref="s2_17"/>
				<edge label="H" idref="s2_18"/>
				<edge label="DN" idref="s2_511"/>
			</nt>
			<nt id="s2_511" cat="pp">
				<edge label="H" idref="s2_19"/>
				<edge label="DP" idref="s2_20"/>
			</nt>
		</nonterminals>
	</graph>
</s>

<s id="s3" ref="3" source="Running text" forest="1" text="possui algumas funções de celulares mais potentes, com um visual bem atrativo.">
	<graph root="s3_500">
		<terminals>
			<t id="s3_1" word="possui" lemma="possuir" pos="v-fin" morph="PR 3S IND VFIN" extra="vH fmc mv"/>
			<t id="s3_2" word="algumas" lemma="algum" pos="pron-indef" morph="DET F P" extra="quant"/>
			<t id="s3_3" word="funções" lemma="função" pos="n" morph="F P" sem="ac pos-soc occ" extra="--"/>
			<t id="s3_4" word="de" lemma="de" pos="prp" morph="--" extra="np-close"/>
			<t id="s3_5" word="celulares" lemma="celular" pos="adj" morph="M/F P" extra="nh"/>
			<t id="s3_6" word="mais" lemma="mais" pos="adv" morph="--" extra="quant KOMP"/>
			<t id="s3_7" word="potentes" lemma="potente" pos="adj" morph="M/F P" extra="np-close"/>
			<t id="s3_8" word="," lemma="--" pos="pu" morph="--" extra="--"/>
			<t id="s3_9" word="com" lemma="com" pos="prp" morph="--" extra="--"/>
			<t id="s3_10" word="um" lemma="um" pos="art" morph="M S" extra="--"/>
			<t id="s3_11" word="visual" lemma="visual" pos="adj" morph="M S" extra="n nh"/>
			<t id="s3_12" word="bem" lemma="bem" pos="adv" morph="--" extra="quant"/>
			<t id="s3_13" word="atrativo" lemma="atrativo" pos="adj" morph="M S" extra="np-close"/>
			<t id="s3_14" word="." lemma="--" pos="pu" morph="--" extra="--"/>
		</terminals>

		<nonterminals>
			<nt id="s3_500" cat="s">
				<edge label="STA" idref="s3_501"/>
			</nt>
			<nt id="s3_501" cat="fcl">
				<edge label="P" idref="s3_1"/>
				<edge label="Od" idref="s3_502"/>
				<edge label="PU" idref="s3_8"/>
				<edge label="fA" idref="s3_505"/>
				<edge label="PU" idref="s3_14"/>
			</nt>
			<nt id="s3_502" cat="np">
				<edge label="DN" idref="s3_2"/>
				<edge label="H" idref="s3_3"/>
				<edge label="DN" idref="s3_503"/>
				<edge label="DN" idref="s3_504"/>
			</nt>
			<nt id="s3_503" cat="pp">
				<edge label="H" idref="s3_4"/>
				<edge label="DP" idref="s3_5"/>
			</nt>
			<nt id="s3_504" cat="adjp">
				<edge label="DA" idref="s3_6"/>
				<edge label="H" idref="s3_7"/>
			</nt>
			<nt id="s3_505" cat="pp">
				<edge label="H" idref="s3_9"/>
				<edge label="DP" idref="s3_506"/>
				<edge label="DN" idref="s3_507"/>
			</nt>
			<nt id="s3_506" cat="np">
				<edge label="DN" idref="s3_10"/>
				<edge label="H" idref="s3_11"/>
			</nt>
			<nt id="s3_507" cat="adjp">
				<edge label="DA" idref="s3_12"/>
				<edge label="H" idref="s3_13"/>
			</nt>
		</nonterminals>
	</graph>
</s>

<s id="s4" ref="4" source="Running text" forest="1" text="ao contrário de o que disseram as avaliações anteriores, não tive problema nenhum com wi-fi em locais públicos.">
	<graph root="s4_500">
		<terminals>
			<t id="s4_1" word="ao_contrário_de" lemma="ao_contrário_de" pos="prp" morph="--" extra="sam-"/>
			<t id="s4_2" word="o" lemma="o" pos="pron-dem" morph="DET M S" extra="-sam dem"/>
			<t id="s4_3" word="que" lemma="que" pos="spec" morph="M S" extra="clb clb-fs rel"/>
			<t id="s4_4" word="disseram" lemma="dizer" pos="v-fin" morph="PS/MQP 3P IND VFIN" extra="vH mv np-close"/>
			<t id="s4_5" word="as" lemma="o" pos="art" morph="F P" extra="--"/>
			<t id="s4_6" word="avaliações" lemma="avaliação" pos="n" morph="F P" sem="act" extra="--"/>
			<t id="s4_7" word="anteriores" lemma="anterior" pos="adj" morph="F P" extra="nh np-close"/>
			<t id="s4_8" word="," lemma="--" pos="pu" morph="--" extra="--"/>
			<t id="s4_9" word="não" lemma="não" pos="adv" morph="--" extra="--"/>
			<t id="s4_10" word="tive" lemma="ter" pos="v-fin" morph="PS 1S IND VFIN" extra="nosubj nosubj cjt-head cjt-head-STA fmc mv"/>
			<t id="s4_11" word="problema" lemma="problema" pos="n" morph="M S" sem="ac" extra="--"/>
			<t id="s4_12" word="nenhum" lemma="nenhum" pos="pron-indef" morph="DET M S" extra="quant np-close"/>
			<t id="s4_13" word="com" lemma="com" pos="prp" morph="--" extra="np-long"/>
			<t id="s4_14" word="wi-fi" lemma="wi-fer" pos="v-fin" morph="PS 1S IND VFIN" extra="nosubj nosubj cjt-STA foreign heur fmc mv"/>
			<t id="s4_15" word="em" lemma="em" pos="prp" morph="--" extra="--"/>
			<t id="s4_16" word="locais" lemma="local" pos="n" morph="M P" sem="Lh" extra="--"/>
			<t id="s4_17" word="públicos" lemma="público" pos="adj" morph="M P" extra="np-close"/>
			<t id="s4_18" word="." lemma="--" pos="pu" morph="--" extra="--"/>
		</terminals>

		<nonterminals>
			<nt id="s4_500" cat="s">
				<edge label="UTT" idref="s4_501"/>
			</nt>
			<nt id="s4_501" cat="x">
				<edge label="DN" idref="s4_505"/>
				<edge label="Od" idref="s4_3"/>
				<edge label="P" idref="s4_4"/>
				<edge label="S" idref="s4_506"/>
				<edge label="PU" idref="s4_18"/>
			</nt>
			<nt id="s4_502" cat="par">
				<edge label="CJT" idref="s4_503"/>
				<edge label="PU" idref="s4_8"/>
				<edge label="fA" idref="s4_9"/>
				<edge label="P" idref="s4_10"/>
				<edge label="Od" idref="s4_507"/>
			</nt>
			<nt id="s4_503" cat="fcl">
				<edge label="fA" idref="s4_504"/>
			</nt>
			<nt id="s4_504" cat="pp">
				<edge label="H" idref="s4_1"/>
				<edge label="DP" idref="s4_2"/>
			</nt>
			<nt id="s4_505" cat="fcl">
			</nt>
			<nt id="s4_506" cat="np">
				<edge label="DN" idref="s4_5"/>
				<edge label="H" idref="s4_6"/>
				<edge label="DN" idref="s4_7"/>
				<edge label="CJT" idref="s4_508"/>
			</nt>
			<nt id="s4_507" cat="np">
				<edge label="H" idref="s4_11"/>
				<edge label="DN" idref="s4_12"/>
				<edge label="DN" idref="s4_13"/>
			</nt>
			<nt id="s4_508" cat="x">
				<edge label="P" idref="s4_14"/>
				<edge label="fA" idref="s4_509"/>
			</nt>
			<nt id="s4_509" cat="pp">
				<edge label="H" idref="s4_15"/>
				<edge label="DP" idref="s4_510"/>
			</nt>
			<nt id="s4_510" cat="np">
				<edge label="H" idref="s4_16"/>
				<edge label="DN" idref="s4_17"/>
			</nt>
		</nonterminals>
	</graph>
</s>

<s id="s5" ref="5" source="Running text" forest="1" text="funcionou corretamente.">
	<graph root="s5_500">
		<terminals>
			<t id="s5_1" word="funcionou" lemma="funcionar" pos="v-fin" morph="PS 3S IND VFIN" extra="fmc mv"/>
			<t id="s5_2" word="corretamente" lemma="corretamente" pos="adv" morph="--" extra="nh"/>
			<t id="s5_3" word="." lemma="--" pos="pu" morph="--" extra="--"/>
		</terminals>

		<nonterminals>
			<nt id="s5_500" cat="s">
				<edge label="STA" idref="s5_501"/>
			</nt>
			<nt id="s5_501" cat="fcl">
				<edge label="P" idref="s5_1"/>
				<edge label="fA" idref="s5_2"/>
				<edge label="PU" idref="s5_3"/>
			</nt>
		</nonterminals>
	</graph>
</s>

<s id="s6" ref="6" source="Running text" forest="1" text="o que não gostei utiliza software proprietário, que não permite instalação de aplicativos e é lento em algumas situações.">
	<graph root="s6_500">
		<terminals>
			<t id="s6_1" word="o" lemma="o" pos="pron-dem" morph="DET M S" extra="dem"/>
			<t id="s6_2" word="que" lemma="que" pos="spec" morph="M S" extra="clb clb-fs rel"/>
			<t id="s6_3" word="não" lemma="não" pos="adv" morph="--" extra="--"/>
			<t id="s6_4" word="gostei" lemma="gostar" pos="v-fin" morph="PS 1S IND VFIN" extra="vH mv np-close"/>
			<t id="s6_5" word="utiliza" lemma="utilizar" pos="v-fin" morph="PR 3S IND VFIN" extra="vH fmc mv"/>
			<t id="s6_6" word="software" lemma="software" pos="n" morph="M S" sem="am" extra="--"/>
			<t id="s6_7" word="proprietário" lemma="proprietário" pos="n" morph="M S" sem="Hprof" extra="--"/>
			<t id="s6_8" word="," lemma="--" pos="pu" morph="--" extra="--"/>
			<t id="s6_9" word="que" lemma="que" pos="spec" morph="M S" extra="clb clb-fs rel"/>
			<t id="s6_10" word="não" lemma="não" pos="adv" morph="--" extra="--"/>
			<t id="s6_11" word="permite" lemma="permitir" pos="v-fin" morph="PR 3S IND VFIN" extra="vH mv np-close"/>
			<t id="s6_12" word="instalação" lemma="instalação" pos="n" morph="F S" sem="act ac" extra="--"/>
			<t id="s6_13" word="de" lemma="de" pos="prp" morph="--" extra="np-close"/>
			<t id="s6_14" word="aplicativos" lemma="aplicativo" pos="n" morph="M P" sem="sem-c" extra="--"/>
			<t id="s6_15" word="e" lemma="e" pos="conj-c" morph="--" extra="--"/>
			<t id="s6_16" word="é" lemma="ser" pos="v-fin" morph="PR 3S IND VFIN" extra="vK fmc mv np-close"/>
			<t id="s6_17" word="lento" lemma="lento" pos="adj" morph="M S" extra="nh"/>
			<t id="s6_18" word="em" lemma="em" pos="prp" morph="--" extra="--"/>
			<t id="s6_19" word="algumas" lemma="algum" pos="pron-indef" morph="DET F P" extra="quant"/>
			<t id="s6_20" word="situações" lemma="situação" pos="n" morph="F P" sem="sit" extra="--"/>
			<t id="s6_21" word="." lemma="--" pos="pu" morph="--" extra="--"/>
		</terminals>

		<nonterminals>
			<nt id="s6_500" cat="s">
				<edge label="STA" idref="s6_501"/>
			</nt>
			<nt id="s6_501" cat="fcl">
				<edge label="S" idref="s6_1"/>
				<edge label="DN" idref="s6_502"/>
				<edge label="S" idref="s6_2"/>
				<edge label="fA" idref="s6_3"/>
				<edge label="P" idref="s6_4"/>
				<edge label="P" idref="s6_5"/>
				<edge label="Od" idref="s6_6"/>
				<edge label="S" idref="s6_503"/>
				<edge label="PU" idref="s6_21"/>
			</nt>
			<nt id="s6_502" cat="fcl">
			</nt>
			<nt id="s6_503" cat="np">
				<edge label="H" idref="s6_7"/>
				<edge label="PU" idref="s6_8"/>
				<edge label="DN" idref="s6_504"/>
			</nt>
			<nt id="s6_504" cat="fcl">
				<edge label="S" idref="s6_9"/>
				<edge label="fA" idref="s6_10"/>
				<edge label="P" idref="s6_11"/>
				<edge label="Od" idref="s6_505"/>
			</nt>
			<nt id="s6_505" cat="np">
				<edge label="H" idref="s6_12"/>
				<edge label="DN" idref="s6_506"/>
			</nt>
			<nt id="s6_506" cat="pp">
				<edge label="H" idref="s6_13"/>
				<edge label="DP" idref="s6_14"/>
			</nt>
			<nt id="s6_507" cat="fcl">
				<edge label="P" idref="s6_16"/>
				<edge label="Cs" idref="s6_17"/>
				<edge label="fA" idref="s6_508"/>
			</nt>
			<nt id="s6_508" cat="pp">
				<edge label="H" idref="s6_18"/>
				<edge label="DP" idref="s6_509"/>
			</nt>
			<nt id="s6_509" cat="np">
				<edge label="DN" idref="s6_19"/>
				<edge label="H" idref="s6_20"/>
			</nt>
		</nonterminals>
	</graph>
</s>

<s id="s7" ref="7" source="Running text" forest="1" text="relatos de assistência técnica samsung bastante complicada..">
	<graph root="s7_500">
		<terminals>
			<t id="s7_1" word="relatos" lemma="relato" pos="n" morph="M P" sem="sem-r" extra="cjt-head cjt-head-X"/>
			<t id="s7_2" word="de" lemma="de" pos="prp" morph="--" extra="np-close"/>
			<t id="s7_3" word="assistência" lemma="assistência" pos="n" morph="F S" sem="am" extra="--"/>
			<t id="s7_4" word="técnica" lemma="técnico" pos="adj" morph="F S" extra="nh np-close"/>
			<t id="s7_5" word="samsung" lemma="samsung" pos="n" morph="F S" extra="cjt-X heur"/>
			<t id="s7_6" word="bastante" lemma="bastante" pos="adv" morph="--" extra="quant"/>
			<t id="s7_7" word="complicada" lemma="complicar" pos="v-pcp" morph="F S" extra="np-close"/>
			<t id="s7_8" word="." lemma="--" pos="pu" morph="--" extra="--"/>
			<t id="s7_9" word="." lemma="--" pos="pu" morph="--" extra="--"/>
		</terminals>

		<nonterminals>
			<nt id="s7_500" cat="s">
				<edge label="X" idref="s7_501"/>
			</nt>
			<nt id="s7_501" cat="par">
				<edge label="CJT" idref="s7_502"/>
				<edge label="CJT" idref="s7_505"/>
				<edge label="PU" idref="s7_8"/>
				<edge label="PU" idref="s7_9"/>
			</nt>
			<nt id="s7_502" cat="np">
				<edge label="H" idref="s7_1"/>
				<edge label="DN" idref="s7_503"/>
			</nt>
			<nt id="s7_503" cat="pp">
				<edge label="H" idref="s7_2"/>
				<edge label="DP" idref="s7_504"/>
			</nt>
			<nt id="s7_504" cat="np">
				<edge label="H" idref="s7_3"/>
				<edge label="DN" idref="s7_4"/>
			</nt>
			<nt id="s7_505" cat="np">
				<edge label="H" idref="s7_5"/>
				<edge label="DN" idref="s7_506"/>
			</nt>
			<nt id="s7_506" cat="adjp">
				<edge label="DA" idref="s7_6"/>
				<edge label="H" idref="s7_7"/>
			</nt>
		</nonterminals>
	</graph>
</s>

	</body>
</corpus>
