<?xml version="1.0" encoding="UTF-8"?>
<corpus>

	<body>
<s id="s1" ref="1" source="Running text" forest="1" text="é um smartphone de ótima qualidade por ser um samsung, o que gostei lindo smartphone, com ótimos aplicativos.">
	<graph root="s1_500">
		<terminals>
			<t id="s1_1" word="é" lemma="ser" pos="v-fin" morph="PR 3S IND VFIN" extra="nosubj nosubj cjt-head cjt-head-STA vK fmc mv"/>
			<t id="s1_2" word="um" lemma="um" pos="art" morph="M S" extra="--"/>
			<t id="s1_3" word="smartphone" lemma="smartphone" pos="n" morph="M S" extra="heur foreign"/>
			<t id="s1_4" word="de" lemma="de" pos="prp" morph="--" extra="np-close"/>
			<t id="s1_5" word="ótima" lemma="bom" pos="adj" morph="F S" extra="SUP"/>
			<t id="s1_6" word="qualidade" lemma="qualidade" pos="n" morph="F S" sem="percep-f f-c" extra="--"/>
			<t id="s1_7" word="por" lemma="por" pos="prp" morph="--" extra="--"/>
			<t id="s1_8" word="ser" lemma="ser" pos="v-inf" morph="--" extra="vK mv"/>
			<t id="s1_9" word="um" lemma="um" pos="art" morph="M S" extra="--"/>
			<t id="s1_10" word="samsung" lemma="samsung" pos="n" morph="M S" extra="heur"/>
			<t id="s1_11" word="," lemma="--" pos="pu" morph="--" extra="--"/>
			<t id="s1_12" word="o_que" lemma="o_que" pos="spec" morph="M S" extra="clb rel"/>
			<t id="s1_13" word="gostei" lemma="gostar" pos="v-fin" morph="PS 1S IND VFIN" extra="nosubj nosubj cjt-STA vH mv"/>
			<t id="s1_14" word="lindo" lemma="lindo" pos="adj" morph="M S" extra="--"/>
			<t id="s1_15" word="smartphone" lemma="smartphone" pos="n" morph="M S" extra="heur foreign"/>
			<t id="s1_16" word="," lemma="--" pos="pu" morph="--" extra="--"/>
			<t id="s1_17" word="com" lemma="com" pos="prp" morph="--" extra="--"/>
			<t id="s1_18" word="ótimos" lemma="bom" pos="adj" morph="M P" extra="SUP jh"/>
			<t id="s1_19" word="aplicativos" lemma="aplicativo" pos="n" morph="M P" sem="sem-c" extra="--"/>
			<t id="s1_20" word="." lemma="--" pos="pu" morph="--" extra="--"/>
		</terminals>

		<nonterminals>
			<nt id="s1_500" cat="s">
				<edge label="STA" idref="s1_501"/>
			</nt>
			<nt id="s1_501" cat="par">
				<edge label="CJT" idref="s1_502"/>
				<edge label="PU" idref="s1_11"/>
				<edge label="CJT" idref="s1_509"/>
				<edge label="fCs" idref="s1_510"/>
				<edge label="PU" idref="s1_20"/>
			</nt>
			<nt id="s1_502" cat="fcl">
				<edge label="P" idref="s1_1"/>
				<edge label="Cs" idref="s1_503"/>
				<edge label="fA" idref="s1_506"/>
			</nt>
			<nt id="s1_503" cat="np">
				<edge label="DN" idref="s1_2"/>
				<edge label="H" idref="s1_3"/>
				<edge label="DN" idref="s1_504"/>
			</nt>
			<nt id="s1_504" cat="pp">
				<edge label="H" idref="s1_4"/>
				<edge label="DP" idref="s1_505"/>
			</nt>
			<nt id="s1_505" cat="np">
				<edge label="DN" idref="s1_5"/>
				<edge label="H" idref="s1_6"/>
			</nt>
			<nt id="s1_506" cat="pp">
				<edge label="H" idref="s1_7"/>
				<edge label="DP" idref="s1_507"/>
			</nt>
			<nt id="s1_507" cat="icl">
				<edge label="P" idref="s1_8"/>
				<edge label="Cs" idref="s1_508"/>
			</nt>
			<nt id="s1_508" cat="np">
				<edge label="DN" idref="s1_9"/>
				<edge label="H" idref="s1_10"/>
			</nt>
			<nt id="s1_509" cat="x">
				<edge label="X" idref="s1_12"/>
				<edge label="P" idref="s1_13"/>
			</nt>
			<nt id="s1_510" cat="np">
				<edge label="DN" idref="s1_14"/>
				<edge label="H" idref="s1_15"/>
				<edge label="PU" idref="s1_16"/>
				<edge label="Cs" idref="s1_511"/>
			</nt>
			<nt id="s1_511" cat="pp">
				<edge label="H" idref="s1_17"/>
				<edge label="DP" idref="s1_512"/>
			</nt>
			<nt id="s1_512" cat="np">
				<edge label="DN" idref="s1_18"/>
				<edge label="H" idref="s1_19"/>
			</nt>
		</nonterminals>
	</graph>
</s>

<s id="s2" ref="2" source="Running text" forest="1" text="vou compraz- lo.">
	<graph root="s2_500">
		<terminals>
			<t id="s2_1" word="vou" lemma="ir" pos="v-fin" morph="PR 1S IND VFIN" extra="nosubj nosubj cjt-head cjt-head-STA fmc mv"/>
			<t id="s2_2" word="compraz-" lemma="comprazer" pos="v-fin" morph="PR 3S IND VFIN" extra="nosubj nosubj cjt-STA hyfen vH fmc mv"/>
			<t id="s2_3" word="lo" lemma="ele" pos="pron-pers" morph="M 3S ACC" extra="--"/>
			<t id="s2_4" word="." lemma="--" pos="pu" morph="--" extra="--"/>
		</terminals>

		<nonterminals>
			<nt id="s2_500" cat="s">
				<edge label="STA" idref="s2_501"/>
			</nt>
			<nt id="s2_501" cat="par">
				<edge label="CJT" idref="s2_1"/>
				<edge label="CJT" idref="s2_502"/>
				<edge label="PU" idref="s2_4"/>
			</nt>
			<nt id="s2_502" cat="x">
				<edge label="P" idref="s2_2"/>
				<edge label="Od" idref="s2_3"/>
			</nt>
		</nonterminals>
	</graph>
</s>

<s id="s3" ref="3" source="Running text" forest="1" text="o que não gostei nenhum contra.">
	<graph root="s3_500">
		<terminals>
			<t id="s3_1" word="o" lemma="o" pos="pron-dem" morph="DET M S" extra="dem"/>
			<t id="s3_2" word="que" lemma="que" pos="spec" morph="M S" extra="clb clb-fs rel"/>
			<t id="s3_3" word="não" lemma="não" pos="adv" morph="--" extra="--"/>
			<t id="s3_4" word="gostei" lemma="gostar" pos="v-fin" morph="PS 1S IND VFIN" extra="vH mv np-close"/>
			<t id="s3_5" word="nenhum" lemma="nenhum" pos="pron-indef" morph="DET M S" extra="quant"/>
			<t id="s3_6" word="contra" lemma="contra" pos="adv" morph="--" extra="--"/>
			<t id="s3_7" word="." lemma="--" pos="pu" morph="--" extra="--"/>
		</terminals>

		<nonterminals>
			<nt id="s3_500" cat="s">
				<edge label="UTT" idref="s3_501"/>
			</nt>
			<nt id="s3_501" cat="x">
				<edge label="X" idref="s3_1"/>
				<edge label="DN" idref="s3_502"/>
				<edge label="S" idref="s3_2"/>
				<edge label="fA" idref="s3_3"/>
				<edge label="P" idref="s3_4"/>
				<edge label="Co" idref="s3_5"/>
				<edge label="fA" idref="s3_6"/>
				<edge label="PU" idref="s3_7"/>
			</nt>
			<nt id="s3_502" cat="fcl">
			</nt>
		</nonterminals>
	</graph>
</s>

	</body>
</corpus>
