<?xml version="1.0" encoding="UTF-8"?>
<corpus>

	<body>
<s id="s1" ref="1" source="Running text" forest="1" text="é um bom produto com capacidade adequadas para mim o que gostei o design é bonito, tem formulas interessante é desbloqueado o que não gostei não vejo ainda um contra.">
	<graph root="s1_500">
		<terminals>
			<t id="s1_1" word="é" lemma="ser" pos="v-fin" morph="PR 3S IND VFIN" extra="predco predco predco predco predco predco predco predco vK fmc mv"/>
			<t id="s1_2" word="um" lemma="um" pos="art" morph="M S" extra="--"/>
			<t id="s1_3" word="bom" lemma="bom" pos="adj" morph="M S" extra="--"/>
			<t id="s1_4" word="produto" lemma="produto" pos="n" morph="M S" sem="cc-h mon ac-cat" extra="--"/>
			<t id="s1_5" word="com" lemma="com" pos="prp" morph="--" extra="np-close"/>
			<t id="s1_6" word="capacidade" lemma="capacidade" pos="n" morph="F S" sem="am percep-f" extra="--"/>
			<t id="s1_7" word="adequadas" lemma="adequar" pos="v-pcp" morph="F P" extra="jh vH np-close"/>
			<t id="s1_8" word="para" lemma="para" pos="prp" morph="--" extra="np-close"/>
			<t id="s1_9" word="mim" lemma="eu" pos="pron-pers" morph="M/F 1S PIV" extra="--"/>
			<t id="s1_10" word="o" lemma="o" pos="pron-dem" morph="DET M S" extra="dem"/>
			<t id="s1_11" word="que" lemma="que" pos="spec" morph="M S" extra="clb clb-fs rel"/>
			<t id="s1_12" word="gostei" lemma="gostar" pos="v-fin" morph="PS 1S IND VFIN" extra="vH mv np-close"/>
			<t id="s1_13" word="o" lemma="o" pos="art" morph="M S" extra="--"/>
			<t id="s1_14" word="design" lemma="design" pos="n" morph="M S" sem="percep-f domain" extra="--"/>
			<t id="s1_15" word="é" lemma="ser" pos="v-fin" morph="PR 3S IND VFIN" extra="cjt-STA vK fmc mv"/>
			<t id="s1_16" word="bonito" lemma="bonito" pos="adj" morph="M S" extra="jh"/>
			<t id="s1_17" word="," lemma="--" pos="pu" morph="--" extra="--"/>
			<t id="s1_18" word="tem" lemma="ter" pos="v-fin" morph="PR 3S IND VFIN" extra="nosubj nosubj cjt-STA fmc mv"/>
			<t id="s1_19" word="formulas" lemma="formular" pos="v-fin" morph="PR 2S IND VFIN" extra="nosubj nosubj cjt-STA vH fmc mv"/>
			<t id="s1_20" word="interessante" lemma="interessante" pos="adj" morph="M/F S" extra="jh"/>
			<t id="s1_21" word="é" lemma="ser" pos="v-fin" morph="PR 3S IND VFIN" extra="cjt-STA fmc aux"/>
			<t id="s1_22" word="desbloqueado" lemma="desbloquear" pos="v-pcp" morph="M S" extra="vH mv"/>
			<t id="s1_23" word="o" lemma="o" pos="pron-dem" morph="DET M S" extra="dem"/>
			<t id="s1_24" word="que" lemma="que" pos="spec" morph="M S" extra="clb clb-fs rel"/>
			<t id="s1_25" word="não" lemma="não" pos="adv" morph="--" extra="--"/>
			<t id="s1_26" word="gostei" lemma="gostar" pos="v-fin" morph="PS 1S IND VFIN" extra="vH mv np-close"/>
			<t id="s1_27" word="não" lemma="não" pos="adv" morph="--" extra="--"/>
			<t id="s1_28" word="vejo" lemma="ver" pos="v-fin" morph="PR 1S IND VFIN" extra="nosubj nosubj cjt-STA vH fmc mv"/>
			<t id="s1_29" word="ainda" lemma="ainda" pos="adv" morph="--" extra="--"/>
			<t id="s1_30" word="um" lemma="um" pos="art" morph="M S" extra="--"/>
			<t id="s1_31" word="contra" lemma="contra" pos="n" morph="M S" sem="ac" extra="--"/>
			<t id="s1_32" word="." lemma="--" pos="pu" morph="--" extra="--"/>
		</terminals>

		<nonterminals>
			<nt id="s1_500" cat="s">
				<edge label="STA" idref="s1_501"/>
			</nt>
			<nt id="s1_501" cat="fcl">
				<edge label="X" idref="s1_502"/>
				<edge label="PU" idref="s1_32"/>
			</nt>
			<nt id="s1_502" cat="par">
				<edge label="CJT" idref="s1_503"/>
				<edge label="CJT" idref="s1_510"/>
				<edge label="PU" idref="s1_17"/>
				<edge label="CJT" idref="s1_18"/>
				<edge label="CJT" idref="s1_512"/>
				<edge label="CJT" idref="s1_513"/>
				<edge label="CJT" idref="s1_517"/>
			</nt>
			<nt id="s1_503" cat="x">
				<edge label="P" idref="s1_1"/>
				<edge label="Cs" idref="s1_504"/>
				<edge label="S" idref="s1_10"/>
			</nt>
			<nt id="s1_504" cat="np">
				<edge label="DN" idref="s1_2"/>
				<edge label="DN" idref="s1_3"/>
				<edge label="H" idref="s1_4"/>
				<edge label="DN" idref="s1_505"/>
			</nt>
			<nt id="s1_505" cat="pp">
				<edge label="H" idref="s1_5"/>
				<edge label="DP" idref="s1_506"/>
			</nt>
			<nt id="s1_506" cat="np">
				<edge label="H" idref="s1_6"/>
				<edge label="DNc" idref="s1_7"/>
				<edge label="DN" idref="s1_507"/>
			</nt>
			<nt id="s1_507" cat="pp">
				<edge label="H" idref="s1_8"/>
				<edge label="DP" idref="s1_508"/>
			</nt>
			<nt id="s1_508" cat="np">
				<edge label="H" idref="s1_9"/>
				<edge label="DN" idref="s1_509"/>
			</nt>
			<nt id="s1_509" cat="fcl">
				<edge label="S" idref="s1_11"/>
				<edge label="P" idref="s1_12"/>
			</nt>
			<nt id="s1_510" cat="fcl">
				<edge label="S" idref="s1_511"/>
				<edge label="P" idref="s1_15"/>
				<edge label="Cs" idref="s1_16"/>
			</nt>
			<nt id="s1_511" cat="np">
				<edge label="DN" idref="s1_13"/>
				<edge label="H" idref="s1_14"/>
				<secedge label="*" idref="s1_516"/>
			</nt>
			<nt id="s1_512" cat="x">
				<edge label="P" idref="s1_19"/>
				<edge label="Od" idref="s1_20"/>
			</nt>
			<nt id="s1_513" cat="fcl">
				<edge label="P" idref="s1_514"/>
				<edge label="S" idref="s1_23"/>
				<edge label="S" idref="s1_515"/>
			</nt>
			<nt id="s1_514" cat="vp">
				<edge label="Vaux" idref="s1_21"/>
				<edge label="Vm" idref="s1_22"/>
			</nt>
			<nt id="s1_515" cat="np">
				<edge label="DN" idref="s1_516"/>
			</nt>
			<nt id="s1_516" cat="fcl">
				<edge label="S" idref="s1_24"/>
				<edge label="fA" idref="s1_25"/>
				<edge label="P" idref="s1_26"/>
				<edge label="fA" idref="s1_27"/>
			</nt>
			<nt id="s1_517" cat="x">
				<edge label="P" idref="s1_28"/>
				<edge label="Od" idref="s1_518"/>
			</nt>
			<nt id="s1_518" cat="np">
				<edge label="DN" idref="s1_29"/>
				<edge label="DN" idref="s1_30"/>
				<edge label="H" idref="s1_31"/>
			</nt>
		</nonterminals>
	</graph>
</s>

	</body>
</corpus>
