<?xml version="1.0" encoding="UTF-8"?>
<corpus>

	<body>
<s id="s1" ref="1" source="Running text" forest="1" text="não encontro fones para reposição e nem autorizada para consertar este abacaxi.">
	<graph root="s1_500">
		<terminals>
			<t id="s1_1" word="não" lemma="não" pos="adv" morph="--" extra="--"/>
			<t id="s1_2" word="encontro" lemma="encontrar" pos="v-fin" morph="PR 1S IND VFIN" extra="vH fmc mv"/>
			<t id="s1_3" word="fones" lemma="fone" pos="n" morph="M P" sem="ac-cat tool" extra="--"/>
			<t id="s1_4" word="para" lemma="para" pos="prp" morph="--" extra="--"/>
			<t id="s1_5" word="reposição" lemma="reposição" pos="n" morph="F S" sem="act" extra="cjt-head cjt-head-DP"/>
			<t id="s1_6" word="e" lemma="e" pos="conj-c" morph="--" extra="--"/>
			<t id="s1_7" word="nem" lemma="nem" pos="conj-c" morph="--" extra="--"/>
			<t id="s1_8" word="autorizada" lemma="autorizar" pos="v-pcp" morph="F S" extra="cjt-DP jh vH"/>
			<t id="s1_9" word="para" lemma="para" pos="prp" morph="--" extra="--"/>
			<t id="s1_10" word="consertar" lemma="consertar" pos="v-inf" morph="--" extra="vH mv"/>
			<t id="s1_11" word="este" lemma="este" pos="pron-dem" morph="DET M S" extra="dem"/>
			<t id="s1_12" word="abacaxi" lemma="abacaxi" pos="n" morph="M S" sem="fruit" extra="--"/>
			<t id="s1_13" word="." lemma="--" pos="pu" morph="--" extra="--"/>
		</terminals>

		<nonterminals>
			<nt id="s1_500" cat="s">
				<edge label="STA" idref="s1_501"/>
			</nt>
			<nt id="s1_501" cat="fcl">
				<edge label="fA" idref="s1_1"/>
				<edge label="P" idref="s1_2"/>
				<edge label="Od" idref="s1_3"/>
				<edge label="fA" idref="s1_502"/>
				<edge label="fA" idref="s1_504"/>
				<edge label="PU" idref="s1_13"/>
			</nt>
			<nt id="s1_502" cat="pp">
				<edge label="H" idref="s1_4"/>
				<edge label="DP" idref="s1_503"/>
			</nt>
			<nt id="s1_503" cat="par">
				<edge label="CJT" idref="s1_5"/>
				<edge label="CO" idref="s1_6"/>
				<edge label="CO" idref="s1_7"/>
				<edge label="CJT" idref="s1_8"/>
			</nt>
			<nt id="s1_504" cat="pp">
				<edge label="H" idref="s1_9"/>
				<edge label="DP" idref="s1_505"/>
			</nt>
			<nt id="s1_505" cat="icl">
				<edge label="P" idref="s1_10"/>
				<edge label="Od" idref="s1_506"/>
			</nt>
			<nt id="s1_506" cat="np">
				<edge label="DN" idref="s1_11"/>
				<edge label="H" idref="s1_12"/>
			</nt>
		</nonterminals>
	</graph>
</s>

<s id="s2" ref="2" source="Running text" forest="1" text="gradiente, nunca mais!!!">
	<graph root="s2_500">
		<terminals>
			<t id="s2_1" word="gradiente" lemma="gradiente" pos="n" morph="M S" sem="percep-f" extra="--"/>
			<t id="s2_2" word="," lemma="--" pos="pu" morph="--" extra="--"/>
			<t id="s2_3" word="nunca" lemma="nunca" pos="adv" morph="--" extra="--"/>
			<t id="s2_4" word="mais" lemma="mais" pos="adv" morph="--" extra="--"/>
			<t id="s2_5" word="!" lemma="--" pos="pu" morph="--" extra="--"/>
			<t id="s2_6" word="!" lemma="--" pos="pu" morph="--" extra="--"/>
			<t id="s2_7" word="!" lemma="--" pos="pu" morph="--" extra="--"/>
		</terminals>

		<nonterminals>
			<nt id="s2_500" cat="s">
				<edge label="X" idref="s2_501"/>
			</nt>
			<nt id="s2_501" cat="np">
				<edge label="H" idref="s2_1"/>
				<edge label="PU" idref="s2_2"/>
				<edge label="fA" idref="s2_3"/>
				<edge label="fA" idref="s2_4"/>
				<edge label="PU" idref="s2_5"/>
				<edge label="PU" idref="s2_6"/>
				<edge label="PU" idref="s2_7"/>
			</nt>
		</nonterminals>
	</graph>
</s>

<s id="s3" ref="3" source="Running text" forest="1" text="o que gostei tocador de mp3 o que não gostei display ruim, fotos péssimas, extremamente frágil.">
	<graph root="s3_500">
		<terminals>
			<t id="s3_1" word="o" lemma="o" pos="pron-dem" morph="DET M S" extra="dem"/>
			<t id="s3_2" word="que" lemma="que" pos="spec" morph="M S" extra="clb rel"/>
			<t id="s3_3" word="gostei" lemma="gostar" pos="v-fin" morph="PS 1S IND VFIN" extra="vH mv"/>
			<t id="s3_4" word="tocador" lemma="tocador" pos="n" morph="M S" sem="Hprof" extra="--"/>
			<t id="s3_5" word="de" lemma="de" pos="prp" morph="--" extra="np-close"/>
			<t id="s3_6" word="mp3" lemma="mp3" pos="n" morph="M S" extra="heur"/>
			<t id="s3_7" word="o_que" lemma="o_que" pos="spec" morph="M S" extra="clb clb-fs rel"/>
			<t id="s3_8" word="não" lemma="não" pos="adv" morph="--" extra="--"/>
			<t id="s3_9" word="gostei" lemma="gostar" pos="v-fin" morph="PS 1S IND VFIN" extra="vH mv np-close"/>
			<t id="s3_10" word="display" lemma="display" pos="n" morph="M S" sem="furn" extra="--"/>
			<t id="s3_11" word="ruim" lemma="ruim" pos="adj" morph="M S" extra="np-close"/>
			<t id="s3_12" word="," lemma="--" pos="pu" morph="--" extra="--"/>
			<t id="s3_13" word="fotos" lemma="foto" pos="n" morph="F P" sem="pict" extra="np-close"/>
			<t id="s3_14" word="péssimas" lemma="mal" pos="adj" morph="F P" extra="SUP np-close"/>
			<t id="s3_15" word="," lemma="--" pos="pu" morph="--" extra="--"/>
			<t id="s3_16" word="extremamente" lemma="extremamente" pos="adv" morph="--" extra="quant"/>
			<t id="s3_17" word="frágil" lemma="frágil" pos="adj" morph="M/F S" extra="np-close"/>
			<t id="s3_18" word="." lemma="--" pos="pu" morph="--" extra="--"/>
		</terminals>

		<nonterminals>
			<nt id="s3_500" cat="s">
				<edge label="X" idref="s3_501"/>
			</nt>
			<nt id="s3_501" cat="adjp">
				<edge label="H" idref="s3_1"/>
				<edge label="STA" idref="s3_502"/>
				<edge label="PU" idref="s3_18"/>
			</nt>
			<nt id="s3_502" cat="fcl">
				<edge label="X" idref="s3_2"/>
				<edge label="P" idref="s3_3"/>
				<edge label="S" idref="s3_503"/>
			</nt>
			<nt id="s3_503" cat="np">
				<edge label="H" idref="s3_4"/>
				<edge label="DN" idref="s3_504"/>
			</nt>
			<nt id="s3_504" cat="pp">
				<edge label="H" idref="s3_5"/>
				<edge label="DP" idref="s3_505"/>
			</nt>
			<nt id="s3_505" cat="np">
				<edge label="H" idref="s3_6"/>
				<edge label="DN" idref="s3_506"/>
			</nt>
			<nt id="s3_506" cat="fcl">
				<edge label="Od" idref="s3_7"/>
				<edge label="fA" idref="s3_8"/>
				<edge label="P" idref="s3_9"/>
				<edge label="S" idref="s3_507"/>
			</nt>
			<nt id="s3_507" cat="np">
				<edge label="H" idref="s3_10"/>
				<edge label="DN" idref="s3_11"/>
				<edge label="PU" idref="s3_12"/>
				<edge label="DNc" idref="s3_508"/>
			</nt>
			<nt id="s3_508" cat="np">
				<edge label="H" idref="s3_13"/>
				<edge label="DN" idref="s3_14"/>
				<edge label="PU" idref="s3_15"/>
				<edge label="DNc" idref="s3_509"/>
			</nt>
			<nt id="s3_509" cat="adjp">
				<edge label="DA" idref="s3_16"/>
				<edge label="H" idref="s3_17"/>
			</nt>
		</nonterminals>
	</graph>
</s>

<s id="s4" ref="4" source="Running text" forest="1" text="em number meses já queimou o fone, quebrou a fêmea do carregador, e a usb parou de funcionar..">
	<graph root="s4_500">
		<terminals>
			<t id="s4_1" word="em" lemma="em" pos="prp" morph="--" extra="--"/>
			<t id="s4_2" word="number" lemma="number" pos="n" morph="M S" extra="heur"/>
			<t id="s4_3" word="meses" lemma="mês" pos="n" morph="M P" sem="dur per unit" extra="--"/>
			<t id="s4_4" word="já" lemma="já" pos="adv" morph="--" extra="--"/>
			<t id="s4_5" word="queimou" lemma="queimar" pos="v-fin" morph="PS 3S IND VFIN" extra="nosubj nosubj nosubj nosubj cjt-head cjt-head-STA fmc mv"/>
			<t id="s4_6" word="o" lemma="o" pos="art" morph="M S" extra="--"/>
			<t id="s4_7" word="fone" lemma="fone" pos="n" morph="M S" sem="ac-cat tool" extra="--"/>
			<t id="s4_8" word="," lemma="--" pos="pu" morph="--" extra="--"/>
			<t id="s4_9" word="quebrou" lemma="quebrar" pos="v-fin" morph="PS 3S IND VFIN" extra="nosubj nosubj cjt-STA fmc mv"/>
			<t id="s4_10" word="a" lemma="o" pos="art" morph="F S" extra="--"/>
			<t id="s4_11" word="fêmea" lemma="fêmea" pos="n" morph="F S" sem="A cc" extra="--"/>
			<t id="s4_12" word="de" lemma="de" pos="prp" morph="--" extra="sam- np-close"/>
			<t id="s4_13" word="o" lemma="o" pos="art" morph="M S" extra="-sam "/>
			<t id="s4_14" word="carregador" lemma="carregador" pos="n" morph="M S" sem="Hprof con" extra="--"/>
			<t id="s4_15" word="," lemma="--" pos="pu" morph="--" extra="--"/>
			<t id="s4_16" word="e" lemma="e" pos="conj-c" morph="--" extra="clb"/>
			<t id="s4_17" word="a" lemma="o" pos="art" morph="F S" extra="--"/>
			<t id="s4_18" word="usb" lemma="usb" pos="n" morph="F S" extra="heur"/>
			<t id="s4_19" word="parou" lemma="parar" pos="v-fin" morph="PS 3S IND VFIN" extra="cjt-STA fmc aux"/>
			<t id="s4_20" word="de" lemma="de" pos="prp" morph="--" extra="--"/>
			<t id="s4_21" word="funcionar" lemma="funcionar" pos="v-inf" morph="--" extra="mv"/>
			<t id="s4_22" word="." lemma="--" pos="pu" morph="--" extra="--"/>
			<t id="s4_23" word="." lemma="--" pos="pu" morph="--" extra="--"/>
		</terminals>

		<nonterminals>
			<nt id="s4_500" cat="s">
				<edge label="STA" idref="s4_501"/>
			</nt>
			<nt id="s4_501" cat="par">
				<edge label="CJT" idref="s4_502"/>
				<edge label="PU" idref="s4_8"/>
				<edge label="CJT" idref="s4_505"/>
				<edge label="PU" idref="s4_15"/>
				<edge label="CO" idref="s4_16"/>
				<edge label="CJT" idref="s4_509"/>
				<edge label="PU" idref="s4_22"/>
				<edge label="PU" idref="s4_23"/>
			</nt>
			<nt id="s4_502" cat="fcl">
				<edge label="fA" idref="s4_503"/>
				<edge label="fCs" idref="s4_3"/>
				<edge label="fA" idref="s4_4"/>
				<edge label="P" idref="s4_5"/>
				<edge label="Od" idref="s4_504"/>
			</nt>
			<nt id="s4_503" cat="pp">
				<edge label="H" idref="s4_1"/>
				<edge label="DP" idref="s4_2"/>
			</nt>
			<nt id="s4_504" cat="np">
				<edge label="DN" idref="s4_6"/>
				<edge label="H" idref="s4_7"/>
			</nt>
			<nt id="s4_505" cat="x">
				<edge label="P" idref="s4_9"/>
				<edge label="Od" idref="s4_506"/>
			</nt>
			<nt id="s4_506" cat="np">
				<edge label="DN" idref="s4_10"/>
				<edge label="H" idref="s4_11"/>
				<edge label="DN" idref="s4_507"/>
			</nt>
			<nt id="s4_507" cat="pp">
				<edge label="H" idref="s4_12"/>
				<edge label="DP" idref="s4_508"/>
			</nt>
			<nt id="s4_508" cat="np">
				<edge label="DN" idref="s4_13"/>
				<edge label="H" idref="s4_14"/>
			</nt>
			<nt id="s4_509" cat="fcl">
				<edge label="S" idref="s4_510"/>
				<edge label="P" idref="s4_511"/>
			</nt>
			<nt id="s4_510" cat="np">
				<edge label="DN" idref="s4_17"/>
				<edge label="H" idref="s4_18"/>
			</nt>
			<nt id="s4_511" cat="vp">
				<edge label="Vaux" idref="s4_19"/>
				<edge label="SUBaux" idref="s4_20"/>
				<edge label="Vm" idref="s4_21"/>
			</nt>
		</nonterminals>
	</graph>
</s>

	</body>
</corpus>
