<?xml version="1.0" encoding="UTF-8"?>
<corpus>

	<body>
<s id="s1" ref="1" source="Running text" forest="1" text="ainda não possuo o meu, mais vi o de uma amiga e achais lindo, moderno, menor do que eu pensava, e por o que pude ver bastante prático o que gostei moderno, bonito, facilita muito o uso do messenger o que não gostei o preço, estou esperando uma promoção para adquirir o meu.">
	<graph root="s1_500">
		<terminals>
			<t id="s1_1" word="ainda" lemma="ainda" pos="adv" morph="--" extra="--"/>
			<t id="s1_2" word="não" lemma="não" pos="adv" morph="--" extra="--"/>
			<t id="s1_3" word="possuo" lemma="possuir" pos="v-fin" morph="PR 1S IND VFIN" extra="nosubj nosubj nosubj nosubj nosubj nosubj nosubj nosubj nosubj nosubj nosubj nosubj cjt-head cjt-head-STA vH fmc mv"/>
			<t id="s1_4" word="o" lemma="o" pos="art" morph="M S" extra="--"/>
			<t id="s1_5" word="meu" lemma="meu" pos="pron-poss" morph="DET M S" extra="poss 1S"/>
			<t id="s1_6" word="," lemma="--" pos="pu" morph="--" extra="--"/>
			<t id="s1_7" word="mais" lemma="muito" pos="pron-indef" morph="DET M/F S/P" extra="quant KOMP"/>
			<t id="s1_8" word="vi" lemma="ver" pos="v-fin" morph="PS 1S IND VFIN" extra="cjt-STA vH fmc mv"/>
			<t id="s1_9" word="o" lemma="o" pos="pron-dem" morph="DET M S" extra="dem"/>
			<t id="s1_10" word="de" lemma="de" pos="prp" morph="--" extra="np-close"/>
			<t id="s1_11" word="uma" lemma="um" pos="art" morph="F S" extra="--"/>
			<t id="s1_12" word="amiga" lemma="amiga" pos="n" morph="F S" sem="Hfam" extra="--"/>
			<t id="s1_13" word="e" lemma="e" pos="conj-c" morph="--" extra="--"/>
			<t id="s1_14" word="achais" lemma="achar" pos="v-fin" morph="PR 2P IND VFIN" extra="nosubj nosubj cjt-STA vH fmc mv"/>
			<t id="s1_15" word="lindo" lemma="lindo" pos="adj" morph="M S" extra="jh"/>
			<t id="s1_16" word="," lemma="--" pos="pu" morph="--" extra="--"/>
			<t id="s1_17" word="moderno" lemma="moderno" pos="adj" morph="M S" extra="np-close"/>
			<t id="s1_18" word="," lemma="--" pos="pu" morph="--" extra="--"/>
			<t id="s1_19" word="menor" lemma="pequeno" pos="adj" morph="M/F S" extra="KOMP np-close"/>
			<t id="s1_20" word="do_que" lemma="do_que" pos="conj-s" morph="--" extra="clb clb-fs"/>
			<t id="s1_21" word="eu" lemma="eu" pos="pron-pers" morph="M/F 1S NOM" extra="--"/>
			<t id="s1_22" word="pensava" lemma="pensar" pos="v-fin" morph="IMPF 1S IND VFIN" extra="vH mv"/>
			<t id="s1_23" word="," lemma="--" pos="pu" morph="--" extra="--"/>
			<t id="s1_24" word="e" lemma="e" pos="conj-c" morph="--" extra="--"/>
			<t id="s1_25" word="por" lemma="por" pos="prp" morph="--" extra="sam-"/>
			<t id="s1_26" word="o_que" lemma="o_que" pos="spec" morph="M S" extra="interr"/>
			<t id="s1_27" word="pude" lemma="poder" pos="v-fin" morph="PS 1S IND VFIN" extra="nosubj nosubj cjt-STA fmc aux"/>
			<t id="s1_28" word="ver" lemma="ver" pos="v-inf" morph="--" extra="vH mv"/>
			<t id="s1_29" word="bastante" lemma="bastante" pos="adv" morph="--" extra="quant"/>
			<t id="s1_30" word="prático" lemma="prático" pos="adj" morph="M S" extra="jh"/>
			<t id="s1_31" word="o_que" lemma="o_que" pos="spec" morph="M S" extra="clb interr"/>
			<t id="s1_32" word="gostei" lemma="gostar" pos="v-fin" morph="PS 1S IND VFIN" extra="nosubj nosubj cjt-STA vH mv"/>
			<t id="s1_33" word="moderno" lemma="moderno" pos="adj" morph="M S" extra="--"/>
			<t id="s1_34" word="," lemma="--" pos="pu" morph="--" extra="--"/>
			<t id="s1_35" word="bonito" lemma="bonito" pos="adj" morph="M S" extra="--"/>
			<t id="s1_36" word="," lemma="--" pos="pu" morph="--" extra="--"/>
			<t id="s1_37" word="facilita" lemma="facilitar" pos="v-fin" morph="PR 3S IND VFIN" extra="nosubj nosubj cjt-STA vH fmc mv"/>
			<t id="s1_38" word="muito" lemma="muito" pos="adv" morph="--" extra="quant"/>
			<t id="s1_39" word="o" lemma="o" pos="art" morph="M S" extra="--"/>
			<t id="s1_40" word="uso" lemma="uso" pos="n" morph="M S" sem="act ac" extra="--"/>
			<t id="s1_41" word="de" lemma="de" pos="prp" morph="--" extra="sam- np-close"/>
			<t id="s1_42" word="o" lemma="o" pos="art" morph="M S" extra="-sam "/>
			<t id="s1_43" word="messenger" lemma="messenger" pos="n" morph="M S" extra="heur"/>
			<t id="s1_44" word="o" lemma="o" pos="pron-dem" morph="DET M S" extra="dem"/>
			<t id="s1_45" word="que" lemma="que" pos="spec" morph="M S" extra="clb clb-fs rel"/>
			<t id="s1_46" word="não" lemma="não" pos="adv" morph="--" extra="--"/>
			<t id="s1_47" word="gostei" lemma="gostar" pos="v-fin" morph="PS 1S IND VFIN" extra="vH mv np-close"/>
			<t id="s1_48" word="o" lemma="o" pos="art" morph="M S" extra="--"/>
			<t id="s1_49" word="preço" lemma="preço" pos="n" morph="M S" sem="f-q" extra="--"/>
			<t id="s1_50" word="," lemma="--" pos="pu" morph="--" extra="--"/>
			<t id="s1_51" word="estou" lemma="estar" pos="v-fin" morph="PR 1S IND VFIN" extra="cjt-STA fmc aux"/>
			<t id="s1_52" word="esperando" lemma="esperar" pos="v-ger" morph="--" extra="clb vH mv"/>
			<t id="s1_53" word="uma" lemma="um" pos="art" morph="F S" extra="--"/>
			<t id="s1_54" word="promoção" lemma="promoção" pos="n" morph="F S" sem="act" extra="--"/>
			<t id="s1_55" word="para" lemma="para" pos="prp" morph="--" extra="--"/>
			<t id="s1_56" word="adquirir" lemma="adquirir" pos="v-inf" morph="--" extra="vH mv"/>
			<t id="s1_57" word="o" lemma="o" pos="art" morph="M S" extra="--"/>
			<t id="s1_58" word="meu" lemma="meu" pos="pron-poss" morph="DET M S" extra="poss 1S"/>
			<t id="s1_59" word="." lemma="--" pos="pu" morph="--" extra="--"/>
		</terminals>

		<nonterminals>
			<nt id="s1_500" cat="s">
				<edge label="STA" idref="s1_501"/>
			</nt>
			<nt id="s1_501" cat="par">
				<edge label="CJT" idref="s1_502"/>
				<edge label="CJT" idref="s1_504"/>
				<edge label="PU" idref="s1_6"/>
				<edge label="CJT" idref="s1_506"/>
				<edge label="DN" idref="s1_507"/>
				<edge label="CJT" idref="s1_509"/>
				<edge label="CJT" idref="s1_513"/>
				<edge label="PU" idref="s1_36"/>
				<edge label="CJT" idref="s1_516"/>
				<edge label="CJT" idref="s1_520"/>
				<edge label="PU" idref="s1_59"/>
			</nt>
			<nt id="s1_502" cat="fcl">
				<edge label="fA" idref="s1_503"/>
				<edge label="P" idref="s1_3"/>
			</nt>
			<nt id="s1_503" cat="advp">
				<edge label="DA" idref="s1_1"/>
				<edge label="H" idref="s1_2"/>
			</nt>
			<nt id="s1_504" cat="x">
				<edge label="X" idref="s1_505"/>
				<edge label="Od" idref="s1_5"/>
			</nt>
			<nt id="s1_505" cat="np">
				<edge label="DN" idref="s1_4"/>
			</nt>
			<nt id="s1_506" cat="fcl">
				<edge label="S" idref="s1_7"/>
				<edge label="P" idref="s1_8"/>
				<edge label="Od" idref="s1_9"/>
			</nt>
			<nt id="s1_507" cat="pp">
				<edge label="H" idref="s1_10"/>
				<edge label="DP" idref="s1_508"/>
			</nt>
			<nt id="s1_508" cat="np">
				<edge label="DN" idref="s1_11"/>
				<edge label="H" idref="s1_12"/>
				<edge label="CO" idref="s1_13"/>
				<edge label="PU" idref="s1_16"/>
				<edge label="DNc" idref="s1_17"/>
				<edge label="PU" idref="s1_18"/>
				<edge label="DNc" idref="s1_510"/>
				<edge label="PU" idref="s1_23"/>
				<edge label="CO" idref="s1_24"/>
				<edge label="FOC" idref="s1_512"/>
			</nt>
			<nt id="s1_509" cat="x">
				<edge label="P" idref="s1_14"/>
				<edge label="Co" idref="s1_15"/>
			</nt>
			<nt id="s1_510" cat="adjp">
				<edge label="H" idref="s1_19"/>
				<edge label="DAcom" idref="s1_511"/>
			</nt>
			<nt id="s1_511" cat="fcl">
				<edge label="COM" idref="s1_20"/>
				<edge label="S" idref="s1_21"/>
				<edge label="P" idref="s1_22"/>
			</nt>
			<nt id="s1_512" cat="pp">
			</nt>
			<nt id="s1_513" cat="x">
				<edge label="P" idref="s1_514"/>
				<edge label="Co" idref="s1_515"/>
				<edge label="P" idref="s1_32"/>
				<edge label="fCs" idref="s1_33"/>
				<edge label="PU" idref="s1_34"/>
				<edge label="fCs" idref="s1_35"/>
			</nt>
			<nt id="s1_514" cat="vp">
				<edge label="Vaux" idref="s1_27"/>
				<edge label="Vm" idref="s1_28"/>
			</nt>
			<nt id="s1_515" cat="adjp">
				<edge label="DA" idref="s1_29"/>
				<edge label="H" idref="s1_30"/>
				<edge label="H" idref="s1_31"/>
			</nt>
			<nt id="s1_516" cat="x">
				<edge label="P" idref="s1_37"/>
				<edge label="fA" idref="s1_38"/>
				<edge label="Od" idref="s1_517"/>
			</nt>
			<nt id="s1_517" cat="np">
				<edge label="DN" idref="s1_39"/>
				<edge label="H" idref="s1_40"/>
				<edge label="DN" idref="s1_518"/>
			</nt>
			<nt id="s1_518" cat="pp">
				<edge label="H" idref="s1_41"/>
				<edge label="DP" idref="s1_519"/>
			</nt>
			<nt id="s1_519" cat="np">
				<edge label="DN" idref="s1_42"/>
				<edge label="H" idref="s1_43"/>
				<edge label="DN" idref="s1_521"/>
			</nt>
			<nt id="s1_520" cat="fcl">
				<edge label="S" idref="s1_44"/>
				<edge label="fCs" idref="s1_522"/>
				<edge label="PU" idref="s1_50"/>
				<edge label="P" idref="s1_523"/>
				<edge label="Od" idref="s1_524"/>
				<edge label="fA" idref="s1_525"/>
			</nt>
			<nt id="s1_521" cat="fcl">
				<edge label="S" idref="s1_45"/>
				<edge label="fA" idref="s1_46"/>
				<edge label="P" idref="s1_47"/>
			</nt>
			<nt id="s1_522" cat="np">
				<edge label="DN" idref="s1_48"/>
				<edge label="H" idref="s1_49"/>
			</nt>
			<nt id="s1_523" cat="vp">
				<edge label="Vaux" idref="s1_51"/>
				<edge label="Vm" idref="s1_52"/>
			</nt>
			<nt id="s1_524" cat="np">
				<edge label="DN" idref="s1_53"/>
				<edge label="H" idref="s1_54"/>
			</nt>
			<nt id="s1_525" cat="pp">
				<edge label="H" idref="s1_55"/>
				<edge label="DP" idref="s1_526"/>
				<edge label="DN" idref="s1_57"/>
			</nt>
			<nt id="s1_526" cat="icl">
				<edge label="P" idref="s1_56"/>
				<edge label="Od" idref="s1_58"/>
			</nt>
		</nonterminals>
	</graph>
</s>

	</body>
</corpus>
