<?xml version="1.0" encoding="UTF-8"?>
<corpus>

	<body>
<s id="s1" ref="1" source="Running text" forest="1" text="recomendo para clientes não muito exigentes, e que tem uma câmera digital, pois a desde produto não supre esta necessidade.">
	<graph root="s1_500">
		<terminals>
			<t id="s1_1" word="recomendo" lemma="recomendar" pos="v-fin" morph="PR 1S IND VFIN" extra="nosubj nosubj cjt-head cjt-head-STA vH fmc mv"/>
			<t id="s1_2" word="para" lemma="para" pos="prp" morph="--" extra="--"/>
			<t id="s1_3" word="clientes" lemma="cliente" pos="n" morph="M/F P" sem="Hattr" extra="--"/>
			<t id="s1_4" word="não" lemma="não" pos="adv" morph="--" extra="--"/>
			<t id="s1_5" word="muito" lemma="muito" pos="adv" morph="--" extra="quant"/>
			<t id="s1_6" word="exigentes" lemma="exigente" pos="adj" morph="M/F P" extra="jh"/>
			<t id="s1_7" word="," lemma="--" pos="pu" morph="--" extra="--"/>
			<t id="s1_8" word="e" lemma="e" pos="conj-c" morph="--" extra="--"/>
			<t id="s1_9" word="que" lemma="que" pos="spec" morph="M S" extra="clb rel"/>
			<t id="s1_10" word="tem" lemma="ter" pos="v-fin" morph="PR 3S IND VFIN" extra="cjt-STA mv"/>
			<t id="s1_11" word="uma" lemma="um" pos="art" morph="F S" extra="--"/>
			<t id="s1_12" word="câmera" lemma="c�=mera" pos="n" morph="F S" sem="tool" extra="--"/>
			<t id="s1_13" word="digital" lemma="digital" pos="adj" morph="F S" extra="nh np-close"/>
			<t id="s1_14" word="," lemma="--" pos="pu" morph="--" extra="--"/>
			<t id="s1_15" word="pois" lemma="pois" pos="conj-s" morph="--" extra="clb"/>
			<t id="s1_16" word="a" lemma="o" pos="pron-dem" morph="DET F S" extra="dem"/>
			<t id="s1_17" word="desde" lemma="desde" pos="prp" morph="--" extra="np-close"/>
			<t id="s1_18" word="produto" lemma="produto" pos="n" morph="M S" sem="cc-h mon ac-cat" extra="--"/>
			<t id="s1_19" word="não" lemma="não" pos="adv" morph="--" extra="--"/>
			<t id="s1_20" word="supre" lemma="suprir" pos="v-fin" morph="PR 3S IND VFIN" extra="nosubj nosubj cjt-STA vH fmc mv"/>
			<t id="s1_21" word="esta" lemma="este" pos="pron-dem" morph="DET F S" extra="dem"/>
			<t id="s1_22" word="necessidade" lemma="necessidade" pos="n" morph="F S" sem="am sit" extra="--"/>
			<t id="s1_23" word="." lemma="--" pos="pu" morph="--" extra="--"/>
		</terminals>

		<nonterminals>
			<nt id="s1_500" cat="s">
				<edge label="STA" idref="s1_501"/>
			</nt>
			<nt id="s1_501" cat="par">
				<edge label="CJT" idref="s1_502"/>
				<edge label="CJT" idref="s1_506"/>
				<edge label="PU" idref="s1_14"/>
				<edge label="CJT" idref="s1_508"/>
				<edge label="PU" idref="s1_23"/>
			</nt>
			<nt id="s1_502" cat="fcl">
				<edge label="P" idref="s1_1"/>
				<edge label="fA" idref="s1_503"/>
				<edge label="fCs" idref="s1_504"/>
			</nt>
			<nt id="s1_503" cat="pp">
				<edge label="H" idref="s1_2"/>
				<edge label="DP" idref="s1_3"/>
			</nt>
			<nt id="s1_504" cat="adjp">
				<edge label="DA" idref="s1_505"/>
				<edge label="H" idref="s1_6"/>
			</nt>
			<nt id="s1_505" cat="advp">
				<edge label="DA" idref="s1_4"/>
				<edge label="H" idref="s1_5"/>
				<edge label="PU" idref="s1_7"/>
				<edge label="CO" idref="s1_8"/>
			</nt>
			<nt id="s1_506" cat="fcl">
				<edge label="X" idref="s1_9"/>
				<edge label="P" idref="s1_10"/>
				<edge label="Od" idref="s1_507"/>
				<edge label="H" idref="s1_12"/>
			</nt>
			<nt id="s1_507" cat="np">
				<edge label="DN" idref="s1_11"/>
				<edge label="DN" idref="s1_13"/>
				<edge label="DN" idref="s1_509"/>
			</nt>
			<nt id="s1_508" cat="x">
				<edge label="fA" idref="s1_15"/>
				<edge label="S" idref="s1_16"/>
				<edge label="fA" idref="s1_19"/>
				<edge label="P" idref="s1_20"/>
				<edge label="Od" idref="s1_510"/>
			</nt>
			<nt id="s1_509" cat="pp">
				<edge label="H" idref="s1_17"/>
				<edge label="DP" idref="s1_18"/>
			</nt>
			<nt id="s1_510" cat="np">
				<edge label="DN" idref="s1_21"/>
				<edge label="H" idref="s1_22"/>
			</nt>
		</nonterminals>
	</graph>
</s>

<s id="s2" ref="2" source="Running text" forest="1" text="o que gostei segundo as especificações, é um dos mais completos paginação da motorola.">
	<graph root="s2_500">
		<terminals>
			<t id="s2_1" word="o" lemma="o" pos="pron-dem" morph="DET M S" extra="dem"/>
			<t id="s2_2" word="que" lemma="que" pos="spec" morph="M S" extra="clb clb-fs rel"/>
			<t id="s2_3" word="gostei" lemma="gostar" pos="v-fin" morph="PS 1S IND VFIN" extra="vH mv np-close"/>
			<t id="s2_4" word="segundo" lemma="segundo" pos="prp" morph="--" extra="com adv-rel"/>
			<t id="s2_5" word="as" lemma="o" pos="art" morph="F P" extra="--"/>
			<t id="s2_6" word="especificações" lemma="especificação" pos="n" morph="F P" sem="act" extra="asarg"/>
			<t id="s2_7" word="," lemma="--" pos="pu" morph="--" extra="--"/>
			<t id="s2_8" word="é" lemma="ser" pos="v-fin" morph="PR 3S IND VFIN" extra="vK fmc mv"/>
			<t id="s2_9" word="um" lemma="um" pos="num" morph="M S" extra="card"/>
			<t id="s2_10" word="de" lemma="de" pos="prp" morph="--" extra="sam- np-close"/>
			<t id="s2_11" word="os" lemma="o" pos="art" morph="M P" extra="-sam "/>
			<t id="s2_12" word="mais" lemma="mais" pos="adv" morph="--" extra="quant KOMP"/>
			<t id="s2_13" word="completos" lemma="completo" pos="adj" morph="M P" extra="nh"/>
			<t id="s2_14" word="paginação" lemma="paginação" pos="n" morph="F S" sem="act" extra="--"/>
			<t id="s2_15" word="de" lemma="de" pos="prp" morph="--" extra="sam- np-close"/>
			<t id="s2_16" word="a" lemma="o" pos="art" morph="F S" extra="-sam "/>
			<t id="s2_17" word="motorola" lemma="motorola" pos="n" morph="F S" sem="Aorn" extra="DERP"/>
			<t id="s2_18" word="." lemma="--" pos="pu" morph="--" extra="--"/>
		</terminals>

		<nonterminals>
			<nt id="s2_500" cat="s">
				<edge label="UTT" idref="s2_501"/>
			</nt>
			<nt id="s2_501" cat="x">
				<edge label="DN" idref="s2_503"/>
				<edge label="S" idref="s2_2"/>
				<edge label="P" idref="s2_3"/>
				<edge label="fA" idref="s2_504"/>
				<edge label="PU" idref="s2_18"/>
			</nt>
			<nt id="s2_502" cat="fcl">
				<edge label="S" idref="s2_1"/>
			</nt>
			<nt id="s2_503" cat="fcl">
			</nt>
			<nt id="s2_504" cat="pp">
				<edge label="H" idref="s2_4"/>
				<edge label="DP" idref="s2_505"/>
			</nt>
			<nt id="s2_505" cat="np">
				<edge label="DN" idref="s2_5"/>
				<edge label="H" idref="s2_6"/>
				<edge label="PU" idref="s2_7"/>
				<edge label="P" idref="s2_8"/>
				<edge label="Cs" idref="s2_9"/>
				<edge label="DN" idref="s2_506"/>
			</nt>
			<nt id="s2_506" cat="pp">
				<edge label="H" idref="s2_10"/>
				<edge label="DP" idref="s2_507"/>
			</nt>
			<nt id="s2_507" cat="np">
				<edge label="DN" idref="s2_11"/>
				<edge label="DN" idref="s2_508"/>
				<edge label="H" idref="s2_14"/>
				<edge label="DN" idref="s2_509"/>
			</nt>
			<nt id="s2_508" cat="adjp">
				<edge label="DA" idref="s2_12"/>
				<edge label="H" idref="s2_13"/>
			</nt>
			<nt id="s2_509" cat="pp">
				<edge label="H" idref="s2_15"/>
				<edge label="DP" idref="s2_510"/>
			</nt>
			<nt id="s2_510" cat="np">
				<edge label="DN" idref="s2_16"/>
				<edge label="H" idref="s2_17"/>
			</nt>
		</nonterminals>
	</graph>
</s>

<s id="s3" ref="3" source="Running text" forest="1" text="o que não gostei camera com baixa resolução..">
	<graph root="s3_500">
		<terminals>
			<t id="s3_1" word="o" lemma="o" pos="pron-dem" morph="DET M S" extra="dem"/>
			<t id="s3_2" word="que" lemma="que" pos="spec" morph="M S" extra="clb clb-fs rel"/>
			<t id="s3_3" word="não" lemma="não" pos="adv" morph="--" extra="--"/>
			<t id="s3_4" word="gostei" lemma="gostar" pos="v-fin" morph="PS 1S IND VFIN" extra="vH mv np-close"/>
			<t id="s3_5" word="camera" lemma="c�=mara" pos="n" morph="F S" sem="Lh HH" extra="--"/>
			<t id="s3_6" word="com" lemma="com" pos="prp" morph="--" extra="np-close"/>
			<t id="s3_7" word="baixa" lemma="baixo" pos="adj" morph="F S" extra="jh"/>
			<t id="s3_8" word="resolução" lemma="resolução" pos="n" morph="F S" sem="act" extra="--"/>
			<t id="s3_9" word="." lemma="--" pos="pu" morph="--" extra="--"/>
			<t id="s3_10" word="." lemma="--" pos="pu" morph="--" extra="--"/>
		</terminals>

		<nonterminals>
			<nt id="s3_500" cat="s">
				<edge label="UTT" idref="s3_501"/>
			</nt>
			<nt id="s3_501" cat="x">
				<edge label="X" idref="s3_1"/>
				<edge label="DN" idref="s3_502"/>
				<edge label="S" idref="s3_2"/>
				<edge label="fA" idref="s3_3"/>
				<edge label="P" idref="s3_4"/>
				<edge label="fCs" idref="s3_503"/>
				<edge label="H" idref="s3_5"/>
				<edge label="DN" idref="s3_504"/>
				<edge label="PU" idref="s3_9"/>
				<edge label="PU" idref="s3_10"/>
			</nt>
			<nt id="s3_502" cat="fcl">
			</nt>
			<nt id="s3_503" cat="np">
			</nt>
			<nt id="s3_504" cat="pp">
				<edge label="H" idref="s3_6"/>
				<edge label="DP" idref="s3_505"/>
			</nt>
			<nt id="s3_505" cat="np">
				<edge label="DN" idref="s3_7"/>
				<edge label="H" idref="s3_8"/>
			</nt>
		</nonterminals>
	</graph>
</s>

	</body>
</corpus>
