<?xml version="1.0" encoding="UTF-8"?>
<corpus>

	<body>
<s id="s1" ref="1" source="Running text" forest="1" text="estou tentada a trocar de marca pois finalmente me cansei.">
	<graph root="s1_500">
		<terminals>
			<t id="s1_1" word="estou" lemma="estar" pos="v-fin" morph="PR 1S IND VFIN" extra="nosubj nosubj cjt-head cjt-head-STA vK fmc mv"/>
			<t id="s1_2" word="tentada" lemma="tentar" pos="v-pcp" morph="F S" extra="jh vH mv"/>
			<t id="s1_3" word="a" lemma="a" pos="prp" morph="--" extra="--"/>
			<t id="s1_4" word="trocar" lemma="trocar" pos="v-inf" morph="--" extra="vH mv"/>
			<t id="s1_5" word="de_marca" lemma="de_marca" pos="adj" morph="--" sem="pp" extra="--"/>
			<t id="s1_6" word="pois" lemma="pois" pos="adv" morph="--" extra="kc"/>
			<t id="s1_7" word="finalmente" lemma="finalmente" pos="adv" morph="--" extra="--"/>
			<t id="s1_8" word="me" lemma="eu" pos="pron-pers" morph="M/F 1S ACC" extra="refl"/>
			<t id="s1_9" word="cansei" lemma="cansar" pos="v-fin" morph="PS 1S IND VFIN" extra="nosubj nosubj cjt-STA vH fmc mv v-pron"/>
			<t id="s1_10" word="." lemma="--" pos="pu" morph="--" extra="--"/>
		</terminals>

		<nonterminals>
			<nt id="s1_500" cat="s">
				<edge label="STA" idref="s1_501"/>
			</nt>
			<nt id="s1_501" cat="par">
				<edge label="CJT" idref="s1_502"/>
				<edge label="CJT" idref="s1_506"/>
				<edge label="PU" idref="s1_10"/>
			</nt>
			<nt id="s1_502" cat="fcl">
				<edge label="P" idref="s1_1"/>
				<edge label="Cs" idref="s1_503"/>
			</nt>
			<nt id="s1_503" cat="icl">
				<edge label="P" idref="s1_2"/>
				<edge label="Op" idref="s1_504"/>
			</nt>
			<nt id="s1_504" cat="pp">
				<edge label="H" idref="s1_3"/>
				<edge label="DP" idref="s1_505"/>
			</nt>
			<nt id="s1_505" cat="icl">
				<edge label="P" idref="s1_4"/>
				<edge label="Cs" idref="s1_5"/>
			</nt>
			<nt id="s1_506" cat="x">
				<edge label="fA" idref="s1_6"/>
				<edge label="fA" idref="s1_7"/>
				<edge label="Od" idref="s1_8"/>
				<edge label="P" idref="s1_9"/>
			</nt>
		</nonterminals>
	</graph>
</s>

<s id="s2" ref="2" source="Running text" forest="1" text="meu primeiro sony ericsson não saía dada assistência e agra acho que o mesmo vai ocorrer com este, pois vive travando, nenhuma tecla responde, me obrigando a retirar a bateria para conseguir que volte a funcionar.">
	<graph root="s2_500">
		<terminals>
			<t id="s2_1" word="meu" lemma="meu" pos="pron-poss" morph="DET M S" extra="poss 1S"/>
			<t id="s2_2" word="primeiro" lemma="primeiro" pos="adj" morph="M S" extra="NUM-ord"/>
			<t id="s2_3" word="sony" lemma="sony" pos="n" morph="M S" extra="foreign heur"/>
			<t id="s2_4" word="ericsson" lemma="ericsson" pos="n" morph="M S" extra="foreign heur"/>
			<t id="s2_5" word="não" lemma="não" pos="adv" morph="--" extra="--"/>
			<t id="s2_6" word="saía" lemma="sair" pos="v-fin" morph="IMPF 3S IND VFIN" extra="nosubj nosubj cjt-head cjt-head-STA vK fmc mv"/>
			<t id="s2_7" word="dada" lemma="dado" pos="adj" morph="F S" extra="--"/>
			<t id="s2_8" word="assistência" lemma="assistência" pos="n" morph="F S" sem="am" extra="cjt-head cjt-head-Cs"/>
			<t id="s2_9" word="e" lemma="e" pos="conj-c" morph="--" extra="topkc"/>
			<t id="s2_10" word="agra" lemma="agro" pos="adj" morph="F S" extra="cjt-Cs nh"/>
			<t id="s2_11" word="acho" lemma="achar" pos="v-fin" morph="PR 1S IND VFIN" extra="nosubj nosubj cjt-STA vH fmc mv"/>
			<t id="s2_12" word="que" lemma="que" pos="conj-s" morph="--" extra="clb clb-fs"/>
			<t id="s2_13" word="o" lemma="o" pos="art" morph="M S" extra="--"/>
			<t id="s2_14" word="mesmo" lemma="mesmo" pos="pron-indef" morph="DET M S" extra="diff KOMP"/>
			<t id="s2_15" word="vai" lemma="ir" pos="v-fin" morph="PR 3S IND VFIN" extra="aux"/>
			<t id="s2_16" word="ocorrer" lemma="ocorrer" pos="v-inf" morph="--" extra="vN mv"/>
			<t id="s2_17" word="com" lemma="com" pos="prp" morph="--" extra="--"/>
			<t id="s2_18" word="este" lemma="este" pos="pron-dem" morph="DET M S" extra="dem"/>
			<t id="s2_19" word="," lemma="--" pos="pu" morph="--" extra="--"/>
			<t id="s2_20" word="pois" lemma="pois" pos="conj-s" morph="--" extra="clb"/>
			<t id="s2_21" word="vive" lemma="viver" pos="v-fin" morph="PR 3S IND VFIN" extra="nosubj nosubj cjt-STA vH fmc mv"/>
			<t id="s2_22" word="travando" lemma="travar" pos="v-ger" morph="--" extra="mv"/>
			<t id="s2_23" word="," lemma="--" pos="pu" morph="--" extra="--"/>
			<t id="s2_24" word="nenhuma" lemma="nenhum" pos="pron-indef" morph="DET F S" extra="quant"/>
			<t id="s2_25" word="tecla" lemma="tecla" pos="n" morph="F S" sem="tool" extra="--"/>
			<t id="s2_26" word="responde" lemma="responder" pos="v-fin" morph="PR 3S IND VFIN" extra="cjt-STA fmc mv"/>
			<t id="s2_27" word="," lemma="--" pos="pu" morph="--" extra="--"/>
			<t id="s2_28" word="me" lemma="eu" pos="pron-pers" morph="M/F 1S ACC" extra="refl"/>
			<t id="s2_29" word="obrigando" lemma="obrigar" pos="v-ger" morph="--" extra="clb mv v-pron"/>
			<t id="s2_30" word="a" lemma="a" pos="prp" morph="--" extra="--"/>
			<t id="s2_31" word="retirar" lemma="retirar" pos="v-inf" morph="--" extra="vH mv"/>
			<t id="s2_32" word="a" lemma="o" pos="art" morph="F S" extra="--"/>
			<t id="s2_33" word="bateria" lemma="bateria" pos="n" morph="F S" sem="tool" extra="--"/>
			<t id="s2_34" word="para" lemma="para" pos="prp" morph="--" extra="--"/>
			<t id="s2_35" word="conseguir" lemma="conseguir" pos="v-inf" morph="--" extra="vH mv"/>
			<t id="s2_36" word="que" lemma="que" pos="conj-s" morph="--" extra="clb clb-fs"/>
			<t id="s2_37" word="volte" lemma="voltar" pos="v-fin" morph="PR 3S SUBJ VFIN" extra="aux"/>
			<t id="s2_38" word="a" lemma="a" pos="prp" morph="--" extra="--"/>
			<t id="s2_39" word="funcionar" lemma="funcionar" pos="v-inf" morph="--" extra="mv"/>
			<t id="s2_40" word="." lemma="--" pos="pu" morph="--" extra="--"/>
		</terminals>

		<nonterminals>
			<nt id="s2_500" cat="s">
				<edge label="STA" idref="s2_501"/>
			</nt>
			<nt id="s2_501" cat="par">
				<edge label="CJT" idref="s2_502"/>
				<edge label="CO" idref="s2_9"/>
				<edge label="CJT" idref="s2_506"/>
				<edge label="PU" idref="s2_19"/>
				<edge label="CJT" idref="s2_510"/>
				<edge label="PU" idref="s2_23"/>
				<edge label="CJT" idref="s2_511"/>
				<edge label="PU" idref="s2_40"/>
			</nt>
			<nt id="s2_502" cat="fcl">
				<edge label="S" idref="s2_503"/>
				<edge label="S" idref="s2_4"/>
				<edge label="fA" idref="s2_5"/>
				<edge label="P" idref="s2_6"/>
				<edge label="Cs" idref="s2_504"/>
			</nt>
			<nt id="s2_503" cat="np">
				<edge label="DN" idref="s2_1"/>
				<edge label="DN" idref="s2_2"/>
				<edge label="H" idref="s2_3"/>
			</nt>
			<nt id="s2_504" cat="par">
				<edge label="CJT" idref="s2_505"/>
				<edge label="CJT" idref="s2_10"/>
			</nt>
			<nt id="s2_505" cat="np">
				<edge label="DN" idref="s2_7"/>
				<edge label="H" idref="s2_8"/>
			</nt>
			<nt id="s2_506" cat="x">
				<edge label="P" idref="s2_11"/>
				<edge label="Od" idref="s2_507"/>
			</nt>
			<nt id="s2_507" cat="fcl">
				<edge label="SUB" idref="s2_12"/>
				<edge label="DN" idref="s2_13"/>
				<edge label="S" idref="s2_14"/>
				<edge label="P" idref="s2_508"/>
				<edge label="fA" idref="s2_509"/>
			</nt>
			<nt id="s2_508" cat="vp">
				<edge label="Vaux" idref="s2_15"/>
				<edge label="Vm" idref="s2_16"/>
			</nt>
			<nt id="s2_509" cat="pp">
				<edge label="H" idref="s2_17"/>
				<edge label="DP" idref="s2_18"/>
			</nt>
			<nt id="s2_510" cat="x">
				<edge label="fA" idref="s2_20"/>
				<edge label="P" idref="s2_21"/>
				<edge label="fA" idref="s2_22"/>
			</nt>
			<nt id="s2_511" cat="fcl">
				<edge label="S" idref="s2_512"/>
				<edge label="P" idref="s2_26"/>
				<edge label="PU" idref="s2_27"/>
				<edge label="fA" idref="s2_513"/>
			</nt>
			<nt id="s2_512" cat="np">
				<edge label="DN" idref="s2_24"/>
				<edge label="H" idref="s2_25"/>
			</nt>
			<nt id="s2_513" cat="advp">
				<edge label="Od" idref="s2_28"/>
				<edge label="P" idref="s2_29"/>
				<edge label="Op" idref="s2_514"/>
			</nt>
			<nt id="s2_514" cat="pp">
				<edge label="H" idref="s2_30"/>
				<edge label="DP" idref="s2_515"/>
			</nt>
			<nt id="s2_515" cat="icl">
				<edge label="P" idref="s2_31"/>
				<edge label="Od" idref="s2_516"/>
				<edge label="fA" idref="s2_517"/>
			</nt>
			<nt id="s2_516" cat="np">
				<edge label="DN" idref="s2_32"/>
				<edge label="H" idref="s2_33"/>
			</nt>
			<nt id="s2_517" cat="pp">
				<edge label="H" idref="s2_34"/>
				<edge label="DP" idref="s2_518"/>
			</nt>
			<nt id="s2_518" cat="icl">
				<edge label="P" idref="s2_35"/>
				<edge label="Od" idref="s2_519"/>
			</nt>
			<nt id="s2_519" cat="fcl">
				<edge label="SUB" idref="s2_36"/>
				<edge label="P" idref="s2_520"/>
			</nt>
			<nt id="s2_520" cat="vp">
				<edge label="Vaux" idref="s2_37"/>
				<edge label="SUBaux" idref="s2_38"/>
				<edge label="Vm" idref="s2_39"/>
			</nt>
		</nonterminals>
	</graph>
</s>

<s id="s3" ref="3" source="Running text" forest="1" text="triste.">
	<graph root="s3_500">
		<terminals>
			<t id="s3_1" word="triste" lemma="triste" pos="adj" morph="M/F S" extra="jh"/>
			<t id="s3_2" word="." lemma="--" pos="pu" morph="--" extra="--"/>
		</terminals>

		<nonterminals>
			<nt id="s3_500" cat="s">
				<edge label="UTT" idref="s3_501"/>
			</nt>
			<nt id="s3_501" cat="x">
				<edge label="X" idref="s3_1"/>
				<edge label="PU" idref="s3_2"/>
			</nt>
		</nonterminals>
	</graph>
</s>

<s id="s4" ref="4" source="Running text" forest="1" text="o que gostei comprei este celular sony por ser a mesma marca que venho comprando desde meu primeiro celular, o prós é justamente não ter que aprender a usar outro modelo de celular.">
	<graph root="s4_500">
		<terminals>
			<t id="s4_1" word="o" lemma="o" pos="pron-dem" morph="DET M S" extra="dem"/>
			<t id="s4_2" word="que" lemma="que" pos="spec" morph="M S" extra="clb clb-fs rel"/>
			<t id="s4_3" word="gostei" lemma="gostar" pos="v-fin" morph="PS 1S IND VFIN" extra="vH mv np-close"/>
			<t id="s4_4" word="comprei" lemma="comprar" pos="v-fin" morph="PS 1S IND VFIN" extra="cjt-head cjt-head-STA vH fmc mv"/>
			<t id="s4_5" word="este" lemma="este" pos="pron-dem" morph="DET M S" extra="dem"/>
			<t id="s4_6" word="celular" lemma="celular" pos="adj" morph="M S" extra="nh"/>
			<t id="s4_7" word="sony" lemma="sony" pos="n" morph="M S" extra="foreign heur"/>
			<t id="s4_8" word="por" lemma="por" pos="prp" morph="--" extra="--"/>
			<t id="s4_9" word="ser" lemma="ser" pos="v-inf" morph="--" extra="vK mv"/>
			<t id="s4_10" word="a" lemma="o" pos="art" morph="F S" extra="--"/>
			<t id="s4_11" word="mesma" lemma="mesmo" pos="pron-indef" morph="DET F S" extra="cjt-head cjt-head-Cs diff KOMP"/>
			<t id="s4_12" word="marca" lemma="marca" pos="n" morph="F S" sem="ac-sign Labs bar" extra="cjt-Cs"/>
			<t id="s4_13" word="que" lemma="que" pos="spec" morph="M S" extra="clb clb-fs rel"/>
			<t id="s4_14" word="venho" lemma="vir" pos="v-fin" morph="PR 1S IND VFIN" extra="aux np-close"/>
			<t id="s4_15" word="comprando" lemma="comprar" pos="v-ger" morph="--" extra="clb vH mv"/>
			<t id="s4_16" word="desde" lemma="desde" pos="prp" morph="--" extra="--"/>
			<t id="s4_17" word="meu" lemma="meu" pos="pron-poss" morph="DET M S" extra="poss 1S"/>
			<t id="s4_18" word="primeiro" lemma="primeiro" pos="adj" morph="M S" extra="n NUM-ord jh"/>
			<t id="s4_19" word="celular" lemma="celular" pos="adj" morph="M/F S" extra="nh np-close"/>
			<t id="s4_20" word="," lemma="--" pos="pu" morph="--" extra="--"/>
			<t id="s4_21" word="o" lemma="o" pos="art" morph="M S" extra="--"/>
			<t id="s4_22" word="prós" lemma="pró" pos="n" morph="M P" sem="ac" extra="--"/>
			<t id="s4_23" word="é" lemma="ser" pos="v-fin" morph="PR 3S IND VFIN" extra="cjt-STA fmc mv"/>
			<t id="s4_24" word="justamente" lemma="justamente" pos="adv" morph="--" extra="--"/>
			<t id="s4_25" word="não" lemma="não" pos="adv" morph="--" extra="--"/>
			<t id="s4_26" word="ter" lemma="ter" pos="v-inf" morph="--" extra="aux"/>
			<t id="s4_27" word="que" lemma="que" pos="conj-s" morph="--" extra="--"/>
			<t id="s4_28" word="aprender" lemma="aprender" pos="v-inf" morph="--" extra="vH mv"/>
			<t id="s4_29" word="a" lemma="a" pos="prp" morph="--" extra="--"/>
			<t id="s4_30" word="usar" lemma="usar" pos="v-inf" morph="--" extra="vH mv"/>
			<t id="s4_31" word="outro" lemma="outro" pos="pron-indef" morph="DET M S" extra="diff KOMP"/>
			<t id="s4_32" word="modelo" lemma="modelo" pos="n" morph="M S" sem="ac Hprof" extra="--"/>
			<t id="s4_33" word="de" lemma="de" pos="prp" morph="--" extra="np-close"/>
			<t id="s4_34" word="celular" lemma="celular" pos="adj" morph="M/F S" extra="nh"/>
			<t id="s4_35" word="." lemma="--" pos="pu" morph="--" extra="--"/>
		</terminals>

		<nonterminals>
			<nt id="s4_500" cat="s">
				<edge label="STA" idref="s4_501"/>
			</nt>
			<nt id="s4_501" cat="par">
				<edge label="CJT" idref="s4_502"/>
				<edge label="DN" idref="s4_503"/>
				<edge label="S" idref="s4_2"/>
				<edge label="P" idref="s4_3"/>
				<edge label="CJT" idref="s4_510"/>
				<edge label="PU" idref="s4_35"/>
			</nt>
			<nt id="s4_502" cat="fcl">
				<edge label="S" idref="s4_1"/>
			</nt>
			<nt id="s4_503" cat="fcl">
				<edge label="P" idref="s4_4"/>
				<edge label="Od" idref="s4_504"/>
				<edge label="fA" idref="s4_505"/>
			</nt>
			<nt id="s4_504" cat="np">
				<edge label="DN" idref="s4_5"/>
				<edge label="DN" idref="s4_6"/>
				<edge label="H" idref="s4_7"/>
			</nt>
			<nt id="s4_505" cat="pp">
				<edge label="H" idref="s4_8"/>
				<edge label="DP" idref="s4_506"/>
				<edge label="Cs" idref="s4_507"/>
			</nt>
			<nt id="s4_506" cat="icl">
				<edge label="P" idref="s4_9"/>
			</nt>
			<nt id="s4_507" cat="par">
				<edge label="CJT" idref="s4_508"/>
			</nt>
			<nt id="s4_508" cat="adjp">
				<edge label="CJT" idref="s4_509"/>
			</nt>
			<nt id="s4_509" cat="np">
				<edge label="DN" idref="s4_10"/>
				<edge label="H" idref="s4_11"/>
				<edge label="H" idref="s4_12"/>
				<edge label="DN" idref="s4_14"/>
				<edge label="DN" idref="s4_19"/>
			</nt>
			<nt id="s4_510" cat="fcl">
				<edge label="Od" idref="s4_13"/>
				<edge label="P" idref="s4_511"/>
				<edge label="fA" idref="s4_512"/>
				<edge label="PU" idref="s4_20"/>
				<edge label="S" idref="s4_514"/>
				<edge label="P" idref="s4_515"/>
				<edge label="fA" idref="s4_24"/>
				<edge label="fA" idref="s4_25"/>
				<edge label="Cs" idref="s4_516"/>
			</nt>
			<nt id="s4_511" cat="vp">
				<edge label="Vm" idref="s4_15"/>
			</nt>
			<nt id="s4_512" cat="pp">
				<edge label="H" idref="s4_16"/>
				<edge label="DP" idref="s4_513"/>
			</nt>
			<nt id="s4_513" cat="np">
				<edge label="DN" idref="s4_17"/>
				<edge label="H" idref="s4_18"/>
			</nt>
			<nt id="s4_514" cat="np">
				<edge label="DN" idref="s4_21"/>
				<edge label="H" idref="s4_22"/>
			</nt>
			<nt id="s4_515" cat="vp">
				<edge label="Vaux" idref="s4_23"/>
			</nt>
			<nt id="s4_516" cat="icl">
				<edge label="P" idref="s4_517"/>
				<edge label="Op" idref="s4_518"/>
			</nt>
			<nt id="s4_517" cat="vp">
				<edge label="Vaux" idref="s4_26"/>
				<edge label="SUBaux" idref="s4_27"/>
				<edge label="Vm" idref="s4_28"/>
			</nt>
			<nt id="s4_518" cat="pp">
				<edge label="H" idref="s4_29"/>
				<edge label="DP" idref="s4_519"/>
			</nt>
			<nt id="s4_519" cat="icl">
				<edge label="P" idref="s4_30"/>
				<edge label="Od" idref="s4_520"/>
			</nt>
			<nt id="s4_520" cat="np">
				<edge label="DN" idref="s4_31"/>
				<edge label="H" idref="s4_32"/>
				<edge label="DN" idref="s4_521"/>
			</nt>
			<nt id="s4_521" cat="pp">
				<edge label="H" idref="s4_33"/>
				<edge label="DP" idref="s4_34"/>
			</nt>
		</nonterminals>
	</graph>
</s>

<s id="s5" ref="5" source="Running text" forest="1" text="o que não gostei deve ser o sétimo que adquiro.">
	<graph root="s5_500">
		<terminals>
			<t id="s5_1" word="o" lemma="o" pos="pron-dem" morph="DET M S" extra="dem"/>
			<t id="s5_2" word="que" lemma="que" pos="spec" morph="M S" extra="clb clb-fs rel"/>
			<t id="s5_3" word="não" lemma="não" pos="adv" morph="--" extra="--"/>
			<t id="s5_4" word="gostei" lemma="gostar" pos="v-fin" morph="PS 1S IND VFIN" extra="vH mv np-close"/>
			<t id="s5_5" word="deve" lemma="dever" pos="v-fin" morph="PR 3S IND VFIN" extra="fmc aux"/>
			<t id="s5_6" word="ser" lemma="ser" pos="v-inf" morph="--" extra="vK mv"/>
			<t id="s5_7" word="o" lemma="o" pos="art" morph="M S" extra="--"/>
			<t id="s5_8" word="sétimo" lemma="sétimo" pos="adj" morph="M S" extra="n NUM-ord jh"/>
			<t id="s5_9" word="que" lemma="que" pos="spec" morph="M S" extra="clb clb-fs rel"/>
			<t id="s5_10" word="adquiro" lemma="adquirir" pos="v-fin" morph="PR 1S IND VFIN" extra="vH mv np-close"/>
			<t id="s5_11" word="." lemma="--" pos="pu" morph="--" extra="--"/>
		</terminals>

		<nonterminals>
			<nt id="s5_500" cat="s">
				<edge label="STA" idref="s5_501"/>
			</nt>
			<nt id="s5_501" cat="fcl">
				<edge label="S" idref="s5_1"/>
				<edge label="DN" idref="s5_502"/>
				<edge label="S" idref="s5_2"/>
				<edge label="fA" idref="s5_3"/>
				<edge label="P" idref="s5_4"/>
				<edge label="P" idref="s5_503"/>
				<edge label="Cs" idref="s5_504"/>
				<edge label="DN" idref="s5_505"/>
				<edge label="Od" idref="s5_9"/>
				<edge label="P" idref="s5_10"/>
				<edge label="PU" idref="s5_11"/>
			</nt>
			<nt id="s5_502" cat="fcl">
			</nt>
			<nt id="s5_503" cat="vp">
				<edge label="Vaux" idref="s5_5"/>
				<edge label="Vm" idref="s5_6"/>
			</nt>
			<nt id="s5_504" cat="np">
				<edge label="DN" idref="s5_7"/>
				<edge label="H" idref="s5_8"/>
			</nt>
			<nt id="s5_505" cat="fcl">
			</nt>
		</nonterminals>
	</graph>
</s>

<s id="s6" ref="6" source="Running text" forest="1" text="é o terceiro para mim, comprei para minha falha, minha mãe, cunhada e irmão também, todos sony ericsson, mas este último me deixou insatisfeita.">
	<graph root="s6_500">
		<terminals>
			<t id="s6_1" word="é" lemma="ser" pos="v-fin" morph="PR 3S IND VFIN" extra="nosubj nosubj nosubj nosubj cjt-head cjt-head-STA vK fmc mv"/>
			<t id="s6_2" word="o" lemma="o" pos="art" morph="M S" extra="--"/>
			<t id="s6_3" word="terceiro" lemma="terceiro" pos="adj" morph="M S" extra="n NUM-ord jh"/>
			<t id="s6_4" word="para" lemma="para" pos="prp" morph="--" extra="np-close"/>
			<t id="s6_5" word="mim" lemma="eu" pos="pron-pers" morph="M/F 1S PIV" extra="--"/>
			<t id="s6_6" word="," lemma="--" pos="pu" morph="--" extra="--"/>
			<t id="s6_7" word="comprei" lemma="comprar" pos="v-fin" morph="PS 1S IND VFIN" extra="nosubj nosubj cjt-STA vH fmc mv"/>
			<t id="s6_8" word="para" lemma="para" pos="prp" morph="--" extra="--"/>
			<t id="s6_9" word="minha" lemma="meu" pos="pron-poss" morph="DET F S" extra="poss 1S"/>
			<t id="s6_10" word="falha" lemma="falha" pos="n" morph="F S" sem="f-c Lopening Ltop" extra="--"/>
			<t id="s6_11" word="," lemma="--" pos="pu" morph="--" extra="--"/>
			<t id="s6_12" word="minha" lemma="meu" pos="pron-poss" morph="DET F S" extra="poss 1S"/>
			<t id="s6_13" word="mãe" lemma="mãe" pos="n" morph="F S" sem="Hfam" extra="--"/>
			<t id="s6_14" word="," lemma="--" pos="pu" morph="--" extra="--"/>
			<t id="s6_15" word="cunhada" lemma="cunhada" pos="n" morph="F S" sem="Hfam" extra="--"/>
			<t id="s6_16" word="e" lemma="e" pos="conj-c" morph="--" extra="--"/>
			<t id="s6_17" word="irmão" lemma="irmão" pos="adj" morph="M S" extra="jh"/>
			<t id="s6_18" word="também" lemma="também" pos="adv" morph="--" extra="--"/>
			<t id="s6_19" word="," lemma="--" pos="pu" morph="--" extra="--"/>
			<t id="s6_20" word="todos" lemma="todo" pos="pron-indef" morph="DET M P" extra="quant"/>
			<t id="s6_21" word="sony" lemma="sony" pos="n" morph="M S" extra="foreign heur np-close"/>
			<t id="s6_22" word="ericsson" lemma="ericsson" pos="n" morph="M S" extra="foreign heur"/>
			<t id="s6_23" word="," lemma="--" pos="pu" morph="--" extra="--"/>
			<t id="s6_24" word="mas" lemma="mas" pos="conj-c" morph="--" extra="clb"/>
			<t id="s6_25" word="este" lemma="este" pos="pron-dem" morph="DET M S" extra="dem"/>
			<t id="s6_26" word="último" lemma="último" pos="adj" morph="M S" extra="n NUM-ord jh"/>
			<t id="s6_27" word="me" lemma="eu" pos="pron-pers" morph="M/F 1S ACC" extra="--"/>
			<t id="s6_28" word="deixou" lemma="deixar" pos="v-fin" morph="PS 3S IND VFIN" extra="cjt-STA fmc mv"/>
			<t id="s6_29" word="insatisfeita" lemma="insatisfeito" pos="adj" morph="F S" extra="jh"/>
			<t id="s6_30" word="." lemma="--" pos="pu" morph="--" extra="--"/>
		</terminals>

		<nonterminals>
			<nt id="s6_500" cat="s">
				<edge label="STA" idref="s6_501"/>
			</nt>
			<nt id="s6_501" cat="par">
				<edge label="CJT" idref="s6_502"/>
				<edge label="CJT" idref="s6_503"/>
				<edge label="DN" idref="s6_505"/>
				<edge label="CJT" idref="s6_510"/>
				<edge label="PU" idref="s6_23"/>
				<edge label="CO" idref="s6_24"/>
				<edge label="PU" idref="s6_30"/>
			</nt>
			<nt id="s6_502" cat="fcl">
				<edge label="P" idref="s6_1"/>
			</nt>
			<nt id="s6_503" cat="x">
				<edge label="Od" idref="s6_504"/>
				<edge label="Cs" idref="s6_3"/>
			</nt>
			<nt id="s6_504" cat="np">
				<edge label="DN" idref="s6_2"/>
			</nt>
			<nt id="s6_505" cat="pp">
				<edge label="H" idref="s6_4"/>
				<edge label="DP" idref="s6_5"/>
				<edge label="PU" idref="s6_6"/>
				<edge label="P" idref="s6_7"/>
				<edge label="fA" idref="s6_506"/>
				<edge label="Od" idref="s6_509"/>
				<edge label="S" idref="s6_17"/>
				<edge label="fA" idref="s6_18"/>
			</nt>
			<nt id="s6_506" cat="pp">
				<edge label="H" idref="s6_8"/>
				<edge label="DP" idref="s6_507"/>
				<edge label="PU" idref="s6_11"/>
				<edge label="S" idref="s6_508"/>
				<edge label="PU" idref="s6_14"/>
				<edge label="S" idref="s6_15"/>
			</nt>
			<nt id="s6_507" cat="np">
				<edge label="DN" idref="s6_9"/>
				<edge label="H" idref="s6_10"/>
			</nt>
			<nt id="s6_508" cat="np">
				<edge label="DN" idref="s6_12"/>
				<edge label="H" idref="s6_13"/>
			</nt>
			<nt id="s6_509" cat="np">
				<edge label="CO" idref="s6_16"/>
				<edge label="PU" idref="s6_19"/>
				<edge label="H" idref="s6_20"/>
				<edge label="DNapp" idref="s6_21"/>
			</nt>
			<nt id="s6_510" cat="fcl">
				<edge label="S" idref="s6_22"/>
				<edge label="Od" idref="s6_511"/>
				<edge label="S" idref="s6_26"/>
				<edge label="P" idref="s6_28"/>
				<edge label="Co" idref="s6_29"/>
			</nt>
			<nt id="s6_511" cat="np">
				<edge label="DN" idref="s6_25"/>
				<edge label="H" idref="s6_27"/>
			</nt>
		</nonterminals>
	</graph>
</s>

<s id="s7" ref="7" source="Running text" forest="1" text="a bateria nunca carregou por inteiro, só carrega number desde a primeira vez que foi usado e seu sistema vive travando..">
	<graph root="s7_500">
		<terminals>
			<t id="s7_1" word="a" lemma="o" pos="art" morph="F S" extra="--"/>
			<t id="s7_2" word="bateria" lemma="bateria" pos="n" morph="F S" sem="tool" extra="--"/>
			<t id="s7_3" word="nunca" lemma="nunca" pos="adv" morph="--" extra="--"/>
			<t id="s7_4" word="carregou" lemma="carregar" pos="v-fin" morph="PS 3S IND VFIN" extra="nosubj nosubj nosubj nosubj cjt-head cjt-head-STA vH fmc mv"/>
			<t id="s7_5" word="por" lemma="por" pos="prp" morph="--" extra="--"/>
			<t id="s7_6" word="inteiro" lemma="inteiro" pos="n" morph="M S" sem="ac-sign" extra="--"/>
			<t id="s7_7" word="," lemma="--" pos="pu" morph="--" extra="--"/>
			<t id="s7_8" word="só" lemma="só" pos="adv" morph="--" extra="--"/>
			<t id="s7_9" word="carrega" lemma="carregar" pos="v-fin" morph="PR 3S IND VFIN" extra="nosubj nosubj cjt-STA vH fmc mv"/>
			<t id="s7_10" word="number" lemma="number" pos="n" morph="M S" extra="heur"/>
			<t id="s7_11" word="desde" lemma="desde" pos="prp" morph="--" extra="--"/>
			<t id="s7_12" word="a" lemma="o" pos="art" morph="F S" extra="--"/>
			<t id="s7_13" word="primeira" lemma="primeiro" pos="adj" morph="F S" extra="NUM-ord"/>
			<t id="s7_14" word="vez" lemma="vez" pos="n" morph="F S" sem="temp" extra="--"/>
			<t id="s7_15" word="que" lemma="que" pos="conj-s" morph="--" extra="clb"/>
			<t id="s7_16" word="foi" lemma="ser" pos="v-fin" morph="PS 3S IND VFIN" extra="nosubj nosubj cjt-STA fmc aux"/>
			<t id="s7_17" word="usado" lemma="usar" pos="v-pcp" morph="M S" extra="vH mv"/>
			<t id="s7_18" word="e" lemma="e" pos="conj-c" morph="--" extra="--"/>
			<t id="s7_19" word="seu" lemma="seu" pos="pron-poss" morph="DET M S" extra="poss 3S"/>
			<t id="s7_20" word="sistema" lemma="sistema" pos="n" morph="M S" sem="ac" extra="--"/>
			<t id="s7_21" word="vive" lemma="viver" pos="v-fin" morph="PR 3S IND VFIN" extra="cjt-STA vH fmc mv"/>
			<t id="s7_22" word="travando" lemma="travar" pos="v-ger" morph="--" extra="mv"/>
			<t id="s7_23" word="." lemma="--" pos="pu" morph="--" extra="--"/>
			<t id="s7_24" word="." lemma="--" pos="pu" morph="--" extra="--"/>
		</terminals>

		<nonterminals>
			<nt id="s7_500" cat="s">
				<edge label="STA" idref="s7_501"/>
			</nt>
			<nt id="s7_501" cat="par">
				<edge label="CJT" idref="s7_502"/>
				<edge label="PU" idref="s7_7"/>
				<edge label="CJT" idref="s7_505"/>
				<edge label="CJT" idref="s7_508"/>
				<edge label="CJT" idref="s7_510"/>
				<edge label="PU" idref="s7_23"/>
				<edge label="PU" idref="s7_24"/>
			</nt>
			<nt id="s7_502" cat="fcl">
				<edge label="S" idref="s7_503"/>
				<edge label="fA" idref="s7_3"/>
				<edge label="P" idref="s7_4"/>
				<edge label="fA" idref="s7_504"/>
			</nt>
			<nt id="s7_503" cat="np">
				<edge label="DN" idref="s7_1"/>
				<edge label="H" idref="s7_2"/>
			</nt>
			<nt id="s7_504" cat="pp">
				<edge label="H" idref="s7_5"/>
				<edge label="DP" idref="s7_6"/>
			</nt>
			<nt id="s7_505" cat="x">
				<edge label="fA" idref="s7_8"/>
				<edge label="P" idref="s7_9"/>
				<edge label="Od" idref="s7_10"/>
				<edge label="fA" idref="s7_506"/>
			</nt>
			<nt id="s7_506" cat="pp">
				<edge label="H" idref="s7_11"/>
				<edge label="DP" idref="s7_507"/>
			</nt>
			<nt id="s7_507" cat="np">
				<edge label="DN" idref="s7_12"/>
				<edge label="DN" idref="s7_13"/>
				<edge label="H" idref="s7_14"/>
				<edge label="CO" idref="s7_18"/>
			</nt>
			<nt id="s7_508" cat="x">
				<edge label="SUB" idref="s7_15"/>
				<edge label="P" idref="s7_509"/>
			</nt>
			<nt id="s7_509" cat="vp">
				<edge label="Vaux" idref="s7_16"/>
				<edge label="Vm" idref="s7_17"/>
			</nt>
			<nt id="s7_510" cat="fcl">
				<edge label="S" idref="s7_511"/>
				<edge label="P" idref="s7_21"/>
				<edge label="fA" idref="s7_22"/>
			</nt>
			<nt id="s7_511" cat="np">
				<edge label="DN" idref="s7_19"/>
				<edge label="H" idref="s7_20"/>
			</nt>
		</nonterminals>
	</graph>
</s>

	</body>
</corpus>
