<?xml version="1.0" encoding="UTF-8"?>
<corpus>

	<body>
<s id="s1" ref="1" source="Running text" forest="1" text="uma porcaria, comprei e apresentou defeito com number dias de uso sem queda se nada, não tem peças para reposição então até hoje não devolveram, o caso já esta no procon e por o jeito vou ter que entrar na justiça, mas de uma coisa eu sei gradiente nunca mais.">
	<graph root="s1_500">
		<terminals>
			<t id="s1_1" word="uma" lemma="um" pos="art" morph="F S" extra="--"/>
			<t id="s1_2" word="porcaria" lemma="porcaria" pos="n" morph="F S" sem="sit" extra="--"/>
			<t id="s1_3" word="," lemma="--" pos="pu" morph="--" extra="--"/>
			<t id="s1_4" word="comprei" lemma="comprar" pos="v-fin" morph="PS 1S IND VFIN" extra="nosubj nosubj nosubj nosubj nosubj nosubj nosubj nosubj nosubj nosubj cjt-head cjt-head-STA vH fmc mv"/>
			<t id="s1_5" word="e" lemma="e" pos="conj-c" morph="--" extra="co-fin"/>
			<t id="s1_6" word="apresentou" lemma="apresentar" pos="v-fin" morph="PS 3S IND VFIN" extra="nosubj cjt-STA nosubj cjt-STA vH fmc mv"/>
			<t id="s1_7" word="defeito" lemma="defeito" pos="n" morph="M S" sem="ac" extra="--"/>
			<t id="s1_8" word="com" lemma="com" pos="prp" morph="--" extra="np-close"/>
			<t id="s1_9" word="number" lemma="number" pos="n" morph="M S" extra="heur"/>
			<t id="s1_10" word="dias" lemma="dia" pos="n" morph="M P" sem="temp dur per unit" extra="--"/>
			<t id="s1_11" word="de" lemma="de" pos="prp" morph="--" extra="np-close"/>
			<t id="s1_12" word="uso" lemma="uso" pos="n" morph="M S" sem="act ac" extra="--"/>
			<t id="s1_13" word="sem" lemma="sem" pos="prp" morph="--" extra="np-close"/>
			<t id="s1_14" word="queda" lemma="queda" pos="n" morph="F S" sem="event" extra="--"/>
			<t id="s1_15" word="se" lemma="se" pos="conj-s" morph="--" extra="sub"/>
			<t id="s1_16" word="nada" lemma="nada" pos="spec" morph="M S" extra="quant"/>
			<t id="s1_17" word="," lemma="--" pos="pu" morph="--" extra="--"/>
			<t id="s1_18" word="não" lemma="não" pos="adv" morph="--" extra="--"/>
			<t id="s1_19" word="tem" lemma="ter" pos="v-fin" morph="PR 3S IND VFIN" extra="nosubj nosubj cjt-STA fmc mv"/>
			<t id="s1_20" word="peças" lemma="peça" pos="n" morph="F P" sem="sem-c cc-h amount cc-gun furn" extra="--"/>
			<t id="s1_21" word="para" lemma="para" pos="prp" morph="--" extra="--"/>
			<t id="s1_22" word="reposição" lemma="reposição" pos="n" morph="F S" sem="act" extra="--"/>
			<t id="s1_23" word="então" lemma="então" pos="adv" morph="--" extra="kc"/>
			<t id="s1_24" word="até" lemma="até" pos="prp" morph="--" extra="--"/>
			<t id="s1_25" word="hoje" lemma="hoje" pos="adv" morph="--" extra="--"/>
			<t id="s1_26" word="não" lemma="não" pos="adv" morph="--" extra="--"/>
			<t id="s1_27" word="devolveram" lemma="devolver" pos="v-fin" morph="PS/MQP 3P IND VFIN" extra="nosubj nosubj cjt-STA vH fmc mv"/>
			<t id="s1_28" word="," lemma="--" pos="pu" morph="--" extra="--"/>
			<t id="s1_29" word="o" lemma="o" pos="art" morph="M S" extra="--"/>
			<t id="s1_30" word="caso" lemma="caso" pos="n" morph="M S" sem="event ac-cat sem" extra="cjt-head cjt-head-Od"/>
			<t id="s1_31" word="já" lemma="já" pos="adv" morph="--" extra="--"/>
			<t id="s1_32" word="esta" lemma="este" pos="pron-dem" morph="DET F S" extra="cjt-Od dem"/>
			<t id="s1_33" word="em" lemma="em" pos="prp" morph="--" extra="sam-"/>
			<t id="s1_34" word="o" lemma="o" pos="art" morph="M S" extra="-sam "/>
			<t id="s1_35" word="procon" lemma="procon" pos="n" morph="M S" extra="heur"/>
			<t id="s1_36" word="e" lemma="e" pos="conj-c" morph="--" extra="--"/>
			<t id="s1_37" word="por" lemma="por" pos="prp" morph="--" extra="sam-"/>
			<t id="s1_38" word="o" lemma="o" pos="art" morph="M S" extra="-sam "/>
			<t id="s1_39" word="jeito" lemma="jeito" pos="n" morph="M S" sem="act-trick f-h ac" extra="--"/>
			<t id="s1_40" word="vou" lemma="ir" pos="v-fin" morph="PR 1S IND VFIN" extra="nosubj nosubj cjt-STA fmc aux"/>
			<t id="s1_41" word="ter" lemma="ter" pos="v-inf" morph="--" extra="aux"/>
			<t id="s1_42" word="que" lemma="que" pos="conj-s" morph="--" extra="clb"/>
			<t id="s1_43" word="entrar" lemma="entrar" pos="v-inf" morph="--" extra="vH mv"/>
			<t id="s1_44" word="em" lemma="em" pos="prp" morph="--" extra="sam-"/>
			<t id="s1_45" word="a" lemma="o" pos="art" morph="F S" extra="-sam "/>
			<t id="s1_46" word="justiça" lemma="justiça" pos="n" morph="F S" sem="am HH" extra="--"/>
			<t id="s1_47" word="," lemma="--" pos="pu" morph="--" extra="--"/>
			<t id="s1_48" word="mas" lemma="mas" pos="conj-c" morph="--" extra="clb"/>
			<t id="s1_49" word="de" lemma="de" pos="prp" morph="--" extra="--"/>
			<t id="s1_50" word="uma" lemma="um" pos="art" morph="F S" extra="--"/>
			<t id="s1_51" word="coisa" lemma="coisa" pos="n" morph="F S" sem="cc ac" extra="--"/>
			<t id="s1_52" word="eu" lemma="eu" pos="pron-pers" morph="M/F 1S NOM" extra="--"/>
			<t id="s1_53" word="sei" lemma="saber" pos="v-fin" morph="PR 1S IND VFIN" extra="cjt-STA fmc mv"/>
			<t id="s1_54" word="gradiente" lemma="gradiente" pos="n" morph="M S" sem="percep-f" extra="--"/>
			<t id="s1_55" word="nunca" lemma="nunca" pos="adv" morph="--" extra="--"/>
			<t id="s1_56" word="mais" lemma="mais" pos="adv" morph="--" extra="--"/>
			<t id="s1_57" word="." lemma="--" pos="pu" morph="--" extra="--"/>
		</terminals>

		<nonterminals>
			<nt id="s1_500" cat="s">
				<edge label="STA" idref="s1_501"/>
			</nt>
			<nt id="s1_501" cat="par">
				<edge label="CJT" idref="s1_502"/>
				<edge label="CO" idref="s1_5"/>
				<edge label="CJT" idref="s1_504"/>
				<edge label="CJT" idref="s1_512"/>
				<edge label="CJT" idref="s1_515"/>
				<edge label="CJT" idref="s1_520"/>
				<edge label="PU" idref="s1_47"/>
				<edge label="CO" idref="s1_48"/>
				<edge label="CJT" idref="s1_526"/>
				<edge label="PU" idref="s1_57"/>
			</nt>
			<nt id="s1_502" cat="fcl">
				<edge label="fCs" idref="s1_503"/>
				<edge label="PU" idref="s1_3"/>
				<edge label="P" idref="s1_4"/>
			</nt>
			<nt id="s1_503" cat="np">
				<edge label="DN" idref="s1_1"/>
				<edge label="H" idref="s1_2"/>
			</nt>
			<nt id="s1_504" cat="x">
				<edge label="P" idref="s1_6"/>
				<edge label="Od" idref="s1_505"/>
				<edge label="fCs" idref="s1_507"/>
			</nt>
			<nt id="s1_505" cat="np">
				<edge label="H" idref="s1_7"/>
				<edge label="DN" idref="s1_506"/>
			</nt>
			<nt id="s1_506" cat="pp">
				<edge label="H" idref="s1_8"/>
				<edge label="DP" idref="s1_9"/>
			</nt>
			<nt id="s1_507" cat="np">
				<edge label="H" idref="s1_10"/>
				<edge label="DN" idref="s1_508"/>
			</nt>
			<nt id="s1_508" cat="pp">
				<edge label="H" idref="s1_11"/>
				<edge label="DP" idref="s1_509"/>
			</nt>
			<nt id="s1_509" cat="np">
				<edge label="H" idref="s1_12"/>
				<edge label="DN" idref="s1_510"/>
			</nt>
			<nt id="s1_510" cat="pp">
				<edge label="H" idref="s1_13"/>
				<edge label="DP" idref="s1_511"/>
			</nt>
			<nt id="s1_511" cat="np">
				<edge label="H" idref="s1_14"/>
				<edge label="DN" idref="s1_15"/>
			</nt>
			<nt id="s1_512" cat="x">
				<edge label="Cs" idref="s1_16"/>
				<edge label="PU" idref="s1_17"/>
				<edge label="fA" idref="s1_18"/>
				<edge label="P" idref="s1_19"/>
				<edge label="Od" idref="s1_20"/>
				<edge label="fA" idref="s1_513"/>
				<edge label="fA" idref="s1_23"/>
				<edge label="fA" idref="s1_514"/>
			</nt>
			<nt id="s1_513" cat="pp">
				<edge label="H" idref="s1_21"/>
				<edge label="DP" idref="s1_22"/>
			</nt>
			<nt id="s1_514" cat="pp">
				<edge label="H" idref="s1_24"/>
				<edge label="DP" idref="s1_25"/>
			</nt>
			<nt id="s1_515" cat="x">
				<edge label="fA" idref="s1_26"/>
				<edge label="P" idref="s1_27"/>
				<edge label="PU" idref="s1_28"/>
				<edge label="Od" idref="s1_516"/>
				<edge label="fA" idref="s1_31"/>
				<edge label="fA" idref="s1_518"/>
			</nt>
			<nt id="s1_516" cat="par">
				<edge label="CJT" idref="s1_517"/>
				<edge label="CJT" idref="s1_32"/>
			</nt>
			<nt id="s1_517" cat="np">
				<edge label="DN" idref="s1_29"/>
				<edge label="H" idref="s1_30"/>
			</nt>
			<nt id="s1_518" cat="pp">
				<edge label="H" idref="s1_33"/>
				<edge label="DP" idref="s1_519"/>
			</nt>
			<nt id="s1_519" cat="np">
				<edge label="DN" idref="s1_34"/>
				<edge label="H" idref="s1_35"/>
				<edge label="CO" idref="s1_36"/>
			</nt>
			<nt id="s1_520" cat="x">
				<edge label="Op" idref="s1_521"/>
				<edge label="P" idref="s1_523"/>
				<edge label="As" idref="s1_524"/>
			</nt>
			<nt id="s1_521" cat="pp">
				<edge label="H" idref="s1_37"/>
				<edge label="DP" idref="s1_522"/>
			</nt>
			<nt id="s1_522" cat="np">
				<edge label="DN" idref="s1_38"/>
				<edge label="H" idref="s1_39"/>
			</nt>
			<nt id="s1_523" cat="vp">
				<edge label="Vaux" idref="s1_40"/>
				<edge label="Vaux" idref="s1_41"/>
				<edge label="SUBaux" idref="s1_42"/>
				<edge label="Vm" idref="s1_43"/>
			</nt>
			<nt id="s1_524" cat="pp">
				<edge label="H" idref="s1_44"/>
				<edge label="DP" idref="s1_525"/>
			</nt>
			<nt id="s1_525" cat="np">
				<edge label="DN" idref="s1_45"/>
				<edge label="H" idref="s1_46"/>
			</nt>
			<nt id="s1_526" cat="fcl">
				<edge label="fA" idref="s1_527"/>
				<edge label="S" idref="s1_52"/>
				<edge label="P" idref="s1_53"/>
				<edge label="Od" idref="s1_54"/>
				<edge label="fA" idref="s1_55"/>
				<edge label="fA" idref="s1_56"/>
			</nt>
			<nt id="s1_527" cat="pp">
				<edge label="H" idref="s1_49"/>
				<edge label="DP" idref="s1_528"/>
			</nt>
			<nt id="s1_528" cat="np">
				<edge label="DN" idref="s1_50"/>
				<edge label="H" idref="s1_51"/>
			</nt>
		</nonterminals>
	</graph>
</s>

<s id="s2" ref="2" source="Running text" forest="1" text="o que gostei muitas funções com um bom preço o que não gostei muito frágil, visor minúsculo, péssima qualidade de fotos, não tem flash tem uma lanterna que deixa tudo branco em frente a camera, não existe coisa mais feia que o fone de ouvido, não tem acessórios no mercado, a bateria usando o mp3 dura number mal dá para ouvir todas as músicas..">
	<graph root="s2_500">
		<terminals>
			<t id="s2_1" word="o" lemma="o" pos="pron-dem" morph="DET M S" extra="dem"/>
			<t id="s2_2" word="que" lemma="que" pos="spec" morph="M S" extra="clb clb-fs rel"/>
			<t id="s2_3" word="gostei" lemma="gostar" pos="v-fin" morph="PS 1S IND VFIN" extra="vH mv np-close"/>
			<t id="s2_4" word="muitas" lemma="muito" pos="pron-indef" morph="DET F P" extra="quant"/>
			<t id="s2_5" word="funções" lemma="função" pos="n" morph="F P" sem="ac pos-soc occ" extra="--"/>
			<t id="s2_6" word="com" lemma="com" pos="prp" morph="--" extra="np-close"/>
			<t id="s2_7" word="um" lemma="um" pos="art" morph="M S" extra="--"/>
			<t id="s2_8" word="bom" lemma="bom" pos="adj" morph="M S" extra="--"/>
			<t id="s2_9" word="preço" lemma="preço" pos="n" morph="M S" sem="f-q" extra="--"/>
			<t id="s2_10" word="o" lemma="o" pos="pron-dem" morph="DET M S" extra="dem"/>
			<t id="s2_11" word="que" lemma="que" pos="spec" morph="M S" extra="clb clb-fs rel"/>
			<t id="s2_12" word="não" lemma="não" pos="adv" morph="--" extra="--"/>
			<t id="s2_13" word="gostei" lemma="gostar" pos="v-fin" morph="PS 1S IND VFIN" extra="vH mv np-close"/>
			<t id="s2_14" word="muito" lemma="muito" pos="adv" morph="--" extra="quant"/>
			<t id="s2_15" word="frágil" lemma="frágil" pos="adj" morph="M/F S" extra="--"/>
			<t id="s2_16" word="," lemma="--" pos="pu" morph="--" extra="--"/>
			<t id="s2_17" word="visor" lemma="visor" pos="n" morph="M S" sem="tool" extra="--"/>
			<t id="s2_18" word="minúsculo" lemma="minúsculo" pos="adj" morph="M S" extra="nh np-close"/>
			<t id="s2_19" word="," lemma="--" pos="pu" morph="--" extra="--"/>
			<t id="s2_20" word="péssima" lemma="mal" pos="adj" morph="F S" extra="SUP"/>
			<t id="s2_21" word="qualidade" lemma="qualidade" pos="n" morph="F S" sem="percep-f f-c" extra="--"/>
			<t id="s2_22" word="de" lemma="de" pos="prp" morph="--" extra="np-close"/>
			<t id="s2_23" word="fotos" lemma="foto" pos="n" morph="F P" sem="pict" extra="--"/>
			<t id="s2_24" word="," lemma="--" pos="pu" morph="--" extra="--"/>
			<t id="s2_25" word="não" lemma="não" pos="adv" morph="--" extra="--"/>
			<t id="s2_26" word="tem" lemma="ter" pos="v-fin" morph="PR 3S IND VFIN" extra="nosubj nosubj nosubj nosubj nosubj nosubj cjt-head cjt-head-STA fmc mv"/>
			<t id="s2_27" word="flash" lemma="flash" pos="n" morph="M S" extra="newlex"/>
			<t id="s2_28" word="tem" lemma="ter" pos="v-fin" morph="PR 3S IND VFIN" extra="cjt-STA fmc mv"/>
			<t id="s2_29" word="uma" lemma="um" pos="art" morph="F S" extra="--"/>
			<t id="s2_30" word="lanterna" lemma="lanterna" pos="n" morph="F S" sem="cc-light" extra="--"/>
			<t id="s2_31" word="que" lemma="que" pos="spec" morph="M S" extra="clb clb-fs rel"/>
			<t id="s2_32" word="deixa" lemma="deixar" pos="v-fin" morph="PR 3S IND VFIN" extra="mv np-close"/>
			<t id="s2_33" word="tudo" lemma="tudo" pos="spec" morph="M S" extra="cjt-head cjt-head-Od quant"/>
			<t id="s2_34" word="branco" lemma="branco" pos="n" morph="M S" sem="col" extra="cjt-Od"/>
			<t id="s2_35" word="em_frente" lemma="em_frente" pos="adj" morph="--" sem="pp" extra="--"/>
			<t id="s2_36" word="a" lemma="o" pos="art" morph="F S" extra="--"/>
			<t id="s2_37" word="camera" lemma="c�=mara" pos="n" morph="F S" sem="Lh HH" extra="cjt-Od"/>
			<t id="s2_38" word="," lemma="--" pos="pu" morph="--" extra="--"/>
			<t id="s2_39" word="não" lemma="não" pos="adv" morph="--" extra="--"/>
			<t id="s2_40" word="existe" lemma="existir" pos="v-fin" morph="PR 3S IND VFIN" extra="cjt-STA fmc mv"/>
			<t id="s2_41" word="coisa" lemma="coisa" pos="n" morph="F S" sem="cc ac" extra="--"/>
			<t id="s2_42" word="mais" lemma="mais" pos="adv" morph="--" extra="quant KOMP"/>
			<t id="s2_43" word="feia" lemma="feio" pos="adj" morph="F S" extra="np-close"/>
			<t id="s2_44" word="que" lemma="que" pos="conj-s" morph="--" extra="com"/>
			<t id="s2_45" word="o" lemma="o" pos="art" morph="M S" extra="--"/>
			<t id="s2_46" word="fone" lemma="fone" pos="n" morph="M S" sem="ac-cat tool" extra="--"/>
			<t id="s2_47" word="de_ouvido" lemma="de_ouvido" pos="adv" morph="--" sem="pp" extra="--"/>
			<t id="s2_48" word="," lemma="--" pos="pu" morph="--" extra="--"/>
			<t id="s2_49" word="não" lemma="não" pos="adv" morph="--" extra="--"/>
			<t id="s2_50" word="tem" lemma="ter" pos="v-fin" morph="PR 3S IND VFIN" extra="nosubj nosubj cjt-STA fmc mv"/>
			<t id="s2_51" word="acessórios" lemma="acessório" pos="n" morph="M P" sem="cc" extra="--"/>
			<t id="s2_52" word="em" lemma="em" pos="prp" morph="--" extra="sam-"/>
			<t id="s2_53" word="o" lemma="o" pos="art" morph="M S" extra="-sam "/>
			<t id="s2_54" word="mercado" lemma="mercado" pos="n" morph="M S" sem="inst" extra="--"/>
			<t id="s2_55" word="," lemma="--" pos="pu" morph="--" extra="--"/>
			<t id="s2_56" word="a" lemma="o" pos="art" morph="F S" extra="--"/>
			<t id="s2_57" word="bateria" lemma="bateria" pos="n" morph="F S" sem="tool" extra="--"/>
			<t id="s2_58" word="usando" lemma="usar" pos="v-ger" morph="--" extra="vH mv"/>
			<t id="s2_59" word="o" lemma="o" pos="art" morph="M S" extra="--"/>
			<t id="s2_60" word="mp3" lemma="mp3" pos="n" morph="M S" extra="heur"/>
			<t id="s2_61" word="dura" lemma="durar" pos="v-fin" morph="PR 3S IND VFIN" extra="cjt-STA vN fmc mv"/>
			<t id="s2_62" word="number" lemma="number" pos="n" morph="M S" extra="heur"/>
			<t id="s2_63" word="mal" lemma="mal" pos="adv" morph="--" extra="--"/>
			<t id="s2_64" word="dá" lemma="dar" pos="v-fin" morph="PR 3S IND VFIN" extra="nosubj nosubj cjt-STA fmc mv"/>
			<t id="s2_65" word="para" lemma="para" pos="prp" morph="--" extra="--"/>
			<t id="s2_66" word="ouvir" lemma="ouvir" pos="v-inf" morph="--" extra="vH mv"/>
			<t id="s2_67" word="todas_as" lemma="todo_o" pos="pron-indef" morph="DET F P" extra="quant"/>
			<t id="s2_68" word="músicas" lemma="música" pos="n" morph="F P" sem="domain sem-l cc-r" extra="--"/>
			<t id="s2_69" word="." lemma="--" pos="pu" morph="--" extra="--"/>
			<t id="s2_70" word="." lemma="--" pos="pu" morph="--" extra="--"/>
		</terminals>

		<nonterminals>
			<nt id="s2_500" cat="s">
				<edge label="STA" idref="s2_501"/>
			</nt>
			<nt id="s2_501" cat="par">
				<edge label="CJT" idref="s2_502"/>
				<edge label="DN" idref="s2_504"/>
				<edge label="S" idref="s2_2"/>
				<edge label="P" idref="s2_3"/>
				<edge label="CJT" idref="s2_505"/>
				<edge label="PU" idref="s2_38"/>
				<edge label="PU" idref="s2_48"/>
				<edge label="CJT" idref="s2_523"/>
				<edge label="PU" idref="s2_55"/>
				<edge label="CJT" idref="s2_526"/>
				<edge label="CJT" idref="s2_529"/>
				<edge label="PU" idref="s2_69"/>
				<edge label="PU" idref="s2_70"/>
			</nt>
			<nt id="s2_502" cat="fcl">
				<edge label="CJT" idref="s2_503"/>
			</nt>
			<nt id="s2_503" cat="fcl">
				<edge label="S" idref="s2_1"/>
			</nt>
			<nt id="s2_504" cat="fcl">
			</nt>
			<nt id="s2_505" cat="fcl">
				<edge label="S" idref="s2_506"/>
				<edge label="S" idref="s2_10"/>
				<edge label="PU" idref="s2_24"/>
				<edge label="fA" idref="s2_25"/>
				<edge label="P" idref="s2_26"/>
				<edge label="Od" idref="s2_27"/>
				<edge label="P" idref="s2_28"/>
				<edge label="Od" idref="s2_514"/>
				<edge label="fA" idref="s2_39"/>
				<edge label="P" idref="s2_40"/>
				<edge label="S" idref="s2_519"/>
				<edge label="fA" idref="s2_47"/>
			</nt>
			<nt id="s2_506" cat="np">
				<edge label="DN" idref="s2_4"/>
				<edge label="H" idref="s2_5"/>
				<edge label="DN" idref="s2_507"/>
			</nt>
			<nt id="s2_507" cat="pp">
				<edge label="H" idref="s2_6"/>
				<edge label="DP" idref="s2_508"/>
			</nt>
			<nt id="s2_508" cat="np">
				<edge label="DN" idref="s2_7"/>
				<edge label="DN" idref="s2_8"/>
				<edge label="H" idref="s2_9"/>
				<edge label="DN" idref="s2_509"/>
			</nt>
			<nt id="s2_509" cat="fcl">
				<edge label="S" idref="s2_11"/>
				<edge label="fA" idref="s2_12"/>
				<edge label="P" idref="s2_13"/>
				<edge label="fCs" idref="s2_510"/>
				<edge label="PU" idref="s2_16"/>
				<edge label="fCs" idref="s2_511"/>
				<edge label="PU" idref="s2_19"/>
				<edge label="fCs" idref="s2_512"/>
			</nt>
			<nt id="s2_510" cat="adjp">
				<edge label="DA" idref="s2_14"/>
				<edge label="H" idref="s2_15"/>
			</nt>
			<nt id="s2_511" cat="np">
				<edge label="H" idref="s2_17"/>
				<edge label="DN" idref="s2_18"/>
			</nt>
			<nt id="s2_512" cat="np">
				<edge label="DN" idref="s2_20"/>
				<edge label="H" idref="s2_21"/>
				<edge label="DN" idref="s2_513"/>
			</nt>
			<nt id="s2_513" cat="pp">
				<edge label="H" idref="s2_22"/>
				<edge label="DP" idref="s2_23"/>
			</nt>
			<nt id="s2_514" cat="np">
				<edge label="DN" idref="s2_29"/>
				<edge label="H" idref="s2_30"/>
				<edge label="DN" idref="s2_515"/>
			</nt>
			<nt id="s2_515" cat="fcl">
				<edge label="S" idref="s2_31"/>
				<edge label="P" idref="s2_32"/>
				<edge label="Od" idref="s2_516"/>
			</nt>
			<nt id="s2_516" cat="par">
				<edge label="CJT" idref="s2_33"/>
				<edge label="CJT" idref="s2_517"/>
				<edge label="CJT" idref="s2_518"/>
			</nt>
			<nt id="s2_517" cat="np">
				<edge label="H" idref="s2_34"/>
				<edge label="DN" idref="s2_35"/>
			</nt>
			<nt id="s2_518" cat="np">
				<edge label="DN" idref="s2_36"/>
				<edge label="H" idref="s2_37"/>
			</nt>
			<nt id="s2_519" cat="np">
				<edge label="H" idref="s2_41"/>
				<edge label="DN" idref="s2_520"/>
			</nt>
			<nt id="s2_520" cat="adjp">
				<edge label="DA" idref="s2_42"/>
				<edge label="H" idref="s2_43"/>
				<edge label="DAcom" idref="s2_521"/>
			</nt>
			<nt id="s2_521" cat="acl">
				<edge label="H" idref="s2_44"/>
				<edge label="X" idref="s2_522"/>
				<edge label="X" idref="s2_62"/>
			</nt>
			<nt id="s2_522" cat="np">
				<edge label="DN" idref="s2_45"/>
				<edge label="H" idref="s2_46"/>
			</nt>
			<nt id="s2_523" cat="x">
				<edge label="fA" idref="s2_49"/>
				<edge label="P" idref="s2_50"/>
				<edge label="Od" idref="s2_51"/>
				<edge label="fA" idref="s2_524"/>
			</nt>
			<nt id="s2_524" cat="pp">
				<edge label="H" idref="s2_52"/>
				<edge label="DP" idref="s2_525"/>
			</nt>
			<nt id="s2_525" cat="np">
				<edge label="DN" idref="s2_53"/>
				<edge label="H" idref="s2_54"/>
			</nt>
			<nt id="s2_526" cat="fcl">
				<edge label="S" idref="s2_527"/>
				<edge label="fA" idref="s2_58"/>
				<edge label="S" idref="s2_528"/>
				<edge label="P" idref="s2_61"/>
			</nt>
			<nt id="s2_527" cat="np">
				<edge label="DN" idref="s2_56"/>
				<edge label="H" idref="s2_57"/>
			</nt>
			<nt id="s2_528" cat="np">
				<edge label="DN" idref="s2_59"/>
				<edge label="H" idref="s2_60"/>
			</nt>
			<nt id="s2_529" cat="x">
				<edge label="fA" idref="s2_63"/>
				<edge label="P" idref="s2_64"/>
				<edge label="Op" idref="s2_530"/>
			</nt>
			<nt id="s2_530" cat="pp">
				<edge label="H" idref="s2_65"/>
				<edge label="DP" idref="s2_531"/>
			</nt>
			<nt id="s2_531" cat="icl">
				<edge label="P" idref="s2_66"/>
				<edge label="Od" idref="s2_532"/>
			</nt>
			<nt id="s2_532" cat="np">
				<edge label="DN" idref="s2_67"/>
				<edge label="H" idref="s2_68"/>
			</nt>
		</nonterminals>
	</graph>
</s>

	</body>
</corpus>
