<?xml version="1.0" encoding="UTF-8"?>
<corpus>

	<body>
<s id="s1" ref="1" source="Running text" forest="1" text="o aparelho possui um ótimo acabamento.">
	<graph root="s1_500">
		<terminals>
			<t id="s1_1" word="o" lemma="o" pos="art" morph="M S" extra="--"/>
			<t id="s1_2" word="aparelho" lemma="aparelho" pos="n" morph="M S" sem="tool" extra="--"/>
			<t id="s1_3" word="possui" lemma="possuir" pos="v-fin" morph="PR 3S IND VFIN" extra="vH fmc mv"/>
			<t id="s1_4" word="um" lemma="um" pos="art" morph="M S" extra="--"/>
			<t id="s1_5" word="ótimo" lemma="bom" pos="adj" morph="M S" extra="SUP jh"/>
			<t id="s1_6" word="acabamento" lemma="acabamento" pos="n" morph="M S" sem="act" extra="--"/>
			<t id="s1_7" word="." lemma="--" pos="pu" morph="--" extra="--"/>
		</terminals>

		<nonterminals>
			<nt id="s1_500" cat="s">
				<edge label="STA" idref="s1_501"/>
			</nt>
			<nt id="s1_501" cat="fcl">
				<edge label="S" idref="s1_502"/>
				<edge label="P" idref="s1_3"/>
				<edge label="Od" idref="s1_503"/>
				<edge label="PU" idref="s1_7"/>
			</nt>
			<nt id="s1_502" cat="np">
				<edge label="DN" idref="s1_1"/>
				<edge label="H" idref="s1_2"/>
			</nt>
			<nt id="s1_503" cat="np">
				<edge label="DN" idref="s1_4"/>
				<edge label="DN" idref="s1_5"/>
				<edge label="H" idref="s1_6"/>
			</nt>
		</nonterminals>
	</graph>
</s>

<s id="s2" ref="2" source="Running text" forest="1" text="o display não tem nenhum atrativo que não seja conhecido de outros smartphones.">
	<graph root="s2_500">
		<terminals>
			<t id="s2_1" word="o" lemma="o" pos="art" morph="M S" extra="--"/>
			<t id="s2_2" word="display" lemma="display" pos="n" morph="M S" sem="furn" extra="--"/>
			<t id="s2_3" word="não" lemma="não" pos="adv" morph="--" extra="--"/>
			<t id="s2_4" word="tem" lemma="ter" pos="v-fin" morph="PR 3S IND VFIN" extra="fmc mv"/>
			<t id="s2_5" word="nenhum" lemma="nenhum" pos="pron-indef" morph="DET M S" extra="quant"/>
			<t id="s2_6" word="atrativo" lemma="atrativo" pos="adj" morph="M S" extra="n jh"/>
			<t id="s2_7" word="que" lemma="que" pos="spec" morph="M S" extra="clb clb-fs rel"/>
			<t id="s2_8" word="não" lemma="não" pos="adv" morph="--" extra="--"/>
			<t id="s2_9" word="seja" lemma="ser" pos="v-fin" morph="PR 3S SUBJ VFIN" extra="aux np-close"/>
			<t id="s2_10" word="conhecido" lemma="conhecer" pos="v-pcp" morph="M S" extra="vH mv"/>
			<t id="s2_11" word="de" lemma="de" pos="prp" morph="--" extra="--"/>
			<t id="s2_12" word="outros" lemma="outro" pos="pron-indef" morph="DET M P" extra="diff KOMP"/>
			<t id="s2_13" word="smartphones" lemma="smartphone" pos="n" morph="M P" extra="heur foreign"/>
			<t id="s2_14" word="." lemma="--" pos="pu" morph="--" extra="--"/>
		</terminals>

		<nonterminals>
			<nt id="s2_500" cat="s">
				<edge label="STA" idref="s2_501"/>
			</nt>
			<nt id="s2_501" cat="fcl">
				<edge label="S" idref="s2_502"/>
				<edge label="fA" idref="s2_3"/>
				<edge label="P" idref="s2_4"/>
				<edge label="Od" idref="s2_503"/>
				<edge label="PU" idref="s2_14"/>
			</nt>
			<nt id="s2_502" cat="np">
				<edge label="DN" idref="s2_1"/>
				<edge label="H" idref="s2_2"/>
				<edge label="DN" idref="s2_504"/>
			</nt>
			<nt id="s2_503" cat="np">
				<edge label="DN" idref="s2_5"/>
				<edge label="H" idref="s2_6"/>
			</nt>
			<nt id="s2_504" cat="fcl">
				<edge label="S" idref="s2_7"/>
				<edge label="fA" idref="s2_8"/>
				<edge label="P" idref="s2_505"/>
				<edge label="fA" idref="s2_506"/>
			</nt>
			<nt id="s2_505" cat="vp">
				<edge label="Vaux" idref="s2_9"/>
				<edge label="Vm" idref="s2_10"/>
			</nt>
			<nt id="s2_506" cat="pp">
				<edge label="H" idref="s2_11"/>
				<edge label="DP" idref="s2_507"/>
			</nt>
			<nt id="s2_507" cat="np">
				<edge label="DN" idref="s2_12"/>
				<edge label="H" idref="s2_13"/>
			</nt>
		</nonterminals>
	</graph>
</s>

<s id="s3" ref="3" source="Running text" forest="1" text="o aparelho é muito, muito caro por o que oferece e além de o mais, não se pode nem ao menos baixar um angry birds gratuitamente.">
	<graph root="s3_500">
		<terminals>
			<t id="s3_1" word="o" lemma="o" pos="art" morph="M S" extra="--"/>
			<t id="s3_2" word="aparelho" lemma="aparelho" pos="n" morph="M S" sem="tool" extra="--"/>
			<t id="s3_3" word="é" lemma="ser" pos="v-fin" morph="PR 3S IND VFIN" extra="vK fmc mv"/>
			<t id="s3_4" word="muito" lemma="muito" pos="pron-indef" morph="DET M S" extra="quant"/>
			<t id="s3_5" word="," lemma="--" pos="pu" morph="--" extra="--"/>
			<t id="s3_6" word="muito" lemma="muito" pos="adv" morph="--" extra="quant"/>
			<t id="s3_7" word="caro" lemma="caro" pos="adj" morph="M S" extra="jh np-close"/>
			<t id="s3_8" word="por" lemma="por" pos="prp" morph="--" extra="sam-"/>
			<t id="s3_9" word="o" lemma="o" pos="pron-indef" morph="DET M S" extra="-sam"/>
			<t id="s3_10" word="que" lemma="que" pos="spec" morph="M S" extra="clb clb-fs rel"/>
			<t id="s3_11" word="oferece" lemma="oferecer" pos="v-fin" morph="PR 3S IND VFIN" extra="vH mv np-close"/>
			<t id="s3_12" word="e" lemma="e" pos="conj-c" morph="--" extra="--"/>
			<t id="s3_13" word="além_de" lemma="além_de" pos="prp" morph="--" extra="sam-"/>
			<t id="s3_14" word="o" lemma="o" pos="art" morph="M S" extra=" -sam"/>
			<t id="s3_15" word="mais" lemma="muito" pos="pron-indef" morph="DET M/F S/P" extra="quant KOMP"/>
			<t id="s3_16" word="," lemma="--" pos="pu" morph="--" extra="--"/>
			<t id="s3_17" word="não" lemma="não" pos="adv" morph="--" extra="--"/>
			<t id="s3_18" word="se" lemma="se" pos="conj-s" morph="--" extra="clb clb-fs"/>
			<t id="s3_19" word="pode" lemma="poder" pos="v-fin" morph="PR 3S IND VFIN" extra="aux"/>
			<t id="s3_20" word="nem" lemma="nem" pos="adv" morph="--" extra="--"/>
			<t id="s3_21" word="ao_menos" lemma="ao_menos" pos="adv" morph="--" extra="--"/>
			<t id="s3_22" word="baixar" lemma="baixar" pos="v-inf" morph="--" extra="mv"/>
			<t id="s3_23" word="um" lemma="um" pos="art" morph="M S" extra="--"/>
			<t id="s3_24" word="angry" lemma="angry" pos="n" morph="M S" extra="cjt-head cjt-head-Od foreign heur"/>
			<t id="s3_25" word="birds" lemma="bird" pos="n" morph="M P" extra="cjt-Od heur foreign"/>
			<t id="s3_26" word="gratuitamente" lemma="gratuitamente" pos="adv" morph="--" extra="--"/>
			<t id="s3_27" word="." lemma="--" pos="pu" morph="--" extra="--"/>
		</terminals>

		<nonterminals>
			<nt id="s3_500" cat="s">
				<edge label="STA" idref="s3_501"/>
			</nt>
			<nt id="s3_501" cat="fcl">
				<edge label="S" idref="s3_502"/>
				<edge label="P" idref="s3_3"/>
				<edge label="Cs" idref="s3_4"/>
				<edge label="PU" idref="s3_5"/>
				<edge label="fA" idref="s3_504"/>
				<edge label="PU" idref="s3_27"/>
			</nt>
			<nt id="s3_502" cat="np">
				<edge label="DN" idref="s3_1"/>
				<edge label="H" idref="s3_2"/>
				<edge label="DNc" idref="s3_503"/>
			</nt>
			<nt id="s3_503" cat="adjp">
				<edge label="DA" idref="s3_6"/>
				<edge label="H" idref="s3_7"/>
			</nt>
			<nt id="s3_504" cat="pp">
				<edge label="H" idref="s3_8"/>
				<edge label="DP" idref="s3_9"/>
				<edge label="DN" idref="s3_505"/>
			</nt>
			<nt id="s3_505" cat="fcl">
				<edge label="S" idref="s3_10"/>
				<edge label="P" idref="s3_11"/>
				<edge label="CO" idref="s3_12"/>
				<edge label="FOC" idref="s3_506"/>
				<edge label="fA" idref="s3_507"/>
				<edge label="PU" idref="s3_16"/>
				<edge label="fA" idref="s3_17"/>
			</nt>
			<nt id="s3_506" cat="pp">
				<edge label="H" idref="s3_13"/>
			</nt>
			<nt id="s3_507" cat="fcl">
				<edge label="DN" idref="s3_14"/>
				<edge label="DP" idref="s3_15"/>
				<edge label="SUB" idref="s3_18"/>
				<edge label="P" idref="s3_508"/>
				<edge label="fA" idref="s3_20"/>
				<edge label="fA" idref="s3_21"/>
				<edge label="Od" idref="s3_509"/>
				<edge label="fA" idref="s3_26"/>
			</nt>
			<nt id="s3_508" cat="vp">
				<edge label="Vaux" idref="s3_19"/>
				<edge label="Vm" idref="s3_22"/>
			</nt>
			<nt id="s3_509" cat="par">
				<edge label="CJT" idref="s3_510"/>
				<edge label="CJT" idref="s3_25"/>
			</nt>
			<nt id="s3_510" cat="np">
				<edge label="DN" idref="s3_23"/>
				<edge label="H" idref="s3_24"/>
			</nt>
		</nonterminals>
	</graph>
</s>

<s id="s4" ref="4" source="Running text" forest="1" text="não possui aplicativos, como google maps, ou outros oficiais como face.">
	<graph root="s4_500">
		<terminals>
			<t id="s4_1" word="não" lemma="não" pos="adv" morph="--" extra="--"/>
			<t id="s4_2" word="possui" lemma="possuir" pos="v-fin" morph="PR 3S IND VFIN" extra="vH fmc mv"/>
			<t id="s4_3" word="aplicativos" lemma="aplicativo" pos="n" morph="M P" sem="sem-c" extra="--"/>
			<t id="s4_4" word="," lemma="--" pos="pu" morph="--" extra="--"/>
			<t id="s4_5" word="como" lemma="como" pos="adv" morph="--" extra="clb clb-fs rel ks"/>
			<t id="s4_6" word="google" lemma="googler" pos="v-fin" morph="PR 3S IND VFIN" extra="foreign heur mv"/>
			<t id="s4_7" word="maps" lemma="map" pos="n" morph="M P" extra="heur"/>
			<t id="s4_8" word="," lemma="--" pos="pu" morph="--" extra="--"/>
			<t id="s4_9" word="ou" lemma="ou" pos="conj-c" morph="--" extra="--"/>
			<t id="s4_10" word="outros" lemma="outro" pos="pron-indef" morph="DET M P" extra="diff KOMP"/>
			<t id="s4_11" word="oficiais" lemma="oficial" pos="n" morph="M P" sem="Hprof" extra="--"/>
			<t id="s4_12" word="como" lemma="como" pos="prp" morph="--" extra="com adv-rel np-close"/>
			<t id="s4_13" word="face" lemma="face" pos="n" morph="F S" sem="anmov Lsurf am" extra="asarg"/>
			<t id="s4_14" word="." lemma="--" pos="pu" morph="--" extra="--"/>
		</terminals>

		<nonterminals>
			<nt id="s4_500" cat="s">
				<edge label="STA" idref="s4_501"/>
			</nt>
			<nt id="s4_501" cat="fcl">
				<edge label="fA" idref="s4_1"/>
				<edge label="P" idref="s4_2"/>
				<edge label="Od" idref="s4_3"/>
				<edge label="PU" idref="s4_4"/>
				<edge label="fA" idref="s4_502"/>
				<edge label="fCs" idref="s4_7"/>
				<edge label="PU" idref="s4_14"/>
			</nt>
			<nt id="s4_502" cat="fcl">
				<edge label="fA" idref="s4_5"/>
				<edge label="P" idref="s4_6"/>
				<edge label="PU" idref="s4_8"/>
				<edge label="fCs" idref="s4_503"/>
			</nt>
			<nt id="s4_503" cat="np">
				<edge label="CO" idref="s4_9"/>
				<edge label="DN" idref="s4_10"/>
				<edge label="H" idref="s4_11"/>
				<edge label="DN" idref="s4_504"/>
			</nt>
			<nt id="s4_504" cat="pp">
				<edge label="H" idref="s4_12"/>
				<edge label="DP" idref="s4_13"/>
			</nt>
		</nonterminals>
	</graph>
</s>

<s id="s5" ref="5" source="Running text" forest="1" text="bem, recomendo a quem for comprar, se possível passar alguns minutos com um aparelho similar para entender o que digo.">
	<graph root="s5_500">
		<terminals>
			<t id="s5_1" word="bem" lemma="bem" pos="adv" morph="--" extra="quant"/>
			<t id="s5_2" word="," lemma="--" pos="pu" morph="--" extra="--"/>
			<t id="s5_3" word="recomendo" lemma="recomendar" pos="v-fin" morph="PR 1S IND VFIN" extra="vH fmc mv"/>
			<t id="s5_4" word="a" lemma="a" pos="prp" morph="--" extra="--"/>
			<t id="s5_5" word="quem" lemma="quem" pos="spec" morph="M/F S" extra="clb clb-fs rel"/>
			<t id="s5_6" word="for" lemma="ir" pos="v-fin" morph="FUT 3S SUBJ VFIN" extra="aux"/>
			<t id="s5_7" word="comprar" lemma="comprar" pos="v-inf" morph="--" extra="vH mv"/>
			<t id="s5_8" word="," lemma="--" pos="pu" morph="--" extra="--"/>
			<t id="s5_9" word="se" lemma="se" pos="conj-s" morph="--" extra="clb clb-fs"/>
			<t id="s5_10" word="possível" lemma="possível" pos="adj" morph="M/F S" extra="nh"/>
			<t id="s5_11" word="passar" lemma="passar" pos="v-fin" morph="FUT 3S SUBJ VFIN" extra="mv"/>
			<t id="s5_12" word="alguns" lemma="algum" pos="pron-indef" morph="DET M P" extra="quant"/>
			<t id="s5_13" word="minutos" lemma="minuto" pos="n" morph="M P" sem="dur unit" extra="--"/>
			<t id="s5_14" word="com" lemma="com" pos="prp" morph="--" extra="--"/>
			<t id="s5_15" word="um" lemma="um" pos="art" morph="M S" extra="--"/>
			<t id="s5_16" word="aparelho" lemma="aparelho" pos="n" morph="M S" sem="tool" extra="--"/>
			<t id="s5_17" word="similar" lemma="similar" pos="adj" morph="M S" extra="nh np-close"/>
			<t id="s5_18" word="para" lemma="para" pos="prp" morph="--" extra="np-long"/>
			<t id="s5_19" word="entender" lemma="entender" pos="v-inf" morph="--" extra="vH mv"/>
			<t id="s5_20" word="o_que" lemma="o_que" pos="spec" morph="M S" extra="clb clb-fs interr"/>
			<t id="s5_21" word="digo" lemma="dizer" pos="v-fin" morph="PR 1S IND VFIN" extra="vH mv"/>
			<t id="s5_22" word="." lemma="--" pos="pu" morph="--" extra="--"/>
		</terminals>

		<nonterminals>
			<nt id="s5_500" cat="s">
				<edge label="STA" idref="s5_501"/>
			</nt>
			<nt id="s5_501" cat="fcl">
				<edge label="fA" idref="s5_1"/>
				<edge label="PU" idref="s5_2"/>
				<edge label="P" idref="s5_3"/>
				<edge label="As" idref="s5_502"/>
				<edge label="H" idref="s5_4"/>
				<edge label="DP" idref="s5_503"/>
				<edge label="PU" idref="s5_22"/>
			</nt>
			<nt id="s5_502" cat="pp">
			</nt>
			<nt id="s5_503" cat="fcl">
				<edge label="S" idref="s5_5"/>
				<edge label="P" idref="s5_504"/>
				<edge label="PU" idref="s5_8"/>
				<edge label="fA" idref="s5_505"/>
			</nt>
			<nt id="s5_504" cat="vp">
				<edge label="Vaux" idref="s5_6"/>
				<edge label="Vm" idref="s5_7"/>
			</nt>
			<nt id="s5_505" cat="fcl">
				<edge label="SUB" idref="s5_9"/>
				<edge label="S" idref="s5_10"/>
				<edge label="P" idref="s5_11"/>
				<edge label="Od" idref="s5_506"/>
				<edge label="fA" idref="s5_507"/>
			</nt>
			<nt id="s5_506" cat="np">
				<edge label="DN" idref="s5_12"/>
				<edge label="H" idref="s5_13"/>
			</nt>
			<nt id="s5_507" cat="pp">
				<edge label="H" idref="s5_14"/>
				<edge label="DP" idref="s5_508"/>
			</nt>
			<nt id="s5_508" cat="np">
				<edge label="DN" idref="s5_15"/>
				<edge label="H" idref="s5_16"/>
				<edge label="DN" idref="s5_17"/>
				<edge label="DN" idref="s5_509"/>
			</nt>
			<nt id="s5_509" cat="pp">
				<edge label="H" idref="s5_18"/>
				<edge label="DP" idref="s5_510"/>
			</nt>
			<nt id="s5_510" cat="icl">
				<edge label="P" idref="s5_19"/>
				<edge label="Od" idref="s5_511"/>
			</nt>
			<nt id="s5_511" cat="fcl">
				<edge label="Od" idref="s5_20"/>
				<edge label="P" idref="s5_21"/>
			</nt>
		</nonterminals>
	</graph>
</s>

<s id="s6" ref="6" source="Running text" forest="1" text="por o que é, number reais estaria mais do que bem pago..">
	<graph root="s6_500">
		<terminals>
			<t id="s6_1" word="por" lemma="por" pos="prp" morph="--" extra="sam-"/>
			<t id="s6_2" word="o" lemma="o" pos="pron-indef" morph="DET M S" extra="-sam"/>
			<t id="s6_3" word="que" lemma="que" pos="spec" morph="M S" extra="clb clb-fs rel"/>
			<t id="s6_4" word="é" lemma="ser" pos="v-fin" morph="PR 3S IND VFIN" extra="mv np-close"/>
			<t id="s6_5" word="," lemma="--" pos="pu" morph="--" extra="--"/>
			<t id="s6_6" word="number" lemma="number" pos="v-inf" morph="--" extra="heur mv"/>
			<t id="s6_7" word="reais" lemma="real" pos="n" morph="M P" sem="cur" extra="--"/>
			<t id="s6_8" word="estaria" lemma="estar" pos="v-fin" morph="COND 3S VFIN" extra="fmc mv"/>
			<t id="s6_9" word="mais" lemma="mais" pos="adv" morph="--" extra="--"/>
			<t id="s6_10" word="do_que" lemma="do_que" pos="conj-s" morph="--" extra="com"/>
			<t id="s6_11" word="bem" lemma="bem" pos="adv" morph="--" extra="quant"/>
			<t id="s6_12" word="pago" lemma="pagar" pos="v-pcp" morph="M S" extra="vH"/>
			<t id="s6_13" word="." lemma="--" pos="pu" morph="--" extra="--"/>
			<t id="s6_14" word="." lemma="--" pos="pu" morph="--" extra="--"/>
		</terminals>

		<nonterminals>
			<nt id="s6_500" cat="s">
				<edge label="STA" idref="s6_501"/>
			</nt>
			<nt id="s6_501" cat="fcl">
				<edge label="fA" idref="s6_502"/>
				<edge label="DN" idref="s6_503"/>
				<edge label="S" idref="s6_3"/>
				<edge label="P" idref="s6_4"/>
				<edge label="PU" idref="s6_5"/>
				<edge label="S" idref="s6_504"/>
				<edge label="P" idref="s6_8"/>
				<edge label="fA" idref="s6_9"/>
				<edge label="DAcom" idref="s6_505"/>
				<edge label="H" idref="s6_10"/>
				<edge label="X" idref="s6_506"/>
				<edge label="PU" idref="s6_13"/>
				<edge label="PU" idref="s6_14"/>
			</nt>
			<nt id="s6_502" cat="pp">
				<edge label="H" idref="s6_1"/>
				<edge label="DP" idref="s6_2"/>
			</nt>
			<nt id="s6_503" cat="fcl">
			</nt>
			<nt id="s6_504" cat="icl">
				<edge label="P" idref="s6_6"/>
				<edge label="Od" idref="s6_7"/>
			</nt>
			<nt id="s6_505" cat="acl">
			</nt>
			<nt id="s6_506" cat="adjp">
				<edge label="DA" idref="s6_11"/>
				<edge label="H" idref="s6_12"/>
			</nt>
		</nonterminals>
	</graph>
</s>

	</body>
</corpus>
