<?xml version="1.0" encoding="UTF-8"?>
<corpus>

	<body>
<s id="s1" ref="1" source="Running text" forest="1" text="decidi comprar este produto por a rapidez, e quando recebi fiquei ainda mais maravilhada com a compra.">
	<graph root="s1_500">
		<terminals>
			<t id="s1_1" word="decidi" lemma="decidir" pos="v-fin" morph="PS 1S IND VFIN" extra="nosubj nosubj cjt-head cjt-head-STA vH fmc mv"/>
			<t id="s1_2" word="comprar" lemma="comprar" pos="v-inf" morph="--" extra="vH mv"/>
			<t id="s1_3" word="este" lemma="este" pos="pron-dem" morph="DET M S" extra="dem"/>
			<t id="s1_4" word="produto" lemma="produto" pos="n" morph="M S" sem="cc-h mon ac-cat" extra="--"/>
			<t id="s1_5" word="por" lemma="por" pos="prp" morph="--" extra="sam-"/>
			<t id="s1_6" word="a" lemma="o" pos="art" morph="F S" extra="-sam "/>
			<t id="s1_7" word="rapidez" lemma="rapidez" pos="n" morph="F S" sem="am" extra="--"/>
			<t id="s1_8" word="," lemma="--" pos="pu" morph="--" extra="--"/>
			<t id="s1_9" word="e" lemma="e" pos="conj-c" morph="--" extra="--"/>
			<t id="s1_10" word="quando" lemma="quando" pos="adv" morph="--" extra="clb clb-fs rel ks"/>
			<t id="s1_11" word="recebi" lemma="receber" pos="v-fin" morph="PS 1S IND VFIN" extra="vH mv"/>
			<t id="s1_12" word="fiquei" lemma="ficar" pos="v-fin" morph="PS 1S IND VFIN" extra="nosubj nosubj cjt-STA vK fmc mv"/>
			<t id="s1_13" word="ainda" lemma="ainda" pos="adv" morph="--" extra="--"/>
			<t id="s1_14" word="mais" lemma="mais" pos="adv" morph="--" extra="quant KOMP"/>
			<t id="s1_15" word="maravilhada" lemma="maravilhar" pos="v-pcp" morph="F S" extra="vH jh mv"/>
			<t id="s1_16" word="com" lemma="com" pos="prp" morph="--" extra="--"/>
			<t id="s1_17" word="a" lemma="o" pos="art" morph="F S" extra="--"/>
			<t id="s1_18" word="compra" lemma="compra" pos="n" morph="F S" sem="act cc" extra="--"/>
			<t id="s1_19" word="." lemma="--" pos="pu" morph="--" extra="--"/>
		</terminals>

		<nonterminals>
			<nt id="s1_500" cat="s">
				<edge label="STA" idref="s1_501"/>
			</nt>
			<nt id="s1_501" cat="par">
				<edge label="CJT" idref="s1_502"/>
				<edge label="CJT" idref="s1_507"/>
				<edge label="PU" idref="s1_19"/>
			</nt>
			<nt id="s1_502" cat="fcl">
				<edge label="P" idref="s1_1"/>
				<edge label="Od" idref="s1_503"/>
			</nt>
			<nt id="s1_503" cat="icl">
				<edge label="P" idref="s1_2"/>
				<edge label="Od" idref="s1_504"/>
				<edge label="fA" idref="s1_505"/>
			</nt>
			<nt id="s1_504" cat="np">
				<edge label="DN" idref="s1_3"/>
				<edge label="H" idref="s1_4"/>
			</nt>
			<nt id="s1_505" cat="pp">
				<edge label="H" idref="s1_5"/>
				<edge label="DP" idref="s1_506"/>
			</nt>
			<nt id="s1_506" cat="np">
				<edge label="DN" idref="s1_6"/>
				<edge label="H" idref="s1_7"/>
				<edge label="PU" idref="s1_8"/>
				<edge label="CO" idref="s1_9"/>
			</nt>
			<nt id="s1_507" cat="x">
				<edge label="fA" idref="s1_508"/>
				<edge label="P" idref="s1_12"/>
				<edge label="Cs" idref="s1_509"/>
			</nt>
			<nt id="s1_508" cat="fcl">
				<edge label="fA" idref="s1_10"/>
				<edge label="P" idref="s1_11"/>
			</nt>
			<nt id="s1_509" cat="icl">
				<edge label="DA" idref="s1_510"/>
				<edge label="P" idref="s1_15"/>
				<edge label="fA" idref="s1_511"/>
			</nt>
			<nt id="s1_510" cat="advp">
				<edge label="DA" idref="s1_13"/>
				<edge label="H" idref="s1_14"/>
			</nt>
			<nt id="s1_511" cat="pp">
				<edge label="H" idref="s1_16"/>
				<edge label="DP" idref="s1_512"/>
			</nt>
			<nt id="s1_512" cat="np">
				<edge label="DN" idref="s1_17"/>
				<edge label="H" idref="s1_18"/>
			</nt>
		</nonterminals>
	</graph>
</s>

<s id="s2" ref="2" source="Running text" forest="1" text="não tenho nenhum ponto negativo com a compra que realizei, o que gostei primeiramente a marca que é nota dez, design do produto é lindo, suas funções e características são importantes para mim, o que não gostei não tenho nada a comentar sobre o produto está sendo muito útil para mim,.">
	<graph root="s2_500">
		<terminals>
			<t id="s2_1" word="não" lemma="não" pos="adv" morph="--" extra="--"/>
			<t id="s2_2" word="tenho" lemma="ter" pos="v-fin" morph="PR 1S IND VFIN" extra="nosubj nosubj nosubj nosubj nosubj nosubj nosubj nosubj nosubj nosubj nosubj nosubj cjt-head cjt-head-STA fmc mv"/>
			<t id="s2_3" word="nenhum" lemma="nenhum" pos="pron-indef" morph="DET M S" extra="quant"/>
			<t id="s2_4" word="ponto" lemma="ponto" pos="n" morph="M S" sem="Labs geom temp Lh sem-c unit" extra="--"/>
			<t id="s2_5" word="negativo" lemma="negativo" pos="adj" morph="M S" extra="nh np-close"/>
			<t id="s2_6" word="com" lemma="com" pos="prp" morph="--" extra="--"/>
			<t id="s2_7" word="a" lemma="o" pos="art" morph="F S" extra="--"/>
			<t id="s2_8" word="compra" lemma="compra" pos="n" morph="F S" sem="act cc" extra="--"/>
			<t id="s2_9" word="que" lemma="que" pos="spec" morph="M S" extra="clb clb-fs rel"/>
			<t id="s2_10" word="realizei" lemma="realizar" pos="v-fin" morph="PS 1S IND VFIN" extra="vH mv np-close"/>
			<t id="s2_11" word="," lemma="--" pos="pu" morph="--" extra="--"/>
			<t id="s2_12" word="o_que" lemma="o_que" pos="spec" morph="M S" extra="clb interr"/>
			<t id="s2_13" word="gostei" lemma="gostar" pos="v-fin" morph="PS 1S IND VFIN" extra="nosubj nosubj cjt-STA vH mv"/>
			<t id="s2_14" word="primeiramente" lemma="primeiramente" pos="adv" morph="--" extra="--"/>
			<t id="s2_15" word="a" lemma="o" pos="art" morph="F S" extra="--"/>
			<t id="s2_16" word="marca" lemma="marca" pos="n" morph="F S" sem="ac-sign Labs bar" extra="--"/>
			<t id="s2_17" word="que" lemma="que" pos="spec" morph="M S" extra="clb clb-fs rel"/>
			<t id="s2_18" word="é" lemma="ser" pos="v-fin" morph="PR 3S IND VFIN" extra="vK mv np-close"/>
			<t id="s2_19" word="nota" lemma="notar" pos="v-fin" morph="PR 3S IND VFIN" extra="cjt-STA vH fmc mv"/>
			<t id="s2_20" word="dez" lemma="dez" pos="num" morph="M/F P" extra="card"/>
			<t id="s2_21" word="," lemma="--" pos="pu" morph="--" extra="--"/>
			<t id="s2_22" word="design" lemma="design" pos="n" morph="M S" sem="percep-f domain" extra="--"/>
			<t id="s2_23" word="de" lemma="de" pos="prp" morph="--" extra="sam- np-close"/>
			<t id="s2_24" word="o" lemma="o" pos="art" morph="M S" extra="-sam "/>
			<t id="s2_25" word="produto" lemma="produto" pos="n" morph="M S" sem="cc-h mon ac-cat" extra="--"/>
			<t id="s2_26" word="é" lemma="ser" pos="v-fin" morph="PR 3S IND VFIN" extra="cjt-STA vK fmc mv"/>
			<t id="s2_27" word="lindo" lemma="lindo" pos="adj" morph="M S" extra="jh"/>
			<t id="s2_28" word="," lemma="--" pos="pu" morph="--" extra="--"/>
			<t id="s2_29" word="suas" lemma="seu" pos="pron-poss" morph="DET F P" extra="poss 3S"/>
			<t id="s2_30" word="funções" lemma="função" pos="n" morph="F P" sem="ac pos-soc occ" extra="--"/>
			<t id="s2_31" word="e" lemma="e" pos="conj-c" morph="--" extra="--"/>
			<t id="s2_32" word="características" lemma="característica" pos="n" morph="F P" sem="ac" extra="--"/>
			<t id="s2_33" word="são" lemma="ser" pos="v-fin" morph="PR 3P IND VFIN" extra="cjt-STA vK fmc mv"/>
			<t id="s2_34" word="importantes" lemma="importante" pos="adj" morph="F P" extra="--"/>
			<t id="s2_35" word="para" lemma="para" pos="prp" morph="--" extra="--"/>
			<t id="s2_36" word="mim" lemma="eu" pos="pron-pers" morph="M/F 1S PIV" extra="--"/>
			<t id="s2_37" word="," lemma="--" pos="pu" morph="--" extra="--"/>
			<t id="s2_38" word="o_que" lemma="o_que" pos="spec" morph="M S" extra="clb clb-fs rel"/>
			<t id="s2_39" word="não" lemma="não" pos="adv" morph="--" extra="--"/>
			<t id="s2_40" word="gostei" lemma="gostar" pos="v-fin" morph="PS 1S IND VFIN" extra="vH mv"/>
			<t id="s2_41" word="não" lemma="não" pos="adv" morph="--" extra="--"/>
			<t id="s2_42" word="tenho" lemma="ter" pos="v-fin" morph="PR 1S IND VFIN" extra="nosubj nosubj cjt-STA fmc mv"/>
			<t id="s2_43" word="nada" lemma="nada" pos="spec" morph="M S" extra="quant"/>
			<t id="s2_44" word="a" lemma="a" pos="prp" morph="--" extra="--"/>
			<t id="s2_45" word="comentar" lemma="comentar" pos="v-inf" morph="--" extra="vH mv"/>
			<t id="s2_46" word="sobre" lemma="sobre" pos="prp" morph="--" extra="--"/>
			<t id="s2_47" word="o" lemma="o" pos="art" morph="M S" extra="--"/>
			<t id="s2_48" word="produto" lemma="produto" pos="n" morph="M S" sem="cc-h mon ac-cat" extra="--"/>
			<t id="s2_49" word="está" lemma="estar" pos="v-fin" morph="PR 3S IND VFIN" extra="nosubj nosubj cjt-STA fmc aux"/>
			<t id="s2_50" word="sendo" lemma="ser" pos="v-ger" morph="--" extra="clb vK mv"/>
			<t id="s2_51" word="muito" lemma="muito" pos="adv" morph="--" extra="quant"/>
			<t id="s2_52" word="útil" lemma="útil" pos="adj" morph="M/F S" extra="nh"/>
			<t id="s2_53" word="para" lemma="para" pos="prp" morph="--" extra="--"/>
			<t id="s2_54" word="mim" lemma="eu" pos="pron-pers" morph="M/F 1S PIV" extra="--"/>
			<t id="s2_55" word="," lemma="--" pos="pu" morph="--" extra="--"/>
			<t id="s2_56" word="." lemma="--" pos="pu" morph="--" extra="--"/>
		</terminals>

		<nonterminals>
			<nt id="s2_500" cat="s">
				<edge label="STA" idref="s2_501"/>
			</nt>
			<nt id="s2_501" cat="par">
				<edge label="CJT" idref="s2_502"/>
				<edge label="PU" idref="s2_11"/>
				<edge label="CJT" idref="s2_507"/>
				<edge label="CJT" idref="s2_508"/>
				<edge label="PU" idref="s2_21"/>
				<edge label="CJT" idref="s2_511"/>
				<edge label="PU" idref="s2_28"/>
				<edge label="CJT" idref="s2_515"/>
				<edge label="CJT" idref="s2_519"/>
				<edge label="CJT" idref="s2_524"/>
				<edge label="PU" idref="s2_56"/>
			</nt>
			<nt id="s2_502" cat="fcl">
				<edge label="fA" idref="s2_1"/>
				<edge label="P" idref="s2_2"/>
				<edge label="Od" idref="s2_503"/>
				<edge label="fA" idref="s2_504"/>
			</nt>
			<nt id="s2_503" cat="np">
				<edge label="DN" idref="s2_3"/>
				<edge label="H" idref="s2_4"/>
				<edge label="DN" idref="s2_5"/>
			</nt>
			<nt id="s2_504" cat="pp">
				<edge label="H" idref="s2_6"/>
				<edge label="DP" idref="s2_505"/>
			</nt>
			<nt id="s2_505" cat="np">
				<edge label="DN" idref="s2_7"/>
				<edge label="H" idref="s2_8"/>
				<edge label="DN" idref="s2_506"/>
			</nt>
			<nt id="s2_506" cat="fcl">
				<edge label="Od" idref="s2_9"/>
				<edge label="P" idref="s2_10"/>
			</nt>
			<nt id="s2_507" cat="x">
				<edge label="X" idref="s2_12"/>
				<edge label="P" idref="s2_13"/>
				<edge label="fA" idref="s2_14"/>
			</nt>
			<nt id="s2_508" cat="fcl">
				<edge label="S" idref="s2_509"/>
				<edge label="P" idref="s2_19"/>
				<edge label="Od" idref="s2_20"/>
			</nt>
			<nt id="s2_509" cat="np">
				<edge label="DN" idref="s2_15"/>
				<edge label="H" idref="s2_16"/>
				<edge label="DN" idref="s2_510"/>
			</nt>
			<nt id="s2_510" cat="fcl">
				<edge label="S" idref="s2_17"/>
				<edge label="P" idref="s2_18"/>
			</nt>
			<nt id="s2_511" cat="fcl">
				<edge label="S" idref="s2_512"/>
				<edge label="P" idref="s2_26"/>
				<edge label="Cs" idref="s2_27"/>
			</nt>
			<nt id="s2_512" cat="np">
				<edge label="H" idref="s2_22"/>
				<edge label="DN" idref="s2_513"/>
			</nt>
			<nt id="s2_513" cat="pp">
				<edge label="H" idref="s2_23"/>
				<edge label="DP" idref="s2_514"/>
			</nt>
			<nt id="s2_514" cat="np">
				<edge label="DN" idref="s2_24"/>
				<edge label="H" idref="s2_25"/>
				<edge label="CO" idref="s2_31"/>
			</nt>
			<nt id="s2_515" cat="fcl">
				<edge label="S" idref="s2_516"/>
				<edge label="S" idref="s2_32"/>
				<edge label="P" idref="s2_33"/>
				<edge label="Cs" idref="s2_34"/>
				<edge label="fA" idref="s2_517"/>
				<edge label="PU" idref="s2_37"/>
				<edge label="Od" idref="s2_518"/>
			</nt>
			<nt id="s2_516" cat="np">
				<edge label="DN" idref="s2_29"/>
				<edge label="H" idref="s2_30"/>
			</nt>
			<nt id="s2_517" cat="pp">
				<edge label="H" idref="s2_35"/>
				<edge label="DP" idref="s2_36"/>
			</nt>
			<nt id="s2_518" cat="fcl">
				<edge label="X" idref="s2_38"/>
				<edge label="fA" idref="s2_39"/>
				<edge label="P" idref="s2_40"/>
				<edge label="fA" idref="s2_41"/>
			</nt>
			<nt id="s2_519" cat="x">
				<edge label="P" idref="s2_42"/>
				<edge label="Od" idref="s2_43"/>
				<edge label="fA" idref="s2_520"/>
			</nt>
			<nt id="s2_520" cat="pp">
				<edge label="H" idref="s2_44"/>
				<edge label="DP" idref="s2_521"/>
			</nt>
			<nt id="s2_521" cat="icl">
				<edge label="P" idref="s2_45"/>
				<edge label="fA" idref="s2_522"/>
			</nt>
			<nt id="s2_522" cat="pp">
				<edge label="H" idref="s2_46"/>
				<edge label="DP" idref="s2_523"/>
			</nt>
			<nt id="s2_523" cat="np">
				<edge label="DN" idref="s2_47"/>
				<edge label="H" idref="s2_48"/>
			</nt>
			<nt id="s2_524" cat="x">
				<edge label="P" idref="s2_525"/>
				<edge label="Cs" idref="s2_526"/>
			</nt>
			<nt id="s2_525" cat="vp">
				<edge label="Vaux" idref="s2_49"/>
				<edge label="Vm" idref="s2_50"/>
			</nt>
			<nt id="s2_526" cat="adjp">
				<edge label="DA" idref="s2_51"/>
				<edge label="H" idref="s2_52"/>
				<edge label="DA" idref="s2_527"/>
			</nt>
			<nt id="s2_527" cat="pp">
				<edge label="H" idref="s2_53"/>
				<edge label="DP" idref="s2_54"/>
				<edge label="PU" idref="s2_55"/>
			</nt>
		</nonterminals>
	</graph>
</s>

	</body>
</corpus>
