<?xml version="1.0" encoding="UTF-8"?>
<corpus>

	<body>
<s id="s1" ref="1" source="Running text" forest="1" text="o celular é muito bonito, mas tem recursos limitados, seu processador dá a impressão de ser lento e é fácil de arranhar.">
	<graph root="s1_500">
		<terminals>
			<t id="s1_1" word="o" lemma="o" pos="art" morph="M S" extra="--"/>
			<t id="s1_2" word="celular" lemma="celular" pos="adj" morph="M S" extra="n nh"/>
			<t id="s1_3" word="é" lemma="ser" pos="v-fin" morph="PR 3S IND VFIN" extra="nosubj nosubj nosubj nosubj cjt-head cjt-head-STA vK fmc mv"/>
			<t id="s1_4" word="muito" lemma="muito" pos="adv" morph="--" extra="quant"/>
			<t id="s1_5" word="bonito" lemma="bonito" pos="adj" morph="M S" extra="--"/>
			<t id="s1_6" word="," lemma="--" pos="pu" morph="--" extra="--"/>
			<t id="s1_7" word="mas" lemma="mas" pos="conj-c" morph="--" extra="clb"/>
			<t id="s1_8" word="tem" lemma="ter" pos="v-fin" morph="PR 3S IND VFIN" extra="nosubj nosubj cjt-STA fmc mv"/>
			<t id="s1_9" word="recursos" lemma="recurso" pos="n" morph="M P" sem="ac act-d sem-s mon" extra="--"/>
			<t id="s1_10" word="limitados" lemma="limitado" pos="adj" morph="M P" extra="nh np-close"/>
			<t id="s1_11" word="," lemma="--" pos="pu" morph="--" extra="--"/>
			<t id="s1_12" word="seu" lemma="seu" pos="pron-poss" morph="DET M S" extra="poss 3S"/>
			<t id="s1_13" word="processador" lemma="processador" pos="n" morph="M S" sem="mach" extra="--"/>
			<t id="s1_14" word="dá" lemma="dar" pos="v-fin" morph="PR 3S IND VFIN" extra="cjt-STA fmc mv"/>
			<t id="s1_15" word="a" lemma="o" pos="art" morph="F S" extra="--"/>
			<t id="s1_16" word="impressão" lemma="impressão" pos="n" morph="F S" sem="pict ac am" extra="--"/>
			<t id="s1_17" word="de" lemma="de" pos="prp" morph="--" extra="np-close"/>
			<t id="s1_18" word="ser" lemma="ser" pos="v-inf" morph="--" extra="vK mv"/>
			<t id="s1_19" word="lento" lemma="lento" pos="adj" morph="M S" extra="nh"/>
			<t id="s1_20" word="e" lemma="e" pos="conj-c" morph="--" extra="topkc"/>
			<t id="s1_21" word="é" lemma="ser" pos="v-fin" morph="PR 3S IND VFIN" extra="nosubj nosubj cjt-STA vK fmc mv"/>
			<t id="s1_22" word="fácil" lemma="fácil" pos="adj" morph="M S" extra="jh"/>
			<t id="s1_23" word="de" lemma="de" pos="prp" morph="--" extra="--"/>
			<t id="s1_24" word="arranhar" lemma="arranhar" pos="v-inf" morph="--" extra="vH mv"/>
			<t id="s1_25" word="." lemma="--" pos="pu" morph="--" extra="--"/>
		</terminals>

		<nonterminals>
			<nt id="s1_500" cat="s">
				<edge label="STA" idref="s1_501"/>
			</nt>
			<nt id="s1_501" cat="par">
				<edge label="CJT" idref="s1_502"/>
				<edge label="CJT" idref="s1_503"/>
				<edge label="PU" idref="s1_6"/>
				<edge label="CO" idref="s1_7"/>
				<edge label="PU" idref="s1_11"/>
				<edge label="CJT" idref="s1_506"/>
				<edge label="CO" idref="s1_20"/>
				<edge label="CJT" idref="s1_511"/>
				<edge label="PU" idref="s1_25"/>
			</nt>
			<nt id="s1_502" cat="fcl">
			</nt>
			<nt id="s1_503" cat="x">
				<edge label="Od" idref="s1_504"/>
				<edge label="S" idref="s1_2"/>
				<edge label="P" idref="s1_3"/>
				<edge label="Cs" idref="s1_505"/>
				<edge label="P" idref="s1_8"/>
			</nt>
			<nt id="s1_504" cat="np">
				<edge label="DN" idref="s1_1"/>
				<edge label="H" idref="s1_9"/>
				<edge label="DN" idref="s1_10"/>
			</nt>
			<nt id="s1_505" cat="adjp">
				<edge label="DA" idref="s1_4"/>
				<edge label="H" idref="s1_5"/>
			</nt>
			<nt id="s1_506" cat="fcl">
				<edge label="S" idref="s1_507"/>
				<edge label="P" idref="s1_14"/>
				<edge label="Od" idref="s1_508"/>
			</nt>
			<nt id="s1_507" cat="np">
				<edge label="DN" idref="s1_12"/>
				<edge label="H" idref="s1_13"/>
			</nt>
			<nt id="s1_508" cat="np">
				<edge label="DN" idref="s1_15"/>
				<edge label="H" idref="s1_16"/>
				<edge label="DN" idref="s1_509"/>
			</nt>
			<nt id="s1_509" cat="pp">
				<edge label="H" idref="s1_17"/>
				<edge label="DP" idref="s1_510"/>
			</nt>
			<nt id="s1_510" cat="icl">
				<edge label="P" idref="s1_18"/>
				<edge label="Cs" idref="s1_19"/>
			</nt>
			<nt id="s1_511" cat="x">
				<edge label="P" idref="s1_21"/>
				<edge label="Cs" idref="s1_512"/>
			</nt>
			<nt id="s1_512" cat="adjp">
				<edge label="H" idref="s1_22"/>
				<edge label="DA" idref="s1_513"/>
			</nt>
			<nt id="s1_513" cat="pp">
				<edge label="H" idref="s1_23"/>
				<edge label="DP" idref="s1_24"/>
			</nt>
		</nonterminals>
	</graph>
</s>

<s id="s2" ref="2" source="Running text" forest="1" text="uma boa compra se o preço estiver muito atrativo, mas existem opções melhores por o mesmo preço.">
	<graph root="s2_500">
		<terminals>
			<t id="s2_1" word="uma" lemma="um" pos="art" morph="F S" extra="--"/>
			<t id="s2_2" word="boa" lemma="bom" pos="adj" morph="F S" extra="jh"/>
			<t id="s2_3" word="compra" lemma="compra" pos="n" morph="F S" sem="act cc" extra="--"/>
			<t id="s2_4" word="se" lemma="se" pos="conj-s" morph="--" extra="clb clb-fs"/>
			<t id="s2_5" word="o" lemma="o" pos="art" morph="M S" extra="--"/>
			<t id="s2_6" word="preço" lemma="preço" pos="n" morph="M S" sem="f-q" extra="--"/>
			<t id="s2_7" word="estiver" lemma="estar" pos="v-fin" morph="FUT 3S SUBJ VFIN" extra="vK mv"/>
			<t id="s2_8" word="muito" lemma="muito" pos="adv" morph="--" extra="quant"/>
			<t id="s2_9" word="atrativo" lemma="atrativo" pos="adj" morph="M S" extra="--"/>
			<t id="s2_10" word="," lemma="--" pos="pu" morph="--" extra="--"/>
			<t id="s2_11" word="mas" lemma="mas" pos="conj-c" morph="--" extra="clb"/>
			<t id="s2_12" word="existem" lemma="existir" pos="v-fin" morph="PR 3P IND VFIN" extra="fmc mv"/>
			<t id="s2_13" word="opções" lemma="opção" pos="n" morph="F P" sem="sem-c" extra="--"/>
			<t id="s2_14" word="melhores" lemma="bom" pos="adj" morph="F P" extra="KOMP SUP jh np-close"/>
			<t id="s2_15" word="por" lemma="por" pos="prp" morph="--" extra="sam- np-long"/>
			<t id="s2_16" word="o" lemma="o" pos="art" morph="M S" extra="-sam "/>
			<t id="s2_17" word="mesmo" lemma="mesmo" pos="pron-indef" morph="DET M S" extra="diff KOMP"/>
			<t id="s2_18" word="preço" lemma="preço" pos="n" morph="M S" sem="f-q" extra="--"/>
			<t id="s2_19" word="." lemma="--" pos="pu" morph="--" extra="--"/>
		</terminals>

		<nonterminals>
			<nt id="s2_500" cat="s">
				<edge label="fA" idref="s2_501"/>
			</nt>
			<nt id="s2_501" cat="fcl">
				<edge label="S" idref="s2_502"/>
				<edge label="SUB" idref="s2_4"/>
				<edge label="S" idref="s2_503"/>
				<edge label="P" idref="s2_7"/>
				<edge label="Cs" idref="s2_504"/>
				<edge label="PU" idref="s2_10"/>
				<edge label="fA" idref="s2_505"/>
				<edge label="PU" idref="s2_19"/>
			</nt>
			<nt id="s2_502" cat="np">
				<edge label="DN" idref="s2_1"/>
				<edge label="DN" idref="s2_2"/>
				<edge label="H" idref="s2_3"/>
			</nt>
			<nt id="s2_503" cat="np">
				<edge label="DN" idref="s2_5"/>
				<edge label="H" idref="s2_6"/>
			</nt>
			<nt id="s2_504" cat="adjp">
				<edge label="DA" idref="s2_8"/>
				<edge label="H" idref="s2_9"/>
			</nt>
			<nt id="s2_505" cat="fcl">
				<edge label="CO" idref="s2_11"/>
				<edge label="P" idref="s2_12"/>
				<edge label="S" idref="s2_506"/>
			</nt>
			<nt id="s2_506" cat="np">
				<edge label="H" idref="s2_13"/>
				<edge label="DN" idref="s2_14"/>
				<edge label="DN" idref="s2_507"/>
			</nt>
			<nt id="s2_507" cat="pp">
				<edge label="H" idref="s2_15"/>
				<edge label="DP" idref="s2_508"/>
			</nt>
			<nt id="s2_508" cat="np">
				<edge label="DN" idref="s2_16"/>
				<edge label="DN" idref="s2_17"/>
				<edge label="H" idref="s2_18"/>
			</nt>
		</nonterminals>
	</graph>
</s>

<s id="s3" ref="3" source="Running text" forest="1" text="câmera com qualidade baixa, apesar de os number megapixels.">
	<graph root="s3_500">
		<terminals>
			<t id="s3_1" word="câmera" lemma="c�=mera" pos="n" morph="F S" sem="tool" extra="cjt-head cjt-head-X"/>
			<t id="s3_2" word="com" lemma="com" pos="prp" morph="--" extra="np-close"/>
			<t id="s3_3" word="qualidade" lemma="qualidade" pos="n" morph="F S" sem="percep-f f-c" extra="--"/>
			<t id="s3_4" word="baixa" lemma="baixo" pos="adj" morph="F S" extra="np-close"/>
			<t id="s3_5" word="," lemma="--" pos="pu" morph="--" extra="--"/>
			<t id="s3_6" word="apesar_de" lemma="apesar_de" pos="prp" morph="--" extra="sam-"/>
			<t id="s3_7" word="os" lemma="eles" pos="pron-pers" morph="M 3P ACC" extra="-sam"/>
			<t id="s3_8" word="number" lemma="number" pos="v-inf" morph="--" extra="heur mv"/>
			<t id="s3_9" word="megapixels" lemma="megapixel" pos="n" morph="M P" sem="unit" extra="cjt-X DERP"/>
			<t id="s3_10" word="." lemma="--" pos="pu" morph="--" extra="--"/>
		</terminals>

		<nonterminals>
			<nt id="s3_500" cat="s">
				<edge label="X" idref="s3_501"/>
			</nt>
			<nt id="s3_501" cat="par">
				<edge label="CJT" idref="s3_502"/>
				<edge label="H" idref="s3_1"/>
				<edge label="CJT" idref="s3_9"/>
				<edge label="PU" idref="s3_10"/>
			</nt>
			<nt id="s3_502" cat="np">
				<edge label="DN" idref="s3_503"/>
				<edge label="PU" idref="s3_5"/>
				<edge label="fA" idref="s3_505"/>
			</nt>
			<nt id="s3_503" cat="pp">
				<edge label="H" idref="s3_2"/>
				<edge label="DP" idref="s3_504"/>
			</nt>
			<nt id="s3_504" cat="np">
				<edge label="H" idref="s3_3"/>
				<edge label="DN" idref="s3_4"/>
			</nt>
			<nt id="s3_505" cat="pp">
				<edge label="H" idref="s3_6"/>
				<edge label="DP" idref="s3_506"/>
			</nt>
			<nt id="s3_506" cat="icl">
				<edge label="Od" idref="s3_7"/>
				<edge label="P" idref="s3_8"/>
			</nt>
		</nonterminals>
	</graph>
</s>

<s id="s4" ref="4" source="Running text" forest="1" text="o que gostei bonito o que não gostei fácil de arranhar, vidro do flip pode quebrar facilmente numa queda, demora a responder aos comandos do teclado, resolução do visor interno mais baixa que o dos concorrentes, bateria demora muito para carregar e descarrega rápido, câmera com qualidade baixa..">
	<graph root="s4_500">
		<terminals>
			<t id="s4_1" word="o" lemma="o" pos="pron-dem" morph="DET M S" extra="dem"/>
			<t id="s4_2" word="que" lemma="que" pos="spec" morph="M S" extra="clb clb-fs rel"/>
			<t id="s4_3" word="gostei" lemma="gostar" pos="v-fin" morph="PS 1S IND VFIN" extra="vH mv np-close"/>
			<t id="s4_4" word="bonito" lemma="bonito" pos="adj" morph="M S" extra="jh"/>
			<t id="s4_5" word="o" lemma="o" pos="pron-dem" morph="DET M S" extra="dem"/>
			<t id="s4_6" word="que" lemma="que" pos="spec" morph="M S" extra="clb clb-fs rel"/>
			<t id="s4_7" word="não" lemma="não" pos="adv" morph="--" extra="--"/>
			<t id="s4_8" word="gostei" lemma="gostar" pos="v-fin" morph="PS 1S IND VFIN" extra="vH mv np-close"/>
			<t id="s4_9" word="fácil" lemma="fácil" pos="adj" morph="M/F S" extra="--"/>
			<t id="s4_10" word="de" lemma="de" pos="prp" morph="--" extra="--"/>
			<t id="s4_11" word="arranhar" lemma="arranhar" pos="v-inf" morph="--" extra="vH mv"/>
			<t id="s4_12" word="," lemma="--" pos="pu" morph="--" extra="--"/>
			<t id="s4_13" word="vidro" lemma="vidro" pos="n" morph="M S" sem="mat Lsurf con" extra="--"/>
			<t id="s4_14" word="de" lemma="de" pos="prp" morph="--" extra="sam- np-close"/>
			<t id="s4_15" word="o" lemma="o" pos="art" morph="M S" extra="-sam "/>
			<t id="s4_16" word="flip" lemma="flip" pos="n" morph="M S" extra="heur"/>
			<t id="s4_17" word="pode" lemma="poder" pos="v-fin" morph="PR 3S IND VFIN" extra="predco predco predco predco fmc aux"/>
			<t id="s4_18" word="quebrar" lemma="quebrar" pos="v-inf" morph="--" extra="mv"/>
			<t id="s4_19" word="facilmente" lemma="facilmente" pos="adv" morph="--" extra="--"/>
			<t id="s4_20" word="em" lemma="em" pos="prp" morph="--" extra="--"/>
			<t id="s4_21" word="uma" lemma="um" pos="art" morph="F S" extra="--"/>
			<t id="s4_22" word="queda" lemma="queda" pos="n" morph="F S" sem="event" extra="--"/>
			<t id="s4_23" word="," lemma="--" pos="pu" morph="--" extra="--"/>
			<t id="s4_24" word="demora" lemma="demora" pos="n" morph="F S" sem="per" extra="--"/>
			<t id="s4_25" word="a" lemma="a" pos="prp" morph="--" extra="--"/>
			<t id="s4_26" word="responder" lemma="responder" pos="v-inf" morph="--" extra="mv"/>
			<t id="s4_27" word="a" lemma="a" pos="prp" morph="--" extra="sam-"/>
			<t id="s4_28" word="os" lemma="o" pos="art" morph="M P" extra="-sam "/>
			<t id="s4_29" word="comandos" lemma="comando" pos="n" morph="M P" sem="act-s activity HH" extra="--"/>
			<t id="s4_30" word="de" lemma="de" pos="prp" morph="--" extra="sam- np-close"/>
			<t id="s4_31" word="o" lemma="o" pos="art" morph="M S" extra="-sam "/>
			<t id="s4_32" word="teclado" lemma="teclado" pos="n" morph="M S" sem="cc-h mach" extra="--"/>
			<t id="s4_33" word="," lemma="--" pos="pu" morph="--" extra="--"/>
			<t id="s4_34" word="resolução" lemma="resolução" pos="n" morph="F S" sem="act" extra="--"/>
			<t id="s4_35" word="de" lemma="de" pos="prp" morph="--" extra="sam- np-close"/>
			<t id="s4_36" word="o" lemma="o" pos="art" morph="M S" extra="-sam "/>
			<t id="s4_37" word="visor" lemma="visor" pos="n" morph="M S" sem="tool" extra="--"/>
			<t id="s4_38" word="interno" lemma="interno" pos="adj" morph="M S" extra="nh np-close"/>
			<t id="s4_39" word="mais" lemma="mais" pos="adv" morph="--" extra="quant KOMP"/>
			<t id="s4_40" word="baixa" lemma="baixo" pos="adj" morph="F S" extra="np-close"/>
			<t id="s4_41" word="que" lemma="que" pos="conj-s" morph="--" extra="com"/>
			<t id="s4_42" word="o" lemma="o" pos="pron-dem" morph="DET M S" extra="dem"/>
			<t id="s4_43" word="de" lemma="de" pos="prp" morph="--" extra="sam- np-close"/>
			<t id="s4_44" word="os" lemma="o" pos="art" morph="M P" extra="-sam "/>
			<t id="s4_45" word="concorrentes" lemma="concorrente" pos="n" morph="M P" sem="H" extra="--"/>
			<t id="s4_46" word="," lemma="--" pos="pu" morph="--" extra="--"/>
			<t id="s4_47" word="bateria" lemma="bateria" pos="n" morph="F S" sem="tool" extra="--"/>
			<t id="s4_48" word="demora" lemma="demorar" pos="v-fin" morph="PR 3S IND VFIN" extra="cjt-STA fmc mv"/>
			<t id="s4_49" word="muito" lemma="muito" pos="pron-indef" morph="DET M S" extra="quant"/>
			<t id="s4_50" word="para" lemma="para" pos="prp" morph="--" extra="--"/>
			<t id="s4_51" word="carregar" lemma="carregar" pos="v-inf" morph="--" extra="vH mv"/>
			<t id="s4_52" word="e" lemma="e" pos="conj-c" morph="--" extra="--"/>
			<t id="s4_53" word="descarrega" lemma="descarregar" pos="v-fin" morph="PR 3S IND VFIN" extra="cjt-STA vH fmc mv"/>
			<t id="s4_54" word="rápido" lemma="rápido" pos="adj" morph="M S" extra="adv jh"/>
			<t id="s4_55" word="," lemma="--" pos="pu" morph="--" extra="--"/>
			<t id="s4_56" word="câmera" lemma="c�=mera" pos="n" morph="F S" sem="tool" extra="--"/>
			<t id="s4_57" word="com" lemma="com" pos="prp" morph="--" extra="np-close"/>
			<t id="s4_58" word="qualidade" lemma="qualidade" pos="n" morph="F S" sem="percep-f f-c" extra="--"/>
			<t id="s4_59" word="baixa" lemma="baixo" pos="adj" morph="F S" extra="np-close"/>
			<t id="s4_60" word="." lemma="--" pos="pu" morph="--" extra="--"/>
			<t id="s4_61" word="." lemma="--" pos="pu" morph="--" extra="--"/>
		</terminals>

		<nonterminals>
			<nt id="s4_500" cat="s">
				<edge label="STA" idref="s4_501"/>
			</nt>
			<nt id="s4_501" cat="fcl">
				<edge label="S" idref="s4_1"/>
				<edge label="DN" idref="s4_502"/>
				<edge label="S" idref="s4_2"/>
				<edge label="P" idref="s4_3"/>
				<edge label="S" idref="s4_5"/>
				<edge label="DN" idref="s4_504"/>
				<edge label="S" idref="s4_6"/>
				<edge label="fA" idref="s4_7"/>
				<edge label="P" idref="s4_8"/>
				<edge label="fCs" idref="s4_505"/>
				<edge label="PU" idref="s4_12"/>
				<edge label="S" idref="s4_507"/>
				<edge label="X" idref="s4_510"/>
				<edge label="PU" idref="s4_60"/>
				<edge label="PU" idref="s4_61"/>
			</nt>
			<nt id="s4_502" cat="fcl">
				<edge label="CJT" idref="s4_503"/>
			</nt>
			<nt id="s4_503" cat="fcl">
				<edge label="S" idref="s4_4"/>
			</nt>
			<nt id="s4_504" cat="fcl">
			</nt>
			<nt id="s4_505" cat="adjp">
				<edge label="H" idref="s4_9"/>
				<edge label="DA" idref="s4_506"/>
			</nt>
			<nt id="s4_506" cat="pp">
				<edge label="H" idref="s4_10"/>
				<edge label="DP" idref="s4_11"/>
			</nt>
			<nt id="s4_507" cat="np">
				<edge label="H" idref="s4_13"/>
				<edge label="DN" idref="s4_508"/>
			</nt>
			<nt id="s4_508" cat="pp">
				<edge label="H" idref="s4_14"/>
				<edge label="DP" idref="s4_509"/>
			</nt>
			<nt id="s4_509" cat="np">
				<edge label="DN" idref="s4_15"/>
				<edge label="H" idref="s4_16"/>
			</nt>
			<nt id="s4_510" cat="par">
				<edge label="CJT" idref="s4_511"/>
				<edge label="PU" idref="s4_33"/>
				<edge label="CJT" idref="s4_521"/>
				<edge label="CJT" idref="s4_530"/>
				<edge label="PU" idref="s4_55"/>
				<edge label="Od" idref="s4_531"/>
			</nt>
			<nt id="s4_511" cat="x">
				<edge label="P" idref="s4_512"/>
				<edge label="fA" idref="s4_19"/>
				<edge label="fA" idref="s4_513"/>
				<edge label="PU" idref="s4_23"/>
				<edge label="Od" idref="s4_24"/>
				<edge label="fA" idref="s4_515"/>
			</nt>
			<nt id="s4_512" cat="vp">
				<edge label="Vaux" idref="s4_17"/>
				<edge label="Vm" idref="s4_18"/>
			</nt>
			<nt id="s4_513" cat="pp">
				<edge label="H" idref="s4_20"/>
				<edge label="DP" idref="s4_514"/>
			</nt>
			<nt id="s4_514" cat="np">
				<edge label="DN" idref="s4_21"/>
				<edge label="H" idref="s4_22"/>
			</nt>
			<nt id="s4_515" cat="pp">
				<edge label="H" idref="s4_25"/>
				<edge label="DP" idref="s4_516"/>
			</nt>
			<nt id="s4_516" cat="icl">
				<edge label="P" idref="s4_26"/>
				<edge label="Op" idref="s4_517"/>
			</nt>
			<nt id="s4_517" cat="pp">
				<edge label="H" idref="s4_27"/>
				<edge label="DP" idref="s4_518"/>
			</nt>
			<nt id="s4_518" cat="np">
				<edge label="DN" idref="s4_28"/>
				<edge label="H" idref="s4_29"/>
				<edge label="DN" idref="s4_519"/>
			</nt>
			<nt id="s4_519" cat="pp">
				<edge label="H" idref="s4_30"/>
				<edge label="DP" idref="s4_520"/>
			</nt>
			<nt id="s4_520" cat="np">
				<edge label="DN" idref="s4_31"/>
				<edge label="H" idref="s4_32"/>
			</nt>
			<nt id="s4_521" cat="fcl">
				<edge label="S" idref="s4_522"/>
				<edge label="PU" idref="s4_46"/>
				<edge label="S" idref="s4_47"/>
				<edge label="P" idref="s4_48"/>
				<edge label="Od" idref="s4_49"/>
				<edge label="fA" idref="s4_529"/>
			</nt>
			<nt id="s4_522" cat="np">
				<edge label="H" idref="s4_34"/>
				<edge label="DN" idref="s4_523"/>
			</nt>
			<nt id="s4_523" cat="pp">
				<edge label="H" idref="s4_35"/>
				<edge label="DP" idref="s4_524"/>
			</nt>
			<nt id="s4_524" cat="np">
				<edge label="DN" idref="s4_36"/>
				<edge label="H" idref="s4_37"/>
				<edge label="DN" idref="s4_38"/>
				<edge label="DN" idref="s4_525"/>
				<edge label="DN" idref="s4_527"/>
			</nt>
			<nt id="s4_525" cat="adjp">
				<edge label="DA" idref="s4_39"/>
				<edge label="H" idref="s4_40"/>
				<edge label="DAcom" idref="s4_526"/>
			</nt>
			<nt id="s4_526" cat="acl">
				<edge label="H" idref="s4_41"/>
				<edge label="X" idref="s4_42"/>
			</nt>
			<nt id="s4_527" cat="pp">
				<edge label="H" idref="s4_43"/>
				<edge label="DP" idref="s4_528"/>
			</nt>
			<nt id="s4_528" cat="np">
				<edge label="DN" idref="s4_44"/>
				<edge label="H" idref="s4_45"/>
				<edge label="CO" idref="s4_52"/>
			</nt>
			<nt id="s4_529" cat="pp">
				<edge label="H" idref="s4_50"/>
				<edge label="DP" idref="s4_51"/>
				<edge label="H" idref="s4_56"/>
				<edge label="DN" idref="s4_532"/>
			</nt>
			<nt id="s4_530" cat="fcl">
				<edge label="P" idref="s4_53"/>
				<edge label="fCs" idref="s4_54"/>
			</nt>
			<nt id="s4_531" cat="np">
			</nt>
			<nt id="s4_532" cat="pp">
				<edge label="H" idref="s4_57"/>
				<edge label="DP" idref="s4_533"/>
			</nt>
			<nt id="s4_533" cat="np">
				<edge label="H" idref="s4_58"/>
				<edge label="DN" idref="s4_59"/>
			</nt>
		</nonterminals>
	</graph>
</s>

	</body>
</corpus>
