<?xml version="1.0" encoding="UTF-8"?>
<corpus>

	<body>
<s id="s1" ref="1" source="Running text" forest="1" text="toda a funcionalidade do aparelho se perde com uma bateria que não atende as necessidades.">
	<graph root="s1_500">
		<terminals>
			<t id="s1_1" word="toda_a" lemma="todo_o" pos="pron-indef" morph="DET F S" extra="quant"/>
			<t id="s1_2" word="funcionalidade" lemma="funcionalidade" pos="n" morph="F S" sem="percep-f" extra="--"/>
			<t id="s1_3" word="de" lemma="de" pos="prp" morph="--" extra="sam- np-close"/>
			<t id="s1_4" word="o" lemma="o" pos="art" morph="M S" extra="-sam "/>
			<t id="s1_5" word="aparelho" lemma="aparelho" pos="n" morph="M S" sem="tool" extra="--"/>
			<t id="s1_6" word="se" lemma="se" pos="pron-pers" morph="M/F 3S ACC" extra="refl pass"/>
			<t id="s1_7" word="perde" lemma="perder" pos="v-fin" morph="PR 3S IND VFIN" extra="fmc mv v-pron"/>
			<t id="s1_8" word="com" lemma="com" pos="prp" morph="--" extra="--"/>
			<t id="s1_9" word="uma" lemma="um" pos="art" morph="F S" extra="--"/>
			<t id="s1_10" word="bateria" lemma="bateria" pos="n" morph="F S" sem="tool" extra="--"/>
			<t id="s1_11" word="que" lemma="que" pos="spec" morph="M S" extra="clb clb-fs rel"/>
			<t id="s1_12" word="não" lemma="não" pos="adv" morph="--" extra="--"/>
			<t id="s1_13" word="atende" lemma="atender" pos="v-fin" morph="PR 3S IND VFIN" extra="vH mv np-close"/>
			<t id="s1_14" word="as" lemma="o" pos="art" morph="F P" extra="--"/>
			<t id="s1_15" word="necessidades" lemma="necessidade" pos="n" morph="F P" sem="am sit" extra="--"/>
			<t id="s1_16" word="." lemma="--" pos="pu" morph="--" extra="--"/>
		</terminals>

		<nonterminals>
			<nt id="s1_500" cat="s">
				<edge label="STA" idref="s1_501"/>
			</nt>
			<nt id="s1_501" cat="fcl">
				<edge label="S" idref="s1_502"/>
				<edge label="Od" idref="s1_6"/>
				<edge label="P" idref="s1_7"/>
				<edge label="fA" idref="s1_505"/>
				<edge label="PU" idref="s1_16"/>
			</nt>
			<nt id="s1_502" cat="np">
				<edge label="DN" idref="s1_1"/>
				<edge label="H" idref="s1_2"/>
				<edge label="DN" idref="s1_503"/>
			</nt>
			<nt id="s1_503" cat="pp">
				<edge label="H" idref="s1_3"/>
				<edge label="DP" idref="s1_504"/>
			</nt>
			<nt id="s1_504" cat="np">
				<edge label="DN" idref="s1_4"/>
				<edge label="H" idref="s1_5"/>
			</nt>
			<nt id="s1_505" cat="pp">
				<edge label="H" idref="s1_8"/>
				<edge label="DP" idref="s1_506"/>
			</nt>
			<nt id="s1_506" cat="np">
				<edge label="DN" idref="s1_9"/>
				<edge label="H" idref="s1_10"/>
				<edge label="DN" idref="s1_507"/>
			</nt>
			<nt id="s1_507" cat="fcl">
				<edge label="S" idref="s1_11"/>
				<edge label="fA" idref="s1_12"/>
				<edge label="P" idref="s1_13"/>
				<edge label="Od" idref="s1_508"/>
			</nt>
			<nt id="s1_508" cat="np">
				<edge label="DN" idref="s1_14"/>
				<edge label="H" idref="s1_15"/>
			</nt>
		</nonterminals>
	</graph>
</s>

<s id="s2" ref="2" source="Running text" forest="1" text="simplesmente ela não é capaz de suportar um uso diário de number ministério discagem e recebimento.">
	<graph root="s2_500">
		<terminals>
			<t id="s2_1" word="simplesmente" lemma="simplesmente" pos="adv" morph="--" extra="--"/>
			<t id="s2_2" word="ela" lemma="ela" pos="pron-pers" morph="F 3S NOM" extra="--"/>
			<t id="s2_3" word="não" lemma="não" pos="adv" morph="--" extra="--"/>
			<t id="s2_4" word="é" lemma="ser" pos="v-fin" morph="PR 3S IND VFIN" extra="vK fmc mv"/>
			<t id="s2_5" word="capaz" lemma="capaz" pos="adj" morph="F S" extra="jh"/>
			<t id="s2_6" word="de" lemma="de" pos="prp" morph="--" extra="--"/>
			<t id="s2_7" word="suportar" lemma="suportar" pos="v-inf" morph="--" extra="mv"/>
			<t id="s2_8" word="um" lemma="um" pos="art" morph="M S" extra="--"/>
			<t id="s2_9" word="uso" lemma="uso" pos="n" morph="M S" sem="act ac" extra="--"/>
			<t id="s2_10" word="diário" lemma="diário" pos="adj" morph="M S" extra="nh np-close"/>
			<t id="s2_11" word="de" lemma="de" pos="prp" morph="--" extra="np-close"/>
			<t id="s2_12" word="number" lemma="number" pos="n" morph="M S" extra="heur"/>
			<t id="s2_13" word="ministério" lemma="ministério" pos="n" morph="M S" sem="inst" extra="cjt-head cjt-head-S"/>
			<t id="s2_14" word="discagem" lemma="discagem" pos="n" morph="F S" sem="act" extra="cjt-S"/>
			<t id="s2_15" word="e" lemma="e" pos="conj-c" morph="--" extra="--"/>
			<t id="s2_16" word="recebimento" lemma="recebimento" pos="n" morph="M S" sem="act" extra="--"/>
			<t id="s2_17" word="." lemma="--" pos="pu" morph="--" extra="--"/>
		</terminals>

		<nonterminals>
			<nt id="s2_500" cat="s">
				<edge label="STA" idref="s2_501"/>
			</nt>
			<nt id="s2_501" cat="fcl">
				<edge label="fA" idref="s2_1"/>
				<edge label="S" idref="s2_2"/>
				<edge label="fA" idref="s2_3"/>
				<edge label="P" idref="s2_4"/>
				<edge label="Cs" idref="s2_502"/>
				<edge label="DP" idref="s2_16"/>
				<edge label="PU" idref="s2_17"/>
			</nt>
			<nt id="s2_502" cat="adjp">
				<edge label="H" idref="s2_5"/>
				<edge label="DA" idref="s2_503"/>
			</nt>
			<nt id="s2_503" cat="pp">
				<edge label="H" idref="s2_6"/>
				<edge label="DP" idref="s2_504"/>
			</nt>
			<nt id="s2_504" cat="fcl">
				<edge label="P" idref="s2_7"/>
				<edge label="Od" idref="s2_505"/>
				<edge label="S" idref="s2_507"/>
			</nt>
			<nt id="s2_505" cat="np">
				<edge label="DN" idref="s2_8"/>
				<edge label="H" idref="s2_9"/>
				<edge label="DN" idref="s2_10"/>
				<edge label="DN" idref="s2_506"/>
			</nt>
			<nt id="s2_506" cat="pp">
				<edge label="H" idref="s2_11"/>
				<edge label="DP" idref="s2_12"/>
			</nt>
			<nt id="s2_507" cat="par">
				<edge label="CJT" idref="s2_13"/>
				<edge label="CJT" idref="s2_14"/>
			</nt>
		</nonterminals>
	</graph>
</s>

<s id="s3" ref="3" source="Running text" forest="1" text="em stand adeus ela suporta menos de number dias.">
	<graph root="s3_500">
		<terminals>
			<t id="s3_1" word="em" lemma="em" pos="prp" morph="--" extra="--"/>
			<t id="s3_2" word="stand" lemma="stand" pos="n" morph="M S" sem="Lh" extra="--"/>
			<t id="s3_3" word="adeus" lemma="adeus" pos="intj" morph="--" extra="--"/>
			<t id="s3_4" word="ela" lemma="ela" pos="pron-pers" morph="F 3S NOM" extra="--"/>
			<t id="s3_5" word="suporta" lemma="suportar" pos="v-fin" morph="PR 3S IND VFIN" extra="fmc mv"/>
			<t id="s3_6" word="menos" lemma="pouco" pos="pron-indef" morph="DET M/F S/P" extra="cjt-head cjt-head-Od quant KOMP"/>
			<t id="s3_7" word="de" lemma="de" pos="prp" morph="--" extra="--"/>
			<t id="s3_8" word="number" lemma="number" pos="n" morph="M S" extra="heur"/>
			<t id="s3_9" word="dias" lemma="dia" pos="n" morph="M P" sem="temp dur per unit" extra="cjt-Od"/>
			<t id="s3_10" word="." lemma="--" pos="pu" morph="--" extra="--"/>
		</terminals>

		<nonterminals>
			<nt id="s3_500" cat="s">
				<edge label="fA" idref="s3_501"/>
			</nt>
			<nt id="s3_501" cat="x">
				<edge label="STA" idref="s3_502"/>
				<edge label="H" idref="s3_3"/>
				<edge label="PU" idref="s3_10"/>
			</nt>
			<nt id="s3_502" cat="fcl">
				<edge label="fA" idref="s3_503"/>
				<edge label="S" idref="s3_4"/>
				<edge label="P" idref="s3_5"/>
				<edge label="Od" idref="s3_504"/>
			</nt>
			<nt id="s3_503" cat="pp">
				<edge label="H" idref="s3_1"/>
				<edge label="DP" idref="s3_2"/>
			</nt>
			<nt id="s3_504" cat="par">
				<edge label="CJT" idref="s3_505"/>
				<edge label="CJT" idref="s3_9"/>
			</nt>
			<nt id="s3_505" cat="adjp">
				<edge label="H" idref="s3_6"/>
				<edge label="DAcom" idref="s3_506"/>
			</nt>
			<nt id="s3_506" cat="pp">
				<edge label="H" idref="s3_7"/>
				<edge label="DP" idref="s3_8"/>
			</nt>
		</nonterminals>
	</graph>
</s>

<s id="s4" ref="4" source="Running text" forest="1" text="ou seja você vai ficar sem bateria se usar muito o celular, ou vai fazer como eu, estar com o carregador sempre junto e usar como telefone fixo fixo na tomada com o carregador.">
	<graph root="s4_500">
		<terminals>
			<t id="s4_1" word="ou_seja" lemma="ou_seja" pos="adv" morph="--" extra="kc"/>
			<t id="s4_2" word="você" lemma="você" pos="pron-pers" morph="M/F 3S NOM" extra="--"/>
			<t id="s4_3" word="vai" lemma="ir" pos="v-fin" morph="PR 3S IND VFIN" extra="fmc aux"/>
			<t id="s4_4" word="ficar" lemma="ficar" pos="v-inf" morph="--" extra="vK mv"/>
			<t id="s4_5" word="sem" lemma="sem" pos="prp" morph="--" extra="--"/>
			<t id="s4_6" word="bateria" lemma="bateria" pos="n" morph="F S" sem="tool" extra="--"/>
			<t id="s4_7" word="se" lemma="se" pos="conj-s" morph="--" extra="clb clb-fs"/>
			<t id="s4_8" word="usar" lemma="usar" pos="v-fin" morph="FUT 3S SUBJ VFIN" extra="vH mv"/>
			<t id="s4_9" word="muito" lemma="muito" pos="adv" morph="--" extra="quant"/>
			<t id="s4_10" word="o" lemma="o" pos="art" morph="M S" extra="--"/>
			<t id="s4_11" word="celular" lemma="celular" pos="adj" morph="M S" extra="n nh"/>
			<t id="s4_12" word="," lemma="--" pos="pu" morph="--" extra="--"/>
			<t id="s4_13" word="ou" lemma="ou" pos="conj-c" morph="--" extra="--"/>
			<t id="s4_14" word="vai" lemma="ir" pos="v-fin" morph="PR 3S IND VFIN" extra="fmc aux"/>
			<t id="s4_15" word="fazer" lemma="fazer" pos="v-inf" morph="--" extra="cjt-head cjt-head-AUX mv"/>
			<t id="s4_16" word="como" lemma="como" pos="prp" morph="--" extra="com adv-rel"/>
			<t id="s4_17" word="eu" lemma="eu" pos="pron-pers" morph="M/F 1S NOM" extra="asarg"/>
			<t id="s4_18" word="," lemma="--" pos="pu" morph="--" extra="--"/>
			<t id="s4_19" word="estar" lemma="estar" pos="v-inf" morph="--" extra="cjt-AUX vK mv"/>
			<t id="s4_20" word="com" lemma="com" pos="prp" morph="--" extra="--"/>
			<t id="s4_21" word="o" lemma="o" pos="art" morph="M S" extra="--"/>
			<t id="s4_22" word="carregador" lemma="carregador" pos="n" morph="M S" sem="Hprof con" extra="--"/>
			<t id="s4_23" word="sempre" lemma="sempre" pos="adv" morph="--" extra="--"/>
			<t id="s4_24" word="junto" lemma="junto" pos="adv" morph="--" extra="np-close"/>
			<t id="s4_25" word="e" lemma="e" pos="conj-c" morph="--" extra="--"/>
			<t id="s4_26" word="usar" lemma="usar" pos="v-inf" morph="--" extra="cjt-AUX vH mv"/>
			<t id="s4_27" word="como" lemma="como" pos="prp" morph="--" extra="com adv-rel"/>
			<t id="s4_28" word="telefone" lemma="telefone" pos="n" morph="M S" sem="tool" extra="asarg"/>
			<t id="s4_29" word="fixo" lemma="fixar" pos="v-pcp" morph="M S" extra="vH np-close"/>
			<t id="s4_30" word="fixo" lemma="fixar" pos="v-pcp" morph="M S" extra="vH mv np-close"/>
			<t id="s4_31" word="em" lemma="em" pos="prp" morph="--" extra="sam-"/>
			<t id="s4_32" word="a" lemma="o" pos="art" morph="F S" extra="-sam "/>
			<t id="s4_33" word="tomada" lemma="tomada" pos="n" morph="F S" sem="act Lopening Lwater" extra="--"/>
			<t id="s4_34" word="com" lemma="com" pos="prp" morph="--" extra="--"/>
			<t id="s4_35" word="o" lemma="o" pos="art" morph="M S" extra="--"/>
			<t id="s4_36" word="carregador" lemma="carregador" pos="n" morph="M S" sem="Hprof con" extra="--"/>
			<t id="s4_37" word="." lemma="--" pos="pu" morph="--" extra="--"/>
		</terminals>

		<nonterminals>
			<nt id="s4_500" cat="s">
				<edge label="STA" idref="s4_501"/>
			</nt>
			<nt id="s4_501" cat="fcl">
				<edge label="fA" idref="s4_1"/>
				<edge label="S" idref="s4_2"/>
				<edge label="P" idref="s4_502"/>
				<edge label="Cs" idref="s4_503"/>
				<edge label="fA" idref="s4_504"/>
				<edge label="fA" idref="s4_505"/>
				<edge label="PU" idref="s4_37"/>
			</nt>
			<nt id="s4_502" cat="vp">
				<edge label="Vaux" idref="s4_3"/>
				<edge label="Vm" idref="s4_4"/>
			</nt>
			<nt id="s4_503" cat="pp">
				<edge label="H" idref="s4_5"/>
				<edge label="DP" idref="s4_6"/>
			</nt>
			<nt id="s4_504" cat="fcl">
				<edge label="SUB" idref="s4_7"/>
				<edge label="P" idref="s4_8"/>
				<edge label="fA" idref="s4_9"/>
			</nt>
			<nt id="s4_505" cat="fcl">
				<edge label="Od" idref="s4_506"/>
				<edge label="Paux" idref="s4_14"/>
				<edge label="Oaux" idref="s4_507"/>
			</nt>
			<nt id="s4_506" cat="np">
				<edge label="DN" idref="s4_10"/>
				<edge label="H" idref="s4_11"/>
				<edge label="PU" idref="s4_12"/>
				<edge label="CO" idref="s4_13"/>
			</nt>
			<nt id="s4_507" cat="par">
				<edge label="CJT" idref="s4_508"/>
				<edge label="PU" idref="s4_18"/>
				<edge label="CJT" idref="s4_510"/>
				<edge label="CJT" idref="s4_513"/>
			</nt>
			<nt id="s4_508" cat="icl">
				<edge label="P" idref="s4_15"/>
				<edge label="fA" idref="s4_509"/>
			</nt>
			<nt id="s4_509" cat="pp">
				<edge label="H" idref="s4_16"/>
				<edge label="DP" idref="s4_17"/>
			</nt>
			<nt id="s4_510" cat="icl">
				<edge label="P" idref="s4_19"/>
				<edge label="Cs" idref="s4_511"/>
				<edge label="fA" idref="s4_23"/>
			</nt>
			<nt id="s4_511" cat="pp">
				<edge label="H" idref="s4_20"/>
				<edge label="DP" idref="s4_512"/>
			</nt>
			<nt id="s4_512" cat="np">
				<edge label="DN" idref="s4_21"/>
				<edge label="H" idref="s4_22"/>
				<edge label="DNc" idref="s4_24"/>
				<edge label="CO" idref="s4_25"/>
			</nt>
			<nt id="s4_513" cat="icl">
				<edge label="P" idref="s4_26"/>
				<edge label="fA" idref="s4_514"/>
			</nt>
			<nt id="s4_514" cat="pp">
				<edge label="H" idref="s4_27"/>
				<edge label="DP" idref="s4_515"/>
			</nt>
			<nt id="s4_515" cat="np">
				<edge label="H" idref="s4_28"/>
				<edge label="DN" idref="s4_29"/>
				<edge label="DN" idref="s4_516"/>
			</nt>
			<nt id="s4_516" cat="icl">
				<edge label="P" idref="s4_30"/>
				<edge label="fA" idref="s4_517"/>
				<edge label="fA" idref="s4_519"/>
			</nt>
			<nt id="s4_517" cat="pp">
				<edge label="H" idref="s4_31"/>
				<edge label="DP" idref="s4_518"/>
			</nt>
			<nt id="s4_518" cat="np">
				<edge label="DN" idref="s4_32"/>
				<edge label="H" idref="s4_33"/>
			</nt>
			<nt id="s4_519" cat="pp">
				<edge label="H" idref="s4_34"/>
				<edge label="DP" idref="s4_520"/>
			</nt>
			<nt id="s4_520" cat="np">
				<edge label="DN" idref="s4_35"/>
				<edge label="H" idref="s4_36"/>
			</nt>
		</nonterminals>
	</graph>
</s>

<s id="s5" ref="5" source="Running text" forest="1" text="não recomendo.">
	<graph root="s5_500">
		<terminals>
			<t id="s5_1" word="não" lemma="não" pos="adv" morph="--" extra="--"/>
			<t id="s5_2" word="recomendo" lemma="recomendar" pos="v-fin" morph="PR 1S IND VFIN" extra="vH fmc mv"/>
			<t id="s5_3" word="." lemma="--" pos="pu" morph="--" extra="--"/>
		</terminals>

		<nonterminals>
			<nt id="s5_500" cat="s">
				<edge label="STA" idref="s5_501"/>
			</nt>
			<nt id="s5_501" cat="fcl">
				<edge label="fA" idref="s5_1"/>
				<edge label="P" idref="s5_2"/>
				<edge label="PU" idref="s5_3"/>
			</nt>
		</nonterminals>
	</graph>
</s>

<s id="s6" ref="6" source="Running text" forest="1" text="o que gostei belo design o que não gostei bateria de curta duração.">
	<graph root="s6_500">
		<terminals>
			<t id="s6_1" word="o" lemma="o" pos="pron-dem" morph="DET M S" extra="dem"/>
			<t id="s6_2" word="que" lemma="que" pos="spec" morph="M S" extra="clb rel"/>
			<t id="s6_3" word="gostei" lemma="gostar" pos="v-fin" morph="PS 1S IND VFIN" extra="vH mv"/>
			<t id="s6_4" word="belo" lemma="belo" pos="adj" morph="M S" extra="jh"/>
			<t id="s6_5" word="design" lemma="design" pos="n" morph="M S" sem="percep-f domain" extra="--"/>
			<t id="s6_6" word="o_que" lemma="o_que" pos="spec" morph="M S" extra="clb clb-fs rel"/>
			<t id="s6_7" word="não" lemma="não" pos="adv" morph="--" extra="--"/>
			<t id="s6_8" word="gostei" lemma="gostar" pos="v-fin" morph="PS 1S IND VFIN" extra="vH mv np-close"/>
			<t id="s6_9" word="bateria" lemma="bateria" pos="n" morph="F S" sem="tool" extra="--"/>
			<t id="s6_10" word="de" lemma="de" pos="prp" morph="--" extra="np-close"/>
			<t id="s6_11" word="curta" lemma="curto" pos="adj" morph="F S" extra="nh"/>
			<t id="s6_12" word="duração" lemma="duração" pos="n" morph="F S" sem="am" extra="--"/>
			<t id="s6_13" word="." lemma="--" pos="pu" morph="--" extra="--"/>
		</terminals>

		<nonterminals>
			<nt id="s6_500" cat="s">
				<edge label="X" idref="s6_501"/>
			</nt>
			<nt id="s6_501" cat="adjp">
				<edge label="H" idref="s6_1"/>
				<edge label="STA" idref="s6_502"/>
				<edge label="PU" idref="s6_13"/>
			</nt>
			<nt id="s6_502" cat="fcl">
				<edge label="X" idref="s6_2"/>
				<edge label="P" idref="s6_3"/>
				<edge label="S" idref="s6_503"/>
			</nt>
			<nt id="s6_503" cat="np">
				<edge label="DN" idref="s6_4"/>
				<edge label="H" idref="s6_5"/>
				<edge label="DN" idref="s6_504"/>
				<edge label="fCs" idref="s6_505"/>
			</nt>
			<nt id="s6_504" cat="fcl">
				<edge label="Od" idref="s6_6"/>
				<edge label="fA" idref="s6_7"/>
				<edge label="P" idref="s6_8"/>
			</nt>
			<nt id="s6_505" cat="np">
				<edge label="H" idref="s6_9"/>
				<edge label="DN" idref="s6_506"/>
			</nt>
			<nt id="s6_506" cat="pp">
				<edge label="H" idref="s6_10"/>
				<edge label="DP" idref="s6_507"/>
			</nt>
			<nt id="s6_507" cat="np">
				<edge label="DN" idref="s6_11"/>
				<edge label="H" idref="s6_12"/>
			</nt>
		</nonterminals>
	</graph>
</s>

	</body>
</corpus>
