<?xml version="1.0" encoding="UTF-8"?>
<corpus>

	<body>
<s id="s1" ref="1" source="Running text" forest="1" text="aparelho por dar problema a cada number meses não mantendo a privacidade no uso uma vez que so funciona no viva voz, não acredito que seja uma boa compra.">
	<graph root="s1_500">
		<terminals>
			<t id="s1_1" word="aparelho" lemma="aparelho" pos="n" morph="M S" sem="tool" extra="clb"/>
			<t id="s1_2" word="por" lemma="por" pos="prp" morph="--" extra="np-close"/>
			<t id="s1_3" word="dar" lemma="dar" pos="v-inf" morph="3S" extra="mv"/>
			<t id="s1_4" word="problema" lemma="problema" pos="n" morph="M S" sem="ac" extra="--"/>
			<t id="s1_5" word="a" lemma="a" pos="prp" morph="--" extra="--"/>
			<t id="s1_6" word="cada" lemma="cada" pos="pron-indef" morph="DET M S" extra="quant"/>
			<t id="s1_7" word="number" lemma="number" pos="n" morph="M S" extra="heur"/>
			<t id="s1_8" word="meses" lemma="mês" pos="n" morph="M P" sem="dur per unit" extra="--"/>
			<t id="s1_9" word="não" lemma="não" pos="adv" morph="--" extra="--"/>
			<t id="s1_10" word="mantendo" lemma="manter" pos="v-ger" morph="--" extra="clb vH mv"/>
			<t id="s1_11" word="a" lemma="o" pos="art" morph="F S" extra="--"/>
			<t id="s1_12" word="privacidade" lemma="privacidade" pos="n" morph="F S" sem="am sit" extra="--"/>
			<t id="s1_13" word="em" lemma="em" pos="prp" morph="--" extra="sam- np-close"/>
			<t id="s1_14" word="o" lemma="o" pos="art" morph="M S" extra="-sam "/>
			<t id="s1_15" word="uso" lemma="uso" pos="n" morph="M S" sem="act ac" extra="--"/>
			<t id="s1_16" word="uma_vez_que" lemma="uma_vez_que" pos="conj-s" morph="--" extra="clb clb-fs"/>
			<t id="s1_17" word="so" lemma="só" pos="adv" morph="--" extra="--"/>
			<t id="s1_18" word="funciona" lemma="funcionar" pos="v-fin" morph="PR 3S IND VFIN" extra="mv"/>
			<t id="s1_19" word="em" lemma="em" pos="prp" morph="--" extra="sam-"/>
			<t id="s1_20" word="o" lemma="o" pos="art" morph="M S" extra="-sam "/>
			<t id="s1_21" word="viva" lemma="viva" pos="intj" morph="--" extra="--"/>
			<t id="s1_22" word="voz" lemma="voz" pos="n" morph="F S" sem="f-h percep-l ac-cat" extra="--"/>
			<t id="s1_23" word="," lemma="--" pos="pu" morph="--" extra="--"/>
			<t id="s1_24" word="não" lemma="não" pos="adv" morph="--" extra="--"/>
			<t id="s1_25" word="acredito" lemma="acreditar" pos="v-fin" morph="PR 1S IND VFIN" extra="vH fmc mv"/>
			<t id="s1_26" word="que" lemma="que" pos="conj-s" morph="--" extra="clb clb-fs"/>
			<t id="s1_27" word="seja" lemma="ser" pos="v-fin" morph="PR 1/3S SUBJ VFIN" extra="vK mv"/>
			<t id="s1_28" word="uma" lemma="um" pos="art" morph="F S" extra="--"/>
			<t id="s1_29" word="boa" lemma="bom" pos="adj" morph="F S" extra="jh"/>
			<t id="s1_30" word="compra" lemma="compra" pos="n" morph="F S" sem="act cc" extra="--"/>
			<t id="s1_31" word="." lemma="--" pos="pu" morph="--" extra="--"/>
		</terminals>

		<nonterminals>
			<nt id="s1_500" cat="s">
				<edge label="UTT" idref="s1_501"/>
			</nt>
			<nt id="s1_501" cat="x">
				<edge label="S" idref="s1_502"/>
				<edge label="PU" idref="s1_31"/>
			</nt>
			<nt id="s1_502" cat="np">
				<edge label="H" idref="s1_1"/>
				<edge label="DN" idref="s1_503"/>
			</nt>
			<nt id="s1_503" cat="pp">
				<edge label="H" idref="s1_2"/>
				<edge label="DP" idref="s1_504"/>
			</nt>
			<nt id="s1_504" cat="icl">
				<edge label="P" idref="s1_3"/>
				<edge label="Od" idref="s1_4"/>
				<edge label="Op" idref="s1_505"/>
				<edge label="fA" idref="s1_507"/>
			</nt>
			<nt id="s1_505" cat="pp">
				<edge label="H" idref="s1_5"/>
				<edge label="DP" idref="s1_506"/>
			</nt>
			<nt id="s1_506" cat="np">
				<edge label="DN" idref="s1_6"/>
				<edge label="H" idref="s1_7"/>
			</nt>
			<nt id="s1_507" cat="advp">
				<edge label="fA" idref="s1_508"/>
				<edge label="fA" idref="s1_9"/>
				<edge label="P" idref="s1_10"/>
				<edge label="Od" idref="s1_509"/>
			</nt>
			<nt id="s1_508" cat="fcl">
				<edge label="S" idref="s1_8"/>
				<edge label="SUB" idref="s1_16"/>
				<edge label="fA" idref="s1_17"/>
				<edge label="P" idref="s1_18"/>
				<edge label="fA" idref="s1_19"/>
				<edge label="Co" idref="s1_512"/>
				<edge label="fA" idref="s1_513"/>
			</nt>
			<nt id="s1_509" cat="np">
				<edge label="DN" idref="s1_11"/>
				<edge label="H" idref="s1_12"/>
				<edge label="DN" idref="s1_510"/>
			</nt>
			<nt id="s1_510" cat="pp">
				<edge label="H" idref="s1_13"/>
				<edge label="DP" idref="s1_511"/>
			</nt>
			<nt id="s1_511" cat="np">
				<edge label="DN" idref="s1_14"/>
				<edge label="H" idref="s1_15"/>
				<edge label="PU" idref="s1_23"/>
				<edge label="fA" idref="s1_24"/>
				<edge label="Od" idref="s1_514"/>
			</nt>
			<nt id="s1_512" cat="np">
				<edge label="DN" idref="s1_20"/>
			</nt>
			<nt id="s1_513" cat="x">
				<edge label="H" idref="s1_21"/>
				<edge label="H" idref="s1_22"/>
				<edge label="STA" idref="s1_25"/>
			</nt>
			<nt id="s1_514" cat="fcl">
				<edge label="SUB" idref="s1_26"/>
				<edge label="P" idref="s1_27"/>
				<edge label="Cs" idref="s1_515"/>
			</nt>
			<nt id="s1_515" cat="np">
				<edge label="DN" idref="s1_28"/>
				<edge label="DN" idref="s1_29"/>
				<edge label="H" idref="s1_30"/>
			</nt>
		</nonterminals>
	</graph>
</s>

<s id="s2" ref="2" source="Running text" forest="1" text="alem de não ter o melhor modulo de visor e opções de toque.">
	<graph root="s2_500">
		<terminals>
			<t id="s2_1" word="alem" lemma="além" pos="adv" morph="--" extra="--"/>
			<t id="s2_2" word="de" lemma="de" pos="prp" morph="--" extra="--"/>
			<t id="s2_3" word="não" lemma="não" pos="adv" morph="--" extra="--"/>
			<t id="s2_4" word="ter" lemma="ter" pos="v-inf" morph="--" extra="mv"/>
			<t id="s2_5" word="o" lemma="ele" pos="pron-pers" morph="M 3S ACC" extra="--"/>
			<t id="s2_6" word="melhor" lemma="melhor" pos="adv" morph="--" extra="KOMP SUP"/>
			<t id="s2_7" word="modulo" lemma="modular" pos="v-fin" morph="PR 1S IND VFIN" extra="vH fmc mv"/>
			<t id="s2_8" word="de" lemma="de" pos="prp" morph="--" extra="--"/>
			<t id="s2_9" word="visor" lemma="visor" pos="n" morph="M S" sem="tool" extra="cjt-head cjt-head-DP"/>
			<t id="s2_10" word="e" lemma="e" pos="conj-c" morph="--" extra="--"/>
			<t id="s2_11" word="opções" lemma="opção" pos="n" morph="F P" sem="sem-c" extra="cjt-DP"/>
			<t id="s2_12" word="de" lemma="de" pos="prp" morph="--" extra="np-close"/>
			<t id="s2_13" word="toque" lemma="toque" pos="n" morph="M S" sem="act-d percep-l" extra="--"/>
			<t id="s2_14" word="." lemma="--" pos="pu" morph="--" extra="--"/>
		</terminals>

		<nonterminals>
			<nt id="s2_500" cat="s">
				<edge label="STA" idref="s2_501"/>
			</nt>
			<nt id="s2_501" cat="fcl">
				<edge label="fA" idref="s2_502"/>
				<edge label="Od" idref="s2_5"/>
				<edge label="fA" idref="s2_6"/>
				<edge label="P" idref="s2_7"/>
				<edge label="fA" idref="s2_504"/>
				<edge label="PU" idref="s2_14"/>
			</nt>
			<nt id="s2_502" cat="pp">
				<edge label="DP" idref="s2_503"/>
				<edge label="H" idref="s2_2"/>
			</nt>
			<nt id="s2_503" cat="icl">
				<edge label="fA" idref="s2_1"/>
				<edge label="fA" idref="s2_3"/>
				<edge label="P" idref="s2_4"/>
			</nt>
			<nt id="s2_504" cat="pp">
				<edge label="H" idref="s2_8"/>
				<edge label="DP" idref="s2_505"/>
			</nt>
			<nt id="s2_505" cat="par">
				<edge label="CJT" idref="s2_9"/>
				<edge label="CJT" idref="s2_506"/>
			</nt>
			<nt id="s2_506" cat="np">
				<edge label="DN" idref="s2_507"/>
				<edge label="H" idref="s2_11"/>
				<edge label="-DN" idref="s2_12"/>
			</nt>
			<nt id="s2_507" cat="pp">
				<edge label="CO" idref="s2_10"/>
				<edge label="DP" idref="s2_13"/>
			</nt>
		</nonterminals>
	</graph>
</s>

<s id="s3" ref="3" source="Running text" forest="1" text="o que gostei pequeno, cabe bem na bolsa.">
	<graph root="s3_500">
		<terminals>
			<t id="s3_1" word="o" lemma="o" pos="pron-dem" morph="DET M S" extra="dem"/>
			<t id="s3_2" word="que" lemma="que" pos="spec" morph="M S" extra="clb clb-fs rel"/>
			<t id="s3_3" word="gostei" lemma="gostar" pos="v-fin" morph="PS 1S IND VFIN" extra="vH mv np-close"/>
			<t id="s3_4" word="pequeno" lemma="pequeno" pos="n" morph="M S" sem="H" extra="--"/>
			<t id="s3_5" word="," lemma="--" pos="pu" morph="--" extra="--"/>
			<t id="s3_6" word="cabe" lemma="caber" pos="v-fin" morph="PR 3S IND VFIN" extra="vN fmc mv"/>
			<t id="s3_7" word="bem" lemma="bem" pos="adv" morph="--" extra="quant"/>
			<t id="s3_8" word="em" lemma="em" pos="prp" morph="--" extra="sam-"/>
			<t id="s3_9" word="a" lemma="o" pos="art" morph="F S" extra="-sam "/>
			<t id="s3_10" word="bolsa" lemma="bolsa" pos="n" morph="F S" sem="con mon inst" extra="--"/>
			<t id="s3_11" word="." lemma="--" pos="pu" morph="--" extra="--"/>
		</terminals>

		<nonterminals>
			<nt id="s3_500" cat="s">
				<edge label="UTT" idref="s3_501"/>
			</nt>
			<nt id="s3_501" cat="x">
				<edge label="DN" idref="s3_503"/>
				<edge label="S" idref="s3_2"/>
				<edge label="P" idref="s3_3"/>
				<edge label="fCs" idref="s3_4"/>
				<edge label="PU" idref="s3_5"/>
				<edge label="P" idref="s3_6"/>
				<edge label="fA" idref="s3_7"/>
				<edge label="Op" idref="s3_504"/>
				<edge label="PU" idref="s3_11"/>
			</nt>
			<nt id="s3_502" cat="fcl">
				<edge label="S" idref="s3_1"/>
			</nt>
			<nt id="s3_503" cat="fcl">
			</nt>
			<nt id="s3_504" cat="pp">
				<edge label="H" idref="s3_8"/>
				<edge label="DP" idref="s3_505"/>
			</nt>
			<nt id="s3_505" cat="np">
				<edge label="DN" idref="s3_9"/>
				<edge label="H" idref="s3_10"/>
			</nt>
		</nonterminals>
	</graph>
</s>

<s id="s4" ref="4" source="Running text" forest="1" text="bom viva voz o que não gostei a cada number meses o mesmo apresenta um problema de so funcionar no viva voz.">
	<graph root="s4_500">
		<terminals>
			<t id="s4_1" word="bom" lemma="bom" pos="adj" morph="M S" extra="--"/>
			<t id="s4_2" word="viva" lemma="vivo" pos="adj" morph="F S" extra="--"/>
			<t id="s4_3" word="voz" lemma="voz" pos="n" morph="F S" sem="f-h percep-l ac-cat" extra="--"/>
			<t id="s4_4" word="o" lemma="o" pos="pron-dem" morph="DET M S" extra="dem"/>
			<t id="s4_5" word="que" lemma="que" pos="spec" morph="M S" extra="clb clb-fs rel"/>
			<t id="s4_6" word="não" lemma="não" pos="adv" morph="--" extra="--"/>
			<t id="s4_7" word="gostei" lemma="gostar" pos="v-fin" morph="PS 1S IND VFIN" extra="vH mv np-close"/>
			<t id="s4_8" word="a" lemma="a" pos="prp" morph="--" extra="--"/>
			<t id="s4_9" word="cada" lemma="cada" pos="pron-indef" morph="DET M S" extra="quant"/>
			<t id="s4_10" word="number" lemma="number" pos="n" morph="M S" extra="heur"/>
			<t id="s4_11" word="meses" lemma="mês" pos="n" morph="M P" sem="dur per unit" extra="--"/>
			<t id="s4_12" word="o" lemma="o" pos="art" morph="M S" extra="--"/>
			<t id="s4_13" word="mesmo" lemma="mesmo" pos="pron-indef" morph="DET M S" extra="diff KOMP"/>
			<t id="s4_14" word="apresenta" lemma="apresentar" pos="v-fin" morph="PR 3S IND VFIN" extra="vH fmc mv"/>
			<t id="s4_15" word="um" lemma="um" pos="art" morph="M S" extra="--"/>
			<t id="s4_16" word="problema" lemma="problema" pos="n" morph="M S" sem="ac" extra="--"/>
			<t id="s4_17" word="de" lemma="de" pos="prp" morph="--" extra="np-close"/>
			<t id="s4_18" word="so" lemma="só" pos="adv" morph="--" extra="--"/>
			<t id="s4_19" word="funcionar" lemma="funcionar" pos="v-inf" morph="--" extra="mv"/>
			<t id="s4_20" word="em" lemma="em" pos="prp" morph="--" extra="sam-"/>
			<t id="s4_21" word="o" lemma="o" pos="art" morph="M S" extra="-sam "/>
			<t id="s4_22" word="viva" lemma="viva" pos="intj" morph="--" extra="--"/>
			<t id="s4_23" word="voz" lemma="voz" pos="n" morph="F S" sem="f-h percep-l ac-cat" extra="--"/>
			<t id="s4_24" word="." lemma="--" pos="pu" morph="--" extra="--"/>
		</terminals>

		<nonterminals>
			<nt id="s4_500" cat="s">
				<edge label="STA" idref="s4_501"/>
			</nt>
			<nt id="s4_501" cat="fcl">
				<edge label="S" idref="s4_502"/>
				<edge label="S" idref="s4_4"/>
				<edge label="fCs" idref="s4_11"/>
				<edge label="Od" idref="s4_506"/>
				<edge label="S" idref="s4_13"/>
				<edge label="P" idref="s4_14"/>
				<edge label="PU" idref="s4_24"/>
			</nt>
			<nt id="s4_502" cat="np">
				<edge label="DN" idref="s4_1"/>
				<edge label="DN" idref="s4_2"/>
				<edge label="H" idref="s4_3"/>
				<edge label="DN" idref="s4_503"/>
			</nt>
			<nt id="s4_503" cat="fcl">
				<edge label="S" idref="s4_5"/>
				<edge label="fA" idref="s4_6"/>
				<edge label="P" idref="s4_7"/>
				<edge label="fA" idref="s4_504"/>
			</nt>
			<nt id="s4_504" cat="pp">
				<edge label="H" idref="s4_8"/>
				<edge label="DP" idref="s4_505"/>
			</nt>
			<nt id="s4_505" cat="np">
				<edge label="DN" idref="s4_9"/>
				<edge label="H" idref="s4_10"/>
			</nt>
			<nt id="s4_506" cat="np">
				<edge label="DN" idref="s4_12"/>
				<edge label="DN" idref="s4_15"/>
				<edge label="H" idref="s4_16"/>
				<edge label="DN" idref="s4_507"/>
			</nt>
			<nt id="s4_507" cat="pp">
				<edge label="H" idref="s4_17"/>
				<edge label="DP" idref="s4_508"/>
			</nt>
			<nt id="s4_508" cat="icl">
				<edge label="fA" idref="s4_18"/>
				<edge label="P" idref="s4_19"/>
				<edge label="fA" idref="s4_20"/>
				<edge label="fCs" idref="s4_509"/>
				<edge label="fA" idref="s4_22"/>
			</nt>
			<nt id="s4_509" cat="np">
				<edge label="DN" idref="s4_21"/>
				<edge label="H" idref="s4_23"/>
			</nt>
		</nonterminals>
	</graph>
</s>

<s id="s5" ref="5" source="Running text" forest="1" text="nextel faz a troca, da um aparelho novo e novamente em number meses o mesmo problema foi apresentado..">
	<graph root="s5_500">
		<terminals>
			<t id="s5_1" word="nextel" lemma="nextel" pos="n" morph="M S" extra="heur"/>
			<t id="s5_2" word="faz" lemma="fazer" pos="v-fin" morph="PR 3S IND VFIN" extra="cjt-head cjt-head-STA fmc mv"/>
			<t id="s5_3" word="a" lemma="o" pos="art" morph="F S" extra="--"/>
			<t id="s5_4" word="troca" lemma="troca" pos="n" morph="F S" sem="act" extra="--"/>
			<t id="s5_5" word="," lemma="--" pos="pu" morph="--" extra="--"/>
			<t id="s5_6" word="de" lemma="de" pos="prp" morph="--" extra="sam- np-close"/>
			<t id="s5_7" word="a" lemma="o" pos="art" morph="F S" extra="-sam "/>
			<t id="s5_8" word="um" lemma="um" pos="art" morph="M S" extra="--"/>
			<t id="s5_9" word="aparelho" lemma="aparelho" pos="n" morph="M S" sem="tool" extra="--"/>
			<t id="s5_10" word="novo" lemma="novo" pos="adj" morph="M S" extra="np-close"/>
			<t id="s5_11" word="e" lemma="e" pos="conj-c" morph="--" extra="--"/>
			<t id="s5_12" word="novamente" lemma="novamente" pos="adv" morph="--" extra="--"/>
			<t id="s5_13" word="em" lemma="em" pos="prp" morph="--" extra="--"/>
			<t id="s5_14" word="number" lemma="number" pos="v-inf" morph="--" extra="heur mv"/>
			<t id="s5_15" word="meses" lemma="mês" pos="n" morph="M P" sem="dur per unit" extra="--"/>
			<t id="s5_16" word="o" lemma="o" pos="art" morph="M S" extra="--"/>
			<t id="s5_17" word="mesmo" lemma="mesmo" pos="pron-indef" morph="DET M S" extra="diff KOMP"/>
			<t id="s5_18" word="problema" lemma="problema" pos="n" morph="M S" sem="ac" extra="--"/>
			<t id="s5_19" word="foi" lemma="ser" pos="v-fin" morph="PS 3S IND VFIN" extra="cjt-STA fmc aux"/>
			<t id="s5_20" word="apresentado" lemma="apresentar" pos="v-pcp" morph="M S" extra="vH mv"/>
			<t id="s5_21" word="." lemma="--" pos="pu" morph="--" extra="--"/>
			<t id="s5_22" word="." lemma="--" pos="pu" morph="--" extra="--"/>
		</terminals>

		<nonterminals>
			<nt id="s5_500" cat="s">
				<edge label="STA" idref="s5_501"/>
			</nt>
			<nt id="s5_501" cat="par">
				<edge label="CJT" idref="s5_502"/>
				<edge label="CJT" idref="s5_508"/>
				<edge label="PU" idref="s5_21"/>
				<edge label="PU" idref="s5_22"/>
			</nt>
			<nt id="s5_502" cat="fcl">
				<edge label="S" idref="s5_1"/>
				<edge label="P" idref="s5_2"/>
				<edge label="Od" idref="s5_503"/>
				<edge label="fA" idref="s5_506"/>
			</nt>
			<nt id="s5_503" cat="np">
				<edge label="DN" idref="s5_3"/>
				<edge label="H" idref="s5_4"/>
				<edge label="PU" idref="s5_5"/>
				<edge label="DNc" idref="s5_504"/>
			</nt>
			<nt id="s5_504" cat="pp">
				<edge label="H" idref="s5_6"/>
				<edge label="DP" idref="s5_505"/>
			</nt>
			<nt id="s5_505" cat="np">
				<edge label="DN" idref="s5_7"/>
				<edge label="DN" idref="s5_8"/>
				<edge label="H" idref="s5_9"/>
				<edge label="DN" idref="s5_10"/>
				<edge label="CO" idref="s5_11"/>
				<edge label="FOC" idref="s5_12"/>
			</nt>
			<nt id="s5_506" cat="pp">
				<edge label="H" idref="s5_13"/>
				<edge label="DP" idref="s5_507"/>
			</nt>
			<nt id="s5_507" cat="icl">
				<edge label="P" idref="s5_14"/>
				<edge label="Od" idref="s5_15"/>
			</nt>
			<nt id="s5_508" cat="fcl">
				<edge label="S" idref="s5_509"/>
				<edge label="P" idref="s5_510"/>
			</nt>
			<nt id="s5_509" cat="np">
				<edge label="DN" idref="s5_16"/>
				<edge label="DN" idref="s5_17"/>
				<edge label="H" idref="s5_18"/>
			</nt>
			<nt id="s5_510" cat="vp">
				<edge label="Vaux" idref="s5_19"/>
				<edge label="Vm" idref="s5_20"/>
			</nt>
		</nonterminals>
	</graph>
</s>

	</body>
</corpus>
