<?xml version="1.0" encoding="UTF-8"?>
<corpus>

	<body>
<s id="s1" ref="1" source="Running text" forest="1" text="e a melhor marca e junto bom os produtos da lg o que gostei legal ótimo e perfeito ^^ o que não gostei não gosto de em outras marcas so da lg.">
	<graph root="s1_500">
		<terminals>
			<t id="s1_1" word="e" lemma="e" pos="conj-c" morph="--" extra="--"/>
			<t id="s1_2" word="a" lemma="o" pos="art" morph="F S" extra="--"/>
			<t id="s1_3" word="melhor" lemma="bom" pos="adj" morph="F S" extra="KOMP SUP"/>
			<t id="s1_4" word="marca" lemma="marca" pos="n" morph="F S" sem="ac-sign Labs bar" extra="cjt-head cjt-head-S"/>
			<t id="s1_5" word="e" lemma="e" pos="conj-c" morph="--" extra="--"/>
			<t id="s1_6" word="junto" lemma="junto" pos="adv" morph="--" extra="--"/>
			<t id="s1_7" word="bom" lemma="bom" pos="adj" morph="M S" extra="np-close"/>
			<t id="s1_8" word="os" lemma="o" pos="art" morph="M P" extra="--"/>
			<t id="s1_9" word="produtos" lemma="produto" pos="n" morph="M P" sem="cc-h mon ac-cat" extra="cjt-S"/>
			<t id="s1_10" word="de" lemma="de" pos="prp" morph="--" extra="sam- np-close"/>
			<t id="s1_11" word="a" lemma="o" pos="art" morph="F S" extra="-sam "/>
			<t id="s1_12" word="lg" lemma="lg" pos="n" morph="F S" extra="foreign"/>
			<t id="s1_13" word="o" lemma="o" pos="pron-dem" morph="DET M S" extra="cjt-S dem"/>
			<t id="s1_14" word="que" lemma="que" pos="spec" morph="M S" extra="clb clb-fs rel"/>
			<t id="s1_15" word="gostei" lemma="gostar" pos="v-fin" morph="PS 1S IND VFIN" extra="vH mv np-close"/>
			<t id="s1_16" word="legal" lemma="legal" pos="adj" morph="M/F S" extra="nh"/>
			<t id="s1_17" word="ótimo" lemma="bom" pos="adj" morph="M S" extra="SUP np-close"/>
			<t id="s1_18" word="e" lemma="e" pos="conj-c" morph="--" extra="--"/>
			<t id="s1_19" word="perfeito" lemma="perfeito" pos="adj" morph="M S" extra="np-close"/>
			<t id="s1_20" word="^^" lemma="^^" pos="adv" morph="--" extra="--"/>
			<t id="s1_21" word="o" lemma="o" pos="pron-dem" morph="DET M S" extra="dem"/>
			<t id="s1_22" word="que" lemma="que" pos="spec" morph="M S" extra="clb clb-fs rel"/>
			<t id="s1_23" word="não" lemma="não" pos="adv" morph="--" extra="--"/>
			<t id="s1_24" word="gostei" lemma="gostar" pos="v-fin" morph="PS 1S IND VFIN" extra="vH mv np-close"/>
			<t id="s1_25" word="não" lemma="não" pos="adv" morph="--" extra="--"/>
			<t id="s1_26" word="gosto" lemma="gostar" pos="v-fin" morph="PR 1S IND VFIN" extra="vH fmc mv"/>
			<t id="s1_27" word="de" lemma="de" pos="prp" morph="--" extra="--"/>
			<t id="s1_28" word="em" lemma="em" pos="prp" morph="--" extra="sam-"/>
			<t id="s1_29" word="outras" lemma="outro" pos="pron-indef" morph="DET F P" extra="-sam diff"/>
			<t id="s1_30" word="marcas" lemma="marca" pos="n" morph="F P" sem="ac-sign Labs bar" extra="--"/>
			<t id="s1_31" word="so" lemma="só" pos="adv" morph="--" extra="--"/>
			<t id="s1_32" word="de" lemma="de" pos="prp" morph="--" extra="sam- np-close"/>
			<t id="s1_33" word="a" lemma="o" pos="art" morph="F S" extra="-sam "/>
			<t id="s1_34" word="lg" lemma="lg" pos="n" morph="F S" extra="foreign"/>
			<t id="s1_35" word="." lemma="--" pos="pu" morph="--" extra="--"/>
		</terminals>

		<nonterminals>
			<nt id="s1_500" cat="s">
				<edge label="STA" idref="s1_501"/>
			</nt>
			<nt id="s1_501" cat="fcl">
				<edge label="S" idref="s1_502"/>
				<edge label="S" idref="s1_21"/>
				<edge label="P" idref="s1_26"/>
				<edge label="Op" idref="s1_511"/>
				<edge label="PU" idref="s1_35"/>
			</nt>
			<nt id="s1_502" cat="par">
				<edge label="CJT" idref="s1_503"/>
				<edge label="CJT" idref="s1_505"/>
				<edge label="CJT" idref="s1_13"/>
			</nt>
			<nt id="s1_503" cat="np">
				<edge label="DN" idref="s1_504"/>
				<edge label="DN" idref="s1_2"/>
				<edge label="DN" idref="s1_3"/>
				<edge label="H" idref="s1_4"/>
			</nt>
			<nt id="s1_504" cat="adjp">
				<edge label="CO" idref="s1_1"/>
				<edge label="CO" idref="s1_5"/>
				<edge label="DA" idref="s1_6"/>
				<edge label="H" idref="s1_7"/>
			</nt>
			<nt id="s1_505" cat="np">
				<edge label="DN" idref="s1_8"/>
				<edge label="H" idref="s1_9"/>
				<edge label="DN" idref="s1_506"/>
			</nt>
			<nt id="s1_506" cat="pp">
				<edge label="H" idref="s1_10"/>
				<edge label="DP" idref="s1_507"/>
			</nt>
			<nt id="s1_507" cat="np">
				<edge label="DN" idref="s1_11"/>
				<edge label="H" idref="s1_12"/>
				<edge label="DN" idref="s1_508"/>
				<edge label="DN" idref="s1_17"/>
				<edge label="DN" idref="s1_509"/>
				<edge label="DN" idref="s1_510"/>
			</nt>
			<nt id="s1_508" cat="fcl">
				<edge label="S" idref="s1_14"/>
				<edge label="P" idref="s1_15"/>
				<edge label="fCs" idref="s1_16"/>
			</nt>
			<nt id="s1_509" cat="adjp">
				<edge label="CO" idref="s1_18"/>
				<edge label="H" idref="s1_19"/>
				<edge label="fA" idref="s1_20"/>
			</nt>
			<nt id="s1_510" cat="fcl">
				<edge label="S" idref="s1_22"/>
				<edge label="fA" idref="s1_23"/>
				<edge label="P" idref="s1_24"/>
				<edge label="fA" idref="s1_25"/>
			</nt>
			<nt id="s1_511" cat="pp">
				<edge label="H" idref="s1_27"/>
				<edge label="DP" idref="s1_512"/>
			</nt>
			<nt id="s1_512" cat="pp">
				<edge label="H" idref="s1_28"/>
				<edge label="DP" idref="s1_513"/>
			</nt>
			<nt id="s1_513" cat="np">
				<edge label="DN" idref="s1_29"/>
				<edge label="H" idref="s1_30"/>
				<edge label="DN" idref="s1_514"/>
			</nt>
			<nt id="s1_514" cat="pp">
				<edge label="DPmod" idref="s1_31"/>
				<edge label="H" idref="s1_32"/>
				<edge label="DP" idref="s1_515"/>
			</nt>
			<nt id="s1_515" cat="np">
				<edge label="DN" idref="s1_33"/>
				<edge label="H" idref="s1_34"/>
			</nt>
		</nonterminals>
	</graph>
</s>

	</body>
</corpus>
