<?xml version="1.0" encoding="UTF-8"?>
<corpus>

	<body>
<s id="s1" ref="1" source="Running text" forest="1" text="apresentou após number dias de uso defeito de fabricação.">
	<graph root="s1_500">
		<terminals>
			<t id="s1_1" word="apresentou" lemma="apresentar" pos="v-fin" morph="PS 3S IND VFIN" extra="vH fmc mv"/>
			<t id="s1_2" word="após" lemma="após" pos="adv" morph="--" extra="--"/>
			<t id="s1_3" word="number" lemma="number" pos="n" morph="M S" extra="heur"/>
			<t id="s1_4" word="dias" lemma="dia" pos="n" morph="M P" sem="temp dur per unit" extra="--"/>
			<t id="s1_5" word="de" lemma="de" pos="prp" morph="--" extra="np-close"/>
			<t id="s1_6" word="uso" lemma="uso" pos="n" morph="M S" sem="act ac" extra="--"/>
			<t id="s1_7" word="defeito" lemma="defeito" pos="n" morph="M S" sem="ac" extra="--"/>
			<t id="s1_8" word="de" lemma="de" pos="prp" morph="--" extra="np-close"/>
			<t id="s1_9" word="fabricação" lemma="fabricação" pos="n" morph="F S" sem="act" extra="--"/>
			<t id="s1_10" word="." lemma="--" pos="pu" morph="--" extra="--"/>
		</terminals>

		<nonterminals>
			<nt id="s1_500" cat="s">
				<edge label="STA" idref="s1_501"/>
			</nt>
			<nt id="s1_501" cat="fcl">
				<edge label="P" idref="s1_1"/>
				<edge label="fA" idref="s1_2"/>
				<edge label="Od" idref="s1_3"/>
				<edge label="fCs" idref="s1_502"/>
				<edge label="H" idref="s1_4"/>
				<edge label="DN" idref="s1_503"/>
				<edge label="fCs" idref="s1_504"/>
				<edge label="H" idref="s1_7"/>
				<edge label="DN" idref="s1_505"/>
				<edge label="PU" idref="s1_10"/>
			</nt>
			<nt id="s1_502" cat="np">
			</nt>
			<nt id="s1_503" cat="pp">
				<edge label="H" idref="s1_5"/>
				<edge label="DP" idref="s1_6"/>
			</nt>
			<nt id="s1_504" cat="np">
			</nt>
			<nt id="s1_505" cat="pp">
				<edge label="H" idref="s1_8"/>
				<edge label="DP" idref="s1_9"/>
			</nt>
		</nonterminals>
	</graph>
</s>

<s id="s2" ref="2" source="Running text" forest="1" text="foi para assistência e averiguaram que não tem conserto.">
	<graph root="s2_500">
		<terminals>
			<t id="s2_1" word="foi" lemma="ir" pos="v-fin" morph="PS 3S IND VFIN" extra="nosubj nosubj cjt-head cjt-head-STA fmc mv"/>
			<t id="s2_2" word="para" lemma="para" pos="prp" morph="--" extra="--"/>
			<t id="s2_3" word="assistência" lemma="assistência" pos="n" morph="F S" sem="am" extra="--"/>
			<t id="s2_4" word="e" lemma="e" pos="conj-c" morph="--" extra="--"/>
			<t id="s2_5" word="averiguaram" lemma="averiguar" pos="v-fin" morph="PS/MQP 3P IND VFIN" extra="nosubj nosubj cjt-STA vH fmc mv"/>
			<t id="s2_6" word="que" lemma="que" pos="conj-s" morph="--" extra="clb clb-fs"/>
			<t id="s2_7" word="não" lemma="não" pos="adv" morph="--" extra="--"/>
			<t id="s2_8" word="tem" lemma="ter" pos="v-fin" morph="PR 3S IND VFIN" extra="mv"/>
			<t id="s2_9" word="conserto" lemma="conserto" pos="n" morph="M S" sem="act" extra="--"/>
			<t id="s2_10" word="." lemma="--" pos="pu" morph="--" extra="--"/>
		</terminals>

		<nonterminals>
			<nt id="s2_500" cat="s">
				<edge label="STA" idref="s2_501"/>
			</nt>
			<nt id="s2_501" cat="par">
				<edge label="CJT" idref="s2_502"/>
				<edge label="CJT" idref="s2_504"/>
				<edge label="PU" idref="s2_10"/>
			</nt>
			<nt id="s2_502" cat="fcl">
				<edge label="P" idref="s2_1"/>
				<edge label="fA" idref="s2_503"/>
			</nt>
			<nt id="s2_503" cat="pp">
				<edge label="H" idref="s2_2"/>
				<edge label="DP" idref="s2_3"/>
			</nt>
			<nt id="s2_504" cat="x">
				<edge label="P" idref="s2_5"/>
				<edge label="Od" idref="s2_505"/>
			</nt>
			<nt id="s2_505" cat="fcl">
				<edge label="SUB" idref="s2_6"/>
				<edge label="fA" idref="s2_7"/>
				<edge label="P" idref="s2_8"/>
				<edge label="Od" idref="s2_9"/>
			</nt>
		</nonterminals>
	</graph>
</s>

<s id="s3" ref="3" source="Running text" forest="1" text="está a number dias na autorizada e estou aguardando uma solução.">
	<graph root="s3_500">
		<terminals>
			<t id="s3_1" word="está" lemma="estar" pos="v-fin" morph="PR 3S IND VFIN" extra="nosubj nosubj cjt-head cjt-head-STA fmc aux"/>
			<t id="s3_2" word="a" lemma="a" pos="prp" morph="--" extra="--"/>
			<t id="s3_3" word="number" lemma="number" pos="v-inf" morph="--" extra="heur mv"/>
			<t id="s3_4" word="dias" lemma="dia" pos="n" morph="M P" sem="temp dur per unit" extra="--"/>
			<t id="s3_5" word="em" lemma="em" pos="prp" morph="--" extra="sam-"/>
			<t id="s3_6" word="a" lemma="o" pos="art" morph="F S" extra="-sam "/>
			<t id="s3_7" word="autorizada" lemma="autorizar" pos="v-pcp" morph="F S" extra="n jh vH"/>
			<t id="s3_8" word="e" lemma="e" pos="conj-c" morph="--" extra="--"/>
			<t id="s3_9" word="estou" lemma="estar" pos="v-fin" morph="PR 1S IND VFIN" extra="nosubj nosubj cjt-STA fmc aux"/>
			<t id="s3_10" word="aguardando" lemma="aguardar" pos="v-ger" morph="--" extra="clb vH mv"/>
			<t id="s3_11" word="uma" lemma="um" pos="art" morph="F S" extra="--"/>
			<t id="s3_12" word="solução" lemma="solução" pos="n" morph="F S" sem="sem-c cm-liq" extra="--"/>
			<t id="s3_13" word="." lemma="--" pos="pu" morph="--" extra="--"/>
		</terminals>

		<nonterminals>
			<nt id="s3_500" cat="s">
				<edge label="STA" idref="s3_501"/>
			</nt>
			<nt id="s3_501" cat="par">
				<edge label="CJT" idref="s3_502"/>
				<edge label="CJT" idref="s3_506"/>
				<edge label="PU" idref="s3_13"/>
			</nt>
			<nt id="s3_502" cat="fcl">
				<edge label="P" idref="s3_503"/>
				<edge label="Od" idref="s3_4"/>
				<edge label="fA" idref="s3_504"/>
			</nt>
			<nt id="s3_503" cat="vp">
				<edge label="Vaux" idref="s3_1"/>
				<edge label="SUBaux" idref="s3_2"/>
				<edge label="Vm" idref="s3_3"/>
			</nt>
			<nt id="s3_504" cat="pp">
				<edge label="H" idref="s3_5"/>
				<edge label="DP" idref="s3_505"/>
			</nt>
			<nt id="s3_505" cat="np">
				<edge label="DN" idref="s3_6"/>
				<edge label="H" idref="s3_7"/>
				<edge label="CO" idref="s3_8"/>
			</nt>
			<nt id="s3_506" cat="x">
				<edge label="P" idref="s3_507"/>
				<edge label="Od" idref="s3_508"/>
			</nt>
			<nt id="s3_507" cat="vp">
				<edge label="Vaux" idref="s3_9"/>
				<edge label="Vm" idref="s3_10"/>
			</nt>
			<nt id="s3_508" cat="np">
				<edge label="DN" idref="s3_11"/>
				<edge label="H" idref="s3_12"/>
			</nt>
		</nonterminals>
	</graph>
</s>

<s id="s4" ref="4" source="Running text" forest="1" text="o que gostei cabe mais de number musicas.">
	<graph root="s4_500">
		<terminals>
			<t id="s4_1" word="o" lemma="o" pos="pron-dem" morph="DET M S" extra="dem"/>
			<t id="s4_2" word="que" lemma="que" pos="spec" morph="M S" extra="clb clb-fs rel"/>
			<t id="s4_3" word="gostei" lemma="gostar" pos="v-fin" morph="PS 1S IND VFIN" extra="vH mv np-close"/>
			<t id="s4_4" word="cabe" lemma="caber" pos="v-fin" morph="PR 3S IND VFIN" extra="cjt-head cjt-head-STA vN fmc mv"/>
			<t id="s4_5" word="mais" lemma="mais" pos="adv" morph="--" extra="--"/>
			<t id="s4_6" word="de" lemma="de" pos="prp" morph="--" extra="--"/>
			<t id="s4_7" word="number" lemma="number" pos="n" morph="M S" extra="heur"/>
			<t id="s4_8" word="musicas" lemma="musicar" pos="v-fin" morph="PR 2S IND VFIN" extra="nosubj nosubj cjt-STA vH fmc mv"/>
			<t id="s4_9" word="." lemma="--" pos="pu" morph="--" extra="--"/>
		</terminals>

		<nonterminals>
			<nt id="s4_500" cat="s">
				<edge label="UTT" idref="s4_501"/>
			</nt>
			<nt id="s4_501" cat="x">
				<edge label="DN" idref="s4_504"/>
				<edge label="S" idref="s4_2"/>
				<edge label="P" idref="s4_3"/>
				<edge label="CJT" idref="s4_8"/>
				<edge label="PU" idref="s4_9"/>
			</nt>
			<nt id="s4_502" cat="par">
				<edge label="CJT" idref="s4_503"/>
			</nt>
			<nt id="s4_503" cat="fcl">
				<edge label="S" idref="s4_1"/>
			</nt>
			<nt id="s4_504" cat="fcl">
				<edge label="P" idref="s4_4"/>
				<edge label="fA" idref="s4_5"/>
				<edge label="fA" idref="s4_505"/>
			</nt>
			<nt id="s4_505" cat="pp">
				<edge label="H" idref="s4_6"/>
				<edge label="DP" idref="s4_7"/>
			</nt>
		</nonterminals>
	</graph>
</s>

<s id="s5" ref="5" source="Running text" forest="1" text="o que não gostei difícil de abrir..">
	<graph root="s5_500">
		<terminals>
			<t id="s5_1" word="o" lemma="o" pos="pron-dem" morph="DET M S" extra="dem"/>
			<t id="s5_2" word="que" lemma="que" pos="spec" morph="M S" extra="clb clb-fs rel"/>
			<t id="s5_3" word="não" lemma="não" pos="adv" morph="--" extra="--"/>
			<t id="s5_4" word="gostei" lemma="gostar" pos="v-fin" morph="PS 1S IND VFIN" extra="vH mv np-close"/>
			<t id="s5_5" word="difícil" lemma="difícil" pos="adj" morph="M/F S" extra="nh"/>
			<t id="s5_6" word="de" lemma="de" pos="prp" morph="--" extra="--"/>
			<t id="s5_7" word="abrir" lemma="abrir" pos="v-inf" morph="--" extra="vH mv"/>
			<t id="s5_8" word="." lemma="--" pos="pu" morph="--" extra="--"/>
			<t id="s5_9" word="." lemma="--" pos="pu" morph="--" extra="--"/>
		</terminals>

		<nonterminals>
			<nt id="s5_500" cat="s">
				<edge label="UTT" idref="s5_501"/>
			</nt>
			<nt id="s5_501" cat="x">
				<edge label="X" idref="s5_1"/>
				<edge label="DN" idref="s5_502"/>
				<edge label="S" idref="s5_2"/>
				<edge label="fA" idref="s5_3"/>
				<edge label="P" idref="s5_4"/>
				<edge label="fCs" idref="s5_503"/>
				<edge label="PU" idref="s5_8"/>
				<edge label="PU" idref="s5_9"/>
			</nt>
			<nt id="s5_502" cat="fcl">
			</nt>
			<nt id="s5_503" cat="adjp">
				<edge label="H" idref="s5_5"/>
				<edge label="DA" idref="s5_504"/>
			</nt>
			<nt id="s5_504" cat="pp">
				<edge label="H" idref="s5_6"/>
				<edge label="DP" idref="s5_7"/>
			</nt>
		</nonterminals>
	</graph>
</s>

	</body>
</corpus>
