<?xml version="1.0" encoding="UTF-8"?>
<corpus>

	<body>
<s id="s1" ref="1" source="Running text" forest="1" text="comprei o aparelho confiando na descrição do bondfaro.">
	<graph root="s1_500">
		<terminals>
			<t id="s1_1" word="comprei" lemma="comprar" pos="v-fin" morph="PS 1S IND VFIN" extra="vH fmc mv"/>
			<t id="s1_2" word="o" lemma="o" pos="art" morph="M S" extra="--"/>
			<t id="s1_3" word="aparelho" lemma="aparelho" pos="n" morph="M S" sem="tool" extra="--"/>
			<t id="s1_4" word="confiando" lemma="confiar" pos="v-ger" morph="--" extra="clb vH mv"/>
			<t id="s1_5" word="em" lemma="em" pos="prp" morph="--" extra="sam-"/>
			<t id="s1_6" word="a" lemma="o" pos="art" morph="F S" extra="-sam "/>
			<t id="s1_7" word="descrição" lemma="descrição" pos="n" morph="F S" sem="act sem-r" extra="--"/>
			<t id="s1_8" word="de" lemma="de" pos="prp" morph="--" extra="sam- np-close"/>
			<t id="s1_9" word="o" lemma="o" pos="art" morph="M S" extra="-sam "/>
			<t id="s1_10" word="bondfaro" lemma="bondfaro" pos="n" morph="M S" extra="heur foreign"/>
			<t id="s1_11" word="." lemma="--" pos="pu" morph="--" extra="--"/>
		</terminals>

		<nonterminals>
			<nt id="s1_500" cat="s">
				<edge label="STA" idref="s1_501"/>
			</nt>
			<nt id="s1_501" cat="fcl">
				<edge label="P" idref="s1_1"/>
				<edge label="Od" idref="s1_502"/>
				<edge label="fA" idref="s1_503"/>
				<edge label="PU" idref="s1_11"/>
			</nt>
			<nt id="s1_502" cat="np">
				<edge label="DN" idref="s1_2"/>
				<edge label="H" idref="s1_3"/>
			</nt>
			<nt id="s1_503" cat="advp">
				<edge label="P" idref="s1_4"/>
				<edge label="Op" idref="s1_504"/>
			</nt>
			<nt id="s1_504" cat="pp">
				<edge label="H" idref="s1_5"/>
				<edge label="DP" idref="s1_505"/>
			</nt>
			<nt id="s1_505" cat="np">
				<edge label="DN" idref="s1_6"/>
				<edge label="H" idref="s1_7"/>
				<edge label="DN" idref="s1_506"/>
			</nt>
			<nt id="s1_506" cat="pp">
				<edge label="H" idref="s1_8"/>
				<edge label="DP" idref="s1_507"/>
			</nt>
			<nt id="s1_507" cat="np">
				<edge label="DN" idref="s1_9"/>
				<edge label="H" idref="s1_10"/>
			</nt>
		</nonterminals>
	</graph>
</s>

<s id="s2" ref="2" source="Running text" forest="1" text="o site diz que o produto possui wifi o que não é verdade.">
	<graph root="s2_500">
		<terminals>
			<t id="s2_1" word="o" lemma="o" pos="art" morph="M S" extra="--"/>
			<t id="s2_2" word="site" lemma="site" pos="n" morph="M S" sem="Lh" extra="--"/>
			<t id="s2_3" word="diz" lemma="dizer" pos="v-fin" morph="PR 3S IND VFIN" extra="cjt-head cjt-head-STA vH fmc mv"/>
			<t id="s2_4" word="que" lemma="que" pos="conj-s" morph="--" extra="clb clb-fs"/>
			<t id="s2_5" word="o" lemma="o" pos="art" morph="M S" extra="--"/>
			<t id="s2_6" word="produto" lemma="produto" pos="n" morph="M S" sem="cc-h mon ac-cat" extra="--"/>
			<t id="s2_7" word="possui" lemma="possuir" pos="v-fin" morph="PR 3S IND VFIN" extra="vH mv"/>
			<t id="s2_8" word="wifi" lemma="wifer" pos="v-fin" morph="PS 1S IND VFIN" extra="nosubj nosubj cjt-STA foreign heur fmc mv"/>
			<t id="s2_9" word="o" lemma="o" pos="pron-dem" morph="DET M S" extra="dem"/>
			<t id="s2_10" word="que" lemma="que" pos="spec" morph="M S" extra="clb clb-fs rel"/>
			<t id="s2_11" word="não" lemma="não" pos="adv" morph="--" extra="--"/>
			<t id="s2_12" word="é" lemma="ser" pos="v-fin" morph="PR 3S IND VFIN" extra="vK mv np-close"/>
			<t id="s2_13" word="verdade" lemma="verdade" pos="n" morph="F S" sem="percep-f ac" extra="--"/>
			<t id="s2_14" word="." lemma="--" pos="pu" morph="--" extra="--"/>
		</terminals>

		<nonterminals>
			<nt id="s2_500" cat="s">
				<edge label="STA" idref="s2_501"/>
			</nt>
			<nt id="s2_501" cat="par">
				<edge label="CJT" idref="s2_502"/>
				<edge label="CJT" idref="s2_506"/>
				<edge label="PU" idref="s2_14"/>
			</nt>
			<nt id="s2_502" cat="fcl">
				<edge label="S" idref="s2_503"/>
				<edge label="P" idref="s2_3"/>
				<edge label="Od" idref="s2_504"/>
			</nt>
			<nt id="s2_503" cat="np">
				<edge label="DN" idref="s2_1"/>
				<edge label="H" idref="s2_2"/>
			</nt>
			<nt id="s2_504" cat="fcl">
				<edge label="SUB" idref="s2_4"/>
				<edge label="S" idref="s2_505"/>
				<edge label="P" idref="s2_7"/>
			</nt>
			<nt id="s2_505" cat="np">
				<edge label="DN" idref="s2_5"/>
				<edge label="H" idref="s2_6"/>
				<edge label="DN" idref="s2_507"/>
			</nt>
			<nt id="s2_506" cat="x">
				<edge label="P" idref="s2_8"/>
				<edge label="Od" idref="s2_9"/>
			</nt>
			<nt id="s2_507" cat="fcl">
				<edge label="S" idref="s2_10"/>
				<edge label="fA" idref="s2_11"/>
				<edge label="P" idref="s2_12"/>
				<edge label="Cs" idref="s2_13"/>
			</nt>
		</nonterminals>
	</graph>
</s>

<s id="s3" ref="3" source="Running text" forest="1" text="só notei o erro após efetuar a compra.">
	<graph root="s3_500">
		<terminals>
			<t id="s3_1" word="só" lemma="só" pos="adv" morph="--" extra="--"/>
			<t id="s3_2" word="notei" lemma="notar" pos="v-fin" morph="PS 1S IND VFIN" extra="vH fmc mv"/>
			<t id="s3_3" word="o" lemma="o" pos="art" morph="M S" extra="--"/>
			<t id="s3_4" word="erro" lemma="erro" pos="n" morph="M S" sem="ac act-d" extra="--"/>
			<t id="s3_5" word="após" lemma="após" pos="prp" morph="--" extra="np-close"/>
			<t id="s3_6" word="efetuar" lemma="efetuar" pos="v-inf" morph="--" extra="vH mv"/>
			<t id="s3_7" word="a" lemma="o" pos="art" morph="F S" extra="--"/>
			<t id="s3_8" word="compra" lemma="compra" pos="n" morph="F S" sem="act cc" extra="--"/>
			<t id="s3_9" word="." lemma="--" pos="pu" morph="--" extra="--"/>
		</terminals>

		<nonterminals>
			<nt id="s3_500" cat="s">
				<edge label="STA" idref="s3_501"/>
			</nt>
			<nt id="s3_501" cat="fcl">
				<edge label="fA" idref="s3_1"/>
				<edge label="P" idref="s3_2"/>
				<edge label="Od" idref="s3_502"/>
				<edge label="PU" idref="s3_9"/>
			</nt>
			<nt id="s3_502" cat="np">
				<edge label="DN" idref="s3_3"/>
				<edge label="H" idref="s3_4"/>
				<edge label="DN" idref="s3_503"/>
			</nt>
			<nt id="s3_503" cat="pp">
				<edge label="H" idref="s3_5"/>
				<edge label="DP" idref="s3_504"/>
			</nt>
			<nt id="s3_504" cat="icl">
				<edge label="P" idref="s3_6"/>
				<edge label="Od" idref="s3_505"/>
			</nt>
			<nt id="s3_505" cat="np">
				<edge label="DN" idref="s3_7"/>
				<edge label="H" idref="s3_8"/>
			</nt>
		</nonterminals>
	</graph>
</s>

<s id="s4" ref="4" source="Running text" forest="1" text="me senti engando..">
	<graph root="s4_500">
		<terminals>
			<t id="s4_1" word="me" lemma="eu" pos="pron-pers" morph="M/F 1S ACC" extra="refl"/>
			<t id="s4_2" word="senti" lemma="sentir" pos="v-fin" morph="PS 1S IND VFIN" extra="vH fmc mv v-pron"/>
			<t id="s4_3" word="engando" lemma="engando" pos="adj" morph="M S" extra="DERP DERS DERS jh"/>
			<t id="s4_4" word="." lemma="--" pos="pu" morph="--" extra="--"/>
			<t id="s4_5" word="." lemma="--" pos="pu" morph="--" extra="--"/>
		</terminals>

		<nonterminals>
			<nt id="s4_500" cat="s">
				<edge label="STA" idref="s4_501"/>
			</nt>
			<nt id="s4_501" cat="fcl">
				<edge label="Od" idref="s4_1"/>
				<edge label="P" idref="s4_2"/>
				<edge label="Co" idref="s4_3"/>
				<edge label="PU" idref="s4_4"/>
				<edge label="PU" idref="s4_5"/>
			</nt>
		</nonterminals>
	</graph>
</s>

	</body>
</corpus>
