<?xml version="1.0" encoding="UTF-8"?>
<corpus>

	<body>
<s id="s1" ref="1" source="Running text" forest="1" text="não vale a pena, muito ruim.">
	<graph root="s1_500">
		<terminals>
			<t id="s1_1" word="não" lemma="não" pos="adv" morph="--" extra="--"/>
			<t id="s1_2" word="vale" lemma="valer" pos="v-fin" morph="PR 3S IND VFIN" extra="fmc mv"/>
			<t id="s1_3" word="a" lemma="o" pos="art" morph="F S" extra="--"/>
			<t id="s1_4" word="pena" lemma="pena" pos="n" morph="F S" sem="ac sit percep-f tool" extra="--"/>
			<t id="s1_5" word="," lemma="--" pos="pu" morph="--" extra="--"/>
			<t id="s1_6" word="muito" lemma="muito" pos="adv" morph="--" extra="quant"/>
			<t id="s1_7" word="ruim" lemma="ruim" pos="adj" morph="F S" extra="np-close"/>
			<t id="s1_8" word="." lemma="--" pos="pu" morph="--" extra="--"/>
		</terminals>

		<nonterminals>
			<nt id="s1_500" cat="s">
				<edge label="STA" idref="s1_501"/>
			</nt>
			<nt id="s1_501" cat="fcl">
				<edge label="fA" idref="s1_1"/>
				<edge label="P" idref="s1_2"/>
				<edge label="Od" idref="s1_502"/>
				<edge label="PU" idref="s1_8"/>
			</nt>
			<nt id="s1_502" cat="np">
				<edge label="DN" idref="s1_3"/>
				<edge label="H" idref="s1_4"/>
				<edge label="PU" idref="s1_5"/>
				<edge label="DNc" idref="s1_503"/>
			</nt>
			<nt id="s1_503" cat="adjp">
				<edge label="DA" idref="s1_6"/>
				<edge label="H" idref="s1_7"/>
			</nt>
		</nonterminals>
	</graph>
</s>

<s id="s2" ref="2" source="Running text" forest="1" text="descarrega logo, difícil de passar arquivos para o computador, e só vem com uma bateria, tenho que andar com o carregador por não dura nem um dia a carga da bateria.">
	<graph root="s2_500">
		<terminals>
			<t id="s2_1" word="descarrega" lemma="descarregar" pos="v-fin" morph="PR 3S IND VFIN" extra="nosubj nosubj cjt-head cjt-head-STA vH fmc mv"/>
			<t id="s2_2" word="logo" lemma="logo" pos="adv" morph="--" extra="kc"/>
			<t id="s2_3" word="," lemma="--" pos="pu" morph="--" extra="--"/>
			<t id="s2_4" word="difícil" lemma="difícil" pos="adj" morph="M/F S" extra="nh"/>
			<t id="s2_5" word="de" lemma="de" pos="prp" morph="--" extra="--"/>
			<t id="s2_6" word="passar" lemma="passar" pos="v-inf" morph="--" extra="mv"/>
			<t id="s2_7" word="arquivos" lemma="arquivo" pos="n" morph="M P" sem="coll-sem inst" extra="--"/>
			<t id="s2_8" word="para" lemma="para" pos="prp" morph="--" extra="--"/>
			<t id="s2_9" word="o" lemma="o" pos="art" morph="M S" extra="--"/>
			<t id="s2_10" word="computador" lemma="computador" pos="n" morph="M S" sem="mach" extra="--"/>
			<t id="s2_11" word="," lemma="--" pos="pu" morph="--" extra="--"/>
			<t id="s2_12" word="e" lemma="e" pos="conj-c" morph="--" extra="clb"/>
			<t id="s2_13" word="só" lemma="só" pos="adv" morph="--" extra="--"/>
			<t id="s2_14" word="vem" lemma="vir" pos="v-fin" morph="PR 3S IND VFIN" extra="nosubj nosubj cjt-STA fmc mv"/>
			<t id="s2_15" word="com" lemma="com" pos="prp" morph="--" extra="--"/>
			<t id="s2_16" word="uma" lemma="um" pos="art" morph="F S" extra="--"/>
			<t id="s2_17" word="bateria" lemma="bateria" pos="n" morph="F S" sem="tool" extra="--"/>
			<t id="s2_18" word="," lemma="--" pos="pu" morph="--" extra="--"/>
			<t id="s2_19" word="tenho" lemma="ter" pos="v-fin" morph="PR 1S IND VFIN" extra="cjt-STA fmc aux"/>
			<t id="s2_20" word="que" lemma="que" pos="conj-s" morph="--" extra="--"/>
			<t id="s2_21" word="andar" lemma="andar" pos="v-inf" morph="--" extra="vH mv"/>
			<t id="s2_22" word="com" lemma="com" pos="prp" morph="--" extra="--"/>
			<t id="s2_23" word="o" lemma="o" pos="art" morph="M S" extra="--"/>
			<t id="s2_24" word="carregador" lemma="carregador" pos="n" morph="M S" sem="Hprof con" extra="--"/>
			<t id="s2_25" word="por" lemma="por" pos="prp" morph="--" extra="--"/>
			<t id="s2_26" word="não" lemma="não" pos="adv" morph="--" extra="--"/>
			<t id="s2_27" word="dura" lemma="duro" pos="adj" morph="F S" extra="jh"/>
			<t id="s2_28" word="nem" lemma="nem" pos="conj-c" morph="--" extra="--"/>
			<t id="s2_29" word="um" lemma="um" pos="num" morph="M S" extra="card"/>
			<t id="s2_30" word="dia" lemma="dia" pos="n" morph="M S" sem="temp dur per unit" extra="--"/>
			<t id="s2_31" word="a" lemma="o" pos="art" morph="F S" extra="--"/>
			<t id="s2_32" word="carga" lemma="carga" pos="n" morph="F S" sem="amount act ac" extra="--"/>
			<t id="s2_33" word="de" lemma="de" pos="prp" morph="--" extra="sam- np-close"/>
			<t id="s2_34" word="a" lemma="o" pos="art" morph="F S" extra="-sam "/>
			<t id="s2_35" word="bateria" lemma="bateria" pos="n" morph="F S" sem="tool" extra="--"/>
			<t id="s2_36" word="." lemma="--" pos="pu" morph="--" extra="--"/>
		</terminals>

		<nonterminals>
			<nt id="s2_500" cat="s">
				<edge label="STA" idref="s2_501"/>
			</nt>
			<nt id="s2_501" cat="par">
				<edge label="CJT" idref="s2_502"/>
				<edge label="PU" idref="s2_11"/>
				<edge label="CO" idref="s2_12"/>
				<edge label="CJT" idref="s2_508"/>
				<edge label="PU" idref="s2_18"/>
				<edge label="CJT" idref="s2_511"/>
				<edge label="PU" idref="s2_36"/>
			</nt>
			<nt id="s2_502" cat="fcl">
				<edge label="P" idref="s2_1"/>
				<edge label="fA" idref="s2_2"/>
				<edge label="PU" idref="s2_3"/>
				<edge label="fCs" idref="s2_503"/>
			</nt>
			<nt id="s2_503" cat="adjp">
				<edge label="H" idref="s2_4"/>
				<edge label="DA" idref="s2_504"/>
			</nt>
			<nt id="s2_504" cat="pp">
				<edge label="H" idref="s2_5"/>
				<edge label="DP" idref="s2_505"/>
			</nt>
			<nt id="s2_505" cat="icl">
				<edge label="P" idref="s2_6"/>
				<edge label="Od" idref="s2_7"/>
				<edge label="fA" idref="s2_506"/>
			</nt>
			<nt id="s2_506" cat="pp">
				<edge label="H" idref="s2_8"/>
				<edge label="DP" idref="s2_507"/>
			</nt>
			<nt id="s2_507" cat="np">
				<edge label="DN" idref="s2_9"/>
				<edge label="H" idref="s2_10"/>
			</nt>
			<nt id="s2_508" cat="x">
				<edge label="fA" idref="s2_13"/>
				<edge label="P" idref="s2_14"/>
				<edge label="fA" idref="s2_509"/>
			</nt>
			<nt id="s2_509" cat="pp">
				<edge label="H" idref="s2_15"/>
				<edge label="DP" idref="s2_510"/>
			</nt>
			<nt id="s2_510" cat="np">
				<edge label="DN" idref="s2_16"/>
				<edge label="H" idref="s2_17"/>
			</nt>
			<nt id="s2_511" cat="fcl">
				<edge label="P" idref="s2_512"/>
				<edge label="Op" idref="s2_513"/>
				<edge label="fA" idref="s2_515"/>
				<edge label="S" idref="s2_517"/>
				<edge label="fA" idref="s2_519"/>
			</nt>
			<nt id="s2_512" cat="vp">
				<edge label="Vaux" idref="s2_19"/>
				<edge label="SUBaux" idref="s2_20"/>
				<edge label="Vm" idref="s2_21"/>
			</nt>
			<nt id="s2_513" cat="pp">
				<edge label="H" idref="s2_22"/>
				<edge label="DP" idref="s2_514"/>
			</nt>
			<nt id="s2_514" cat="np">
				<edge label="DN" idref="s2_23"/>
				<edge label="H" idref="s2_24"/>
			</nt>
			<nt id="s2_515" cat="pp">
				<edge label="H" idref="s2_25"/>
				<edge label="DP" idref="s2_516"/>
			</nt>
			<nt id="s2_516" cat="adjp">
				<edge label="DA" idref="s2_26"/>
				<edge label="H" idref="s2_27"/>
			</nt>
			<nt id="s2_517" cat="np">
				<edge label="DN" idref="s2_518"/>
			</nt>
			<nt id="s2_518" cat="pp">
				<edge label="CO" idref="s2_28"/>
				<edge label="DP" idref="s2_520"/>
			</nt>
			<nt id="s2_519" cat="np">
				<edge label="DN" idref="s2_29"/>
				<edge label="H" idref="s2_30"/>
				<edge label="DN" idref="s2_31"/>
				<edge label="H" idref="s2_32"/>
				<edge label="-DN" idref="s2_33"/>
			</nt>
			<nt id="s2_520" cat="np">
				<edge label="DN" idref="s2_34"/>
				<edge label="H" idref="s2_35"/>
			</nt>
		</nonterminals>
	</graph>
</s>

<s id="s3" ref="3" source="Running text" forest="1" text="o que gostei bonito o que não gostei lento, descarrega muito rápido, da erro ao colocar number chips, se usar o chip number o chip number fica inativo, so reativa se usar o chip number, ai desativa o chip number, tinha um celular da china que funciona melhor..">
	<graph root="s3_500">
		<terminals>
			<t id="s3_1" word="o" lemma="o" pos="pron-dem" morph="DET M S" extra="dem"/>
			<t id="s3_2" word="que" lemma="que" pos="spec" morph="M S" extra="clb clb-fs rel"/>
			<t id="s3_3" word="gostei" lemma="gostar" pos="v-fin" morph="PS 1S IND VFIN" extra="vH mv np-close"/>
			<t id="s3_4" word="bonito" lemma="bonito" pos="adj" morph="M S" extra="jh"/>
			<t id="s3_5" word="o" lemma="o" pos="pron-dem" morph="DET M S" extra="dem"/>
			<t id="s3_6" word="que" lemma="que" pos="spec" morph="M S" extra="clb clb-fs rel"/>
			<t id="s3_7" word="não" lemma="não" pos="adv" morph="--" extra="--"/>
			<t id="s3_8" word="gostei" lemma="gostar" pos="v-fin" morph="PS 1S IND VFIN" extra="vH mv np-close"/>
			<t id="s3_9" word="lento" lemma="lento" pos="adj" morph="M S" extra="nh"/>
			<t id="s3_10" word="," lemma="--" pos="pu" morph="--" extra="--"/>
			<t id="s3_11" word="descarrega" lemma="descarregar" pos="v-fin" morph="PR 3S IND VFIN" extra="nosubj nosubj nosubj nosubj cjt-head cjt-head-STA vH fmc mv"/>
			<t id="s3_12" word="muito" lemma="muito" pos="adv" morph="--" extra="quant"/>
			<t id="s3_13" word="rápido" lemma="rápido" pos="adj" morph="M S" extra="adv"/>
			<t id="s3_14" word="," lemma="--" pos="pu" morph="--" extra="--"/>
			<t id="s3_15" word="de" lemma="de" pos="prp" morph="--" extra="sam-"/>
			<t id="s3_16" word="a" lemma="o" pos="art" morph="F S" extra="-sam "/>
			<t id="s3_17" word="erro" lemma="erro" pos="n" morph="M S" sem="ac act-d" extra="--"/>
			<t id="s3_18" word="a" lemma="a" pos="prp" morph="--" extra="sam-"/>
			<t id="s3_19" word="o" lemma="o" pos="art" morph="M S" extra="-sam "/>
			<t id="s3_20" word="colocar" lemma="colocar" pos="v-inf" morph="--" extra="vH mv"/>
			<t id="s3_21" word="number" lemma="number" pos="v-inf" morph="--" extra="heur mv"/>
			<t id="s3_22" word="chips" lemma="chip" pos="n" morph="M P" sem="cc" extra="--"/>
			<t id="s3_23" word="," lemma="--" pos="pu" morph="--" extra="--"/>
			<t id="s3_24" word="se" lemma="se" pos="conj-s" morph="--" extra="clb clb-fs"/>
			<t id="s3_25" word="usar" lemma="usar" pos="v-fin" morph="FUT 1/3S SUBJ VFIN" extra="vH mv"/>
			<t id="s3_26" word="o" lemma="o" pos="art" morph="M S" extra="--"/>
			<t id="s3_27" word="chip" lemma="chip" pos="n" morph="M S" sem="cc" extra="--"/>
			<t id="s3_28" word="number" lemma="number" pos="v-inf" morph="3S" extra="heur mv"/>
			<t id="s3_29" word="o" lemma="o" pos="art" morph="M S" extra="--"/>
			<t id="s3_30" word="chip" lemma="chip" pos="n" morph="M S" sem="cc" extra="--"/>
			<t id="s3_31" word="number" lemma="number" pos="v-inf" morph="--" extra="heur mv"/>
			<t id="s3_32" word="fica" lemma="ficar" pos="v-fin" morph="PR 3S IND VFIN" extra="cjt-STA vK fmc mv"/>
			<t id="s3_33" word="inativo" lemma="inativo" pos="adj" morph="M S" extra="jh"/>
			<t id="s3_34" word="," lemma="--" pos="pu" morph="--" extra="--"/>
			<t id="s3_35" word="so" lemma="só" pos="adv" morph="--" extra="--"/>
			<t id="s3_36" word="reativa" lemma="reativo" pos="adj" morph="F S" extra="nh np-close"/>
			<t id="s3_37" word="se" lemma="se" pos="conj-s" morph="--" extra="clb clb-fs"/>
			<t id="s3_38" word="usar" lemma="usar" pos="v-fin" morph="FUT 3S SUBJ VFIN" extra="vH mv"/>
			<t id="s3_39" word="o" lemma="o" pos="art" morph="M S" extra="--"/>
			<t id="s3_40" word="chip" lemma="chip" pos="n" morph="M S" sem="cc" extra="--"/>
			<t id="s3_41" word="number" lemma="number" pos="v-inf" morph="3S" extra="heur mv"/>
			<t id="s3_42" word="," lemma="--" pos="pu" morph="--" extra="--"/>
			<t id="s3_43" word="ai" lemma="ai" pos="intj" morph="--" extra="--"/>
			<t id="s3_44" word="desativa" lemma="desativar" pos="v-fin" morph="PR 3S IND VFIN" extra="cjt-STA vH fmc mv"/>
			<t id="s3_45" word="o" lemma="o" pos="art" morph="M S" extra="--"/>
			<t id="s3_46" word="chip" lemma="chip" pos="n" morph="M S" sem="cc" extra="--"/>
			<t id="s3_47" word="number" lemma="number" pos="v-inf" morph="3S" extra="heur mv"/>
			<t id="s3_48" word="," lemma="--" pos="pu" morph="--" extra="--"/>
			<t id="s3_49" word="tinha" lemma="ter" pos="v-fin" morph="IMPF 3S IND VFIN" extra="cjt-STA fmc mv"/>
			<t id="s3_50" word="um" lemma="um" pos="art" morph="M S" extra="--"/>
			<t id="s3_51" word="celular" lemma="celular" pos="adj" morph="M S" extra="n nh"/>
			<t id="s3_52" word="de" lemma="de" pos="prp" morph="--" extra="sam- np-close"/>
			<t id="s3_53" word="a" lemma="o" pos="art" morph="F S" extra="-sam "/>
			<t id="s3_54" word="china" lemma="china" pos="n" morph="F S" sem="H" extra="--"/>
			<t id="s3_55" word="que" lemma="que" pos="spec" morph="M S" extra="clb clb-fs rel"/>
			<t id="s3_56" word="funciona" lemma="funcionar" pos="v-fin" morph="PR 3S IND VFIN" extra="mv np-close"/>
			<t id="s3_57" word="melhor" lemma="melhor" pos="adv" morph="--" extra="KOMP SUP"/>
			<t id="s3_58" word="." lemma="--" pos="pu" morph="--" extra="--"/>
			<t id="s3_59" word="." lemma="--" pos="pu" morph="--" extra="--"/>
		</terminals>

		<nonterminals>
			<nt id="s3_500" cat="s">
				<edge label="UTT" idref="s3_501"/>
			</nt>
			<nt id="s3_501" cat="x">
				<edge label="DN" idref="s3_505"/>
				<edge label="S" idref="s3_2"/>
				<edge label="P" idref="s3_3"/>
				<edge label="DN" idref="s3_510"/>
				<edge label="S" idref="s3_6"/>
				<edge label="fA" idref="s3_7"/>
				<edge label="P" idref="s3_8"/>
				<edge label="fCs" idref="s3_9"/>
				<edge label="CJT" idref="s3_523"/>
				<edge label="CJT" idref="s3_526"/>
				<edge label="PU" idref="s3_58"/>
				<edge label="PU" idref="s3_59"/>
			</nt>
			<nt id="s3_502" cat="par">
				<edge label="CJT" idref="s3_503"/>
			</nt>
			<nt id="s3_503" cat="fcl">
				<edge label="CJT" idref="s3_504"/>
			</nt>
			<nt id="s3_504" cat="fcl">
				<edge label="S" idref="s3_1"/>
				<edge label="S" idref="s3_518"/>
				<edge label="P" idref="s3_32"/>
				<edge label="Cs" idref="s3_33"/>
				<edge label="fA" idref="s3_522"/>
			</nt>
			<nt id="s3_505" cat="fcl">
				<edge label="fA" idref="s3_506"/>
				<edge label="S" idref="s3_5"/>
			</nt>
			<nt id="s3_506" cat="pp">
				<edge label="DP" idref="s3_507"/>
			</nt>
			<nt id="s3_507" cat="np">
				<edge label="Od" idref="s3_508"/>
			</nt>
			<nt id="s3_508" cat="icl">
				<edge label="fA" idref="s3_509"/>
			</nt>
			<nt id="s3_509" cat="fcl">
				<edge label="S" idref="s3_4"/>
			</nt>
			<nt id="s3_510" cat="fcl">
				<edge label="PU" idref="s3_10"/>
				<edge label="P" idref="s3_11"/>
				<edge label="fCs" idref="s3_511"/>
				<edge label="PU" idref="s3_14"/>
				<edge label="fCs" idref="s3_512"/>
				<edge label="fA" idref="s3_514"/>
			</nt>
			<nt id="s3_511" cat="adjp">
				<edge label="DA" idref="s3_12"/>
				<edge label="H" idref="s3_13"/>
			</nt>
			<nt id="s3_512" cat="pp">
				<edge label="H" idref="s3_15"/>
				<edge label="DP" idref="s3_513"/>
			</nt>
			<nt id="s3_513" cat="np">
				<edge label="DN" idref="s3_16"/>
				<edge label="H" idref="s3_17"/>
			</nt>
			<nt id="s3_514" cat="pp">
				<edge label="H" idref="s3_18"/>
				<edge label="DP" idref="s3_515"/>
			</nt>
			<nt id="s3_515" cat="np">
				<edge label="DN" idref="s3_19"/>
				<edge label="P" idref="s3_20"/>
				<edge label="Od" idref="s3_516"/>
			</nt>
			<nt id="s3_516" cat="icl">
				<edge label="P" idref="s3_21"/>
				<edge label="Od" idref="s3_22"/>
				<edge label="PU" idref="s3_23"/>
				<edge label="fA" idref="s3_517"/>
			</nt>
			<nt id="s3_517" cat="fcl">
				<edge label="SUB" idref="s3_24"/>
				<edge label="P" idref="s3_25"/>
				<edge label="S" idref="s3_519"/>
			</nt>
			<nt id="s3_518" cat="np">
				<edge label="DN" idref="s3_26"/>
				<edge label="H" idref="s3_27"/>
			</nt>
			<nt id="s3_519" cat="fcl">
				<edge label="P" idref="s3_28"/>
				<edge label="Od" idref="s3_520"/>
				<edge label="S" idref="s3_31"/>
			</nt>
			<nt id="s3_520" cat="np">
				<edge label="DN" idref="s3_29"/>
				<edge label="H" idref="s3_30"/>
				<edge label="PU" idref="s3_34"/>
				<edge label="DNc" idref="s3_521"/>
			</nt>
			<nt id="s3_521" cat="adjp">
				<edge label="DA" idref="s3_35"/>
				<edge label="H" idref="s3_36"/>
			</nt>
			<nt id="s3_522" cat="fcl">
				<edge label="SUB" idref="s3_37"/>
				<edge label="P" idref="s3_38"/>
			</nt>
			<nt id="s3_523" cat="fcl">
				<edge label="S" idref="s3_524"/>
				<edge label="P" idref="s3_44"/>
			</nt>
			<nt id="s3_524" cat="np">
				<edge label="DN" idref="s3_39"/>
				<edge label="H" idref="s3_40"/>
				<edge label="Od" idref="s3_525"/>
			</nt>
			<nt id="s3_525" cat="icl">
				<edge label="P" idref="s3_41"/>
				<edge label="PU" idref="s3_42"/>
				<edge label="fA" idref="s3_43"/>
			</nt>
			<nt id="s3_526" cat="fcl">
				<edge label="S" idref="s3_527"/>
				<edge label="Od" idref="s3_47"/>
				<edge label="PU" idref="s3_48"/>
				<edge label="P" idref="s3_49"/>
				<edge label="Od" idref="s3_528"/>
			</nt>
			<nt id="s3_527" cat="np">
				<edge label="DN" idref="s3_45"/>
				<edge label="H" idref="s3_46"/>
				<edge label="DN" idref="s3_529"/>
			</nt>
			<nt id="s3_528" cat="np">
				<edge label="DN" idref="s3_50"/>
				<edge label="H" idref="s3_51"/>
			</nt>
			<nt id="s3_529" cat="pp">
				<edge label="H" idref="s3_52"/>
				<edge label="DP" idref="s3_530"/>
			</nt>
			<nt id="s3_530" cat="np">
				<edge label="DN" idref="s3_53"/>
				<edge label="H" idref="s3_54"/>
				<edge label="DN" idref="s3_531"/>
			</nt>
			<nt id="s3_531" cat="fcl">
				<edge label="S" idref="s3_55"/>
				<edge label="P" idref="s3_56"/>
				<edge label="fA" idref="s3_57"/>
			</nt>
		</nonterminals>
	</graph>
</s>

	</body>
</corpus>
