<?xml version="1.0" encoding="UTF-8"?>
<corpus>

	<body>
<s id="s1" ref="1" source="Running text" forest="1" text="um celular diferente dos outros no mercado com seu teclado giratório.">
	<graph root="s1_500">
		<terminals>
			<t id="s1_1" word="um" lemma="um" pos="num" morph="M S" extra="card"/>
			<t id="s1_2" word="celular" lemma="celular" pos="adj" morph="M S" extra="n nh"/>
			<t id="s1_3" word="diferente" lemma="diferente" pos="adj" morph="M S" extra="nh np-close"/>
			<t id="s1_4" word="de" lemma="de" pos="prp" morph="--" extra="sam-"/>
			<t id="s1_5" word="os" lemma="o" pos="art" morph="M P" extra="-sam "/>
			<t id="s1_6" word="outros" lemma="outro" pos="pron-indef" morph="DET M P" extra="diff KOMP"/>
			<t id="s1_7" word="em" lemma="em" pos="prp" morph="--" extra="sam-"/>
			<t id="s1_8" word="o" lemma="o" pos="art" morph="M S" extra="-sam "/>
			<t id="s1_9" word="mercado" lemma="mercado" pos="n" morph="M S" sem="inst" extra="--"/>
			<t id="s1_10" word="com" lemma="com" pos="prp" morph="--" extra="np-close"/>
			<t id="s1_11" word="seu" lemma="seu" pos="pron-poss" morph="DET M S" extra="poss 3S"/>
			<t id="s1_12" word="teclado" lemma="teclado" pos="n" morph="M S" sem="cc-h mach" extra="--"/>
			<t id="s1_13" word="giratório" lemma="giratório" pos="adj" morph="M S" extra="nh np-close"/>
			<t id="s1_14" word="." lemma="--" pos="pu" morph="--" extra="--"/>
		</terminals>

		<nonterminals>
			<nt id="s1_500" cat="s">
				<edge label="X" idref="s1_501"/>
			</nt>
			<nt id="s1_501" cat="np">
				<edge label="DN" idref="s1_1"/>
				<edge label="H" idref="s1_2"/>
				<edge label="DN" idref="s1_502"/>
				<edge label="H" idref="s1_3"/>
				<edge label="DA" idref="s1_503"/>
				<edge label="fA" idref="s1_505"/>
				<edge label="PU" idref="s1_14"/>
			</nt>
			<nt id="s1_502" cat="adjp">
			</nt>
			<nt id="s1_503" cat="pp">
				<edge label="H" idref="s1_4"/>
				<edge label="DP" idref="s1_504"/>
			</nt>
			<nt id="s1_504" cat="np">
				<edge label="DN" idref="s1_5"/>
				<edge label="H" idref="s1_6"/>
			</nt>
			<nt id="s1_505" cat="pp">
				<edge label="H" idref="s1_7"/>
				<edge label="DP" idref="s1_506"/>
			</nt>
			<nt id="s1_506" cat="np">
				<edge label="DN" idref="s1_8"/>
				<edge label="H" idref="s1_9"/>
			</nt>
			<nt id="s1_507" cat="pp">
				<edge label="H" idref="s1_10"/>
				<edge label="DP" idref="s1_508"/>
			</nt>
			<nt id="s1_508" cat="np">
				<edge label="DN" idref="s1_11"/>
				<edge label="H" idref="s1_12"/>
			</nt>
		</nonterminals>
	</graph>
</s>

<s id="s2" ref="2" source="Running text" forest="1" text="o que gostei design diferencial.">
	<graph root="s2_500">
		<terminals>
			<t id="s2_1" word="o" lemma="o" pos="pron-dem" morph="DET M S" extra="dem"/>
			<t id="s2_2" word="que" lemma="que" pos="spec" morph="M S" extra="clb rel"/>
			<t id="s2_3" word="gostei" lemma="gostar" pos="v-fin" morph="PS 1S IND VFIN" extra="vH mv"/>
			<t id="s2_4" word="design" lemma="design" pos="n" morph="M S" sem="percep-f domain" extra="cjt-head cjt-head-S"/>
			<t id="s2_5" word="diferencial" lemma="diferencial" pos="n" morph="M S" sem="ac-cat" extra="cjt-S"/>
			<t id="s2_6" word="." lemma="--" pos="pu" morph="--" extra="--"/>
		</terminals>

		<nonterminals>
			<nt id="s2_500" cat="s">
				<edge label="X" idref="s2_501"/>
			</nt>
			<nt id="s2_501" cat="adjp">
				<edge label="H" idref="s2_1"/>
				<edge label="STA" idref="s2_502"/>
				<edge label="PU" idref="s2_6"/>
			</nt>
			<nt id="s2_502" cat="fcl">
				<edge label="X" idref="s2_2"/>
				<edge label="P" idref="s2_3"/>
				<edge label="S" idref="s2_503"/>
			</nt>
			<nt id="s2_503" cat="par">
				<edge label="CJT" idref="s2_4"/>
				<edge label="CJT" idref="s2_5"/>
			</nt>
		</nonterminals>
	</graph>
</s>

<s id="s3" ref="3" source="Running text" forest="1" text="e muitas funções tirando o sistema number da google o que não gostei duração de bateria de no maximo number horas..">
	<graph root="s3_500">
		<terminals>
			<t id="s3_1" word="e" lemma="e" pos="conj-c" morph="--" extra="--"/>
			<t id="s3_2" word="muitas" lemma="muito" pos="pron-indef" morph="DET F P" extra="quant"/>
			<t id="s3_3" word="funções" lemma="função" pos="n" morph="F P" sem="ac pos-soc occ" extra="--"/>
			<t id="s3_4" word="tirando" lemma="tirar" pos="v-ger" morph="--" extra="vH mv"/>
			<t id="s3_5" word="o" lemma="o" pos="art" morph="M S" extra="--"/>
			<t id="s3_6" word="sistema" lemma="sistema" pos="n" morph="M S" sem="ac" extra="--"/>
			<t id="s3_7" word="number" lemma="number" pos="v-inf" morph="--" extra="heur mv"/>
			<t id="s3_8" word="de" lemma="de" pos="prp" morph="--" extra="sam-"/>
			<t id="s3_9" word="a" lemma="o" pos="art" morph="F S" extra="-sam "/>
			<t id="s3_10" word="google" lemma="google" pos="n" morph="F S" extra="heur foreign"/>
			<t id="s3_11" word="o" lemma="o" pos="pron-dem" morph="DET M S" extra="dem"/>
			<t id="s3_12" word="que" lemma="que" pos="spec" morph="M S" extra="clb rel"/>
			<t id="s3_13" word="não" lemma="não" pos="adv" morph="--" extra="--"/>
			<t id="s3_14" word="gostei" lemma="gostar" pos="v-fin" morph="PS 1S IND VFIN" extra="vH mv"/>
			<t id="s3_15" word="duração" lemma="duração" pos="n" morph="F S" sem="am" extra="--"/>
			<t id="s3_16" word="de" lemma="de" pos="prp" morph="--" extra="np-close"/>
			<t id="s3_17" word="bateria" lemma="bateria" pos="n" morph="F S" sem="tool" extra="--"/>
			<t id="s3_18" word="de" lemma="de" pos="prp" morph="--" extra="np-close"/>
			<t id="s3_19" word="em" lemma="em" pos="prp" morph="--" extra="sam-"/>
			<t id="s3_20" word="o" lemma="o" pos="art" morph="M S" extra="-sam "/>
			<t id="s3_21" word="maximo" lemma="máximo" pos="adj" morph="M S" extra="SUP"/>
			<t id="s3_22" word="number" lemma="number" pos="n" morph="M S" extra="heur"/>
			<t id="s3_23" word="horas" lemma="hora" pos="n" morph="F P" sem="dur temp unit" extra="--"/>
			<t id="s3_24" word="." lemma="--" pos="pu" morph="--" extra="--"/>
			<t id="s3_25" word="." lemma="--" pos="pu" morph="--" extra="--"/>
		</terminals>

		<nonterminals>
			<nt id="s3_500" cat="s">
				<edge label="UTT" idref="s3_501"/>
			</nt>
			<nt id="s3_501" cat="x">
				<edge label="UTT" idref="s3_505"/>
				<edge label="P" idref="s3_4"/>
				<edge label="Od" idref="s3_506"/>
				<edge label="UTT" idref="s3_507"/>
				<edge label="fCs" idref="s3_23"/>
				<edge label="PU" idref="s3_24"/>
				<edge label="PU" idref="s3_25"/>
			</nt>
			<nt id="s3_502" cat="x">
				<edge label="CO" idref="s3_1"/>
			</nt>
			<nt id="s3_503" cat="fcl">
				<edge label="S" idref="s3_504"/>
			</nt>
			<nt id="s3_504" cat="np">
				<edge label="DN" idref="s3_2"/>
				<edge label="H" idref="s3_3"/>
			</nt>
			<nt id="s3_505" cat="adjp">
			</nt>
			<nt id="s3_506" cat="np">
				<edge label="DN" idref="s3_5"/>
				<edge label="H" idref="s3_6"/>
			</nt>
			<nt id="s3_507" cat="icl">
				<edge label="P" idref="s3_7"/>
				<edge label="fA" idref="s3_508"/>
				<edge label="Od" idref="s3_11"/>
				<edge label="fA" idref="s3_13"/>
				<edge label="P" idref="s3_14"/>
				<edge label="S" idref="s3_510"/>
			</nt>
			<nt id="s3_508" cat="pp">
				<edge label="H" idref="s3_8"/>
				<edge label="DP" idref="s3_509"/>
				<edge label="H" idref="s3_12"/>
			</nt>
			<nt id="s3_509" cat="np">
				<edge label="DN" idref="s3_9"/>
				<edge label="H" idref="s3_10"/>
			</nt>
			<nt id="s3_510" cat="np">
				<edge label="H" idref="s3_15"/>
				<edge label="DN" idref="s3_511"/>
			</nt>
			<nt id="s3_511" cat="pp">
				<edge label="H" idref="s3_16"/>
				<edge label="DP" idref="s3_512"/>
			</nt>
			<nt id="s3_512" cat="np">
				<edge label="H" idref="s3_17"/>
				<edge label="DN" idref="s3_513"/>
			</nt>
			<nt id="s3_513" cat="pp">
				<edge label="H" idref="s3_18"/>
				<edge label="DP" idref="s3_514"/>
			</nt>
			<nt id="s3_514" cat="pp">
				<edge label="H" idref="s3_19"/>
				<edge label="DP" idref="s3_515"/>
			</nt>
			<nt id="s3_515" cat="np">
				<edge label="DN" idref="s3_20"/>
				<edge label="DN" idref="s3_21"/>
				<edge label="H" idref="s3_22"/>
			</nt>
		</nonterminals>
	</graph>
</s>

	</body>
</corpus>
