<?xml version="1.0" encoding="UTF-8"?>
<corpus>

	<body>
<s id="s1" ref="1" source="Running text" forest="1" text="muito bom e rápido alem da ótima qualidade da camera o que gostei camera boa, teclado físico e bom sistema operacional o que não gostei o teclado não declina como o n97.">
	<graph root="s1_500">
		<terminals>
			<t id="s1_1" word="muito" lemma="muito" pos="adv" morph="--" extra="quant"/>
			<t id="s1_2" word="bom" lemma="bom" pos="adj" morph="M S" extra="jh"/>
			<t id="s1_3" word="e" lemma="e" pos="conj-c" morph="--" extra="--"/>
			<t id="s1_4" word="rápido" lemma="rápido" pos="adj" morph="M S" extra="adv jh"/>
			<t id="s1_5" word="alem" lemma="além" pos="adv" morph="--" extra="--"/>
			<t id="s1_6" word="de" lemma="de" pos="prp" morph="--" extra="sam-"/>
			<t id="s1_7" word="a" lemma="o" pos="art" morph="F S" extra="-sam "/>
			<t id="s1_8" word="ótima" lemma="bom" pos="adj" morph="F S" extra="SUP"/>
			<t id="s1_9" word="qualidade" lemma="qualidade" pos="n" morph="F S" sem="percep-f f-c" extra="--"/>
			<t id="s1_10" word="de" lemma="de" pos="prp" morph="--" extra="sam- np-close"/>
			<t id="s1_11" word="a" lemma="o" pos="art" morph="F S" extra="-sam "/>
			<t id="s1_12" word="camera" lemma="c�=mara" pos="n" morph="F S" sem="Lh HH" extra="--"/>
			<t id="s1_13" word="o" lemma="o" pos="pron-dem" morph="DET M S" extra="cjt-head cjt-head-S dem"/>
			<t id="s1_14" word="que" lemma="que" pos="spec" morph="M S" extra="clb clb-fs rel"/>
			<t id="s1_15" word="gostei" lemma="gostar" pos="v-fin" morph="PS 1S IND VFIN" extra="vH mv np-close"/>
			<t id="s1_16" word="camera" lemma="c�=mara" pos="n" morph="F S" sem="Lh HH" extra="cjt-S"/>
			<t id="s1_17" word="boa" lemma="bom" pos="adj" morph="F S" extra="jh np-close"/>
			<t id="s1_18" word="," lemma="--" pos="pu" morph="--" extra="--"/>
			<t id="s1_19" word="teclado" lemma="teclado" pos="n" morph="M S" sem="cc-h mach" extra="np-close"/>
			<t id="s1_20" word="físico" lemma="físico" pos="adj" morph="M S" extra="nh np-close"/>
			<t id="s1_21" word="e" lemma="e" pos="conj-c" morph="--" extra="--"/>
			<t id="s1_22" word="bom" lemma="bom" pos="adj" morph="M S" extra="--"/>
			<t id="s1_23" word="sistema_operacional" lemma="sistema_operacional" pos="n" morph="M S" sem="ac" extra="cjt-S"/>
			<t id="s1_24" word="o" lemma="o" pos="pron-dem" morph="DET M S" extra="dem"/>
			<t id="s1_25" word="que" lemma="que" pos="spec" morph="M S" extra="clb clb-fs rel"/>
			<t id="s1_26" word="não" lemma="não" pos="adv" morph="--" extra="--"/>
			<t id="s1_27" word="gostei" lemma="gostar" pos="v-fin" morph="PS 1S IND VFIN" extra="vH mv np-close"/>
			<t id="s1_28" word="o" lemma="o" pos="art" morph="M S" extra="--"/>
			<t id="s1_29" word="teclado" lemma="teclado" pos="n" morph="M S" sem="cc-h mach" extra="--"/>
			<t id="s1_30" word="não" lemma="não" pos="adv" morph="--" extra="--"/>
			<t id="s1_31" word="declina" lemma="declinar" pos="v-fin" morph="PR 3S IND VFIN" extra="fmc mv"/>
			<t id="s1_32" word="como" lemma="como" pos="prp" morph="--" extra="com adv-rel"/>
			<t id="s1_33" word="o" lemma="o" pos="art" morph="M S" extra="--"/>
			<t id="s1_34" word="n97" lemma="n97" pos="n" morph="M S" extra="asarg heur"/>
			<t id="s1_35" word="." lemma="--" pos="pu" morph="--" extra="--"/>
		</terminals>

		<nonterminals>
			<nt id="s1_500" cat="s">
				<edge label="STA" idref="s1_501"/>
			</nt>
			<nt id="s1_501" cat="fcl">
				<edge label="fCs" idref="s1_502"/>
				<edge label="fA" idref="s1_503"/>
				<edge label="fCs" idref="s1_4"/>
				<edge label="fA" idref="s1_5"/>
				<edge label="S" idref="s1_507"/>
				<edge label="S" idref="s1_24"/>
				<edge label="S" idref="s1_513"/>
				<edge label="fA" idref="s1_30"/>
				<edge label="P" idref="s1_31"/>
				<edge label="fA" idref="s1_514"/>
				<edge label="PU" idref="s1_35"/>
			</nt>
			<nt id="s1_502" cat="adjp">
				<edge label="DA" idref="s1_1"/>
				<edge label="H" idref="s1_2"/>
			</nt>
			<nt id="s1_503" cat="pp">
				<edge label="DP" idref="s1_504"/>
				<edge label="H" idref="s1_6"/>
			</nt>
			<nt id="s1_504" cat="np">
				<edge label="DN" idref="s1_505"/>
				<edge label="DN" idref="s1_7"/>
				<edge label="DN" idref="s1_8"/>
				<edge label="H" idref="s1_9"/>
				<edge label="-DN" idref="s1_10"/>
			</nt>
			<nt id="s1_505" cat="pp">
				<edge label="CO" idref="s1_3"/>
				<edge label="DP" idref="s1_506"/>
			</nt>
			<nt id="s1_506" cat="np">
				<edge label="DN" idref="s1_11"/>
				<edge label="H" idref="s1_12"/>
				<edge label="DN" idref="s1_508"/>
				<edge label="CO" idref="s1_21"/>
			</nt>
			<nt id="s1_507" cat="par">
				<edge label="CJT" idref="s1_13"/>
				<edge label="CJT" idref="s1_509"/>
				<edge label="CJT" idref="s1_511"/>
			</nt>
			<nt id="s1_508" cat="fcl">
				<edge label="S" idref="s1_14"/>
				<edge label="P" idref="s1_15"/>
			</nt>
			<nt id="s1_509" cat="np">
				<edge label="H" idref="s1_16"/>
				<edge label="DN" idref="s1_17"/>
				<edge label="PU" idref="s1_18"/>
				<edge label="DNc" idref="s1_510"/>
			</nt>
			<nt id="s1_510" cat="np">
				<edge label="H" idref="s1_19"/>
				<edge label="DN" idref="s1_20"/>
			</nt>
			<nt id="s1_511" cat="np">
				<edge label="DN" idref="s1_22"/>
				<edge label="H" idref="s1_23"/>
				<edge label="DN" idref="s1_512"/>
			</nt>
			<nt id="s1_512" cat="fcl">
				<edge label="S" idref="s1_25"/>
				<edge label="fA" idref="s1_26"/>
				<edge label="P" idref="s1_27"/>
			</nt>
			<nt id="s1_513" cat="np">
				<edge label="DN" idref="s1_28"/>
				<edge label="H" idref="s1_29"/>
			</nt>
			<nt id="s1_514" cat="pp">
				<edge label="H" idref="s1_32"/>
				<edge label="DP" idref="s1_515"/>
			</nt>
			<nt id="s1_515" cat="np">
				<edge label="DN" idref="s1_33"/>
				<edge label="H" idref="s1_34"/>
			</nt>
		</nonterminals>
	</graph>
</s>

	</body>
</corpus>
