<?xml version="1.0" encoding="UTF-8"?>
<corpus>

	<body>
<s id="s1" ref="1" source="Running text" forest="1" text="esse celular deve ser muito bom!">
	<graph root="s1_500">
		<terminals>
			<t id="s1_1" word="esse" lemma="esse" pos="pron-dem" morph="DET M S" extra="dem"/>
			<t id="s1_2" word="celular" lemma="celular" pos="adj" morph="M S" extra="n nh"/>
			<t id="s1_3" word="deve" lemma="dever" pos="v-fin" morph="PR 3S IND VFIN" extra="fmc aux"/>
			<t id="s1_4" word="ser" lemma="ser" pos="v-inf" morph="--" extra="vK mv"/>
			<t id="s1_5" word="muito" lemma="muito" pos="adv" morph="--" extra="quant"/>
			<t id="s1_6" word="bom" lemma="bom" pos="adj" morph="M S" extra="--"/>
			<t id="s1_7" word="!" lemma="--" pos="pu" morph="--" extra="--"/>
		</terminals>

		<nonterminals>
			<nt id="s1_500" cat="s">
				<edge label="STA" idref="s1_501"/>
			</nt>
			<nt id="s1_501" cat="fcl">
				<edge label="S" idref="s1_502"/>
				<edge label="P" idref="s1_503"/>
				<edge label="Cs" idref="s1_504"/>
				<edge label="PU" idref="s1_7"/>
			</nt>
			<nt id="s1_502" cat="np">
				<edge label="DN" idref="s1_1"/>
				<edge label="H" idref="s1_2"/>
			</nt>
			<nt id="s1_503" cat="vp">
				<edge label="Vaux" idref="s1_3"/>
				<edge label="Vm" idref="s1_4"/>
			</nt>
			<nt id="s1_504" cat="adjp">
				<edge label="DA" idref="s1_5"/>
				<edge label="H" idref="s1_6"/>
			</nt>
		</nonterminals>
	</graph>
</s>

<s id="s2" ref="2" source="Running text" forest="1" text="deve ser um beleza meche em ele e.">
	<graph root="s2_500">
		<terminals>
			<t id="s2_1" word="deve" lemma="dever" pos="v-fin" morph="PR 3S IND VFIN" extra="nosubj nosubj cjt-head cjt-head-STA fmc aux"/>
			<t id="s2_2" word="ser" lemma="ser" pos="v-inf" morph="--" extra="vK mv"/>
			<t id="s2_3" word="um" lemma="um" pos="art" morph="M S" extra="--"/>
			<t id="s2_4" word="beleza" lemma="beleza" pos="n" morph="F S" sem="am" extra="--"/>
			<t id="s2_5" word="meche" lemma="mechar" pos="v-fin" morph="PR 1/3S SUBJ VFIN" extra="nosubj nosubj cjt-STA vH fmc mv"/>
			<t id="s2_6" word="em" lemma="em" pos="prp" morph="--" extra="sam-"/>
			<t id="s2_7" word="ele" lemma="ele" pos="pron-pers" morph="M 3S NOM/PIV" extra="-sam"/>
			<t id="s2_8" word="e" lemma="e" pos="conj-c" morph="--" extra="--"/>
			<t id="s2_9" word="." lemma="--" pos="pu" morph="--" extra="--"/>
		</terminals>

		<nonterminals>
			<nt id="s2_500" cat="s">
				<edge label="STA" idref="s2_501"/>
			</nt>
			<nt id="s2_501" cat="par">
				<edge label="CJT" idref="s2_502"/>
				<edge label="CJT" idref="s2_505"/>
				<edge label="PU" idref="s2_9"/>
			</nt>
			<nt id="s2_502" cat="fcl">
				<edge label="P" idref="s2_503"/>
				<edge label="Cs" idref="s2_504"/>
			</nt>
			<nt id="s2_503" cat="vp">
				<edge label="Vaux" idref="s2_1"/>
				<edge label="Vm" idref="s2_2"/>
			</nt>
			<nt id="s2_504" cat="np">
				<edge label="DN" idref="s2_3"/>
				<edge label="H" idref="s2_4"/>
			</nt>
			<nt id="s2_505" cat="x">
				<edge label="P" idref="s2_5"/>
				<edge label="fA" idref="s2_506"/>
			</nt>
			<nt id="s2_506" cat="pp">
				<edge label="H" idref="s2_6"/>
				<edge label="DP" idref="s2_7"/>
			</nt>
		</nonterminals>
	</graph>
</s>

<s id="s3" ref="3" source="Running text" forest="1" text="eu quero fumam o que gostei esse celular parece ser muito legal de meche o que não gostei eu não tenho nada contra esse celular!.">
	<graph root="s3_500">
		<terminals>
			<t id="s3_1" word="eu" lemma="eu" pos="pron-pers" morph="M/F 1S NOM" extra="--"/>
			<t id="s3_2" word="quero" lemma="querer" pos="v-fin" morph="PR 1S IND VFIN" extra="nosubj nosubj nosubj nosubj nosubj nosubj cjt-head cjt-head-STA vH fmc mv"/>
			<t id="s3_3" word="fumam" lemma="fumar" pos="v-fin" morph="PR 3P IND VFIN" extra="clb-fs mv"/>
			<t id="s3_4" word="o_que" lemma="o_que" pos="spec" morph="M S" extra="clb rel"/>
			<t id="s3_5" word="gostei" lemma="gostar" pos="v-fin" morph="PS 1S IND VFIN" extra="nosubj nosubj cjt-STA vH mv"/>
			<t id="s3_6" word="esse" lemma="esse" pos="pron-dem" morph="DET M S" extra="dem"/>
			<t id="s3_7" word="celular" lemma="celular" pos="adj" morph="M S" extra="n nh"/>
			<t id="s3_8" word="parece" lemma="parecer" pos="v-fin" morph="PR 3S IND VFIN" extra="cjt-STA fmc aux"/>
			<t id="s3_9" word="ser" lemma="ser" pos="v-inf" morph="--" extra="vK mv"/>
			<t id="s3_10" word="muito" lemma="muito" pos="adv" morph="--" extra="quant"/>
			<t id="s3_11" word="legal" lemma="legal" pos="adj" morph="M S" extra="n nh"/>
			<t id="s3_12" word="de" lemma="de" pos="prp" morph="--" extra="np-close"/>
			<t id="s3_13" word="meche" lemma="mechar" pos="v-fin" morph="PR 3S SUBJ VFIN" extra="nosubj nosubj cjt-STA vH fmc mv"/>
			<t id="s3_14" word="o" lemma="o" pos="pron-dem" morph="DET M S" extra="dem"/>
			<t id="s3_15" word="que" lemma="que" pos="spec" morph="M S" extra="clb clb-fs rel"/>
			<t id="s3_16" word="não" lemma="não" pos="adv" morph="--" extra="--"/>
			<t id="s3_17" word="gostei" lemma="gostar" pos="v-fin" morph="PS 1S IND VFIN" extra="vH mv np-close"/>
			<t id="s3_18" word="eu" lemma="eu" pos="pron-pers" morph="M/F 1S NOM" extra="--"/>
			<t id="s3_19" word="não" lemma="não" pos="adv" morph="--" extra="--"/>
			<t id="s3_20" word="tenho" lemma="ter" pos="v-fin" morph="PR 1S IND VFIN" extra="cjt-STA fmc mv"/>
			<t id="s3_21" word="nada" lemma="nada" pos="spec" morph="M S" extra="quant"/>
			<t id="s3_22" word="contra" lemma="contra" pos="prp" morph="--" extra="--"/>
			<t id="s3_23" word="esse" lemma="esse" pos="pron-dem" morph="DET M S" extra="dem"/>
			<t id="s3_24" word="celular" lemma="celular" pos="adj" morph="M S" extra="n nh"/>
			<t id="s3_25" word="!" lemma="--" pos="pu" morph="--" extra="--"/>
			<t id="s3_26" word="." lemma="--" pos="pu" morph="--" extra="--"/>
		</terminals>

		<nonterminals>
			<nt id="s3_500" cat="s">
				<edge label="STA" idref="s3_501"/>
			</nt>
			<nt id="s3_501" cat="par">
				<edge label="CJT" idref="s3_502"/>
				<edge label="CJT" idref="s3_504"/>
				<edge label="CJT" idref="s3_505"/>
				<edge label="CJT" idref="s3_510"/>
				<edge label="CJT" idref="s3_512"/>
				<edge label="PU" idref="s3_25"/>
				<edge label="PU" idref="s3_26"/>
			</nt>
			<nt id="s3_502" cat="fcl">
				<edge label="S" idref="s3_503"/>
				<edge label="P" idref="s3_2"/>
				<edge label="Od" idref="s3_3"/>
			</nt>
			<nt id="s3_503" cat="np">
				<edge label="H" idref="s3_1"/>
				<secedge label="*" idref="s3_12"/>
				<secedge label="*" idref="s3_511"/>
			</nt>
			<nt id="s3_504" cat="x">
				<edge label="X" idref="s3_4"/>
				<edge label="P" idref="s3_5"/>
			</nt>
			<nt id="s3_505" cat="fcl">
				<edge label="S" idref="s3_506"/>
				<edge label="P" idref="s3_507"/>
				<edge label="Cs" idref="s3_508"/>
				<edge label="S" idref="s3_509"/>
			</nt>
			<nt id="s3_506" cat="np">
				<edge label="DN" idref="s3_6"/>
				<edge label="H" idref="s3_7"/>
			</nt>
			<nt id="s3_507" cat="vp">
				<edge label="Vaux" idref="s3_8"/>
				<edge label="Vm" idref="s3_9"/>
			</nt>
			<nt id="s3_508" cat="adjp">
				<edge label="DA" idref="s3_10"/>
				<edge label="H" idref="s3_11"/>
			</nt>
			<nt id="s3_509" cat="np">
				<edge label="DN" idref="s3_12"/>
				<edge label="DN" idref="s3_511"/>
			</nt>
			<nt id="s3_510" cat="x">
				<edge label="P" idref="s3_13"/>
				<edge label="Od" idref="s3_14"/>
			</nt>
			<nt id="s3_511" cat="fcl">
				<edge label="S" idref="s3_15"/>
				<edge label="fA" idref="s3_16"/>
				<edge label="P" idref="s3_17"/>
			</nt>
			<nt id="s3_512" cat="fcl">
				<edge label="S" idref="s3_18"/>
				<edge label="fA" idref="s3_19"/>
				<edge label="P" idref="s3_20"/>
				<edge label="Od" idref="s3_21"/>
				<edge label="fA" idref="s3_513"/>
			</nt>
			<nt id="s3_513" cat="pp">
				<edge label="H" idref="s3_22"/>
				<edge label="DP" idref="s3_514"/>
			</nt>
			<nt id="s3_514" cat="np">
				<edge label="DN" idref="s3_23"/>
				<edge label="H" idref="s3_24"/>
			</nt>
		</nonterminals>
	</graph>
</s>

	</body>
</corpus>
