<?xml version="1.0" encoding="UTF-8"?>
<corpus>

	<body>
<s id="s1" ref="1" source="Running text" forest="1" text="comandos não obedecem difícil manuseio difícil operacionalidade o que gostei celular barato o que não gostei comandos não obedecem, difícil ate de destravar não sei se o meu esta com defeito mais não recomendo a ninguém..">
	<graph root="s1_500">
		<terminals>
			<t id="s1_1" word="comandos" lemma="comando" pos="n" morph="M P" sem="act-s activity HH" extra="--"/>
			<t id="s1_2" word="não" lemma="não" pos="adv" morph="--" extra="--"/>
			<t id="s1_3" word="obedecem" lemma="obedecer" pos="v-fin" morph="PR 3P IND VFIN" extra="nosubj nosubj nosubj nosubj nosubj nosubj cjt-head cjt-head-STA vH fmc mv"/>
			<t id="s1_4" word="difícil" lemma="difícil" pos="adj" morph="M S" extra="nh"/>
			<t id="s1_5" word="manuseio" lemma="manuseio" pos="n" morph="M S" sem="act-d" extra="--"/>
			<t id="s1_6" word="difícil" lemma="difícil" pos="adj" morph="M/F S" extra="nh"/>
			<t id="s1_7" word="operacionalidade" lemma="operacionalidade" pos="n" morph="F S" sem="am" extra="--"/>
			<t id="s1_8" word="o_que" lemma="o_que" pos="spec" morph="M S" extra="clb rel"/>
			<t id="s1_9" word="gostei" lemma="gostar" pos="v-fin" morph="PS 1S IND VFIN" extra="nosubj nosubj cjt-STA vH mv"/>
			<t id="s1_10" word="celular" lemma="celular" pos="adj" morph="M S" extra="nh"/>
			<t id="s1_11" word="barato" lemma="barato" pos="n" morph="M S" sem="mon" extra="--"/>
			<t id="s1_12" word="o" lemma="o" pos="pron-dem" morph="DET M S" extra="dem"/>
			<t id="s1_13" word="que" lemma="que" pos="spec" morph="M S" extra="clb clb-fs rel"/>
			<t id="s1_14" word="não" lemma="não" pos="adv" morph="--" extra="--"/>
			<t id="s1_15" word="gostei" lemma="gostar" pos="v-fin" morph="PS 1S IND VFIN" extra="vH mv np-close"/>
			<t id="s1_16" word="comandos" lemma="comando" pos="n" morph="M P" sem="act-s activity HH" extra="--"/>
			<t id="s1_17" word="não" lemma="não" pos="adv" morph="--" extra="--"/>
			<t id="s1_18" word="obedecem" lemma="obedecer" pos="v-fin" morph="PR 3P IND VFIN" extra="cjt-STA vH fmc mv"/>
			<t id="s1_19" word="," lemma="--" pos="pu" morph="--" extra="--"/>
			<t id="s1_20" word="difícil" lemma="difícil" pos="adj" morph="M/F S" extra="nh"/>
			<t id="s1_21" word="ate" lemma="atar" pos="v-fin" morph="PR 3S SUBJ VFIN" extra="cjt-STA vH fmc mv"/>
			<t id="s1_22" word="de" lemma="de" pos="prp" morph="--" extra="--"/>
			<t id="s1_23" word="destravar" lemma="destravar" pos="v-inf" morph="--" extra="vH mv"/>
			<t id="s1_24" word="não" lemma="não" pos="adv" morph="--" extra="--"/>
			<t id="s1_25" word="sei" lemma="saber" pos="v-fin" morph="PR 1S IND VFIN" extra="nosubj nosubj cjt-STA fmc mv"/>
			<t id="s1_26" word="se" lemma="se" pos="conj-s" morph="--" extra="clb clb-fs"/>
			<t id="s1_27" word="o" lemma="o" pos="art" morph="M S" extra="--"/>
			<t id="s1_28" word="meu" lemma="meu" pos="pron-poss" morph="DET M S" extra="poss 1S"/>
			<t id="s1_29" word="esta" lemma="este" pos="pron-dem" morph="DET F S" extra="dem"/>
			<t id="s1_30" word="com" lemma="com" pos="prp" morph="--" extra="--"/>
			<t id="s1_31" word="defeito" lemma="defeito" pos="n" morph="M S" sem="ac" extra="--"/>
			<t id="s1_32" word="mais" lemma="mais" pos="adv" morph="--" extra="--"/>
			<t id="s1_33" word="não" lemma="não" pos="adv" morph="--" extra="--"/>
			<t id="s1_34" word="recomendo" lemma="recomendar" pos="v-fin" morph="PR 1S IND VFIN" extra="vH mv"/>
			<t id="s1_35" word="a" lemma="a" pos="prp" morph="--" extra="--"/>
			<t id="s1_36" word="ninguém" lemma="ninguém" pos="spec" morph="M S" extra="--"/>
			<t id="s1_37" word="." lemma="--" pos="pu" morph="--" extra="--"/>
			<t id="s1_38" word="." lemma="--" pos="pu" morph="--" extra="--"/>
		</terminals>

		<nonterminals>
			<nt id="s1_500" cat="s">
				<edge label="STA" idref="s1_501"/>
			</nt>
			<nt id="s1_501" cat="par">
				<edge label="CJT" idref="s1_502"/>
				<edge label="CJT" idref="s1_503"/>
				<edge label="CJT" idref="s1_505"/>
				<edge label="CJT" idref="s1_507"/>
				<edge label="CJT" idref="s1_511"/>
				<edge label="PU" idref="s1_37"/>
				<edge label="PU" idref="s1_38"/>
			</nt>
			<nt id="s1_502" cat="fcl">
				<edge label="S" idref="s1_1"/>
				<edge label="fA" idref="s1_2"/>
				<edge label="P" idref="s1_3"/>
			</nt>
			<nt id="s1_503" cat="fcl">
				<edge label="fCs" idref="s1_504"/>
				<edge label="fCs" idref="s1_6"/>
				<edge label="fCs" idref="s1_7"/>
			</nt>
			<nt id="s1_504" cat="np">
				<edge label="DN" idref="s1_4"/>
				<edge label="H" idref="s1_5"/>
			</nt>
			<nt id="s1_505" cat="x">
				<edge label="X" idref="s1_8"/>
				<edge label="P" idref="s1_9"/>
				<edge label="S" idref="s1_506"/>
			</nt>
			<nt id="s1_506" cat="np">
				<edge label="DN" idref="s1_10"/>
				<edge label="H" idref="s1_11"/>
				<edge label="DN" idref="s1_508"/>
			</nt>
			<nt id="s1_507" cat="fcl">
				<edge label="S" idref="s1_12"/>
				<edge label="S" idref="s1_16"/>
				<edge label="fA" idref="s1_17"/>
				<edge label="P" idref="s1_18"/>
				<edge label="PU" idref="s1_19"/>
				<edge label="S" idref="s1_20"/>
				<edge label="P" idref="s1_21"/>
				<edge label="fA" idref="s1_509"/>
			</nt>
			<nt id="s1_508" cat="fcl">
				<edge label="S" idref="s1_13"/>
				<edge label="fA" idref="s1_14"/>
				<edge label="P" idref="s1_15"/>
			</nt>
			<nt id="s1_509" cat="pp">
				<edge label="H" idref="s1_22"/>
				<edge label="DP" idref="s1_510"/>
			</nt>
			<nt id="s1_510" cat="icl">
				<edge label="P" idref="s1_23"/>
				<edge label="fA" idref="s1_24"/>
			</nt>
			<nt id="s1_511" cat="x">
				<edge label="P" idref="s1_25"/>
				<edge label="Od" idref="s1_512"/>
				<edge label="DN" idref="s1_27"/>
				<edge label="DN" idref="s1_28"/>
				<edge label="fA" idref="s1_513"/>
			</nt>
			<nt id="s1_512" cat="fcl">
				<edge label="SUB" idref="s1_26"/>
				<edge label="Od" idref="s1_29"/>
			</nt>
			<nt id="s1_513" cat="pp">
				<edge label="H" idref="s1_30"/>
				<edge label="DP" idref="s1_31"/>
				<edge label="fA" idref="s1_32"/>
				<edge label="fA" idref="s1_33"/>
				<edge label="P" idref="s1_34"/>
				<edge label="fA" idref="s1_514"/>
			</nt>
			<nt id="s1_514" cat="pp">
				<edge label="H" idref="s1_35"/>
				<edge label="DP" idref="s1_36"/>
			</nt>
		</nonterminals>
	</graph>
</s>

	</body>
</corpus>
