<?xml version="1.0" encoding="UTF-8"?>
<corpus>

	<body>
<s id="s1" ref="1" source="Running text" forest="1" text="não compre.">
	<graph root="s1_500">
		<terminals>
			<t id="s1_1" word="não" lemma="não" pos="adv" morph="--" extra="--"/>
			<t id="s1_2" word="compre" lemma="comprar" pos="v-fin" morph="PR 1/3S SUBJ VFIN" extra="vH fmc mv"/>
			<t id="s1_3" word="." lemma="--" pos="pu" morph="--" extra="--"/>
		</terminals>

		<nonterminals>
			<nt id="s1_500" cat="s">
				<edge label="STA" idref="s1_501"/>
			</nt>
			<nt id="s1_501" cat="fcl">
				<edge label="fA" idref="s1_1"/>
				<edge label="P" idref="s1_2"/>
				<edge label="PU" idref="s1_3"/>
			</nt>
		</nonterminals>
	</graph>
</s>

<s id="s2" ref="2" source="Running text" forest="1" text="não acesa rede social com clareza.">
	<graph root="s2_500">
		<terminals>
			<t id="s2_1" word="não" lemma="não" pos="adv" morph="--" extra="--"/>
			<t id="s2_2" word="acesa" lemma="acender" pos="v-pcp" morph="F S" extra="jh"/>
			<t id="s2_3" word="rede" lemma="rede" pos="n" morph="F S" sem="con HH furn Lh coll-sem" extra="--"/>
			<t id="s2_4" word="social" lemma="social" pos="adj" morph="F S" extra="jh np-close"/>
			<t id="s2_5" word="com" lemma="com" pos="prp" morph="--" extra="np-long"/>
			<t id="s2_6" word="clareza" lemma="clareza" pos="n" morph="F S" sem="am" extra="--"/>
			<t id="s2_7" word="." lemma="--" pos="pu" morph="--" extra="--"/>
		</terminals>

		<nonterminals>
			<nt id="s2_500" cat="s">
				<edge label="X" idref="s2_501"/>
			</nt>
			<nt id="s2_501" cat="np">
				<edge label="DN" idref="s2_502"/>
				<edge label="H" idref="s2_3"/>
				<edge label="DN" idref="s2_4"/>
				<edge label="DN" idref="s2_503"/>
				<edge label="PU" idref="s2_7"/>
			</nt>
			<nt id="s2_502" cat="adjp">
				<edge label="DA" idref="s2_1"/>
				<edge label="H" idref="s2_2"/>
			</nt>
			<nt id="s2_503" cat="pp">
				<edge label="H" idref="s2_5"/>
				<edge label="DP" idref="s2_6"/>
			</nt>
		</nonterminals>
	</graph>
</s>

<s id="s3" ref="3" source="Running text" forest="1" text="o que gostei wi fi o que não gostei não tem expansão memoria não roda video youtube fone avulso e carregador já soltaram carenagem ruim material fone aparelho já estragou e comprei em number.">
	<graph root="s3_500">
		<terminals>
			<t id="s3_1" word="o" lemma="o" pos="pron-dem" morph="DET M S" extra="dem"/>
			<t id="s3_2" word="que" lemma="que" pos="spec" morph="M S" extra="clb clb-fs rel"/>
			<t id="s3_3" word="gostei" lemma="gostar" pos="v-fin" morph="PS 1S IND VFIN" extra="vH mv np-close"/>
			<t id="s3_4" word="wi" lemma="wi" pos="n" morph="M/F S" extra="foreign"/>
			<t id="s3_5" word="fi" lemma="fi" pos="n" morph="M/F S" extra="foreign"/>
			<t id="s3_6" word="o" lemma="o" pos="pron-dem" morph="DET M S" extra="dem"/>
			<t id="s3_7" word="que" lemma="que" pos="spec" morph="M S" extra="clb clb-fs rel"/>
			<t id="s3_8" word="não" lemma="não" pos="adv" morph="--" extra="--"/>
			<t id="s3_9" word="gostei" lemma="gostar" pos="v-fin" morph="PS 1S IND VFIN" extra="vH mv np-close"/>
			<t id="s3_10" word="não" lemma="não" pos="adv" morph="--" extra="--"/>
			<t id="s3_11" word="tem" lemma="ter" pos="v-fin" morph="PR 3S IND VFIN" extra="nosubj nosubj nosubj nosubj nosubj nosubj cjt-head cjt-head-STA fmc mv"/>
			<t id="s3_12" word="expansão" lemma="expansão" pos="n" morph="F S" sem="process" extra="--"/>
			<t id="s3_13" word="memoria" lemma="memoriar" pos="v-fin" morph="PR 3S IND VFIN" extra="cjt-STA vH fmc mv"/>
			<t id="s3_14" word="não" lemma="não" pos="adv" morph="--" extra="--"/>
			<t id="s3_15" word="roda" lemma="roda" pos="n" morph="F S" sem="tool geom part-build HH" extra="--"/>
			<t id="s3_16" word="video" lemma="video" pos="ec" morph="--" extra="--"/>
			<t id="s3_17" word="youtube" lemma="youtube" pos="n" morph="M S" extra="cjt-head cjt-head-Od heur foreign"/>
			<t id="s3_18" word="fone" lemma="fone" pos="n" morph="M S" sem="ac-cat tool" extra="cjt-Od"/>
			<t id="s3_19" word="avulso" lemma="avulso" pos="adj" morph="M S" extra="nh np-close"/>
			<t id="s3_20" word="e" lemma="e" pos="conj-c" morph="--" extra="topkc"/>
			<t id="s3_21" word="carregador" lemma="carregador" pos="n" morph="M S" sem="Hprof con" extra="cjt-Od"/>
			<t id="s3_22" word="já" lemma="já" pos="adv" morph="--" extra="--"/>
			<t id="s3_23" word="soltaram" lemma="soltar" pos="v-fin" morph="PS/MQP 3P IND VFIN" extra="cjt-STA vH fmc mv"/>
			<t id="s3_24" word="carenagem" lemma="carenagem" pos="n" morph="F S" extra="DERS"/>
			<t id="s3_25" word="ruim" lemma="ruim" pos="adj" morph="F S" extra="np-close"/>
			<t id="s3_26" word="material" lemma="material" pos="adj" morph="M S" extra="nh"/>
			<t id="s3_27" word="fone" lemma="fone" pos="n" morph="M S" sem="ac-cat tool" extra="--"/>
			<t id="s3_28" word="aparelho" lemma="aparelhar" pos="v-fin" morph="PR 1S IND VFIN" extra="cjt-STA vH fmc mv"/>
			<t id="s3_29" word="já" lemma="já" pos="adv" morph="--" extra="--"/>
			<t id="s3_30" word="estragou" lemma="estragar" pos="v-fin" morph="PS 3S IND VFIN" extra="nosubj nosubj cjt-STA fmc mv"/>
			<t id="s3_31" word="e" lemma="e" pos="conj-c" morph="--" extra="co-fin"/>
			<t id="s3_32" word="comprei" lemma="comprar" pos="v-fin" morph="PS 1S IND VFIN" extra="nosubj cjt-STA nosubj cjt-STA vH fmc mv"/>
			<t id="s3_33" word="em" lemma="em" pos="prp" morph="--" extra="--"/>
			<t id="s3_34" word="number" lemma="number" pos="n" morph="M S" extra="heur"/>
			<t id="s3_35" word="." lemma="--" pos="pu" morph="--" extra="--"/>
		</terminals>

		<nonterminals>
			<nt id="s3_500" cat="s">
				<edge label="STA" idref="s3_501"/>
			</nt>
			<nt id="s3_501" cat="par">
				<edge label="CJT" idref="s3_502"/>
				<edge label="DN" idref="s3_504"/>
				<edge label="S" idref="s3_2"/>
				<edge label="P" idref="s3_3"/>
				<edge label="CJT" idref="s3_505"/>
				<edge label="CJT" idref="s3_506"/>
				<edge label="CO" idref="s3_20"/>
				<edge label="CJT" idref="s3_30"/>
				<edge label="CO" idref="s3_31"/>
				<edge label="CJT" idref="s3_515"/>
				<edge label="PU" idref="s3_35"/>
			</nt>
			<nt id="s3_502" cat="fcl">
				<edge label="CJT" idref="s3_503"/>
			</nt>
			<nt id="s3_503" cat="fcl">
				<edge label="S" idref="s3_1"/>
			</nt>
			<nt id="s3_504" cat="fcl">
			</nt>
			<nt id="s3_505" cat="fcl">
				<edge label="S" idref="s3_4"/>
			</nt>
			<nt id="s3_506" cat="fcl">
				<edge label="S" idref="s3_507"/>
				<edge label="S" idref="s3_6"/>
				<edge label="P" idref="s3_11"/>
				<edge label="Od" idref="s3_12"/>
				<edge label="P" idref="s3_13"/>
				<edge label="S" idref="s3_509"/>
				<edge label="Od" idref="s3_510"/>
				<edge label="fA" idref="s3_22"/>
				<edge label="P" idref="s3_23"/>
				<edge label="Od" idref="s3_513"/>
				<edge label="S" idref="s3_514"/>
				<edge label="P" idref="s3_28"/>
				<edge label="fA" idref="s3_29"/>
			</nt>
			<nt id="s3_507" cat="np">
				<edge label="H" idref="s3_5"/>
				<edge label="DN" idref="s3_508"/>
			</nt>
			<nt id="s3_508" cat="fcl">
				<edge label="S" idref="s3_7"/>
				<edge label="fA" idref="s3_8"/>
				<edge label="P" idref="s3_9"/>
				<edge label="fA" idref="s3_10"/>
			</nt>
			<nt id="s3_509" cat="np">
				<edge label="DN" idref="s3_14"/>
				<edge label="H" idref="s3_15"/>
			</nt>
			<nt id="s3_510" cat="par">
				<edge label="CJT" idref="s3_511"/>
				<edge label="CJT" idref="s3_512"/>
				<edge label="CJT" idref="s3_21"/>
			</nt>
			<nt id="s3_511" cat="np">
				<edge label="PREF" idref="s3_16"/>
				<edge label="H" idref="s3_17"/>
			</nt>
			<nt id="s3_512" cat="np">
				<edge label="H" idref="s3_18"/>
				<edge label="DN" idref="s3_19"/>
			</nt>
			<nt id="s3_513" cat="np">
				<edge label="H" idref="s3_24"/>
				<edge label="DN" idref="s3_25"/>
			</nt>
			<nt id="s3_514" cat="np">
				<edge label="DN" idref="s3_26"/>
				<edge label="H" idref="s3_27"/>
			</nt>
			<nt id="s3_515" cat="x">
				<edge label="P" idref="s3_32"/>
				<edge label="fA" idref="s3_516"/>
			</nt>
			<nt id="s3_516" cat="pp">
				<edge label="H" idref="s3_33"/>
				<edge label="DP" idref="s3_34"/>
			</nt>
		</nonterminals>
	</graph>
</s>

<s id="s4" ref="4" source="Running text" forest="1" text="number camera filmar e vga horrível.">
	<graph root="s4_500">
		<terminals>
			<t id="s4_1" word="number" lemma="number" pos="n" morph="M S" extra="cjt-head cjt-head-S heur"/>
			<t id="s4_2" word="camera" lemma="c�=mara" pos="n" morph="F S" sem="Lh HH" extra="cjt-S"/>
			<t id="s4_3" word="filmar" lemma="filmar" pos="v-inf" morph="3S" extra="vH mv"/>
			<t id="s4_4" word="e" lemma="e" pos="conj-c" morph="--" extra="--"/>
			<t id="s4_5" word="vga" lemma="vga" pos="n" morph="M S" extra="heur"/>
			<t id="s4_6" word="horrível" lemma="horrível" pos="adj" morph="M S" extra="np-close"/>
			<t id="s4_7" word="." lemma="--" pos="pu" morph="--" extra="--"/>
		</terminals>

		<nonterminals>
			<nt id="s4_500" cat="s">
				<edge label="UTT" idref="s4_501"/>
			</nt>
			<nt id="s4_501" cat="fcl">
				<edge label="S" idref="s4_502"/>
				<edge label="P" idref="s4_3"/>
				<edge label="Od" idref="s4_503"/>
				<edge label="PU" idref="s4_7"/>
			</nt>
			<nt id="s4_502" cat="par">
				<edge label="CJT" idref="s4_1"/>
				<edge label="CJT" idref="s4_2"/>
			</nt>
			<nt id="s4_503" cat="np">
				<edge label="DN" idref="s4_504"/>
				<edge label="H" idref="s4_5"/>
				<edge label="-DN" idref="s4_6"/>
			</nt>
			<nt id="s4_504" cat="adjp">
				<edge label="CO" idref="s4_4"/>
			</nt>
		</nonterminals>
	</graph>
</s>

<s id="s5" ref="5" source="Running text" forest="1" text="não adianta por cart memória 4 gb que não toca youtube.">
	<graph root="s5_500">
		<terminals>
			<t id="s5_1" word="não" lemma="não" pos="adv" morph="--" extra="--"/>
			<t id="s5_2" word="adianta" lemma="adiantar" pos="v-fin" morph="PR 3S IND VFIN" extra="fmc mv"/>
			<t id="s5_3" word="por" lemma="por" pos="prp" morph="--" extra="--"/>
			<t id="s5_4" word="cart" lemma="cart" pos="n" morph="M S" extra="heur"/>
			<t id="s5_5" word="memória" lemma="memória" pos="n" morph="F S" sem="sem-c sem-r" extra="cjt-head cjt-head-Od"/>
			<t id="s5_6" word="4" lemma="4" pos="num" morph="M/F P" extra="card"/>
			<t id="s5_7" word="gb" lemma="gb" pos="n" morph="M/F S" extra="cjt-Od foreign"/>
			<t id="s5_8" word="que" lemma="que" pos="conj-s" morph="--" extra="clb clb-fs"/>
			<t id="s5_9" word="não" lemma="não" pos="adv" morph="--" extra="--"/>
			<t id="s5_10" word="toca" lemma="tocar" pos="v-fin" morph="PR 3S IND VFIN" extra="mv"/>
			<t id="s5_11" word="youtube" lemma="youtube" pos="n" morph="M S" extra="heur foreign"/>
			<t id="s5_12" word="." lemma="--" pos="pu" morph="--" extra="--"/>
		</terminals>

		<nonterminals>
			<nt id="s5_500" cat="s">
				<edge label="STA" idref="s5_501"/>
			</nt>
			<nt id="s5_501" cat="fcl">
				<edge label="fA" idref="s5_1"/>
				<edge label="P" idref="s5_2"/>
				<edge label="fA" idref="s5_502"/>
				<edge label="Od" idref="s5_503"/>
				<edge label="Od" idref="s5_505"/>
				<edge label="PU" idref="s5_12"/>
			</nt>
			<nt id="s5_502" cat="pp">
				<edge label="H" idref="s5_3"/>
				<edge label="DP" idref="s5_4"/>
			</nt>
			<nt id="s5_503" cat="par">
				<edge label="CJT" idref="s5_5"/>
				<edge label="CJT" idref="s5_504"/>
			</nt>
			<nt id="s5_504" cat="np">
				<edge label="DN" idref="s5_6"/>
				<edge label="H" idref="s5_7"/>
			</nt>
			<nt id="s5_505" cat="fcl">
				<edge label="SUB" idref="s5_8"/>
				<edge label="fA" idref="s5_9"/>
				<edge label="P" idref="s5_10"/>
				<edge label="Od" idref="s5_11"/>
			</nt>
		</nonterminals>
	</graph>
</s>

<s id="s6" ref="6" source="Running text" forest="1" text="rede social do aparelho e ilegível..">
	<graph root="s6_500">
		<terminals>
			<t id="s6_1" word="rede" lemma="rede" pos="n" morph="F S" sem="con HH furn Lh coll-sem" extra="cjt-head cjt-head-X"/>
			<t id="s6_2" word="social" lemma="social" pos="adj" morph="F S" extra="jh np-close"/>
			<t id="s6_3" word="de" lemma="de" pos="prp" morph="--" extra="sam- np-close"/>
			<t id="s6_4" word="o" lemma="o" pos="art" morph="M S" extra="-sam "/>
			<t id="s6_5" word="aparelho" lemma="aparelho" pos="n" morph="M S" sem="tool" extra="--"/>
			<t id="s6_6" word="e" lemma="e" pos="conj-c" morph="--" extra="--"/>
			<t id="s6_7" word="ilegível" lemma="ilegível" pos="adj" morph="M/F S" extra="cjt-X nh"/>
			<t id="s6_8" word="." lemma="--" pos="pu" morph="--" extra="--"/>
			<t id="s6_9" word="." lemma="--" pos="pu" morph="--" extra="--"/>
		</terminals>

		<nonterminals>
			<nt id="s6_500" cat="s">
				<edge label="X" idref="s6_501"/>
			</nt>
			<nt id="s6_501" cat="par">
				<edge label="CJT" idref="s6_502"/>
				<edge label="CJT" idref="s6_7"/>
				<edge label="PU" idref="s6_8"/>
				<edge label="PU" idref="s6_9"/>
			</nt>
			<nt id="s6_502" cat="np">
				<edge label="H" idref="s6_1"/>
				<edge label="DN" idref="s6_2"/>
				<edge label="DN" idref="s6_503"/>
			</nt>
			<nt id="s6_503" cat="pp">
				<edge label="H" idref="s6_3"/>
				<edge label="DP" idref="s6_504"/>
			</nt>
			<nt id="s6_504" cat="np">
				<edge label="DN" idref="s6_4"/>
				<edge label="H" idref="s6_5"/>
				<edge label="CO" idref="s6_6"/>
			</nt>
		</nonterminals>
	</graph>
</s>

	</body>
</corpus>
