<?xml version="1.0" encoding="UTF-8"?>
<corpus>

	<body>
<s id="s1" ref="1" source="Running text" forest="1" text="celular mutuo bom.">
	<graph root="s1_500">
		<terminals>
			<t id="s1_1" word="celular" lemma="celular" pos="adj" morph="M/F S" extra="nh"/>
			<t id="s1_2" word="mutuo" lemma="mutuar" pos="v-fin" morph="PR 1S IND VFIN" extra="vH fmc mv"/>
			<t id="s1_3" word="bom" lemma="bom" pos="adj" morph="M S" extra="--"/>
			<t id="s1_4" word="." lemma="--" pos="pu" morph="--" extra="--"/>
		</terminals>

		<nonterminals>
			<nt id="s1_500" cat="s">
				<edge label="STA" idref="s1_501"/>
			</nt>
			<nt id="s1_501" cat="fcl">
				<edge label="Od" idref="s1_1"/>
				<edge label="P" idref="s1_2"/>
				<edge label="fCs" idref="s1_3"/>
				<edge label="PU" idref="s1_4"/>
			</nt>
		</nonterminals>
	</graph>
</s>

<s id="s2" ref="2" source="Running text" forest="1" text="desempenho de ótima qualidade o que gostei celular muito bom!">
	<graph root="s2_500">
		<terminals>
			<t id="s2_1" word="desempenho" lemma="desempenho" pos="n" morph="M S" sem="act" extra="cjt-head cjt-head-X"/>
			<t id="s2_2" word="de" lemma="de" pos="prp" morph="--" extra="np-close"/>
			<t id="s2_3" word="ótima" lemma="bom" pos="adj" morph="F S" extra="SUP"/>
			<t id="s2_4" word="qualidade" lemma="qualidade" pos="n" morph="F S" sem="percep-f f-c" extra="--"/>
			<t id="s2_5" word="o" lemma="o" pos="pron-dem" morph="DET M S" extra="cjt-X dem"/>
			<t id="s2_6" word="que" lemma="que" pos="spec" morph="M S" extra="clb clb-fs rel"/>
			<t id="s2_7" word="gostei" lemma="gostar" pos="v-fin" morph="PS 1S IND VFIN" extra="vH mv np-close"/>
			<t id="s2_8" word="celular" lemma="celular" pos="adj" morph="M/F S" extra="nh"/>
			<t id="s2_9" word="muito" lemma="muito" pos="adv" morph="--" extra="quant"/>
			<t id="s2_10" word="bom" lemma="bom" pos="adj" morph="M S" extra="np-close"/>
			<t id="s2_11" word="!" lemma="--" pos="pu" morph="--" extra="--"/>
		</terminals>

		<nonterminals>
			<nt id="s2_500" cat="s">
				<edge label="X" idref="s2_501"/>
			</nt>
			<nt id="s2_501" cat="par">
				<edge label="CJT" idref="s2_502"/>
				<edge label="CJT" idref="s2_5"/>
				<edge label="PU" idref="s2_11"/>
			</nt>
			<nt id="s2_502" cat="np">
				<edge label="H" idref="s2_1"/>
				<edge label="DN" idref="s2_503"/>
			</nt>
			<nt id="s2_503" cat="pp">
				<edge label="H" idref="s2_2"/>
				<edge label="DP" idref="s2_504"/>
			</nt>
			<nt id="s2_504" cat="np">
				<edge label="DN" idref="s2_3"/>
				<edge label="H" idref="s2_4"/>
				<edge label="DN" idref="s2_505"/>
				<edge label="DN" idref="s2_506"/>
			</nt>
			<nt id="s2_505" cat="fcl">
				<edge label="S" idref="s2_6"/>
				<edge label="P" idref="s2_7"/>
				<edge label="fCs" idref="s2_8"/>
			</nt>
			<nt id="s2_506" cat="adjp">
				<edge label="DA" idref="s2_9"/>
				<edge label="H" idref="s2_10"/>
			</nt>
		</nonterminals>
	</graph>
</s>

<s id="s3" ref="3" source="Running text" forest="1" text="o que não gostei um pouco grande.">
	<graph root="s3_500">
		<terminals>
			<t id="s3_1" word="o" lemma="o" pos="pron-dem" morph="DET M S" extra="dem"/>
			<t id="s3_2" word="que" lemma="que" pos="spec" morph="M S" extra="clb clb-fs rel"/>
			<t id="s3_3" word="não" lemma="não" pos="adv" morph="--" extra="--"/>
			<t id="s3_4" word="gostei" lemma="gostar" pos="v-fin" morph="PS 1S IND VFIN" extra="vH mv np-close"/>
			<t id="s3_5" word="um_pouco" lemma="um_pouco" pos="adv" morph="--" extra="quant"/>
			<t id="s3_6" word="grande" lemma="grande" pos="adj" morph="M/F S" extra="--"/>
			<t id="s3_7" word="." lemma="--" pos="pu" morph="--" extra="--"/>
		</terminals>

		<nonterminals>
			<nt id="s3_500" cat="s">
				<edge label="UTT" idref="s3_501"/>
			</nt>
			<nt id="s3_501" cat="x">
				<edge label="X" idref="s3_1"/>
				<edge label="DN" idref="s3_502"/>
				<edge label="S" idref="s3_2"/>
				<edge label="fA" idref="s3_3"/>
				<edge label="P" idref="s3_4"/>
				<edge label="fCs" idref="s3_503"/>
				<edge label="PU" idref="s3_7"/>
			</nt>
			<nt id="s3_502" cat="fcl">
			</nt>
			<nt id="s3_503" cat="adjp">
				<edge label="DA" idref="s3_5"/>
				<edge label="H" idref="s3_6"/>
			</nt>
		</nonterminals>
	</graph>
</s>

	</body>
</corpus>
