<?xml version="1.0" encoding="UTF-8"?>
<corpus>

	<body>
<s id="s1" ref="1" source="Running text" forest="1" text="entendo que, muito embora a tecnologia esteja avançado, o telefone celular deve oferecer facilidades em seu manuseio.">
	<graph root="s1_500">
		<terminals>
			<t id="s1_1" word="entendo" lemma="entender" pos="v-fin" morph="PR 1S IND VFIN" extra="vH fmc mv"/>
			<t id="s1_2" word="que" lemma="que" pos="conj-s" morph="--" extra="clb clb-fs"/>
			<t id="s1_3" word="," lemma="--" pos="pu" morph="--" extra="--"/>
			<t id="s1_4" word="muito" lemma="muito" pos="pron-indef" morph="DET M S" extra="quant"/>
			<t id="s1_5" word="embora" lemma="embora" pos="conj-s" morph="--" extra="clb clb-fs"/>
			<t id="s1_6" word="a" lemma="o" pos="art" morph="F S" extra="--"/>
			<t id="s1_7" word="tecnologia" lemma="tecnologia" pos="n" morph="F S" sem="domain" extra="--"/>
			<t id="s1_8" word="esteja" lemma="estar" pos="v-fin" morph="PR 3S SUBJ VFIN" extra="vK mv"/>
			<t id="s1_9" word="avançado" lemma="avançado" pos="n" morph="M S" sem="Hprof" extra="--"/>
			<t id="s1_10" word="," lemma="--" pos="pu" morph="--" extra="--"/>
			<t id="s1_11" word="o" lemma="o" pos="art" morph="M S" extra="--"/>
			<t id="s1_12" word="telefone" lemma="telefone" pos="n" morph="M S" sem="tool" extra="--"/>
			<t id="s1_13" word="celular" lemma="celular" pos="adj" morph="M S" extra="nh np-close"/>
			<t id="s1_14" word="deve" lemma="dever" pos="v-fin" morph="PR 3S IND VFIN" extra="aux"/>
			<t id="s1_15" word="oferecer" lemma="oferecer" pos="v-inf" morph="--" extra="vH mv"/>
			<t id="s1_16" word="facilidades" lemma="facilidade" pos="n" morph="F P" sem="am" extra="--"/>
			<t id="s1_17" word="em" lemma="em" pos="prp" morph="--" extra="--"/>
			<t id="s1_18" word="seu" lemma="seu" pos="pron-poss" morph="DET M S" extra="si poss 3S"/>
			<t id="s1_19" word="manuseio" lemma="manuseio" pos="n" morph="M S" sem="act-d" extra="--"/>
			<t id="s1_20" word="." lemma="--" pos="pu" morph="--" extra="--"/>
		</terminals>

		<nonterminals>
			<nt id="s1_500" cat="s">
				<edge label="STA" idref="s1_501"/>
			</nt>
			<nt id="s1_501" cat="fcl">
				<edge label="P" idref="s1_1"/>
				<edge label="Od" idref="s1_502"/>
				<edge label="PU" idref="s1_20"/>
			</nt>
			<nt id="s1_502" cat="fcl">
				<edge label="SUB" idref="s1_2"/>
				<edge label="PU" idref="s1_3"/>
				<edge label="fA" idref="s1_503"/>
				<edge label="PU" idref="s1_10"/>
				<edge label="S" idref="s1_505"/>
				<edge label="P" idref="s1_506"/>
				<edge label="Od" idref="s1_16"/>
				<edge label="fA" idref="s1_507"/>
			</nt>
			<nt id="s1_503" cat="fcl">
				<edge label="S" idref="s1_4"/>
				<edge label="SUB" idref="s1_5"/>
				<edge label="S" idref="s1_504"/>
				<edge label="P" idref="s1_8"/>
				<edge label="Cs" idref="s1_9"/>
			</nt>
			<nt id="s1_504" cat="np">
				<edge label="DN" idref="s1_6"/>
				<edge label="H" idref="s1_7"/>
			</nt>
			<nt id="s1_505" cat="np">
				<edge label="DN" idref="s1_11"/>
				<edge label="H" idref="s1_12"/>
				<edge label="DN" idref="s1_13"/>
			</nt>
			<nt id="s1_506" cat="vp">
				<edge label="Vaux" idref="s1_14"/>
				<edge label="Vm" idref="s1_15"/>
			</nt>
			<nt id="s1_507" cat="pp">
				<edge label="H" idref="s1_17"/>
				<edge label="DP" idref="s1_508"/>
			</nt>
			<nt id="s1_508" cat="np">
				<edge label="DN" idref="s1_18"/>
				<edge label="H" idref="s1_19"/>
			</nt>
		</nonterminals>
	</graph>
</s>

<s id="s2" ref="2" source="Running text" forest="1" text="tecnologia não pode representar dificuldades na multiplicação do aparelho.">
	<graph root="s2_500">
		<terminals>
			<t id="s2_1" word="tecnologia" lemma="tecnologia" pos="n" morph="F S" sem="domain" extra="--"/>
			<t id="s2_2" word="não" lemma="não" pos="adv" morph="--" extra="--"/>
			<t id="s2_3" word="pode" lemma="poder" pos="v-fin" morph="PR 3S IND VFIN" extra="fmc aux"/>
			<t id="s2_4" word="representar" lemma="representar" pos="v-inf" morph="--" extra="mv"/>
			<t id="s2_5" word="dificuldades" lemma="dificuldade" pos="n" morph="F P" sem="am" extra="--"/>
			<t id="s2_6" word="em" lemma="em" pos="prp" morph="--" extra="sam- np-close"/>
			<t id="s2_7" word="a" lemma="o" pos="art" morph="F S" extra="-sam "/>
			<t id="s2_8" word="multiplicação" lemma="multiplicação" pos="n" morph="F S" sem="act" extra="--"/>
			<t id="s2_9" word="de" lemma="de" pos="prp" morph="--" extra="sam- np-close"/>
			<t id="s2_10" word="o" lemma="o" pos="art" morph="M S" extra="-sam "/>
			<t id="s2_11" word="aparelho" lemma="aparelho" pos="n" morph="M S" sem="tool" extra="--"/>
			<t id="s2_12" word="." lemma="--" pos="pu" morph="--" extra="--"/>
		</terminals>

		<nonterminals>
			<nt id="s2_500" cat="s">
				<edge label="STA" idref="s2_501"/>
			</nt>
			<nt id="s2_501" cat="fcl">
				<edge label="S" idref="s2_1"/>
				<edge label="fA" idref="s2_2"/>
				<edge label="P" idref="s2_502"/>
				<edge label="Od" idref="s2_503"/>
				<edge label="PU" idref="s2_12"/>
			</nt>
			<nt id="s2_502" cat="vp">
				<edge label="Vaux" idref="s2_3"/>
				<edge label="Vm" idref="s2_4"/>
			</nt>
			<nt id="s2_503" cat="np">
				<edge label="H" idref="s2_5"/>
				<edge label="DN" idref="s2_504"/>
			</nt>
			<nt id="s2_504" cat="pp">
				<edge label="H" idref="s2_6"/>
				<edge label="DP" idref="s2_505"/>
			</nt>
			<nt id="s2_505" cat="np">
				<edge label="DN" idref="s2_7"/>
				<edge label="H" idref="s2_8"/>
				<edge label="DN" idref="s2_506"/>
			</nt>
			<nt id="s2_506" cat="pp">
				<edge label="H" idref="s2_9"/>
				<edge label="DP" idref="s2_507"/>
			</nt>
			<nt id="s2_507" cat="np">
				<edge label="DN" idref="s2_10"/>
				<edge label="H" idref="s2_11"/>
			</nt>
		</nonterminals>
	</graph>
</s>

<s id="s3" ref="3" source="Running text" forest="1" text="pois já tive outros aparelho da nokia e nunca tive as dificuldades que estou tendo com esse parelho e6.">
	<graph root="s3_500">
		<terminals>
			<t id="s3_1" word="pois" lemma="pois" pos="adv" morph="--" extra="kc"/>
			<t id="s3_2" word="já" lemma="já" pos="adv" morph="--" extra="--"/>
			<t id="s3_3" word="tive" lemma="ter" pos="v-fin" morph="PS 1S IND VFIN" extra="nosubj nosubj cjt-head cjt-head-STA fmc mv"/>
			<t id="s3_4" word="outros" lemma="outro" pos="pron-indef" morph="DET M P" extra="diff KOMP"/>
			<t id="s3_5" word="aparelho" lemma="aparelho" pos="n" morph="M P" sem="tool" extra="--"/>
			<t id="s3_6" word="de" lemma="de" pos="prp" morph="--" extra="sam- np-close"/>
			<t id="s3_7" word="a" lemma="o" pos="art" morph="F S" extra="-sam "/>
			<t id="s3_8" word="nokia" lemma="nokia" pos="n" morph="F S" extra="heur foreign"/>
			<t id="s3_9" word="e" lemma="e" pos="conj-c" morph="--" extra="--"/>
			<t id="s3_10" word="nunca" lemma="nunca" pos="adv" morph="--" extra="--"/>
			<t id="s3_11" word="tive" lemma="ter" pos="v-fin" morph="PS 1S IND VFIN" extra="nosubj nosubj cjt-STA fmc mv"/>
			<t id="s3_12" word="as" lemma="o" pos="art" morph="F P" extra="--"/>
			<t id="s3_13" word="dificuldades" lemma="dificuldade" pos="n" morph="F P" sem="am" extra="--"/>
			<t id="s3_14" word="que" lemma="que" pos="spec" morph="M S" extra="clb clb-fs rel"/>
			<t id="s3_15" word="estou" lemma="estar" pos="v-fin" morph="PR 1S IND VFIN" extra="aux np-close"/>
			<t id="s3_16" word="tendo" lemma="ter" pos="v-ger" morph="--" extra="clb mv"/>
			<t id="s3_17" word="com" lemma="com" pos="prp" morph="--" extra="--"/>
			<t id="s3_18" word="esse" lemma="esse" pos="pron-dem" morph="DET M S" extra="dem"/>
			<t id="s3_19" word="parelho" lemma="parelho" pos="adj" morph="M S" extra="--"/>
			<t id="s3_20" word="e6" lemma="e6" pos="n" morph="M S" extra="foreign"/>
			<t id="s3_21" word="." lemma="--" pos="pu" morph="--" extra="--"/>
		</terminals>

		<nonterminals>
			<nt id="s3_500" cat="s">
				<edge label="STA" idref="s3_501"/>
			</nt>
			<nt id="s3_501" cat="par">
				<edge label="CJT" idref="s3_502"/>
				<edge label="CJT" idref="s3_506"/>
				<edge label="PU" idref="s3_21"/>
			</nt>
			<nt id="s3_502" cat="fcl">
				<edge label="fA" idref="s3_1"/>
				<edge label="fA" idref="s3_2"/>
				<edge label="P" idref="s3_3"/>
				<edge label="Od" idref="s3_503"/>
			</nt>
			<nt id="s3_503" cat="np">
				<edge label="DN" idref="s3_4"/>
				<edge label="H" idref="s3_5"/>
				<edge label="DN" idref="s3_504"/>
			</nt>
			<nt id="s3_504" cat="pp">
				<edge label="H" idref="s3_6"/>
				<edge label="DP" idref="s3_505"/>
			</nt>
			<nt id="s3_505" cat="np">
				<edge label="DN" idref="s3_7"/>
				<edge label="H" idref="s3_8"/>
				<edge label="CO" idref="s3_9"/>
			</nt>
			<nt id="s3_506" cat="x">
				<edge label="fA" idref="s3_10"/>
				<edge label="P" idref="s3_11"/>
				<edge label="Od" idref="s3_507"/>
			</nt>
			<nt id="s3_507" cat="np">
				<edge label="DN" idref="s3_12"/>
				<edge label="H" idref="s3_13"/>
				<edge label="DN" idref="s3_508"/>
			</nt>
			<nt id="s3_508" cat="fcl">
				<edge label="Od" idref="s3_14"/>
				<edge label="P" idref="s3_509"/>
				<edge label="fA" idref="s3_510"/>
			</nt>
			<nt id="s3_509" cat="vp">
				<edge label="Vaux" idref="s3_15"/>
				<edge label="Vm" idref="s3_16"/>
			</nt>
			<nt id="s3_510" cat="pp">
				<edge label="H" idref="s3_17"/>
				<edge label="DP" idref="s3_511"/>
			</nt>
			<nt id="s3_511" cat="np">
				<edge label="DN" idref="s3_18"/>
				<edge label="DN" idref="s3_19"/>
				<edge label="H" idref="s3_20"/>
			</nt>
		</nonterminals>
	</graph>
</s>

<s id="s4" ref="4" source="Running text" forest="1" text="o que gostei aparelho bonito, design moderno.">
	<graph root="s4_500">
		<terminals>
			<t id="s4_1" word="o" lemma="o" pos="pron-dem" morph="DET M S" extra="dem"/>
			<t id="s4_2" word="que" lemma="que" pos="spec" morph="M S" extra="clb rel"/>
			<t id="s4_3" word="gostei" lemma="gostar" pos="v-fin" morph="PS 1S IND VFIN" extra="vH mv"/>
			<t id="s4_4" word="aparelho" lemma="aparelho" pos="n" morph="M S" sem="tool" extra="--"/>
			<t id="s4_5" word="bonito" lemma="bonito" pos="adj" morph="M S" extra="np-close"/>
			<t id="s4_6" word="," lemma="--" pos="pu" morph="--" extra="--"/>
			<t id="s4_7" word="design" lemma="design" pos="n" morph="M S" sem="percep-f domain" extra="np-close"/>
			<t id="s4_8" word="moderno" lemma="moderno" pos="adj" morph="M S" extra="jh np-close"/>
			<t id="s4_9" word="." lemma="--" pos="pu" morph="--" extra="--"/>
		</terminals>

		<nonterminals>
			<nt id="s4_500" cat="s">
				<edge label="X" idref="s4_501"/>
			</nt>
			<nt id="s4_501" cat="adjp">
				<edge label="H" idref="s4_1"/>
				<edge label="STA" idref="s4_502"/>
				<edge label="PU" idref="s4_9"/>
			</nt>
			<nt id="s4_502" cat="fcl">
				<edge label="X" idref="s4_2"/>
				<edge label="P" idref="s4_3"/>
				<edge label="S" idref="s4_503"/>
			</nt>
			<nt id="s4_503" cat="np">
				<edge label="H" idref="s4_4"/>
				<edge label="DN" idref="s4_5"/>
				<edge label="PU" idref="s4_6"/>
				<edge label="DNc" idref="s4_504"/>
			</nt>
			<nt id="s4_504" cat="np">
				<edge label="H" idref="s4_7"/>
				<edge label="DN" idref="s4_8"/>
			</nt>
		</nonterminals>
	</graph>
</s>

<s id="s5" ref="5" source="Running text" forest="1" text="o que não gostei quando o telefone toca a tecla de atender não funciona sem que desative o bloqueio segurança, difícil encontrar as funções de imediato, para localizar registros, necessário entrar no aplicativo, peã depois ver as chamadas, isso é somente uma das enumeras dificuldades do aparelho..">
	<graph root="s5_500">
		<terminals>
			<t id="s5_1" word="o" lemma="o" pos="pron-dem" morph="DET M S" extra="dem"/>
			<t id="s5_2" word="que" lemma="que" pos="spec" morph="M S" extra="clb clb-fs rel"/>
			<t id="s5_3" word="não" lemma="não" pos="adv" morph="--" extra="--"/>
			<t id="s5_4" word="gostei" lemma="gostar" pos="v-fin" morph="PS 1S IND VFIN" extra="vH mv np-close"/>
			<t id="s5_5" word="quando" lemma="quando" pos="adv" morph="--" extra="clb clb-fs rel ks"/>
			<t id="s5_6" word="o" lemma="o" pos="art" morph="M S" extra="--"/>
			<t id="s5_7" word="telefone" lemma="telefone" pos="n" morph="M S" sem="tool" extra="--"/>
			<t id="s5_8" word="toca" lemma="tocar" pos="v-fin" morph="PR 3S IND VFIN" extra="mv"/>
			<t id="s5_9" word="a" lemma="o" pos="art" morph="F S" extra="--"/>
			<t id="s5_10" word="tecla" lemma="tecla" pos="n" morph="F S" sem="tool" extra="--"/>
			<t id="s5_11" word="de" lemma="de" pos="prp" morph="--" extra="np-close"/>
			<t id="s5_12" word="atender" lemma="atender" pos="v-inf" morph="--" extra="vH mv"/>
			<t id="s5_13" word="não" lemma="não" pos="adv" morph="--" extra="--"/>
			<t id="s5_14" word="funciona" lemma="funcionar" pos="v-fin" morph="PR 3S IND VFIN" extra="predco predco predco predco fmc mv"/>
			<t id="s5_15" word="sem" lemma="sem" pos="ec" morph="--" extra="--"/>
			<t id="s5_16" word="que" lemma="que" pos="conj-s" morph="--" extra="clb clb-fs"/>
			<t id="s5_17" word="desative" lemma="desativar" pos="v-fin" morph="PR 3S SUBJ VFIN" extra="vH mv"/>
			<t id="s5_18" word="o" lemma="o" pos="art" morph="M S" extra="--"/>
			<t id="s5_19" word="bloqueio" lemma="bloqueio" pos="n" morph="M S" sem="Lh act-d" extra="--"/>
			<t id="s5_20" word="segurança" lemma="segurança" pos="n" morph="F S" sem="am" extra="--"/>
			<t id="s5_21" word="," lemma="--" pos="pu" morph="--" extra="--"/>
			<t id="s5_22" word="difícil" lemma="difícil" pos="adj" morph="F S" extra="nh np-close"/>
			<t id="s5_23" word="encontrar" lemma="encontrar" pos="v-inf" morph="--" extra="vH mv"/>
			<t id="s5_24" word="as" lemma="o" pos="art" morph="F P" extra="--"/>
			<t id="s5_25" word="funções" lemma="função" pos="n" morph="F P" sem="ac pos-soc occ" extra="--"/>
			<t id="s5_26" word="de_imediato" lemma="de_imediato" pos="adv" morph="--" sem="pp" extra="--"/>
			<t id="s5_27" word="," lemma="--" pos="pu" morph="--" extra="--"/>
			<t id="s5_28" word="para" lemma="para" pos="prp" morph="--" extra="--"/>
			<t id="s5_29" word="localizar" lemma="localizar" pos="v-inf" morph="--" extra="cjt-head cjt-head-DP vH mv"/>
			<t id="s5_30" word="registros" lemma="registro" pos="n" morph="M P" sem="cc-r" extra="--"/>
			<t id="s5_31" word="," lemma="--" pos="pu" morph="--" extra="--"/>
			<t id="s5_32" word="necessário" lemma="necessário" pos="adj" morph="M S" extra="nh np-close"/>
			<t id="s5_33" word="entrar" lemma="entrar" pos="v-inf" morph="--" extra="cjt-DP vH mv"/>
			<t id="s5_34" word="em" lemma="em" pos="prp" morph="--" extra="sam-"/>
			<t id="s5_35" word="o" lemma="o" pos="art" morph="M S" extra="-sam "/>
			<t id="s5_36" word="aplicativo" lemma="aplicativo" pos="n" morph="M S" sem="sem-c" extra="--"/>
			<t id="s5_37" word="," lemma="--" pos="pu" morph="--" extra="--"/>
			<t id="s5_38" word="peã" lemma="peã" pos="n" morph="F S" sem="sem-l" extra="np-close"/>
			<t id="s5_39" word="depois" lemma="depois" pos="adv" morph="--" extra="--"/>
			<t id="s5_40" word="ver" lemma="ver" pos="v-inf" morph="3S" extra="cjt-DP vH mv"/>
			<t id="s5_41" word="as" lemma="o" pos="art" morph="F P" extra="--"/>
			<t id="s5_42" word="chamadas" lemma="chamada" pos="n" morph="F P" sem="act-s" extra="--"/>
			<t id="s5_43" word="," lemma="--" pos="pu" morph="--" extra="--"/>
			<t id="s5_44" word="isso" lemma="isso" pos="spec" morph="M S" extra="dem"/>
			<t id="s5_45" word="é" lemma="ser" pos="v-fin" morph="PR 3S IND VFIN" extra="cjt-STA vK fmc mv"/>
			<t id="s5_46" word="somente" lemma="somente" pos="adv" morph="--" extra="--"/>
			<t id="s5_47" word="uma" lemma="uma" pos="num" morph="F S" extra="card"/>
			<t id="s5_48" word="de" lemma="de" pos="prp" morph="--" extra="sam- np-close"/>
			<t id="s5_49" word="as" lemma="o" pos="art" morph="F P" extra="-sam "/>
			<t id="s5_50" word="enumeras" lemma="enumerar" pos="v-fin" morph="PR 2S IND VFIN" extra="cjt-STA vH fmc mv"/>
			<t id="s5_51" word="dificuldades" lemma="dificuldade" pos="n" morph="F P" sem="am" extra="--"/>
			<t id="s5_52" word="de" lemma="de" pos="prp" morph="--" extra="sam- np-close"/>
			<t id="s5_53" word="o" lemma="o" pos="art" morph="M S" extra="-sam "/>
			<t id="s5_54" word="aparelho" lemma="aparelho" pos="n" morph="M S" sem="tool" extra="--"/>
			<t id="s5_55" word="." lemma="--" pos="pu" morph="--" extra="--"/>
			<t id="s5_56" word="." lemma="--" pos="pu" morph="--" extra="--"/>
		</terminals>

		<nonterminals>
			<nt id="s5_500" cat="s">
				<edge label="DN" idref="s5_501"/>
			</nt>
			<nt id="s5_501" cat="fcl">
				<edge label="fA" idref="s5_502"/>
				<edge label="S" idref="s5_2"/>
				<edge label="fA" idref="s5_3"/>
				<edge label="P" idref="s5_4"/>
				<edge label="PU" idref="s5_55"/>
				<edge label="PU" idref="s5_56"/>
			</nt>
			<nt id="s5_502" cat="fcl">
				<edge label="S" idref="s5_1"/>
				<edge label="fA" idref="s5_5"/>
				<edge label="S" idref="s5_503"/>
				<edge label="P" idref="s5_8"/>
				<edge label="Od" idref="s5_504"/>
			</nt>
			<nt id="s5_503" cat="np">
				<edge label="DN" idref="s5_6"/>
				<edge label="H" idref="s5_7"/>
			</nt>
			<nt id="s5_504" cat="np">
				<edge label="DN" idref="s5_9"/>
				<edge label="H" idref="s5_10"/>
				<edge label="DN" idref="s5_505"/>
			</nt>
			<nt id="s5_505" cat="pp">
				<edge label="H" idref="s5_11"/>
				<edge label="DP" idref="s5_506"/>
				<edge label="STA" idref="s5_507"/>
				<edge label="DN" idref="s5_46"/>
			</nt>
			<nt id="s5_506" cat="icl">
				<edge label="P" idref="s5_12"/>
				<edge label="fA" idref="s5_13"/>
			</nt>
			<nt id="s5_507" cat="fcl">
				<edge label="X" idref="s5_508"/>
			</nt>
			<nt id="s5_508" cat="par">
				<edge label="CJT" idref="s5_509"/>
				<edge label="CJT" idref="s5_512"/>
				<edge label="PU" idref="s5_37"/>
				<edge label="CJT" idref="s5_523"/>
			</nt>
			<nt id="s5_509" cat="x">
				<edge label="P" idref="s5_14"/>
				<edge label="S" idref="s5_510"/>
				<edge label="Od" idref="s5_511"/>
			</nt>
			<nt id="s5_510" cat="fcl">
				<edge label="PREF" idref="s5_15"/>
				<edge label="SUB" idref="s5_16"/>
				<edge label="P" idref="s5_17"/>
			</nt>
			<nt id="s5_511" cat="np">
				<edge label="DN" idref="s5_18"/>
				<edge label="H" idref="s5_19"/>
			</nt>
			<nt id="s5_512" cat="fcl">
				<edge label="S" idref="s5_513"/>
			</nt>
			<nt id="s5_513" cat="np">
				<edge label="H" idref="s5_20"/>
				<edge label="PU" idref="s5_21"/>
				<edge label="DNc" idref="s5_22"/>
				<edge label="Od" idref="s5_514"/>
			</nt>
			<nt id="s5_514" cat="icl">
				<edge label="P" idref="s5_23"/>
				<edge label="Od" idref="s5_515"/>
				<edge label="fA" idref="s5_26"/>
				<edge label="PU" idref="s5_27"/>
				<edge label="fA" idref="s5_516"/>
			</nt>
			<nt id="s5_515" cat="np">
				<edge label="DN" idref="s5_24"/>
				<edge label="H" idref="s5_25"/>
			</nt>
			<nt id="s5_516" cat="pp">
				<edge label="H" idref="s5_28"/>
				<edge label="DP" idref="s5_517"/>
			</nt>
			<nt id="s5_517" cat="par">
				<edge label="CJT" idref="s5_518"/>
				<edge label="CJT" idref="s5_520"/>
				<edge label="CJT" idref="s5_524"/>
			</nt>
			<nt id="s5_518" cat="icl">
				<edge label="P" idref="s5_29"/>
				<edge label="Od" idref="s5_519"/>
			</nt>
			<nt id="s5_519" cat="np">
				<edge label="H" idref="s5_30"/>
				<edge label="PU" idref="s5_31"/>
				<edge label="DNc" idref="s5_32"/>
			</nt>
			<nt id="s5_520" cat="icl">
				<edge label="P" idref="s5_33"/>
				<edge label="As" idref="s5_521"/>
			</nt>
			<nt id="s5_521" cat="pp">
				<edge label="H" idref="s5_34"/>
				<edge label="DP" idref="s5_522"/>
			</nt>
			<nt id="s5_522" cat="np">
				<edge label="DN" idref="s5_35"/>
				<edge label="H" idref="s5_36"/>
			</nt>
			<nt id="s5_523" cat="fcl">
				<edge label="S" idref="s5_38"/>
				<edge label="PU" idref="s5_43"/>
				<edge label="S" idref="s5_44"/>
				<edge label="P" idref="s5_45"/>
				<edge label="Cs" idref="s5_47"/>
				<edge label="Od" idref="s5_526"/>
				<edge label="P" idref="s5_50"/>
			</nt>
			<nt id="s5_524" cat="icl">
				<edge label="fA" idref="s5_39"/>
				<edge label="P" idref="s5_40"/>
				<edge label="Od" idref="s5_525"/>
			</nt>
			<nt id="s5_525" cat="np">
				<edge label="DN" idref="s5_41"/>
				<edge label="H" idref="s5_42"/>
				<edge label="DN" idref="s5_48"/>
			</nt>
			<nt id="s5_526" cat="np">
				<edge label="DN" idref="s5_49"/>
				<edge label="H" idref="s5_51"/>
				<edge label="DN" idref="s5_527"/>
			</nt>
			<nt id="s5_527" cat="pp">
				<edge label="H" idref="s5_52"/>
				<edge label="DP" idref="s5_528"/>
			</nt>
			<nt id="s5_528" cat="np">
				<edge label="DN" idref="s5_53"/>
				<edge label="H" idref="s5_54"/>
			</nt>
		</nonterminals>
	</graph>
</s>

	</body>
</corpus>
