<?xml version="1.0" encoding="UTF-8"?>
<corpus>

	<body>
<s id="s1" ref="1" source="Running text" forest="1" text="fiquei dois dias atentando achar o modelo avião paralelizar este dispositivo.">
	<graph root="s1_500">
		<terminals>
			<t id="s1_1" word="fiquei" lemma="ficar" pos="v-fin" morph="PS 1S IND VFIN" extra="fmc aux"/>
			<t id="s1_2" word="dois" lemma="dois" pos="num" morph="M P" extra="card"/>
			<t id="s1_3" word="dias" lemma="dia" pos="n" morph="M P" sem="temp dur per unit" extra="--"/>
			<t id="s1_4" word="atentando" lemma="atentar" pos="v-ger" morph="--" extra="vH mv"/>
			<t id="s1_5" word="achar" lemma="achar" pos="v-inf" morph="3S" extra="vH mv"/>
			<t id="s1_6" word="o" lemma="o" pos="art" morph="M S" extra="--"/>
			<t id="s1_7" word="modelo" lemma="modelo" pos="n" morph="M S" sem="ac Hprof" extra="--"/>
			<t id="s1_8" word="avião" lemma="avião" pos="n" morph="M S" sem="Vair" extra="--"/>
			<t id="s1_9" word="paralelizar" lemma="paralelizar" pos="v-inf" morph="3S" extra="DERS mv"/>
			<t id="s1_10" word="este" lemma="este" pos="pron-dem" morph="DET M S" extra="dem"/>
			<t id="s1_11" word="dispositivo" lemma="dispositivo" pos="n" morph="M S" sem="ac cc" extra="--"/>
			<t id="s1_12" word="." lemma="--" pos="pu" morph="--" extra="--"/>
		</terminals>

		<nonterminals>
			<nt id="s1_500" cat="s">
				<edge label="UTT" idref="s1_501"/>
			</nt>
			<nt id="s1_501" cat="x">
				<edge label="STA" idref="s1_1"/>
				<edge label="UTT" idref="s1_502"/>
				<edge label="S" idref="s1_503"/>
				<edge label="P" idref="s1_4"/>
				<edge label="Od" idref="s1_504"/>
				<edge label="PU" idref="s1_12"/>
			</nt>
			<nt id="s1_502" cat="fcl">
			</nt>
			<nt id="s1_503" cat="np">
				<edge label="DN" idref="s1_2"/>
				<edge label="H" idref="s1_3"/>
			</nt>
			<nt id="s1_504" cat="fcl">
				<edge label="P" idref="s1_5"/>
				<edge label="S" idref="s1_505"/>
				<edge label="Od" idref="s1_506"/>
			</nt>
			<nt id="s1_505" cat="np">
				<edge label="DN" idref="s1_6"/>
				<edge label="H" idref="s1_7"/>
			</nt>
			<nt id="s1_506" cat="fcl">
				<edge label="S" idref="s1_8"/>
				<edge label="P" idref="s1_9"/>
				<edge label="Od" idref="s1_507"/>
			</nt>
			<nt id="s1_507" cat="np">
				<edge label="DN" idref="s1_10"/>
				<edge label="H" idref="s1_11"/>
			</nt>
		</nonterminals>
	</graph>
</s>

	</body>
</corpus>
