<?xml version="1.0" encoding="UTF-8"?>
<corpus>

	<body>
<s id="s1" ref="1" source="Running text" forest="1" text="relato do meu colega.">
	<graph root="s1_500">
		<terminals>
			<t id="s1_1" word="relato" lemma="relato" pos="n" morph="M S" sem="sem-r" extra="--"/>
			<t id="s1_2" word="de" lemma="de" pos="prp" morph="--" extra="sam- np-close"/>
			<t id="s1_3" word="o" lemma="o" pos="art" morph="M S" extra="-sam "/>
			<t id="s1_4" word="meu" lemma="meu" pos="pron-poss" morph="DET M S" extra="poss 1S"/>
			<t id="s1_5" word="colega" lemma="colega" pos="n" morph="M S" sem="Hfam" extra="--"/>
			<t id="s1_6" word="." lemma="--" pos="pu" morph="--" extra="--"/>
		</terminals>

		<nonterminals>
			<nt id="s1_500" cat="s">
				<edge label="X" idref="s1_501"/>
			</nt>
			<nt id="s1_501" cat="np">
				<edge label="H" idref="s1_1"/>
				<edge label="DN" idref="s1_502"/>
				<edge label="PU" idref="s1_6"/>
			</nt>
			<nt id="s1_502" cat="pp">
				<edge label="H" idref="s1_2"/>
				<edge label="DP" idref="s1_503"/>
			</nt>
			<nt id="s1_503" cat="np">
				<edge label="DN" idref="s1_3"/>
				<edge label="DN" idref="s1_4"/>
				<edge label="H" idref="s1_5"/>
			</nt>
		</nonterminals>
	</graph>
</s>

	</body>
</corpus>
