<?xml version="1.0" encoding="UTF-8"?>
<corpus>

	<body>
<s id="s1" ref="1" source="Running text" forest="1" text="péssimo, ele uma decepção para mim que adoro os produtos da samsung esse e muito ruim não recomendo e mim arrependo por ter comprado o que gostei pra mim nenhum so a lanterna de ele que tem utilidade o que não gostei péssimo de sinal, da eco quando na voz, da estalos quando esta usando ele ruim de bateria, demora muito pra carregar designer feio, lento em todas as linhas que queremos fazer péssimo de som, muito chato na hora de escolher a operadora porque ele muda de interface péssimo a radio de ele..">
	<graph root="s1_500">
		<terminals>
			<t id="s1_1" word="péssimo" lemma="mal" pos="adj" morph="M S" extra="SUP jh"/>
			<t id="s1_2" word="," lemma="--" pos="pu" morph="--" extra="--"/>
			<t id="s1_3" word="ele" lemma="ele" pos="pron-pers" morph="M 3S NOM" extra="--"/>
			<t id="s1_4" word="uma" lemma="um" pos="art" morph="F S" extra="--"/>
			<t id="s1_5" word="decepção" lemma="decepção" pos="n" morph="F S" sem="percep-w event state-h" extra="--"/>
			<t id="s1_6" word="para" lemma="para" pos="prp" morph="--" extra="np-close"/>
			<t id="s1_7" word="mim" lemma="eu" pos="pron-pers" morph="M/F 1S PIV" extra="--"/>
			<t id="s1_8" word="que" lemma="que" pos="conj-s" morph="--" extra="clb"/>
			<t id="s1_9" word="adoro" lemma="adorar" pos="v-fin" morph="PR 1S IND VFIN" extra="nosubj nosubj nosubj nosubj cjt-head cjt-head-STA vH fmc mv"/>
			<t id="s1_10" word="os" lemma="o" pos="art" morph="M P" extra="--"/>
			<t id="s1_11" word="produtos" lemma="produto" pos="n" morph="M P" sem="cc-h mon ac-cat" extra="--"/>
			<t id="s1_12" word="de" lemma="de" pos="prp" morph="--" extra="sam- np-close"/>
			<t id="s1_13" word="a" lemma="o" pos="art" morph="F S" extra="-sam "/>
			<t id="s1_14" word="samsung" lemma="samsung" pos="n" morph="F S" extra="cjt-head cjt-head-DP heur"/>
			<t id="s1_15" word="esse" lemma="esse" pos="pron-dem" morph="DET M S" extra="dem"/>
			<t id="s1_16" word="e" lemma="e" pos="conj-c" morph="--" extra="--"/>
			<t id="s1_17" word="muito" lemma="muito" pos="adv" morph="--" extra="quant"/>
			<t id="s1_18" word="ruim" lemma="ruim" pos="adj" morph="M/F S" extra="np-close"/>
			<t id="s1_19" word="não" lemma="não" pos="adv" morph="--" extra="--"/>
			<t id="s1_20" word="recomendo" lemma="recomendar" pos="v-fin" morph="PR 1S IND VFIN" extra="cjt-STA vH fmc mv"/>
			<t id="s1_21" word="e" lemma="e" pos="conj-c" morph="--" extra="--"/>
			<t id="s1_22" word="mim" lemma="eu" pos="pron-pers" morph="M/F 1S PIV" extra="cjt-DP"/>
			<t id="s1_23" word="arrependo" lemma="arrepender" pos="v-fin" morph="PR 1S IND VFIN" extra="nosubj nosubj cjt-STA fmc mv"/>
			<t id="s1_24" word="por" lemma="por" pos="prp" morph="--" extra="--"/>
			<t id="s1_25" word="ter" lemma="ter" pos="v-inf" morph="--" extra="aux"/>
			<t id="s1_26" word="comprado" lemma="comprar" pos="v-pcp" morph="--" extra="vH mv"/>
			<t id="s1_27" word="o" lemma="o" pos="pron-dem" morph="DET M S" extra="dem"/>
			<t id="s1_28" word="que" lemma="que" pos="spec" morph="M S" extra="clb clb-fs rel"/>
			<t id="s1_29" word="gostei" lemma="gostar" pos="v-fin" morph="PS 1S IND VFIN" extra="vH mv np-close"/>
			<t id="s1_30" word="pra" lemma="para" pos="prp" morph="--" extra="--"/>
			<t id="s1_31" word="mim" lemma="eu" pos="pron-pers" morph="M/F 1S PIV" extra="--"/>
			<t id="s1_32" word="nenhum" lemma="nenhum" pos="pron-indef" morph="DET M S" extra="quant np-close"/>
			<t id="s1_33" word="so" lemma="só" pos="adv" morph="--" extra="--"/>
			<t id="s1_34" word="a" lemma="o" pos="art" morph="F S" extra="--"/>
			<t id="s1_35" word="lanterna" lemma="lanterna" pos="n" morph="F S" sem="cc-light" extra="--"/>
			<t id="s1_36" word="de" lemma="de" pos="prp" morph="--" extra="sam- np-close"/>
			<t id="s1_37" word="ele" lemma="ele" pos="pron-pers" morph="M 3S NOM/PIV" extra="-sam"/>
			<t id="s1_38" word="que" lemma="que" pos="conj-s" morph="--" extra="clb clb-fs"/>
			<t id="s1_39" word="tem" lemma="ter" pos="v-fin" morph="PR 3S IND VFIN" extra="mv"/>
			<t id="s1_40" word="utilidade" lemma="utilidade" pos="n" morph="F S" sem="am tool" extra="--"/>
			<t id="s1_41" word="o" lemma="o" pos="pron-dem" morph="DET M S" extra="dem"/>
			<t id="s1_42" word="que" lemma="que" pos="spec" morph="M S" extra="clb clb-fs rel"/>
			<t id="s1_43" word="não" lemma="não" pos="adv" morph="--" extra="--"/>
			<t id="s1_44" word="gostei" lemma="gostar" pos="v-fin" morph="PS 1S IND VFIN" extra="vH mv np-close"/>
			<t id="s1_45" word="péssimo" lemma="mal" pos="adj" morph="M S" extra="SUP"/>
			<t id="s1_46" word="de" lemma="de" pos="prp" morph="--" extra="--"/>
			<t id="s1_47" word="sinal" lemma="sinal" pos="n" morph="M S" sem="percep-l percep-w ac ac-sign mon sem-r sick-c" extra="--"/>
			<t id="s1_48" word="," lemma="--" pos="pu" morph="--" extra="--"/>
			<t id="s1_49" word="de" lemma="de" pos="prp" morph="--" extra="sam- np-close"/>
			<t id="s1_50" word="a" lemma="o" pos="art" morph="F S" extra="-sam "/>
			<t id="s1_51" word="eco" lemma="eco" pos="n" morph="M S" sem="percep-l" extra="--"/>
			<t id="s1_52" word="quando" lemma="quando" pos="adv" morph="--" extra="advl rel"/>
			<t id="s1_53" word="em" lemma="em" pos="prp" morph="--" extra="sam-"/>
			<t id="s1_54" word="a" lemma="o" pos="art" morph="F S" extra="-sam "/>
			<t id="s1_55" word="voz" lemma="voz" pos="n" morph="F S" sem="f-h percep-l ac-cat" extra="--"/>
			<t id="s1_56" word="," lemma="--" pos="pu" morph="--" extra="--"/>
			<t id="s1_57" word="de" lemma="de" pos="prp" morph="--" extra="sam- np-close"/>
			<t id="s1_58" word="a" lemma="o" pos="art" morph="F S" extra="-sam "/>
			<t id="s1_59" word="estalos" lemma="estalo" pos="n" morph="M P" sem="percep-l act" extra="--"/>
			<t id="s1_60" word="quando" lemma="quando" pos="adv" morph="--" extra="clb clb-fs rel ks"/>
			<t id="s1_61" word="esta" lemma="este" pos="pron-dem" morph="DET F S" extra="dem"/>
			<t id="s1_62" word="usando" lemma="usar" pos="v-ger" morph="--" extra="clb vH mv"/>
			<t id="s1_63" word="ele" lemma="ele" pos="pron-pers" morph="M 3S NOM" extra="--"/>
			<t id="s1_64" word="ruim" lemma="ruim" pos="adj" morph="M/F S" extra="jh"/>
			<t id="s1_65" word="de" lemma="de" pos="prp" morph="--" extra="np-close"/>
			<t id="s1_66" word="bateria" lemma="bateria" pos="n" morph="F S" sem="tool" extra="--"/>
			<t id="s1_67" word="," lemma="--" pos="pu" morph="--" extra="--"/>
			<t id="s1_68" word="demora" lemma="demorar" pos="v-fin" morph="PR 3S IND VFIN" extra="mv"/>
			<t id="s1_69" word="muito" lemma="muito" pos="pron-indef" morph="DET M S" extra="cjt-head cjt-head-Od quant"/>
			<t id="s1_70" word="pra" lemma="para" pos="prp" morph="--" extra="--"/>
			<t id="s1_71" word="carregar" lemma="carregar" pos="v-inf" morph="--" extra="vH mv"/>
			<t id="s1_72" word="designer" lemma="designer" pos="n" morph="M S" sem="Hprof" extra="cjt-Od"/>
			<t id="s1_73" word="feio" lemma="feio" pos="adj" morph="M S" extra="jh np-close"/>
			<t id="s1_74" word="," lemma="--" pos="pu" morph="--" extra="--"/>
			<t id="s1_75" word="lento" lemma="lento" pos="adj" morph="M S" extra="nh np-close"/>
			<t id="s1_76" word="em" lemma="em" pos="prp" morph="--" extra="--"/>
			<t id="s1_77" word="todas_as" lemma="todo_o" pos="pron-indef" morph="DET F P" extra="quant"/>
			<t id="s1_78" word="linhas" lemma="linha" pos="n" morph="F P" sem="geom-line cord Lpath" extra="--"/>
			<t id="s1_79" word="que" lemma="que" pos="spec" morph="M S" extra="clb clb-fs rel"/>
			<t id="s1_80" word="queremos" lemma="querer" pos="v-fin" morph="PR 1P IND VFIN" extra="vH mv np-close"/>
			<t id="s1_81" word="fazer" lemma="fazer" pos="v-inf" morph="--" extra="mv"/>
			<t id="s1_82" word="péssimo" lemma="mal" pos="adj" morph="M S" extra="n SUP jh"/>
			<t id="s1_83" word="de" lemma="de" pos="prp" morph="--" extra="np-close"/>
			<t id="s1_84" word="som" lemma="som" pos="n" morph="M S" sem="percep-l" extra="--"/>
			<t id="s1_85" word="," lemma="--" pos="pu" morph="--" extra="--"/>
			<t id="s1_86" word="muito" lemma="muito" pos="adv" morph="--" extra="quant"/>
			<t id="s1_87" word="chato" lemma="chato" pos="adj" morph="M S" extra="np-close"/>
			<t id="s1_88" word="em" lemma="em" pos="prp" morph="--" extra="sam-"/>
			<t id="s1_89" word="a" lemma="o" pos="art" morph="F S" extra="-sam "/>
			<t id="s1_90" word="hora" lemma="hora" pos="n" morph="F S" sem="dur temp unit" extra="--"/>
			<t id="s1_91" word="de" lemma="de" pos="prp" morph="--" extra="np-close"/>
			<t id="s1_92" word="escolher" lemma="escolher" pos="v-inf" morph="--" extra="vH mv"/>
			<t id="s1_93" word="a" lemma="o" pos="art" morph="F S" extra="--"/>
			<t id="s1_94" word="operadora" lemma="operadora" pos="n" morph="F S" sem="Hprof" extra="--"/>
			<t id="s1_95" word="porque" lemma="porque" pos="conj-s" morph="--" extra="clb clb-fs"/>
			<t id="s1_96" word="ele" lemma="ele" pos="pron-pers" morph="M 3S NOM" extra="--"/>
			<t id="s1_97" word="muda" lemma="mudar" pos="v-fin" morph="PR 3S IND VFIN" extra="mv"/>
			<t id="s1_98" word="de" lemma="de" pos="prp" morph="--" extra="--"/>
			<t id="s1_99" word="interface" lemma="interface" pos="n" morph="F S" sem="tool" extra="--"/>
			<t id="s1_100" word="péssimo" lemma="mal" pos="adj" morph="M S" extra="SUP"/>
			<t id="s1_101" word="a" lemma="ela" pos="pron-pers" morph="F 3S ACC" extra="--"/>
			<t id="s1_102" word="radio" lemma="radiar" pos="v-fin" morph="PR 1S IND VFIN" extra="nosubj nosubj cjt-STA fmc mv"/>
			<t id="s1_103" word="de" lemma="de" pos="prp" morph="--" extra="sam-"/>
			<t id="s1_104" word="ele" lemma="ele" pos="pron-pers" morph="M 3S NOM/PIV" extra="-sam"/>
			<t id="s1_105" word="." lemma="--" pos="pu" morph="--" extra="--"/>
			<t id="s1_106" word="." lemma="--" pos="pu" morph="--" extra="--"/>
		</terminals>

		<nonterminals>
			<nt id="s1_500" cat="s">
				<edge label="STA" idref="s1_501"/>
			</nt>
			<nt id="s1_501" cat="par">
				<edge label="CJT" idref="s1_502"/>
				<edge label="CJT" idref="s1_503"/>
				<edge label="PU" idref="s1_2"/>
				<edge label="CJT" idref="s1_504"/>
				<edge label="CJT" idref="s1_523"/>
				<edge label="PU" idref="s1_105"/>
				<edge label="PU" idref="s1_106"/>
			</nt>
			<nt id="s1_502" cat="fcl">
			</nt>
			<nt id="s1_503" cat="x">
				<edge label="fCs" idref="s1_1"/>
			</nt>
			<nt id="s1_504" cat="fcl">
				<edge label="S" idref="s1_3"/>
				<edge label="S" idref="s1_505"/>
				<edge label="SUB" idref="s1_8"/>
				<edge label="P" idref="s1_9"/>
				<edge label="Od" idref="s1_507"/>
				<edge label="Od" idref="s1_15"/>
				<edge label="fA" idref="s1_19"/>
				<edge label="P" idref="s1_20"/>
				<edge label="P" idref="s1_23"/>
				<edge label="fA" idref="s1_513"/>
			</nt>
			<nt id="s1_505" cat="np">
				<edge label="DN" idref="s1_4"/>
				<edge label="H" idref="s1_5"/>
				<edge label="DN" idref="s1_506"/>
			</nt>
			<nt id="s1_506" cat="pp">
				<edge label="H" idref="s1_6"/>
				<edge label="DP" idref="s1_7"/>
			</nt>
			<nt id="s1_507" cat="np">
				<edge label="DN" idref="s1_10"/>
				<edge label="H" idref="s1_11"/>
				<edge label="DN" idref="s1_508"/>
			</nt>
			<nt id="s1_508" cat="pp">
				<edge label="H" idref="s1_12"/>
				<edge label="DP" idref="s1_509"/>
			</nt>
			<nt id="s1_509" cat="par">
				<edge label="CJT" idref="s1_510"/>
				<edge label="CO" idref="s1_21"/>
				<edge label="CJT" idref="s1_512"/>
			</nt>
			<nt id="s1_510" cat="np">
				<edge label="DN" idref="s1_13"/>
				<edge label="H" idref="s1_14"/>
				<edge label="DN" idref="s1_511"/>
			</nt>
			<nt id="s1_511" cat="adjp">
				<edge label="CO" idref="s1_16"/>
				<edge label="DA" idref="s1_17"/>
				<edge label="H" idref="s1_18"/>
			</nt>
			<nt id="s1_512" cat="np">
				<edge label="H" idref="s1_22"/>
				<edge label="DN" idref="s1_516"/>
			</nt>
			<nt id="s1_513" cat="pp">
				<edge label="H" idref="s1_24"/>
				<edge label="DP" idref="s1_514"/>
			</nt>
			<nt id="s1_514" cat="icl">
				<edge label="P" idref="s1_515"/>
				<edge label="Od" idref="s1_27"/>
			</nt>
			<nt id="s1_515" cat="vp">
				<edge label="Vaux" idref="s1_25"/>
				<edge label="Vm" idref="s1_26"/>
			</nt>
			<nt id="s1_516" cat="fcl">
				<edge label="S" idref="s1_28"/>
				<edge label="P" idref="s1_29"/>
				<edge label="fA" idref="s1_517"/>
				<edge label="Od" idref="s1_519"/>
			</nt>
			<nt id="s1_517" cat="pp">
				<edge label="H" idref="s1_30"/>
				<edge label="DP" idref="s1_518"/>
			</nt>
			<nt id="s1_518" cat="np">
				<edge label="H" idref="s1_31"/>
				<edge label="DN" idref="s1_32"/>
			</nt>
			<nt id="s1_519" cat="fcl">
				<edge label="S" idref="s1_520"/>
				<edge label="SUB" idref="s1_38"/>
				<edge label="P" idref="s1_39"/>
				<edge label="Od" idref="s1_522"/>
			</nt>
			<nt id="s1_520" cat="np">
				<edge label="DN" idref="s1_33"/>
				<edge label="DN" idref="s1_34"/>
				<edge label="H" idref="s1_35"/>
				<edge label="DN" idref="s1_521"/>
			</nt>
			<nt id="s1_521" cat="pp">
				<edge label="H" idref="s1_36"/>
				<edge label="DP" idref="s1_37"/>
			</nt>
			<nt id="s1_522" cat="np">
				<edge label="H" idref="s1_40"/>
				<edge label="DN" idref="s1_525"/>
			</nt>
			<nt id="s1_523" cat="x">
				<edge label="fA" idref="s1_524"/>
				<edge label="Od" idref="s1_101"/>
				<edge label="P" idref="s1_102"/>
				<edge label="fA" idref="s1_556"/>
			</nt>
			<nt id="s1_524" cat="fcl">
				<edge label="S" idref="s1_41"/>
				<edge label="PU" idref="s1_67"/>
				<edge label="P" idref="s1_68"/>
				<edge label="Od" idref="s1_538"/>
				<edge label="fA" idref="s1_539"/>
			</nt>
			<nt id="s1_525" cat="fcl">
				<edge label="S" idref="s1_42"/>
				<edge label="fA" idref="s1_43"/>
				<edge label="P" idref="s1_44"/>
				<edge label="fCs" idref="s1_45"/>
				<edge label="fA" idref="s1_526"/>
				<edge label="fA" idref="s1_530"/>
			</nt>
			<nt id="s1_526" cat="pp">
				<edge label="H" idref="s1_46"/>
				<edge label="DP" idref="s1_527"/>
			</nt>
			<nt id="s1_527" cat="np">
				<edge label="H" idref="s1_47"/>
				<edge label="PU" idref="s1_48"/>
				<edge label="DNc" idref="s1_528"/>
			</nt>
			<nt id="s1_528" cat="pp">
				<edge label="H" idref="s1_49"/>
				<edge label="DP" idref="s1_529"/>
			</nt>
			<nt id="s1_529" cat="np">
				<edge label="DN" idref="s1_50"/>
				<edge label="H" idref="s1_51"/>
			</nt>
			<nt id="s1_530" cat="acl">
				<edge label="H" idref="s1_52"/>
				<edge label="X" idref="s1_531"/>
				<edge label="X" idref="s1_535"/>
				<edge label="X" idref="s1_61"/>
			</nt>
			<nt id="s1_531" cat="pp">
				<edge label="H" idref="s1_53"/>
				<edge label="DP" idref="s1_532"/>
			</nt>
			<nt id="s1_532" cat="np">
				<edge label="DN" idref="s1_54"/>
				<edge label="H" idref="s1_55"/>
				<edge label="PU" idref="s1_56"/>
				<edge label="DNc" idref="s1_533"/>
			</nt>
			<nt id="s1_533" cat="pp">
				<edge label="H" idref="s1_57"/>
				<edge label="DP" idref="s1_534"/>
			</nt>
			<nt id="s1_534" cat="np">
				<edge label="DN" idref="s1_58"/>
				<edge label="H" idref="s1_59"/>
			</nt>
			<nt id="s1_535" cat="fcl">
				<edge label="fA" idref="s1_60"/>
				<edge label="P" idref="s1_62"/>
				<edge label="S" idref="s1_536"/>
				<edge label="fCs" idref="s1_64"/>
			</nt>
			<nt id="s1_536" cat="np">
				<edge label="H" idref="s1_63"/>
				<edge label="DN" idref="s1_537"/>
			</nt>
			<nt id="s1_537" cat="pp">
				<edge label="H" idref="s1_65"/>
				<edge label="DP" idref="s1_66"/>
			</nt>
			<nt id="s1_538" cat="par">
				<edge label="CJT" idref="s1_69"/>
			</nt>
			<nt id="s1_539" cat="pp">
				<edge label="H" idref="s1_70"/>
				<edge label="DP" idref="s1_540"/>
				<edge label="CJT" idref="s1_541"/>
			</nt>
			<nt id="s1_540" cat="icl">
				<edge label="P" idref="s1_71"/>
			</nt>
			<nt id="s1_541" cat="np">
				<edge label="H" idref="s1_72"/>
				<edge label="DN" idref="s1_73"/>
				<edge label="PU" idref="s1_74"/>
				<edge label="DNc" idref="s1_75"/>
				<edge label="fA" idref="s1_542"/>
				<edge label="Od" idref="s1_545"/>
			</nt>
			<nt id="s1_542" cat="pp">
				<edge label="H" idref="s1_76"/>
				<edge label="DP" idref="s1_543"/>
			</nt>
			<nt id="s1_543" cat="np">
				<edge label="DN" idref="s1_77"/>
				<edge label="H" idref="s1_78"/>
				<edge label="DN" idref="s1_544"/>
				<edge label="DN" idref="s1_546"/>
			</nt>
			<nt id="s1_544" cat="fcl">
				<edge label="Od" idref="s1_79"/>
				<edge label="P" idref="s1_80"/>
			</nt>
			<nt id="s1_545" cat="icl">
				<edge label="P" idref="s1_81"/>
				<edge label="Co" idref="s1_82"/>
				<edge label="fA" idref="s1_549"/>
			</nt>
			<nt id="s1_546" cat="pp">
				<edge label="H" idref="s1_83"/>
				<edge label="DP" idref="s1_547"/>
			</nt>
			<nt id="s1_547" cat="np">
				<edge label="H" idref="s1_84"/>
				<edge label="PU" idref="s1_85"/>
				<edge label="DNc" idref="s1_548"/>
			</nt>
			<nt id="s1_548" cat="adjp">
				<edge label="DA" idref="s1_86"/>
				<edge label="H" idref="s1_87"/>
			</nt>
			<nt id="s1_549" cat="pp">
				<edge label="H" idref="s1_88"/>
				<edge label="DP" idref="s1_550"/>
			</nt>
			<nt id="s1_550" cat="np">
				<edge label="DN" idref="s1_89"/>
				<edge label="H" idref="s1_90"/>
				<edge label="DN" idref="s1_551"/>
			</nt>
			<nt id="s1_551" cat="pp">
				<edge label="H" idref="s1_91"/>
				<edge label="DP" idref="s1_552"/>
			</nt>
			<nt id="s1_552" cat="icl">
				<edge label="P" idref="s1_92"/>
				<edge label="Od" idref="s1_553"/>
				<edge label="fA" idref="s1_554"/>
			</nt>
			<nt id="s1_553" cat="np">
				<edge label="DN" idref="s1_93"/>
				<edge label="H" idref="s1_94"/>
			</nt>
			<nt id="s1_554" cat="fcl">
				<edge label="SUB" idref="s1_95"/>
				<edge label="S" idref="s1_96"/>
				<edge label="P" idref="s1_97"/>
				<edge label="Op" idref="s1_555"/>
				<edge label="fCs" idref="s1_100"/>
			</nt>
			<nt id="s1_555" cat="pp">
				<edge label="H" idref="s1_98"/>
				<edge label="DP" idref="s1_99"/>
			</nt>
			<nt id="s1_556" cat="pp">
				<edge label="H" idref="s1_103"/>
				<edge label="DP" idref="s1_104"/>
			</nt>
		</nonterminals>
	</graph>
</s>

	</body>
</corpus>
