<?xml version="1.0" encoding="UTF-8"?>
<corpus>

	<body>
<s id="s1" ref="1" source="Running text" forest="1" text="se todas as informações nos sites vendedores forem verdade so tenho a dizer uma coisa to loco pra comprar fumam!!!!">
	<graph root="s1_500">
		<terminals>
			<t id="s1_1" word="se" lemma="se" pos="conj-s" morph="--" extra="clb clb-fs"/>
			<t id="s1_2" word="todas_as" lemma="todo_o" pos="pron-indef" morph="DET F P" extra="quant"/>
			<t id="s1_3" word="informações" lemma="informação" pos="n" morph="F P" sem="ac" extra="--"/>
			<t id="s1_4" word="em" lemma="em" pos="prp" morph="--" extra="sam- np-close"/>
			<t id="s1_5" word="os" lemma="o" pos="art" morph="M P" extra=" -sam"/>
			<t id="s1_6" word="sites" lemma="site" pos="n" morph="M P" sem="Lh" extra="--"/>
			<t id="s1_7" word="vendedores" lemma="vendedor" pos="adj" morph="M P" extra="nh np-close"/>
			<t id="s1_8" word="forem" lemma="ser" pos="v-fin" morph="FUT 3P SUBJ VFIN" extra="mv"/>
			<t id="s1_9" word="verdade" lemma="verdade" pos="n" morph="F S" sem="percep-f ac" extra="--"/>
			<t id="s1_10" word="so" lemma="só" pos="adj" morph="F S" extra="jh np-close"/>
			<t id="s1_11" word="tenho" lemma="ter" pos="v-fin" morph="PR 1S IND VFIN" extra="nosubj nosubj nosubj nosubj cjt-head cjt-head-STA fmc mv"/>
			<t id="s1_12" word="a" lemma="a" pos="prp" morph="--" extra="--"/>
			<t id="s1_13" word="dizer" lemma="dizer" pos="v-inf" morph="--" extra="vH mv"/>
			<t id="s1_14" word="uma" lemma="um" pos="art" morph="F S" extra="--"/>
			<t id="s1_15" word="coisa" lemma="coisa" pos="n" morph="F S" sem="cc ac" extra="--"/>
			<t id="s1_16" word="te" lemma="tu" pos="pron-pers" morph="M/F 2S DAT" extra="sam-"/>
			<t id="s1_17" word="o" lemma="ele" pos="pron-pers" morph="M 3S ACC" extra="-sam"/>
			<t id="s1_18" word="loco" lemma="locar" pos="v-fin" morph="PR 1S IND VFIN" extra="nosubj nosubj cjt-STA vH fmc mv"/>
			<t id="s1_19" word="pra" lemma="para" pos="prp" morph="--" extra="--"/>
			<t id="s1_20" word="comprar" lemma="comprar" pos="v-inf" morph="--" extra="vH mv"/>
			<t id="s1_21" word="fumam" lemma="fumar" pos="v-fin" morph="PR 3P IND VFIN" extra="nosubj nosubj cjt-STA fmc mv"/>
			<t id="s1_22" word="!" lemma="--" pos="pu" morph="--" extra="--"/>
			<t id="s1_23" word="!" lemma="--" pos="pu" morph="--" extra="--"/>
			<t id="s1_24" word="!" lemma="--" pos="pu" morph="--" extra="--"/>
			<t id="s1_25" word="!" lemma="--" pos="pu" morph="--" extra="--"/>
		</terminals>

		<nonterminals>
			<nt id="s1_500" cat="s">
				<edge label="STA" idref="s1_501"/>
			</nt>
			<nt id="s1_501" cat="par">
				<edge label="CJT" idref="s1_502"/>
				<edge label="CJT" idref="s1_511"/>
				<edge label="CJT" idref="s1_21"/>
				<edge label="PU" idref="s1_22"/>
				<edge label="PU" idref="s1_23"/>
				<edge label="PU" idref="s1_24"/>
				<edge label="PU" idref="s1_25"/>
			</nt>
			<nt id="s1_502" cat="fcl">
				<edge label="fA" idref="s1_503"/>
				<edge label="fCs" idref="s1_507"/>
				<edge label="P" idref="s1_11"/>
				<edge label="fA" idref="s1_508"/>
			</nt>
			<nt id="s1_503" cat="fcl">
				<edge label="SUB" idref="s1_1"/>
				<edge label="S" idref="s1_504"/>
				<edge label="P" idref="s1_8"/>
			</nt>
			<nt id="s1_504" cat="np">
				<edge label="DN" idref="s1_2"/>
				<edge label="H" idref="s1_3"/>
				<edge label="DN" idref="s1_505"/>
			</nt>
			<nt id="s1_505" cat="pp">
				<edge label="H" idref="s1_4"/>
				<edge label="DP" idref="s1_506"/>
			</nt>
			<nt id="s1_506" cat="np">
				<edge label="DN" idref="s1_5"/>
				<edge label="H" idref="s1_6"/>
				<edge label="DN" idref="s1_7"/>
			</nt>
			<nt id="s1_507" cat="np">
				<edge label="H" idref="s1_9"/>
				<edge label="DN" idref="s1_10"/>
			</nt>
			<nt id="s1_508" cat="pp">
				<edge label="H" idref="s1_12"/>
				<edge label="DP" idref="s1_509"/>
			</nt>
			<nt id="s1_509" cat="icl">
				<edge label="P" idref="s1_13"/>
				<edge label="Od" idref="s1_510"/>
			</nt>
			<nt id="s1_510" cat="np">
				<edge label="DN" idref="s1_14"/>
				<edge label="H" idref="s1_15"/>
			</nt>
			<nt id="s1_511" cat="x">
				<edge label="Oi" idref="s1_16"/>
				<edge label="Od" idref="s1_17"/>
				<edge label="P" idref="s1_18"/>
				<edge label="fA" idref="s1_512"/>
			</nt>
			<nt id="s1_512" cat="pp">
				<edge label="H" idref="s1_19"/>
				<edge label="DP" idref="s1_20"/>
			</nt>
		</nonterminals>
	</graph>
</s>

<s id="s2" ref="2" source="Running text" forest="1" text="o que gostei poxa, ele é tudo o que eu estava esperando de um celular.">
	<graph root="s2_500">
		<terminals>
			<t id="s2_1" word="o" lemma="o" pos="pron-dem" morph="DET M S" extra="dem"/>
			<t id="s2_2" word="que" lemma="que" pos="spec" morph="M S" extra="clb clb-fs rel"/>
			<t id="s2_3" word="gostei" lemma="gostar" pos="v-fin" morph="PS 1S IND VFIN" extra="vH mv np-close"/>
			<t id="s2_4" word="poxa" lemma="poxa" pos="intj" morph="--" extra="--"/>
			<t id="s2_5" word="," lemma="--" pos="pu" morph="--" extra="--"/>
			<t id="s2_6" word="ele" lemma="ele" pos="pron-pers" morph="M 3S NOM" extra="--"/>
			<t id="s2_7" word="é" lemma="ser" pos="v-fin" morph="PR 3S IND VFIN" extra="cjt-head cjt-head-STA fmc mv"/>
			<t id="s2_8" word="tudo_o_que" lemma="tudo_o_que" pos="spec" morph="M S" extra="clb quant rel"/>
			<t id="s2_9" word="eu" lemma="eu" pos="pron-pers" morph="M/F 1S NOM" extra="--"/>
			<t id="s2_10" word="estava" lemma="estar" pos="v-fin" morph="IMPF 1S IND VFIN" extra="cjt-STA fmc aux"/>
			<t id="s2_11" word="esperando" lemma="esperar" pos="v-ger" morph="--" extra="clb vH mv"/>
			<t id="s2_12" word="de" lemma="de" pos="prp" morph="--" extra="--"/>
			<t id="s2_13" word="um" lemma="um" pos="art" morph="M S" extra="--"/>
			<t id="s2_14" word="celular" lemma="celular" pos="adj" morph="M S" extra="n nh"/>
			<t id="s2_15" word="." lemma="--" pos="pu" morph="--" extra="--"/>
		</terminals>

		<nonterminals>
			<nt id="s2_500" cat="s">
				<edge label="DN" idref="s2_501"/>
			</nt>
			<nt id="s2_501" cat="fcl">
				<edge label="fA" idref="s2_502"/>
				<edge label="S" idref="s2_2"/>
				<edge label="P" idref="s2_3"/>
				<edge label="CJT" idref="s2_506"/>
				<edge label="PU" idref="s2_15"/>
			</nt>
			<nt id="s2_502" cat="x">
				<edge label="STA" idref="s2_503"/>
				<edge label="H" idref="s2_4"/>
				<edge label="PU" idref="s2_5"/>
				<edge label="STA" idref="s2_505"/>
			</nt>
			<nt id="s2_503" cat="par">
				<edge label="CJT" idref="s2_504"/>
			</nt>
			<nt id="s2_504" cat="fcl">
				<edge label="S" idref="s2_1"/>
				<edge label="S" idref="s2_6"/>
				<edge label="P" idref="s2_7"/>
			</nt>
			<nt id="s2_505" cat="par">
				<edge label="CJT" idref="s2_507"/>
			</nt>
			<nt id="s2_506" cat="fcl">
			</nt>
			<nt id="s2_507" cat="fcl">
				<edge label="Od" idref="s2_8"/>
				<edge label="S" idref="s2_9"/>
				<edge label="P" idref="s2_508"/>
				<edge label="Op" idref="s2_509"/>
			</nt>
			<nt id="s2_508" cat="vp">
				<edge label="Vaux" idref="s2_10"/>
				<edge label="Vm" idref="s2_11"/>
			</nt>
			<nt id="s2_509" cat="pp">
				<edge label="H" idref="s2_12"/>
				<edge label="DP" idref="s2_510"/>
			</nt>
			<nt id="s2_510" cat="np">
				<edge label="DN" idref="s2_13"/>
				<edge label="H" idref="s2_14"/>
			</nt>
		</nonterminals>
	</graph>
</s>

<s id="s3" ref="3" source="Running text" forest="1" text="show de bola!">
	<graph root="s3_500">
		<terminals>
			<t id="s3_1" word="show" lemma="show" pos="n" morph="M S" sem="occ" extra="--"/>
			<t id="s3_2" word="de" lemma="de" pos="prp" morph="--" extra="np-close"/>
			<t id="s3_3" word="bola" lemma="bola" pos="n" morph="F S" sem="cc tool food-c-h act" extra="--"/>
			<t id="s3_4" word="!" lemma="--" pos="pu" morph="--" extra="--"/>
		</terminals>

		<nonterminals>
			<nt id="s3_500" cat="s">
				<edge label="X" idref="s3_501"/>
			</nt>
			<nt id="s3_501" cat="np">
				<edge label="H" idref="s3_1"/>
				<edge label="DN" idref="s3_502"/>
				<edge label="PU" idref="s3_4"/>
			</nt>
			<nt id="s3_502" cat="pp">
				<edge label="H" idref="s3_2"/>
				<edge label="DP" idref="s3_3"/>
			</nt>
		</nonterminals>
	</graph>
</s>

<s id="s4" ref="4" source="Running text" forest="1" text="demais!">
	<graph root="s4_500">
		<terminals>
			<t id="s4_1" word="demais" lemma="demais" pos="adv" morph="--" extra="quant"/>
			<t id="s4_2" word="!" lemma="--" pos="pu" morph="--" extra="--"/>
		</terminals>

		<nonterminals>
			<nt id="s4_500" cat="s">
				<edge label="UTT" idref="s4_501"/>
			</nt>
			<nt id="s4_501" cat="x">
				<edge label="fA" idref="s4_1"/>
				<edge label="PU" idref="s4_2"/>
			</nt>
		</nonterminals>
	</graph>
</s>

<s id="s5" ref="5" source="Running text" forest="1" text="o que não gostei bem!">
	<graph root="s5_500">
		<terminals>
			<t id="s5_1" word="o" lemma="o" pos="pron-dem" morph="DET M S" extra="dem"/>
			<t id="s5_2" word="que" lemma="que" pos="spec" morph="M S" extra="clb clb-fs rel"/>
			<t id="s5_3" word="não" lemma="não" pos="adv" morph="--" extra="--"/>
			<t id="s5_4" word="gostei" lemma="gostar" pos="v-fin" morph="PS 1S IND VFIN" extra="vH mv np-close"/>
			<t id="s5_5" word="bem" lemma="bem" pos="adv" morph="--" extra="quant"/>
			<t id="s5_6" word="!" lemma="--" pos="pu" morph="--" extra="--"/>
		</terminals>

		<nonterminals>
			<nt id="s5_500" cat="s">
				<edge label="UTT" idref="s5_501"/>
			</nt>
			<nt id="s5_501" cat="x">
				<edge label="X" idref="s5_1"/>
				<edge label="DN" idref="s5_502"/>
				<edge label="S" idref="s5_2"/>
				<edge label="fA" idref="s5_3"/>
				<edge label="P" idref="s5_4"/>
				<edge label="fA" idref="s5_5"/>
				<edge label="PU" idref="s5_6"/>
			</nt>
			<nt id="s5_502" cat="fcl">
			</nt>
		</nonterminals>
	</graph>
</s>

<s id="s6" ref="6" source="Running text" forest="1" text="so faltou um flash dinho pra ficar totalmente filé e imponível na cor preto também.">
	<graph root="s6_500">
		<terminals>
			<t id="s6_1" word="so" lemma="só" pos="adv" morph="--" extra="--"/>
			<t id="s6_2" word="faltou" lemma="faltar" pos="v-fin" morph="PS 3S IND VFIN" extra="fmc mv"/>
			<t id="s6_3" word="um" lemma="um" pos="art" morph="M S" extra="--"/>
			<t id="s6_4" word="flash" lemma="flash" pos="n" morph="M S" extra="newlex"/>
			<t id="s6_5" word="dinho" lemma="dinho" pos="adj" morph="M S" extra="heur np-close"/>
			<t id="s6_6" word="pra" lemma="para" pos="prp" morph="--" extra="--"/>
			<t id="s6_7" word="ficar" lemma="ficar" pos="v-inf" morph="--" extra="vK mv"/>
			<t id="s6_8" word="totalmente" lemma="totalmente" pos="adv" morph="--" extra="quant"/>
			<t id="s6_9" word="filé" lemma="filé" pos="n" morph="M S" sem="food-c-h" extra="cjt-head cjt-head-Cs"/>
			<t id="s6_10" word="e" lemma="e" pos="conj-c" morph="--" extra="--"/>
			<t id="s6_11" word="imponível" lemma="imponível" pos="adj" morph="M/F S" extra="cjt-Cs DERS jh"/>
			<t id="s6_12" word="em" lemma="em" pos="prp" morph="--" extra="sam-"/>
			<t id="s6_13" word="a" lemma="o" pos="art" morph="F S" extra="-sam "/>
			<t id="s6_14" word="cor" lemma="cor" pos="n" morph="F S" sem="f-c" extra="--"/>
			<t id="s6_15" word="preto" lemma="preto" pos="adj" morph="M S" sem="col" extra="np-close"/>
			<t id="s6_16" word="também" lemma="também" pos="adv" morph="--" extra="--"/>
			<t id="s6_17" word="." lemma="--" pos="pu" morph="--" extra="--"/>
		</terminals>

		<nonterminals>
			<nt id="s6_500" cat="s">
				<edge label="STA" idref="s6_501"/>
			</nt>
			<nt id="s6_501" cat="fcl">
				<edge label="fA" idref="s6_1"/>
				<edge label="P" idref="s6_2"/>
				<edge label="S" idref="s6_502"/>
				<edge label="fA" idref="s6_503"/>
				<edge label="PU" idref="s6_17"/>
			</nt>
			<nt id="s6_502" cat="np">
				<edge label="DN" idref="s6_3"/>
				<edge label="H" idref="s6_4"/>
				<edge label="DN" idref="s6_5"/>
			</nt>
			<nt id="s6_503" cat="pp">
				<edge label="H" idref="s6_6"/>
				<edge label="DP" idref="s6_504"/>
			</nt>
			<nt id="s6_504" cat="icl">
				<edge label="P" idref="s6_7"/>
				<edge label="fA" idref="s6_8"/>
				<edge label="Cs" idref="s6_505"/>
				<edge label="fA" idref="s6_506"/>
				<edge label="fA" idref="s6_16"/>
			</nt>
			<nt id="s6_505" cat="par">
				<edge label="CJT" idref="s6_9"/>
			</nt>
			<nt id="s6_506" cat="pp">
				<edge label="DP" idref="s6_507"/>
				<edge label="CJT" idref="s6_11"/>
				<edge label="H" idref="s6_12"/>
			</nt>
			<nt id="s6_507" cat="np">
				<edge label="DN" idref="s6_508"/>
				<edge label="DN" idref="s6_13"/>
				<edge label="H" idref="s6_14"/>
				<edge label="-DN" idref="s6_15"/>
			</nt>
			<nt id="s6_508" cat="adjp">
				<edge label="CO" idref="s6_10"/>
			</nt>
		</nonterminals>
	</graph>
</s>

<s id="s7" ref="7" source="Running text" forest="1" text="mas está bom mesmo assim!!!.">
	<graph root="s7_500">
		<terminals>
			<t id="s7_1" word="mas" lemma="mas" pos="conj-c" morph="--" extra="topkc"/>
			<t id="s7_2" word="está" lemma="estar" pos="v-fin" morph="PR 3S IND VFIN" extra="vK fmc mv"/>
			<t id="s7_3" word="bom" lemma="bom" pos="adj" morph="M S" extra="jh"/>
			<t id="s7_4" word="mesmo_assim" lemma="mesmo_assim" pos="adv" morph="--" extra="kc"/>
			<t id="s7_5" word="!" lemma="--" pos="pu" morph="--" extra="--"/>
			<t id="s7_6" word="!" lemma="--" pos="pu" morph="--" extra="--"/>
			<t id="s7_7" word="!" lemma="--" pos="pu" morph="--" extra="--"/>
			<t id="s7_8" word="." lemma="--" pos="pu" morph="--" extra="--"/>
		</terminals>

		<nonterminals>
			<nt id="s7_500" cat="s">
				<edge label="STA" idref="s7_501"/>
			</nt>
			<nt id="s7_501" cat="fcl">
				<edge label="CO" idref="s7_1"/>
				<edge label="P" idref="s7_2"/>
				<edge label="Cs" idref="s7_3"/>
				<edge label="fA" idref="s7_4"/>
				<edge label="PU" idref="s7_5"/>
				<edge label="PU" idref="s7_6"/>
				<edge label="PU" idref="s7_7"/>
				<edge label="PU" idref="s7_8"/>
			</nt>
		</nonterminals>
	</graph>
</s>

	</body>
</corpus>
