<?xml version="1.0" encoding="UTF-8"?>
<corpus>

	<body>
<s id="s1" ref="1" source="Running text" forest="1" text="acredito ser um bom aparelho, visto que a sony produz bons produtos sempre.">
	<graph root="s1_500">
		<terminals>
			<t id="s1_1" word="acredito" lemma="acreditar" pos="v-fin" morph="PR 1S IND VFIN" extra="vH fmc mv"/>
			<t id="s1_2" word="ser" lemma="ser" pos="v-inf" morph="--" extra="vK mv"/>
			<t id="s1_3" word="um" lemma="um" pos="art" morph="M S" extra="--"/>
			<t id="s1_4" word="bom" lemma="bom" pos="adj" morph="M S" extra="--"/>
			<t id="s1_5" word="aparelho" lemma="aparelho" pos="n" morph="M S" sem="tool" extra="--"/>
			<t id="s1_6" word="," lemma="--" pos="pu" morph="--" extra="--"/>
			<t id="s1_7" word="visto_que" lemma="visto_que" pos="conj-s" morph="--" extra="clb clb-fs"/>
			<t id="s1_8" word="a" lemma="o" pos="art" morph="F S" extra="--"/>
			<t id="s1_9" word="sony" lemma="sony" pos="n" morph="F S" extra="foreign heur"/>
			<t id="s1_10" word="produz" lemma="produzir" pos="v-fin" morph="PR 3S IND VFIN" extra="mv"/>
			<t id="s1_11" word="bons" lemma="bom" pos="adj" morph="M P" extra="--"/>
			<t id="s1_12" word="produtos" lemma="produto" pos="n" morph="M P" sem="cc-h mon ac-cat" extra="--"/>
			<t id="s1_13" word="sempre" lemma="sempre" pos="adv" morph="--" extra="--"/>
			<t id="s1_14" word="." lemma="--" pos="pu" morph="--" extra="--"/>
		</terminals>

		<nonterminals>
			<nt id="s1_500" cat="s">
				<edge label="STA" idref="s1_501"/>
			</nt>
			<nt id="s1_501" cat="fcl">
				<edge label="P" idref="s1_1"/>
				<edge label="Od" idref="s1_502"/>
				<edge label="PU" idref="s1_14"/>
			</nt>
			<nt id="s1_502" cat="icl">
				<edge label="P" idref="s1_2"/>
				<edge label="Cs" idref="s1_503"/>
				<edge label="PU" idref="s1_6"/>
				<edge label="fA" idref="s1_504"/>
			</nt>
			<nt id="s1_503" cat="np">
				<edge label="DN" idref="s1_3"/>
				<edge label="DN" idref="s1_4"/>
				<edge label="H" idref="s1_5"/>
			</nt>
			<nt id="s1_504" cat="fcl">
				<edge label="SUB" idref="s1_7"/>
				<edge label="S" idref="s1_505"/>
				<edge label="P" idref="s1_10"/>
				<edge label="Od" idref="s1_506"/>
				<edge label="fA" idref="s1_13"/>
			</nt>
			<nt id="s1_505" cat="np">
				<edge label="DN" idref="s1_8"/>
				<edge label="H" idref="s1_9"/>
			</nt>
			<nt id="s1_506" cat="np">
				<edge label="DN" idref="s1_11"/>
				<edge label="H" idref="s1_12"/>
			</nt>
		</nonterminals>
	</graph>
</s>

<s id="s2" ref="2" source="Running text" forest="1" text="o que gostei estou aguardando a venda do produto.">
	<graph root="s2_500">
		<terminals>
			<t id="s2_1" word="o" lemma="o" pos="pron-dem" morph="DET M S" extra="dem"/>
			<t id="s2_2" word="que" lemma="que" pos="spec" morph="M S" extra="clb clb-fs rel"/>
			<t id="s2_3" word="gostei" lemma="gostar" pos="v-fin" morph="PS 1S IND VFIN" extra="vH mv np-close"/>
			<t id="s2_4" word="estou" lemma="estar" pos="v-fin" morph="PR 1S IND VFIN" extra="fmc aux"/>
			<t id="s2_5" word="aguardando" lemma="aguardar" pos="v-ger" morph="--" extra="clb vH mv"/>
			<t id="s2_6" word="a" lemma="o" pos="art" morph="F S" extra="--"/>
			<t id="s2_7" word="venda" lemma="venda" pos="n" morph="F S" sem="act inst cloH" extra="--"/>
			<t id="s2_8" word="de" lemma="de" pos="prp" morph="--" extra="sam- np-close"/>
			<t id="s2_9" word="o" lemma="o" pos="art" morph="M S" extra="-sam "/>
			<t id="s2_10" word="produto" lemma="produto" pos="n" morph="M S" sem="cc-h mon ac-cat" extra="--"/>
			<t id="s2_11" word="." lemma="--" pos="pu" morph="--" extra="--"/>
		</terminals>

		<nonterminals>
			<nt id="s2_500" cat="s">
				<edge label="UTT" idref="s2_501"/>
			</nt>
			<nt id="s2_501" cat="x">
				<edge label="DN" idref="s2_503"/>
				<edge label="S" idref="s2_2"/>
				<edge label="P" idref="s2_3"/>
				<edge label="P" idref="s2_504"/>
				<edge label="Od" idref="s2_505"/>
				<edge label="PU" idref="s2_11"/>
			</nt>
			<nt id="s2_502" cat="fcl">
				<edge label="S" idref="s2_1"/>
			</nt>
			<nt id="s2_503" cat="fcl">
			</nt>
			<nt id="s2_504" cat="vp">
				<edge label="Vaux" idref="s2_4"/>
				<edge label="Vm" idref="s2_5"/>
			</nt>
			<nt id="s2_505" cat="np">
				<edge label="DN" idref="s2_6"/>
				<edge label="H" idref="s2_7"/>
				<edge label="DN" idref="s2_506"/>
			</nt>
			<nt id="s2_506" cat="pp">
				<edge label="H" idref="s2_8"/>
				<edge label="DP" idref="s2_507"/>
			</nt>
			<nt id="s2_507" cat="np">
				<edge label="DN" idref="s2_9"/>
				<edge label="H" idref="s2_10"/>
			</nt>
		</nonterminals>
	</graph>
</s>

<s id="s3" ref="3" source="Running text" forest="1" text="o que não gostei esta demorando para ser lançado oficialmente.">
	<graph root="s3_500">
		<terminals>
			<t id="s3_1" word="o" lemma="o" pos="pron-dem" morph="DET M S" extra="dem"/>
			<t id="s3_2" word="que" lemma="que" pos="spec" morph="M S" extra="clb clb-fs rel"/>
			<t id="s3_3" word="não" lemma="não" pos="adv" morph="--" extra="--"/>
			<t id="s3_4" word="gostei" lemma="gostar" pos="v-fin" morph="PS 1S IND VFIN" extra="vH mv np-close"/>
			<t id="s3_5" word="esta" lemma="este" pos="pron-dem" morph="DET F S" extra="dem"/>
			<t id="s3_6" word="demorando" lemma="demorar" pos="v-ger" morph="--" extra="clb mv"/>
			<t id="s3_7" word="para" lemma="para" pos="prp" morph="--" extra="--"/>
			<t id="s3_8" word="ser" lemma="ser" pos="v-inf" morph="--" extra="aux"/>
			<t id="s3_9" word="lançado" lemma="lançar" pos="v-pcp" morph="M S" extra="vH mv"/>
			<t id="s3_10" word="oficialmente" lemma="oficialmente" pos="adv" morph="--" extra="nh"/>
			<t id="s3_11" word="." lemma="--" pos="pu" morph="--" extra="--"/>
		</terminals>

		<nonterminals>
			<nt id="s3_500" cat="s">
				<edge label="UTT" idref="s3_501"/>
			</nt>
			<nt id="s3_501" cat="x">
				<edge label="X" idref="s3_1"/>
				<edge label="DN" idref="s3_502"/>
				<edge label="S" idref="s3_2"/>
				<edge label="fA" idref="s3_3"/>
				<edge label="P" idref="s3_4"/>
				<edge label="fA" idref="s3_503"/>
				<edge label="PU" idref="s3_11"/>
			</nt>
			<nt id="s3_502" cat="fcl">
			</nt>
			<nt id="s3_503" cat="fcl">
				<edge label="S" idref="s3_5"/>
				<edge label="P" idref="s3_6"/>
				<edge label="fA" idref="s3_504"/>
			</nt>
			<nt id="s3_504" cat="pp">
				<edge label="H" idref="s3_7"/>
				<edge label="DP" idref="s3_505"/>
			</nt>
			<nt id="s3_505" cat="icl">
				<edge label="P" idref="s3_506"/>
				<edge label="fA" idref="s3_10"/>
			</nt>
			<nt id="s3_506" cat="vp">
				<edge label="Vaux" idref="s3_8"/>
				<edge label="Vm" idref="s3_9"/>
			</nt>
		</nonterminals>
	</graph>
</s>

	</body>
</corpus>
