<?xml version="1.0" encoding="UTF-8"?>
<corpus>

	<body>
<s id="s1" ref="1" source="Running text" forest="1" text="não comprem este celular!!!">
	<graph root="s1_500">
		<terminals>
			<t id="s1_1" word="não" lemma="não" pos="adv" morph="--" extra="--"/>
			<t id="s1_2" word="comprem" lemma="comprar" pos="v-fin" morph="PR 3P SUBJ VFIN" extra="vH fmc mv"/>
			<t id="s1_3" word="este" lemma="este" pos="pron-dem" morph="DET M S" extra="dem"/>
			<t id="s1_4" word="celular" lemma="celular" pos="adj" morph="M S" extra="n nh"/>
			<t id="s1_5" word="!" lemma="--" pos="pu" morph="--" extra="--"/>
			<t id="s1_6" word="!" lemma="--" pos="pu" morph="--" extra="--"/>
			<t id="s1_7" word="!" lemma="--" pos="pu" morph="--" extra="--"/>
		</terminals>

		<nonterminals>
			<nt id="s1_500" cat="s">
				<edge label="STA" idref="s1_501"/>
			</nt>
			<nt id="s1_501" cat="fcl">
				<edge label="fA" idref="s1_1"/>
				<edge label="P" idref="s1_2"/>
				<edge label="Od" idref="s1_502"/>
				<edge label="PU" idref="s1_5"/>
				<edge label="PU" idref="s1_6"/>
				<edge label="PU" idref="s1_7"/>
			</nt>
			<nt id="s1_502" cat="np">
				<edge label="DN" idref="s1_3"/>
				<edge label="H" idref="s1_4"/>
			</nt>
		</nonterminals>
	</graph>
</s>

<s id="s2" ref="2" source="Running text" forest="1" text="muitos problemas de fabricação!!">
	<graph root="s2_500">
		<terminals>
			<t id="s2_1" word="muitos" lemma="muito" pos="pron-indef" morph="DET M P" extra="quant"/>
			<t id="s2_2" word="problemas" lemma="problema" pos="n" morph="M P" sem="ac" extra="--"/>
			<t id="s2_3" word="de" lemma="de" pos="prp" morph="--" extra="np-close"/>
			<t id="s2_4" word="fabricação" lemma="fabricação" pos="n" morph="F S" sem="act" extra="--"/>
			<t id="s2_5" word="!" lemma="--" pos="pu" morph="--" extra="--"/>
			<t id="s2_6" word="!" lemma="--" pos="pu" morph="--" extra="--"/>
		</terminals>

		<nonterminals>
			<nt id="s2_500" cat="s">
				<edge label="X" idref="s2_501"/>
			</nt>
			<nt id="s2_501" cat="np">
				<edge label="DN" idref="s2_1"/>
				<edge label="H" idref="s2_2"/>
				<edge label="DN" idref="s2_502"/>
				<edge label="PU" idref="s2_5"/>
				<edge label="PU" idref="s2_6"/>
			</nt>
			<nt id="s2_502" cat="pp">
				<edge label="H" idref="s2_3"/>
				<edge label="DP" idref="s2_4"/>
			</nt>
		</nonterminals>
	</graph>
</s>

<s id="s3" ref="3" source="Running text" forest="1" text="desde a data da compra, posso dizer que a jogabilidade do xperia play é excelente, mas como telefone, só tive problemas com o aparelho.">
	<graph root="s3_500">
		<terminals>
			<t id="s3_1" word="desde" lemma="desde" pos="prp" morph="--" extra="--"/>
			<t id="s3_2" word="a" lemma="o" pos="art" morph="F S" extra="--"/>
			<t id="s3_3" word="data" lemma="data" pos="n" morph="F S" sem="temp Ltop amount" extra="--"/>
			<t id="s3_4" word="de" lemma="de" pos="prp" morph="--" extra="sam- np-close"/>
			<t id="s3_5" word="a" lemma="o" pos="art" morph="F S" extra="-sam "/>
			<t id="s3_6" word="compra" lemma="compra" pos="n" morph="F S" sem="act cc" extra="--"/>
			<t id="s3_7" word="," lemma="--" pos="pu" morph="--" extra="--"/>
			<t id="s3_8" word="posso" lemma="poder" pos="v-fin" morph="PR 1S IND VFIN" extra="nosubj nosubj cjt-head cjt-head-STA fmc aux"/>
			<t id="s3_9" word="dizer" lemma="dizer" pos="v-inf" morph="--" extra="vH mv"/>
			<t id="s3_10" word="que" lemma="que" pos="conj-s" morph="--" extra="clb clb-fs"/>
			<t id="s3_11" word="a" lemma="o" pos="art" morph="F S" extra="--"/>
			<t id="s3_12" word="jogabilidade" lemma="jogabilidade" pos="n" morph="F S" sem="percep-f" extra="--"/>
			<t id="s3_13" word="de" lemma="de" pos="prp" morph="--" extra="sam- np-close"/>
			<t id="s3_14" word="o" lemma="o" pos="art" morph="M S" extra="-sam "/>
			<t id="s3_15" word="xperia" lemma="xperia" pos="n" morph="F S" extra="heur"/>
			<t id="s3_16" word="play" lemma="play" pos="n" morph="M S" sem="act-d" extra="newlex"/>
			<t id="s3_17" word="é" lemma="ser" pos="v-fin" morph="PR 3S IND VFIN" extra="vK mv"/>
			<t id="s3_18" word="excelente" lemma="excelente" pos="adj" morph="M S" extra="cjt-head cjt-head-Cs"/>
			<t id="s3_19" word="," lemma="--" pos="pu" morph="--" extra="--"/>
			<t id="s3_20" word="mas" lemma="mas" pos="conj-c" morph="--" extra="--"/>
			<t id="s3_21" word="como" lemma="como" pos="prp" morph="--" extra="cjt-Cs prd adv-rel"/>
			<t id="s3_22" word="telefone" lemma="telefone" pos="n" morph="M S" sem="tool" extra="asarg"/>
			<t id="s3_23" word="," lemma="--" pos="pu" morph="--" extra="--"/>
			<t id="s3_24" word="só" lemma="só" pos="adv" morph="--" extra="--"/>
			<t id="s3_25" word="tive" lemma="ter" pos="v-fin" morph="PS 1S IND VFIN" extra="nosubj nosubj cjt-STA fmc mv"/>
			<t id="s3_26" word="problemas" lemma="problema" pos="n" morph="M P" sem="ac" extra="--"/>
			<t id="s3_27" word="com" lemma="com" pos="prp" morph="--" extra="np-close"/>
			<t id="s3_28" word="o" lemma="o" pos="art" morph="M S" extra="--"/>
			<t id="s3_29" word="aparelho" lemma="aparelho" pos="n" morph="M S" sem="tool" extra="--"/>
			<t id="s3_30" word="." lemma="--" pos="pu" morph="--" extra="--"/>
		</terminals>

		<nonterminals>
			<nt id="s3_500" cat="s">
				<edge label="STA" idref="s3_501"/>
			</nt>
			<nt id="s3_501" cat="par">
				<edge label="CJT" idref="s3_502"/>
				<edge label="PU" idref="s3_23"/>
				<edge label="CJT" idref="s3_514"/>
				<edge label="PU" idref="s3_30"/>
			</nt>
			<nt id="s3_502" cat="fcl">
				<edge label="fA" idref="s3_503"/>
				<edge label="PU" idref="s3_7"/>
				<edge label="P" idref="s3_507"/>
				<edge label="Od" idref="s3_508"/>
			</nt>
			<nt id="s3_503" cat="pp">
				<edge label="H" idref="s3_1"/>
				<edge label="DP" idref="s3_504"/>
			</nt>
			<nt id="s3_504" cat="np">
				<edge label="DN" idref="s3_2"/>
				<edge label="H" idref="s3_3"/>
				<edge label="DN" idref="s3_505"/>
			</nt>
			<nt id="s3_505" cat="pp">
				<edge label="H" idref="s3_4"/>
				<edge label="DP" idref="s3_506"/>
			</nt>
			<nt id="s3_506" cat="np">
				<edge label="DN" idref="s3_5"/>
				<edge label="H" idref="s3_6"/>
			</nt>
			<nt id="s3_507" cat="vp">
				<edge label="Vaux" idref="s3_8"/>
				<edge label="Vm" idref="s3_9"/>
			</nt>
			<nt id="s3_508" cat="fcl">
				<edge label="SUB" idref="s3_10"/>
				<edge label="S" idref="s3_509"/>
				<edge label="S" idref="s3_16"/>
				<edge label="P" idref="s3_17"/>
				<edge label="Cs" idref="s3_512"/>
			</nt>
			<nt id="s3_509" cat="np">
				<edge label="DN" idref="s3_11"/>
				<edge label="H" idref="s3_12"/>
				<edge label="DN" idref="s3_510"/>
			</nt>
			<nt id="s3_510" cat="pp">
				<edge label="H" idref="s3_13"/>
				<edge label="DP" idref="s3_511"/>
			</nt>
			<nt id="s3_511" cat="np">
				<edge label="DN" idref="s3_14"/>
				<edge label="H" idref="s3_15"/>
				<edge label="PU" idref="s3_19"/>
				<edge label="CO" idref="s3_20"/>
			</nt>
			<nt id="s3_512" cat="par">
				<edge label="CJT" idref="s3_18"/>
				<edge label="CJT" idref="s3_513"/>
			</nt>
			<nt id="s3_513" cat="pp">
				<edge label="H" idref="s3_21"/>
				<edge label="DP" idref="s3_22"/>
			</nt>
			<nt id="s3_514" cat="x">
				<edge label="fA" idref="s3_24"/>
				<edge label="P" idref="s3_25"/>
				<edge label="Od" idref="s3_515"/>
			</nt>
			<nt id="s3_515" cat="np">
				<edge label="H" idref="s3_26"/>
				<edge label="DN" idref="s3_516"/>
			</nt>
			<nt id="s3_516" cat="pp">
				<edge label="H" idref="s3_27"/>
				<edge label="DP" idref="s3_517"/>
			</nt>
			<nt id="s3_517" cat="np">
				<edge label="DN" idref="s3_28"/>
				<edge label="H" idref="s3_29"/>
			</nt>
		</nonterminals>
	</graph>
</s>

<s id="s4" ref="4" source="Running text" forest="1" text="vou listar os mais frequentes fone do aparelho não funciona só posso atender ligações com o recurso viva- voz aparelho liga e desliga sozinho.">
	<graph root="s4_500">
		<terminals>
			<t id="s4_1" word="vou" lemma="ir" pos="v-fin" morph="PR 1S IND VFIN" extra="nosubj nosubj nosubj nosubj cjt-head cjt-head-STA fmc aux"/>
			<t id="s4_2" word="listar" lemma="listar" pos="v-inf" morph="--" extra="vH mv"/>
			<t id="s4_3" word="os" lemma="o" pos="art" morph="M P" extra="--"/>
			<t id="s4_4" word="mais" lemma="mais" pos="adv" morph="--" extra="quant KOMP"/>
			<t id="s4_5" word="frequentes" lemma="freqüente" pos="adj" morph="M P" extra="--"/>
			<t id="s4_6" word="fone" lemma="fone" pos="n" morph="M S" sem="ac-cat tool" extra="--"/>
			<t id="s4_7" word="de" lemma="de" pos="prp" morph="--" extra="sam-"/>
			<t id="s4_8" word="o" lemma="o" pos="art" morph="M S" extra="-sam "/>
			<t id="s4_9" word="aparelho" lemma="aparelho" pos="n" morph="M S" sem="tool" extra="--"/>
			<t id="s4_10" word="não" lemma="não" pos="adv" morph="--" extra="--"/>
			<t id="s4_11" word="funciona" lemma="funcionar" pos="v-fin" morph="PR 3S IND VFIN" extra="nosubj nosubj cjt-STA fmc mv"/>
			<t id="s4_12" word="só" lemma="só" pos="adv" morph="--" extra="--"/>
			<t id="s4_13" word="posso" lemma="poder" pos="v-fin" morph="PR 1S IND VFIN" extra="cjt-STA fmc aux"/>
			<t id="s4_14" word="atender" lemma="atender" pos="v-inf" morph="--" extra="vH mv"/>
			<t id="s4_15" word="ligações" lemma="ligação" pos="n" morph="F P" sem="act ac ac-sign Labs" extra="--"/>
			<t id="s4_16" word="com" lemma="com" pos="prp" morph="--" extra="np-close"/>
			<t id="s4_17" word="o" lemma="o" pos="art" morph="M S" extra="--"/>
			<t id="s4_18" word="recurso" lemma="recurso" pos="n" morph="M S &lt;mon&gt;" sem="ac act-d sem-s mon" extra="M S"/>
			<t id="s4_19" word="viva-" lemma="viva" pos="intj" morph="--" extra="hyfen"/>
			<t id="s4_20" word="voz" lemma="voz" pos="n" morph="F S" sem="f-h percep-l ac-cat" extra="cjt-head cjt-head-S"/>
			<t id="s4_21" word="aparelho" lemma="aparelho" pos="n" morph="M S" sem="tool" extra="cjt-S"/>
			<t id="s4_22" word="liga" lemma="liga" pos="n" morph="F S" sem="HH cord" extra="cjt-S"/>
			<t id="s4_23" word="e" lemma="e" pos="conj-c" morph="--" extra="--"/>
			<t id="s4_24" word="desliga" lemma="desligar" pos="v-fin" morph="PR 3S IND VFIN" extra="nosubj nosubj cjt-STA vH fmc mv"/>
			<t id="s4_25" word="sozinho" lemma="sozinho" pos="adj" morph="M S" extra="jh"/>
			<t id="s4_26" word="." lemma="--" pos="pu" morph="--" extra="--"/>
		</terminals>

		<nonterminals>
			<nt id="s4_500" cat="s">
				<edge label="STA" idref="s4_501"/>
			</nt>
			<nt id="s4_501" cat="par">
				<edge label="CJT" idref="s4_502"/>
				<edge label="CJT" idref="s4_508"/>
				<edge label="CJT" idref="s4_509"/>
				<edge label="CJT" idref="s4_515"/>
				<edge label="PU" idref="s4_26"/>
			</nt>
			<nt id="s4_502" cat="fcl">
				<edge label="P" idref="s4_503"/>
				<edge label="Od" idref="s4_504"/>
			</nt>
			<nt id="s4_503" cat="vp">
				<edge label="Vaux" idref="s4_1"/>
				<edge label="Vm" idref="s4_2"/>
			</nt>
			<nt id="s4_504" cat="np">
				<edge label="DN" idref="s4_3"/>
				<edge label="DN" idref="s4_505"/>
				<edge label="H" idref="s4_6"/>
				<edge label="DAcom" idref="s4_506"/>
			</nt>
			<nt id="s4_505" cat="adjp">
				<edge label="DA" idref="s4_4"/>
				<edge label="H" idref="s4_5"/>
			</nt>
			<nt id="s4_506" cat="pp">
				<edge label="H" idref="s4_7"/>
				<edge label="DP" idref="s4_507"/>
			</nt>
			<nt id="s4_507" cat="np">
				<edge label="DN" idref="s4_8"/>
				<edge label="H" idref="s4_9"/>
			</nt>
			<nt id="s4_508" cat="x">
				<edge label="fA" idref="s4_10"/>
				<edge label="P" idref="s4_11"/>
				<edge label="fA" idref="s4_12"/>
			</nt>
			<nt id="s4_509" cat="fcl">
				<edge label="P" idref="s4_510"/>
				<edge label="Od" idref="s4_511"/>
				<edge label="fA" idref="s4_19"/>
				<edge label="S" idref="s4_514"/>
			</nt>
			<nt id="s4_510" cat="vp">
				<edge label="Vaux" idref="s4_13"/>
				<edge label="Vm" idref="s4_14"/>
			</nt>
			<nt id="s4_511" cat="np">
				<edge label="H" idref="s4_15"/>
				<edge label="DN" idref="s4_512"/>
			</nt>
			<nt id="s4_512" cat="pp">
				<edge label="H" idref="s4_16"/>
				<edge label="DP" idref="s4_513"/>
			</nt>
			<nt id="s4_513" cat="np">
				<edge label="DN" idref="s4_17"/>
				<edge label="H" idref="s4_18"/>
				<edge label="CO" idref="s4_23"/>
			</nt>
			<nt id="s4_514" cat="par">
				<edge label="CJT" idref="s4_20"/>
				<edge label="CJT" idref="s4_21"/>
				<edge label="CJT" idref="s4_22"/>
			</nt>
			<nt id="s4_515" cat="x">
				<edge label="P" idref="s4_24"/>
				<edge label="fCs" idref="s4_25"/>
			</nt>
		</nonterminals>
	</graph>
</s>

<s id="s5" ref="5" source="Running text" forest="1" text="sempre preciso verificar se o aparelho está ligado.">
	<graph root="s5_500">
		<terminals>
			<t id="s5_1" word="sempre" lemma="sempre" pos="adv" morph="--" extra="--"/>
			<t id="s5_2" word="preciso" lemma="precisar" pos="v-fin" morph="PR 1S IND VFIN" extra="fmc mv"/>
			<t id="s5_3" word="verificar" lemma="verificar" pos="v-inf" morph="--" extra="mv"/>
			<t id="s5_4" word="se" lemma="se" pos="conj-s" morph="--" extra="clb clb-fs"/>
			<t id="s5_5" word="o" lemma="o" pos="art" morph="M S" extra="--"/>
			<t id="s5_6" word="aparelho" lemma="aparelho" pos="n" morph="M S" sem="tool" extra="--"/>
			<t id="s5_7" word="está" lemma="estar" pos="v-fin" morph="PR 3S IND VFIN" extra="vK mv"/>
			<t id="s5_8" word="ligado" lemma="ligar" pos="v-pcp" morph="M S" extra="--"/>
			<t id="s5_9" word="." lemma="--" pos="pu" morph="--" extra="--"/>
		</terminals>

		<nonterminals>
			<nt id="s5_500" cat="s">
				<edge label="STA" idref="s5_501"/>
			</nt>
			<nt id="s5_501" cat="fcl">
				<edge label="fA" idref="s5_1"/>
				<edge label="P" idref="s5_2"/>
				<edge label="UTT" idref="s5_502"/>
				<edge label="P" idref="s5_3"/>
				<edge label="Od" idref="s5_503"/>
				<edge label="PU" idref="s5_9"/>
			</nt>
			<nt id="s5_502" cat="icl">
			</nt>
			<nt id="s5_503" cat="fcl">
				<edge label="SUB" idref="s5_4"/>
				<edge label="S" idref="s5_504"/>
				<edge label="P" idref="s5_7"/>
				<edge label="Cs" idref="s5_8"/>
			</nt>
			<nt id="s5_504" cat="np">
				<edge label="DN" idref="s5_5"/>
				<edge label="H" idref="s5_6"/>
			</nt>
		</nonterminals>
	</graph>
</s>

<s id="s6" ref="6" source="Running text" forest="1" text="aparelho trava e precisa ser reiniciado para voltar a funcionar.">
	<graph root="s6_500">
		<terminals>
			<t id="s6_1" word="aparelho" lemma="aparelho" pos="n" morph="M S" sem="tool" extra="--"/>
			<t id="s6_2" word="trava" lemma="travar" pos="v-fin" morph="PR 3S IND VFIN" extra="cjt-head cjt-head-STA fmc mv"/>
			<t id="s6_3" word="e" lemma="e" pos="conj-c" morph="--" extra="co-fin"/>
			<t id="s6_4" word="precisa" lemma="precisar" pos="v-fin" morph="PR 3S IND VFIN" extra="nosubj cjt-STA nosubj cjt-STA fmc mv"/>
			<t id="s6_5" word="ser" lemma="ser" pos="v-inf" morph="--" extra="aux"/>
			<t id="s6_6" word="reiniciado" lemma="reiniciar" pos="v-pcp" morph="M S" extra="mv"/>
			<t id="s6_7" word="para" lemma="para" pos="prp" morph="--" extra="--"/>
			<t id="s6_8" word="voltar" lemma="voltar" pos="v-inf" morph="--" extra="aux"/>
			<t id="s6_9" word="a" lemma="a" pos="prp" morph="--" extra="--"/>
			<t id="s6_10" word="funcionar" lemma="funcionar" pos="v-inf" morph="--" extra="mv"/>
			<t id="s6_11" word="." lemma="--" pos="pu" morph="--" extra="--"/>
		</terminals>

		<nonterminals>
			<nt id="s6_500" cat="s">
				<edge label="STA" idref="s6_501"/>
			</nt>
			<nt id="s6_501" cat="par">
				<edge label="CJT" idref="s6_502"/>
				<edge label="CO" idref="s6_3"/>
				<edge label="CJT" idref="s6_503"/>
				<edge label="PU" idref="s6_11"/>
			</nt>
			<nt id="s6_502" cat="fcl">
				<edge label="S" idref="s6_1"/>
				<edge label="P" idref="s6_2"/>
			</nt>
			<nt id="s6_503" cat="x">
				<edge label="P" idref="s6_4"/>
				<edge label="Od" idref="s6_504"/>
			</nt>
			<nt id="s6_504" cat="icl">
				<edge label="P" idref="s6_505"/>
				<edge label="fA" idref="s6_506"/>
			</nt>
			<nt id="s6_505" cat="vp">
				<edge label="Vaux" idref="s6_5"/>
				<edge label="Vm" idref="s6_6"/>
			</nt>
			<nt id="s6_506" cat="pp">
				<edge label="H" idref="s6_7"/>
				<edge label="DP" idref="s6_507"/>
			</nt>
			<nt id="s6_507" cat="icl">
				<edge label="P" idref="s6_508"/>
			</nt>
			<nt id="s6_508" cat="vp">
				<edge label="Vaux" idref="s6_8"/>
				<edge label="SUBaux" idref="s6_9"/>
				<edge label="Vm" idref="s6_10"/>
			</nt>
		</nonterminals>
	</graph>
</s>

<s id="s7" ref="7" source="Running text" forest="1" text="tela do aparelho desliga sozinha, junto com o recurso touch, fazendo com que eu não possa utilizar o aparelho, nem receber ligações, por exemplo.">
	<graph root="s7_500">
		<terminals>
			<t id="s7_1" word="tela" lemma="tela" pos="n" morph="F S" sem="cc-h pict mat-cloth" extra="--"/>
			<t id="s7_2" word="de" lemma="de" pos="prp" morph="--" extra="sam- np-close"/>
			<t id="s7_3" word="o" lemma="o" pos="art" morph="M S" extra="-sam "/>
			<t id="s7_4" word="aparelho" lemma="aparelho" pos="n" morph="M S" sem="tool" extra="--"/>
			<t id="s7_5" word="desliga" lemma="desligar" pos="v-fin" morph="PR 3S IND VFIN" extra="vH fmc mv"/>
			<t id="s7_6" word="sozinha" lemma="sozinho" pos="adj" morph="F S" extra="--"/>
			<t id="s7_7" word="," lemma="--" pos="pu" morph="--" extra="--"/>
			<t id="s7_8" word="junto_com" lemma="junto_com" pos="prp" morph="--" extra="--"/>
			<t id="s7_9" word="o" lemma="o" pos="art" morph="M S" extra="--"/>
			<t id="s7_10" word="recurso" lemma="recurso" pos="n" morph="M S &lt;mon&gt;" sem="ac act-d sem-s mon" extra="M S"/>
			<t id="s7_11" word="touch" lemma="touch" pos="n" morph="M S" extra="heur"/>
			<t id="s7_12" word="," lemma="--" pos="pu" morph="--" extra="--"/>
			<t id="s7_13" word="fazendo" lemma="fazer" pos="v-ger" morph="--" extra="clb mv"/>
			<t id="s7_14" word="com" lemma="com" pos="prp" morph="--" extra="--"/>
			<t id="s7_15" word="que" lemma="que" pos="conj-s" morph="--" extra="clb clb-fs"/>
			<t id="s7_16" word="eu" lemma="eu" pos="pron-pers" morph="M/F 1S NOM" extra="--"/>
			<t id="s7_17" word="não" lemma="não" pos="adv" morph="--" extra="--"/>
			<t id="s7_18" word="possa" lemma="poder" pos="v-fin" morph="PR 1S SUBJ VFIN" extra="aux"/>
			<t id="s7_19" word="utilizar" lemma="utilizar" pos="v-inf" morph="--" extra="vH mv"/>
			<t id="s7_20" word="o" lemma="o" pos="art" morph="M S" extra="--"/>
			<t id="s7_21" word="aparelho" lemma="aparelho" pos="n" morph="M S" sem="tool" extra="--"/>
			<t id="s7_22" word="," lemma="--" pos="pu" morph="--" extra="--"/>
			<t id="s7_23" word="nem" lemma="nem" pos="conj-c" morph="--" extra="--"/>
			<t id="s7_24" word="receber" lemma="receber" pos="v-inf" morph="--" extra="vH mv"/>
			<t id="s7_25" word="ligações" lemma="ligação" pos="n" morph="F P" sem="act ac ac-sign Labs" extra="--"/>
			<t id="s7_26" word="," lemma="--" pos="pu" morph="--" extra="--"/>
			<t id="s7_27" word="por_exemplo" lemma="por_exemplo" pos="adv" morph="--" extra="--"/>
			<t id="s7_28" word="." lemma="--" pos="pu" morph="--" extra="--"/>
		</terminals>

		<nonterminals>
			<nt id="s7_500" cat="s">
				<edge label="STA" idref="s7_501"/>
			</nt>
			<nt id="s7_501" cat="fcl">
				<edge label="S" idref="s7_502"/>
				<edge label="P" idref="s7_5"/>
				<edge label="fCs" idref="s7_6"/>
				<edge label="PU" idref="s7_7"/>
				<edge label="fA" idref="s7_505"/>
				<edge label="fCs" idref="s7_11"/>
				<edge label="PU" idref="s7_12"/>
				<edge label="fA" idref="s7_507"/>
				<edge label="PU" idref="s7_28"/>
			</nt>
			<nt id="s7_502" cat="np">
				<edge label="H" idref="s7_1"/>
				<edge label="DN" idref="s7_503"/>
			</nt>
			<nt id="s7_503" cat="pp">
				<edge label="H" idref="s7_2"/>
				<edge label="DP" idref="s7_504"/>
			</nt>
			<nt id="s7_504" cat="np">
				<edge label="DN" idref="s7_3"/>
				<edge label="H" idref="s7_4"/>
			</nt>
			<nt id="s7_505" cat="pp">
				<edge label="H" idref="s7_8"/>
				<edge label="DP" idref="s7_506"/>
			</nt>
			<nt id="s7_506" cat="np">
				<edge label="DN" idref="s7_9"/>
				<edge label="H" idref="s7_10"/>
			</nt>
			<nt id="s7_507" cat="advp">
				<edge label="P" idref="s7_13"/>
				<edge label="fA" idref="s7_508"/>
				<edge label="Od" idref="s7_511"/>
			</nt>
			<nt id="s7_508" cat="pp">
				<edge label="H" idref="s7_14"/>
				<edge label="DP" idref="s7_509"/>
			</nt>
			<nt id="s7_509" cat="fcl">
				<edge label="SUB" idref="s7_15"/>
				<edge label="S" idref="s7_16"/>
				<edge label="fA" idref="s7_17"/>
				<edge label="P" idref="s7_510"/>
				<edge label="Od" idref="s7_512"/>
			</nt>
			<nt id="s7_510" cat="vp">
				<edge label="Vaux" idref="s7_18"/>
				<edge label="Vm" idref="s7_19"/>
			</nt>
			<nt id="s7_511" cat="np">
				<edge label="DN" idref="s7_20"/>
				<edge label="H" idref="s7_21"/>
				<edge label="PU" idref="s7_22"/>
				<edge label="CO" idref="s7_23"/>
			</nt>
			<nt id="s7_512" cat="icl">
				<edge label="P" idref="s7_24"/>
				<edge label="Od" idref="s7_25"/>
				<edge label="PU" idref="s7_26"/>
				<edge label="fA" idref="s7_27"/>
			</nt>
		</nonterminals>
	</graph>
</s>

<s id="s8" ref="8" source="Running text" forest="1" text="mal contato entre as partes físicas do aparelho.">
	<graph root="s8_500">
		<terminals>
			<t id="s8_1" word="mal" lemma="mal" pos="adv" morph="--" extra="--"/>
			<t id="s8_2" word="contato" lemma="contato" pos="n" morph="M S" sem="ac H" extra="--"/>
			<t id="s8_3" word="entre" lemma="entre" pos="prp" morph="--" extra="np-close"/>
			<t id="s8_4" word="as" lemma="o" pos="art" morph="F P" extra="--"/>
			<t id="s8_5" word="partes" lemma="parte" pos="n" morph="F P" sem="part amount L HH sem-l ac" extra="--"/>
			<t id="s8_6" word="físicas" lemma="físico" pos="adj" morph="F P" extra="nh np-close"/>
			<t id="s8_7" word="de" lemma="de" pos="prp" morph="--" extra="sam- np-close"/>
			<t id="s8_8" word="o" lemma="o" pos="art" morph="M S" extra="-sam "/>
			<t id="s8_9" word="aparelho" lemma="aparelho" pos="n" morph="M S" sem="tool" extra="--"/>
			<t id="s8_10" word="." lemma="--" pos="pu" morph="--" extra="--"/>
		</terminals>

		<nonterminals>
			<nt id="s8_500" cat="s">
				<edge label="fA" idref="s8_501"/>
			</nt>
			<nt id="s8_501" cat="advp">
				<edge label="H" idref="s8_1"/>
				<edge label="X" idref="s8_502"/>
				<edge label="PU" idref="s8_10"/>
			</nt>
			<nt id="s8_502" cat="np">
				<edge label="H" idref="s8_2"/>
				<edge label="DN" idref="s8_503"/>
			</nt>
			<nt id="s8_503" cat="pp">
				<edge label="H" idref="s8_3"/>
				<edge label="DP" idref="s8_504"/>
			</nt>
			<nt id="s8_504" cat="np">
				<edge label="DN" idref="s8_4"/>
				<edge label="H" idref="s8_5"/>
				<edge label="DN" idref="s8_6"/>
				<edge label="DN" idref="s8_505"/>
			</nt>
			<nt id="s8_505" cat="pp">
				<edge label="H" idref="s8_7"/>
				<edge label="DP" idref="s8_506"/>
			</nt>
			<nt id="s8_506" cat="np">
				<edge label="DN" idref="s8_8"/>
				<edge label="H" idref="s8_9"/>
			</nt>
		</nonterminals>
	</graph>
</s>

<s id="s9" ref="9" source="Running text" forest="1" text="toda vez que eu abria a tela para utilizar os comandos play a tela desligava.">
	<graph root="s9_500">
		<terminals>
			<t id="s9_1" word="toda_vez_que" lemma="toda_vez_que" pos="adv" morph="--" extra="clb clb-fs ks rel"/>
			<t id="s9_2" word="eu" lemma="eu" pos="pron-pers" morph="M/F 1S NOM" extra="--"/>
			<t id="s9_3" word="abria" lemma="abrir" pos="v-fin" morph="IMPF 1S IND VFIN" extra="vH mv np-close"/>
			<t id="s9_4" word="a" lemma="o" pos="art" morph="F S" extra="--"/>
			<t id="s9_5" word="tela" lemma="tela" pos="n" morph="F S" sem="cc-h pict mat-cloth" extra="--"/>
			<t id="s9_6" word="para" lemma="para" pos="prp" morph="--" extra="--"/>
			<t id="s9_7" word="utilizar" lemma="utilizar" pos="v-inf" morph="--" extra="vH mv"/>
			<t id="s9_8" word="os" lemma="o" pos="art" morph="M P" extra="--"/>
			<t id="s9_9" word="comandos" lemma="comando" pos="n" morph="M P" sem="act-s activity HH" extra="--"/>
			<t id="s9_10" word="play" lemma="play" pos="n" morph="M S" sem="act-d" extra="newlex"/>
			<t id="s9_11" word="a" lemma="o" pos="art" morph="F S" extra="--"/>
			<t id="s9_12" word="tela" lemma="tela" pos="n" morph="F S" sem="cc-h pict mat-cloth" extra="--"/>
			<t id="s9_13" word="desligava" lemma="desligar" pos="v-fin" morph="IMPF 3S IND VFIN" extra="vH fmc mv"/>
			<t id="s9_14" word="." lemma="--" pos="pu" morph="--" extra="--"/>
		</terminals>

		<nonterminals>
			<nt id="s9_500" cat="s">
				<edge label="STA" idref="s9_501"/>
			</nt>
			<nt id="s9_501" cat="fcl">
				<edge label="fA" idref="s9_502"/>
				<edge label="S" idref="s9_10"/>
				<edge label="S" idref="s9_507"/>
				<edge label="P" idref="s9_13"/>
				<edge label="PU" idref="s9_14"/>
			</nt>
			<nt id="s9_502" cat="fcl">
				<edge label="fA" idref="s9_1"/>
				<edge label="S" idref="s9_2"/>
				<edge label="P" idref="s9_3"/>
				<edge label="Od" idref="s9_503"/>
				<edge label="fA" idref="s9_504"/>
			</nt>
			<nt id="s9_503" cat="np">
				<edge label="DN" idref="s9_4"/>
				<edge label="H" idref="s9_5"/>
			</nt>
			<nt id="s9_504" cat="pp">
				<edge label="H" idref="s9_6"/>
				<edge label="DP" idref="s9_505"/>
			</nt>
			<nt id="s9_505" cat="icl">
				<edge label="P" idref="s9_7"/>
				<edge label="Od" idref="s9_506"/>
			</nt>
			<nt id="s9_506" cat="np">
				<edge label="DN" idref="s9_8"/>
				<edge label="H" idref="s9_9"/>
			</nt>
			<nt id="s9_507" cat="np">
				<edge label="DN" idref="s9_11"/>
				<edge label="H" idref="s9_12"/>
			</nt>
		</nonterminals>
	</graph>
</s>

<s id="s10" ref="10" source="Running text" forest="1" text="ou seja, o recurso jogabilidade não existe mais.">
	<graph root="s10_500">
		<terminals>
			<t id="s10_1" word="ou_seja" lemma="ou_seja" pos="adv" morph="--" extra="kc"/>
			<t id="s10_2" word="," lemma="--" pos="pu" morph="--" extra="--"/>
			<t id="s10_3" word="o" lemma="o" pos="art" morph="M S" extra="--"/>
			<t id="s10_4" word="recurso" lemma="recurso" pos="n" morph="M S &lt;mon&gt;" sem="ac act-d sem-s mon" extra="M S"/>
			<t id="s10_5" word="jogabilidade" lemma="jogabilidade" pos="n" morph="F S" sem="percep-f" extra="--"/>
			<t id="s10_6" word="não" lemma="não" pos="adv" morph="--" extra="--"/>
			<t id="s10_7" word="existe" lemma="existir" pos="v-fin" morph="PR 3S IND VFIN" extra="fmc mv"/>
			<t id="s10_8" word="mais" lemma="mais" pos="adv" morph="--" extra="--"/>
			<t id="s10_9" word="." lemma="xx" pos="xx" morph="M/F S" extra="foreign"/>
		</terminals>

		<nonterminals>
			<nt id="s10_500" cat="s">
				<edge label="STA" idref="s10_501"/>
			</nt>
			<nt id="s10_501" cat="fcl">
				<edge label="fA" idref="s10_1"/>
				<edge label="PU" idref="s10_2"/>
				<edge label="fCs" idref="s10_502"/>
				<edge label="S" idref="s10_5"/>
				<edge label="fA" idref="s10_6"/>
				<edge label="P" idref="s10_7"/>
				<edge label="fA" idref="s10_8"/>
				<edge label="." idref="s10_9"/>
			</nt>
			<nt id="s10_502" cat="np">
				<edge label="DN" idref="s10_3"/>
				<edge label="H" idref="s10_4"/>
			</nt>
		</nonterminals>
	</graph>
</s>

<s id="s11" ref="11" source="Running text" forest="1" text="por fim, o aparelho simplesmente deixou de exibir qualquer imagem na tela, mostrando apenas uma grande mancha cinza.">
	<graph root="s11_500">
		<terminals>
			<t id="s11_1" word="por_fim" lemma="por_fim" pos="adv" morph="--" sem="pp" extra="--"/>
			<t id="s11_2" word="," lemma="--" pos="pu" morph="--" extra="--"/>
			<t id="s11_3" word="o" lemma="o" pos="art" morph="M S" extra="--"/>
			<t id="s11_4" word="aparelho" lemma="aparelho" pos="n" morph="M S" sem="tool" extra="--"/>
			<t id="s11_5" word="simplesmente" lemma="simplesmente" pos="adv" morph="--" extra="--"/>
			<t id="s11_6" word="deixou" lemma="deixar" pos="v-fin" morph="PS 3S IND VFIN" extra="fmc aux"/>
			<t id="s11_7" word="de" lemma="de" pos="prp" morph="--" extra="--"/>
			<t id="s11_8" word="exibir" lemma="exibir" pos="v-inf" morph="--" extra="vH mv"/>
			<t id="s11_9" word="qualquer" lemma="qualquer" pos="pron-indef" morph="DET F S" extra="quant"/>
			<t id="s11_10" word="imagem" lemma="imagem" pos="n" morph="F S" sem="pict sem-c ac-cat" extra="--"/>
			<t id="s11_11" word="em" lemma="em" pos="prp" morph="--" extra="sam-"/>
			<t id="s11_12" word="a" lemma="o" pos="art" morph="F S" extra="-sam "/>
			<t id="s11_13" word="tela" lemma="tela" pos="n" morph="F S" sem="cc-h pict mat-cloth" extra="--"/>
			<t id="s11_14" word="," lemma="--" pos="pu" morph="--" extra="--"/>
			<t id="s11_15" word="mostrando" lemma="mostrar" pos="v-ger" morph="--" extra="clb mv"/>
			<t id="s11_16" word="apenas" lemma="apenas" pos="adv" morph="--" extra="--"/>
			<t id="s11_17" word="uma" lemma="uma" pos="num" morph="F S" extra="card"/>
			<t id="s11_18" word="grande" lemma="grande" pos="adj" morph="F S" extra="--"/>
			<t id="s11_19" word="mancha" lemma="mancha" pos="n" morph="F S" sem="f-c" extra="--"/>
			<t id="s11_20" word="cinza" lemma="cinza" pos="adj" morph="F S" sem="col" extra="np-close"/>
			<t id="s11_21" word="." lemma="--" pos="pu" morph="--" extra="--"/>
		</terminals>

		<nonterminals>
			<nt id="s11_500" cat="s">
				<edge label="STA" idref="s11_501"/>
			</nt>
			<nt id="s11_501" cat="fcl">
				<edge label="fA" idref="s11_1"/>
				<edge label="PU" idref="s11_2"/>
				<edge label="S" idref="s11_502"/>
				<edge label="fA" idref="s11_5"/>
				<edge label="P" idref="s11_503"/>
				<edge label="Od" idref="s11_504"/>
				<edge label="fA" idref="s11_505"/>
				<edge label="PU" idref="s11_14"/>
				<edge label="fA" idref="s11_507"/>
				<edge label="PU" idref="s11_21"/>
			</nt>
			<nt id="s11_502" cat="np">
				<edge label="DN" idref="s11_3"/>
				<edge label="H" idref="s11_4"/>
			</nt>
			<nt id="s11_503" cat="vp">
				<edge label="Vaux" idref="s11_6"/>
				<edge label="SUBaux" idref="s11_7"/>
				<edge label="Vm" idref="s11_8"/>
			</nt>
			<nt id="s11_504" cat="np">
				<edge label="DN" idref="s11_9"/>
				<edge label="H" idref="s11_10"/>
			</nt>
			<nt id="s11_505" cat="pp">
				<edge label="H" idref="s11_11"/>
				<edge label="DP" idref="s11_506"/>
			</nt>
			<nt id="s11_506" cat="np">
				<edge label="DN" idref="s11_12"/>
				<edge label="H" idref="s11_13"/>
			</nt>
			<nt id="s11_507" cat="advp">
				<edge label="P" idref="s11_15"/>
				<edge label="Od" idref="s11_508"/>
			</nt>
			<nt id="s11_508" cat="np">
				<edge label="DN" idref="s11_509"/>
				<edge label="DN" idref="s11_18"/>
				<edge label="H" idref="s11_19"/>
				<edge label="DN" idref="s11_20"/>
			</nt>
			<nt id="s11_509" cat="adjp">
				<edge label="DA" idref="s11_16"/>
				<edge label="H" idref="s11_17"/>
			</nt>
		</nonterminals>
	</graph>
</s>

<s id="s12" ref="12" source="Running text" forest="1" text="é impossível utilizar o aparelho.">
	<graph root="s12_500">
		<terminals>
			<t id="s12_1" word="é" lemma="ser" pos="v-fin" morph="PR 3S IND VFIN" extra="vK fmc mv"/>
			<t id="s12_2" word="impossível" lemma="impossível" pos="adj" morph="M S" extra="nh"/>
			<t id="s12_3" word="utilizar" lemma="utilizar" pos="v-inf" morph="--" extra="vH mv"/>
			<t id="s12_4" word="o" lemma="o" pos="art" morph="M S" extra="--"/>
			<t id="s12_5" word="aparelho" lemma="aparelho" pos="n" morph="M S" sem="tool" extra="--"/>
			<t id="s12_6" word="." lemma="--" pos="pu" morph="--" extra="--"/>
		</terminals>

		<nonterminals>
			<nt id="s12_500" cat="s">
				<edge label="STA" idref="s12_501"/>
			</nt>
			<nt id="s12_501" cat="fcl">
				<edge label="P" idref="s12_1"/>
				<edge label="Cs" idref="s12_2"/>
				<edge label="S" idref="s12_502"/>
				<edge label="PU" idref="s12_6"/>
			</nt>
			<nt id="s12_502" cat="icl">
				<edge label="P" idref="s12_3"/>
				<edge label="Od" idref="s12_503"/>
			</nt>
			<nt id="s12_503" cat="np">
				<edge label="DN" idref="s12_4"/>
				<edge label="H" idref="s12_5"/>
			</nt>
		</nonterminals>
	</graph>
</s>

<s id="s13" ref="13" source="Running text" forest="1" text="o que gostei a jogabilidade é fantástica para um celular quando funciona.">
	<graph root="s13_500">
		<terminals>
			<t id="s13_1" word="o" lemma="o" pos="pron-dem" morph="DET M S" extra="dem"/>
			<t id="s13_2" word="que" lemma="que" pos="spec" morph="M S" extra="clb clb-fs rel"/>
			<t id="s13_3" word="gostei" lemma="gostar" pos="v-fin" morph="PS 1S IND VFIN" extra="vH mv np-close"/>
			<t id="s13_4" word="a" lemma="o" pos="art" morph="F S" extra="--"/>
			<t id="s13_5" word="jogabilidade" lemma="jogabilidade" pos="n" morph="F S" sem="percep-f" extra="--"/>
			<t id="s13_6" word="é" lemma="ser" pos="v-fin" morph="PR 3S IND VFIN" extra="vK fmc mv"/>
			<t id="s13_7" word="fantástica" lemma="fantástico" pos="adj" morph="F S" extra="--"/>
			<t id="s13_8" word="para" lemma="para" pos="prp" morph="--" extra="--"/>
			<t id="s13_9" word="um" lemma="um" pos="art" morph="M S" extra="--"/>
			<t id="s13_10" word="celular" lemma="celular" pos="adj" morph="M S" extra="n nh"/>
			<t id="s13_11" word="quando" lemma="quando" pos="adv" morph="--" extra="clb clb-fs rel ks"/>
			<t id="s13_12" word="funciona" lemma="funcionar" pos="v-fin" morph="PR 3S IND VFIN" extra="mv"/>
			<t id="s13_13" word="." lemma="--" pos="pu" morph="--" extra="--"/>
		</terminals>

		<nonterminals>
			<nt id="s13_500" cat="s">
				<edge label="UTT" idref="s13_501"/>
			</nt>
			<nt id="s13_501" cat="x">
				<edge label="DN" idref="s13_503"/>
				<edge label="S" idref="s13_2"/>
				<edge label="P" idref="s13_3"/>
				<edge label="S" idref="s13_504"/>
				<edge label="P" idref="s13_6"/>
				<edge label="Cs" idref="s13_7"/>
				<edge label="fA" idref="s13_505"/>
				<edge label="fA" idref="s13_507"/>
				<edge label="PU" idref="s13_13"/>
			</nt>
			<nt id="s13_502" cat="fcl">
				<edge label="S" idref="s13_1"/>
			</nt>
			<nt id="s13_503" cat="fcl">
			</nt>
			<nt id="s13_504" cat="np">
				<edge label="DN" idref="s13_4"/>
				<edge label="H" idref="s13_5"/>
			</nt>
			<nt id="s13_505" cat="pp">
				<edge label="H" idref="s13_8"/>
				<edge label="DP" idref="s13_506"/>
			</nt>
			<nt id="s13_506" cat="np">
				<edge label="DN" idref="s13_9"/>
				<edge label="H" idref="s13_10"/>
			</nt>
			<nt id="s13_507" cat="fcl">
				<edge label="fA" idref="s13_11"/>
				<edge label="P" idref="s13_12"/>
			</nt>
		</nonterminals>
	</graph>
</s>

<s id="s14" ref="14" source="Running text" forest="1" text="a tela é grande quando exibe as imagens.">
	<graph root="s14_500">
		<terminals>
			<t id="s14_1" word="a" lemma="o" pos="art" morph="F S" extra="--"/>
			<t id="s14_2" word="tela" lemma="tela" pos="n" morph="F S" sem="cc-h pict mat-cloth" extra="--"/>
			<t id="s14_3" word="é" lemma="ser" pos="v-fin" morph="PR 3S IND VFIN" extra="vK fmc mv"/>
			<t id="s14_4" word="grande" lemma="grande" pos="adj" morph="F S" extra="--"/>
			<t id="s14_5" word="quando" lemma="quando" pos="adv" morph="--" extra="clb clb-fs rel ks"/>
			<t id="s14_6" word="exibe" lemma="exibir" pos="v-fin" morph="PR 3S IND VFIN" extra="vH mv"/>
			<t id="s14_7" word="as" lemma="o" pos="art" morph="F P" extra="--"/>
			<t id="s14_8" word="imagens" lemma="imagem" pos="n" morph="F P" sem="pict sem-c ac-cat" extra="--"/>
			<t id="s14_9" word="." lemma="--" pos="pu" morph="--" extra="--"/>
		</terminals>

		<nonterminals>
			<nt id="s14_500" cat="s">
				<edge label="STA" idref="s14_501"/>
			</nt>
			<nt id="s14_501" cat="fcl">
				<edge label="S" idref="s14_502"/>
				<edge label="P" idref="s14_3"/>
				<edge label="Cs" idref="s14_4"/>
				<edge label="fA" idref="s14_503"/>
				<edge label="PU" idref="s14_9"/>
			</nt>
			<nt id="s14_502" cat="np">
				<edge label="DN" idref="s14_1"/>
				<edge label="H" idref="s14_2"/>
			</nt>
			<nt id="s14_503" cat="fcl">
				<edge label="fA" idref="s14_5"/>
				<edge label="P" idref="s14_6"/>
				<edge label="Od" idref="s14_504"/>
			</nt>
			<nt id="s14_504" cat="np">
				<edge label="DN" idref="s14_7"/>
				<edge label="H" idref="s14_8"/>
			</nt>
		</nonterminals>
	</graph>
</s>

<s id="s15" ref="15" source="Running text" forest="1" text="o que não gostei muitos defeitos no produto e mal atendimento da sony, que realmente não se preocupa com o cliente.">
	<graph root="s15_500">
		<terminals>
			<t id="s15_1" word="o" lemma="o" pos="pron-dem" morph="DET M S" extra="dem"/>
			<t id="s15_2" word="que" lemma="que" pos="spec" morph="M S" extra="clb rel"/>
			<t id="s15_3" word="não" lemma="não" pos="adv" morph="--" extra="--"/>
			<t id="s15_4" word="gostei" lemma="gostar" pos="v-fin" morph="PS 1S IND VFIN" extra="vH mv"/>
			<t id="s15_5" word="muitos" lemma="muito" pos="pron-indef" morph="DET M P" extra="quant"/>
			<t id="s15_6" word="defeitos" lemma="defeito" pos="n" morph="M P" sem="ac" extra="--"/>
			<t id="s15_7" word="em" lemma="em" pos="prp" morph="--" extra="sam- np-close"/>
			<t id="s15_8" word="o" lemma="o" pos="art" morph="M S" extra="-sam "/>
			<t id="s15_9" word="produto" lemma="produto" pos="n" morph="M S" sem="cc-h mon ac-cat" extra="--"/>
			<t id="s15_10" word="e" lemma="e" pos="conj-c" morph="--" extra="--"/>
			<t id="s15_11" word="mal" lemma="mal" pos="adv" morph="--" extra="--"/>
			<t id="s15_12" word="atendimento" lemma="atendimento" pos="n" morph="M S" sem="act" extra="--"/>
			<t id="s15_13" word="de" lemma="de" pos="prp" morph="--" extra="sam- np-close"/>
			<t id="s15_14" word="a" lemma="o" pos="art" morph="F S" extra="-sam "/>
			<t id="s15_15" word="sony" lemma="sony" pos="n" morph="F S" extra="foreign heur"/>
			<t id="s15_16" word="," lemma="--" pos="pu" morph="--" extra="--"/>
			<t id="s15_17" word="que" lemma="que" pos="spec" morph="M S" extra="clb clb-fs rel"/>
			<t id="s15_18" word="realmente" lemma="realmente" pos="adv" morph="--" extra="--"/>
			<t id="s15_19" word="não" lemma="não" pos="adv" morph="--" extra="--"/>
			<t id="s15_20" word="se" lemma="se" pos="pron-pers" morph="M/F 3S ACC" extra="pass"/>
			<t id="s15_21" word="preocupa" lemma="preocupar" pos="v-fin" morph="PR 3S IND VFIN" extra="mv np-close"/>
			<t id="s15_22" word="com" lemma="com" pos="prp" morph="--" extra="--"/>
			<t id="s15_23" word="o" lemma="o" pos="art" morph="M S" extra="--"/>
			<t id="s15_24" word="cliente" lemma="cliente" pos="n" morph="M S" sem="Hattr" extra="--"/>
			<t id="s15_25" word="." lemma="--" pos="pu" morph="--" extra="--"/>
		</terminals>

		<nonterminals>
			<nt id="s15_500" cat="s">
				<edge label="X" idref="s15_501"/>
			</nt>
			<nt id="s15_501" cat="adjp">
				<edge label="H" idref="s15_1"/>
				<edge label="STA" idref="s15_502"/>
				<edge label="fCs" idref="s15_503"/>
				<edge label="PU" idref="s15_25"/>
			</nt>
			<nt id="s15_502" cat="fcl">
				<edge label="X" idref="s15_2"/>
				<edge label="fA" idref="s15_3"/>
				<edge label="P" idref="s15_4"/>
			</nt>
			<nt id="s15_503" cat="np">
				<edge label="DN" idref="s15_5"/>
				<edge label="H" idref="s15_6"/>
				<edge label="DN" idref="s15_504"/>
				<edge label="S" idref="s15_506"/>
				<edge label="fA" idref="s15_11"/>
			</nt>
			<nt id="s15_504" cat="pp">
				<edge label="H" idref="s15_7"/>
				<edge label="DP" idref="s15_505"/>
			</nt>
			<nt id="s15_505" cat="np">
				<edge label="DN" idref="s15_8"/>
				<edge label="H" idref="s15_9"/>
			</nt>
			<nt id="s15_506" cat="np">
				<edge label="DN" idref="s15_507"/>
				<edge label="H" idref="s15_12"/>
				<edge label="-DN" idref="s15_13"/>
			</nt>
			<nt id="s15_507" cat="pp">
				<edge label="CO" idref="s15_10"/>
				<edge label="DP" idref="s15_508"/>
			</nt>
			<nt id="s15_508" cat="np">
				<edge label="DN" idref="s15_14"/>
				<edge label="H" idref="s15_15"/>
				<edge label="PU" idref="s15_16"/>
				<edge label="DN" idref="s15_509"/>
			</nt>
			<nt id="s15_509" cat="fcl">
				<edge label="S" idref="s15_17"/>
				<edge label="fA" idref="s15_18"/>
				<edge label="fA" idref="s15_19"/>
				<edge label="Od" idref="s15_20"/>
				<edge label="P" idref="s15_21"/>
				<edge label="Op" idref="s15_510"/>
			</nt>
			<nt id="s15_510" cat="pp">
				<edge label="H" idref="s15_22"/>
				<edge label="DP" idref="s15_511"/>
			</nt>
			<nt id="s15_511" cat="np">
				<edge label="DN" idref="s15_23"/>
				<edge label="H" idref="s15_24"/>
			</nt>
		</nonterminals>
	</graph>
</s>

<s id="s16" ref="16" source="Running text" forest="1" text="caso o seu aparelho tenha problemas como o meu, pode se preparar para uma longa espera, pois a sony promete prazos para reparos e entrega do aparelho e não cumpre.">
	<graph root="s16_500">
		<terminals>
			<t id="s16_1" word="caso" lemma="caso" pos="conj-s" morph="--" extra="clb clb-fs"/>
			<t id="s16_2" word="o" lemma="o" pos="art" morph="M S" extra="--"/>
			<t id="s16_3" word="seu" lemma="seu" pos="pron-poss" morph="DET M S" extra="poss 3S"/>
			<t id="s16_4" word="aparelho" lemma="aparelho" pos="n" morph="M S" sem="tool" extra="--"/>
			<t id="s16_5" word="tenha" lemma="ter" pos="v-fin" morph="PR 3S SUBJ VFIN" extra="mv"/>
			<t id="s16_6" word="problemas" lemma="problema" pos="n" morph="M P" sem="ac" extra="--"/>
			<t id="s16_7" word="como" lemma="como" pos="adv" morph="--" extra="clb clb-fs interr"/>
			<t id="s16_8" word="o" lemma="o" pos="art" morph="M S" extra="--"/>
			<t id="s16_9" word="meu" lemma="meu" pos="pron-poss" morph="DET M S" extra="poss 1S"/>
			<t id="s16_10" word="," lemma="--" pos="pu" morph="--" extra="--"/>
			<t id="s16_11" word="pode" lemma="poder" pos="v-fin" morph="PR 3S IND VFIN" extra="aux np-close"/>
			<t id="s16_12" word="se" lemma="se" pos="pron-pers" morph="M/F 3S ACC" extra="refl"/>
			<t id="s16_13" word="preparar" lemma="preparar" pos="v-inf" morph="--" extra="vH mv v-pron"/>
			<t id="s16_14" word="para" lemma="para" pos="prp" morph="--" extra="--"/>
			<t id="s16_15" word="uma" lemma="um" pos="art" morph="F S" extra="--"/>
			<t id="s16_16" word="longa" lemma="longo" pos="adj" morph="F S" extra="jh"/>
			<t id="s16_17" word="espera" lemma="espera" pos="n" morph="F S" sem="activity per" extra="--"/>
			<t id="s16_18" word="," lemma="--" pos="pu" morph="--" extra="--"/>
			<t id="s16_19" word="pois" lemma="pois" pos="conj-s" morph="--" extra="clb"/>
			<t id="s16_20" word="a" lemma="o" pos="art" morph="F S" extra="--"/>
			<t id="s16_21" word="sony" lemma="sony" pos="n" morph="F S" extra="foreign heur"/>
			<t id="s16_22" word="promete" lemma="prometer" pos="v-fin" morph="PR 3S IND VFIN" extra="nosubj nosubj cjt-head cjt-head-STA vH fmc mv"/>
			<t id="s16_23" word="prazos" lemma="prazo" pos="n" morph="M P" sem="per temp" extra="--"/>
			<t id="s16_24" word="para" lemma="para" pos="prp" morph="--" extra="np-close"/>
			<t id="s16_25" word="reparos" lemma="reparo" pos="n" morph="M P" sem="act-d act-s percep-w" extra="--"/>
			<t id="s16_26" word="e" lemma="e" pos="conj-c" morph="--" extra="--"/>
			<t id="s16_27" word="entrega" lemma="entregar" pos="v-fin" morph="PR 3S IND VFIN" extra="nosubj nosubj cjt-STA vH fmc mv"/>
			<t id="s16_28" word="de" lemma="de" pos="prp" morph="--" extra="sam-"/>
			<t id="s16_29" word="o" lemma="o" pos="art" morph="M S" extra="-sam "/>
			<t id="s16_30" word="aparelho" lemma="aparelho" pos="n" morph="M S" sem="tool" extra="--"/>
			<t id="s16_31" word="e" lemma="e" pos="conj-c" morph="--" extra="--"/>
			<t id="s16_32" word="não" lemma="não" pos="adv" morph="--" extra="--"/>
			<t id="s16_33" word="cumpre" lemma="cumprir" pos="v-fin" morph="PR 3S IND VFIN" extra="nosubj nosubj cjt-STA fmc mv"/>
			<t id="s16_34" word="." lemma="--" pos="pu" morph="--" extra="--"/>
		</terminals>

		<nonterminals>
			<nt id="s16_500" cat="s">
				<edge label="UTT" idref="s16_501"/>
			</nt>
			<nt id="s16_501" cat="x">
				<edge label="CJT" idref="s16_502"/>
				<edge label="STA" idref="s16_505"/>
				<edge label="CJT" idref="s16_506"/>
				<edge label="CJT" idref="s16_515"/>
				<edge label="PU" idref="s16_34"/>
			</nt>
			<nt id="s16_502" cat="x">
				<edge label="fA" idref="s16_503"/>
				<edge label="PU" idref="s16_18"/>
				<edge label="fA" idref="s16_19"/>
				<edge label="S" idref="s16_512"/>
				<edge label="P" idref="s16_22"/>
				<edge label="Od" idref="s16_513"/>
				<edge label="fA" idref="s16_32"/>
				<edge label="P" idref="s16_33"/>
			</nt>
			<nt id="s16_503" cat="fcl">
				<edge label="SUB" idref="s16_1"/>
				<edge label="S" idref="s16_504"/>
				<edge label="P" idref="s16_5"/>
				<edge label="Od" idref="s16_507"/>
			</nt>
			<nt id="s16_504" cat="np">
				<edge label="DN" idref="s16_2"/>
				<edge label="DN" idref="s16_3"/>
				<edge label="H" idref="s16_4"/>
			</nt>
			<nt id="s16_505" cat="par">
			</nt>
			<nt id="s16_506" cat="fcl">
			</nt>
			<nt id="s16_507" cat="np">
				<edge label="H" idref="s16_6"/>
				<edge label="DN" idref="s16_508"/>
			</nt>
			<nt id="s16_508" cat="fcl">
				<edge label="fA" idref="s16_7"/>
				<edge label="DN" idref="s16_8"/>
				<edge label="S" idref="s16_9"/>
				<edge label="PU" idref="s16_10"/>
				<edge label="P" idref="s16_509"/>
				<edge label="Od" idref="s16_12"/>
				<edge label="Op" idref="s16_510"/>
				<edge label="CO" idref="s16_26"/>
			</nt>
			<nt id="s16_509" cat="vp">
				<edge label="Vaux" idref="s16_11"/>
				<edge label="Vm" idref="s16_13"/>
			</nt>
			<nt id="s16_510" cat="pp">
				<edge label="H" idref="s16_14"/>
				<edge label="DP" idref="s16_511"/>
			</nt>
			<nt id="s16_511" cat="np">
				<edge label="DN" idref="s16_15"/>
				<edge label="DN" idref="s16_16"/>
				<edge label="H" idref="s16_17"/>
			</nt>
			<nt id="s16_512" cat="np">
				<edge label="DN" idref="s16_20"/>
				<edge label="H" idref="s16_21"/>
			</nt>
			<nt id="s16_513" cat="np">
				<edge label="H" idref="s16_23"/>
				<edge label="DN" idref="s16_514"/>
			</nt>
			<nt id="s16_514" cat="pp">
				<edge label="H" idref="s16_24"/>
				<edge label="DP" idref="s16_25"/>
			</nt>
			<nt id="s16_515" cat="x">
				<edge label="P" idref="s16_27"/>
				<edge label="fA" idref="s16_516"/>
			</nt>
			<nt id="s16_516" cat="pp">
				<edge label="H" idref="s16_28"/>
				<edge label="DP" idref="s16_517"/>
			</nt>
			<nt id="s16_517" cat="np">
				<edge label="DN" idref="s16_29"/>
				<edge label="H" idref="s16_30"/>
				<edge label="CO" idref="s16_31"/>
			</nt>
		</nonterminals>
	</graph>
</s>

<s id="s17" ref="17" source="Running text" forest="1" text="estou sem celular a number meses..">
	<graph root="s17_500">
		<terminals>
			<t id="s17_1" word="estou" lemma="estar" pos="v-fin" morph="PR 1S IND VFIN" extra="vK fmc mv"/>
			<t id="s17_2" word="sem" lemma="sem" pos="prp" morph="--" extra="--"/>
			<t id="s17_3" word="celular" lemma="celular" pos="adj" morph="M/F S" extra="nh"/>
			<t id="s17_4" word="a" lemma="a" pos="prp" morph="--" extra="--"/>
			<t id="s17_5" word="number" lemma="number" pos="n" morph="M S" extra="heur"/>
			<t id="s17_6" word="meses" lemma="mês" pos="n" morph="M P" sem="dur per unit" extra="--"/>
			<t id="s17_7" word="." lemma="--" pos="pu" morph="--" extra="--"/>
			<t id="s17_8" word="." lemma="--" pos="pu" morph="--" extra="--"/>
		</terminals>

		<nonterminals>
			<nt id="s17_500" cat="s">
				<edge label="STA" idref="s17_501"/>
			</nt>
			<nt id="s17_501" cat="fcl">
				<edge label="P" idref="s17_1"/>
				<edge label="Cs" idref="s17_502"/>
				<edge label="fA" idref="s17_503"/>
				<edge label="fCs" idref="s17_6"/>
				<edge label="PU" idref="s17_7"/>
				<edge label="PU" idref="s17_8"/>
			</nt>
			<nt id="s17_502" cat="pp">
				<edge label="H" idref="s17_2"/>
				<edge label="DP" idref="s17_3"/>
			</nt>
			<nt id="s17_503" cat="pp">
				<edge label="H" idref="s17_4"/>
				<edge label="DP" idref="s17_5"/>
			</nt>
		</nonterminals>
	</graph>
</s>

	</body>
</corpus>
