<?xml version="1.0" encoding="UTF-8"?>
<corpus>

	<body>
<s id="s1" ref="1" source="Running text" forest="1" text="uma ótima relação custo-benefício para quem procura um celular de number chips!">
	<graph root="s1_500">
		<terminals>
			<t id="s1_1" word="uma" lemma="um" pos="art" morph="F S" extra="--"/>
			<t id="s1_2" word="ótima" lemma="bom" pos="adj" morph="F S" extra="SUP jh"/>
			<t id="s1_3" word="relação" lemma="relação" pos="n" morph="F S" sem="ac sem-r" extra="cjt-head cjt-head-X"/>
			<t id="s1_4" word="custo-benefício" lemma="custo-benefício" pos="n" morph="M S" sem="mon" extra="cjt-X"/>
			<t id="s1_5" word="para" lemma="para" pos="prp" morph="--" extra="np-close"/>
			<t id="s1_6" word="quem" lemma="quem" pos="spec" morph="M/F S" extra="clb clb-fs rel"/>
			<t id="s1_7" word="procura" lemma="procurar" pos="v-fin" morph="PR 3S IND VFIN" extra="vH mv"/>
			<t id="s1_8" word="um" lemma="um" pos="art" morph="M S" extra="--"/>
			<t id="s1_9" word="celular" lemma="celular" pos="adj" morph="M S" extra="cjt-head cjt-head-Od n nh"/>
			<t id="s1_10" word="de" lemma="de" pos="prp" morph="--" extra="np-close"/>
			<t id="s1_11" word="number" lemma="number" pos="n" morph="M S" extra="heur"/>
			<t id="s1_12" word="chips" lemma="chip" pos="n" morph="M P" sem="cc" extra="cjt-Od"/>
			<t id="s1_13" word="!" lemma="--" pos="pu" morph="--" extra="--"/>
		</terminals>

		<nonterminals>
			<nt id="s1_500" cat="s">
				<edge label="X" idref="s1_501"/>
			</nt>
			<nt id="s1_501" cat="par">
				<edge label="CJT" idref="s1_502"/>
				<edge label="CJT" idref="s1_503"/>
				<edge label="PU" idref="s1_13"/>
			</nt>
			<nt id="s1_502" cat="np">
				<edge label="DN" idref="s1_1"/>
				<edge label="DN" idref="s1_2"/>
				<edge label="H" idref="s1_3"/>
			</nt>
			<nt id="s1_503" cat="np">
				<edge label="H" idref="s1_4"/>
				<edge label="DN" idref="s1_504"/>
				<edge label="DN" idref="s1_508"/>
			</nt>
			<nt id="s1_504" cat="pp">
				<edge label="H" idref="s1_5"/>
				<edge label="DP" idref="s1_505"/>
			</nt>
			<nt id="s1_505" cat="fcl">
				<edge label="S" idref="s1_6"/>
				<edge label="P" idref="s1_7"/>
				<edge label="Od" idref="s1_506"/>
			</nt>
			<nt id="s1_506" cat="par">
				<edge label="CJT" idref="s1_507"/>
				<edge label="CJT" idref="s1_12"/>
			</nt>
			<nt id="s1_507" cat="np">
				<edge label="DN" idref="s1_8"/>
				<edge label="H" idref="s1_9"/>
			</nt>
			<nt id="s1_508" cat="pp">
				<edge label="H" idref="s1_10"/>
				<edge label="DP" idref="s1_11"/>
			</nt>
		</nonterminals>
	</graph>
</s>

<s id="s2" ref="2" source="Running text" forest="1" text="o que gostei acho ótima as funcionalidades desse celular.">
	<graph root="s2_500">
		<terminals>
			<t id="s2_1" word="o" lemma="o" pos="pron-dem" morph="DET M S" extra="dem"/>
			<t id="s2_2" word="que" lemma="que" pos="spec" morph="M S" extra="clb clb-fs rel"/>
			<t id="s2_3" word="gostei" lemma="gostar" pos="v-fin" morph="PS 1S IND VFIN" extra="vH mv np-close"/>
			<t id="s2_4" word="acho" lemma="achar" pos="v-fin" morph="PR 1S IND VFIN" extra="vH fmc mv"/>
			<t id="s2_5" word="ótima" lemma="bom" pos="adj" morph="F S" extra="SUP"/>
			<t id="s2_6" word="as" lemma="o" pos="art" morph="F P" extra="--"/>
			<t id="s2_7" word="funcionalidades" lemma="funcionalidade" pos="n" morph="F P" sem="percep-f" extra="--"/>
			<t id="s2_8" word="de" lemma="de" pos="prp" morph="--" extra="sam- np-close"/>
			<t id="s2_9" word="esse" lemma="esse" pos="pron-dem" morph="DET M S" extra="dem -sam"/>
			<t id="s2_10" word="celular" lemma="celular" pos="adj" morph="M S" extra="n nh"/>
			<t id="s2_11" word="." lemma="--" pos="pu" morph="--" extra="--"/>
		</terminals>

		<nonterminals>
			<nt id="s2_500" cat="s">
				<edge label="UTT" idref="s2_501"/>
			</nt>
			<nt id="s2_501" cat="x">
				<edge label="DN" idref="s2_503"/>
				<edge label="S" idref="s2_2"/>
				<edge label="P" idref="s2_3"/>
				<edge label="P" idref="s2_4"/>
				<edge label="Co" idref="s2_5"/>
				<edge label="Od" idref="s2_504"/>
				<edge label="PU" idref="s2_11"/>
			</nt>
			<nt id="s2_502" cat="fcl">
				<edge label="S" idref="s2_1"/>
			</nt>
			<nt id="s2_503" cat="fcl">
			</nt>
			<nt id="s2_504" cat="np">
				<edge label="DN" idref="s2_6"/>
				<edge label="H" idref="s2_7"/>
				<edge label="DN" idref="s2_505"/>
			</nt>
			<nt id="s2_505" cat="pp">
				<edge label="H" idref="s2_8"/>
				<edge label="DP" idref="s2_506"/>
			</nt>
			<nt id="s2_506" cat="np">
				<edge label="DN" idref="s2_9"/>
				<edge label="H" idref="s2_10"/>
			</nt>
		</nonterminals>
	</graph>
</s>

<s id="s3" ref="3" source="Running text" forest="1" text="considero um dos melhores, senão o melhor, celular de number chips no mercado atualmente.">
	<graph root="s3_500">
		<terminals>
			<t id="s3_1" word="considero" lemma="considerar" pos="v-fin" morph="PR 1S IND VFIN" extra="vH fmc mv"/>
			<t id="s3_2" word="um" lemma="um" pos="num" morph="M S" extra="cjt-head cjt-head-Od card"/>
			<t id="s3_3" word="de" lemma="de" pos="prp" morph="--" extra="sam- np-close"/>
			<t id="s3_4" word="os" lemma="o" pos="art" morph="M P" extra="-sam "/>
			<t id="s3_5" word="melhores" lemma="bom" pos="adj" morph="M P" extra="n KOMP SUP jh"/>
			<t id="s3_6" word="," lemma="--" pos="pu" morph="--" extra="--"/>
			<t id="s3_7" word="senão" lemma="senão" pos="conj-c" morph="--" extra="--"/>
			<t id="s3_8" word="o" lemma="o" pos="art" morph="M S" extra="--"/>
			<t id="s3_9" word="melhor" lemma="bom" pos="adj" morph="M S" extra="cjt-Od n KOMP SUP jh"/>
			<t id="s3_10" word="," lemma="--" pos="pu" morph="--" extra="--"/>
			<t id="s3_11" word="celular" lemma="celular" pos="adj" morph="M/F S" extra="nh np-close"/>
			<t id="s3_12" word="de" lemma="de" pos="prp" morph="--" extra="np-close"/>
			<t id="s3_13" word="number" lemma="number" pos="n" morph="M S" extra="heur"/>
			<t id="s3_14" word="chips" lemma="chip" pos="n" morph="M P" sem="cc" extra="--"/>
			<t id="s3_15" word="em" lemma="em" pos="prp" morph="--" extra="sam-"/>
			<t id="s3_16" word="o" lemma="o" pos="art" morph="M S" extra="-sam "/>
			<t id="s3_17" word="mercado" lemma="mercado" pos="n" morph="M S" sem="inst" extra="--"/>
			<t id="s3_18" word="atualmente" lemma="atualmente" pos="adv" morph="--" extra="--"/>
			<t id="s3_19" word="." lemma="--" pos="pu" morph="--" extra="--"/>
		</terminals>

		<nonterminals>
			<nt id="s3_500" cat="s">
				<edge label="STA" idref="s3_501"/>
			</nt>
			<nt id="s3_501" cat="fcl">
				<edge label="P" idref="s3_1"/>
				<edge label="Od" idref="s3_502"/>
				<edge label="DN" idref="s3_503"/>
				<edge label="PU" idref="s3_6"/>
				<edge label="CO" idref="s3_7"/>
				<edge label="fCs" idref="s3_505"/>
				<edge label="PU" idref="s3_10"/>
				<edge label="DNc" idref="s3_11"/>
				<edge label="DNc" idref="s3_506"/>
				<edge label="fA" idref="s3_507"/>
				<edge label="fA" idref="s3_18"/>
				<edge label="PU" idref="s3_19"/>
			</nt>
			<nt id="s3_502" cat="par">
				<edge label="CJT" idref="s3_2"/>
			</nt>
			<nt id="s3_503" cat="pp">
				<edge label="H" idref="s3_3"/>
				<edge label="DP" idref="s3_504"/>
			</nt>
			<nt id="s3_504" cat="np">
				<edge label="DN" idref="s3_4"/>
				<edge label="H" idref="s3_5"/>
			</nt>
			<nt id="s3_505" cat="np">
				<edge label="DN" idref="s3_8"/>
				<edge label="CJT" idref="s3_9"/>
			</nt>
			<nt id="s3_506" cat="pp">
				<edge label="H" idref="s3_12"/>
				<edge label="DP" idref="s3_13"/>
				<edge label="H" idref="s3_14"/>
			</nt>
			<nt id="s3_507" cat="pp">
				<edge label="H" idref="s3_15"/>
				<edge label="DP" idref="s3_508"/>
			</nt>
			<nt id="s3_508" cat="np">
				<edge label="DN" idref="s3_16"/>
				<edge label="H" idref="s3_17"/>
			</nt>
		</nonterminals>
	</graph>
</s>

<s id="s4" ref="4" source="Running text" forest="1" text="possui memória e processamento adequados para quem não pretende usar o celular para brincar com joguinhos.">
	<graph root="s4_500">
		<terminals>
			<t id="s4_1" word="possui" lemma="possuir" pos="v-fin" morph="PR 3S IND VFIN" extra="vH fmc mv"/>
			<t id="s4_2" word="memória" lemma="memória" pos="n" morph="F S" sem="sem-c sem-r" extra="cjt-head cjt-head-Od"/>
			<t id="s4_3" word="e" lemma="e" pos="conj-c" morph="--" extra="--"/>
			<t id="s4_4" word="processamento" lemma="processamento" pos="n" morph="M S" sem="act" extra="cjt-Od"/>
			<t id="s4_5" word="adequados" lemma="adequar" pos="v-pcp" morph="M P" extra="jh vH mv"/>
			<t id="s4_6" word="para" lemma="para" pos="prp" morph="--" extra="--"/>
			<t id="s4_7" word="quem" lemma="quem" pos="spec" morph="M/F S" extra="clb clb-fs rel"/>
			<t id="s4_8" word="não" lemma="não" pos="adv" morph="--" extra="--"/>
			<t id="s4_9" word="pretende" lemma="pretender" pos="v-fin" morph="PR 3S IND VFIN" extra="vH mv"/>
			<t id="s4_10" word="usar" lemma="usar" pos="v-inf" morph="--" extra="vH mv"/>
			<t id="s4_11" word="o" lemma="o" pos="art" morph="M S" extra="--"/>
			<t id="s4_12" word="celular" lemma="celular" pos="adj" morph="M S" extra="n nh"/>
			<t id="s4_13" word="para" lemma="para" pos="prp" morph="--" extra="--"/>
			<t id="s4_14" word="brincar" lemma="brincar" pos="v-inf" morph="--" extra="vH mv"/>
			<t id="s4_15" word="com" lemma="com" pos="prp" morph="--" extra="--"/>
			<t id="s4_16" word="joguinhos" lemma="joguinho" pos="n" morph="M P" sem="game" extra="--"/>
			<t id="s4_17" word="." lemma="--" pos="pu" morph="--" extra="--"/>
		</terminals>

		<nonterminals>
			<nt id="s4_500" cat="s">
				<edge label="STA" idref="s4_501"/>
			</nt>
			<nt id="s4_501" cat="fcl">
				<edge label="P" idref="s4_1"/>
				<edge label="Od" idref="s4_502"/>
				<edge label="CO" idref="s4_3"/>
				<edge label="fCs" idref="s4_503"/>
				<edge label="PU" idref="s4_17"/>
			</nt>
			<nt id="s4_502" cat="par">
				<edge label="CJT" idref="s4_2"/>
				<edge label="CJT" idref="s4_4"/>
			</nt>
			<nt id="s4_503" cat="icl">
				<edge label="P" idref="s4_5"/>
				<edge label="fA" idref="s4_504"/>
			</nt>
			<nt id="s4_504" cat="pp">
				<edge label="H" idref="s4_6"/>
				<edge label="DP" idref="s4_505"/>
			</nt>
			<nt id="s4_505" cat="fcl">
				<edge label="S" idref="s4_7"/>
				<edge label="fA" idref="s4_8"/>
				<edge label="P" idref="s4_9"/>
				<edge label="Od" idref="s4_506"/>
			</nt>
			<nt id="s4_506" cat="icl">
				<edge label="P" idref="s4_10"/>
				<edge label="Od" idref="s4_507"/>
				<edge label="fA" idref="s4_508"/>
			</nt>
			<nt id="s4_507" cat="np">
				<edge label="DN" idref="s4_11"/>
				<edge label="H" idref="s4_12"/>
			</nt>
			<nt id="s4_508" cat="pp">
				<edge label="H" idref="s4_13"/>
				<edge label="DP" idref="s4_509"/>
			</nt>
			<nt id="s4_509" cat="icl">
				<edge label="P" idref="s4_14"/>
				<edge label="Op" idref="s4_510"/>
			</nt>
			<nt id="s4_510" cat="pp">
				<edge label="H" idref="s4_15"/>
				<edge label="DP" idref="s4_16"/>
			</nt>
		</nonterminals>
	</graph>
</s>

<s id="s5" ref="5" source="Running text" forest="1" text="não que ele não funcione também com jogos.">
	<graph root="s5_500">
		<terminals>
			<t id="s5_1" word="não" lemma="não" pos="adv" morph="--" extra="--"/>
			<t id="s5_2" word="que" lemma="que" pos="conj-s" morph="--" extra="clb"/>
			<t id="s5_3" word="ele" lemma="ele" pos="pron-pers" morph="M 3S NOM" extra="--"/>
			<t id="s5_4" word="não" lemma="não" pos="adv" morph="--" extra="--"/>
			<t id="s5_5" word="funcione" lemma="funcionar" pos="v-fin" morph="PR 3S SUBJ VFIN" extra="fmc mv"/>
			<t id="s5_6" word="também" lemma="também" pos="adv" morph="--" extra="--"/>
			<t id="s5_7" word="com" lemma="com" pos="prp" morph="--" extra="--"/>
			<t id="s5_8" word="jogos" lemma="jogo" pos="n" morph="M P" sem="activity occ cc-h game" extra="--"/>
			<t id="s5_9" word="." lemma="--" pos="pu" morph="--" extra="--"/>
		</terminals>

		<nonterminals>
			<nt id="s5_500" cat="s">
				<edge label="fA" idref="s5_501"/>
			</nt>
			<nt id="s5_501" cat="advp">
				<edge label="H" idref="s5_1"/>
				<edge label="STA" idref="s5_502"/>
				<edge label="PU" idref="s5_9"/>
			</nt>
			<nt id="s5_502" cat="fcl">
				<edge label="SUB" idref="s5_2"/>
				<edge label="S" idref="s5_3"/>
				<edge label="fA" idref="s5_4"/>
				<edge label="P" idref="s5_5"/>
				<edge label="fA" idref="s5_503"/>
			</nt>
			<nt id="s5_503" cat="pp">
				<edge label="DPmod" idref="s5_6"/>
				<edge label="H" idref="s5_7"/>
				<edge label="DP" idref="s5_8"/>
			</nt>
		</nonterminals>
	</graph>
</s>

<s id="s6" ref="6" source="Running text" forest="1" text="mas acho a tela pequena para o mesmo.">
	<graph root="s6_500">
		<terminals>
			<t id="s6_1" word="mas" lemma="mas" pos="conj-c" morph="--" extra="topkc"/>
			<t id="s6_2" word="acho" lemma="achar" pos="v-fin" morph="PR 1S IND VFIN" extra="vH fmc mv"/>
			<t id="s6_3" word="a" lemma="o" pos="art" morph="F S" extra="--"/>
			<t id="s6_4" word="tela" lemma="tela" pos="n" morph="F S" sem="cc-h pict mat-cloth" extra="--"/>
			<t id="s6_5" word="pequena" lemma="pequeno" pos="adj" morph="F S" extra="n"/>
			<t id="s6_6" word="para" lemma="para" pos="prp" morph="--" extra="np-close"/>
			<t id="s6_7" word="o" lemma="o" pos="art" morph="M S" extra="--"/>
			<t id="s6_8" word="mesmo" lemma="mesmo" pos="pron-indef" morph="DET M S" extra="diff KOMP"/>
			<t id="s6_9" word="." lemma="--" pos="pu" morph="--" extra="--"/>
		</terminals>

		<nonterminals>
			<nt id="s6_500" cat="s">
				<edge label="STA" idref="s6_501"/>
			</nt>
			<nt id="s6_501" cat="fcl">
				<edge label="CO" idref="s6_1"/>
				<edge label="P" idref="s6_2"/>
				<edge label="Od" idref="s6_502"/>
				<edge label="Co" idref="s6_5"/>
				<edge label="PU" idref="s6_9"/>
			</nt>
			<nt id="s6_502" cat="np">
				<edge label="DN" idref="s6_3"/>
				<edge label="H" idref="s6_4"/>
				<edge label="DN" idref="s6_503"/>
			</nt>
			<nt id="s6_503" cat="pp">
				<edge label="H" idref="s6_6"/>
				<edge label="DP" idref="s6_504"/>
			</nt>
			<nt id="s6_504" cat="np">
				<edge label="DN" idref="s6_7"/>
				<edge label="H" idref="s6_8"/>
			</nt>
		</nonterminals>
	</graph>
</s>

<s id="s7" ref="7" source="Running text" forest="1" text="o que não gostei poderia haver a opção de compra do celular na cor preta e mais acessórios para ele..">
	<graph root="s7_500">
		<terminals>
			<t id="s7_1" word="o" lemma="o" pos="pron-dem" morph="DET M S" extra="dem"/>
			<t id="s7_2" word="que" lemma="que" pos="spec" morph="M S" extra="clb clb-fs rel"/>
			<t id="s7_3" word="não" lemma="não" pos="adv" morph="--" extra="--"/>
			<t id="s7_4" word="gostei" lemma="gostar" pos="v-fin" morph="PS 1S IND VFIN" extra="vH mv np-close"/>
			<t id="s7_5" word="poderia" lemma="poder" pos="v-fin" morph="COND 1/3S VFIN" extra="fmc aux"/>
			<t id="s7_6" word="haver" lemma="haver" pos="v-inf" morph="--" extra="mv"/>
			<t id="s7_7" word="a" lemma="o" pos="art" morph="F S" extra="--"/>
			<t id="s7_8" word="opção" lemma="opção" pos="n" morph="F S" sem="sem-c" extra="--"/>
			<t id="s7_9" word="de" lemma="de" pos="prp" morph="--" extra="np-close"/>
			<t id="s7_10" word="compra" lemma="compra" pos="n" morph="F S" sem="act cc" extra="--"/>
			<t id="s7_11" word="de" lemma="de" pos="prp" morph="--" extra="sam- np-close"/>
			<t id="s7_12" word="o" lemma="o" pos="art" morph="M S" extra="-sam "/>
			<t id="s7_13" word="celular" lemma="celular" pos="adj" morph="M S" extra="n nh"/>
			<t id="s7_14" word="em" lemma="em" pos="prp" morph="--" extra="sam-"/>
			<t id="s7_15" word="a" lemma="o" pos="art" morph="F S" extra="-sam "/>
			<t id="s7_16" word="cor" lemma="cor" pos="n" morph="F S" sem="f-c" extra="cjt-head cjt-head-DP"/>
			<t id="s7_17" word="preta" lemma="preto" pos="adj" morph="F S" sem="col" extra="np-close"/>
			<t id="s7_18" word="e" lemma="e" pos="conj-c" morph="--" extra="--"/>
			<t id="s7_19" word="mais" lemma="mais" pos="adv" morph="--" extra="quant KOMP"/>
			<t id="s7_20" word="acessórios" lemma="acessório" pos="adj" morph="M P" extra="cjt-DP jh"/>
			<t id="s7_21" word="para" lemma="para" pos="prp" morph="--" extra="--"/>
			<t id="s7_22" word="ele" lemma="ele" pos="pron-pers" morph="M 3S NOM/PIV" extra="--"/>
			<t id="s7_23" word="." lemma="--" pos="pu" morph="--" extra="--"/>
			<t id="s7_24" word="." lemma="--" pos="pu" morph="--" extra="--"/>
		</terminals>

		<nonterminals>
			<nt id="s7_500" cat="s">
				<edge label="UTT" idref="s7_501"/>
			</nt>
			<nt id="s7_501" cat="x">
				<edge label="DN" idref="s7_503"/>
				<edge label="S" idref="s7_2"/>
				<edge label="fA" idref="s7_3"/>
				<edge label="P" idref="s7_4"/>
				<edge label="P" idref="s7_504"/>
				<edge label="Od" idref="s7_505"/>
				<edge label="fA" idref="s7_510"/>
				<edge label="fA" idref="s7_514"/>
				<edge label="PU" idref="s7_23"/>
				<edge label="PU" idref="s7_24"/>
			</nt>
			<nt id="s7_502" cat="fcl">
				<edge label="S" idref="s7_1"/>
			</nt>
			<nt id="s7_503" cat="fcl">
			</nt>
			<nt id="s7_504" cat="vp">
				<edge label="Vaux" idref="s7_5"/>
				<edge label="Vm" idref="s7_6"/>
			</nt>
			<nt id="s7_505" cat="np">
				<edge label="DN" idref="s7_7"/>
				<edge label="H" idref="s7_8"/>
				<edge label="DN" idref="s7_506"/>
			</nt>
			<nt id="s7_506" cat="pp">
				<edge label="H" idref="s7_9"/>
				<edge label="DP" idref="s7_507"/>
			</nt>
			<nt id="s7_507" cat="np">
				<edge label="H" idref="s7_10"/>
				<edge label="DN" idref="s7_508"/>
			</nt>
			<nt id="s7_508" cat="pp">
				<edge label="H" idref="s7_11"/>
				<edge label="DP" idref="s7_509"/>
			</nt>
			<nt id="s7_509" cat="np">
				<edge label="DN" idref="s7_12"/>
				<edge label="H" idref="s7_13"/>
			</nt>
			<nt id="s7_510" cat="pp">
				<edge label="H" idref="s7_14"/>
				<edge label="DP" idref="s7_511"/>
			</nt>
			<nt id="s7_511" cat="par">
				<edge label="CJT" idref="s7_512"/>
				<edge label="CO" idref="s7_18"/>
				<edge label="CJT" idref="s7_513"/>
			</nt>
			<nt id="s7_512" cat="np">
				<edge label="DN" idref="s7_15"/>
				<edge label="H" idref="s7_16"/>
				<edge label="DN" idref="s7_17"/>
			</nt>
			<nt id="s7_513" cat="adjp">
				<edge label="DA" idref="s7_19"/>
				<edge label="H" idref="s7_20"/>
			</nt>
			<nt id="s7_514" cat="pp">
				<edge label="H" idref="s7_21"/>
				<edge label="DP" idref="s7_22"/>
			</nt>
		</nonterminals>
	</graph>
</s>

	</body>
</corpus>
