<?xml version="1.0" encoding="UTF-8"?>
<corpus>

	<body>
<s id="s1" ref="1" source="Running text" forest="1" text="estou com preguiça de escrever sete palavras no menino o que gostei muito bom mesmo, vale a pena, é leve e gostoso de pegar o que não gostei não tem um monte de funções que tem em outros.">
	<graph root="s1_500">
		<terminals>
			<t id="s1_1" word="estou" lemma="estar" pos="v-fin" morph="PR 1S IND VFIN" extra="nosubj nosubj nosubj nosubj nosubj nosubj cjt-head cjt-head-STA vK fmc mv"/>
			<t id="s1_2" word="com" lemma="com" pos="prp" morph="--" extra="--"/>
			<t id="s1_3" word="preguiça" lemma="preguiça" pos="n" morph="F S" sem="am Adom" extra="--"/>
			<t id="s1_4" word="de" lemma="de" pos="prp" morph="--" extra="np-close"/>
			<t id="s1_5" word="escrever" lemma="escrever" pos="v-inf" morph="--" extra="vH mv"/>
			<t id="s1_6" word="sete" lemma="sete" pos="num" morph="F P" extra="card"/>
			<t id="s1_7" word="palavras" lemma="palavra" pos="n" morph="F P" sem="ac-cat act-s" extra="--"/>
			<t id="s1_8" word="em" lemma="em" pos="prp" morph="--" extra="sam- np-close"/>
			<t id="s1_9" word="o" lemma="o" pos="art" morph="M S" extra="-sam "/>
			<t id="s1_10" word="menino" lemma="menino" pos="n" morph="M S" sem="Hbio" extra="--"/>
			<t id="s1_11" word="o" lemma="o" pos="pron-dem" morph="DET M S" extra="dem"/>
			<t id="s1_12" word="que" lemma="que" pos="spec" morph="M S" extra="clb clb-fs rel"/>
			<t id="s1_13" word="gostei" lemma="gostar" pos="v-fin" morph="PS 1S IND VFIN" extra="vH mv np-close"/>
			<t id="s1_14" word="muito" lemma="muito" pos="adv" morph="--" extra="quant"/>
			<t id="s1_15" word="bom" lemma="bom" pos="adj" morph="M S" extra="--"/>
			<t id="s1_16" word="mesmo" lemma="mesmo" pos="adv" morph="--" extra="quant"/>
			<t id="s1_17" word="," lemma="--" pos="pu" morph="--" extra="--"/>
			<t id="s1_18" word="vale" lemma="valer" pos="v-fin" morph="PR 3S IND VFIN" extra="nosubj nosubj cjt-STA fmc mv"/>
			<t id="s1_19" word="a" lemma="o" pos="art" morph="F S" extra="--"/>
			<t id="s1_20" word="pena" lemma="pena" pos="n" morph="F S" sem="ac sit percep-f tool" extra="--"/>
			<t id="s1_21" word="," lemma="--" pos="pu" morph="--" extra="--"/>
			<t id="s1_22" word="é" lemma="ser" pos="v-fin" morph="PR 3S IND VFIN" extra="nosubj nosubj cjt-STA vK fmc mv"/>
			<t id="s1_23" word="leve" lemma="leve" pos="adj" morph="M S" extra="cjt-head cjt-head-Cs jh"/>
			<t id="s1_24" word="e" lemma="e" pos="conj-c" morph="--" extra="--"/>
			<t id="s1_25" word="gostoso" lemma="gostoso" pos="adj" morph="M S" extra="cjt-Cs jh"/>
			<t id="s1_26" word="de" lemma="de" pos="prp" morph="--" extra="--"/>
			<t id="s1_27" word="pegar" lemma="pegar" pos="v-inf" morph="--" extra="mv"/>
			<t id="s1_28" word="o" lemma="o" pos="pron-dem" morph="DET M S" extra="dem"/>
			<t id="s1_29" word="que" lemma="que" pos="spec" morph="M S" extra="clb clb-fs rel"/>
			<t id="s1_30" word="não" lemma="não" pos="adv" morph="--" extra="--"/>
			<t id="s1_31" word="gostei" lemma="gostar" pos="v-fin" morph="PS 1S IND VFIN" extra="vH mv np-close"/>
			<t id="s1_32" word="não" lemma="não" pos="adv" morph="--" extra="--"/>
			<t id="s1_33" word="tem" lemma="ter" pos="v-fin" morph="PR 3S IND VFIN" extra="cjt-STA fmc mv"/>
			<t id="s1_34" word="um" lemma="um" pos="art" morph="M S" extra="--"/>
			<t id="s1_35" word="monte" lemma="monte" pos="n" morph="M S" sem="Ltop amount" extra="--"/>
			<t id="s1_36" word="de" lemma="de" pos="prp" morph="--" extra="np-close"/>
			<t id="s1_37" word="funções" lemma="função" pos="n" morph="F P" sem="ac pos-soc occ" extra="--"/>
			<t id="s1_38" word="que" lemma="que" pos="spec" morph="M S" extra="clb clb-fs rel"/>
			<t id="s1_39" word="tem" lemma="ter" pos="v-fin" morph="PR 3S IND VFIN" extra="mv np-close"/>
			<t id="s1_40" word="em" lemma="em" pos="prp" morph="--" extra="--"/>
			<t id="s1_41" word="outros" lemma="outro" pos="pron-indef" morph="DET M P" extra="diff KOMP"/>
			<t id="s1_42" word="." lemma="--" pos="pu" morph="--" extra="--"/>
		</terminals>

		<nonterminals>
			<nt id="s1_500" cat="s">
				<edge label="STA" idref="s1_501"/>
			</nt>
			<nt id="s1_501" cat="par">
				<edge label="CJT" idref="s1_502"/>
				<edge label="PU" idref="s1_17"/>
				<edge label="CJT" idref="s1_512"/>
				<edge label="PU" idref="s1_21"/>
				<edge label="CJT" idref="s1_514"/>
				<edge label="CJT" idref="s1_517"/>
				<edge label="PU" idref="s1_42"/>
			</nt>
			<nt id="s1_502" cat="fcl">
				<edge label="P" idref="s1_1"/>
				<edge label="Cs" idref="s1_503"/>
			</nt>
			<nt id="s1_503" cat="pp">
				<edge label="H" idref="s1_2"/>
				<edge label="DP" idref="s1_504"/>
			</nt>
			<nt id="s1_504" cat="np">
				<edge label="H" idref="s1_3"/>
				<edge label="DN" idref="s1_505"/>
			</nt>
			<nt id="s1_505" cat="pp">
				<edge label="H" idref="s1_4"/>
				<edge label="DP" idref="s1_506"/>
			</nt>
			<nt id="s1_506" cat="icl">
				<edge label="P" idref="s1_5"/>
				<edge label="Od" idref="s1_507"/>
				<edge label="Cs" idref="s1_11"/>
			</nt>
			<nt id="s1_507" cat="np">
				<edge label="DN" idref="s1_6"/>
				<edge label="H" idref="s1_7"/>
				<edge label="DN" idref="s1_508"/>
			</nt>
			<nt id="s1_508" cat="pp">
				<edge label="H" idref="s1_8"/>
				<edge label="DP" idref="s1_509"/>
			</nt>
			<nt id="s1_509" cat="np">
				<edge label="DN" idref="s1_9"/>
				<edge label="H" idref="s1_10"/>
				<edge label="DN" idref="s1_510"/>
				<edge label="CO" idref="s1_24"/>
			</nt>
			<nt id="s1_510" cat="fcl">
				<edge label="S" idref="s1_12"/>
				<edge label="P" idref="s1_13"/>
				<edge label="fCs" idref="s1_511"/>
				<edge label="fA" idref="s1_16"/>
			</nt>
			<nt id="s1_511" cat="adjp">
				<edge label="DA" idref="s1_14"/>
				<edge label="H" idref="s1_15"/>
			</nt>
			<nt id="s1_512" cat="x">
				<edge label="P" idref="s1_18"/>
				<edge label="Od" idref="s1_513"/>
			</nt>
			<nt id="s1_513" cat="np">
				<edge label="DN" idref="s1_19"/>
				<edge label="H" idref="s1_20"/>
			</nt>
			<nt id="s1_514" cat="x">
				<edge label="P" idref="s1_22"/>
				<edge label="Cs" idref="s1_515"/>
				<edge label="fA" idref="s1_516"/>
			</nt>
			<nt id="s1_515" cat="par">
				<edge label="CJT" idref="s1_23"/>
				<edge label="CJT" idref="s1_25"/>
			</nt>
			<nt id="s1_516" cat="pp">
				<edge label="H" idref="s1_26"/>
				<edge label="DP" idref="s1_27"/>
				<edge label="DN" idref="s1_518"/>
			</nt>
			<nt id="s1_517" cat="fcl">
				<edge label="S" idref="s1_28"/>
				<edge label="P" idref="s1_33"/>
				<edge label="Od" idref="s1_519"/>
			</nt>
			<nt id="s1_518" cat="fcl">
				<edge label="S" idref="s1_29"/>
				<edge label="fA" idref="s1_30"/>
				<edge label="P" idref="s1_31"/>
				<edge label="fA" idref="s1_32"/>
			</nt>
			<nt id="s1_519" cat="np">
				<edge label="DN" idref="s1_34"/>
				<edge label="H" idref="s1_35"/>
				<edge label="DN" idref="s1_520"/>
			</nt>
			<nt id="s1_520" cat="pp">
				<edge label="H" idref="s1_36"/>
				<edge label="DP" idref="s1_521"/>
			</nt>
			<nt id="s1_521" cat="np">
				<edge label="H" idref="s1_37"/>
				<edge label="DN" idref="s1_522"/>
			</nt>
			<nt id="s1_522" cat="fcl">
				<edge label="Od" idref="s1_38"/>
				<edge label="P" idref="s1_39"/>
				<edge label="fA" idref="s1_523"/>
			</nt>
			<nt id="s1_523" cat="pp">
				<edge label="H" idref="s1_40"/>
				<edge label="DP" idref="s1_41"/>
			</nt>
		</nonterminals>
	</graph>
</s>

	</body>
</corpus>
