<?xml version="1.0" encoding="UTF-8"?>
<corpus>

	<body>
<s id="s1" ref="1" source="Running text" forest="1" text="boa opção para quem procura por celular barato com operações básicas, sem muitas funções.">
	<graph root="s1_500">
		<terminals>
			<t id="s1_1" word="boa" lemma="bom" pos="adj" morph="F S" extra="jh"/>
			<t id="s1_2" word="opção" lemma="opção" pos="n" morph="F S" sem="sem-c" extra="--"/>
			<t id="s1_3" word="para" lemma="para" pos="prp" morph="--" extra="np-close"/>
			<t id="s1_4" word="quem" lemma="quem" pos="spec" morph="M/F S" extra="clb clb-fs rel"/>
			<t id="s1_5" word="procura" lemma="procurar" pos="v-fin" morph="PR 3S IND VFIN" extra="vH mv"/>
			<t id="s1_6" word="por" lemma="por" pos="prp" morph="--" extra="--"/>
			<t id="s1_7" word="celular" lemma="celular" pos="adj" morph="M S" extra="nh"/>
			<t id="s1_8" word="barato" lemma="barato" pos="n" morph="M S" sem="mon" extra="--"/>
			<t id="s1_9" word="com" lemma="com" pos="prp" morph="--" extra="np-close"/>
			<t id="s1_10" word="operações" lemma="operação" pos="n" morph="F P" sem="act-d" extra="--"/>
			<t id="s1_11" word="básicas" lemma="básico" pos="adj" morph="F P" extra="nh np-close"/>
			<t id="s1_12" word="," lemma="--" pos="pu" morph="--" extra="--"/>
			<t id="s1_13" word="sem" lemma="sem" pos="prp" morph="--" extra="np-close"/>
			<t id="s1_14" word="muitas" lemma="muito" pos="pron-indef" morph="DET F P" extra="quant"/>
			<t id="s1_15" word="funções" lemma="função" pos="n" morph="F P" sem="ac pos-soc occ" extra="--"/>
			<t id="s1_16" word="." lemma="--" pos="pu" morph="--" extra="--"/>
		</terminals>

		<nonterminals>
			<nt id="s1_500" cat="s">
				<edge label="X" idref="s1_501"/>
			</nt>
			<nt id="s1_501" cat="np">
				<edge label="DN" idref="s1_1"/>
				<edge label="H" idref="s1_2"/>
				<edge label="DN" idref="s1_502"/>
				<edge label="PU" idref="s1_16"/>
			</nt>
			<nt id="s1_502" cat="pp">
				<edge label="H" idref="s1_3"/>
				<edge label="DP" idref="s1_503"/>
			</nt>
			<nt id="s1_503" cat="np">
				<edge label="S" idref="s1_4"/>
				<edge label="P" idref="s1_5"/>
				<edge label="fA" idref="s1_504"/>
				<edge label="PU" idref="s1_12"/>
				<edge label="DNc" idref="s1_508"/>
			</nt>
			<nt id="s1_504" cat="pp">
				<edge label="H" idref="s1_6"/>
				<edge label="DP" idref="s1_505"/>
			</nt>
			<nt id="s1_505" cat="np">
				<edge label="DN" idref="s1_7"/>
				<edge label="H" idref="s1_8"/>
				<edge label="DN" idref="s1_506"/>
			</nt>
			<nt id="s1_506" cat="pp">
				<edge label="H" idref="s1_9"/>
				<edge label="DP" idref="s1_507"/>
			</nt>
			<nt id="s1_507" cat="np">
				<edge label="H" idref="s1_10"/>
				<edge label="DN" idref="s1_11"/>
			</nt>
			<nt id="s1_508" cat="pp">
				<edge label="H" idref="s1_13"/>
				<edge label="DP" idref="s1_509"/>
			</nt>
			<nt id="s1_509" cat="np">
				<edge label="DN" idref="s1_14"/>
				<edge label="H" idref="s1_15"/>
			</nt>
		</nonterminals>
	</graph>
</s>

<s id="s2" ref="2" source="Running text" forest="1" text="o que gostei preço e facilidade para usar.">
	<graph root="s2_500">
		<terminals>
			<t id="s2_1" word="o" lemma="o" pos="pron-dem" morph="DET M S" extra="dem"/>
			<t id="s2_2" word="que" lemma="que" pos="spec" morph="M S" extra="clb rel"/>
			<t id="s2_3" word="gostei" lemma="gostar" pos="v-fin" morph="PS 1S IND VFIN" extra="vH mv"/>
			<t id="s2_4" word="preço" lemma="preço" pos="n" morph="M S" sem="f-q" extra="cjt-head cjt-head-S"/>
			<t id="s2_5" word="e" lemma="e" pos="conj-c" morph="--" extra="--"/>
			<t id="s2_6" word="facilidade" lemma="facilidade" pos="n" morph="F S" sem="am" extra="cjt-S"/>
			<t id="s2_7" word="para" lemma="para" pos="prp" morph="--" extra="--"/>
			<t id="s2_8" word="usar" lemma="usar" pos="v-inf" morph="--" extra="vH mv"/>
			<t id="s2_9" word="." lemma="--" pos="pu" morph="--" extra="--"/>
		</terminals>

		<nonterminals>
			<nt id="s2_500" cat="s">
				<edge label="X" idref="s2_501"/>
			</nt>
			<nt id="s2_501" cat="adjp">
				<edge label="H" idref="s2_1"/>
				<edge label="STA" idref="s2_502"/>
				<edge label="PU" idref="s2_9"/>
			</nt>
			<nt id="s2_502" cat="fcl">
				<edge label="X" idref="s2_2"/>
				<edge label="P" idref="s2_3"/>
				<edge label="S" idref="s2_503"/>
				<edge label="CO" idref="s2_5"/>
				<edge label="fA" idref="s2_504"/>
			</nt>
			<nt id="s2_503" cat="par">
				<edge label="CJT" idref="s2_4"/>
				<edge label="CJT" idref="s2_6"/>
			</nt>
			<nt id="s2_504" cat="pp">
				<edge label="H" idref="s2_7"/>
				<edge label="DP" idref="s2_8"/>
			</nt>
		</nonterminals>
	</graph>
</s>

<s id="s3" ref="3" source="Running text" forest="1" text="o que não gostei design.">
	<graph root="s3_500">
		<terminals>
			<t id="s3_1" word="o" lemma="o" pos="pron-dem" morph="DET M S" extra="dem"/>
			<t id="s3_2" word="que" lemma="que" pos="spec" morph="M S" extra="clb clb-fs rel"/>
			<t id="s3_3" word="não" lemma="não" pos="adv" morph="--" extra="--"/>
			<t id="s3_4" word="gostei" lemma="gostar" pos="v-fin" morph="PS 1S IND VFIN" extra="vH mv np-close"/>
			<t id="s3_5" word="design" lemma="design" pos="n" morph="M S" sem="percep-f domain" extra="--"/>
			<t id="s3_6" word="." lemma="--" pos="pu" morph="--" extra="--"/>
		</terminals>

		<nonterminals>
			<nt id="s3_500" cat="s">
				<edge label="UTT" idref="s3_501"/>
			</nt>
			<nt id="s3_501" cat="x">
				<edge label="X" idref="s3_1"/>
				<edge label="DN" idref="s3_502"/>
				<edge label="S" idref="s3_2"/>
				<edge label="fA" idref="s3_3"/>
				<edge label="P" idref="s3_4"/>
				<edge label="fCs" idref="s3_5"/>
				<edge label="PU" idref="s3_6"/>
			</nt>
			<nt id="s3_502" cat="fcl">
			</nt>
		</nonterminals>
	</graph>
</s>

	</body>
</corpus>
