<?xml version="1.0" encoding="UTF-8"?>
<corpus>

	<body>
<s id="s1" ref="1" source="Running text" forest="1" text="péssimo celular, ganhei um a pouco mais de number meses e na primeira semana de uso ele já tava travando, as vezes trava no meio de uma chamada e não funciona mais, sendo necessário reiniciar o aparelho.">
	<graph root="s1_500">
		<terminals>
			<t id="s1_1" word="péssimo" lemma="mal" pos="adj" morph="M S" extra="SUP"/>
			<t id="s1_2" word="celular" lemma="celular" pos="adj" morph="M S" extra="nh"/>
			<t id="s1_3" word="," lemma="--" pos="pu" morph="--" extra="--"/>
			<t id="s1_4" word="ganhei" lemma="ganhar" pos="v-fin" morph="PS 1S IND VFIN" extra="nosubj nosubj nosubj nosubj nosubj nosubj cjt-head cjt-head-STA vH fmc mv"/>
			<t id="s1_5" word="um" lemma="um" pos="num" morph="M S" extra="cjt-head cjt-head-Od card"/>
			<t id="s1_6" word="a" lemma="a" pos="prp" morph="--" extra="--"/>
			<t id="s1_7" word="pouco" lemma="pouco" pos="adv" morph="--" extra="quant"/>
			<t id="s1_8" word="mais" lemma="muito" pos="pron-indef" morph="DET M/F S/P" extra="quant KOMP"/>
			<t id="s1_9" word="de" lemma="de" pos="prp" morph="--" extra="--"/>
			<t id="s1_10" word="number" lemma="number" pos="n" morph="M S" extra="heur"/>
			<t id="s1_11" word="meses" lemma="mês" pos="n" morph="M P" sem="dur per unit" extra="cjt-Od"/>
			<t id="s1_12" word="e" lemma="e" pos="conj-c" morph="--" extra="--"/>
			<t id="s1_13" word="em" lemma="em" pos="prp" morph="--" extra="sam-"/>
			<t id="s1_14" word="a" lemma="o" pos="art" morph="F S" extra="-sam "/>
			<t id="s1_15" word="primeira" lemma="primeiro" pos="adj" morph="F S" extra="NUM-ord"/>
			<t id="s1_16" word="semana" lemma="semana" pos="n" morph="F S" sem="dur" extra="--"/>
			<t id="s1_17" word="de" lemma="de" pos="prp" morph="--" extra="np-close"/>
			<t id="s1_18" word="uso" lemma="uso" pos="n" morph="M S" sem="act ac" extra="--"/>
			<t id="s1_19" word="ele" lemma="ele" pos="pron-pers" morph="M 3S NOM" extra="--"/>
			<t id="s1_20" word="já" lemma="já" pos="adv" morph="--" extra="--"/>
			<t id="s1_21" word="tava" lemma="estar" pos="v-fin" morph="IMPF 3S IND VFIN" extra="cjt-STA fmc aux"/>
			<t id="s1_22" word="travando" lemma="travar" pos="v-ger" morph="--" extra="mv"/>
			<t id="s1_23" word="," lemma="--" pos="pu" morph="--" extra="--"/>
			<t id="s1_24" word="as" lemma="o" pos="art" morph="F P" extra="--"/>
			<t id="s1_25" word="vezes" lemma="vez" pos="n" morph="F P" sem="temp" extra="--"/>
			<t id="s1_26" word="trava" lemma="trazer" pos="v-fin" morph="IMPF 3S IND VFIN" extra="nosubj nosubj cjt-STA fmc mv"/>
			<t id="s1_27" word="no_meio_de" lemma="no_meio_de" pos="prp" morph="--" extra="--"/>
			<t id="s1_28" word="uma" lemma="um" pos="art" morph="F S" extra="--"/>
			<t id="s1_29" word="chamada" lemma="chamada" pos="n" morph="F S" sem="act-s" extra="--"/>
			<t id="s1_30" word="e" lemma="e" pos="conj-c" morph="--" extra="--"/>
			<t id="s1_31" word="não" lemma="não" pos="adv" morph="--" extra="--"/>
			<t id="s1_32" word="funciona" lemma="funcionar" pos="v-fin" morph="PR 3S IND VFIN" extra="nosubj nosubj cjt-STA fmc mv"/>
			<t id="s1_33" word="mais" lemma="mais" pos="adv" morph="--" extra="--"/>
			<t id="s1_34" word="," lemma="--" pos="pu" morph="--" extra="--"/>
			<t id="s1_35" word="sendo" lemma="ser" pos="v-ger" morph="--" extra="clb vK mv"/>
			<t id="s1_36" word="necessário" lemma="necessário" pos="adj" morph="M S" extra="nh"/>
			<t id="s1_37" word="reiniciar" lemma="reiniciar" pos="v-inf" morph="--" extra="mv"/>
			<t id="s1_38" word="o" lemma="o" pos="art" morph="M S" extra="--"/>
			<t id="s1_39" word="aparelho" lemma="aparelho" pos="n" morph="M S" sem="tool" extra="--"/>
			<t id="s1_40" word="." lemma="--" pos="pu" morph="--" extra="--"/>
		</terminals>

		<nonterminals>
			<nt id="s1_500" cat="s">
				<edge label="UTT" idref="s1_501"/>
			</nt>
			<nt id="s1_501" cat="x">
				<edge label="DN" idref="s1_1"/>
				<edge label="STA" idref="s1_502"/>
				<edge label="CJT" idref="s1_503"/>
				<edge label="CJT" idref="s1_511"/>
				<edge label="CJT" idref="s1_514"/>
				<edge label="CJT" idref="s1_517"/>
				<edge label="PU" idref="s1_40"/>
			</nt>
			<nt id="s1_502" cat="par">
			</nt>
			<nt id="s1_503" cat="fcl">
				<edge label="fCs" idref="s1_2"/>
				<edge label="PU" idref="s1_3"/>
				<edge label="P" idref="s1_4"/>
				<edge label="Od" idref="s1_504"/>
				<edge label="Op" idref="s1_505"/>
				<edge label="fA" idref="s1_507"/>
				<edge label="fA" idref="s1_508"/>
			</nt>
			<nt id="s1_504" cat="par">
				<edge label="CJT" idref="s1_5"/>
			</nt>
			<nt id="s1_505" cat="pp">
				<edge label="H" idref="s1_6"/>
				<edge label="DP" idref="s1_506"/>
			</nt>
			<nt id="s1_506" cat="adjp">
				<edge label="DA" idref="s1_7"/>
				<edge label="H" idref="s1_8"/>
			</nt>
			<nt id="s1_507" cat="pp">
				<edge label="H" idref="s1_9"/>
				<edge label="DP" idref="s1_10"/>
				<edge label="CJT" idref="s1_11"/>
			</nt>
			<nt id="s1_508" cat="pp">
				<edge label="DP" idref="s1_509"/>
				<edge label="H" idref="s1_13"/>
			</nt>
			<nt id="s1_509" cat="np">
				<edge label="DN" idref="s1_510"/>
				<edge label="DN" idref="s1_14"/>
				<edge label="DN" idref="s1_15"/>
				<edge label="H" idref="s1_16"/>
				<edge label="-DN" idref="s1_17"/>
			</nt>
			<nt id="s1_510" cat="pp">
				<edge label="CO" idref="s1_12"/>
				<edge label="DP" idref="s1_18"/>
			</nt>
			<nt id="s1_511" cat="fcl">
				<edge label="S" idref="s1_19"/>
				<edge label="fA" idref="s1_20"/>
				<edge label="P" idref="s1_512"/>
				<edge label="PU" idref="s1_23"/>
				<edge label="Od" idref="s1_513"/>
			</nt>
			<nt id="s1_512" cat="vp">
				<edge label="Vaux" idref="s1_21"/>
				<edge label="Vm" idref="s1_22"/>
			</nt>
			<nt id="s1_513" cat="np">
				<edge label="DN" idref="s1_24"/>
				<edge label="H" idref="s1_25"/>
			</nt>
			<nt id="s1_514" cat="x">
				<edge label="P" idref="s1_26"/>
				<edge label="fA" idref="s1_515"/>
			</nt>
			<nt id="s1_515" cat="pp">
				<edge label="H" idref="s1_27"/>
				<edge label="DP" idref="s1_516"/>
			</nt>
			<nt id="s1_516" cat="np">
				<edge label="DN" idref="s1_28"/>
				<edge label="H" idref="s1_29"/>
				<edge label="CO" idref="s1_30"/>
			</nt>
			<nt id="s1_517" cat="x">
				<edge label="fA" idref="s1_31"/>
				<edge label="P" idref="s1_32"/>
				<edge label="fA" idref="s1_33"/>
				<edge label="PU" idref="s1_34"/>
				<edge label="fA" idref="s1_518"/>
			</nt>
			<nt id="s1_518" cat="fcl">
				<edge label="P" idref="s1_35"/>
				<edge label="Cs" idref="s1_36"/>
				<edge label="S" idref="s1_519"/>
			</nt>
			<nt id="s1_519" cat="icl">
				<edge label="P" idref="s1_37"/>
				<edge label="Od" idref="s1_520"/>
			</nt>
			<nt id="s1_520" cat="np">
				<edge label="DN" idref="s1_38"/>
				<edge label="H" idref="s1_39"/>
			</nt>
		</nonterminals>
	</graph>
</s>

<s id="s2" ref="2" source="Running text" forest="1" text="a memória é curta e como vem muitos aplicativos pré-instalados ocupando a maior parte da memória te impede de adquirir outros aplicativos e os aplicativos pré-instalados não podem ser excluídos.">
	<graph root="s2_500">
		<terminals>
			<t id="s2_1" word="a" lemma="o" pos="art" morph="F S" extra="--"/>
			<t id="s2_2" word="memória" lemma="memória" pos="n" morph="F S" sem="sem-c sem-r" extra="--"/>
			<t id="s2_3" word="é" lemma="ser" pos="v-fin" morph="PR 3S IND VFIN" extra="nosubj nosubj cjt-head cjt-head-STA vK fmc mv"/>
			<t id="s2_4" word="curta" lemma="curto" pos="adj" morph="F S" extra="nh"/>
			<t id="s2_5" word="e" lemma="e" pos="conj-c" morph="--" extra="topkc"/>
			<t id="s2_6" word="como" lemma="como" pos="adv" morph="--" extra="clb clb-fs rel ks"/>
			<t id="s2_7" word="vem" lemma="vir" pos="v-fin" morph="PR 3S IND VFIN" extra="aux"/>
			<t id="s2_8" word="muitos" lemma="muito" pos="pron-indef" morph="DET M P" extra="quant"/>
			<t id="s2_9" word="aplicativos" lemma="aplicativo" pos="n" morph="M P" sem="sem-c" extra="--"/>
			<t id="s2_10" word="pré-instalados" lemma="pré-instalado" pos="adj" morph="M P" extra="jh np-close"/>
			<t id="s2_11" word="ocupando" lemma="ocupar" pos="v-ger" morph="--" extra="clb vH mv"/>
			<t id="s2_12" word="a" lemma="o" pos="art" morph="F S" extra="--"/>
			<t id="s2_13" word="maior" lemma="grande" pos="adj" morph="F S" extra="KOMP jh"/>
			<t id="s2_14" word="parte" lemma="parte" pos="n" morph="F S" sem="part amount L HH sem-l ac" extra="--"/>
			<t id="s2_15" word="de" lemma="de" pos="prp" morph="--" extra="sam- np-close"/>
			<t id="s2_16" word="a" lemma="o" pos="art" morph="F S" extra="-sam "/>
			<t id="s2_17" word="memória" lemma="memória" pos="n" morph="F S" sem="sem-c sem-r" extra="--"/>
			<t id="s2_18" word="te" lemma="tu" pos="pron-pers" morph="M/F 2S ACC" extra="--"/>
			<t id="s2_19" word="impede" lemma="impedir" pos="v-fin" morph="PR 3S IND VFIN" extra="cjt-STA fmc mv"/>
			<t id="s2_20" word="de" lemma="de" pos="prp" morph="--" extra="--"/>
			<t id="s2_21" word="adquirir" lemma="adquirir" pos="v-inf" morph="--" extra="vH mv"/>
			<t id="s2_22" word="outros" lemma="outro" pos="pron-indef" morph="DET M P" extra="diff KOMP"/>
			<t id="s2_23" word="aplicativos" lemma="aplicativo" pos="n" morph="M P" sem="sem-c" extra="--"/>
			<t id="s2_24" word="e" lemma="e" pos="conj-c" morph="--" extra="--"/>
			<t id="s2_25" word="os" lemma="o" pos="art" morph="M P" extra="--"/>
			<t id="s2_26" word="aplicativos" lemma="aplicativo" pos="n" morph="M P" sem="sem-c" extra="--"/>
			<t id="s2_27" word="pré-instalados" lemma="pré-instalar" pos="v-pcp" morph="M P" extra="jh vH np-close"/>
			<t id="s2_28" word="não" lemma="não" pos="adv" morph="--" extra="--"/>
			<t id="s2_29" word="podem" lemma="poder" pos="v-fin" morph="PR 3P IND VFIN" extra="cjt-STA fmc aux"/>
			<t id="s2_30" word="ser" lemma="ser" pos="v-inf" morph="--" extra="aux"/>
			<t id="s2_31" word="excluídos" lemma="excluir" pos="v-pcp" morph="M P" extra="vH mv"/>
			<t id="s2_32" word="." lemma="--" pos="pu" morph="--" extra="--"/>
		</terminals>

		<nonterminals>
			<nt id="s2_500" cat="s">
				<edge label="STA" idref="s2_501"/>
			</nt>
			<nt id="s2_501" cat="par">
				<edge label="CJT" idref="s2_502"/>
				<edge label="CJT" idref="s2_504"/>
				<edge label="CJT" idref="s2_515"/>
				<edge label="PU" idref="s2_32"/>
			</nt>
			<nt id="s2_502" cat="fcl">
				<edge label="S" idref="s2_503"/>
				<edge label="P" idref="s2_3"/>
				<edge label="Cs" idref="s2_4"/>
			</nt>
			<nt id="s2_503" cat="np">
				<edge label="DN" idref="s2_1"/>
				<edge label="H" idref="s2_2"/>
			</nt>
			<nt id="s2_504" cat="x">
				<edge label="fA" idref="s2_505"/>
				<edge label="fCs" idref="s2_506"/>
				<edge label="P" idref="s2_507"/>
				<edge label="Od" idref="s2_508"/>
				<edge label="Od" idref="s2_18"/>
				<edge label="P" idref="s2_511"/>
				<edge label="Op" idref="s2_512"/>
			</nt>
			<nt id="s2_505" cat="fcl">
				<edge label="CO" idref="s2_5"/>
				<edge label="fA" idref="s2_6"/>
				<edge label="P" idref="s2_7"/>
			</nt>
			<nt id="s2_506" cat="np">
				<edge label="DN" idref="s2_8"/>
				<edge label="H" idref="s2_9"/>
				<edge label="DN" idref="s2_10"/>
			</nt>
			<nt id="s2_507" cat="vp">
				<edge label="Vm" idref="s2_11"/>
			</nt>
			<nt id="s2_508" cat="np">
				<edge label="DN" idref="s2_12"/>
				<edge label="DN" idref="s2_13"/>
				<edge label="H" idref="s2_14"/>
				<edge label="DN" idref="s2_509"/>
			</nt>
			<nt id="s2_509" cat="pp">
				<edge label="H" idref="s2_15"/>
				<edge label="DP" idref="s2_510"/>
			</nt>
			<nt id="s2_510" cat="np">
				<edge label="DN" idref="s2_16"/>
				<edge label="H" idref="s2_17"/>
			</nt>
			<nt id="s2_511" cat="vp">
				<edge label="Vaux" idref="s2_19"/>
			</nt>
			<nt id="s2_512" cat="pp">
				<edge label="H" idref="s2_20"/>
				<edge label="DP" idref="s2_513"/>
			</nt>
			<nt id="s2_513" cat="icl">
				<edge label="P" idref="s2_21"/>
				<edge label="Od" idref="s2_514"/>
			</nt>
			<nt id="s2_514" cat="np">
				<edge label="DN" idref="s2_22"/>
				<edge label="H" idref="s2_23"/>
			</nt>
			<nt id="s2_515" cat="fcl">
				<edge label="S" idref="s2_516"/>
				<edge label="fA" idref="s2_28"/>
				<edge label="P" idref="s2_518"/>
			</nt>
			<nt id="s2_516" cat="np">
				<edge label="DN" idref="s2_517"/>
				<edge label="DN" idref="s2_25"/>
				<edge label="H" idref="s2_26"/>
				<edge label="-DN" idref="s2_27"/>
			</nt>
			<nt id="s2_517" cat="adjp">
				<edge label="CO" idref="s2_24"/>
			</nt>
			<nt id="s2_518" cat="vp">
				<edge label="Vaux" idref="s2_29"/>
				<edge label="Vaux" idref="s2_30"/>
				<edge label="Vm" idref="s2_31"/>
			</nt>
		</nonterminals>
	</graph>
</s>

<s id="s3" ref="3" source="Running text" forest="1" text="não recomendo, o custo é baixo mas o problemas são muitos..">
	<graph root="s3_500">
		<terminals>
			<t id="s3_1" word="não" lemma="não" pos="adv" morph="--" extra="--"/>
			<t id="s3_2" word="recomendo" lemma="recomendar" pos="v-fin" morph="PR 1S IND VFIN" extra="nosubj nosubj nosubj nosubj cjt-head cjt-head-STA vH fmc mv"/>
			<t id="s3_3" word="," lemma="--" pos="pu" morph="--" extra="--"/>
			<t id="s3_4" word="o" lemma="o" pos="art" morph="M S" extra="--"/>
			<t id="s3_5" word="custo" lemma="custo" pos="n" morph="M S" sem="mon" extra="--"/>
			<t id="s3_6" word="é" lemma="ser" pos="v-fin" morph="PR 3S IND VFIN" extra="cjt-STA vK fmc mv"/>
			<t id="s3_7" word="baixo" lemma="baixo" pos="adj" morph="M S" extra="--"/>
			<t id="s3_8" word="mas" lemma="mas" pos="conj-c" morph="--" extra="topkc"/>
			<t id="s3_9" word="o" lemma="o" pos="art" morph="M S" extra="--"/>
			<t id="s3_10" word="problemas" lemma="problema" pos="n" morph="M P" sem="ac" extra="--"/>
			<t id="s3_11" word="são" lemma="ser" pos="v-fin" morph="PR 3P IND VFIN" extra="cjt-STA vK fmc mv"/>
			<t id="s3_12" word="muitos" lemma="muito" pos="pron-indef" morph="DET M P" extra="quant"/>
			<t id="s3_13" word="." lemma="--" pos="pu" morph="--" extra="--"/>
			<t id="s3_14" word="." lemma="--" pos="pu" morph="--" extra="--"/>
		</terminals>

		<nonterminals>
			<nt id="s3_500" cat="s">
				<edge label="STA" idref="s3_501"/>
			</nt>
			<nt id="s3_501" cat="par">
				<edge label="CJT" idref="s3_502"/>
				<edge label="PU" idref="s3_3"/>
				<edge label="CJT" idref="s3_503"/>
				<edge label="CO" idref="s3_8"/>
				<edge label="CJT" idref="s3_505"/>
				<edge label="PU" idref="s3_13"/>
				<edge label="PU" idref="s3_14"/>
			</nt>
			<nt id="s3_502" cat="fcl">
				<edge label="fA" idref="s3_1"/>
				<edge label="P" idref="s3_2"/>
			</nt>
			<nt id="s3_503" cat="fcl">
				<edge label="S" idref="s3_504"/>
				<edge label="P" idref="s3_6"/>
				<edge label="Cs" idref="s3_7"/>
			</nt>
			<nt id="s3_504" cat="np">
				<edge label="DN" idref="s3_4"/>
				<edge label="H" idref="s3_5"/>
			</nt>
			<nt id="s3_505" cat="fcl">
				<edge label="S" idref="s3_506"/>
				<edge label="P" idref="s3_11"/>
				<edge label="Cs" idref="s3_12"/>
			</nt>
			<nt id="s3_506" cat="np">
				<edge label="DN" idref="s3_9"/>
				<edge label="H" idref="s3_10"/>
			</nt>
		</nonterminals>
	</graph>
</s>

	</body>
</corpus>
