<?xml version="1.0" encoding="UTF-8"?>
<corpus>

	<body>
<s id="s1" ref="1" source="Running text" forest="1" text="fiz a pesquisa de preço na minha cidade e não obtive resultados satisfatórios porem não desisti da compra procurei na internet e encontrei o aparelho com uma diferença exorbitante não pensei duas vezes efetuei a compra com uma diferença de quase ar number, number no site de uma das lojas em as quais pesquisei e fui informado que poderia ser feito o desconto!!">
	<graph root="s1_500">
		<terminals>
			<t id="s1_1" word="fiz" lemma="fazer" pos="v-fin" morph="PS 1S IND VFIN" extra="nosubj nosubj nosubj nosubj nosubj nosubj nosubj nosubj nosubj nosubj cjt-head cjt-head-STA fmc mv"/>
			<t id="s1_2" word="a" lemma="o" pos="art" morph="F S" extra="--"/>
			<t id="s1_3" word="pesquisa" lemma="pesquisa" pos="n" morph="F S" sem="occ act-d" extra="--"/>
			<t id="s1_4" word="de" lemma="de" pos="prp" morph="--" extra="np-close"/>
			<t id="s1_5" word="preço" lemma="preço" pos="n" morph="M S" sem="f-q" extra="--"/>
			<t id="s1_6" word="em" lemma="em" pos="prp" morph="--" extra="sam- np-long"/>
			<t id="s1_7" word="a" lemma="o" pos="art" morph="F S" extra="-sam "/>
			<t id="s1_8" word="minha" lemma="meu" pos="pron-poss" morph="DET F S" extra="poss 1S"/>
			<t id="s1_9" word="cidade" lemma="cidade" pos="n" morph="F S" sem="Lciv" extra="--"/>
			<t id="s1_10" word="e" lemma="e" pos="conj-c" morph="--" extra="--"/>
			<t id="s1_11" word="não" lemma="não" pos="adv" morph="--" extra="--"/>
			<t id="s1_12" word="obtive" lemma="obter" pos="v-fin" morph="PS 1S IND VFIN" extra="nosubj nosubj cjt-STA vH fmc mv"/>
			<t id="s1_13" word="resultados" lemma="resultado" pos="n" morph="M P" sem="ac" extra="--"/>
			<t id="s1_14" word="satisfatórios" lemma="satisfatório" pos="adj" morph="M P" extra="nh np-close"/>
			<t id="s1_15" word="porem" lemma="pôr" pos="v-inf" morph="3P" extra="mv"/>
			<t id="s1_16" word="não" lemma="não" pos="adv" morph="--" extra="--"/>
			<t id="s1_17" word="desisti" lemma="desistir" pos="v-fin" morph="PS 1S IND VFIN" extra="nosubj nosubj cjt-STA vH fmc mv"/>
			<t id="s1_18" word="de" lemma="de" pos="prp" morph="--" extra="sam-"/>
			<t id="s1_19" word="a" lemma="o" pos="art" morph="F S" extra="-sam "/>
			<t id="s1_20" word="compra" lemma="compra" pos="n" morph="F S" sem="act cc" extra="--"/>
			<t id="s1_21" word="procurei" lemma="procurar" pos="v-fin" morph="PS 1S IND VFIN" extra="nosubj nosubj cjt-STA vH fmc mv"/>
			<t id="s1_22" word="em" lemma="em" pos="prp" morph="--" extra="sam-"/>
			<t id="s1_23" word="a" lemma="o" pos="art" morph="F S" extra="-sam "/>
			<t id="s1_24" word="internet" lemma="internet" pos="n" morph="F S" sem="Labs" extra="--"/>
			<t id="s1_25" word="e" lemma="e" pos="conj-c" morph="--" extra="--"/>
			<t id="s1_26" word="encontrei" lemma="encontrar" pos="v-fin" morph="PS 1S IND VFIN" extra="nosubj nosubj cjt-STA vH fmc mv"/>
			<t id="s1_27" word="o" lemma="o" pos="art" morph="M S" extra="--"/>
			<t id="s1_28" word="aparelho" lemma="aparelho" pos="n" morph="M S" sem="tool" extra="--"/>
			<t id="s1_29" word="com" lemma="com" pos="prp" morph="--" extra="--"/>
			<t id="s1_30" word="uma" lemma="um" pos="art" morph="F S" extra="--"/>
			<t id="s1_31" word="diferença" lemma="diferença" pos="n" morph="F S" sem="ac" extra="--"/>
			<t id="s1_32" word="exorbitante" lemma="exorbitante" pos="adj" morph="F S" extra="nh np-close"/>
			<t id="s1_33" word="não" lemma="não" pos="adv" morph="--" extra="--"/>
			<t id="s1_34" word="pensei" lemma="pensar" pos="v-fin" morph="PS 1S IND VFIN" extra="nosubj nosubj cjt-STA vH fmc mv"/>
			<t id="s1_35" word="duas" lemma="dois" pos="num" morph="F P" extra="card"/>
			<t id="s1_36" word="vezes" lemma="vez" pos="n" morph="F P" sem="temp" extra="--"/>
			<t id="s1_37" word="efetuei" lemma="efetuar" pos="v-fin" morph="PS 1S IND VFIN" extra="clb-fs vH mv"/>
			<t id="s1_38" word="a" lemma="o" pos="art" morph="F S" extra="--"/>
			<t id="s1_39" word="compra" lemma="compra" pos="n" morph="F S" sem="act cc" extra="--"/>
			<t id="s1_40" word="com" lemma="com" pos="prp" morph="--" extra="np-close"/>
			<t id="s1_41" word="uma" lemma="um" pos="art" morph="F S" extra="--"/>
			<t id="s1_42" word="diferença" lemma="diferença" pos="n" morph="F S" sem="ac" extra="--"/>
			<t id="s1_43" word="de" lemma="de" pos="prp" morph="--" extra="np-close"/>
			<t id="s1_44" word="quase" lemma="quase" pos="adv" morph="--" extra="advl quant"/>
			<t id="s1_45" word="ar" lemma="ar" pos="n" morph="M S" sem="cm-gas f-an ac" extra="--"/>
			<t id="s1_46" word="number" lemma="number" pos="n" morph="M S" extra="heur"/>
			<t id="s1_47" word="," lemma="--" pos="pu" morph="--" extra="--"/>
			<t id="s1_48" word="number" lemma="number" pos="n" morph="M S" extra="heur np-close"/>
			<t id="s1_49" word="em" lemma="em" pos="prp" morph="--" extra="sam-"/>
			<t id="s1_50" word="o" lemma="o" pos="art" morph="M S" extra="-sam "/>
			<t id="s1_51" word="site" lemma="site" pos="n" morph="M S" sem="Lh" extra="--"/>
			<t id="s1_52" word="de" lemma="de" pos="prp" morph="--" extra="np-close"/>
			<t id="s1_53" word="uma" lemma="uma" pos="num" morph="F S" extra="card"/>
			<t id="s1_54" word="de" lemma="de" pos="prp" morph="--" extra="sam- np-close"/>
			<t id="s1_55" word="as" lemma="o" pos="art" morph="F P" extra="-sam "/>
			<t id="s1_56" word="lojas" lemma="loja" pos="n" morph="F P" sem="inst Lh" extra="--"/>
			<t id="s1_57" word="em" lemma="em" pos="prp" morph="--" extra="clb sam-"/>
			<t id="s1_58" word="as_quais" lemma="o_qual" pos="spec" morph="F P" extra="clb-fs rel -sam"/>
			<t id="s1_59" word="pesquisei" lemma="pesquisar" pos="v-fin" morph="PS 1S IND VFIN" extra="nosubj nosubj cjt-head cjt-head-DN vH mv np-close"/>
			<t id="s1_60" word="e" lemma="e" pos="conj-c" morph="--" extra="co-fin"/>
			<t id="s1_61" word="fui" lemma="ser" pos="v-fin" morph="PS 1S IND VFIN" extra="nosubj cjt-DN nosubj cjt-DN fmc aux np-close"/>
			<t id="s1_62" word="informado" lemma="informar" pos="v-pcp" morph="M S" extra="vH mv"/>
			<t id="s1_63" word="que" lemma="que" pos="conj-s" morph="--" extra="clb clb-fs"/>
			<t id="s1_64" word="poderia" lemma="poder" pos="v-fin" morph="COND 1/3S VFIN" extra="aux"/>
			<t id="s1_65" word="ser" lemma="ser" pos="v-inf" morph="--" extra="aux"/>
			<t id="s1_66" word="feito" lemma="fazer" pos="v-pcp" morph="M S" extra="mv"/>
			<t id="s1_67" word="o" lemma="o" pos="art" morph="M S" extra="--"/>
			<t id="s1_68" word="desconto" lemma="desconto" pos="n" morph="M S" sem="mon" extra="--"/>
			<t id="s1_69" word="!" lemma="--" pos="pu" morph="--" extra="--"/>
			<t id="s1_70" word="!" lemma="--" pos="pu" morph="--" extra="--"/>
		</terminals>

		<nonterminals>
			<nt id="s1_500" cat="s">
				<edge label="STA" idref="s1_501"/>
			</nt>
			<nt id="s1_501" cat="par">
				<edge label="CJT" idref="s1_502"/>
				<edge label="CJT" idref="s1_507"/>
				<edge label="CJT" idref="s1_510"/>
				<edge label="CJT" idref="s1_513"/>
				<edge label="CJT" idref="s1_516"/>
				<edge label="CJT" idref="s1_520"/>
				<edge label="CJT" idref="s1_531"/>
				<edge label="PU" idref="s1_69"/>
				<edge label="PU" idref="s1_70"/>
			</nt>
			<nt id="s1_502" cat="fcl">
				<edge label="P" idref="s1_1"/>
				<edge label="Od" idref="s1_503"/>
			</nt>
			<nt id="s1_503" cat="np">
				<edge label="DN" idref="s1_2"/>
				<edge label="H" idref="s1_3"/>
				<edge label="DN" idref="s1_504"/>
				<edge label="DN" idref="s1_505"/>
			</nt>
			<nt id="s1_504" cat="pp">
				<edge label="H" idref="s1_4"/>
				<edge label="DP" idref="s1_5"/>
			</nt>
			<nt id="s1_505" cat="pp">
				<edge label="H" idref="s1_6"/>
				<edge label="DP" idref="s1_506"/>
			</nt>
			<nt id="s1_506" cat="np">
				<edge label="DN" idref="s1_7"/>
				<edge label="DN" idref="s1_8"/>
				<edge label="H" idref="s1_9"/>
				<edge label="CO" idref="s1_10"/>
			</nt>
			<nt id="s1_507" cat="x">
				<edge label="fA" idref="s1_11"/>
				<edge label="P" idref="s1_12"/>
				<edge label="Od" idref="s1_508"/>
				<edge label="UTT" idref="s1_509"/>
			</nt>
			<nt id="s1_508" cat="np">
				<edge label="H" idref="s1_13"/>
				<edge label="DN" idref="s1_14"/>
			</nt>
			<nt id="s1_509" cat="icl">
				<edge label="P" idref="s1_15"/>
				<edge label="fA" idref="s1_16"/>
			</nt>
			<nt id="s1_510" cat="x">
				<edge label="P" idref="s1_17"/>
				<edge label="Op" idref="s1_511"/>
			</nt>
			<nt id="s1_511" cat="pp">
				<edge label="H" idref="s1_18"/>
				<edge label="DP" idref="s1_512"/>
			</nt>
			<nt id="s1_512" cat="np">
				<edge label="DN" idref="s1_19"/>
				<edge label="H" idref="s1_20"/>
			</nt>
			<nt id="s1_513" cat="x">
				<edge label="P" idref="s1_21"/>
				<edge label="fA" idref="s1_514"/>
			</nt>
			<nt id="s1_514" cat="pp">
				<edge label="H" idref="s1_22"/>
				<edge label="DP" idref="s1_515"/>
			</nt>
			<nt id="s1_515" cat="np">
				<edge label="DN" idref="s1_23"/>
				<edge label="H" idref="s1_24"/>
				<edge label="CO" idref="s1_25"/>
			</nt>
			<nt id="s1_516" cat="x">
				<edge label="P" idref="s1_26"/>
				<edge label="Od" idref="s1_517"/>
				<edge label="fA" idref="s1_518"/>
			</nt>
			<nt id="s1_517" cat="np">
				<edge label="DN" idref="s1_27"/>
				<edge label="H" idref="s1_28"/>
			</nt>
			<nt id="s1_518" cat="pp">
				<edge label="H" idref="s1_29"/>
				<edge label="DP" idref="s1_519"/>
			</nt>
			<nt id="s1_519" cat="np">
				<edge label="DN" idref="s1_30"/>
				<edge label="H" idref="s1_31"/>
				<edge label="DN" idref="s1_32"/>
			</nt>
			<nt id="s1_520" cat="x">
				<edge label="fA" idref="s1_33"/>
				<edge label="P" idref="s1_34"/>
				<edge label="fA" idref="s1_521"/>
				<edge label="Od" idref="s1_522"/>
			</nt>
			<nt id="s1_521" cat="np">
				<edge label="DN" idref="s1_35"/>
				<edge label="H" idref="s1_36"/>
			</nt>
			<nt id="s1_522" cat="fcl">
				<edge label="P" idref="s1_37"/>
				<edge label="Od" idref="s1_523"/>
			</nt>
			<nt id="s1_523" cat="np">
				<edge label="DN" idref="s1_38"/>
				<edge label="H" idref="s1_39"/>
				<edge label="DN" idref="s1_524"/>
			</nt>
			<nt id="s1_524" cat="pp">
				<edge label="H" idref="s1_40"/>
				<edge label="DP" idref="s1_525"/>
			</nt>
			<nt id="s1_525" cat="np">
				<edge label="DN" idref="s1_41"/>
				<edge label="H" idref="s1_42"/>
				<edge label="DN" idref="s1_526"/>
			</nt>
			<nt id="s1_526" cat="pp">
				<edge label="H" idref="s1_43"/>
				<edge label="DP" idref="s1_527"/>
			</nt>
			<nt id="s1_527" cat="np">
				<edge label="DN" idref="s1_528"/>
				<edge label="H" idref="s1_45"/>
				<edge label="DN" idref="s1_530"/>
			</nt>
			<nt id="s1_528" cat="par">
				<edge label="CJT" idref="s1_529"/>
			</nt>
			<nt id="s1_529" cat="fcl">
				<edge label="DA" idref="s1_44"/>
				<edge label="fCs" idref="s1_532"/>
				<edge label="fA" idref="s1_533"/>
				<edge label="fA" idref="s1_538"/>
				<edge label="P" idref="s1_59"/>
			</nt>
			<nt id="s1_530" cat="par">
				<edge label="CO" idref="s1_60"/>
				<edge label="CJT" idref="s1_539"/>
			</nt>
			<nt id="s1_531" cat="fcl">
			</nt>
			<nt id="s1_532" cat="np">
				<edge label="H" idref="s1_46"/>
				<edge label="PU" idref="s1_47"/>
				<edge label="DNc" idref="s1_48"/>
			</nt>
			<nt id="s1_533" cat="pp">
				<edge label="H" idref="s1_49"/>
				<edge label="DP" idref="s1_534"/>
			</nt>
			<nt id="s1_534" cat="np">
				<edge label="DN" idref="s1_50"/>
				<edge label="H" idref="s1_51"/>
				<edge label="DN" idref="s1_535"/>
				<edge label="DN" idref="s1_536"/>
			</nt>
			<nt id="s1_535" cat="pp">
				<edge label="H" idref="s1_52"/>
				<edge label="DP" idref="s1_53"/>
			</nt>
			<nt id="s1_536" cat="pp">
				<edge label="H" idref="s1_54"/>
				<edge label="DP" idref="s1_537"/>
			</nt>
			<nt id="s1_537" cat="np">
				<edge label="DN" idref="s1_55"/>
				<edge label="H" idref="s1_56"/>
			</nt>
			<nt id="s1_538" cat="pp">
				<edge label="H" idref="s1_57"/>
				<edge label="DP" idref="s1_58"/>
			</nt>
			<nt id="s1_539" cat="x">
				<edge label="P" idref="s1_540"/>
				<edge label="Od" idref="s1_541"/>
			</nt>
			<nt id="s1_540" cat="vp">
				<edge label="Vaux" idref="s1_61"/>
				<edge label="Vm" idref="s1_62"/>
			</nt>
			<nt id="s1_541" cat="fcl">
				<edge label="SUB" idref="s1_63"/>
				<edge label="P" idref="s1_542"/>
				<edge label="Cs" idref="s1_543"/>
			</nt>
			<nt id="s1_542" cat="vp">
				<edge label="Vaux" idref="s1_64"/>
				<edge label="Vaux" idref="s1_65"/>
				<edge label="Vm" idref="s1_66"/>
			</nt>
			<nt id="s1_543" cat="np">
				<edge label="DN" idref="s1_67"/>
				<edge label="H" idref="s1_68"/>
			</nt>
		</nonterminals>
	</graph>
</s>

<s id="s2" ref="2" source="Running text" forest="1" text="recomendo a todos o que gostei design perfeito o que não gostei parece frágil.">
	<graph root="s2_500">
		<terminals>
			<t id="s2_1" word="recomendo" lemma="recomendar" pos="v-fin" morph="PR 1S IND VFIN" extra="cjt-head cjt-head-STA vH fmc mv"/>
			<t id="s2_2" word="a" lemma="a" pos="prp" morph="--" extra="--"/>
			<t id="s2_3" word="todos" lemma="todo" pos="pron-indef" morph="DET M P" extra="quant"/>
			<t id="s2_4" word="o" lemma="o" pos="pron-dem" morph="DET M S" extra="dem"/>
			<t id="s2_5" word="que" lemma="que" pos="spec" morph="M S" extra="clb clb-fs rel"/>
			<t id="s2_6" word="gostei" lemma="gostar" pos="v-fin" morph="PS 1S IND VFIN" extra="vH mv np-close"/>
			<t id="s2_7" word="design" lemma="design" pos="n" morph="M S" sem="percep-f domain" extra="--"/>
			<t id="s2_8" word="perfeito" lemma="perfeito" pos="adj" morph="M S" extra="jh np-close"/>
			<t id="s2_9" word="o" lemma="o" pos="pron-dem" morph="DET M S" extra="dem"/>
			<t id="s2_10" word="que" lemma="que" pos="spec" morph="M S" extra="clb clb-fs rel"/>
			<t id="s2_11" word="não" lemma="não" pos="adv" morph="--" extra="--"/>
			<t id="s2_12" word="gostei" lemma="gostar" pos="v-fin" morph="PS 1S IND VFIN" extra="vH mv np-close"/>
			<t id="s2_13" word="parece" lemma="parecer" pos="v-fin" morph="PR 3S IND VFIN" extra="cjt-STA vK fmc mv"/>
			<t id="s2_14" word="frágil" lemma="frágil" pos="adj" morph="M S" extra="jh"/>
			<t id="s2_15" word="." lemma="--" pos="pu" morph="--" extra="--"/>
		</terminals>

		<nonterminals>
			<nt id="s2_500" cat="s">
				<edge label="STA" idref="s2_501"/>
			</nt>
			<nt id="s2_501" cat="par">
				<edge label="CJT" idref="s2_502"/>
				<edge label="DN" idref="s2_504"/>
				<edge label="CJT" idref="s2_505"/>
				<edge label="PU" idref="s2_15"/>
			</nt>
			<nt id="s2_502" cat="fcl">
				<edge label="P" idref="s2_1"/>
				<edge label="fA" idref="s2_503"/>
				<edge label="Od" idref="s2_4"/>
			</nt>
			<nt id="s2_503" cat="pp">
				<edge label="H" idref="s2_2"/>
				<edge label="DP" idref="s2_3"/>
			</nt>
			<nt id="s2_504" cat="fcl">
				<edge label="S" idref="s2_5"/>
				<edge label="P" idref="s2_6"/>
			</nt>
			<nt id="s2_505" cat="fcl">
				<edge label="S" idref="s2_506"/>
				<edge label="S" idref="s2_9"/>
				<edge label="P" idref="s2_13"/>
				<edge label="Cs" idref="s2_14"/>
			</nt>
			<nt id="s2_506" cat="np">
				<edge label="H" idref="s2_7"/>
				<edge label="DN" idref="s2_8"/>
				<edge label="DN" idref="s2_507"/>
			</nt>
			<nt id="s2_507" cat="fcl">
				<edge label="S" idref="s2_10"/>
				<edge label="fA" idref="s2_11"/>
				<edge label="P" idref="s2_12"/>
			</nt>
		</nonterminals>
	</graph>
</s>

	</body>
</corpus>
