<?xml version="1.0" encoding="UTF-8"?>
<corpus>

	<body>
<s id="s1" ref="1" source="Running text" forest="1" text="não recomendável por o preço e as suas poucas facilidades nas opções que são limitadas.">
	<graph root="s1_500">
		<terminals>
			<t id="s1_1" word="não" lemma="não" pos="adv" morph="--" extra="--"/>
			<t id="s1_2" word="recomendável" lemma="recomendável" pos="adj" morph="M/F S" extra="cjt-head cjt-head-X n nh"/>
			<t id="s1_3" word="por" lemma="por" pos="prp" morph="--" extra="sam- np-close"/>
			<t id="s1_4" word="o" lemma="o" pos="art" morph="M S" extra="-sam "/>
			<t id="s1_5" word="preço" lemma="preço" pos="n" morph="M S" sem="f-q" extra="--"/>
			<t id="s1_6" word="e" lemma="e" pos="conj-c" morph="--" extra="--"/>
			<t id="s1_7" word="as" lemma="o" pos="art" morph="F P" extra="--"/>
			<t id="s1_8" word="suas" lemma="seu" pos="pron-poss" morph="DET F P" extra="poss 3S"/>
			<t id="s1_9" word="poucas" lemma="pouco" pos="pron-indef" morph="DET F P" extra="quant"/>
			<t id="s1_10" word="facilidades" lemma="facilidade" pos="n" morph="F P" sem="am" extra="cjt-X"/>
			<t id="s1_11" word="em" lemma="em" pos="prp" morph="--" extra="sam- np-close"/>
			<t id="s1_12" word="as" lemma="o" pos="art" morph="F P" extra="-sam "/>
			<t id="s1_13" word="opções" lemma="opção" pos="n" morph="F P" sem="sem-c" extra="--"/>
			<t id="s1_14" word="que" lemma="que" pos="spec" morph="M S" extra="clb clb-fs rel"/>
			<t id="s1_15" word="são" lemma="ser" pos="v-fin" morph="PR 3P IND VFIN" extra="aux np-close"/>
			<t id="s1_16" word="limitadas" lemma="limitar" pos="v-pcp" morph="F P" extra="mv"/>
			<t id="s1_17" word="." lemma="--" pos="pu" morph="--" extra="--"/>
		</terminals>

		<nonterminals>
			<nt id="s1_500" cat="s">
				<edge label="X" idref="s1_501"/>
			</nt>
			<nt id="s1_501" cat="par">
				<edge label="CJT" idref="s1_502"/>
				<edge label="DN" idref="s1_503"/>
				<edge label="CJT" idref="s1_505"/>
				<edge label="PU" idref="s1_17"/>
			</nt>
			<nt id="s1_502" cat="adjp">
				<edge label="DA" idref="s1_1"/>
				<edge label="H" idref="s1_2"/>
			</nt>
			<nt id="s1_503" cat="pp">
				<edge label="H" idref="s1_3"/>
				<edge label="DP" idref="s1_504"/>
			</nt>
			<nt id="s1_504" cat="np">
				<edge label="DN" idref="s1_4"/>
				<edge label="H" idref="s1_5"/>
			</nt>
			<nt id="s1_505" cat="np">
				<edge label="DN" idref="s1_506"/>
				<edge label="DN" idref="s1_7"/>
				<edge label="DN" idref="s1_8"/>
				<edge label="DN" idref="s1_9"/>
				<edge label="H" idref="s1_10"/>
				<edge label="-DN" idref="s1_11"/>
			</nt>
			<nt id="s1_506" cat="pp">
				<edge label="CO" idref="s1_6"/>
				<edge label="DP" idref="s1_507"/>
			</nt>
			<nt id="s1_507" cat="np">
				<edge label="DN" idref="s1_12"/>
				<edge label="H" idref="s1_13"/>
				<edge label="DN" idref="s1_508"/>
			</nt>
			<nt id="s1_508" cat="fcl">
				<edge label="S" idref="s1_14"/>
				<edge label="P" idref="s1_509"/>
			</nt>
			<nt id="s1_509" cat="vp">
				<edge label="Vaux" idref="s1_15"/>
				<edge label="Vm" idref="s1_16"/>
			</nt>
		</nonterminals>
	</graph>
</s>

<s id="s2" ref="2" source="Running text" forest="1" text="ate uma mensagens o celular de dois chips consegue complicar tudo.">
	<graph root="s2_500">
		<terminals>
			<t id="s2_1" word="ate" lemma="atar" pos="v-fin" morph="PR 1/3S SUBJ VFIN" extra="nosubj nosubj cjt-head cjt-head-STA vH fmc mv"/>
			<t id="s2_2" word="uma" lemma="uma" pos="num" morph="F S" extra="card"/>
			<t id="s2_3" word="mensagens" lemma="mensagem" pos="n" morph="F P" sem="sem-s" extra="--"/>
			<t id="s2_4" word="o" lemma="o" pos="art" morph="M S" extra="--"/>
			<t id="s2_5" word="celular" lemma="celular" pos="adj" morph="M S" extra="n nh"/>
			<t id="s2_6" word="de" lemma="de" pos="prp" morph="--" extra="np-close"/>
			<t id="s2_7" word="dois" lemma="dois" pos="num" morph="M P" extra="card"/>
			<t id="s2_8" word="chips" lemma="chip" pos="n" morph="M P" sem="cc" extra="--"/>
			<t id="s2_9" word="consegue" lemma="conseguir" pos="v-fin" morph="PR 3S IND VFIN" extra="nosubj nosubj cjt-STA vH fmc mv"/>
			<t id="s2_10" word="complicar" lemma="complicar" pos="v-inf" morph="--" extra="mv"/>
			<t id="s2_11" word="tudo" lemma="tudo" pos="spec" morph="M S" extra="quant"/>
			<t id="s2_12" word="." lemma="--" pos="pu" morph="--" extra="--"/>
		</terminals>

		<nonterminals>
			<nt id="s2_500" cat="s">
				<edge label="STA" idref="s2_501"/>
			</nt>
			<nt id="s2_501" cat="par">
				<edge label="CJT" idref="s2_502"/>
				<edge label="CJT" idref="s2_504"/>
				<edge label="PU" idref="s2_12"/>
			</nt>
			<nt id="s2_502" cat="fcl">
				<edge label="P" idref="s2_1"/>
				<edge label="Od" idref="s2_503"/>
			</nt>
			<nt id="s2_503" cat="np">
				<edge label="DN" idref="s2_2"/>
				<edge label="H" idref="s2_3"/>
			</nt>
			<nt id="s2_504" cat="x">
				<edge label="Od" idref="s2_505"/>
				<edge label="P" idref="s2_9"/>
				<edge label="Od" idref="s2_508"/>
			</nt>
			<nt id="s2_505" cat="np">
				<edge label="DN" idref="s2_4"/>
				<edge label="H" idref="s2_5"/>
				<edge label="DN" idref="s2_506"/>
			</nt>
			<nt id="s2_506" cat="pp">
				<edge label="H" idref="s2_6"/>
				<edge label="DP" idref="s2_507"/>
			</nt>
			<nt id="s2_507" cat="np">
				<edge label="DN" idref="s2_7"/>
				<edge label="H" idref="s2_8"/>
			</nt>
			<nt id="s2_508" cat="icl">
				<edge label="P" idref="s2_10"/>
				<edge label="Od" idref="s2_11"/>
			</nt>
		</nonterminals>
	</graph>
</s>

<s id="s3" ref="3" source="Running text" forest="1" text="e olha que não tenho problemas de manual ou de utilização.">
	<graph root="s3_500">
		<terminals>
			<t id="s3_1" word="e" lemma="e" pos="conj-c" morph="--" extra="topkc"/>
			<t id="s3_2" word="olha" lemma="olhar" pos="v-fin" morph="PR 3S IND VFIN" extra="vH fmc mv"/>
			<t id="s3_3" word="que" lemma="que" pos="conj-s" morph="--" extra="clb clb-fs"/>
			<t id="s3_4" word="não" lemma="não" pos="adv" morph="--" extra="--"/>
			<t id="s3_5" word="tenho" lemma="ter" pos="v-fin" morph="PR 1S IND VFIN" extra="mv"/>
			<t id="s3_6" word="problemas" lemma="problema" pos="n" morph="M P" sem="ac" extra="--"/>
			<t id="s3_7" word="de" lemma="de" pos="prp" morph="--" extra="np-close"/>
			<t id="s3_8" word="manual" lemma="manual" pos="n" morph="M S" sem="sem-r" extra="--"/>
			<t id="s3_9" word="ou" lemma="ou" pos="conj-c" morph="--" extra="--"/>
			<t id="s3_10" word="de" lemma="de" pos="prp" morph="--" extra="np-close"/>
			<t id="s3_11" word="utilização" lemma="utilização" pos="n" morph="F S" sem="act" extra="--"/>
			<t id="s3_12" word="." lemma="--" pos="pu" morph="--" extra="--"/>
		</terminals>

		<nonterminals>
			<nt id="s3_500" cat="s">
				<edge label="STA" idref="s3_501"/>
			</nt>
			<nt id="s3_501" cat="fcl">
				<edge label="CO" idref="s3_1"/>
				<edge label="P" idref="s3_2"/>
				<edge label="Od" idref="s3_502"/>
				<edge label="PU" idref="s3_12"/>
			</nt>
			<nt id="s3_502" cat="fcl">
				<edge label="SUB" idref="s3_3"/>
				<edge label="fA" idref="s3_4"/>
				<edge label="P" idref="s3_5"/>
				<edge label="Od" idref="s3_503"/>
			</nt>
			<nt id="s3_503" cat="np">
				<edge label="H" idref="s3_6"/>
				<edge label="DN" idref="s3_504"/>
			</nt>
			<nt id="s3_504" cat="pp">
				<edge label="H" idref="s3_7"/>
				<edge label="DP" idref="s3_505"/>
			</nt>
			<nt id="s3_505" cat="np">
				<edge label="H" idref="s3_8"/>
				<edge label="DN" idref="s3_506"/>
			</nt>
			<nt id="s3_506" cat="pp">
				<edge label="CO" idref="s3_9"/>
				<edge label="H" idref="s3_10"/>
				<edge label="DP" idref="s3_11"/>
			</nt>
		</nonterminals>
	</graph>
</s>

<s id="s4" ref="4" source="Running text" forest="1" text="o que gostei visual- somente o que não gostei display, rouca, agenda, mensagens.">
	<graph root="s4_500">
		<terminals>
			<t id="s4_1" word="o" lemma="o" pos="pron-dem" morph="DET M S" extra="dem"/>
			<t id="s4_2" word="que" lemma="que" pos="spec" morph="M S" extra="clb clb-fs rel"/>
			<t id="s4_3" word="gostei" lemma="gostar" pos="v-fin" morph="PS 1S IND VFIN" extra="vH mv np-close"/>
			<t id="s4_4" word="visual-" lemma="visual" pos="adj" morph="M/F S" extra="hyfen nh"/>
			<t id="s4_5" word="somente" lemma="somente" pos="adv" morph="--" extra="--"/>
			<t id="s4_6" word="o_que" lemma="o_que" pos="spec" morph="M S" extra="clb rel"/>
			<t id="s4_7" word="não" lemma="não" pos="adv" morph="--" extra="--"/>
			<t id="s4_8" word="gostei" lemma="gostar" pos="v-fin" morph="PS 1S IND VFIN" extra="vH mv"/>
			<t id="s4_9" word="display" lemma="display" pos="n" morph="M S" sem="furn" extra="--"/>
			<t id="s4_10" word="," lemma="--" pos="pu" morph="--" extra="--"/>
			<t id="s4_11" word="rouca" lemma="rouco" pos="adj" morph="F S" extra="np-close"/>
			<t id="s4_12" word="," lemma="--" pos="pu" morph="--" extra="--"/>
			<t id="s4_13" word="agenda" lemma="agenda" pos="n" morph="F S" sem="sem-c cc-r" extra="np-close"/>
			<t id="s4_14" word="," lemma="--" pos="pu" morph="--" extra="--"/>
			<t id="s4_15" word="mensagens" lemma="mensagem" pos="n" morph="F P" sem="sem-s" extra="np-close"/>
			<t id="s4_16" word="." lemma="--" pos="pu" morph="--" extra="--"/>
		</terminals>

		<nonterminals>
			<nt id="s4_500" cat="s">
				<edge label="X" idref="s4_501"/>
			</nt>
			<nt id="s4_501" cat="adjp">
				<edge label="H" idref="s4_1"/>
				<edge label="DN" idref="s4_502"/>
				<edge label="S" idref="s4_2"/>
				<edge label="P" idref="s4_3"/>
				<edge label="fCs" idref="s4_4"/>
				<edge label="STA" idref="s4_503"/>
				<edge label="PU" idref="s4_16"/>
			</nt>
			<nt id="s4_502" cat="fcl">
			</nt>
			<nt id="s4_503" cat="fcl">
				<edge label="S" idref="s4_504"/>
				<edge label="X" idref="s4_6"/>
				<edge label="fA" idref="s4_7"/>
				<edge label="P" idref="s4_8"/>
			</nt>
			<nt id="s4_504" cat="np">
				<edge label="DN" idref="s4_5"/>
				<edge label="H" idref="s4_9"/>
				<edge label="PU" idref="s4_10"/>
				<edge label="DNc" idref="s4_11"/>
				<edge label="PU" idref="s4_12"/>
				<edge label="DNc" idref="s4_505"/>
			</nt>
			<nt id="s4_505" cat="np">
				<edge label="H" idref="s4_13"/>
				<edge label="PU" idref="s4_14"/>
				<edge label="DNc" idref="s4_15"/>
			</nt>
		</nonterminals>
	</graph>
</s>

<s id="s5" ref="5" source="Running text" forest="1" text="tudo tudo ruim.">
	<graph root="s5_500">
		<terminals>
			<t id="s5_1" word="tudo" lemma="tudo" pos="spec" morph="M S" extra="cjt-head cjt-head-X quant"/>
			<t id="s5_2" word="tudo" lemma="tudo" pos="spec" morph="M S" extra="cjt-X quant"/>
			<t id="s5_3" word="ruim" lemma="ruim" pos="adj" morph="M/F S" extra="cjt-X jh"/>
			<t id="s5_4" word="." lemma="--" pos="pu" morph="--" extra="--"/>
		</terminals>

		<nonterminals>
			<nt id="s5_500" cat="s">
				<edge label="X" idref="s5_501"/>
			</nt>
			<nt id="s5_501" cat="par">
				<edge label="CJT" idref="s5_1"/>
				<edge label="CJT" idref="s5_2"/>
				<edge label="CJT" idref="s5_3"/>
				<edge label="PU" idref="s5_4"/>
			</nt>
		</nonterminals>
	</graph>
</s>

<s id="s6" ref="6" source="Running text" forest="1" text="alem de pouquíssimas opções ate do perfil.">
	<graph root="s6_500">
		<terminals>
			<t id="s6_1" word="alem" lemma="além" pos="adv" morph="--" extra="--"/>
			<t id="s6_2" word="de" lemma="de" pos="prp" morph="--" extra="--"/>
			<t id="s6_3" word="pouquíssimas" lemma="pouco" pos="adj" morph="F P" extra="SUP jh"/>
			<t id="s6_4" word="opções" lemma="opção" pos="n" morph="F P" sem="sem-c" extra="--"/>
			<t id="s6_5" word="ate" lemma="atar" pos="v-fin" morph="PR 1/3S SUBJ VFIN" extra="vH fmc mv"/>
			<t id="s6_6" word="de" lemma="de" pos="prp" morph="--" extra="sam-"/>
			<t id="s6_7" word="o" lemma="o" pos="art" morph="M S" extra="-sam "/>
			<t id="s6_8" word="perfil" lemma="perfil" pos="n" morph="M S" sem="f-an" extra="--"/>
			<t id="s6_9" word="." lemma="--" pos="pu" morph="--" extra="--"/>
		</terminals>

		<nonterminals>
			<nt id="s6_500" cat="s">
				<edge label="STA" idref="s6_501"/>
			</nt>
			<nt id="s6_501" cat="fcl">
				<edge label="fA" idref="s6_1"/>
				<edge label="fA" idref="s6_502"/>
				<edge label="P" idref="s6_5"/>
				<edge label="fA" idref="s6_504"/>
				<edge label="PU" idref="s6_9"/>
			</nt>
			<nt id="s6_502" cat="pp">
				<edge label="H" idref="s6_2"/>
				<edge label="DP" idref="s6_503"/>
			</nt>
			<nt id="s6_503" cat="np">
				<edge label="DN" idref="s6_3"/>
				<edge label="H" idref="s6_4"/>
			</nt>
			<nt id="s6_504" cat="pp">
				<edge label="H" idref="s6_6"/>
				<edge label="DP" idref="s6_505"/>
			</nt>
			<nt id="s6_505" cat="np">
				<edge label="DN" idref="s6_7"/>
				<edge label="H" idref="s6_8"/>
			</nt>
		</nonterminals>
	</graph>
</s>

<s id="s7" ref="7" source="Running text" forest="1" text="uma lastima para quem tinha um samsung e apesar de gostar da qualidade da lg fui totalmente usando- a.">
	<graph root="s7_500">
		<terminals>
			<t id="s7_1" word="uma" lemma="uma" pos="num" morph="F S" extra="card"/>
			<t id="s7_2" word="lastima" lemma="lastimar" pos="v-fin" morph="PR 3S IND VFIN" extra="cjt-head cjt-head-STA vH fmc mv"/>
			<t id="s7_3" word="para" lemma="para" pos="prp" morph="--" extra="--"/>
			<t id="s7_4" word="quem" lemma="quem" pos="spec" morph="M/F S" extra="clb clb-fs rel"/>
			<t id="s7_5" word="tinha" lemma="ter" pos="v-fin" morph="IMPF 3S IND VFIN" extra="mv"/>
			<t id="s7_6" word="um" lemma="um" pos="art" morph="M S" extra="--"/>
			<t id="s7_7" word="samsung" lemma="samsung" pos="n" morph="M S" extra="heur"/>
			<t id="s7_8" word="e" lemma="e" pos="conj-c" morph="--" extra="--"/>
			<t id="s7_9" word="apesar_de" lemma="apesar_de" pos="prp" morph="--" extra="--"/>
			<t id="s7_10" word="gostar" lemma="gostar" pos="v-inf" morph="--" extra="vH mv"/>
			<t id="s7_11" word="de" lemma="de" pos="prp" morph="--" extra="sam-"/>
			<t id="s7_12" word="a" lemma="o" pos="art" morph="F S" extra="-sam "/>
			<t id="s7_13" word="qualidade" lemma="qualidade" pos="n" morph="F S" sem="percep-f f-c" extra="--"/>
			<t id="s7_14" word="de" lemma="de" pos="prp" morph="--" extra="sam- np-close"/>
			<t id="s7_15" word="a" lemma="o" pos="art" morph="F S" extra="-sam "/>
			<t id="s7_16" word="lg" lemma="lg" pos="n" morph="F S" extra="foreign"/>
			<t id="s7_17" word="fui" lemma="ir" pos="v-fin" morph="PS 1S IND VFIN" extra="nosubj nosubj cjt-STA fmc aux"/>
			<t id="s7_18" word="totalmente" lemma="totalmente" pos="adv" morph="--" extra="quant"/>
			<t id="s7_19" word="usando-" lemma="usar" pos="v-ger" morph="--" extra="clb hyfen vH mv"/>
			<t id="s7_20" word="a" lemma="ela" pos="pron-pers" morph="F 3S ACC" extra="--"/>
			<t id="s7_21" word="." lemma="--" pos="pu" morph="--" extra="--"/>
		</terminals>

		<nonterminals>
			<nt id="s7_500" cat="s">
				<edge label="STA" idref="s7_501"/>
			</nt>
			<nt id="s7_501" cat="par">
				<edge label="CJT" idref="s7_502"/>
				<edge label="CJT" idref="s7_514"/>
				<edge label="PU" idref="s7_21"/>
			</nt>
			<nt id="s7_502" cat="fcl">
				<edge label="S" idref="s7_1"/>
				<edge label="P" idref="s7_2"/>
				<edge label="fA" idref="s7_503"/>
			</nt>
			<nt id="s7_503" cat="pp">
				<edge label="H" idref="s7_3"/>
				<edge label="DP" idref="s7_504"/>
			</nt>
			<nt id="s7_504" cat="fcl">
				<edge label="S" idref="s7_4"/>
				<edge label="P" idref="s7_5"/>
				<edge label="Od" idref="s7_505"/>
				<edge label="fA" idref="s7_506"/>
			</nt>
			<nt id="s7_505" cat="np">
				<edge label="DN" idref="s7_6"/>
				<edge label="H" idref="s7_7"/>
			</nt>
			<nt id="s7_506" cat="pp">
				<edge label="DP" idref="s7_507"/>
				<edge label="H" idref="s7_9"/>
			</nt>
			<nt id="s7_507" cat="icl">
				<edge label="Op" idref="s7_508"/>
			</nt>
			<nt id="s7_508" cat="pp">
				<edge label="DP" idref="s7_509"/>
			</nt>
			<nt id="s7_509" cat="np">
				<edge label="DN" idref="s7_510"/>
				<edge label="P" idref="s7_10"/>
				<edge label="Op" idref="s7_511"/>
			</nt>
			<nt id="s7_510" cat="pp">
				<edge label="CO" idref="s7_8"/>
				<edge label="DP" idref="s7_513"/>
			</nt>
			<nt id="s7_511" cat="pp">
				<edge label="H" idref="s7_11"/>
				<edge label="DP" idref="s7_512"/>
			</nt>
			<nt id="s7_512" cat="np">
				<edge label="DN" idref="s7_12"/>
				<edge label="H" idref="s7_13"/>
				<edge label="-DN" idref="s7_14"/>
			</nt>
			<nt id="s7_513" cat="np">
				<edge label="DN" idref="s7_15"/>
				<edge label="H" idref="s7_16"/>
			</nt>
			<nt id="s7_514" cat="x">
				<edge label="P" idref="s7_515"/>
				<edge label="fA" idref="s7_18"/>
				<edge label="Od" idref="s7_20"/>
			</nt>
			<nt id="s7_515" cat="vp">
				<edge label="Vaux" idref="s7_17"/>
				<edge label="Vm" idref="s7_19"/>
			</nt>
		</nonterminals>
	</graph>
</s>

<s id="s8" ref="8" source="Running text" forest="1" text="por mim mesma que confiei na marca mas não estudei as opções e principalmente o manuseio.">
	<graph root="s8_500">
		<terminals>
			<t id="s8_1" word="por" lemma="por" pos="prp" morph="--" extra="--"/>
			<t id="s8_2" word="mim" lemma="eu" pos="pron-pers" morph="M/F 1S PIV" extra="--"/>
			<t id="s8_3" word="mesma" lemma="mesmo" pos="pron-indef" morph="DET F S" extra="ident np-close"/>
			<t id="s8_4" word="que" lemma="que" pos="spec" morph="M S" extra="clb rel"/>
			<t id="s8_5" word="confiei" lemma="confiar" pos="v-fin" morph="PS 1S IND VFIN" extra="nosubj nosubj cjt-head cjt-head-STA vH mv"/>
			<t id="s8_6" word="em" lemma="em" pos="prp" morph="--" extra="sam-"/>
			<t id="s8_7" word="a" lemma="o" pos="art" morph="F S" extra="-sam "/>
			<t id="s8_8" word="marca" lemma="marca" pos="n" morph="F S" sem="ac-sign Labs bar" extra="--"/>
			<t id="s8_9" word="mas" lemma="mas" pos="conj-c" morph="--" extra="--"/>
			<t id="s8_10" word="não" lemma="não" pos="adv" morph="--" extra="--"/>
			<t id="s8_11" word="estudei" lemma="estudar" pos="v-fin" morph="PS 1S IND VFIN" extra="nosubj nosubj cjt-STA vH fmc mv"/>
			<t id="s8_12" word="as" lemma="o" pos="art" morph="F P" extra="--"/>
			<t id="s8_13" word="opções" lemma="opção" pos="n" morph="F P" sem="sem-c" extra="cjt-head cjt-head-Od"/>
			<t id="s8_14" word="e" lemma="e" pos="conj-c" morph="--" extra="--"/>
			<t id="s8_15" word="principalmente" lemma="principalmente" pos="adv" morph="--" extra="--"/>
			<t id="s8_16" word="o" lemma="o" pos="art" morph="M S" extra="--"/>
			<t id="s8_17" word="manuseio" lemma="manuseio" pos="n" morph="M S" sem="act-d" extra="cjt-Od"/>
			<t id="s8_18" word="." lemma="--" pos="pu" morph="--" extra="--"/>
		</terminals>

		<nonterminals>
			<nt id="s8_500" cat="s">
				<edge label="fA" idref="s8_501"/>
			</nt>
			<nt id="s8_501" cat="pp">
				<edge label="H" idref="s8_1"/>
				<edge label="DP" idref="s8_502"/>
				<edge label="STA" idref="s8_503"/>
				<edge label="PU" idref="s8_18"/>
			</nt>
			<nt id="s8_502" cat="np">
				<edge label="H" idref="s8_2"/>
				<edge label="DN" idref="s8_3"/>
			</nt>
			<nt id="s8_503" cat="par">
				<edge label="CJT" idref="s8_504"/>
				<edge label="CJT" idref="s8_507"/>
			</nt>
			<nt id="s8_504" cat="fcl">
				<edge label="X" idref="s8_4"/>
				<edge label="P" idref="s8_5"/>
				<edge label="Op" idref="s8_505"/>
			</nt>
			<nt id="s8_505" cat="pp">
				<edge label="H" idref="s8_6"/>
				<edge label="DP" idref="s8_506"/>
			</nt>
			<nt id="s8_506" cat="np">
				<edge label="DN" idref="s8_7"/>
				<edge label="H" idref="s8_8"/>
				<edge label="CO" idref="s8_9"/>
			</nt>
			<nt id="s8_507" cat="x">
				<edge label="fA" idref="s8_10"/>
				<edge label="P" idref="s8_11"/>
				<edge label="Od" idref="s8_508"/>
			</nt>
			<nt id="s8_508" cat="par">
				<edge label="CJT" idref="s8_509"/>
				<edge label="CJT" idref="s8_510"/>
			</nt>
			<nt id="s8_509" cat="np">
				<edge label="DN" idref="s8_12"/>
				<edge label="H" idref="s8_13"/>
				<edge label="CO" idref="s8_14"/>
			</nt>
			<nt id="s8_510" cat="np">
				<edge label="DN" idref="s8_15"/>
				<edge label="DN" idref="s8_16"/>
				<edge label="H" idref="s8_17"/>
			</nt>
		</nonterminals>
	</graph>
</s>

<s id="s9" ref="9" source="Running text" forest="1" text="não faça a troca é a minha sugestão.">
	<graph root="s9_500">
		<terminals>
			<t id="s9_1" word="não" lemma="não" pos="adv" morph="--" extra="--"/>
			<t id="s9_2" word="faça" lemma="fazer" pos="v-fin" morph="PR 1/3S SUBJ VFIN" extra="nosubj nosubj cjt-head cjt-head-STA fmc mv"/>
			<t id="s9_3" word="a" lemma="o" pos="art" morph="F S" extra="--"/>
			<t id="s9_4" word="troca" lemma="troca" pos="n" morph="F S" sem="act" extra="--"/>
			<t id="s9_5" word="é" lemma="ser" pos="v-fin" morph="PR 3S IND VFIN" extra="nosubj nosubj cjt-STA vK fmc mv"/>
			<t id="s9_6" word="a" lemma="o" pos="art" morph="F S" extra="--"/>
			<t id="s9_7" word="minha" lemma="meu" pos="pron-poss" morph="DET F S" extra="poss 1S"/>
			<t id="s9_8" word="sugestão" lemma="sugestão" pos="n" morph="F S" sem="act-s" extra="--"/>
			<t id="s9_9" word="." lemma="--" pos="pu" morph="--" extra="--"/>
		</terminals>

		<nonterminals>
			<nt id="s9_500" cat="s">
				<edge label="STA" idref="s9_501"/>
			</nt>
			<nt id="s9_501" cat="par">
				<edge label="CJT" idref="s9_502"/>
				<edge label="CJT" idref="s9_504"/>
				<edge label="PU" idref="s9_9"/>
			</nt>
			<nt id="s9_502" cat="fcl">
				<edge label="fA" idref="s9_1"/>
				<edge label="P" idref="s9_2"/>
				<edge label="Od" idref="s9_503"/>
			</nt>
			<nt id="s9_503" cat="np">
				<edge label="DN" idref="s9_3"/>
				<edge label="H" idref="s9_4"/>
			</nt>
			<nt id="s9_504" cat="x">
				<edge label="P" idref="s9_5"/>
				<edge label="Cs" idref="s9_505"/>
			</nt>
			<nt id="s9_505" cat="np">
				<edge label="DN" idref="s9_6"/>
				<edge label="DN" idref="s9_7"/>
				<edge label="H" idref="s9_8"/>
			</nt>
		</nonterminals>
	</graph>
</s>

	</body>
</corpus>
