<?xml version="1.0" encoding="UTF-8"?>
<corpus>

	<body>
<s id="s1" ref="1" source="Running text" forest="1" text="aparelho muito bonito, porém a bateria tem uma duração muito baixa, e alguns meses apos a aquisição o aparelho não para de travar..">
	<graph root="s1_500">
		<terminals>
			<t id="s1_1" word="aparelho" lemma="aparelho" pos="n" morph="M S" sem="tool" extra="--"/>
			<t id="s1_2" word="muito" lemma="muito" pos="adv" morph="--" extra="quant"/>
			<t id="s1_3" word="bonito" lemma="bonito" pos="adj" morph="M S" extra="np-close"/>
			<t id="s1_4" word="," lemma="--" pos="pu" morph="--" extra="--"/>
			<t id="s1_5" word="porém" lemma="porém" pos="adv" morph="--" extra="kc"/>
			<t id="s1_6" word="a" lemma="o" pos="art" morph="F S" extra="--"/>
			<t id="s1_7" word="bateria" lemma="bateria" pos="n" morph="F S" sem="tool" extra="--"/>
			<t id="s1_8" word="tem" lemma="ter" pos="v-fin" morph="PR 3S IND VFIN" extra="fmc mv"/>
			<t id="s1_9" word="uma" lemma="um" pos="art" morph="F S" extra="--"/>
			<t id="s1_10" word="duração" lemma="duração" pos="n" morph="F S" sem="am" extra="cjt-head cjt-head-Od"/>
			<t id="s1_11" word="muito" lemma="muito" pos="adv" morph="--" extra="quant"/>
			<t id="s1_12" word="baixa" lemma="baixo" pos="adj" morph="F S" extra="np-close"/>
			<t id="s1_13" word="," lemma="--" pos="pu" morph="--" extra="--"/>
			<t id="s1_14" word="e" lemma="e" pos="conj-c" morph="--" extra="--"/>
			<t id="s1_15" word="alguns" lemma="algum" pos="pron-indef" morph="DET M P" extra="quant"/>
			<t id="s1_16" word="meses" lemma="mês" pos="n" morph="M P" sem="dur per unit" extra="--"/>
			<t id="s1_17" word="apos" lemma="após" pos="adv" morph="--" extra="--"/>
			<t id="s1_18" word="a" lemma="o" pos="art" morph="F S" extra="--"/>
			<t id="s1_19" word="aquisição" lemma="aquisição" pos="n" morph="F S" sem="act" extra="cjt-Od"/>
			<t id="s1_20" word="o" lemma="o" pos="art" morph="M S" extra="--"/>
			<t id="s1_21" word="aparelho" lemma="aparelho" pos="n" morph="M S" sem="tool" extra="cjt-Od"/>
			<t id="s1_22" word="não" lemma="não" pos="adv" morph="--" extra="--"/>
			<t id="s1_23" word="para" lemma="para" pos="prp" morph="--" extra="--"/>
			<t id="s1_24" word="de" lemma="de" pos="prp" morph="--" extra="--"/>
			<t id="s1_25" word="travar" lemma="travar" pos="v-inf" morph="--" extra="mv"/>
			<t id="s1_26" word="." lemma="--" pos="pu" morph="--" extra="--"/>
			<t id="s1_27" word="." lemma="--" pos="pu" morph="--" extra="--"/>
		</terminals>

		<nonterminals>
			<nt id="s1_500" cat="s">
				<edge label="STA" idref="s1_501"/>
			</nt>
			<nt id="s1_501" cat="fcl">
				<edge label="fAtop" idref="s1_502"/>
				<edge label="PU" idref="s1_4"/>
				<edge label="fA" idref="s1_5"/>
				<edge label="S" idref="s1_504"/>
				<edge label="P" idref="s1_8"/>
				<edge label="Od" idref="s1_505"/>
				<edge label="PU" idref="s1_13"/>
				<edge label="fCs" idref="s1_508"/>
				<edge label="fA" idref="s1_509"/>
				<edge label="fA" idref="s1_513"/>
				<edge label="PU" idref="s1_26"/>
				<edge label="PU" idref="s1_27"/>
			</nt>
			<nt id="s1_502" cat="np">
				<edge label="H" idref="s1_1"/>
				<edge label="DN" idref="s1_503"/>
			</nt>
			<nt id="s1_503" cat="adjp">
				<edge label="DA" idref="s1_2"/>
				<edge label="H" idref="s1_3"/>
			</nt>
			<nt id="s1_504" cat="np">
				<edge label="DN" idref="s1_6"/>
				<edge label="H" idref="s1_7"/>
			</nt>
			<nt id="s1_505" cat="par">
				<edge label="CJT" idref="s1_506"/>
			</nt>
			<nt id="s1_506" cat="np">
				<edge label="DN" idref="s1_9"/>
				<edge label="H" idref="s1_10"/>
				<edge label="DN" idref="s1_507"/>
			</nt>
			<nt id="s1_507" cat="adjp">
				<edge label="DA" idref="s1_11"/>
				<edge label="H" idref="s1_12"/>
			</nt>
			<nt id="s1_508" cat="pp">
				<edge label="CO" idref="s1_14"/>
			</nt>
			<nt id="s1_509" cat="advp">
				<edge label="DA" idref="s1_510"/>
				<edge label="H" idref="s1_17"/>
				<edge label="CJT" idref="s1_511"/>
				<edge label="CJT" idref="s1_512"/>
			</nt>
			<nt id="s1_510" cat="np">
				<edge label="DN" idref="s1_15"/>
				<edge label="H" idref="s1_16"/>
			</nt>
			<nt id="s1_511" cat="np">
				<edge label="DN" idref="s1_18"/>
				<edge label="H" idref="s1_19"/>
			</nt>
			<nt id="s1_512" cat="np">
				<edge label="DN" idref="s1_20"/>
				<edge label="H" idref="s1_21"/>
			</nt>
			<nt id="s1_513" cat="pp">
				<edge label="DPmod" idref="s1_22"/>
				<edge label="H" idref="s1_23"/>
				<edge label="H" idref="s1_24"/>
				<edge label="DP" idref="s1_25"/>
			</nt>
		</nonterminals>
	</graph>
</s>

	</body>
</corpus>
