<?xml version="1.0" encoding="UTF-8"?>
<corpus>

	<body>
<s id="s1" ref="1" source="Running text" forest="1" text="gostei logo no começo agora está uma.">
	<graph root="s1_500">
		<terminals>
			<t id="s1_1" word="gostei" lemma="gostar" pos="v-fin" morph="PS 1S IND VFIN" extra="vH fmc mv"/>
			<t id="s1_2" word="logo" lemma="logo" pos="adv" morph="--" extra="kc"/>
			<t id="s1_3" word="em" lemma="em" pos="prp" morph="--" extra="sam-"/>
			<t id="s1_4" word="o" lemma="o" pos="art" morph="M S" extra="-sam "/>
			<t id="s1_5" word="começo" lemma="começo" pos="n" morph="M S" sem="temp" extra="--"/>
			<t id="s1_6" word="agora" lemma="agora" pos="adv" morph="--" extra="kc"/>
			<t id="s1_7" word="está" lemma="estar" pos="v-fin" morph="PR 3S IND VFIN" extra="clb-fs vK mv"/>
			<t id="s1_8" word="uma" lemma="um" pos="pron-indef" morph="DET F S" extra="quant"/>
			<t id="s1_9" word="." lemma="--" pos="pu" morph="--" extra="--"/>
		</terminals>

		<nonterminals>
			<nt id="s1_500" cat="s">
				<edge label="STA" idref="s1_501"/>
			</nt>
			<nt id="s1_501" cat="fcl">
				<edge label="P" idref="s1_1"/>
				<edge label="fA" idref="s1_2"/>
				<edge label="fA" idref="s1_502"/>
				<edge label="fA" idref="s1_6"/>
				<edge label="Od" idref="s1_504"/>
				<edge label="PU" idref="s1_9"/>
			</nt>
			<nt id="s1_502" cat="pp">
				<edge label="H" idref="s1_3"/>
				<edge label="DP" idref="s1_503"/>
			</nt>
			<nt id="s1_503" cat="np">
				<edge label="DN" idref="s1_4"/>
				<edge label="H" idref="s1_5"/>
			</nt>
			<nt id="s1_504" cat="fcl">
				<edge label="P" idref="s1_7"/>
				<edge label="Cs" idref="s1_8"/>
			</nt>
		</nonterminals>
	</graph>
</s>

<s id="s2" ref="2" source="Running text" forest="1" text="o que gostei nada o que não gostei tudo.">
	<graph root="s2_500">
		<terminals>
			<t id="s2_1" word="o" lemma="o" pos="pron-dem" morph="DET M S" extra="dem"/>
			<t id="s2_2" word="que" lemma="que" pos="spec" morph="M S" extra="clb clb-fs rel"/>
			<t id="s2_3" word="gostei" lemma="gostar" pos="v-fin" morph="PS 1S IND VFIN" extra="vH mv np-close"/>
			<t id="s2_4" word="nada" lemma="nada" pos="adv" morph="--" extra="quant det"/>
			<t id="s2_5" word="o_que" lemma="o_que" pos="spec" morph="M S" extra="clb rel"/>
			<t id="s2_6" word="não" lemma="não" pos="adv" morph="--" extra="--"/>
			<t id="s2_7" word="gostei" lemma="gostar" pos="v-fin" morph="PS 1S IND VFIN" extra="vH mv"/>
			<t id="s2_8" word="tudo" lemma="tudo" pos="spec" morph="M S" extra="quant"/>
			<t id="s2_9" word="." lemma="--" pos="pu" morph="--" extra="--"/>
		</terminals>

		<nonterminals>
			<nt id="s2_500" cat="s">
				<edge label="X" idref="s2_501"/>
			</nt>
			<nt id="s2_501" cat="adjp">
				<edge label="H" idref="s2_1"/>
				<edge label="DN" idref="s2_502"/>
				<edge label="S" idref="s2_2"/>
				<edge label="P" idref="s2_3"/>
				<edge label="fA" idref="s2_4"/>
				<edge label="STA" idref="s2_503"/>
				<edge label="PU" idref="s2_9"/>
			</nt>
			<nt id="s2_502" cat="fcl">
			</nt>
			<nt id="s2_503" cat="fcl">
				<edge label="X" idref="s2_5"/>
				<edge label="fA" idref="s2_6"/>
				<edge label="P" idref="s2_7"/>
				<edge label="fA" idref="s2_8"/>
			</nt>
		</nonterminals>
	</graph>
</s>

	</body>
</corpus>
