<?xml version="1.0" encoding="UTF-8"?>
<corpus>

	<body>
<s id="s1" ref="1" source="Running text" forest="1" text="bem fino e bastante resistente, além de as funcionalidades.">
	<graph root="s1_500">
		<terminals>
			<t id="s1_1" word="bem" lemma="bem" pos="adv" morph="--" extra="quant"/>
			<t id="s1_2" word="fino" lemma="fino" pos="adj" morph="M S" extra="jh"/>
			<t id="s1_3" word="e" lemma="e" pos="conj-c" morph="--" extra="--"/>
			<t id="s1_4" word="bastante" lemma="bastante" pos="adj" morph="M/F S" extra="nh"/>
			<t id="s1_5" word="resistente" lemma="resistente" pos="n" morph="M/F S" sem="H" extra="--"/>
			<t id="s1_6" word="," lemma="--" pos="pu" morph="--" extra="--"/>
			<t id="s1_7" word="além_de" lemma="além_de" pos="prp" morph="--" extra="sam-"/>
			<t id="s1_8" word="as" lemma="o" pos="art" morph="F P" extra=" -sam"/>
			<t id="s1_9" word="funcionalidades" lemma="funcionalidade" pos="n" morph="F P" sem="percep-f" extra="--"/>
			<t id="s1_10" word="." lemma="--" pos="pu" morph="--" extra="--"/>
		</terminals>

		<nonterminals>
			<nt id="s1_500" cat="s">
				<edge label="X" idref="s1_501"/>
			</nt>
			<nt id="s1_501" cat="np">
				<edge label="DN" idref="s1_502"/>
				<edge label="CO" idref="s1_3"/>
				<edge label="DN" idref="s1_4"/>
				<edge label="H" idref="s1_5"/>
				<edge label="PU" idref="s1_6"/>
				<edge label="fA" idref="s1_503"/>
				<edge label="PU" idref="s1_10"/>
			</nt>
			<nt id="s1_502" cat="adjp">
				<edge label="DA" idref="s1_1"/>
				<edge label="H" idref="s1_2"/>
			</nt>
			<nt id="s1_503" cat="pp">
				<edge label="H" idref="s1_7"/>
				<edge label="DP" idref="s1_504"/>
			</nt>
			<nt id="s1_504" cat="np">
				<edge label="DN" idref="s1_8"/>
				<edge label="H" idref="s1_9"/>
			</nt>
		</nonterminals>
	</graph>
</s>

<s id="s2" ref="2" source="Running text" forest="1" text="não tenho o produto, mas um amigo me mostrou, ele bateu no visor do celular para mostrar o quanto ele tinha confiança na resistência do aparelho.">
	<graph root="s2_500">
		<terminals>
			<t id="s2_1" word="não" lemma="não" pos="adv" morph="--" extra="--"/>
			<t id="s2_2" word="tenho" lemma="ter" pos="v-fin" morph="PR 1S IND VFIN" extra="nosubj nosubj nosubj nosubj cjt-head cjt-head-STA fmc mv"/>
			<t id="s2_3" word="o" lemma="o" pos="art" morph="M S" extra="--"/>
			<t id="s2_4" word="produto" lemma="produto" pos="n" morph="M S" sem="cc-h mon ac-cat" extra="--"/>
			<t id="s2_5" word="," lemma="--" pos="pu" morph="--" extra="--"/>
			<t id="s2_6" word="mas" lemma="mas" pos="conj-c" morph="--" extra="clb"/>
			<t id="s2_7" word="um" lemma="um" pos="art" morph="M S" extra="--"/>
			<t id="s2_8" word="amigo" lemma="amigo" pos="n" morph="M S" sem="Hfam" extra="--"/>
			<t id="s2_9" word="me" lemma="eu" pos="pron-pers" morph="M/F 1S ACC" extra="--"/>
			<t id="s2_10" word="mostrou" lemma="mostrar" pos="v-fin" morph="PS 3S IND VFIN" extra="cjt-STA fmc mv"/>
			<t id="s2_11" word="," lemma="--" pos="pu" morph="--" extra="--"/>
			<t id="s2_12" word="ele" lemma="ele" pos="pron-pers" morph="M 3S NOM" extra="--"/>
			<t id="s2_13" word="bateu" lemma="bater" pos="v-fin" morph="PS 3S IND VFIN" extra="cjt-STA fmc mv"/>
			<t id="s2_14" word="em" lemma="em" pos="prp" morph="--" extra="sam-"/>
			<t id="s2_15" word="o" lemma="o" pos="art" morph="M S" extra="-sam "/>
			<t id="s2_16" word="visor" lemma="visor" pos="n" morph="M S" sem="tool" extra="--"/>
			<t id="s2_17" word="de" lemma="de" pos="prp" morph="--" extra="sam- np-close"/>
			<t id="s2_18" word="o" lemma="o" pos="art" morph="M S" extra="-sam "/>
			<t id="s2_19" word="celular" lemma="celular" pos="adj" morph="M S" extra="n nh"/>
			<t id="s2_20" word="para" lemma="para" pos="prp" morph="--" extra="--"/>
			<t id="s2_21" word="mostrar" lemma="mostrar" pos="v-inf" morph="--" extra="mv"/>
			<t id="s2_22" word="o" lemma="o" pos="art" morph="M S" extra="--"/>
			<t id="s2_23" word="quanto" lemma="quanto" pos="pron-int" morph="DET M S" extra="clb clb-fs interr quant"/>
			<t id="s2_24" word="ele" lemma="ele" pos="pron-pers" morph="M 3S NOM" extra="--"/>
			<t id="s2_25" word="tinha" lemma="ter" pos="v-fin" morph="IMPF 3S IND VFIN" extra="mv"/>
			<t id="s2_26" word="confiança" lemma="confiança" pos="n" morph="F S" sem="percep-f" extra="--"/>
			<t id="s2_27" word="em" lemma="em" pos="prp" morph="--" extra="sam- np-close"/>
			<t id="s2_28" word="a" lemma="o" pos="art" morph="F S" extra="-sam "/>
			<t id="s2_29" word="resistência" lemma="resistência" pos="n" morph="F S" sem="am" extra="--"/>
			<t id="s2_30" word="de" lemma="de" pos="prp" morph="--" extra="sam- np-close"/>
			<t id="s2_31" word="o" lemma="o" pos="art" morph="M S" extra="-sam "/>
			<t id="s2_32" word="aparelho" lemma="aparelho" pos="n" morph="M S" sem="tool" extra="--"/>
			<t id="s2_33" word="." lemma="--" pos="pu" morph="--" extra="--"/>
		</terminals>

		<nonterminals>
			<nt id="s2_500" cat="s">
				<edge label="STA" idref="s2_501"/>
			</nt>
			<nt id="s2_501" cat="par">
				<edge label="CJT" idref="s2_502"/>
				<edge label="PU" idref="s2_5"/>
				<edge label="CO" idref="s2_6"/>
				<edge label="CJT" idref="s2_504"/>
				<edge label="PU" idref="s2_11"/>
				<edge label="CJT" idref="s2_506"/>
				<edge label="PU" idref="s2_33"/>
			</nt>
			<nt id="s2_502" cat="fcl">
				<edge label="fA" idref="s2_1"/>
				<edge label="P" idref="s2_2"/>
				<edge label="Od" idref="s2_503"/>
			</nt>
			<nt id="s2_503" cat="np">
				<edge label="DN" idref="s2_3"/>
				<edge label="H" idref="s2_4"/>
			</nt>
			<nt id="s2_504" cat="fcl">
				<edge label="S" idref="s2_505"/>
				<edge label="Od" idref="s2_9"/>
				<edge label="P" idref="s2_10"/>
			</nt>
			<nt id="s2_505" cat="np">
				<edge label="DN" idref="s2_7"/>
				<edge label="H" idref="s2_8"/>
			</nt>
			<nt id="s2_506" cat="fcl">
				<edge label="S" idref="s2_12"/>
				<edge label="P" idref="s2_13"/>
				<edge label="Op" idref="s2_507"/>
				<edge label="fA" idref="s2_511"/>
			</nt>
			<nt id="s2_507" cat="pp">
				<edge label="H" idref="s2_14"/>
				<edge label="DP" idref="s2_508"/>
			</nt>
			<nt id="s2_508" cat="np">
				<edge label="DN" idref="s2_15"/>
				<edge label="H" idref="s2_16"/>
				<edge label="DN" idref="s2_509"/>
			</nt>
			<nt id="s2_509" cat="pp">
				<edge label="H" idref="s2_17"/>
				<edge label="DP" idref="s2_510"/>
				<edge label="S" idref="s2_513"/>
			</nt>
			<nt id="s2_510" cat="np">
				<edge label="DN" idref="s2_18"/>
				<edge label="H" idref="s2_19"/>
			</nt>
			<nt id="s2_511" cat="pp">
				<edge label="H" idref="s2_20"/>
				<edge label="DP" idref="s2_512"/>
			</nt>
			<nt id="s2_512" cat="icl">
				<edge label="P" idref="s2_21"/>
				<edge label="Od" idref="s2_514"/>
			</nt>
			<nt id="s2_513" cat="np">
				<edge label="DN" idref="s2_22"/>
				<edge label="H" idref="s2_24"/>
			</nt>
			<nt id="s2_514" cat="fcl">
				<edge label="Od" idref="s2_23"/>
				<edge label="P" idref="s2_25"/>
				<edge label="Od" idref="s2_515"/>
			</nt>
			<nt id="s2_515" cat="np">
				<edge label="H" idref="s2_26"/>
				<edge label="DN" idref="s2_516"/>
			</nt>
			<nt id="s2_516" cat="pp">
				<edge label="H" idref="s2_27"/>
				<edge label="DP" idref="s2_517"/>
			</nt>
			<nt id="s2_517" cat="np">
				<edge label="DN" idref="s2_28"/>
				<edge label="H" idref="s2_29"/>
				<edge label="DN" idref="s2_518"/>
			</nt>
			<nt id="s2_518" cat="pp">
				<edge label="H" idref="s2_30"/>
				<edge label="DP" idref="s2_519"/>
			</nt>
			<nt id="s2_519" cat="np">
				<edge label="DN" idref="s2_31"/>
				<edge label="H" idref="s2_32"/>
			</nt>
		</nonterminals>
	</graph>
</s>

<s id="s3" ref="3" source="Running text" forest="1" text="fiquei impressionado.">
	<graph root="s3_500">
		<terminals>
			<t id="s3_1" word="fiquei" lemma="ficar" pos="v-fin" morph="PS 1S IND VFIN" extra="vK fmc mv"/>
			<t id="s3_2" word="impressionado" lemma="impressionar" pos="v-pcp" morph="M S" extra="--"/>
			<t id="s3_3" word="." lemma="--" pos="pu" morph="--" extra="--"/>
		</terminals>

		<nonterminals>
			<nt id="s3_500" cat="s">
				<edge label="STA" idref="s3_501"/>
			</nt>
			<nt id="s3_501" cat="fcl">
				<edge label="P" idref="s3_1"/>
				<edge label="Cs" idref="s3_2"/>
				<edge label="PU" idref="s3_3"/>
			</nt>
		</nonterminals>
	</graph>
</s>

<s id="s4" ref="4" source="Running text" forest="1" text="e ainda tem um belo design.">
	<graph root="s4_500">
		<terminals>
			<t id="s4_1" word="e" lemma="e" pos="conj-c" morph="--" extra="topkc"/>
			<t id="s4_2" word="ainda" lemma="ainda" pos="adv" morph="--" extra="--"/>
			<t id="s4_3" word="tem" lemma="ter" pos="v-fin" morph="PR 3S IND VFIN" extra="fmc mv"/>
			<t id="s4_4" word="um" lemma="um" pos="art" morph="M S" extra="--"/>
			<t id="s4_5" word="belo" lemma="belo" pos="adj" morph="M S" extra="jh"/>
			<t id="s4_6" word="design" lemma="design" pos="n" morph="M S" sem="percep-f domain" extra="--"/>
			<t id="s4_7" word="." lemma="--" pos="pu" morph="--" extra="--"/>
		</terminals>

		<nonterminals>
			<nt id="s4_500" cat="s">
				<edge label="STA" idref="s4_501"/>
			</nt>
			<nt id="s4_501" cat="fcl">
				<edge label="CO" idref="s4_1"/>
				<edge label="fA" idref="s4_2"/>
				<edge label="P" idref="s4_3"/>
				<edge label="Od" idref="s4_502"/>
				<edge label="PU" idref="s4_7"/>
			</nt>
			<nt id="s4_502" cat="np">
				<edge label="DN" idref="s4_4"/>
				<edge label="DN" idref="s4_5"/>
				<edge label="H" idref="s4_6"/>
			</nt>
		</nonterminals>
	</graph>
</s>

<s id="s5" ref="5" source="Running text" forest="1" text="o que gostei resistência, funcionalidade, design.">
	<graph root="s5_500">
		<terminals>
			<t id="s5_1" word="o" lemma="o" pos="pron-dem" morph="DET M S" extra="dem"/>
			<t id="s5_2" word="que" lemma="que" pos="spec" morph="M S" extra="clb rel"/>
			<t id="s5_3" word="gostei" lemma="gostar" pos="v-fin" morph="PS 1S IND VFIN" extra="vH mv"/>
			<t id="s5_4" word="resistência" lemma="resistência" pos="n" morph="F S" sem="am" extra="--"/>
			<t id="s5_5" word="," lemma="--" pos="pu" morph="--" extra="--"/>
			<t id="s5_6" word="funcionalidade" lemma="funcionalidade" pos="n" morph="F S" sem="percep-f" extra="np-close"/>
			<t id="s5_7" word="," lemma="--" pos="pu" morph="--" extra="--"/>
			<t id="s5_8" word="design" lemma="design" pos="n" morph="M S" sem="percep-f domain" extra="np-close"/>
			<t id="s5_9" word="." lemma="--" pos="pu" morph="--" extra="--"/>
		</terminals>

		<nonterminals>
			<nt id="s5_500" cat="s">
				<edge label="X" idref="s5_501"/>
			</nt>
			<nt id="s5_501" cat="adjp">
				<edge label="H" idref="s5_1"/>
				<edge label="STA" idref="s5_502"/>
				<edge label="PU" idref="s5_9"/>
			</nt>
			<nt id="s5_502" cat="fcl">
				<edge label="X" idref="s5_2"/>
				<edge label="P" idref="s5_3"/>
				<edge label="S" idref="s5_503"/>
			</nt>
			<nt id="s5_503" cat="np">
				<edge label="H" idref="s5_4"/>
				<edge label="PU" idref="s5_5"/>
				<edge label="DNc" idref="s5_504"/>
			</nt>
			<nt id="s5_504" cat="np">
				<edge label="H" idref="s5_6"/>
				<edge label="PU" idref="s5_7"/>
				<edge label="DNc" idref="s5_8"/>
			</nt>
		</nonterminals>
	</graph>
</s>

<s id="s6" ref="6" source="Running text" forest="1" text="o que não gostei nada..">
	<graph root="s6_500">
		<terminals>
			<t id="s6_1" word="o" lemma="o" pos="pron-dem" morph="DET M S" extra="dem"/>
			<t id="s6_2" word="que" lemma="que" pos="spec" morph="M S" extra="clb clb-fs rel"/>
			<t id="s6_3" word="não" lemma="não" pos="adv" morph="--" extra="--"/>
			<t id="s6_4" word="gostei" lemma="gostar" pos="v-fin" morph="PS 1S IND VFIN" extra="vH mv np-close"/>
			<t id="s6_5" word="nada" lemma="nada" pos="spec" morph="M S" extra="quant"/>
			<t id="s6_6" word="." lemma="--" pos="pu" morph="--" extra="--"/>
			<t id="s6_7" word="." lemma="--" pos="pu" morph="--" extra="--"/>
		</terminals>

		<nonterminals>
			<nt id="s6_500" cat="s">
				<edge label="UTT" idref="s6_501"/>
			</nt>
			<nt id="s6_501" cat="x">
				<edge label="X" idref="s6_1"/>
				<edge label="DN" idref="s6_502"/>
				<edge label="S" idref="s6_2"/>
				<edge label="fA" idref="s6_3"/>
				<edge label="P" idref="s6_4"/>
				<edge label="fA" idref="s6_5"/>
				<edge label="PU" idref="s6_6"/>
				<edge label="PU" idref="s6_7"/>
			</nt>
			<nt id="s6_502" cat="fcl">
			</nt>
		</nonterminals>
	</graph>
</s>

	</body>
</corpus>
