<?xml version="1.0" encoding="UTF-8"?>
<corpus>

	<body>
<s id="s1" ref="1" source="Running text" forest="1" text="dá muito problema, o celular desliga sozinho, disca sozinho, trava, gostaria muito que a lg melhorasse a qualidade de seus produtos, os modelos são bonitos, porém é meu segundo celular lg que dá problema e alguns de eles apareceram nos dois.">
	<graph root="s1_500">
		<terminals>
			<t id="s1_1" word="dá" lemma="dar" pos="v-fin" morph="PR 3S IND VFIN" extra="nosubj nosubj nosubj nosubj nosubj nosubj nosubj nosubj nosubj nosubj nosubj nosubj cjt-head cjt-head-STA fmc mv"/>
			<t id="s1_2" word="muito" lemma="muito" pos="adv" morph="--" extra="quant"/>
			<t id="s1_3" word="problema" lemma="problema" pos="n" morph="M S" sem="ac" extra="--"/>
			<t id="s1_4" word="," lemma="--" pos="pu" morph="--" extra="--"/>
			<t id="s1_5" word="o" lemma="o" pos="art" morph="M S" extra="--"/>
			<t id="s1_6" word="celular" lemma="celular" pos="adj" morph="M S" extra="n nh"/>
			<t id="s1_7" word="desliga" lemma="desligar" pos="v-fin" morph="PR 3S IND VFIN" extra="cjt-STA vH fmc mv"/>
			<t id="s1_8" word="sozinho" lemma="sozinho" pos="adj" morph="M S" extra="--"/>
			<t id="s1_9" word="," lemma="--" pos="pu" morph="--" extra="--"/>
			<t id="s1_10" word="disca" lemma="discar" pos="v-fin" morph="PR 3S IND VFIN" extra="nosubj nosubj cjt-STA vH fmc mv"/>
			<t id="s1_11" word="sozinho" lemma="sozinho" pos="adj" morph="M S" extra="--"/>
			<t id="s1_12" word="," lemma="--" pos="pu" morph="--" extra="--"/>
			<t id="s1_13" word="trava" lemma="travar" pos="v-fin" morph="PR 3S IND VFIN" extra="nosubj nosubj cjt-STA fmc mv"/>
			<t id="s1_14" word="," lemma="--" pos="pu" morph="--" extra="--"/>
			<t id="s1_15" word="gostaria" lemma="gostar" pos="v-fin" morph="COND 3S VFIN" extra="cjt-STA vH fmc mv"/>
			<t id="s1_16" word="muito" lemma="muito" pos="pron-indef" morph="DET M S" extra="quant"/>
			<t id="s1_17" word="que" lemma="que" pos="conj-s" morph="--" extra="clb clb-fs"/>
			<t id="s1_18" word="a" lemma="o" pos="art" morph="F S" extra="--"/>
			<t id="s1_19" word="lg" lemma="lg" pos="n" morph="M S" extra="foreign"/>
			<t id="s1_20" word="melhorasse" lemma="melhorar" pos="v-fin" morph="IMPF 3S SUBJ VFIN" extra="mv"/>
			<t id="s1_21" word="a" lemma="o" pos="art" morph="F S" extra="--"/>
			<t id="s1_22" word="qualidade" lemma="qualidade" pos="n" morph="F S" sem="percep-f f-c" extra="--"/>
			<t id="s1_23" word="de" lemma="de" pos="prp" morph="--" extra="np-close"/>
			<t id="s1_24" word="seus" lemma="seu" pos="pron-poss" morph="DET M P" extra="poss 3S"/>
			<t id="s1_25" word="produtos" lemma="produto" pos="n" morph="M P" sem="cc-h mon ac-cat" extra="--"/>
			<t id="s1_26" word="," lemma="--" pos="pu" morph="--" extra="--"/>
			<t id="s1_27" word="os" lemma="o" pos="art" morph="M P" extra="--"/>
			<t id="s1_28" word="modelos" lemma="modelo" pos="n" morph="M P" sem="ac Hprof" extra="--"/>
			<t id="s1_29" word="são" lemma="ser" pos="v-fin" morph="PR 3P IND VFIN" extra="cjt-STA vK fmc mv"/>
			<t id="s1_30" word="bonitos" lemma="bonito" pos="adj" morph="M P" extra="jh"/>
			<t id="s1_31" word="," lemma="--" pos="pu" morph="--" extra="--"/>
			<t id="s1_32" word="porém" lemma="porém" pos="adv" morph="--" extra="kc"/>
			<t id="s1_33" word="é" lemma="ser" pos="v-fin" morph="PR 3S IND VFIN" extra="nosubj nosubj cjt-STA vK fmc mv"/>
			<t id="s1_34" word="meu" lemma="meu" pos="pron-poss" morph="DET M S" extra="poss 1S"/>
			<t id="s1_35" word="segundo" lemma="segundo" pos="n" morph="M S" sem="dur unit" extra="--"/>
			<t id="s1_36" word="celular" lemma="celular" pos="adj" morph="M S" extra="nh np-close"/>
			<t id="s1_37" word="lg" lemma="lg" pos="n" morph="M/F S" extra="foreign"/>
			<t id="s1_38" word="que" lemma="que" pos="spec" morph="M S" extra="clb clb-fs rel"/>
			<t id="s1_39" word="dá" lemma="dar" pos="v-fin" morph="PR 3S IND VFIN" extra="mv np-close"/>
			<t id="s1_40" word="problema" lemma="problema" pos="n" morph="M S" sem="ac" extra="cjt-head cjt-head-Od"/>
			<t id="s1_41" word="e" lemma="e" pos="conj-c" morph="--" extra="--"/>
			<t id="s1_42" word="alguns" lemma="algum" pos="pron-indef" morph="DET M P" extra="cjt-Od quant"/>
			<t id="s1_43" word="de" lemma="de" pos="prp" morph="--" extra="sam- np-close"/>
			<t id="s1_44" word="eles" lemma="eles" pos="pron-pers" morph="M 3P NOM/PIV" extra="-sam"/>
			<t id="s1_45" word="apareceram" lemma="aparecer" pos="v-fin" morph="PS/MQP 3P IND VFIN" extra="cjt-STA fmc mv"/>
			<t id="s1_46" word="em" lemma="em" pos="prp" morph="--" extra="sam-"/>
			<t id="s1_47" word="os" lemma="o" pos="art" morph="M P" extra=" -sam"/>
			<t id="s1_48" word="dois" lemma="dois" pos="num" morph="M P" extra="card"/>
			<t id="s1_49" word="." lemma="--" pos="pu" morph="--" extra="--"/>
		</terminals>

		<nonterminals>
			<nt id="s1_500" cat="s">
				<edge label="STA" idref="s1_501"/>
			</nt>
			<nt id="s1_501" cat="par">
				<edge label="CJT" idref="s1_502"/>
				<edge label="PU" idref="s1_4"/>
				<edge label="CJT" idref="s1_503"/>
				<edge label="PU" idref="s1_9"/>
				<edge label="CJT" idref="s1_505"/>
				<edge label="PU" idref="s1_12"/>
				<edge label="CJT" idref="s1_13"/>
				<edge label="PU" idref="s1_14"/>
				<edge label="CJT" idref="s1_506"/>
				<edge label="PU" idref="s1_26"/>
				<edge label="CJT" idref="s1_512"/>
				<edge label="PU" idref="s1_31"/>
				<edge label="CJT" idref="s1_514"/>
				<edge label="CJT" idref="s1_516"/>
				<edge label="PU" idref="s1_49"/>
			</nt>
			<nt id="s1_502" cat="fcl">
				<edge label="P" idref="s1_1"/>
				<edge label="fA" idref="s1_2"/>
				<edge label="Od" idref="s1_3"/>
			</nt>
			<nt id="s1_503" cat="fcl">
				<edge label="fCs" idref="s1_504"/>
				<edge label="S" idref="s1_6"/>
				<edge label="P" idref="s1_7"/>
			</nt>
			<nt id="s1_504" cat="np">
				<edge label="DN" idref="s1_5"/>
				<edge label="H" idref="s1_8"/>
			</nt>
			<nt id="s1_505" cat="x">
				<edge label="P" idref="s1_10"/>
				<edge label="fCs" idref="s1_11"/>
			</nt>
			<nt id="s1_506" cat="fcl">
				<edge label="P" idref="s1_15"/>
				<edge label="S" idref="s1_16"/>
				<edge label="Od" idref="s1_507"/>
			</nt>
			<nt id="s1_507" cat="fcl">
				<edge label="SUB" idref="s1_17"/>
				<edge label="S" idref="s1_508"/>
				<edge label="P" idref="s1_20"/>
				<edge label="Od" idref="s1_509"/>
			</nt>
			<nt id="s1_508" cat="np">
				<edge label="DN" idref="s1_18"/>
				<edge label="H" idref="s1_19"/>
			</nt>
			<nt id="s1_509" cat="np">
				<edge label="DN" idref="s1_21"/>
				<edge label="H" idref="s1_22"/>
				<edge label="DN" idref="s1_510"/>
			</nt>
			<nt id="s1_510" cat="pp">
				<edge label="H" idref="s1_23"/>
				<edge label="DP" idref="s1_511"/>
			</nt>
			<nt id="s1_511" cat="np">
				<edge label="DN" idref="s1_24"/>
				<edge label="H" idref="s1_25"/>
				<edge label="DN" idref="s1_520"/>
			</nt>
			<nt id="s1_512" cat="fcl">
				<edge label="S" idref="s1_513"/>
				<edge label="P" idref="s1_29"/>
				<edge label="Cs" idref="s1_30"/>
			</nt>
			<nt id="s1_513" cat="np">
				<edge label="DN" idref="s1_27"/>
				<edge label="H" idref="s1_28"/>
			</nt>
			<nt id="s1_514" cat="x">
				<edge label="fA" idref="s1_32"/>
				<edge label="P" idref="s1_33"/>
				<edge label="Cs" idref="s1_515"/>
			</nt>
			<nt id="s1_515" cat="np">
				<edge label="DN" idref="s1_34"/>
				<edge label="H" idref="s1_35"/>
				<edge label="DN" idref="s1_36"/>
			</nt>
			<nt id="s1_516" cat="fcl">
				<edge label="S" idref="s1_517"/>
				<edge label="P" idref="s1_45"/>
				<edge label="fA" idref="s1_521"/>
			</nt>
			<nt id="s1_517" cat="np">
				<edge label="H" idref="s1_37"/>
				<edge label="DN" idref="s1_518"/>
			</nt>
			<nt id="s1_518" cat="fcl">
				<edge label="S" idref="s1_38"/>
				<edge label="P" idref="s1_39"/>
				<edge label="Od" idref="s1_519"/>
			</nt>
			<nt id="s1_519" cat="par">
				<edge label="CJT" idref="s1_40"/>
				<edge label="CJT" idref="s1_42"/>
			</nt>
			<nt id="s1_520" cat="pp">
				<edge label="CO" idref="s1_41"/>
				<edge label="H" idref="s1_43"/>
				<edge label="DP" idref="s1_44"/>
			</nt>
			<nt id="s1_521" cat="pp">
				<edge label="H" idref="s1_46"/>
				<edge label="DP" idref="s1_522"/>
			</nt>
			<nt id="s1_522" cat="np">
				<edge label="DN" idref="s1_47"/>
				<edge label="H" idref="s1_48"/>
			</nt>
		</nonterminals>
	</graph>
</s>

<s id="s2" ref="2" source="Running text" forest="1" text="o que gostei o visual e a facilidade para manuseio do aparelho o que não gostei da qualidade, parece que a lg não dá muita importância para a qualidade.">
	<graph root="s2_500">
		<terminals>
			<t id="s2_1" word="o" lemma="o" pos="pron-dem" morph="DET M S" extra="cjt-head cjt-head-S dem"/>
			<t id="s2_2" word="que" lemma="que" pos="spec" morph="M S" extra="clb clb-fs rel"/>
			<t id="s2_3" word="gostei" lemma="gostar" pos="v-fin" morph="PS 1S IND VFIN" extra="vH mv np-close"/>
			<t id="s2_4" word="o" lemma="o" pos="art" morph="M S" extra="--"/>
			<t id="s2_5" word="visual" lemma="visual" pos="adj" morph="M S" extra="cjt-S n nh"/>
			<t id="s2_6" word="e" lemma="e" pos="conj-c" morph="--" extra="--"/>
			<t id="s2_7" word="a" lemma="o" pos="art" morph="F S" extra="--"/>
			<t id="s2_8" word="facilidade" lemma="facilidade" pos="n" morph="F S" sem="am" extra="--"/>
			<t id="s2_9" word="para" lemma="para" pos="prp" morph="--" extra="np-close"/>
			<t id="s2_10" word="manuseio" lemma="manuseio" pos="n" morph="M S" sem="act-d" extra="--"/>
			<t id="s2_11" word="de" lemma="de" pos="prp" morph="--" extra="sam- np-close"/>
			<t id="s2_12" word="o" lemma="o" pos="art" morph="M S" extra="-sam "/>
			<t id="s2_13" word="aparelho" lemma="aparelho" pos="n" morph="M S" sem="tool" extra="--"/>
			<t id="s2_14" word="o" lemma="o" pos="pron-dem" morph="DET M S" extra="dem"/>
			<t id="s2_15" word="que" lemma="que" pos="spec" morph="M S" extra="clb clb-fs rel"/>
			<t id="s2_16" word="não" lemma="não" pos="adv" morph="--" extra="--"/>
			<t id="s2_17" word="gostei" lemma="gostar" pos="v-fin" morph="PS 1S IND VFIN" extra="vH mv np-close"/>
			<t id="s2_18" word="de" lemma="de" pos="prp" morph="--" extra="sam-"/>
			<t id="s2_19" word="a" lemma="o" pos="art" morph="F S" extra="-sam "/>
			<t id="s2_20" word="qualidade" lemma="qualidade" pos="n" morph="F S" sem="percep-f f-c" extra="--"/>
			<t id="s2_21" word="," lemma="--" pos="pu" morph="--" extra="--"/>
			<t id="s2_22" word="parece" lemma="parecer" pos="v-fin" morph="PR 3S IND VFIN" extra="fmc mv"/>
			<t id="s2_23" word="que" lemma="que" pos="conj-s" morph="--" extra="clb clb-fs"/>
			<t id="s2_24" word="a" lemma="o" pos="art" morph="F S" extra="--"/>
			<t id="s2_25" word="lg" lemma="lg" pos="n" morph="F S" extra="foreign"/>
			<t id="s2_26" word="não" lemma="não" pos="adv" morph="--" extra="--"/>
			<t id="s2_27" word="dá" lemma="dar" pos="v-fin" morph="PR 3S IND VFIN" extra="mv"/>
			<t id="s2_28" word="muita" lemma="muito" pos="pron-indef" morph="DET F S" extra="quant"/>
			<t id="s2_29" word="importância" lemma="import�=ncia" pos="n" morph="F S" sem="am" extra="--"/>
			<t id="s2_30" word="para" lemma="para" pos="prp" morph="--" extra="np-close"/>
			<t id="s2_31" word="a" lemma="o" pos="art" morph="F S" extra="--"/>
			<t id="s2_32" word="qualidade" lemma="qualidade" pos="n" morph="F S" sem="percep-f f-c" extra="--"/>
			<t id="s2_33" word="." lemma="--" pos="pu" morph="--" extra="--"/>
		</terminals>

		<nonterminals>
			<nt id="s2_500" cat="s">
				<edge label="UTT" idref="s2_501"/>
			</nt>
			<nt id="s2_501" cat="x">
				<edge label="DN" idref="s2_504"/>
				<edge label="S" idref="s2_2"/>
				<edge label="P" idref="s2_3"/>
				<edge label="S" idref="s2_505"/>
				<edge label="S" idref="s2_14"/>
				<edge label="PU" idref="s2_21"/>
				<edge label="P" idref="s2_22"/>
				<edge label="PU" idref="s2_33"/>
			</nt>
			<nt id="s2_502" cat="fcl">
				<edge label="S" idref="s2_503"/>
			</nt>
			<nt id="s2_503" cat="par">
				<edge label="CJT" idref="s2_1"/>
			</nt>
			<nt id="s2_504" cat="fcl">
			</nt>
			<nt id="s2_505" cat="fcl">
				<edge label="S" idref="s2_506"/>
				<edge label="CJT" idref="s2_5"/>
				<edge label="SUB" idref="s2_23"/>
				<edge label="S" idref="s2_514"/>
				<edge label="fA" idref="s2_26"/>
				<edge label="P" idref="s2_27"/>
				<edge label="Od" idref="s2_515"/>
				<edge label="H" idref="s2_29"/>
			</nt>
			<nt id="s2_506" cat="np">
				<edge label="DN" idref="s2_4"/>
				<edge label="DN" idref="s2_507"/>
				<edge label="DN" idref="s2_7"/>
				<edge label="H" idref="s2_8"/>
				<edge label="-DN" idref="s2_9"/>
			</nt>
			<nt id="s2_507" cat="pp">
				<edge label="CO" idref="s2_6"/>
				<edge label="DP" idref="s2_508"/>
			</nt>
			<nt id="s2_508" cat="np">
				<edge label="H" idref="s2_10"/>
				<edge label="DN" idref="s2_509"/>
			</nt>
			<nt id="s2_509" cat="pp">
				<edge label="H" idref="s2_11"/>
				<edge label="DP" idref="s2_510"/>
			</nt>
			<nt id="s2_510" cat="np">
				<edge label="DN" idref="s2_12"/>
				<edge label="H" idref="s2_13"/>
				<edge label="DN" idref="s2_511"/>
			</nt>
			<nt id="s2_511" cat="fcl">
				<edge label="S" idref="s2_15"/>
				<edge label="fA" idref="s2_16"/>
				<edge label="P" idref="s2_17"/>
				<edge label="Op" idref="s2_512"/>
			</nt>
			<nt id="s2_512" cat="pp">
				<edge label="H" idref="s2_18"/>
				<edge label="DP" idref="s2_513"/>
			</nt>
			<nt id="s2_513" cat="np">
				<edge label="DN" idref="s2_19"/>
				<edge label="H" idref="s2_20"/>
			</nt>
			<nt id="s2_514" cat="np">
				<edge label="DN" idref="s2_24"/>
				<edge label="H" idref="s2_25"/>
			</nt>
			<nt id="s2_515" cat="np">
				<edge label="DN" idref="s2_28"/>
				<edge label="DN" idref="s2_516"/>
			</nt>
			<nt id="s2_516" cat="pp">
				<edge label="H" idref="s2_30"/>
				<edge label="DP" idref="s2_517"/>
			</nt>
			<nt id="s2_517" cat="np">
				<edge label="DN" idref="s2_31"/>
				<edge label="H" idref="s2_32"/>
			</nt>
		</nonterminals>
	</graph>
</s>

	</body>
</corpus>
