<?xml version="1.0" encoding="UTF-8"?>
<corpus>

	<body>
<s id="s1" ref="1" source="Running text" forest="1" text="eu não tenho nem duvida este e o pior celular nus últimos number ano a.">
	<graph root="s1_500">
		<terminals>
			<t id="s1_1" word="eu" lemma="eu" pos="pron-pers" morph="M/F 1S NOM" extra="--"/>
			<t id="s1_2" word="não" lemma="não" pos="adv" morph="--" extra="--"/>
			<t id="s1_3" word="tenho" lemma="ter" pos="v-fin" morph="PR 1S IND VFIN" extra="cjt-head cjt-head-STA fmc mv"/>
			<t id="s1_4" word="nem" lemma="nem" pos="conj-c" morph="--" extra="co-fin"/>
			<t id="s1_5" word="duvida" lemma="duvidar" pos="v-fin" morph="PR 3S IND VFIN" extra="nosubj cjt-STA nosubj cjt-STA vH fmc mv"/>
			<t id="s1_6" word="este" lemma="este" pos="pron-dem" morph="DET M S" extra="dem"/>
			<t id="s1_7" word="e" lemma="e" pos="conj-c" morph="--" extra="--"/>
			<t id="s1_8" word="o" lemma="o" pos="art" morph="M S" extra="--"/>
			<t id="s1_9" word="pior" lemma="mau" pos="adj" morph="M S" extra="cjt-head cjt-head-S n KOMP SUP jh"/>
			<t id="s1_10" word="celular" lemma="celular" pos="adj" morph="M S" extra="nh np-close"/>
			<t id="s1_11" word="nus" lemma="nu" pos="adj" morph="M P" extra="cjt-S n jh"/>
			<t id="s1_12" word="últimos" lemma="último" pos="adj" morph="M P" extra="NUM-ord np-close"/>
			<t id="s1_13" word="number" lemma="number" pos="v-inf" morph="3S" extra="heur mv"/>
			<t id="s1_14" word="ano" lemma="ano" pos="n" morph="M S" sem="dur temp per unit" extra="--"/>
			<t id="s1_15" word="a" lemma="a" pos="prp" morph="--" extra="--"/>
			<t id="s1_16" word="." lemma="--" pos="pu" morph="--" extra="--"/>
		</terminals>

		<nonterminals>
			<nt id="s1_500" cat="s">
				<edge label="STA" idref="s1_501"/>
			</nt>
			<nt id="s1_501" cat="par">
				<edge label="CJT" idref="s1_502"/>
				<edge label="CO" idref="s1_4"/>
				<edge label="CJT" idref="s1_504"/>
				<edge label="PU" idref="s1_16"/>
			</nt>
			<nt id="s1_502" cat="fcl">
				<edge label="S" idref="s1_503"/>
				<edge label="fA" idref="s1_2"/>
				<edge label="P" idref="s1_3"/>
			</nt>
			<nt id="s1_503" cat="np">
				<edge label="H" idref="s1_1"/>
				<secedge label="*" idref="s1_506"/>
				<secedge label="*" idref="s1_507"/>
			</nt>
			<nt id="s1_504" cat="x">
				<edge label="P" idref="s1_5"/>
				<edge label="Od" idref="s1_6"/>
				<edge label="S" idref="s1_505"/>
			</nt>
			<nt id="s1_505" cat="np">
				<edge label="DN" idref="s1_506"/>
				<edge label="UTT" idref="s1_507"/>
				<edge label="DN" idref="s1_12"/>
				<edge label="P" idref="s1_13"/>
				<edge label="fA" idref="s1_15"/>
			</nt>
			<nt id="s1_506" cat="adjp">
				<edge label="CO" idref="s1_7"/>
			</nt>
			<nt id="s1_507" cat="fcl">
				<edge label="Od" idref="s1_508"/>
				<edge label="S" idref="s1_509"/>
				<edge label="H" idref="s1_10"/>
			</nt>
			<nt id="s1_508" cat="np">
				<edge label="DN" idref="s1_8"/>
				<edge label="H" idref="s1_14"/>
			</nt>
			<nt id="s1_509" cat="par">
				<edge label="CJT" idref="s1_9"/>
				<edge label="CJT" idref="s1_11"/>
			</nt>
		</nonterminals>
	</graph>
</s>

<s id="s2" ref="2" source="Running text" forest="1" text="com.">
	<graph root="s2_500">
		<terminals>
			<t id="s2_1" word="com" lemma="com" pos="prp" morph="--" extra="--"/>
			<t id="s2_2" word="." lemma="--" pos="pu" morph="--" extra="--"/>
		</terminals>

		<nonterminals>
			<nt id="s2_500" cat="s">
				<edge label="UTT" idref="s2_501"/>
			</nt>
			<nt id="s2_501" cat="x">
				<edge label="fA" idref="s2_1"/>
				<edge label="PU" idref="s2_2"/>
			</nt>
		</nonterminals>
	</graph>
</s>

<s id="s3" ref="3" source="Running text" forest="1" text="o que gostei a única coisa boa dessa e porque ela e leve e tem teclado qwert e o resto e horrível o que não gostei eu tenho um desse mais e não erigia ter foi meu pai que comprou mais eu odiei não tem brutus não tem camera não ten sincronização com o computador não tem nada eu aconselho a não comprar essa..">
	<graph root="s3_500">
		<terminals>
			<t id="s3_1" word="o" lemma="o" pos="pron-dem" morph="DET M S" extra="dem"/>
			<t id="s3_2" word="que" lemma="que" pos="spec" morph="M S" extra="clb clb-fs rel"/>
			<t id="s3_3" word="gostei" lemma="gostar" pos="v-fin" morph="PS 1S IND VFIN" extra="vH mv np-close"/>
			<t id="s3_4" word="a" lemma="o" pos="art" morph="F S" extra="--"/>
			<t id="s3_5" word="única" lemma="único" pos="adj" morph="F S" extra="--"/>
			<t id="s3_6" word="coisa" lemma="coisa" pos="n" morph="F S" sem="cc ac" extra="--"/>
			<t id="s3_7" word="boa" lemma="bom" pos="adj" morph="F S" extra="np-close"/>
			<t id="s3_8" word="de" lemma="de" pos="prp" morph="--" extra="sam-"/>
			<t id="s3_9" word="essa" lemma="esse" pos="pron-dem" morph="DET F S" extra="-sam dem"/>
			<t id="s3_10" word="e" lemma="e" pos="conj-c" morph="--" extra="--"/>
			<t id="s3_11" word="porque" lemma="porque" pos="conj-s" morph="--" extra="clb clb-fs"/>
			<t id="s3_12" word="ela" lemma="ela" pos="pron-pers" morph="F 3S NOM" extra="--"/>
			<t id="s3_13" word="e" lemma="e" pos="conj-c" morph="--" extra="--"/>
			<t id="s3_14" word="leve" lemma="leve" pos="adj" morph="M/F S" extra="jh"/>
			<t id="s3_15" word="e" lemma="e" pos="conj-c" morph="--" extra="--"/>
			<t id="s3_16" word="tem" lemma="ter" pos="v-fin" morph="PR 3S IND VFIN" extra="aux"/>
			<t id="s3_17" word="teclado" lemma="teclar" pos="v-pcp" morph="--" extra="vH mv"/>
			<t id="s3_18" word="qwert" lemma="qwert" pos="n" morph="M S" extra="cjt-head cjt-head-Od foreign heur"/>
			<t id="s3_19" word="e" lemma="e" pos="conj-c" morph="--" extra="--"/>
			<t id="s3_20" word="o" lemma="o" pos="art" morph="M S" extra="--"/>
			<t id="s3_21" word="resto" lemma="resto" pos="n" morph="M S" sem="amount" extra="cjt-Od"/>
			<t id="s3_22" word="e" lemma="e" pos="conj-c" morph="--" extra="--"/>
			<t id="s3_23" word="horrível" lemma="horrível" pos="adj" morph="M/F S" extra="cjt-Od jh"/>
			<t id="s3_24" word="o" lemma="o" pos="pron-dem" morph="DET M S" extra="dem"/>
			<t id="s3_25" word="que" lemma="que" pos="spec" morph="M S" extra="clb clb-fs rel"/>
			<t id="s3_26" word="não" lemma="não" pos="adv" morph="--" extra="--"/>
			<t id="s3_27" word="gostei" lemma="gostar" pos="v-fin" morph="PS 1S IND VFIN" extra="vH mv np-close"/>
			<t id="s3_28" word="eu" lemma="eu" pos="pron-pers" morph="M 1S NOM" extra="--"/>
			<t id="s3_29" word="tenho" lemma="ter" pos="v-fin" morph="PR 1S IND VFIN" extra="nosubj nosubj nosubj nosubj nosubj nosubj nosubj nosubj nosubj nosubj cjt-head cjt-head-STA fmc mv"/>
			<t id="s3_30" word="um" lemma="um" pos="pron-indef" morph="DET M S" extra="quant"/>
			<t id="s3_31" word="de" lemma="de" pos="prp" morph="--" extra="sam- np-close"/>
			<t id="s3_32" word="esse" lemma="esse" pos="pron-dem" morph="DET M S" extra="dem -sam"/>
			<t id="s3_33" word="mais" lemma="mais" pos="adv" morph="--" extra="--"/>
			<t id="s3_34" word="e" lemma="e" pos="conj-c" morph="--" extra="--"/>
			<t id="s3_35" word="não" lemma="não" pos="adv" morph="--" extra="--"/>
			<t id="s3_36" word="erigia" lemma="erigir" pos="v-fin" morph="IMPF 1/3S IND VFIN" extra="cjt-STA vH fmc mv"/>
			<t id="s3_37" word="ter" lemma="ter" pos="v-inf" morph="--" extra="mv"/>
			<t id="s3_38" word="foi" lemma="ser" pos="v-fin" morph="PS 3S IND VFIN" extra="cjt-STA vK fmc mv"/>
			<t id="s3_39" word="meu" lemma="meu" pos="pron-poss" morph="DET M S" extra="poss 1S"/>
			<t id="s3_40" word="pai" lemma="pai" pos="n" morph="M S" sem="Hfam" extra="--"/>
			<t id="s3_41" word="que" lemma="que" pos="spec" morph="M S" extra="clb clb-fs rel"/>
			<t id="s3_42" word="comprou" lemma="comprar" pos="v-fin" morph="PS 3S IND VFIN" extra="vH mv np-close"/>
			<t id="s3_43" word="mais" lemma="mais" pos="adv" morph="--" extra="--"/>
			<t id="s3_44" word="eu" lemma="eu" pos="pron-pers" morph="M/F 1S NOM" extra="--"/>
			<t id="s3_45" word="odiei" lemma="odiar" pos="v-fin" morph="PS 1S IND VFIN" extra="cjt-STA heur fmc mv"/>
			<t id="s3_46" word="não" lemma="não" pos="adv" morph="--" extra="--"/>
			<t id="s3_47" word="tem" lemma="ter" pos="v-fin" morph="PR 3S IND VFIN" extra="nosubj nosubj cjt-STA fmc mv"/>
			<t id="s3_48" word="brutus" lemma="brutu" pos="n" morph="M P" extra="heur"/>
			<t id="s3_49" word="não" lemma="não" pos="adv" morph="--" extra="--"/>
			<t id="s3_50" word="tem" lemma="ter" pos="v-fin" morph="PR 3S IND VFIN" extra="nosubj nosubj cjt-STA fmc mv"/>
			<t id="s3_51" word="camera" lemma="c�=mara" pos="n" morph="F S" sem="Lh HH" extra="--"/>
			<t id="s3_52" word="não" lemma="não" pos="adv" morph="--" extra="--"/>
			<t id="s3_53" word="ten" lemma="ten" pos="n" morph="M S" extra="heur"/>
			<t id="s3_54" word="sincronização" lemma="sincronização" pos="n" morph="F S" sem="act" extra="--"/>
			<t id="s3_55" word="com" lemma="com" pos="prp" morph="--" extra="np-close"/>
			<t id="s3_56" word="o" lemma="o" pos="art" morph="M S" extra="--"/>
			<t id="s3_57" word="computador" lemma="computador" pos="n" morph="M S" sem="mach" extra="--"/>
			<t id="s3_58" word="não" lemma="não" pos="adv" morph="--" extra="--"/>
			<t id="s3_59" word="tem" lemma="ter" pos="v-fin" morph="PR 3S IND VFIN" extra="nosubj nosubj cjt-STA fmc mv"/>
			<t id="s3_60" word="nada" lemma="nada" pos="spec" morph="M S" extra="quant"/>
			<t id="s3_61" word="eu" lemma="eu" pos="pron-pers" morph="M/F 1S NOM" extra="--"/>
			<t id="s3_62" word="aconselho" lemma="aconselhar" pos="v-fin" morph="PR 1S IND VFIN" extra="cjt-STA vH fmc mv"/>
			<t id="s3_63" word="a" lemma="a" pos="prp" morph="--" extra="--"/>
			<t id="s3_64" word="não" lemma="não" pos="adv" morph="--" extra="--"/>
			<t id="s3_65" word="comprar" lemma="comprar" pos="v-inf" morph="--" extra="vH mv"/>
			<t id="s3_66" word="essa" lemma="esse" pos="pron-dem" morph="DET F S" extra="dem"/>
			<t id="s3_67" word="." lemma="--" pos="pu" morph="--" extra="--"/>
			<t id="s3_68" word="." lemma="--" pos="pu" morph="--" extra="--"/>
		</terminals>

		<nonterminals>
			<nt id="s3_500" cat="s">
				<edge label="STA" idref="s3_501"/>
			</nt>
			<nt id="s3_501" cat="par">
				<edge label="CJT" idref="s3_502"/>
				<edge label="CJT" idref="s3_503"/>
				<edge label="DN" idref="s3_504"/>
				<edge label="S" idref="s3_2"/>
				<edge label="P" idref="s3_3"/>
				<edge label="CJT" idref="s3_505"/>
				<edge label="CJT" idref="s3_518"/>
				<edge label="CJT" idref="s3_519"/>
				<edge label="CJT" idref="s3_520"/>
				<edge label="CJT" idref="s3_521"/>
				<edge label="CJT" idref="s3_526"/>
				<edge label="PU" idref="s3_67"/>
				<edge label="PU" idref="s3_68"/>
			</nt>
			<nt id="s3_502" cat="fcl">
			</nt>
			<nt id="s3_503" cat="fcl">
				<edge label="S" idref="s3_1"/>
			</nt>
			<nt id="s3_504" cat="fcl">
			</nt>
			<nt id="s3_505" cat="fcl">
				<edge label="S" idref="s3_506"/>
				<edge label="fA" idref="s3_509"/>
				<edge label="S" idref="s3_24"/>
				<edge label="S" idref="s3_514"/>
				<edge label="P" idref="s3_29"/>
				<edge label="Od" idref="s3_30"/>
				<edge label="fA" idref="s3_33"/>
				<edge label="fA" idref="s3_35"/>
				<edge label="P" idref="s3_36"/>
				<edge label="Od" idref="s3_37"/>
				<edge label="P" idref="s3_38"/>
				<edge label="Cs" idref="s3_516"/>
			</nt>
			<nt id="s3_506" cat="np">
				<edge label="DN" idref="s3_4"/>
				<edge label="DN" idref="s3_5"/>
				<edge label="H" idref="s3_6"/>
				<edge label="DN" idref="s3_507"/>
			</nt>
			<nt id="s3_507" cat="adjp">
				<edge label="H" idref="s3_7"/>
				<edge label="DA" idref="s3_508"/>
			</nt>
			<nt id="s3_508" cat="pp">
				<edge label="H" idref="s3_8"/>
				<edge label="DP" idref="s3_9"/>
			</nt>
			<nt id="s3_509" cat="fcl">
				<edge label="SUB" idref="s3_11"/>
				<edge label="S" idref="s3_12"/>
				<edge label="S" idref="s3_14"/>
				<edge label="P" idref="s3_510"/>
				<edge label="Od" idref="s3_511"/>
			</nt>
			<nt id="s3_510" cat="vp">
				<edge label="Vaux" idref="s3_16"/>
				<edge label="Vm" idref="s3_17"/>
			</nt>
			<nt id="s3_511" cat="par">
				<edge label="CJT" idref="s3_18"/>
				<edge label="CJT" idref="s3_512"/>
				<edge label="CJT" idref="s3_23"/>
			</nt>
			<nt id="s3_512" cat="np">
				<edge label="DN" idref="s3_20"/>
				<edge label="H" idref="s3_21"/>
				<edge label="DN" idref="s3_513"/>
				<edge label="CO" idref="s3_34"/>
			</nt>
			<nt id="s3_513" cat="fcl">
				<edge label="S" idref="s3_25"/>
				<edge label="fA" idref="s3_26"/>
				<edge label="P" idref="s3_27"/>
			</nt>
			<nt id="s3_514" cat="np">
				<edge label="H" idref="s3_28"/>
				<edge label="DN" idref="s3_515"/>
			</nt>
			<nt id="s3_515" cat="pp">
				<edge label="H" idref="s3_31"/>
				<edge label="DP" idref="s3_32"/>
			</nt>
			<nt id="s3_516" cat="np">
				<edge label="DN" idref="s3_39"/>
				<edge label="H" idref="s3_40"/>
				<edge label="DN" idref="s3_517"/>
			</nt>
			<nt id="s3_517" cat="fcl">
				<edge label="Od" idref="s3_41"/>
				<edge label="P" idref="s3_42"/>
				<edge label="fA" idref="s3_43"/>
			</nt>
			<nt id="s3_518" cat="fcl">
				<edge label="S" idref="s3_44"/>
				<edge label="P" idref="s3_45"/>
				<edge label="fA" idref="s3_46"/>
			</nt>
			<nt id="s3_519" cat="x">
				<edge label="P" idref="s3_47"/>
				<edge label="Od" idref="s3_48"/>
			</nt>
			<nt id="s3_520" cat="x">
				<edge label="fA" idref="s3_49"/>
				<edge label="P" idref="s3_50"/>
				<edge label="Od" idref="s3_51"/>
			</nt>
			<nt id="s3_521" cat="x">
				<edge label="fCs" idref="s3_522"/>
				<edge label="fCs" idref="s3_523"/>
				<edge label="fA" idref="s3_58"/>
				<edge label="P" idref="s3_59"/>
				<edge label="Od" idref="s3_60"/>
			</nt>
			<nt id="s3_522" cat="np">
				<edge label="DN" idref="s3_52"/>
				<edge label="H" idref="s3_53"/>
			</nt>
			<nt id="s3_523" cat="np">
				<edge label="H" idref="s3_54"/>
				<edge label="DN" idref="s3_524"/>
			</nt>
			<nt id="s3_524" cat="pp">
				<edge label="H" idref="s3_55"/>
				<edge label="DP" idref="s3_525"/>
			</nt>
			<nt id="s3_525" cat="np">
				<edge label="DN" idref="s3_56"/>
				<edge label="H" idref="s3_57"/>
			</nt>
			<nt id="s3_526" cat="fcl">
				<edge label="S" idref="s3_61"/>
				<edge label="P" idref="s3_62"/>
				<edge label="fA" idref="s3_527"/>
			</nt>
			<nt id="s3_527" cat="pp">
				<edge label="H" idref="s3_63"/>
				<edge label="DP" idref="s3_528"/>
			</nt>
			<nt id="s3_528" cat="icl">
				<edge label="fA" idref="s3_64"/>
				<edge label="P" idref="s3_65"/>
				<edge label="Od" idref="s3_66"/>
			</nt>
		</nonterminals>
	</graph>
</s>

	</body>
</corpus>
