<?xml version="1.0" encoding="UTF-8"?>
<corpus>

	<body>
<s id="s1" ref="1" source="Running text" forest="1" text="o celular é extremamente simples, serve mais para quem só quer fazer ligações mesmo, nem é tão bom para quem faz muito sms.">
	<graph root="s1_500">
		<terminals>
			<t id="s1_1" word="o" lemma="o" pos="art" morph="M S" extra="--"/>
			<t id="s1_2" word="celular" lemma="celular" pos="adj" morph="M S" extra="n nh"/>
			<t id="s1_3" word="é" lemma="ser" pos="v-fin" morph="PR 3S IND VFIN" extra="cjt-head cjt-head-STA vK fmc mv"/>
			<t id="s1_4" word="extremamente" lemma="extremamente" pos="adv" morph="--" extra="quant"/>
			<t id="s1_5" word="simples" lemma="simples" pos="adj" morph="M S" extra="--"/>
			<t id="s1_6" word="," lemma="--" pos="pu" morph="--" extra="--"/>
			<t id="s1_7" word="serve" lemma="servir" pos="v-fin" morph="PR 3S IND VFIN" extra="nosubj nosubj cjt-STA fmc mv"/>
			<t id="s1_8" word="mais" lemma="mais" pos="adv" morph="--" extra="--"/>
			<t id="s1_9" word="para" lemma="para" pos="prp" morph="--" extra="--"/>
			<t id="s1_10" word="quem" lemma="quem" pos="spec" morph="M S" extra="clb clb-fs rel"/>
			<t id="s1_11" word="só" lemma="só" pos="adv" morph="--" extra="--"/>
			<t id="s1_12" word="quer" lemma="querer" pos="v-fin" morph="PR 3S IND VFIN" extra="cjt-head cjt-head-DP vH mv"/>
			<t id="s1_13" word="fazer" lemma="fazer" pos="v-inf" morph="--" extra="mv"/>
			<t id="s1_14" word="ligações" lemma="ligação" pos="n" morph="F P" sem="act ac ac-sign Labs" extra="--"/>
			<t id="s1_15" word="mesmo" lemma="mesmo" pos="pron-indef" morph="DET M S" extra="ident np-close"/>
			<t id="s1_16" word="," lemma="--" pos="pu" morph="--" extra="--"/>
			<t id="s1_17" word="nem" lemma="nem" pos="conj-c" morph="--" extra="topkc"/>
			<t id="s1_18" word="é" lemma="ser" pos="v-fin" morph="PR 3S IND VFIN" extra="nosubj cjt-DP nosubj cjt-DP vK fmc mv"/>
			<t id="s1_19" word="tão" lemma="tão" pos="adv" morph="--" extra="dem quant"/>
			<t id="s1_20" word="bom" lemma="bom" pos="adj" morph="M S" extra="jh"/>
			<t id="s1_21" word="para" lemma="para" pos="prp" morph="--" extra="--"/>
			<t id="s1_22" word="quem" lemma="quem" pos="spec" morph="M/F S" extra="clb clb-fs rel"/>
			<t id="s1_23" word="faz" lemma="fazer" pos="v-fin" morph="PR 3S IND VFIN" extra="mv"/>
			<t id="s1_24" word="muito" lemma="muito" pos="adv" morph="--" extra="quant"/>
			<t id="s1_25" word="sms" lemma="sms" pos="n" morph="M S" extra="foreign heur"/>
			<t id="s1_26" word="." lemma="--" pos="pu" morph="--" extra="--"/>
		</terminals>

		<nonterminals>
			<nt id="s1_500" cat="s">
				<edge label="STA" idref="s1_501"/>
			</nt>
			<nt id="s1_501" cat="par">
				<edge label="CJT" idref="s1_502"/>
				<edge label="PU" idref="s1_6"/>
				<edge label="CJT" idref="s1_505"/>
				<edge label="PU" idref="s1_26"/>
			</nt>
			<nt id="s1_502" cat="fcl">
				<edge label="S" idref="s1_503"/>
				<edge label="P" idref="s1_3"/>
				<edge label="Cs" idref="s1_504"/>
			</nt>
			<nt id="s1_503" cat="np">
				<edge label="DN" idref="s1_1"/>
				<edge label="H" idref="s1_2"/>
			</nt>
			<nt id="s1_504" cat="adjp">
				<edge label="DA" idref="s1_4"/>
				<edge label="H" idref="s1_5"/>
			</nt>
			<nt id="s1_505" cat="x">
				<edge label="P" idref="s1_7"/>
				<edge label="fA" idref="s1_8"/>
				<edge label="Op" idref="s1_506"/>
			</nt>
			<nt id="s1_506" cat="pp">
				<edge label="H" idref="s1_9"/>
				<edge label="DP" idref="s1_507"/>
			</nt>
			<nt id="s1_507" cat="par">
				<edge label="CJT" idref="s1_508"/>
				<edge label="PU" idref="s1_16"/>
				<edge label="CO" idref="s1_17"/>
				<edge label="CJT" idref="s1_511"/>
			</nt>
			<nt id="s1_508" cat="fcl">
				<edge label="S" idref="s1_10"/>
				<edge label="fA" idref="s1_11"/>
				<edge label="P" idref="s1_12"/>
				<edge label="Od" idref="s1_509"/>
			</nt>
			<nt id="s1_509" cat="icl">
				<edge label="P" idref="s1_13"/>
				<edge label="Od" idref="s1_510"/>
			</nt>
			<nt id="s1_510" cat="np">
				<edge label="H" idref="s1_14"/>
				<edge label="DN" idref="s1_15"/>
			</nt>
			<nt id="s1_511" cat="x">
				<edge label="P" idref="s1_18"/>
				<edge label="Cs" idref="s1_512"/>
			</nt>
			<nt id="s1_512" cat="adjp">
				<edge label="DA" idref="s1_19"/>
				<edge label="H" idref="s1_20"/>
				<edge label="DA" idref="s1_513"/>
			</nt>
			<nt id="s1_513" cat="pp">
				<edge label="H" idref="s1_21"/>
				<edge label="DP" idref="s1_514"/>
			</nt>
			<nt id="s1_514" cat="fcl">
				<edge label="S" idref="s1_22"/>
				<edge label="P" idref="s1_23"/>
				<edge label="fA" idref="s1_24"/>
				<edge label="Od" idref="s1_25"/>
			</nt>
		</nonterminals>
	</graph>
</s>

<s id="s2" ref="2" source="Running text" forest="1" text="existe celulares simples e baratos também que são mais eficientes que eles, eu não recomendo.">
	<graph root="s2_500">
		<terminals>
			<t id="s2_1" word="existe" lemma="existir" pos="v-fin" morph="PR 3S IND VFIN" extra="predco predco fmc mv"/>
			<t id="s2_2" word="celulares" lemma="celular" pos="adj" morph="M/F P" extra="nh"/>
			<t id="s2_3" word="simples" lemma="simples" pos="adj" morph="M/F S/P" extra="jh"/>
			<t id="s2_4" word="e" lemma="e" pos="conj-c" morph="--" extra="--"/>
			<t id="s2_5" word="baratos" lemma="barato" pos="adj" morph="M P" extra="nh"/>
			<t id="s2_6" word="também" lemma="também" pos="adv" morph="--" extra="--"/>
			<t id="s2_7" word="que" lemma="que" pos="conj-s" morph="--" extra="clb clb-fs"/>
			<t id="s2_8" word="são" lemma="ser" pos="v-fin" morph="PR 3P IND VFIN" extra="vK mv"/>
			<t id="s2_9" word="mais" lemma="mais" pos="adv" morph="--" extra="--"/>
			<t id="s2_10" word="eficientes" lemma="eficiente" pos="adj" morph="M/F P" extra="jh"/>
			<t id="s2_11" word="que" lemma="que" pos="spec" morph="M S" extra="clb rel"/>
			<t id="s2_12" word="eles" lemma="eles" pos="pron-pers" morph="M 3P NOM" extra="--"/>
			<t id="s2_13" word="," lemma="--" pos="pu" morph="--" extra="--"/>
			<t id="s2_14" word="eu" lemma="eu" pos="pron-pers" morph="M/F 1S NOM" extra="--"/>
			<t id="s2_15" word="não" lemma="não" pos="adv" morph="--" extra="--"/>
			<t id="s2_16" word="recomendo" lemma="recomendar" pos="v-fin" morph="PR 1S IND VFIN" extra="cjt-STA vH mv"/>
			<t id="s2_17" word="." lemma="--" pos="pu" morph="--" extra="--"/>
		</terminals>

		<nonterminals>
			<nt id="s2_500" cat="s">
				<edge label="STA" idref="s2_501"/>
			</nt>
			<nt id="s2_501" cat="fcl">
				<edge label="X" idref="s2_502"/>
				<edge label="PU" idref="s2_17"/>
			</nt>
			<nt id="s2_502" cat="par">
				<edge label="CJT" idref="s2_503"/>
				<edge label="CJT" idref="s2_506"/>
			</nt>
			<nt id="s2_503" cat="x">
				<edge label="P" idref="s2_1"/>
				<edge label="fCs" idref="s2_2"/>
				<edge label="S" idref="s2_3"/>
				<edge label="fCs" idref="s2_504"/>
				<edge label="fA" idref="s2_6"/>
				<edge label="S" idref="s2_505"/>
			</nt>
			<nt id="s2_504" cat="adjp">
				<edge label="CO" idref="s2_4"/>
				<edge label="H" idref="s2_5"/>
			</nt>
			<nt id="s2_505" cat="fcl">
				<edge label="SUB" idref="s2_7"/>
				<edge label="P" idref="s2_8"/>
				<edge label="fA" idref="s2_9"/>
				<edge label="Cs" idref="s2_10"/>
				<edge label="S" idref="s2_12"/>
			</nt>
			<nt id="s2_506" cat="fcl">
				<edge label="X" idref="s2_11"/>
				<edge label="PU" idref="s2_13"/>
				<edge label="S" idref="s2_14"/>
				<edge label="fA" idref="s2_15"/>
				<edge label="P" idref="s2_16"/>
			</nt>
		</nonterminals>
	</graph>
</s>

<s id="s3" ref="3" source="Running text" forest="1" text="o que gostei duração de bateria excelente, resistente � quedas e bom auto-falantes.">
	<graph root="s3_500">
		<terminals>
			<t id="s3_1" word="o" lemma="o" pos="pron-dem" morph="DET M S" extra="dem"/>
			<t id="s3_2" word="que" lemma="que" pos="spec" morph="M S" extra="clb rel"/>
			<t id="s3_3" word="gostei" lemma="gostar" pos="v-fin" morph="PS 1S IND VFIN" extra="vH mv"/>
			<t id="s3_4" word="duração" lemma="duração" pos="n" morph="F S" sem="am" extra="--"/>
			<t id="s3_5" word="de" lemma="de" pos="prp" morph="--" extra="np-close"/>
			<t id="s3_6" word="bateria" lemma="bateria" pos="n" morph="F S" sem="tool" extra="--"/>
			<t id="s3_7" word="excelente" lemma="excelente" pos="adj" morph="F S" extra="np-close"/>
			<t id="s3_8" word="," lemma="--" pos="pu" morph="--" extra="--"/>
			<t id="s3_9" word="resistente" lemma="resistente" pos="n" morph="M/F S" sem="H" extra="np-close"/>
			<t id="s3_10" word="a" lemma="a" pos="prp" morph="--" extra="sam-"/>
			<t id="s3_11" word="a" lemma="o" pos="art" morph="F S" extra="-sam "/>
			<t id="s3_12" word="quedas" lemma="queda" pos="n" morph="F P" sem="event" extra="cjt-head cjt-head-DP"/>
			<t id="s3_13" word="e" lemma="e" pos="conj-c" morph="--" extra="--"/>
			<t id="s3_14" word="bom" lemma="bom" pos="adj" morph="M S" extra="jh"/>
			<t id="s3_15" word="auto-falantes" lemma="auto-falante" pos="n" morph="M P" sem="H" extra="cjt-DP"/>
			<t id="s3_16" word="." lemma="--" pos="pu" morph="--" extra="--"/>
		</terminals>

		<nonterminals>
			<nt id="s3_500" cat="s">
				<edge label="X" idref="s3_501"/>
			</nt>
			<nt id="s3_501" cat="adjp">
				<edge label="H" idref="s3_1"/>
				<edge label="STA" idref="s3_502"/>
				<edge label="PU" idref="s3_16"/>
			</nt>
			<nt id="s3_502" cat="fcl">
				<edge label="X" idref="s3_2"/>
				<edge label="P" idref="s3_3"/>
				<edge label="S" idref="s3_503"/>
				<edge label="fA" idref="s3_506"/>
			</nt>
			<nt id="s3_503" cat="np">
				<edge label="H" idref="s3_4"/>
				<edge label="DN" idref="s3_504"/>
			</nt>
			<nt id="s3_504" cat="pp">
				<edge label="H" idref="s3_5"/>
				<edge label="DP" idref="s3_505"/>
			</nt>
			<nt id="s3_505" cat="np">
				<edge label="H" idref="s3_6"/>
				<edge label="DN" idref="s3_7"/>
				<edge label="PU" idref="s3_8"/>
				<edge label="DNc" idref="s3_9"/>
			</nt>
			<nt id="s3_506" cat="pp">
				<edge label="H" idref="s3_10"/>
				<edge label="DP" idref="s3_507"/>
			</nt>
			<nt id="s3_507" cat="par">
				<edge label="CJT" idref="s3_508"/>
				<edge label="CO" idref="s3_13"/>
				<edge label="CJT" idref="s3_509"/>
			</nt>
			<nt id="s3_508" cat="np">
				<edge label="DN" idref="s3_11"/>
				<edge label="H" idref="s3_12"/>
			</nt>
			<nt id="s3_509" cat="np">
				<edge label="DN" idref="s3_14"/>
				<edge label="H" idref="s3_15"/>
			</nt>
		</nonterminals>
	</graph>
</s>

<s id="s4" ref="4" source="Running text" forest="1" text="o que não gostei tela muito pequena, rádio precisa de um fone de ouvido, fone de ouvido de fábrica é muito alto, inclusive no volume mínimo, pouquíssima personalização..">
	<graph root="s4_500">
		<terminals>
			<t id="s4_1" word="o" lemma="o" pos="pron-dem" morph="DET M S" extra="dem"/>
			<t id="s4_2" word="que" lemma="que" pos="spec" morph="M S" extra="clb clb-fs rel"/>
			<t id="s4_3" word="não" lemma="não" pos="adv" morph="--" extra="--"/>
			<t id="s4_4" word="gostei" lemma="gostar" pos="v-fin" morph="PS 1S IND VFIN" extra="vH mv np-close"/>
			<t id="s4_5" word="tela" lemma="tela" pos="n" morph="F S" sem="cc-h pict mat-cloth" extra="--"/>
			<t id="s4_6" word="muito" lemma="muito" pos="adv" morph="--" extra="quant"/>
			<t id="s4_7" word="pequena" lemma="pequeno" pos="adj" morph="F S" extra="np-close"/>
			<t id="s4_8" word="," lemma="--" pos="pu" morph="--" extra="--"/>
			<t id="s4_9" word="rádio" lemma="rádio" pos="n" morph="M S" sem="cm-chem sem-l mach" extra="--"/>
			<t id="s4_10" word="precisa" lemma="precisar" pos="v-fin" morph="PR 3S IND VFIN" extra="cjt-head cjt-head-STA fmc mv"/>
			<t id="s4_11" word="de" lemma="de" pos="prp" morph="--" extra="--"/>
			<t id="s4_12" word="um" lemma="um" pos="art" morph="M S" extra="--"/>
			<t id="s4_13" word="fone" lemma="fone" pos="n" morph="M S" sem="ac-cat tool" extra="--"/>
			<t id="s4_14" word="de_ouvido" lemma="de_ouvido" pos="adv" morph="--" sem="pp" extra="--"/>
			<t id="s4_15" word="," lemma="--" pos="pu" morph="--" extra="--"/>
			<t id="s4_16" word="fone" lemma="fone" pos="n" morph="M S" sem="ac-cat tool" extra="--"/>
			<t id="s4_17" word="de_ouvido" lemma="de_ouvido" pos="adv" morph="--" sem="pp" extra="--"/>
			<t id="s4_18" word="de" lemma="de" pos="prp" morph="--" extra="--"/>
			<t id="s4_19" word="fábrica" lemma="fábrica" pos="n" morph="F S" sem="build" extra="--"/>
			<t id="s4_20" word="é" lemma="ser" pos="v-fin" morph="PR 3S IND VFIN" extra="cjt-STA vK fmc mv"/>
			<t id="s4_21" word="muito" lemma="muito" pos="adv" morph="--" extra="quant"/>
			<t id="s4_22" word="alto" lemma="alto" pos="adj" morph="M S" extra="--"/>
			<t id="s4_23" word="," lemma="--" pos="pu" morph="--" extra="--"/>
			<t id="s4_24" word="inclusive" lemma="inclusive" pos="adv" morph="--" extra="--"/>
			<t id="s4_25" word="em" lemma="em" pos="prp" morph="--" extra="sam-"/>
			<t id="s4_26" word="o" lemma="o" pos="art" morph="M S" extra="-sam "/>
			<t id="s4_27" word="volume" lemma="volume" pos="n" morph="M S" sem="f-q" extra="--"/>
			<t id="s4_28" word="mínimo" lemma="pequeno" pos="adj" morph="M S" extra="SUP np-close"/>
			<t id="s4_29" word="," lemma="--" pos="pu" morph="--" extra="--"/>
			<t id="s4_30" word="pouquíssima" lemma="pouco" pos="adj" morph="F S" extra="SUP jh"/>
			<t id="s4_31" word="personalização" lemma="personalização" pos="n" morph="F S" sem="act" extra="np-close"/>
			<t id="s4_32" word="." lemma="--" pos="pu" morph="--" extra="--"/>
			<t id="s4_33" word="." lemma="--" pos="pu" morph="--" extra="--"/>
		</terminals>

		<nonterminals>
			<nt id="s4_500" cat="s">
				<edge label="UTT" idref="s4_501"/>
			</nt>
			<nt id="s4_501" cat="x">
				<edge label="DN" idref="s4_505"/>
				<edge label="S" idref="s4_2"/>
				<edge label="fA" idref="s4_3"/>
				<edge label="P" idref="s4_4"/>
				<edge label="PU" idref="s4_15"/>
				<edge label="PU" idref="s4_32"/>
				<edge label="PU" idref="s4_33"/>
			</nt>
			<nt id="s4_502" cat="par">
				<edge label="CJT" idref="s4_503"/>
			</nt>
			<nt id="s4_503" cat="fcl">
				<edge label="CJT" idref="s4_504"/>
			</nt>
			<nt id="s4_504" cat="fcl">
				<edge label="S" idref="s4_1"/>
				<edge label="S" idref="s4_16"/>
				<edge label="fA" idref="s4_17"/>
				<edge label="fA" idref="s4_510"/>
				<edge label="P" idref="s4_20"/>
				<edge label="Cs" idref="s4_511"/>
				<edge label="PU" idref="s4_23"/>
				<edge label="fA" idref="s4_512"/>
			</nt>
			<nt id="s4_505" cat="fcl">
				<edge label="S" idref="s4_506"/>
				<edge label="PU" idref="s4_8"/>
				<edge label="S" idref="s4_9"/>
				<edge label="P" idref="s4_10"/>
				<edge label="Op" idref="s4_508"/>
				<edge label="fA" idref="s4_14"/>
			</nt>
			<nt id="s4_506" cat="np">
				<edge label="H" idref="s4_5"/>
				<edge label="DN" idref="s4_507"/>
			</nt>
			<nt id="s4_507" cat="adjp">
				<edge label="DA" idref="s4_6"/>
				<edge label="H" idref="s4_7"/>
			</nt>
			<nt id="s4_508" cat="pp">
				<edge label="H" idref="s4_11"/>
				<edge label="DP" idref="s4_509"/>
			</nt>
			<nt id="s4_509" cat="np">
				<edge label="DN" idref="s4_12"/>
				<edge label="H" idref="s4_13"/>
			</nt>
			<nt id="s4_510" cat="pp">
				<edge label="H" idref="s4_18"/>
				<edge label="DP" idref="s4_19"/>
			</nt>
			<nt id="s4_511" cat="adjp">
				<edge label="DA" idref="s4_21"/>
				<edge label="H" idref="s4_22"/>
			</nt>
			<nt id="s4_512" cat="pp">
				<edge label="DPmod" idref="s4_24"/>
				<edge label="H" idref="s4_25"/>
				<edge label="DP" idref="s4_513"/>
			</nt>
			<nt id="s4_513" cat="np">
				<edge label="DN" idref="s4_26"/>
				<edge label="H" idref="s4_27"/>
				<edge label="DN" idref="s4_28"/>
				<edge label="PU" idref="s4_29"/>
				<edge label="DNc" idref="s4_514"/>
			</nt>
			<nt id="s4_514" cat="np">
				<edge label="DN" idref="s4_30"/>
				<edge label="H" idref="s4_31"/>
			</nt>
		</nonterminals>
	</graph>
</s>

	</body>
</corpus>
