<?xml version="1.0" encoding="UTF-8"?>
<corpus>

	<body>
<s id="s1" ref="1" source="Running text" forest="1" text="adquiri três aparelhos em comodato por a tim, e em seis meses de uso os aparelhos apresentaram defeito, eles ficam mais fora de área do que operante e por último o meu aparelho que nunca caiu e não tem nenhum risco ou dano externo apagou levei na assistência sabem qual o problema?">
	<graph root="s1_500">
		<terminals>
			<t id="s1_1" word="adquiri" lemma="adquirir" pos="v-fin" morph="PS 1S IND VFIN" extra="nosubj nosubj nosubj nosubj nosubj nosubj nosubj nosubj nosubj nosubj nosubj nosubj cjt-head cjt-head-QUE vH fmc mv"/>
			<t id="s1_2" word="três" lemma="três" pos="num" morph="M P" extra="card"/>
			<t id="s1_3" word="aparelhos" lemma="aparelho" pos="n" morph="M P" sem="tool" extra="--"/>
			<t id="s1_4" word="em" lemma="em" pos="prp" morph="--" extra="--"/>
			<t id="s1_5" word="comodato" lemma="comodato" pos="n" morph="M S" sem="cc" extra="--"/>
			<t id="s1_6" word="por" lemma="por" pos="prp" morph="--" extra="sam-"/>
			<t id="s1_7" word="a" lemma="o" pos="art" morph="F S" extra="-sam "/>
			<t id="s1_8" word="tim" lemma="tim" pos="n" morph="F S" extra="DERS"/>
			<t id="s1_9" word="," lemma="--" pos="pu" morph="--" extra="--"/>
			<t id="s1_10" word="e" lemma="e" pos="conj-c" morph="--" extra="clb"/>
			<t id="s1_11" word="em" lemma="em" pos="prp" morph="--" extra="--"/>
			<t id="s1_12" word="seis" lemma="seis" pos="num" morph="M P" extra="card"/>
			<t id="s1_13" word="meses" lemma="mês" pos="n" morph="M P" sem="dur per unit" extra="--"/>
			<t id="s1_14" word="de" lemma="de" pos="prp" morph="--" extra="np-close"/>
			<t id="s1_15" word="uso" lemma="uso" pos="n" morph="M S" sem="act ac" extra="--"/>
			<t id="s1_16" word="os" lemma="o" pos="art" morph="M P" extra="--"/>
			<t id="s1_17" word="aparelhos" lemma="aparelho" pos="n" morph="M P" sem="tool" extra="--"/>
			<t id="s1_18" word="apresentaram" lemma="apresentar" pos="v-fin" morph="PS/MQP 3P IND VFIN" extra="cjt-QUE vH fmc mv"/>
			<t id="s1_19" word="defeito" lemma="defeito" pos="n" morph="M S" sem="ac" extra="--"/>
			<t id="s1_20" word="," lemma="--" pos="pu" morph="--" extra="--"/>
			<t id="s1_21" word="eles" lemma="eles" pos="pron-pers" morph="M 3P NOM" extra="--"/>
			<t id="s1_22" word="ficam" lemma="ficar" pos="v-fin" morph="PR 3P IND VFIN" extra="cjt-QUE fmc mv"/>
			<t id="s1_23" word="mais" lemma="mais" pos="adv" morph="--" extra="--"/>
			<t id="s1_24" word="fora_de" lemma="fora_de" pos="prp" morph="--" extra="--"/>
			<t id="s1_25" word="área" lemma="área" pos="n" morph="F S" sem="L Lh" extra="--"/>
			<t id="s1_26" word="do_que" lemma="do_que" pos="conj-s" morph="--" extra="com"/>
			<t id="s1_27" word="operante" lemma="operante" pos="adj" morph="M/F S" extra="nh"/>
			<t id="s1_28" word="e" lemma="e" pos="conj-c" morph="--" extra="--"/>
			<t id="s1_29" word="por_último" lemma="por_último" pos="adv" morph="--" sem="pp" extra="--"/>
			<t id="s1_30" word="o" lemma="o" pos="art" morph="M S" extra="--"/>
			<t id="s1_31" word="meu" lemma="meu" pos="pron-poss" morph="DET M S" extra="poss 1S"/>
			<t id="s1_32" word="aparelho" lemma="aparelho" pos="n" morph="M S" sem="tool" extra="--"/>
			<t id="s1_33" word="que" lemma="que" pos="spec" morph="M S" extra="clb clb-fs rel"/>
			<t id="s1_34" word="nunca" lemma="nunca" pos="adv" morph="--" extra="--"/>
			<t id="s1_35" word="caiu" lemma="cair" pos="v-fin" morph="PS 3S IND VFIN" extra="mv np-close"/>
			<t id="s1_36" word="e" lemma="e" pos="conj-c" morph="--" extra="--"/>
			<t id="s1_37" word="não" lemma="não" pos="adv" morph="--" extra="--"/>
			<t id="s1_38" word="tem" lemma="ter" pos="v-fin" morph="PR 3S IND VFIN" extra="cjt-QUE fmc mv"/>
			<t id="s1_39" word="nenhum" lemma="nenhum" pos="pron-indef" morph="DET M S" extra="quant"/>
			<t id="s1_40" word="risco" lemma="risco" pos="n" morph="M S" sem="ac ac-sign" extra="--"/>
			<t id="s1_41" word="ou" lemma="ou" pos="conj-c" morph="--" extra="--"/>
			<t id="s1_42" word="dano" lemma="dano" pos="n" morph="M S" sem="am" extra="--"/>
			<t id="s1_43" word="externo" lemma="externo" pos="adj" morph="M S" extra="nh np-close"/>
			<t id="s1_44" word="apagou" lemma="apagar" pos="v-fin" morph="PS 3S IND VFIN" extra="cjt-QUE fmc mv"/>
			<t id="s1_45" word="levei" lemma="levar" pos="v-fin" morph="PS 1S IND VFIN" extra="nosubj nosubj cjt-QUE fmc mv"/>
			<t id="s1_46" word="em" lemma="em" pos="prp" morph="--" extra="sam-"/>
			<t id="s1_47" word="a" lemma="o" pos="art" morph="F S" extra="-sam "/>
			<t id="s1_48" word="assistência" lemma="assistência" pos="n" morph="F S" sem="am" extra="--"/>
			<t id="s1_49" word="sabem" lemma="saber" pos="v-fin" morph="PR 3P IND VFIN" extra="nosubj nosubj cjt-QUE fmc mv"/>
			<t id="s1_50" word="qual" lemma="qual" pos="intj" morph="--" extra="--"/>
			<t id="s1_51" word="o" lemma="o" pos="art" morph="M S" extra="--"/>
			<t id="s1_52" word="problema" lemma="problema" pos="n" morph="M S" sem="ac" extra="--"/>
			<t id="s1_53" word="?" lemma="--" pos="pu" morph="--" extra="--"/>
		</terminals>

		<nonterminals>
			<nt id="s1_500" cat="s">
				<edge label="QUE" idref="s1_501"/>
			</nt>
			<nt id="s1_501" cat="par">
				<edge label="CJT" idref="s1_502"/>
				<edge label="PU" idref="s1_9"/>
				<edge label="CO" idref="s1_10"/>
				<edge label="CJT" idref="s1_507"/>
				<edge label="PU" idref="s1_20"/>
				<edge label="CJT" idref="s1_512"/>
				<edge label="CJT" idref="s1_515"/>
				<edge label="CJT" idref="s1_519"/>
				<edge label="CJT" idref="s1_522"/>
				<edge label="CJT" idref="s1_525"/>
				<edge label="PU" idref="s1_53"/>
			</nt>
			<nt id="s1_502" cat="fcl">
				<edge label="P" idref="s1_1"/>
				<edge label="Od" idref="s1_503"/>
				<edge label="fA" idref="s1_504"/>
				<edge label="fA" idref="s1_505"/>
			</nt>
			<nt id="s1_503" cat="np">
				<edge label="DN" idref="s1_2"/>
				<edge label="H" idref="s1_3"/>
			</nt>
			<nt id="s1_504" cat="pp">
				<edge label="H" idref="s1_4"/>
				<edge label="DP" idref="s1_5"/>
			</nt>
			<nt id="s1_505" cat="pp">
				<edge label="H" idref="s1_6"/>
				<edge label="DP" idref="s1_506"/>
			</nt>
			<nt id="s1_506" cat="np">
				<edge label="DN" idref="s1_7"/>
				<edge label="H" idref="s1_8"/>
			</nt>
			<nt id="s1_507" cat="fcl">
				<edge label="fA" idref="s1_508"/>
				<edge label="S" idref="s1_511"/>
				<edge label="P" idref="s1_18"/>
				<edge label="Od" idref="s1_19"/>
			</nt>
			<nt id="s1_508" cat="pp">
				<edge label="H" idref="s1_11"/>
				<edge label="DP" idref="s1_509"/>
			</nt>
			<nt id="s1_509" cat="np">
				<edge label="DN" idref="s1_12"/>
				<edge label="H" idref="s1_13"/>
				<edge label="DN" idref="s1_510"/>
				<edge label="CO" idref="s1_28"/>
				<edge label="FOC" idref="s1_29"/>
			</nt>
			<nt id="s1_510" cat="pp">
				<edge label="H" idref="s1_14"/>
				<edge label="DP" idref="s1_15"/>
			</nt>
			<nt id="s1_511" cat="np">
				<edge label="DN" idref="s1_16"/>
				<edge label="H" idref="s1_17"/>
			</nt>
			<nt id="s1_512" cat="fcl">
				<edge label="S" idref="s1_21"/>
				<edge label="P" idref="s1_22"/>
				<edge label="fA" idref="s1_23"/>
				<edge label="As" idref="s1_513"/>
				<edge label="DAcom" idref="s1_514"/>
			</nt>
			<nt id="s1_513" cat="pp">
				<edge label="H" idref="s1_24"/>
				<edge label="DP" idref="s1_25"/>
			</nt>
			<nt id="s1_514" cat="acl">
				<edge label="H" idref="s1_26"/>
				<edge label="X" idref="s1_27"/>
			</nt>
			<nt id="s1_515" cat="fcl">
				<edge label="S" idref="s1_516"/>
				<edge label="fA" idref="s1_37"/>
				<edge label="P" idref="s1_38"/>
				<edge label="Od" idref="s1_518"/>
			</nt>
			<nt id="s1_516" cat="np">
				<edge label="DN" idref="s1_30"/>
				<edge label="DN" idref="s1_31"/>
				<edge label="H" idref="s1_32"/>
				<edge label="DN" idref="s1_517"/>
			</nt>
			<nt id="s1_517" cat="fcl">
				<edge label="S" idref="s1_33"/>
				<edge label="fA" idref="s1_34"/>
				<edge label="P" idref="s1_35"/>
				<edge label="CO" idref="s1_36"/>
			</nt>
			<nt id="s1_518" cat="np">
				<edge label="DN" idref="s1_39"/>
				<edge label="H" idref="s1_40"/>
			</nt>
			<nt id="s1_519" cat="fcl">
				<edge label="S" idref="s1_520"/>
				<edge label="P" idref="s1_44"/>
			</nt>
			<nt id="s1_520" cat="np">
				<edge label="DN" idref="s1_521"/>
				<edge label="H" idref="s1_42"/>
				<edge label="-DN" idref="s1_43"/>
			</nt>
			<nt id="s1_521" cat="adjp">
				<edge label="CO" idref="s1_41"/>
			</nt>
			<nt id="s1_522" cat="x">
				<edge label="P" idref="s1_45"/>
				<edge label="fA" idref="s1_523"/>
			</nt>
			<nt id="s1_523" cat="pp">
				<edge label="H" idref="s1_46"/>
				<edge label="DP" idref="s1_524"/>
			</nt>
			<nt id="s1_524" cat="np">
				<edge label="DN" idref="s1_47"/>
				<edge label="H" idref="s1_48"/>
			</nt>
			<nt id="s1_525" cat="x">
				<edge label="P" idref="s1_49"/>
				<edge label="Od" idref="s1_50"/>
				<edge label="X" idref="s1_526"/>
			</nt>
			<nt id="s1_526" cat="np">
				<edge label="DN" idref="s1_51"/>
				<edge label="H" idref="s1_52"/>
			</nt>
		</nonterminals>
	</graph>
</s>

<s id="s2" ref="2" source="Running text" forest="1" text="o display esta quebrado.">
	<graph root="s2_500">
		<terminals>
			<t id="s2_1" word="o" lemma="o" pos="art" morph="M S" extra="--"/>
			<t id="s2_2" word="display" lemma="display" pos="n" morph="M S" sem="furn" extra="cjt-head cjt-head-X"/>
			<t id="s2_3" word="esta" lemma="este" pos="pron-dem" morph="DET F S" extra="dem"/>
			<t id="s2_4" word="quebrado" lemma="quebrar" pos="v-pcp" morph="M S" extra="cjt-X n jh"/>
			<t id="s2_5" word="." lemma="--" pos="pu" morph="--" extra="--"/>
		</terminals>

		<nonterminals>
			<nt id="s2_500" cat="s">
				<edge label="X" idref="s2_501"/>
			</nt>
			<nt id="s2_501" cat="par">
				<edge label="CJT" idref="s2_502"/>
				<edge label="CJT" idref="s2_503"/>
				<edge label="PU" idref="s2_5"/>
			</nt>
			<nt id="s2_502" cat="np">
				<edge label="DN" idref="s2_1"/>
				<edge label="H" idref="s2_2"/>
			</nt>
			<nt id="s2_503" cat="np">
				<edge label="DN" idref="s2_3"/>
				<edge label="H" idref="s2_4"/>
			</nt>
		</nonterminals>
	</graph>
</s>

<s id="s3" ref="3" source="Running text" forest="1" text="a assistência é péssima e demorada e você fica sem aparelho até sair a resposta do conserto.">
	<graph root="s3_500">
		<terminals>
			<t id="s3_1" word="a" lemma="o" pos="art" morph="F S" extra="--"/>
			<t id="s3_2" word="assistência" lemma="assistência" pos="n" morph="F S" sem="am" extra="--"/>
			<t id="s3_3" word="é" lemma="ser" pos="v-fin" morph="PR 3S IND VFIN" extra="cjt-head cjt-head-STA vK fmc mv"/>
			<t id="s3_4" word="péssima" lemma="mal" pos="adj" morph="F S" extra="cjt-head cjt-head-Cs SUP"/>
			<t id="s3_5" word="e" lemma="e" pos="conj-c" morph="--" extra="topkc"/>
			<t id="s3_6" word="demorada" lemma="demorar" pos="v-pcp" morph="F S" extra="cjt-Cs"/>
			<t id="s3_7" word="e" lemma="e" pos="conj-c" morph="--" extra="topkc"/>
			<t id="s3_8" word="você" lemma="você" pos="pron-pers" morph="M/F 3S NOM" extra="--"/>
			<t id="s3_9" word="fica" lemma="ficar" pos="v-fin" morph="PR 3S IND VFIN" extra="cjt-STA vK fmc mv"/>
			<t id="s3_10" word="sem" lemma="sem" pos="prp" morph="--" extra="--"/>
			<t id="s3_11" word="aparelho" lemma="aparelho" pos="n" morph="M S" sem="tool" extra="--"/>
			<t id="s3_12" word="até" lemma="até" pos="prp" morph="--" extra="--"/>
			<t id="s3_13" word="sair" lemma="sair" pos="v-inf" morph="--" extra="mv"/>
			<t id="s3_14" word="a" lemma="o" pos="art" morph="F S" extra="--"/>
			<t id="s3_15" word="resposta" lemma="resposta" pos="n" morph="F S" sem="act-s" extra="--"/>
			<t id="s3_16" word="de" lemma="de" pos="prp" morph="--" extra="sam- np-close"/>
			<t id="s3_17" word="o" lemma="o" pos="art" morph="M S" extra="-sam "/>
			<t id="s3_18" word="conserto" lemma="conserto" pos="n" morph="M S" sem="act" extra="--"/>
			<t id="s3_19" word="." lemma="--" pos="pu" morph="--" extra="--"/>
		</terminals>

		<nonterminals>
			<nt id="s3_500" cat="s">
				<edge label="STA" idref="s3_501"/>
			</nt>
			<nt id="s3_501" cat="par">
				<edge label="CJT" idref="s3_502"/>
				<edge label="CO" idref="s3_5"/>
				<edge label="CO" idref="s3_7"/>
				<edge label="CJT" idref="s3_505"/>
				<edge label="PU" idref="s3_19"/>
			</nt>
			<nt id="s3_502" cat="fcl">
				<edge label="S" idref="s3_503"/>
				<edge label="P" idref="s3_3"/>
				<edge label="Cs" idref="s3_504"/>
			</nt>
			<nt id="s3_503" cat="np">
				<edge label="DN" idref="s3_1"/>
				<edge label="H" idref="s3_2"/>
			</nt>
			<nt id="s3_504" cat="par">
				<edge label="CJT" idref="s3_4"/>
				<edge label="CJT" idref="s3_6"/>
			</nt>
			<nt id="s3_505" cat="fcl">
				<edge label="S" idref="s3_8"/>
				<edge label="P" idref="s3_9"/>
				<edge label="Cs" idref="s3_506"/>
				<edge label="fA" idref="s3_507"/>
			</nt>
			<nt id="s3_506" cat="pp">
				<edge label="H" idref="s3_10"/>
				<edge label="DP" idref="s3_11"/>
			</nt>
			<nt id="s3_507" cat="pp">
				<edge label="H" idref="s3_12"/>
				<edge label="DP" idref="s3_508"/>
			</nt>
			<nt id="s3_508" cat="fcl">
				<edge label="P" idref="s3_13"/>
				<edge label="S" idref="s3_509"/>
			</nt>
			<nt id="s3_509" cat="np">
				<edge label="DN" idref="s3_14"/>
				<edge label="H" idref="s3_15"/>
				<edge label="DN" idref="s3_510"/>
			</nt>
			<nt id="s3_510" cat="pp">
				<edge label="H" idref="s3_16"/>
				<edge label="DP" idref="s3_511"/>
			</nt>
			<nt id="s3_511" cat="np">
				<edge label="DN" idref="s3_17"/>
				<edge label="H" idref="s3_18"/>
			</nt>
		</nonterminals>
	</graph>
</s>

<s id="s4" ref="4" source="Running text" forest="1" text="não quero nem ouvir falar em sony ericsson, já tive aparelhos de outras marcas e nunca tive este tipo de problema o que gostei de nada o que não gostei tudo.">
	<graph root="s4_500">
		<terminals>
			<t id="s4_1" word="não" lemma="não" pos="adv" morph="--" extra="--"/>
			<t id="s4_2" word="quero" lemma="querer" pos="v-fin" morph="PR 1S IND VFIN" extra="nosubj nosubj nosubj nosubj nosubj nosubj nosubj nosubj cjt-head cjt-head-STA vH fmc mv"/>
			<t id="s4_3" word="nem" lemma="nem" pos="conj-c" morph="--" extra="--"/>
			<t id="s4_4" word="ouvir" lemma="ouvir" pos="v-inf" morph="--" extra="vH mv"/>
			<t id="s4_5" word="falar" lemma="falar" pos="v-inf" morph="--" extra="vH mv"/>
			<t id="s4_6" word="em" lemma="em" pos="prp" morph="--" extra="--"/>
			<t id="s4_7" word="sony" lemma="sony" pos="n" morph="M S" extra="foreign heur"/>
			<t id="s4_8" word="ericsson" lemma="ericsson" pos="n" morph="M S" extra="foreign heur"/>
			<t id="s4_9" word="," lemma="--" pos="pu" morph="--" extra="--"/>
			<t id="s4_10" word="já" lemma="já" pos="adv" morph="--" extra="--"/>
			<t id="s4_11" word="tive" lemma="ter" pos="v-fin" morph="PS 1S IND VFIN" extra="nosubj nosubj cjt-STA fmc mv"/>
			<t id="s4_12" word="aparelhos" lemma="aparelho" pos="n" morph="M P" sem="tool" extra="--"/>
			<t id="s4_13" word="de" lemma="de" pos="prp" morph="--" extra="np-close"/>
			<t id="s4_14" word="outras" lemma="outro" pos="pron-indef" morph="DET F P" extra="diff KOMP"/>
			<t id="s4_15" word="marcas" lemma="marca" pos="n" morph="F P" sem="ac-sign Labs bar" extra="--"/>
			<t id="s4_16" word="e" lemma="e" pos="conj-c" morph="--" extra="--"/>
			<t id="s4_17" word="nunca" lemma="nunca" pos="adv" morph="--" extra="--"/>
			<t id="s4_18" word="tive" lemma="ter" pos="v-fin" morph="PS 1S IND VFIN" extra="nosubj nosubj cjt-STA fmc mv"/>
			<t id="s4_19" word="este" lemma="este" pos="pron-dem" morph="DET M S" extra="dem"/>
			<t id="s4_20" word="tipo" lemma="tipo" pos="n" morph="M S" sem="meta H ac-sign" extra="--"/>
			<t id="s4_21" word="de" lemma="de" pos="prp" morph="--" extra="np-close"/>
			<t id="s4_22" word="problema" lemma="problema" pos="n" morph="M S" sem="ac" extra="--"/>
			<t id="s4_23" word="o" lemma="o" pos="art" morph="M S" extra="--"/>
			<t id="s4_24" word="que" lemma="que" pos="spec" morph="M S" extra="clb interr"/>
			<t id="s4_25" word="gostei" lemma="gostar" pos="v-fin" morph="PS 1S IND VFIN" extra="cjt-STA vH fmc mv"/>
			<t id="s4_26" word="de" lemma="de" pos="prp" morph="--" extra="--"/>
			<t id="s4_27" word="nada" lemma="nada" pos="spec" morph="M S" extra="quant"/>
			<t id="s4_28" word="o_que" lemma="o_que" pos="spec" morph="M S" extra="clb rel"/>
			<t id="s4_29" word="não" lemma="não" pos="adv" morph="--" extra="--"/>
			<t id="s4_30" word="gostei" lemma="gostar" pos="v-fin" morph="PS 1S IND VFIN" extra="nosubj nosubj cjt-STA vH mv"/>
			<t id="s4_31" word="tudo" lemma="tudo" pos="spec" morph="M S" extra="quant"/>
			<t id="s4_32" word="." lemma="--" pos="pu" morph="--" extra="--"/>
		</terminals>

		<nonterminals>
			<nt id="s4_500" cat="s">
				<edge label="STA" idref="s4_501"/>
			</nt>
			<nt id="s4_501" cat="par">
				<edge label="CJT" idref="s4_502"/>
				<edge label="CJT" idref="s4_503"/>
				<edge label="CJT" idref="s4_505"/>
				<edge label="CJT" idref="s4_512"/>
				<edge label="CJT" idref="s4_515"/>
				<edge label="PU" idref="s4_32"/>
			</nt>
			<nt id="s4_502" cat="fcl">
				<edge label="fA" idref="s4_1"/>
				<edge label="P" idref="s4_2"/>
			</nt>
			<nt id="s4_503" cat="x">
				<edge label="X" idref="s4_504"/>
			</nt>
			<nt id="s4_504" cat="np">
				<edge label="CO" idref="s4_3"/>
			</nt>
			<nt id="s4_505" cat="x">
				<edge label="Od" idref="s4_506"/>
				<edge label="fCs" idref="s4_8"/>
				<edge label="PU" idref="s4_9"/>
				<edge label="fA" idref="s4_10"/>
				<edge label="P" idref="s4_11"/>
				<edge label="Od" idref="s4_509"/>
			</nt>
			<nt id="s4_506" cat="icl">
				<edge label="P" idref="s4_4"/>
				<edge label="Od" idref="s4_507"/>
			</nt>
			<nt id="s4_507" cat="icl">
				<edge label="P" idref="s4_5"/>
				<edge label="Op" idref="s4_508"/>
			</nt>
			<nt id="s4_508" cat="pp">
				<edge label="H" idref="s4_6"/>
				<edge label="DP" idref="s4_7"/>
			</nt>
			<nt id="s4_509" cat="np">
				<edge label="H" idref="s4_12"/>
				<edge label="DN" idref="s4_510"/>
			</nt>
			<nt id="s4_510" cat="pp">
				<edge label="H" idref="s4_13"/>
				<edge label="DP" idref="s4_511"/>
			</nt>
			<nt id="s4_511" cat="np">
				<edge label="DN" idref="s4_14"/>
				<edge label="H" idref="s4_15"/>
				<edge label="CO" idref="s4_16"/>
			</nt>
			<nt id="s4_512" cat="x">
				<edge label="fA" idref="s4_17"/>
				<edge label="P" idref="s4_18"/>
				<edge label="Od" idref="s4_513"/>
			</nt>
			<nt id="s4_513" cat="np">
				<edge label="DN" idref="s4_19"/>
				<edge label="H" idref="s4_20"/>
				<edge label="DN" idref="s4_514"/>
				<edge label="DN" idref="s4_23"/>
			</nt>
			<nt id="s4_514" cat="pp">
				<edge label="H" idref="s4_21"/>
				<edge label="DP" idref="s4_22"/>
			</nt>
			<nt id="s4_515" cat="fcl">
				<edge label="S" idref="s4_24"/>
				<edge label="P" idref="s4_25"/>
				<edge label="Op" idref="s4_516"/>
				<edge label="fA" idref="s4_29"/>
				<edge label="P" idref="s4_30"/>
				<edge label="fA" idref="s4_31"/>
			</nt>
			<nt id="s4_516" cat="pp">
				<edge label="H" idref="s4_26"/>
				<edge label="DP" idref="s4_27"/>
				<edge label="H" idref="s4_28"/>
			</nt>
		</nonterminals>
	</graph>
</s>

	</body>
</corpus>
