<?xml version="1.0" encoding="UTF-8"?>
<corpus>

	<body>
<s id="s1" ref="1" source="Running text" forest="1" text="um erro comprar um erro comprar um erro comprar o que gostei não presta o que não gostei o sistema operacional e uma me..">
	<graph root="s1_500">
		<terminals>
			<t id="s1_1" word="um" lemma="um" pos="art" morph="M S" extra="--"/>
			<t id="s1_2" word="erro" lemma="erro" pos="n" morph="M S" sem="ac act-d" extra="--"/>
			<t id="s1_3" word="comprar" lemma="comprar" pos="v-inf" morph="3S" extra="vH mv"/>
			<t id="s1_4" word="um" lemma="um" pos="art" morph="M S" extra="--"/>
			<t id="s1_5" word="erro" lemma="erro" pos="n" morph="M S" sem="ac act-d" extra="--"/>
			<t id="s1_6" word="comprar" lemma="comprar" pos="v-inf" morph="--" extra="vH mv"/>
			<t id="s1_7" word="um" lemma="um" pos="art" morph="M S" extra="--"/>
			<t id="s1_8" word="erro" lemma="erro" pos="n" morph="M S" sem="ac act-d" extra="--"/>
			<t id="s1_9" word="comprar" lemma="comprar" pos="v-inf" morph="--" extra="vH mv"/>
			<t id="s1_10" word="o" lemma="o" pos="pron-dem" morph="DET M S" extra="dem"/>
			<t id="s1_11" word="que" lemma="que" pos="spec" morph="M S" extra="clb rel"/>
			<t id="s1_12" word="gostei" lemma="gostar" pos="v-fin" morph="PS 1S IND VFIN" extra="cjt-head cjt-head-STA vH mv"/>
			<t id="s1_13" word="não" lemma="não" pos="adv" morph="--" extra="--"/>
			<t id="s1_14" word="presta" lemma="prestar" pos="v-fin" morph="PR 3S IND VFIN" extra="nosubj nosubj cjt-STA fmc mv"/>
			<t id="s1_15" word="o" lemma="o" pos="pron-dem" morph="DET M S" extra="dem"/>
			<t id="s1_16" word="que" lemma="que" pos="spec" morph="M S" extra="clb rel"/>
			<t id="s1_17" word="não" lemma="não" pos="adv" morph="--" extra="--"/>
			<t id="s1_18" word="gostei" lemma="gostar" pos="v-fin" morph="PS 1S IND VFIN" extra="cjt-STA vH mv"/>
			<t id="s1_19" word="o" lemma="o" pos="art" morph="M S" extra="--"/>
			<t id="s1_20" word="sistema_operacional" lemma="sistema_operacional" pos="n" morph="M S" sem="ac" extra="--"/>
			<t id="s1_21" word="e" lemma="e" pos="conj-c" morph="--" extra="--"/>
			<t id="s1_22" word="uma" lemma="uma" pos="num" morph="F S" extra="card"/>
			<t id="s1_23" word="me" lemma="eu" pos="pron-pers" morph="M/F 1S DAT" extra="refl"/>
			<t id="s1_24" word="." lemma="--" pos="pu" morph="--" extra="--"/>
			<t id="s1_25" word="." lemma="--" pos="pu" morph="--" extra="--"/>
		</terminals>

		<nonterminals>
			<nt id="s1_500" cat="s">
				<edge label="STA" idref="s1_501"/>
			</nt>
			<nt id="s1_501" cat="par">
				<edge label="CJT" idref="s1_502"/>
				<edge label="S" idref="s1_504"/>
				<edge label="S" idref="s1_505"/>
				<edge label="P" idref="s1_9"/>
				<edge label="Od" idref="s1_10"/>
				<edge label="CJT" idref="s1_509"/>
				<edge label="CJT" idref="s1_510"/>
				<edge label="CO" idref="s1_21"/>
				<edge label="Oi" idref="s1_23"/>
				<edge label="PU" idref="s1_24"/>
				<edge label="PU" idref="s1_25"/>
			</nt>
			<nt id="s1_502" cat="fcl">
				<edge label="S" idref="s1_503"/>
			</nt>
			<nt id="s1_503" cat="np">
				<edge label="DN" idref="s1_1"/>
				<edge label="H" idref="s1_2"/>
			</nt>
			<nt id="s1_504" cat="fcl">
			</nt>
			<nt id="s1_505" cat="fcl">
				<edge label="S" idref="s1_506"/>
				<edge label="P" idref="s1_6"/>
				<edge label="Od" idref="s1_508"/>
				<edge label="X" idref="s1_11"/>
				<edge label="P" idref="s1_12"/>
				<edge label="fA" idref="s1_13"/>
			</nt>
			<nt id="s1_506" cat="icl">
				<edge label="P" idref="s1_3"/>
				<edge label="Od" idref="s1_507"/>
			</nt>
			<nt id="s1_507" cat="np">
				<edge label="DN" idref="s1_4"/>
				<edge label="H" idref="s1_5"/>
			</nt>
			<nt id="s1_508" cat="np">
				<edge label="DN" idref="s1_7"/>
				<edge label="H" idref="s1_8"/>
			</nt>
			<nt id="s1_509" cat="x">
				<edge label="P" idref="s1_14"/>
				<edge label="Od" idref="s1_15"/>
			</nt>
			<nt id="s1_510" cat="fcl">
				<edge label="X" idref="s1_16"/>
				<edge label="fA" idref="s1_17"/>
				<edge label="P" idref="s1_18"/>
				<edge label="S" idref="s1_511"/>
				<edge label="Od" idref="s1_22"/>
			</nt>
			<nt id="s1_511" cat="np">
				<edge label="DN" idref="s1_19"/>
				<edge label="H" idref="s1_20"/>
			</nt>
		</nonterminals>
	</graph>
</s>

	</body>
</corpus>
