<?xml version="1.0" encoding="UTF-8"?>
<corpus>

	<body>
<s id="s1" ref="1" source="Running text" forest="1" text="gosto muito dos aparelhos da samsung, porém esta foi a pior compra que eu já fiz.">
	<graph root="s1_500">
		<terminals>
			<t id="s1_1" word="gosto" lemma="gostar" pos="v-fin" morph="PR 1S IND VFIN" extra="nosubj nosubj cjt-head cjt-head-STA vH fmc mv"/>
			<t id="s1_2" word="muito" lemma="muito" pos="adv" morph="--" extra="quant"/>
			<t id="s1_3" word="de" lemma="de" pos="prp" morph="--" extra="sam-"/>
			<t id="s1_4" word="os" lemma="o" pos="art" morph="M P" extra="-sam "/>
			<t id="s1_5" word="aparelhos" lemma="aparelho" pos="n" morph="M P" sem="tool" extra="--"/>
			<t id="s1_6" word="de" lemma="de" pos="prp" morph="--" extra="sam- np-close"/>
			<t id="s1_7" word="a" lemma="o" pos="art" morph="F S" extra="-sam "/>
			<t id="s1_8" word="samsung" lemma="samsung" pos="n" morph="F S" extra="heur"/>
			<t id="s1_9" word="," lemma="--" pos="pu" morph="--" extra="--"/>
			<t id="s1_10" word="porém" lemma="porém" pos="adv" morph="--" extra="kc"/>
			<t id="s1_11" word="esta" lemma="este" pos="pron-dem" morph="DET F S" extra="dem"/>
			<t id="s1_12" word="foi" lemma="ser" pos="v-fin" morph="PS 3S IND VFIN" extra="cjt-STA vK fmc mv"/>
			<t id="s1_13" word="a" lemma="o" pos="art" morph="F S" extra="--"/>
			<t id="s1_14" word="pior" lemma="mau" pos="adj" morph="F S" extra="KOMP SUP jh"/>
			<t id="s1_15" word="compra" lemma="compra" pos="n" morph="F S" sem="act cc" extra="--"/>
			<t id="s1_16" word="que" lemma="que" pos="spec" morph="M S" extra="clb clb-fs rel"/>
			<t id="s1_17" word="eu" lemma="eu" pos="pron-pers" morph="M/F 1S NOM" extra="--"/>
			<t id="s1_18" word="já" lemma="já" pos="adv" morph="--" extra="--"/>
			<t id="s1_19" word="fiz" lemma="fazer" pos="v-fin" morph="PS 1S IND VFIN" extra="mv np-close"/>
			<t id="s1_20" word="." lemma="--" pos="pu" morph="--" extra="--"/>
		</terminals>

		<nonterminals>
			<nt id="s1_500" cat="s">
				<edge label="STA" idref="s1_501"/>
			</nt>
			<nt id="s1_501" cat="par">
				<edge label="CJT" idref="s1_502"/>
				<edge label="PU" idref="s1_9"/>
				<edge label="CJT" idref="s1_507"/>
				<edge label="PU" idref="s1_20"/>
			</nt>
			<nt id="s1_502" cat="fcl">
				<edge label="P" idref="s1_1"/>
				<edge label="fA" idref="s1_2"/>
				<edge label="Op" idref="s1_503"/>
			</nt>
			<nt id="s1_503" cat="pp">
				<edge label="H" idref="s1_3"/>
				<edge label="DP" idref="s1_504"/>
			</nt>
			<nt id="s1_504" cat="np">
				<edge label="DN" idref="s1_4"/>
				<edge label="H" idref="s1_5"/>
				<edge label="DN" idref="s1_505"/>
			</nt>
			<nt id="s1_505" cat="pp">
				<edge label="H" idref="s1_6"/>
				<edge label="DP" idref="s1_506"/>
			</nt>
			<nt id="s1_506" cat="np">
				<edge label="DN" idref="s1_7"/>
				<edge label="H" idref="s1_8"/>
			</nt>
			<nt id="s1_507" cat="fcl">
				<edge label="fA" idref="s1_10"/>
				<edge label="S" idref="s1_11"/>
				<edge label="P" idref="s1_12"/>
				<edge label="Cs" idref="s1_508"/>
			</nt>
			<nt id="s1_508" cat="np">
				<edge label="DN" idref="s1_13"/>
				<edge label="DN" idref="s1_14"/>
				<edge label="H" idref="s1_15"/>
				<edge label="DN" idref="s1_509"/>
			</nt>
			<nt id="s1_509" cat="fcl">
				<edge label="Od" idref="s1_16"/>
				<edge label="S" idref="s1_17"/>
				<edge label="fA" idref="s1_18"/>
				<edge label="P" idref="s1_19"/>
			</nt>
		</nonterminals>
	</graph>
</s>

<s id="s2" ref="2" source="Running text" forest="1" text="o celular vive travando o display, geralmente quando preciso desligar uma ligação.">
	<graph root="s2_500">
		<terminals>
			<t id="s2_1" word="o" lemma="o" pos="art" morph="M S" extra="--"/>
			<t id="s2_2" word="celular" lemma="celular" pos="adj" morph="M S" extra="n nh"/>
			<t id="s2_3" word="vive" lemma="viver" pos="v-fin" morph="PR 3S IND VFIN" extra="vH fmc mv"/>
			<t id="s2_4" word="travando" lemma="travar" pos="v-ger" morph="--" extra="clb mv"/>
			<t id="s2_5" word="o" lemma="o" pos="art" morph="M S" extra="--"/>
			<t id="s2_6" word="display" lemma="display" pos="n" morph="M S" sem="furn" extra="--"/>
			<t id="s2_7" word="," lemma="--" pos="pu" morph="--" extra="--"/>
			<t id="s2_8" word="geralmente" lemma="geralmente" pos="adv" morph="--" extra="--"/>
			<t id="s2_9" word="quando" lemma="quando" pos="adv" morph="--" extra="clb clb-fs rel ks"/>
			<t id="s2_10" word="preciso" lemma="precisar" pos="v-fin" morph="PR 1S IND VFIN" extra="mv"/>
			<t id="s2_11" word="desligar" lemma="desligar" pos="v-inf" morph="--" extra="vH mv"/>
			<t id="s2_12" word="uma" lemma="um" pos="art" morph="F S" extra="--"/>
			<t id="s2_13" word="ligação" lemma="ligação" pos="n" morph="F S" sem="act ac ac-sign Labs" extra="--"/>
			<t id="s2_14" word="." lemma="--" pos="pu" morph="--" extra="--"/>
		</terminals>

		<nonterminals>
			<nt id="s2_500" cat="s">
				<edge label="STA" idref="s2_501"/>
			</nt>
			<nt id="s2_501" cat="fcl">
				<edge label="fA" idref="s2_502"/>
				<edge label="S" idref="s2_2"/>
				<edge label="P" idref="s2_3"/>
				<edge label="PU" idref="s2_14"/>
			</nt>
			<nt id="s2_502" cat="advp">
				<edge label="Od" idref="s2_503"/>
				<edge label="P" idref="s2_4"/>
				<edge label="PU" idref="s2_7"/>
				<edge label="fA" idref="s2_8"/>
				<edge label="fA" idref="s2_504"/>
			</nt>
			<nt id="s2_503" cat="np">
				<edge label="DN" idref="s2_1"/>
				<edge label="DN" idref="s2_5"/>
				<edge label="H" idref="s2_6"/>
			</nt>
			<nt id="s2_504" cat="fcl">
				<edge label="fA" idref="s2_9"/>
				<edge label="P" idref="s2_10"/>
				<edge label="Od" idref="s2_505"/>
			</nt>
			<nt id="s2_505" cat="icl">
				<edge label="P" idref="s2_11"/>
				<edge label="Od" idref="s2_506"/>
			</nt>
			<nt id="s2_506" cat="np">
				<edge label="DN" idref="s2_12"/>
				<edge label="H" idref="s2_13"/>
			</nt>
		</nonterminals>
	</graph>
</s>

<s id="s3" ref="3" source="Running text" forest="1" text="também, o áudio do mp3 é péssimo, é muito rouco parece uma caixa de abelha.">
	<graph root="s3_500">
		<terminals>
			<t id="s3_1" word="também" lemma="também" pos="adv" morph="--" extra="--"/>
			<t id="s3_2" word="," lemma="--" pos="pu" morph="--" extra="--"/>
			<t id="s3_3" word="o" lemma="o" pos="art" morph="M S" extra="--"/>
			<t id="s3_4" word="áudio" lemma="áudio" pos="n" morph="M S" sem="tool" extra="--"/>
			<t id="s3_5" word="de" lemma="de" pos="prp" morph="--" extra="sam- np-close"/>
			<t id="s3_6" word="o" lemma="o" pos="art" morph="M S" extra="-sam "/>
			<t id="s3_7" word="mp3" lemma="mp3" pos="n" morph="M S" extra="heur"/>
			<t id="s3_8" word="é" lemma="ser" pos="v-fin" morph="PR 3S IND VFIN" extra="nosubj nosubj cjt-head cjt-head-STA vK fmc mv"/>
			<t id="s3_9" word="péssimo" lemma="mal" pos="adj" morph="M S" extra="SUP"/>
			<t id="s3_10" word="," lemma="--" pos="pu" morph="--" extra="--"/>
			<t id="s3_11" word="é" lemma="ser" pos="v-fin" morph="PR 3S IND VFIN" extra="nosubj nosubj cjt-STA vK fmc mv"/>
			<t id="s3_12" word="muito" lemma="muito" pos="adv" morph="--" extra="quant"/>
			<t id="s3_13" word="rouco" lemma="rouco" pos="adj" morph="M S" extra="jh"/>
			<t id="s3_14" word="parece" lemma="parecer" pos="v-fin" morph="PR 3S IND VFIN" extra="nosubj nosubj cjt-STA vK fmc mv"/>
			<t id="s3_15" word="uma" lemma="um" pos="art" morph="F S" extra="--"/>
			<t id="s3_16" word="caixa" lemma="caixa" pos="n" morph="F S" sem="con cc-r" extra="--"/>
			<t id="s3_17" word="de" lemma="de" pos="prp" morph="--" extra="np-close"/>
			<t id="s3_18" word="abelha" lemma="abelha" pos="n" morph="F S" sem="Aent" extra="--"/>
			<t id="s3_19" word="." lemma="--" pos="pu" morph="--" extra="--"/>
		</terminals>

		<nonterminals>
			<nt id="s3_500" cat="s">
				<edge label="STA" idref="s3_501"/>
			</nt>
			<nt id="s3_501" cat="par">
				<edge label="CJT" idref="s3_502"/>
				<edge label="PU" idref="s3_10"/>
				<edge label="CJT" idref="s3_506"/>
				<edge label="CJT" idref="s3_508"/>
				<edge label="PU" idref="s3_19"/>
			</nt>
			<nt id="s3_502" cat="fcl">
				<edge label="fA" idref="s3_1"/>
				<edge label="PU" idref="s3_2"/>
				<edge label="S" idref="s3_503"/>
				<edge label="P" idref="s3_8"/>
				<edge label="Cs" idref="s3_9"/>
			</nt>
			<nt id="s3_503" cat="np">
				<edge label="DN" idref="s3_3"/>
				<edge label="H" idref="s3_4"/>
				<edge label="DN" idref="s3_504"/>
			</nt>
			<nt id="s3_504" cat="pp">
				<edge label="H" idref="s3_5"/>
				<edge label="DP" idref="s3_505"/>
			</nt>
			<nt id="s3_505" cat="np">
				<edge label="DN" idref="s3_6"/>
				<edge label="H" idref="s3_7"/>
			</nt>
			<nt id="s3_506" cat="x">
				<edge label="P" idref="s3_11"/>
				<edge label="Cs" idref="s3_507"/>
			</nt>
			<nt id="s3_507" cat="adjp">
				<edge label="DA" idref="s3_12"/>
				<edge label="H" idref="s3_13"/>
			</nt>
			<nt id="s3_508" cat="x">
				<edge label="P" idref="s3_14"/>
				<edge label="Cs" idref="s3_509"/>
			</nt>
			<nt id="s3_509" cat="np">
				<edge label="DN" idref="s3_15"/>
				<edge label="H" idref="s3_16"/>
				<edge label="DN" idref="s3_510"/>
			</nt>
			<nt id="s3_510" cat="pp">
				<edge label="H" idref="s3_17"/>
				<edge label="DP" idref="s3_18"/>
			</nt>
		</nonterminals>
	</graph>
</s>

<s id="s4" ref="4" source="Running text" forest="1" text="infelizmente, este produto deixa a desejar..">
	<graph root="s4_500">
		<terminals>
			<t id="s4_1" word="infelizmente" lemma="infelizmente" pos="adv" morph="--" extra="cjt-head cjt-head-fA"/>
			<t id="s4_2" word="," lemma="--" pos="pu" morph="--" extra="--"/>
			<t id="s4_3" word="este" lemma="este" pos="pron-dem" morph="DET M S" extra="dem"/>
			<t id="s4_4" word="produto" lemma="produto" pos="n" morph="M S" sem="cc-h mon ac-cat" extra="--"/>
			<t id="s4_5" word="deixa" lemma="deixar" pos="v-fin" morph="PR 3S IND VFIN" extra="fmc aux"/>
			<t id="s4_6" word="a" lemma="a" pos="prp" morph="--" extra="cjt-fA"/>
			<t id="s4_7" word="desejar" lemma="desejar" pos="v-inf" morph="--" extra="vH mv"/>
			<t id="s4_8" word="." lemma="--" pos="pu" morph="--" extra="--"/>
			<t id="s4_9" word="." lemma="--" pos="pu" morph="--" extra="--"/>
		</terminals>

		<nonterminals>
			<nt id="s4_500" cat="s">
				<edge label="fA" idref="s4_501"/>
			</nt>
			<nt id="s4_501" cat="par">
				<edge label="CJT" idref="s4_502"/>
				<edge label="CJT" idref="s4_505"/>
				<edge label="PU" idref="s4_8"/>
				<edge label="PU" idref="s4_9"/>
			</nt>
			<nt id="s4_502" cat="advp">
				<edge label="H" idref="s4_1"/>
				<edge label="PU" idref="s4_2"/>
				<edge label="STA" idref="s4_503"/>
			</nt>
			<nt id="s4_503" cat="fcl">
				<edge label="S" idref="s4_504"/>
				<edge label="P" idref="s4_5"/>
			</nt>
			<nt id="s4_504" cat="np">
				<edge label="DN" idref="s4_3"/>
				<edge label="H" idref="s4_4"/>
			</nt>
			<nt id="s4_505" cat="pp">
				<edge label="H" idref="s4_6"/>
				<edge label="DP" idref="s4_7"/>
			</nt>
		</nonterminals>
	</graph>
</s>

	</body>
</corpus>
