<?xml version="1.0" encoding="UTF-8"?>
<corpus>

	<body>
<s id="s1" ref="1" source="Running text" forest="1" text="bom para quem não necessita de muitos recursos o que gostei moderno o que não gostei flip fraco.">
	<graph root="s1_500">
		<terminals>
			<t id="s1_1" word="bom" lemma="bom" pos="adj" morph="M S" extra="jh"/>
			<t id="s1_2" word="para" lemma="para" pos="prp" morph="--" extra="--"/>
			<t id="s1_3" word="quem" lemma="quem" pos="spec" morph="M/F S" extra="clb clb-fs rel"/>
			<t id="s1_4" word="não" lemma="não" pos="adv" morph="--" extra="--"/>
			<t id="s1_5" word="necessita" lemma="necessitar" pos="v-fin" morph="PR 3S IND VFIN" extra="vH mv"/>
			<t id="s1_6" word="de" lemma="de" pos="prp" morph="--" extra="--"/>
			<t id="s1_7" word="muitos" lemma="muito" pos="pron-indef" morph="DET M P" extra="quant"/>
			<t id="s1_8" word="recursos" lemma="recurso" pos="n" morph="M P" sem="ac act-d sem-s mon" extra="--"/>
			<t id="s1_9" word="o_que" lemma="o_que" pos="spec" morph="M S" extra="clb rel"/>
			<t id="s1_10" word="gostei" lemma="gostar" pos="v-fin" morph="PS 1S IND VFIN" extra="vH mv"/>
			<t id="s1_11" word="moderno" lemma="moderno" pos="adj" morph="M S" extra="cjt-head cjt-head-S jh"/>
			<t id="s1_12" word="o" lemma="o" pos="pron-dem" morph="DET M S" extra="cjt-S dem"/>
			<t id="s1_13" word="que" lemma="que" pos="spec" morph="M S" extra="clb clb-fs rel"/>
			<t id="s1_14" word="não" lemma="não" pos="adv" morph="--" extra="--"/>
			<t id="s1_15" word="gostei" lemma="gostar" pos="v-fin" morph="PS 1S IND VFIN" extra="vH mv np-close"/>
			<t id="s1_16" word="flip" lemma="flip" pos="n" morph="M S" extra="heur"/>
			<t id="s1_17" word="fraco" lemma="fraco" pos="adj" morph="M S" extra="np-close"/>
			<t id="s1_18" word="." lemma="--" pos="pu" morph="--" extra="--"/>
		</terminals>

		<nonterminals>
			<nt id="s1_500" cat="s">
				<edge label="DP" idref="s1_501"/>
			</nt>
			<nt id="s1_501" cat="fcl">
				<edge label="S" idref="s1_502"/>
				<edge label="S" idref="s1_3"/>
				<edge label="fA" idref="s1_4"/>
				<edge label="P" idref="s1_5"/>
				<edge label="Op" idref="s1_503"/>
				<edge label="PU" idref="s1_18"/>
			</nt>
			<nt id="s1_502" cat="adjp">
				<edge label="H" idref="s1_1"/>
				<edge label="DA" idref="s1_2"/>
			</nt>
			<nt id="s1_503" cat="pp">
				<edge label="H" idref="s1_6"/>
				<edge label="DP" idref="s1_504"/>
				<edge label="STA" idref="s1_505"/>
			</nt>
			<nt id="s1_504" cat="np">
				<edge label="DN" idref="s1_7"/>
				<edge label="H" idref="s1_8"/>
			</nt>
			<nt id="s1_505" cat="fcl">
				<edge label="X" idref="s1_9"/>
				<edge label="P" idref="s1_10"/>
				<edge label="S" idref="s1_506"/>
				<edge label="DN" idref="s1_507"/>
				<edge label="fCs" idref="s1_508"/>
			</nt>
			<nt id="s1_506" cat="par">
				<edge label="CJT" idref="s1_11"/>
				<edge label="CJT" idref="s1_12"/>
			</nt>
			<nt id="s1_507" cat="fcl">
				<edge label="S" idref="s1_13"/>
				<edge label="fA" idref="s1_14"/>
				<edge label="P" idref="s1_15"/>
			</nt>
			<nt id="s1_508" cat="np">
				<edge label="H" idref="s1_16"/>
				<edge label="DN" idref="s1_17"/>
			</nt>
		</nonterminals>
	</graph>
</s>

	</body>
</corpus>
