<?xml version="1.0" encoding="UTF-8"?>
<corpus>

	<body>
<s id="s1" ref="1" source="Running text" forest="1" text="acho que o wi-fi não funcionar num smartphone é um defeito imperdoável.">
	<graph root="s1_500">
		<terminals>
			<t id="s1_1" word="acho" lemma="achar" pos="v-fin" morph="PR 1S IND VFIN" extra="nosubj nosubj cjt-head cjt-head-STA vH fmc mv"/>
			<t id="s1_2" word="que" lemma="que" pos="conj-s" morph="--" extra="clb clb-fs"/>
			<t id="s1_3" word="o" lemma="ele" pos="pron-pers" morph="M 3S ACC" extra="--"/>
			<t id="s1_4" word="wi-fi" lemma="wi-fer" pos="v-fin" morph="PS 1S IND VFIN" extra="foreign heur mv"/>
			<t id="s1_5" word="não" lemma="não" pos="adv" morph="--" extra="--"/>
			<t id="s1_6" word="funcionar" lemma="funcionar" pos="v-inf" morph="--" extra="mv"/>
			<t id="s1_7" word="em" lemma="em" pos="prp" morph="--" extra="--"/>
			<t id="s1_8" word="um" lemma="um" pos="art" morph="M S" extra="--"/>
			<t id="s1_9" word="smartphone" lemma="smartphone" pos="n" morph="M S" extra="heur foreign"/>
			<t id="s1_10" word="é" lemma="ser" pos="v-fin" morph="PR 3S IND VFIN" extra="nosubj nosubj cjt-STA vK fmc mv"/>
			<t id="s1_11" word="um" lemma="um" pos="art" morph="M S" extra="--"/>
			<t id="s1_12" word="defeito" lemma="defeito" pos="n" morph="M S" sem="ac" extra="--"/>
			<t id="s1_13" word="imperdoável" lemma="imperdoável" pos="adj" morph="M S" extra="nh np-close"/>
			<t id="s1_14" word="." lemma="--" pos="pu" morph="--" extra="--"/>
		</terminals>

		<nonterminals>
			<nt id="s1_500" cat="s">
				<edge label="STA" idref="s1_501"/>
			</nt>
			<nt id="s1_501" cat="par">
				<edge label="CJT" idref="s1_502"/>
				<edge label="CJT" idref="s1_507"/>
				<edge label="PU" idref="s1_14"/>
			</nt>
			<nt id="s1_502" cat="fcl">
				<edge label="P" idref="s1_1"/>
				<edge label="Od" idref="s1_503"/>
			</nt>
			<nt id="s1_503" cat="fcl">
				<edge label="SUB" idref="s1_2"/>
				<edge label="Od" idref="s1_3"/>
				<edge label="P" idref="s1_4"/>
				<edge label="fA" idref="s1_5"/>
				<edge label="S" idref="s1_504"/>
			</nt>
			<nt id="s1_504" cat="icl">
				<edge label="P" idref="s1_6"/>
				<edge label="fA" idref="s1_505"/>
			</nt>
			<nt id="s1_505" cat="pp">
				<edge label="H" idref="s1_7"/>
				<edge label="DP" idref="s1_506"/>
			</nt>
			<nt id="s1_506" cat="np">
				<edge label="DN" idref="s1_8"/>
				<edge label="H" idref="s1_9"/>
			</nt>
			<nt id="s1_507" cat="x">
				<edge label="P" idref="s1_10"/>
				<edge label="Cs" idref="s1_508"/>
			</nt>
			<nt id="s1_508" cat="np">
				<edge label="DN" idref="s1_11"/>
				<edge label="H" idref="s1_12"/>
				<edge label="DN" idref="s1_13"/>
			</nt>
		</nonterminals>
	</graph>
</s>

<s id="s2" ref="2" source="Running text" forest="1" text="o que gostei android o que não gostei o wi-fi não funciona.">
	<graph root="s2_500">
		<terminals>
			<t id="s2_1" word="o" lemma="o" pos="pron-dem" morph="DET M S" extra="dem"/>
			<t id="s2_2" word="que" lemma="que" pos="spec" morph="M S" extra="clb clb-fs rel"/>
			<t id="s2_3" word="gostei" lemma="gostar" pos="v-fin" morph="PS 1S IND VFIN" extra="vH mv np-close"/>
			<t id="s2_4" word="android" lemma="android" pos="n" morph="M S" extra="foreign heur"/>
			<t id="s2_5" word="o" lemma="o" pos="pron-dem" morph="DET M S" extra="dem"/>
			<t id="s2_6" word="que" lemma="que" pos="spec" morph="M S" extra="clb clb-fs rel"/>
			<t id="s2_7" word="não" lemma="não" pos="adv" morph="--" extra="--"/>
			<t id="s2_8" word="gostei" lemma="gostar" pos="v-fin" morph="PS 1S IND VFIN" extra="vH mv np-close"/>
			<t id="s2_9" word="o" lemma="ele" pos="pron-pers" morph="M 3S ACC" extra="--"/>
			<t id="s2_10" word="wi-fi" lemma="wi-fer" pos="v-fin" morph="PS 1S IND VFIN" extra="predco predco foreign heur fmc mv"/>
			<t id="s2_11" word="não" lemma="não" pos="adv" morph="--" extra="--"/>
			<t id="s2_12" word="funciona" lemma="funcionar" pos="v-fin" morph="PR 3S IND VFIN" extra="cjt-STA fmc mv"/>
			<t id="s2_13" word="." lemma="--" pos="pu" morph="--" extra="--"/>
		</terminals>

		<nonterminals>
			<nt id="s2_500" cat="s">
				<edge label="UTT" idref="s2_501"/>
			</nt>
			<nt id="s2_501" cat="x">
				<edge label="DN" idref="s2_503"/>
				<edge label="S" idref="s2_2"/>
				<edge label="P" idref="s2_3"/>
				<edge label="S" idref="s2_5"/>
				<edge label="Od" idref="s2_9"/>
				<edge label="X" idref="s2_507"/>
				<edge label="PU" idref="s2_13"/>
			</nt>
			<nt id="s2_502" cat="fcl">
				<edge label="S" idref="s2_1"/>
			</nt>
			<nt id="s2_503" cat="fcl">
				<edge label="CJT" idref="s2_504"/>
			</nt>
			<nt id="s2_504" cat="fcl">
				<edge label="S" idref="s2_505"/>
			</nt>
			<nt id="s2_505" cat="np">
				<edge label="H" idref="s2_4"/>
				<edge label="DN" idref="s2_506"/>
			</nt>
			<nt id="s2_506" cat="fcl">
				<edge label="S" idref="s2_6"/>
				<edge label="fA" idref="s2_7"/>
				<edge label="P" idref="s2_8"/>
			</nt>
			<nt id="s2_507" cat="par">
				<edge label="CJT" idref="s2_508"/>
				<edge label="CJT" idref="s2_509"/>
			</nt>
			<nt id="s2_508" cat="x">
				<edge label="P" idref="s2_10"/>
				<edge label="fA" idref="s2_11"/>
			</nt>
			<nt id="s2_509" cat="fcl">
				<edge label="P" idref="s2_12"/>
			</nt>
		</nonterminals>
	</graph>
</s>

<s id="s3" ref="3" source="Running text" forest="1" text="consultando a internet, é um defeito mesmo..">
	<graph root="s3_500">
		<terminals>
			<t id="s3_1" word="consultando" lemma="consultar" pos="v-ger" morph="--" extra="clb vH mv"/>
			<t id="s3_2" word="a" lemma="o" pos="art" morph="F S" extra="--"/>
			<t id="s3_3" word="internet" lemma="internet" pos="n" morph="F S" extra="newlex"/>
			<t id="s3_4" word="," lemma="--" pos="pu" morph="--" extra="--"/>
			<t id="s3_5" word="é" lemma="ser" pos="v-fin" morph="PR 3S IND VFIN" extra="vK fmc mv"/>
			<t id="s3_6" word="um" lemma="um" pos="art" morph="M S" extra="--"/>
			<t id="s3_7" word="defeito" lemma="defeito" pos="n" morph="M S" sem="ac" extra="--"/>
			<t id="s3_8" word="mesmo" lemma="mesmo" pos="pron-indef" morph="DET M S" extra="ident np-close"/>
			<t id="s3_9" word="." lemma="--" pos="pu" morph="--" extra="--"/>
			<t id="s3_10" word="." lemma="--" pos="pu" morph="--" extra="--"/>
		</terminals>

		<nonterminals>
			<nt id="s3_500" cat="s">
				<edge label="STA" idref="s3_501"/>
			</nt>
			<nt id="s3_501" cat="fcl">
				<edge label="fA" idref="s3_502"/>
				<edge label="PU" idref="s3_4"/>
				<edge label="P" idref="s3_5"/>
				<edge label="Cs" idref="s3_504"/>
				<edge label="PU" idref="s3_9"/>
				<edge label="PU" idref="s3_10"/>
			</nt>
			<nt id="s3_502" cat="advp">
				<edge label="P" idref="s3_1"/>
				<edge label="Od" idref="s3_503"/>
			</nt>
			<nt id="s3_503" cat="np">
				<edge label="DN" idref="s3_2"/>
				<edge label="H" idref="s3_3"/>
			</nt>
			<nt id="s3_504" cat="np">
				<edge label="DN" idref="s3_6"/>
				<edge label="H" idref="s3_7"/>
				<edge label="DN" idref="s3_8"/>
			</nt>
		</nonterminals>
	</graph>
</s>

	</body>
</corpus>
