<?xml version="1.0" encoding="UTF-8"?>
<corpus>

	<body>
<s id="s1" ref="1" source="Running text" forest="1" text="ele é apresentado como um symbian, mas na verdade possui um software proprietário da nokia, o s40, que tem praticamente as mesmas funcionalidades daqueles celulares velhinhos e limitados que aposentamos a pouco tempo.">
	<graph root="s1_500">
		<terminals>
			<t id="s1_1" word="ele" lemma="ele" pos="pron-pers" morph="M 3S NOM" extra="--"/>
			<t id="s1_2" word="é" lemma="ser" pos="v-fin" morph="PR 3S IND VFIN" extra="cjt-head cjt-head-STA fmc aux"/>
			<t id="s1_3" word="apresentado" lemma="apresentar" pos="v-pcp" morph="M S" extra="vH mv"/>
			<t id="s1_4" word="como" lemma="como" pos="prp" morph="--" extra="prd adv-rel"/>
			<t id="s1_5" word="um" lemma="um" pos="art" morph="M S" extra="--"/>
			<t id="s1_6" word="symbian" lemma="symbian" pos="n" morph="M S" extra="asarg foreign heur"/>
			<t id="s1_7" word="," lemma="--" pos="pu" morph="--" extra="--"/>
			<t id="s1_8" word="mas" lemma="mas" pos="conj-c" morph="--" extra="clb"/>
			<t id="s1_9" word="em" lemma="em" pos="prp" morph="--" extra="sam-"/>
			<t id="s1_10" word="a" lemma="o" pos="art" morph="F S" extra="-sam "/>
			<t id="s1_11" word="verdade" lemma="verdade" pos="n" morph="F S" sem="percep-f ac" extra="--"/>
			<t id="s1_12" word="possui" lemma="possuir" pos="v-fin" morph="PR 3S IND VFIN" extra="cjt-STA vH fmc mv"/>
			<t id="s1_13" word="um" lemma="um" pos="art" morph="M S" extra="--"/>
			<t id="s1_14" word="software" lemma="software" pos="n" morph="M S" sem="am" extra="--"/>
			<t id="s1_15" word="proprietário" lemma="proprietário" pos="n" morph="M S" sem="Hprof" extra="--"/>
			<t id="s1_16" word="de" lemma="de" pos="prp" morph="--" extra="sam- np-close"/>
			<t id="s1_17" word="a" lemma="o" pos="art" morph="F S" extra="-sam "/>
			<t id="s1_18" word="nokia" lemma="nokia" pos="n" morph="F S" extra="heur foreign"/>
			<t id="s1_19" word="," lemma="--" pos="pu" morph="--" extra="--"/>
			<t id="s1_20" word="o" lemma="o" pos="art" morph="M S" extra="--"/>
			<t id="s1_21" word="s40" lemma="s40" pos="n" morph="M S" extra="heur np-close"/>
			<t id="s1_22" word="," lemma="--" pos="pu" morph="--" extra="--"/>
			<t id="s1_23" word="que" lemma="que" pos="spec" morph="M S" extra="clb clb-fs rel"/>
			<t id="s1_24" word="tem" lemma="ter" pos="v-fin" morph="PR 3S IND VFIN" extra="mv np-close"/>
			<t id="s1_25" word="praticamente" lemma="prático" pos="adv" morph="--" extra="--"/>
			<t id="s1_26" word="as" lemma="o" pos="art" morph="F P" extra="--"/>
			<t id="s1_27" word="mesmas" lemma="mesmo" pos="pron-indef" morph="DET F P" extra="diff KOMP"/>
			<t id="s1_28" word="funcionalidades" lemma="funcionalidade" pos="n" morph="F P" sem="percep-f" extra="cjt-head cjt-head-Od"/>
			<t id="s1_29" word="de" lemma="de" pos="prp" morph="--" extra="sam- np-close"/>
			<t id="s1_30" word="aqueles" lemma="aquele" pos="pron-dem" morph="DET M P" extra="-sam dem"/>
			<t id="s1_31" word="celulares" lemma="celular" pos="adj" morph="M P" extra="nh"/>
			<t id="s1_32" word="velhinhos" lemma="velhinho" pos="n" morph="M P" sem="H" extra="--"/>
			<t id="s1_33" word="e" lemma="e" pos="conj-c" morph="--" extra="--"/>
			<t id="s1_34" word="limitados" lemma="limitar" pos="v-pcp" morph="M P" extra="cjt-Od jh"/>
			<t id="s1_35" word="que" lemma="que" pos="spec" morph="M S" extra="clb rel"/>
			<t id="s1_36" word="aposentamos" lemma="aposentar" pos="v-fin" morph="PR 1P IND VFIN" extra="nosubj nosubj cjt-STA vH fmc mv"/>
			<t id="s1_37" word="a" lemma="a" pos="prp" morph="--" extra="--"/>
			<t id="s1_38" word="pouco" lemma="pouco" pos="pron-indef" morph="DET M S" extra="quant"/>
			<t id="s1_39" word="tempo" lemma="tempo" pos="n" morph="M S" sem="am temp per ac-cat wea" extra="--"/>
			<t id="s1_40" word="." lemma="--" pos="pu" morph="--" extra="--"/>
		</terminals>

		<nonterminals>
			<nt id="s1_500" cat="s">
				<edge label="STA" idref="s1_501"/>
			</nt>
			<nt id="s1_501" cat="par">
				<edge label="CJT" idref="s1_502"/>
				<edge label="PU" idref="s1_7"/>
				<edge label="CO" idref="s1_8"/>
				<edge label="CJT" idref="s1_506"/>
				<edge label="CJT" idref="s1_519"/>
				<edge label="PU" idref="s1_40"/>
			</nt>
			<nt id="s1_502" cat="fcl">
				<edge label="S" idref="s1_1"/>
				<edge label="P" idref="s1_503"/>
				<edge label="Cs" idref="s1_504"/>
			</nt>
			<nt id="s1_503" cat="vp">
				<edge label="Vaux" idref="s1_2"/>
				<edge label="Vm" idref="s1_3"/>
			</nt>
			<nt id="s1_504" cat="pp">
				<edge label="H" idref="s1_4"/>
				<edge label="DP" idref="s1_505"/>
			</nt>
			<nt id="s1_505" cat="np">
				<edge label="DN" idref="s1_5"/>
				<edge label="H" idref="s1_6"/>
			</nt>
			<nt id="s1_506" cat="fcl">
				<edge label="fA" idref="s1_507"/>
				<edge label="P" idref="s1_12"/>
				<edge label="Od" idref="s1_509"/>
				<edge label="S" idref="s1_510"/>
			</nt>
			<nt id="s1_507" cat="pp">
				<edge label="H" idref="s1_9"/>
				<edge label="DP" idref="s1_508"/>
			</nt>
			<nt id="s1_508" cat="np">
				<edge label="DN" idref="s1_10"/>
				<edge label="H" idref="s1_11"/>
			</nt>
			<nt id="s1_509" cat="np">
				<edge label="DN" idref="s1_13"/>
				<edge label="H" idref="s1_14"/>
			</nt>
			<nt id="s1_510" cat="np">
				<edge label="H" idref="s1_15"/>
				<edge label="DN" idref="s1_511"/>
			</nt>
			<nt id="s1_511" cat="pp">
				<edge label="H" idref="s1_16"/>
				<edge label="DP" idref="s1_512"/>
			</nt>
			<nt id="s1_512" cat="np">
				<edge label="DN" idref="s1_17"/>
				<edge label="H" idref="s1_18"/>
				<edge label="PU" idref="s1_19"/>
				<edge label="DNapp" idref="s1_513"/>
			</nt>
			<nt id="s1_513" cat="np">
				<edge label="DN" idref="s1_20"/>
				<edge label="H" idref="s1_21"/>
				<edge label="PU" idref="s1_22"/>
				<edge label="DN" idref="s1_514"/>
			</nt>
			<nt id="s1_514" cat="fcl">
				<edge label="S" idref="s1_23"/>
				<edge label="P" idref="s1_24"/>
				<edge label="fA" idref="s1_25"/>
				<edge label="Od" idref="s1_515"/>
			</nt>
			<nt id="s1_515" cat="par">
				<edge label="CJT" idref="s1_516"/>
				<edge label="CJT" idref="s1_34"/>
			</nt>
			<nt id="s1_516" cat="np">
				<edge label="DN" idref="s1_26"/>
				<edge label="DN" idref="s1_27"/>
				<edge label="H" idref="s1_28"/>
				<edge label="DN" idref="s1_517"/>
			</nt>
			<nt id="s1_517" cat="pp">
				<edge label="H" idref="s1_29"/>
				<edge label="DP" idref="s1_518"/>
			</nt>
			<nt id="s1_518" cat="np">
				<edge label="DN" idref="s1_30"/>
				<edge label="DN" idref="s1_31"/>
				<edge label="H" idref="s1_32"/>
				<edge label="CO" idref="s1_33"/>
			</nt>
			<nt id="s1_519" cat="x">
				<edge label="Od" idref="s1_35"/>
				<edge label="P" idref="s1_36"/>
				<edge label="fA" idref="s1_520"/>
			</nt>
			<nt id="s1_520" cat="pp">
				<edge label="H" idref="s1_37"/>
				<edge label="DP" idref="s1_521"/>
			</nt>
			<nt id="s1_521" cat="np">
				<edge label="DN" idref="s1_38"/>
				<edge label="H" idref="s1_39"/>
			</nt>
		</nonterminals>
	</graph>
</s>

<s id="s2" ref="2" source="Running text" forest="1" text="portanto, ou você roda os softwares nativos da nokia, que são escassos e não possuírem suporte mais, ou você usa apenas as funções ultra básicas de internet terrível opera mobile e de redes sociais.">
	<graph root="s2_500">
		<terminals>
			<t id="s2_1" word="portanto" lemma="portanto" pos="adv" morph="--" extra="kc"/>
			<t id="s2_2" word="," lemma="--" pos="pu" morph="--" extra="--"/>
			<t id="s2_3" word="ou" lemma="ou" pos="conj-c" morph="--" extra="topkc"/>
			<t id="s2_4" word="você" lemma="você" pos="pron-pers" morph="M/F 3S NOM" extra="--"/>
			<t id="s2_5" word="roda" lemma="rodar" pos="v-fin" morph="PR 3S IND VFIN" extra="nosubj nosubj nosubj nosubj cjt-head cjt-head-STA fmc mv"/>
			<t id="s2_6" word="os" lemma="o" pos="art" morph="M P" extra="--"/>
			<t id="s2_7" word="softwares" lemma="software" pos="n" morph="M P" sem="am" extra="--"/>
			<t id="s2_8" word="nativos" lemma="nativo" pos="adj" morph="M P" extra="np-close"/>
			<t id="s2_9" word="de" lemma="de" pos="prp" morph="--" extra="sam- np-close"/>
			<t id="s2_10" word="a" lemma="o" pos="art" morph="F S" extra="-sam "/>
			<t id="s2_11" word="nokia" lemma="nokia" pos="n" morph="F S" extra="heur foreign"/>
			<t id="s2_12" word="," lemma="--" pos="pu" morph="--" extra="--"/>
			<t id="s2_13" word="que" lemma="que" pos="spec" morph="M S" extra="clb clb-fs rel"/>
			<t id="s2_14" word="são" lemma="ser" pos="v-fin" morph="PR 3P IND VFIN" extra="vK mv np-close"/>
			<t id="s2_15" word="escassos" lemma="escasso" pos="adj" morph="M P" extra="nh"/>
			<t id="s2_16" word="e" lemma="e" pos="conj-c" morph="--" extra="--"/>
			<t id="s2_17" word="não" lemma="não" pos="adv" morph="--" extra="--"/>
			<t id="s2_18" word="possuírem" lemma="possuir" pos="v-inf" morph="3P" extra="vH mv"/>
			<t id="s2_19" word="suporte" lemma="suporte" pos="n" morph="M S" sem="ac part-mach part-build cc-handle" extra="--"/>
			<t id="s2_20" word="mais" lemma="mais" pos="adv" morph="--" extra="--"/>
			<t id="s2_21" word="," lemma="--" pos="pu" morph="--" extra="--"/>
			<t id="s2_22" word="ou" lemma="ou" pos="conj-c" morph="--" extra="--"/>
			<t id="s2_23" word="você" lemma="você" pos="pron-pers" morph="M/F 3S NOM" extra="--"/>
			<t id="s2_24" word="usa" lemma="usar" pos="v-fin" morph="PR 3S IND VFIN" extra="cjt-STA vH fmc mv"/>
			<t id="s2_25" word="apenas" lemma="apenas" pos="adv" morph="--" extra="--"/>
			<t id="s2_26" word="as" lemma="o" pos="art" morph="F P" extra="--"/>
			<t id="s2_27" word="funções" lemma="função" pos="n" morph="F P" sem="ac pos-soc occ" extra="--"/>
			<t id="s2_28" word="ultra" lemma="ultra" pos="adv" morph="--" extra="quant"/>
			<t id="s2_29" word="básicas" lemma="básico" pos="adj" morph="F P" extra="nh np-close"/>
			<t id="s2_30" word="de" lemma="de" pos="prp" morph="--" extra="np-close"/>
			<t id="s2_31" word="internet" lemma="internet" pos="n" morph="F S" sem="Labs" extra="--"/>
			<t id="s2_32" word="terrível" lemma="terrível" pos="adj" morph="F S" extra="np-close"/>
			<t id="s2_33" word="opera" lemma="operar" pos="v-fin" morph="PR 3S IND VFIN" extra="nosubj nosubj cjt-STA fmc mv"/>
			<t id="s2_34" word="mobile" lemma="mobilar" pos="v-fin" morph="PR 3S SUBJ VFIN" extra="nosubj nosubj cjt-STA vH fmc mv"/>
			<t id="s2_35" word="e" lemma="e" pos="conj-c" morph="--" extra="--"/>
			<t id="s2_36" word="de" lemma="de" pos="prp" morph="--" extra="--"/>
			<t id="s2_37" word="redes" lemma="rede" pos="n" morph="F P" sem="con HH furn Lh coll-sem" extra="--"/>
			<t id="s2_38" word="sociais" lemma="social" pos="adj" morph="F P" extra="jh np-close"/>
			<t id="s2_39" word="." lemma="--" pos="pu" morph="--" extra="--"/>
		</terminals>

		<nonterminals>
			<nt id="s2_500" cat="s">
				<edge label="STA" idref="s2_501"/>
			</nt>
			<nt id="s2_501" cat="par">
				<edge label="CJT" idref="s2_502"/>
				<edge label="PU" idref="s2_2"/>
				<edge label="CO" idref="s2_3"/>
				<edge label="CJT" idref="s2_508"/>
				<edge label="CJT" idref="s2_33"/>
				<edge label="CJT" idref="s2_513"/>
				<edge label="PU" idref="s2_39"/>
			</nt>
			<nt id="s2_502" cat="fcl">
				<edge label="fA" idref="s2_1"/>
				<edge label="S" idref="s2_4"/>
				<edge label="P" idref="s2_5"/>
				<edge label="Od" idref="s2_503"/>
			</nt>
			<nt id="s2_503" cat="np">
				<edge label="DN" idref="s2_6"/>
				<edge label="H" idref="s2_7"/>
				<edge label="DN" idref="s2_8"/>
				<edge label="DN" idref="s2_504"/>
			</nt>
			<nt id="s2_504" cat="pp">
				<edge label="H" idref="s2_9"/>
				<edge label="DP" idref="s2_505"/>
				<edge label="UTT" idref="s2_507"/>
			</nt>
			<nt id="s2_505" cat="np">
				<edge label="DN" idref="s2_10"/>
				<edge label="H" idref="s2_11"/>
				<edge label="PU" idref="s2_12"/>
				<edge label="DN" idref="s2_506"/>
				<edge label="CO" idref="s2_16"/>
			</nt>
			<nt id="s2_506" cat="fcl">
				<edge label="S" idref="s2_13"/>
				<edge label="P" idref="s2_14"/>
				<edge label="Cs" idref="s2_15"/>
			</nt>
			<nt id="s2_507" cat="icl">
				<edge label="fA" idref="s2_17"/>
				<edge label="P" idref="s2_18"/>
				<edge label="Od" idref="s2_19"/>
				<edge label="fA" idref="s2_20"/>
				<edge label="PU" idref="s2_21"/>
				<edge label="CO" idref="s2_22"/>
			</nt>
			<nt id="s2_508" cat="fcl">
				<edge label="S" idref="s2_23"/>
				<edge label="P" idref="s2_24"/>
				<edge label="Od" idref="s2_509"/>
			</nt>
			<nt id="s2_509" cat="np">
				<edge label="DN" idref="s2_25"/>
				<edge label="DN" idref="s2_26"/>
				<edge label="H" idref="s2_27"/>
				<edge label="DN" idref="s2_510"/>
				<edge label="DN" idref="s2_511"/>
			</nt>
			<nt id="s2_510" cat="adjp">
				<edge label="DA" idref="s2_28"/>
				<edge label="H" idref="s2_29"/>
			</nt>
			<nt id="s2_511" cat="pp">
				<edge label="H" idref="s2_30"/>
				<edge label="DP" idref="s2_512"/>
			</nt>
			<nt id="s2_512" cat="np">
				<edge label="H" idref="s2_31"/>
				<edge label="DN" idref="s2_32"/>
			</nt>
			<nt id="s2_513" cat="x">
				<edge label="P" idref="s2_34"/>
				<edge label="fA" idref="s2_514"/>
			</nt>
			<nt id="s2_514" cat="pp">
				<edge label="DP" idref="s2_515"/>
				<edge label="H" idref="s2_36"/>
			</nt>
			<nt id="s2_515" cat="np">
				<edge label="DN" idref="s2_516"/>
				<edge label="H" idref="s2_37"/>
				<edge label="-DN" idref="s2_38"/>
			</nt>
			<nt id="s2_516" cat="adjp">
				<edge label="CO" idref="s2_35"/>
			</nt>
		</nonterminals>
	</graph>
</s>

<s id="s3" ref="3" source="Running text" forest="1" text="nunca o compre pensando em produtividade por a terrível semelhança com os blackberries.">
	<graph root="s3_500">
		<terminals>
			<t id="s3_1" word="nunca" lemma="nunca" pos="adv" morph="--" extra="--"/>
			<t id="s3_2" word="o" lemma="ele" pos="pron-pers" morph="M 3S ACC" extra="--"/>
			<t id="s3_3" word="compre" lemma="comprar" pos="v-fin" morph="PR 1/3S SUBJ VFIN" extra="vH fmc mv"/>
			<t id="s3_4" word="pensando" lemma="pensar" pos="v-ger" morph="--" extra="clb vH mv"/>
			<t id="s3_5" word="em" lemma="em" pos="prp" morph="--" extra="--"/>
			<t id="s3_6" word="produtividade" lemma="produtividade" pos="n" morph="F S" sem="am" extra="--"/>
			<t id="s3_7" word="por" lemma="por" pos="prp" morph="--" extra="sam-"/>
			<t id="s3_8" word="a" lemma="o" pos="art" morph="F S" extra="-sam "/>
			<t id="s3_9" word="terrível" lemma="terrível" pos="adj" morph="F S" extra="--"/>
			<t id="s3_10" word="semelhança" lemma="semelhança" pos="n" morph="F S" sem="am" extra="--"/>
			<t id="s3_11" word="com" lemma="com" pos="prp" morph="--" extra="np-close"/>
			<t id="s3_12" word="os" lemma="o" pos="art" morph="M P" extra="--"/>
			<t id="s3_13" word="blackberries" lemma="blackberrie" pos="n" morph="M P" extra="heur foreign"/>
			<t id="s3_14" word="." lemma="--" pos="pu" morph="--" extra="--"/>
		</terminals>

		<nonterminals>
			<nt id="s3_500" cat="s">
				<edge label="STA" idref="s3_501"/>
			</nt>
			<nt id="s3_501" cat="fcl">
				<edge label="fA" idref="s3_1"/>
				<edge label="Od" idref="s3_2"/>
				<edge label="P" idref="s3_3"/>
				<edge label="fA" idref="s3_502"/>
				<edge label="PU" idref="s3_14"/>
			</nt>
			<nt id="s3_502" cat="advp">
				<edge label="P" idref="s3_4"/>
				<edge label="Op" idref="s3_503"/>
				<edge label="fA" idref="s3_504"/>
			</nt>
			<nt id="s3_503" cat="pp">
				<edge label="H" idref="s3_5"/>
				<edge label="DP" idref="s3_6"/>
			</nt>
			<nt id="s3_504" cat="pp">
				<edge label="H" idref="s3_7"/>
				<edge label="DP" idref="s3_505"/>
			</nt>
			<nt id="s3_505" cat="np">
				<edge label="DN" idref="s3_8"/>
				<edge label="DN" idref="s3_9"/>
				<edge label="H" idref="s3_10"/>
				<edge label="DN" idref="s3_506"/>
			</nt>
			<nt id="s3_506" cat="pp">
				<edge label="H" idref="s3_11"/>
				<edge label="DP" idref="s3_507"/>
			</nt>
			<nt id="s3_507" cat="np">
				<edge label="DN" idref="s3_12"/>
				<edge label="H" idref="s3_13"/>
			</nt>
		</nonterminals>
	</graph>
</s>

<s id="s4" ref="4" source="Running text" forest="1" text="a câmera é sofrível!">
	<graph root="s4_500">
		<terminals>
			<t id="s4_1" word="a" lemma="o" pos="art" morph="F S" extra="--"/>
			<t id="s4_2" word="câmera" lemma="c�=mera" pos="n" morph="F S" sem="tool" extra="--"/>
			<t id="s4_3" word="é" lemma="ser" pos="v-fin" morph="PR 3S IND VFIN" extra="vK fmc mv"/>
			<t id="s4_4" word="sofrível" lemma="sofrível" pos="adj" morph="F S" extra="nh"/>
			<t id="s4_5" word="!" lemma="--" pos="pu" morph="--" extra="--"/>
		</terminals>

		<nonterminals>
			<nt id="s4_500" cat="s">
				<edge label="STA" idref="s4_501"/>
			</nt>
			<nt id="s4_501" cat="fcl">
				<edge label="S" idref="s4_502"/>
				<edge label="H" idref="s4_2"/>
				<edge label="P" idref="s4_3"/>
				<edge label="Cs" idref="s4_4"/>
				<edge label="PU" idref="s4_5"/>
			</nt>
			<nt id="s4_502" cat="np">
				<edge label="DN" idref="s4_1"/>
			</nt>
		</nonterminals>
	</graph>
</s>

<s id="s5" ref="5" source="Running text" forest="1" text="alguns compradores queixaram- se do descascamento do teclado.">
	<graph root="s5_500">
		<terminals>
			<t id="s5_1" word="alguns" lemma="algum" pos="pron-indef" morph="DET M P" extra="quant"/>
			<t id="s5_2" word="compradores" lemma="comprador" pos="n" morph="M P" sem="H" extra="--"/>
			<t id="s5_3" word="queixaram-" lemma="queixar" pos="v-fin" morph="PS/MQP 3P IND VFIN" extra="hyfen fmc mv v-pron"/>
			<t id="s5_4" word="se" lemma="se" pos="pron-pers" morph="M 3P ACC" extra="refl"/>
			<t id="s5_5" word="de" lemma="de" pos="prp" morph="--" extra="sam-"/>
			<t id="s5_6" word="o" lemma="o" pos="art" morph="M S" extra="-sam "/>
			<t id="s5_7" word="descascamento" lemma="descascamento" pos="n" morph="M S" extra="DERS"/>
			<t id="s5_8" word="de" lemma="de" pos="prp" morph="--" extra="sam- np-close"/>
			<t id="s5_9" word="o" lemma="o" pos="art" morph="M S" extra="-sam "/>
			<t id="s5_10" word="teclado" lemma="teclado" pos="n" morph="M S" sem="cc-h mach" extra="--"/>
			<t id="s5_11" word="." lemma="--" pos="pu" morph="--" extra="--"/>
		</terminals>

		<nonterminals>
			<nt id="s5_500" cat="s">
				<edge label="STA" idref="s5_501"/>
			</nt>
			<nt id="s5_501" cat="fcl">
				<edge label="S" idref="s5_502"/>
				<edge label="P" idref="s5_3"/>
				<edge label="Od" idref="s5_4"/>
				<edge label="Op" idref="s5_503"/>
				<edge label="PU" idref="s5_11"/>
			</nt>
			<nt id="s5_502" cat="np">
				<edge label="DN" idref="s5_1"/>
				<edge label="H" idref="s5_2"/>
			</nt>
			<nt id="s5_503" cat="pp">
				<edge label="H" idref="s5_5"/>
				<edge label="DP" idref="s5_504"/>
			</nt>
			<nt id="s5_504" cat="np">
				<edge label="DN" idref="s5_6"/>
				<edge label="H" idref="s5_7"/>
				<edge label="DN" idref="s5_505"/>
			</nt>
			<nt id="s5_505" cat="pp">
				<edge label="H" idref="s5_8"/>
				<edge label="DP" idref="s5_506"/>
			</nt>
			<nt id="s5_506" cat="np">
				<edge label="DN" idref="s5_9"/>
				<edge label="H" idref="s5_10"/>
			</nt>
		</nonterminals>
	</graph>
</s>

<s id="s6" ref="6" source="Running text" forest="1" text="espero que não seja um problema crônico.">
	<graph root="s6_500">
		<terminals>
			<t id="s6_1" word="espero" lemma="esperar" pos="v-fin" morph="PR 1S IND VFIN" extra="vH fmc mv"/>
			<t id="s6_2" word="que" lemma="que" pos="conj-s" morph="--" extra="clb clb-fs"/>
			<t id="s6_3" word="não" lemma="não" pos="adv" morph="--" extra="--"/>
			<t id="s6_4" word="seja" lemma="ser" pos="v-fin" morph="PR 1/3S SUBJ VFIN" extra="vK mv"/>
			<t id="s6_5" word="um" lemma="um" pos="art" morph="M S" extra="--"/>
			<t id="s6_6" word="problema" lemma="problema" pos="n" morph="M S" sem="ac" extra="--"/>
			<t id="s6_7" word="crônico" lemma="crônico" pos="adj" morph="M S" extra="nh np-close"/>
			<t id="s6_8" word="." lemma="--" pos="pu" morph="--" extra="--"/>
		</terminals>

		<nonterminals>
			<nt id="s6_500" cat="s">
				<edge label="STA" idref="s6_501"/>
			</nt>
			<nt id="s6_501" cat="fcl">
				<edge label="P" idref="s6_1"/>
				<edge label="Od" idref="s6_502"/>
				<edge label="PU" idref="s6_8"/>
			</nt>
			<nt id="s6_502" cat="fcl">
				<edge label="SUB" idref="s6_2"/>
				<edge label="fA" idref="s6_3"/>
				<edge label="P" idref="s6_4"/>
				<edge label="Cs" idref="s6_503"/>
			</nt>
			<nt id="s6_503" cat="np">
				<edge label="DN" idref="s6_5"/>
				<edge label="H" idref="s6_6"/>
				<edge label="DN" idref="s6_7"/>
			</nt>
		</nonterminals>
	</graph>
</s>

<s id="s7" ref="7" source="Running text" forest="1" text="o que gostei conexão com redes sociais.">
	<graph root="s7_500">
		<terminals>
			<t id="s7_1" word="o" lemma="o" pos="pron-dem" morph="DET M S" extra="dem"/>
			<t id="s7_2" word="que" lemma="que" pos="spec" morph="M S" extra="clb clb-fs rel"/>
			<t id="s7_3" word="gostei" lemma="gostar" pos="v-fin" morph="PS 1S IND VFIN" extra="vH mv np-close"/>
			<t id="s7_4" word="conexão" lemma="conexão" pos="n" morph="F S" sem="ac cc" extra="--"/>
			<t id="s7_5" word="com" lemma="com" pos="prp" morph="--" extra="np-close"/>
			<t id="s7_6" word="redes" lemma="rede" pos="n" morph="F P" sem="con HH furn Lh coll-sem" extra="--"/>
			<t id="s7_7" word="sociais" lemma="social" pos="adj" morph="F P" extra="jh np-close"/>
			<t id="s7_8" word="." lemma="--" pos="pu" morph="--" extra="--"/>
		</terminals>

		<nonterminals>
			<nt id="s7_500" cat="s">
				<edge label="UTT" idref="s7_501"/>
			</nt>
			<nt id="s7_501" cat="x">
				<edge label="X" idref="s7_1"/>
				<edge label="DN" idref="s7_502"/>
				<edge label="S" idref="s7_2"/>
				<edge label="P" idref="s7_3"/>
				<edge label="fCs" idref="s7_503"/>
				<edge label="H" idref="s7_4"/>
				<edge label="DN" idref="s7_504"/>
				<edge label="PU" idref="s7_8"/>
			</nt>
			<nt id="s7_502" cat="fcl">
			</nt>
			<nt id="s7_503" cat="np">
			</nt>
			<nt id="s7_504" cat="pp">
				<edge label="H" idref="s7_5"/>
				<edge label="DP" idref="s7_505"/>
			</nt>
			<nt id="s7_505" cat="np">
				<edge label="H" idref="s7_6"/>
				<edge label="DN" idref="s7_7"/>
			</nt>
		</nonterminals>
	</graph>
</s>

<s id="s8" ref="8" source="Running text" forest="1" text="teclado qwerty.">
	<graph root="s8_500">
		<terminals>
			<t id="s8_1" word="teclado" lemma="teclar" pos="v-pcp" morph="M S" extra="vH"/>
			<t id="s8_2" word="qwerty" lemma="qwerty" pos="n" morph="M S" extra="foreign heur"/>
			<t id="s8_3" word="." lemma="--" pos="pu" morph="--" extra="--"/>
		</terminals>

		<nonterminals>
			<nt id="s8_500" cat="s">
				<edge label="X" idref="s8_501"/>
			</nt>
			<nt id="s8_501" cat="np">
				<edge label="DN" idref="s8_1"/>
				<edge label="H" idref="s8_2"/>
				<edge label="PU" idref="s8_3"/>
			</nt>
		</nonterminals>
	</graph>
</s>

<s id="s9" ref="9" source="Running text" forest="1" text="velocidade de processamento.">
	<graph root="s9_500">
		<terminals>
			<t id="s9_1" word="velocidade" lemma="velocidade" pos="n" morph="F S" sem="f-q ac" extra="--"/>
			<t id="s9_2" word="de" lemma="de" pos="prp" morph="--" extra="np-close"/>
			<t id="s9_3" word="processamento" lemma="processamento" pos="n" morph="M S" sem="act" extra="--"/>
			<t id="s9_4" word="." lemma="--" pos="pu" morph="--" extra="--"/>
		</terminals>

		<nonterminals>
			<nt id="s9_500" cat="s">
				<edge label="X" idref="s9_501"/>
			</nt>
			<nt id="s9_501" cat="np">
				<edge label="H" idref="s9_1"/>
				<edge label="DN" idref="s9_502"/>
				<edge label="PU" idref="s9_4"/>
			</nt>
			<nt id="s9_502" cat="pp">
				<edge label="H" idref="s9_2"/>
				<edge label="DP" idref="s9_3"/>
			</nt>
		</nonterminals>
	</graph>
</s>

<s id="s10" ref="10" source="Running text" forest="1" text="o que não gostei parece, mas não é..">
	<graph root="s10_500">
		<terminals>
			<t id="s10_1" word="o" lemma="o" pos="pron-dem" morph="DET M S" extra="dem"/>
			<t id="s10_2" word="que" lemma="que" pos="spec" morph="M S" extra="clb clb-fs rel"/>
			<t id="s10_3" word="não" lemma="não" pos="adv" morph="--" extra="--"/>
			<t id="s10_4" word="gostei" lemma="gostar" pos="v-fin" morph="PS 1S IND VFIN" extra="vH mv np-close"/>
			<t id="s10_5" word="parece" lemma="parecer" pos="v-fin" morph="PR 3S IND VFIN" extra="cjt-head cjt-head-STA fmc mv"/>
			<t id="s10_6" word="," lemma="--" pos="pu" morph="--" extra="--"/>
			<t id="s10_7" word="mas" lemma="mas" pos="conj-c" morph="--" extra="clb"/>
			<t id="s10_8" word="não" lemma="não" pos="adv" morph="--" extra="--"/>
			<t id="s10_9" word="é" lemma="ser" pos="v-fin" morph="PR 3S IND VFIN" extra="nosubj nosubj cjt-STA fmc mv"/>
			<t id="s10_10" word="." lemma="--" pos="pu" morph="--" extra="--"/>
			<t id="s10_11" word="." lemma="--" pos="pu" morph="--" extra="--"/>
		</terminals>

		<nonterminals>
			<nt id="s10_500" cat="s">
				<edge label="UTT" idref="s10_501"/>
			</nt>
			<nt id="s10_501" cat="x">
				<edge label="STA" idref="s10_502"/>
				<edge label="DN" idref="s10_504"/>
				<edge label="S" idref="s10_2"/>
				<edge label="fA" idref="s10_3"/>
				<edge label="P" idref="s10_4"/>
				<edge label="PU" idref="s10_6"/>
				<edge label="CO" idref="s10_7"/>
				<edge label="CJT" idref="s10_505"/>
				<edge label="PU" idref="s10_10"/>
				<edge label="PU" idref="s10_11"/>
			</nt>
			<nt id="s10_502" cat="par">
				<edge label="CJT" idref="s10_503"/>
			</nt>
			<nt id="s10_503" cat="fcl">
				<edge label="S" idref="s10_1"/>
			</nt>
			<nt id="s10_504" cat="fcl">
				<edge label="P" idref="s10_5"/>
			</nt>
			<nt id="s10_505" cat="x">
				<edge label="fA" idref="s10_8"/>
				<edge label="P" idref="s10_9"/>
			</nt>
		</nonterminals>
	</graph>
</s>

	</body>
</corpus>
