<?xml version="1.0" encoding="UTF-8"?>
<corpus>

	<body>
<s id="s1" ref="1" source="Running text" forest="1" text="por ser um rejunte simples mas atendeu minhas noticiais adoro o aparelho a bateria então dura number dias ligado so não curto radio certo.">
	<graph root="s1_500">
		<terminals>
			<t id="s1_1" word="por" lemma="por" pos="prp" morph="--" extra="--"/>
			<t id="s1_2" word="ser" lemma="ser" pos="v-inf" morph="--" extra="mv"/>
			<t id="s1_3" word="um" lemma="um" pos="pron-indef" morph="DET M S" extra="quant"/>
			<t id="s1_4" word="rejunte" lemma="rejuntar" pos="v-fin" morph="PR 3S SUBJ VFIN" extra="nosubj nosubj nosubj nosubj cjt-head cjt-head-STA vH fmc mv"/>
			<t id="s1_5" word="simples" lemma="simples" pos="adj" morph="M/F S/P" extra="jh"/>
			<t id="s1_6" word="mas" lemma="mas" pos="conj-c" morph="--" extra="topkc"/>
			<t id="s1_7" word="atendeu" lemma="atender" pos="v-fin" morph="PS 3S IND VFIN" extra="nosubj nosubj cjt-STA vH fmc mv"/>
			<t id="s1_8" word="minhas" lemma="meu" pos="pron-poss" morph="DET F P" extra="poss 1S"/>
			<t id="s1_9" word="noticiais" lemma="noticiar" pos="v-fin" morph="PR 2P IND VFIN" extra="cjt-STA vH fmc mv"/>
			<t id="s1_10" word="adoro" lemma="adorar" pos="v-fin" morph="PR 1S IND VFIN" extra="clb-fs vH mv"/>
			<t id="s1_11" word="o" lemma="o" pos="art" morph="M S" extra="--"/>
			<t id="s1_12" word="aparelho" lemma="aparelho" pos="n" morph="M S" sem="tool" extra="--"/>
			<t id="s1_13" word="a" lemma="o" pos="art" morph="F S" extra="--"/>
			<t id="s1_14" word="bateria" lemma="bateria" pos="n" morph="F S" sem="tool" extra="--"/>
			<t id="s1_15" word="então" lemma="então" pos="adv" morph="--" extra="kc"/>
			<t id="s1_16" word="dura" lemma="duro" pos="adj" morph="F S" extra="np-close"/>
			<t id="s1_17" word="number" lemma="number" pos="v-inf" morph="--" extra="heur mv"/>
			<t id="s1_18" word="dias" lemma="dia" pos="n" morph="M P" sem="temp dur per unit" extra="--"/>
			<t id="s1_19" word="ligado" lemma="ligar" pos="v-pcp" morph="M S" extra="--"/>
			<t id="s1_20" word="so" lemma="só" pos="adv" morph="--" extra="--"/>
			<t id="s1_21" word="não" lemma="não" pos="adv" morph="--" extra="--"/>
			<t id="s1_22" word="curto" lemma="curto" pos="adj" morph="M S" extra="nh np-close"/>
			<t id="s1_23" word="radio" lemma="radiar" pos="v-fin" morph="PR 1S IND VFIN" extra="cjt-STA fmc mv"/>
			<t id="s1_24" word="certo" lemma="certo" pos="adj" morph="M S" extra="--"/>
			<t id="s1_25" word="." lemma="--" pos="pu" morph="--" extra="--"/>
		</terminals>

		<nonterminals>
			<nt id="s1_500" cat="s">
				<edge label="STA" idref="s1_501"/>
			</nt>
			<nt id="s1_501" cat="par">
				<edge label="CJT" idref="s1_502"/>
				<edge label="CO" idref="s1_6"/>
				<edge label="CJT" idref="s1_7"/>
				<edge label="CJT" idref="s1_504"/>
				<edge label="CJT" idref="s1_507"/>
				<edge label="PU" idref="s1_25"/>
			</nt>
			<nt id="s1_502" cat="fcl">
				<edge label="fA" idref="s1_503"/>
				<edge label="S" idref="s1_3"/>
				<edge label="P" idref="s1_4"/>
				<edge label="fCs" idref="s1_5"/>
			</nt>
			<nt id="s1_503" cat="pp">
				<edge label="H" idref="s1_1"/>
				<edge label="DP" idref="s1_2"/>
			</nt>
			<nt id="s1_504" cat="fcl">
				<edge label="S" idref="s1_8"/>
				<edge label="P" idref="s1_9"/>
				<edge label="Od" idref="s1_505"/>
			</nt>
			<nt id="s1_505" cat="fcl">
				<edge label="P" idref="s1_10"/>
				<edge label="Od" idref="s1_506"/>
			</nt>
			<nt id="s1_506" cat="np">
				<edge label="DN" idref="s1_11"/>
				<edge label="H" idref="s1_12"/>
			</nt>
			<nt id="s1_507" cat="fcl">
				<edge label="S" idref="s1_508"/>
				<edge label="P" idref="s1_23"/>
				<edge label="fCs" idref="s1_24"/>
			</nt>
			<nt id="s1_508" cat="np">
				<edge label="DN" idref="s1_13"/>
				<edge label="H" idref="s1_14"/>
				<edge label="DN" idref="s1_509"/>
				<edge label="UTT" idref="s1_510"/>
			</nt>
			<nt id="s1_509" cat="adjp">
				<edge label="DA" idref="s1_15"/>
				<edge label="H" idref="s1_16"/>
			</nt>
			<nt id="s1_510" cat="fcl">
				<edge label="P" idref="s1_17"/>
				<edge label="Od" idref="s1_511"/>
				<edge label="S" idref="s1_19"/>
			</nt>
			<nt id="s1_511" cat="np">
				<edge label="H" idref="s1_18"/>
				<edge label="DN" idref="s1_512"/>
			</nt>
			<nt id="s1_512" cat="adjp">
				<edge label="DA" idref="s1_513"/>
				<edge label="H" idref="s1_22"/>
			</nt>
			<nt id="s1_513" cat="advp">
				<edge label="DA" idref="s1_20"/>
				<edge label="H" idref="s1_21"/>
			</nt>
		</nonterminals>
	</graph>
</s>

	</body>
</corpus>
