<?xml version="1.0" encoding="UTF-8"?>
<corpus>

	<body>
<s id="s1" ref="1" source="Running text" forest="1" text="só a cara de ele, porque de resto é uma porcaria.">
	<graph root="s1_500">
		<terminals>
			<t id="s1_1" word="só" lemma="só" pos="adv" morph="--" extra="--"/>
			<t id="s1_2" word="a" lemma="o" pos="art" morph="F S" extra="--"/>
			<t id="s1_3" word="cara" lemma="cara" pos="n" morph="F S" sem="f-an f-h Labs" extra="--"/>
			<t id="s1_4" word="de" lemma="de" pos="prp" morph="--" extra="sam- np-close"/>
			<t id="s1_5" word="ele" lemma="ele" pos="pron-pers" morph="M 3S NOM/PIV" extra="-sam"/>
			<t id="s1_6" word="," lemma="--" pos="pu" morph="--" extra="--"/>
			<t id="s1_7" word="porque" lemma="porque" pos="conj-s" morph="--" extra="clb clb-fs"/>
			<t id="s1_8" word="de_resto" lemma="de_resto" pos="adv" morph="--" sem="pp" extra="--"/>
			<t id="s1_9" word="é" lemma="ser" pos="v-fin" morph="PR 3S IND VFIN" extra="vK mv"/>
			<t id="s1_10" word="uma" lemma="um" pos="art" morph="F S" extra="--"/>
			<t id="s1_11" word="porcaria" lemma="porcaria" pos="n" morph="F S" sem="sit" extra="--"/>
			<t id="s1_12" word="." lemma="--" pos="pu" morph="--" extra="--"/>
		</terminals>

		<nonterminals>
			<nt id="s1_500" cat="s">
				<edge label="fA" idref="s1_501"/>
			</nt>
			<nt id="s1_501" cat="fcl">
				<edge label="S" idref="s1_502"/>
				<edge label="PU" idref="s1_6"/>
				<edge label="SUB" idref="s1_7"/>
				<edge label="fA" idref="s1_8"/>
				<edge label="P" idref="s1_9"/>
				<edge label="Cs" idref="s1_504"/>
				<edge label="PU" idref="s1_12"/>
			</nt>
			<nt id="s1_502" cat="np">
				<edge label="DN" idref="s1_1"/>
				<edge label="DN" idref="s1_2"/>
				<edge label="H" idref="s1_3"/>
				<edge label="DN" idref="s1_503"/>
			</nt>
			<nt id="s1_503" cat="pp">
				<edge label="H" idref="s1_4"/>
				<edge label="DP" idref="s1_5"/>
			</nt>
			<nt id="s1_504" cat="np">
				<edge label="DN" idref="s1_10"/>
				<edge label="H" idref="s1_11"/>
			</nt>
		</nonterminals>
	</graph>
</s>

<s id="s2" ref="2" source="Running text" forest="1" text="eu nunca mais compro celular da marca motorola.">
	<graph root="s2_500">
		<terminals>
			<t id="s2_1" word="eu" lemma="eu" pos="pron-pers" morph="M/F 1S NOM" extra="--"/>
			<t id="s2_2" word="nunca" lemma="nunca" pos="adv" morph="--" extra="--"/>
			<t id="s2_3" word="mais" lemma="mais" pos="adv" morph="--" extra="--"/>
			<t id="s2_4" word="compro" lemma="comprar" pos="v-fin" morph="PR 1S IND VFIN" extra="vH fmc mv"/>
			<t id="s2_5" word="celular" lemma="celular" pos="adj" morph="M/F S" extra="nh"/>
			<t id="s2_6" word="de" lemma="de" pos="prp" morph="--" extra="sam- np-close"/>
			<t id="s2_7" word="a" lemma="o" pos="art" morph="F S" extra="-sam "/>
			<t id="s2_8" word="marca" lemma="marca" pos="n" morph="F S" sem="ac-sign Labs bar" extra="--"/>
			<t id="s2_9" word="motorola" lemma="motorola" pos="n" morph="F S" sem="Aorn" extra="DERP"/>
			<t id="s2_10" word="." lemma="--" pos="pu" morph="--" extra="--"/>
		</terminals>

		<nonterminals>
			<nt id="s2_500" cat="s">
				<edge label="STA" idref="s2_501"/>
			</nt>
			<nt id="s2_501" cat="fcl">
				<edge label="S" idref="s2_502"/>
				<edge label="fA" idref="s2_2"/>
				<edge label="fA" idref="s2_3"/>
				<edge label="P" idref="s2_4"/>
				<edge label="fCs" idref="s2_5"/>
				<edge label="fCs" idref="s2_9"/>
				<edge label="PU" idref="s2_10"/>
			</nt>
			<nt id="s2_502" cat="np">
				<edge label="H" idref="s2_1"/>
				<edge label="DN" idref="s2_503"/>
			</nt>
			<nt id="s2_503" cat="pp">
				<edge label="H" idref="s2_6"/>
				<edge label="DP" idref="s2_504"/>
			</nt>
			<nt id="s2_504" cat="np">
				<edge label="DN" idref="s2_7"/>
				<edge label="H" idref="s2_8"/>
			</nt>
		</nonterminals>
	</graph>
</s>

<s id="s3" ref="3" source="Running text" forest="1" text="te cudo.">
	<graph root="s3_500">
		<terminals>
			<t id="s3_1" word="te" lemma="tu" pos="pron-pers" morph="M/F 2S DAT" extra="refl"/>
			<t id="s3_2" word="cudo" lemma="cudar" pos="v-fin" morph="PR 1S IND VFIN" extra="heur fmc mv"/>
			<t id="s3_3" word="." lemma="--" pos="pu" morph="--" extra="--"/>
		</terminals>

		<nonterminals>
			<nt id="s3_500" cat="s">
				<edge label="STA" idref="s3_501"/>
			</nt>
			<nt id="s3_501" cat="fcl">
				<edge label="Oi" idref="s3_1"/>
				<edge label="P" idref="s3_2"/>
				<edge label="PU" idref="s3_3"/>
			</nt>
		</nonterminals>
	</graph>
</s>

<s id="s4" ref="4" source="Running text" forest="1" text="tudo nos aparelhos motorola é uma porcaria.">
	<graph root="s4_500">
		<terminals>
			<t id="s4_1" word="tudo" lemma="tudo" pos="spec" morph="M S" extra="quant"/>
			<t id="s4_2" word="em" lemma="em" pos="prp" morph="--" extra="sam- np-close"/>
			<t id="s4_3" word="os" lemma="o" pos="art" morph="M P" extra=" -sam"/>
			<t id="s4_4" word="aparelhos" lemma="aparelho" pos="n" morph="M P" sem="tool" extra="--"/>
			<t id="s4_5" word="motorola" lemma="motorola" pos="n" morph="F S" sem="Aorn" extra="DERP"/>
			<t id="s4_6" word="é" lemma="ser" pos="v-fin" morph="PR 3S IND VFIN" extra="vK fmc mv"/>
			<t id="s4_7" word="uma" lemma="um" pos="art" morph="F S" extra="--"/>
			<t id="s4_8" word="porcaria" lemma="porcaria" pos="n" morph="F S" sem="sit" extra="--"/>
			<t id="s4_9" word="." lemma="--" pos="pu" morph="--" extra="--"/>
		</terminals>

		<nonterminals>
			<nt id="s4_500" cat="s">
				<edge label="STA" idref="s4_501"/>
			</nt>
			<nt id="s4_501" cat="fcl">
				<edge label="S" idref="s4_1"/>
				<edge label="DN" idref="s4_502"/>
				<edge label="H" idref="s4_2"/>
				<edge label="DP" idref="s4_503"/>
				<edge label="PU" idref="s4_9"/>
			</nt>
			<nt id="s4_502" cat="pp">
			</nt>
			<nt id="s4_503" cat="np">
				<edge label="DN" idref="s4_3"/>
				<edge label="H" idref="s4_4"/>
				<edge label="S" idref="s4_5"/>
				<edge label="P" idref="s4_6"/>
				<edge label="Cs" idref="s4_504"/>
			</nt>
			<nt id="s4_504" cat="np">
				<edge label="DN" idref="s4_7"/>
				<edge label="H" idref="s4_8"/>
			</nt>
		</nonterminals>
	</graph>
</s>

<s id="s5" ref="5" source="Running text" forest="1" text="o que gostei só a cara de ele, porque de resto é uma porcaria.">
	<graph root="s5_500">
		<terminals>
			<t id="s5_1" word="o" lemma="o" pos="pron-dem" morph="DET M S" extra="dem"/>
			<t id="s5_2" word="que" lemma="que" pos="spec" morph="M S" extra="clb clb-fs rel"/>
			<t id="s5_3" word="gostei" lemma="gostar" pos="v-fin" morph="PS 1S IND VFIN" extra="vH mv np-close"/>
			<t id="s5_4" word="só" lemma="só" pos="adv" morph="--" extra="--"/>
			<t id="s5_5" word="a" lemma="o" pos="art" morph="F S" extra="--"/>
			<t id="s5_6" word="cara" lemma="cara" pos="n" morph="F S" sem="f-an f-h Labs" extra="--"/>
			<t id="s5_7" word="de" lemma="de" pos="prp" morph="--" extra="sam- np-close"/>
			<t id="s5_8" word="ele" lemma="ele" pos="pron-pers" morph="M 3S NOM/PIV" extra="-sam"/>
			<t id="s5_9" word="," lemma="--" pos="pu" morph="--" extra="--"/>
			<t id="s5_10" word="porque" lemma="porque" pos="conj-s" morph="--" extra="clb"/>
			<t id="s5_11" word="de_resto" lemma="de_resto" pos="adv" morph="--" sem="pp" extra="--"/>
			<t id="s5_12" word="é" lemma="ser" pos="v-fin" morph="PR 3S IND VFIN" extra="vK fmc mv"/>
			<t id="s5_13" word="uma" lemma="um" pos="art" morph="F S" extra="--"/>
			<t id="s5_14" word="porcaria" lemma="porcaria" pos="n" morph="F S" sem="sit" extra="--"/>
			<t id="s5_15" word="." lemma="--" pos="pu" morph="--" extra="--"/>
		</terminals>

		<nonterminals>
			<nt id="s5_500" cat="s">
				<edge label="X" idref="s5_501"/>
			</nt>
			<nt id="s5_501" cat="adjp">
				<edge label="H" idref="s5_1"/>
				<edge label="DN" idref="s5_502"/>
				<edge label="S" idref="s5_2"/>
				<edge label="P" idref="s5_3"/>
				<edge label="fCs" idref="s5_503"/>
				<edge label="DN" idref="s5_4"/>
				<edge label="DN" idref="s5_5"/>
				<edge label="H" idref="s5_6"/>
				<edge label="DN" idref="s5_504"/>
				<edge label="PU" idref="s5_9"/>
				<edge label="STA" idref="s5_505"/>
				<edge label="PU" idref="s5_15"/>
			</nt>
			<nt id="s5_502" cat="fcl">
			</nt>
			<nt id="s5_503" cat="np">
			</nt>
			<nt id="s5_504" cat="pp">
				<edge label="H" idref="s5_7"/>
				<edge label="DP" idref="s5_8"/>
			</nt>
			<nt id="s5_505" cat="fcl">
				<edge label="SUB" idref="s5_10"/>
				<edge label="fA" idref="s5_11"/>
				<edge label="P" idref="s5_12"/>
				<edge label="Cs" idref="s5_506"/>
			</nt>
			<nt id="s5_506" cat="np">
				<edge label="DN" idref="s5_13"/>
				<edge label="H" idref="s5_14"/>
			</nt>
		</nonterminals>
	</graph>
</s>

<s id="s6" ref="6" source="Running text" forest="1" text="eu nunca mais compro celular da marca motorola.">
	<graph root="s6_500">
		<terminals>
			<t id="s6_1" word="eu" lemma="eu" pos="pron-pers" morph="M/F 1S NOM" extra="--"/>
			<t id="s6_2" word="nunca" lemma="nunca" pos="adv" morph="--" extra="--"/>
			<t id="s6_3" word="mais" lemma="mais" pos="adv" morph="--" extra="--"/>
			<t id="s6_4" word="compro" lemma="comprar" pos="v-fin" morph="PR 1S IND VFIN" extra="vH fmc mv"/>
			<t id="s6_5" word="celular" lemma="celular" pos="adj" morph="M/F S" extra="nh"/>
			<t id="s6_6" word="de" lemma="de" pos="prp" morph="--" extra="sam- np-close"/>
			<t id="s6_7" word="a" lemma="o" pos="art" morph="F S" extra="-sam "/>
			<t id="s6_8" word="marca" lemma="marca" pos="n" morph="F S" sem="ac-sign Labs bar" extra="--"/>
			<t id="s6_9" word="motorola" lemma="motorola" pos="n" morph="F S" sem="Aorn" extra="DERP"/>
			<t id="s6_10" word="." lemma="--" pos="pu" morph="--" extra="--"/>
		</terminals>

		<nonterminals>
			<nt id="s6_500" cat="s">
				<edge label="STA" idref="s6_501"/>
			</nt>
			<nt id="s6_501" cat="fcl">
				<edge label="S" idref="s6_502"/>
				<edge label="fA" idref="s6_2"/>
				<edge label="fA" idref="s6_3"/>
				<edge label="P" idref="s6_4"/>
				<edge label="fCs" idref="s6_5"/>
				<edge label="fCs" idref="s6_9"/>
				<edge label="PU" idref="s6_10"/>
			</nt>
			<nt id="s6_502" cat="np">
				<edge label="H" idref="s6_1"/>
				<edge label="DN" idref="s6_503"/>
			</nt>
			<nt id="s6_503" cat="pp">
				<edge label="H" idref="s6_6"/>
				<edge label="DP" idref="s6_504"/>
			</nt>
			<nt id="s6_504" cat="np">
				<edge label="DN" idref="s6_7"/>
				<edge label="H" idref="s6_8"/>
			</nt>
		</nonterminals>
	</graph>
</s>

<s id="s7" ref="7" source="Running text" forest="1" text="o que não gostei tudo.">
	<graph root="s7_500">
		<terminals>
			<t id="s7_1" word="o" lemma="o" pos="pron-dem" morph="DET M S" extra="dem"/>
			<t id="s7_2" word="que" lemma="que" pos="spec" morph="M S" extra="clb clb-fs rel"/>
			<t id="s7_3" word="não" lemma="não" pos="adv" morph="--" extra="--"/>
			<t id="s7_4" word="gostei" lemma="gostar" pos="v-fin" morph="PS 1S IND VFIN" extra="vH mv np-close"/>
			<t id="s7_5" word="tudo" lemma="tudo" pos="spec" morph="M S" extra="quant"/>
			<t id="s7_6" word="." lemma="--" pos="pu" morph="--" extra="--"/>
		</terminals>

		<nonterminals>
			<nt id="s7_500" cat="s">
				<edge label="UTT" idref="s7_501"/>
			</nt>
			<nt id="s7_501" cat="x">
				<edge label="X" idref="s7_1"/>
				<edge label="DN" idref="s7_502"/>
				<edge label="S" idref="s7_2"/>
				<edge label="fA" idref="s7_3"/>
				<edge label="P" idref="s7_4"/>
				<edge label="fA" idref="s7_5"/>
				<edge label="PU" idref="s7_6"/>
			</nt>
			<nt id="s7_502" cat="fcl">
			</nt>
		</nonterminals>
	</graph>
</s>

<s id="s8" ref="8" source="Running text" forest="1" text="tudo nos aparelhos motorola é uma porcaria..">
	<graph root="s8_500">
		<terminals>
			<t id="s8_1" word="tudo" lemma="tudo" pos="spec" morph="M S" extra="quant"/>
			<t id="s8_2" word="em" lemma="em" pos="prp" morph="--" extra="sam- np-close"/>
			<t id="s8_3" word="os" lemma="o" pos="art" morph="M P" extra=" -sam"/>
			<t id="s8_4" word="aparelhos" lemma="aparelho" pos="n" morph="M P" sem="tool" extra="--"/>
			<t id="s8_5" word="motorola" lemma="motorola" pos="n" morph="F S" sem="Aorn" extra="DERP"/>
			<t id="s8_6" word="é" lemma="ser" pos="v-fin" morph="PR 3S IND VFIN" extra="vK fmc mv"/>
			<t id="s8_7" word="uma" lemma="um" pos="art" morph="F S" extra="--"/>
			<t id="s8_8" word="porcaria" lemma="porcaria" pos="n" morph="F S" sem="sit" extra="--"/>
			<t id="s8_9" word="." lemma="--" pos="pu" morph="--" extra="--"/>
			<t id="s8_10" word="." lemma="--" pos="pu" morph="--" extra="--"/>
		</terminals>

		<nonterminals>
			<nt id="s8_500" cat="s">
				<edge label="STA" idref="s8_501"/>
			</nt>
			<nt id="s8_501" cat="fcl">
				<edge label="S" idref="s8_1"/>
				<edge label="DN" idref="s8_502"/>
				<edge label="H" idref="s8_2"/>
				<edge label="DP" idref="s8_503"/>
				<edge label="PU" idref="s8_9"/>
				<edge label="PU" idref="s8_10"/>
			</nt>
			<nt id="s8_502" cat="pp">
			</nt>
			<nt id="s8_503" cat="np">
				<edge label="DN" idref="s8_3"/>
				<edge label="H" idref="s8_4"/>
				<edge label="S" idref="s8_5"/>
				<edge label="P" idref="s8_6"/>
				<edge label="Cs" idref="s8_504"/>
			</nt>
			<nt id="s8_504" cat="np">
				<edge label="DN" idref="s8_7"/>
				<edge label="H" idref="s8_8"/>
			</nt>
		</nonterminals>
	</graph>
</s>

	</body>
</corpus>
