<?xml version="1.0" encoding="UTF-8"?>
<corpus>

	<body>
<s id="s1" ref="1" source="Running text" forest="1" text="ótima experiência..">
	<graph root="s1_500">
		<terminals>
			<t id="s1_1" word="ótima" lemma="bom" pos="adj" morph="F S" extra="SUP"/>
			<t id="s1_2" word="experiência" lemma="experiência" pos="n" morph="F S" sem="am ac" extra="--"/>
			<t id="s1_3" word="." lemma="--" pos="pu" morph="--" extra="--"/>
			<t id="s1_4" word="." lemma="--" pos="pu" morph="--" extra="--"/>
		</terminals>

		<nonterminals>
			<nt id="s1_500" cat="s">
				<edge label="X" idref="s1_501"/>
			</nt>
			<nt id="s1_501" cat="np">
				<edge label="DN" idref="s1_1"/>
				<edge label="H" idref="s1_2"/>
				<edge label="PU" idref="s1_3"/>
				<edge label="PU" idref="s1_4"/>
			</nt>
		</nonterminals>
	</graph>
</s>

	</body>
</corpus>
