<?xml version="1.0" encoding="UTF-8"?>
<corpus>

	<body>
<s id="s1" ref="1" source="Running text" forest="1" text="por ser nokia já e uma marca muito boa!">
	<graph root="s1_500">
		<terminals>
			<t id="s1_1" word="por" lemma="por" pos="prp" morph="--" extra="--"/>
			<t id="s1_2" word="ser" lemma="ser" pos="v-inf" morph="--" extra="vK mv"/>
			<t id="s1_3" word="nokia" lemma="nokia" pos="n" morph="F S" extra="cjt-head cjt-head-Cs heur foreign"/>
			<t id="s1_4" word="já" lemma="já" pos="adv" morph="--" extra="--"/>
			<t id="s1_5" word="e" lemma="e" pos="conj-c" morph="--" extra="--"/>
			<t id="s1_6" word="uma" lemma="um" pos="art" morph="F S" extra="--"/>
			<t id="s1_7" word="marca" lemma="marca" pos="n" morph="F S" sem="ac-sign Labs bar" extra="cjt-Cs"/>
			<t id="s1_8" word="muito" lemma="muito" pos="adv" morph="--" extra="quant"/>
			<t id="s1_9" word="boa" lemma="bom" pos="adj" morph="F S" extra="np-close"/>
			<t id="s1_10" word="!" lemma="--" pos="pu" morph="--" extra="--"/>
		</terminals>

		<nonterminals>
			<nt id="s1_500" cat="s">
				<edge label="fA" idref="s1_501"/>
			</nt>
			<nt id="s1_501" cat="pp">
				<edge label="H" idref="s1_1"/>
				<edge label="DP" idref="s1_502"/>
				<edge label="PU" idref="s1_10"/>
			</nt>
			<nt id="s1_502" cat="icl">
				<edge label="P" idref="s1_2"/>
				<edge label="Cs" idref="s1_503"/>
				<edge label="fA" idref="s1_4"/>
			</nt>
			<nt id="s1_503" cat="par">
				<edge label="CJT" idref="s1_3"/>
				<edge label="CJT" idref="s1_504"/>
			</nt>
			<nt id="s1_504" cat="np">
				<edge label="DN" idref="s1_505"/>
				<edge label="DN" idref="s1_6"/>
				<edge label="H" idref="s1_7"/>
			</nt>
			<nt id="s1_505" cat="adjp">
				<edge label="CO" idref="s1_5"/>
				<edge label="DA" idref="s1_8"/>
				<edge label="H" idref="s1_9"/>
			</nt>
		</nonterminals>
	</graph>
</s>

<s id="s2" ref="2" source="Running text" forest="1" text="imagine o produto.">
	<graph root="s2_500">
		<terminals>
			<t id="s2_1" word="imagine" lemma="imaginar" pos="v-fin" morph="PR 1/3S SUBJ VFIN" extra="vH fmc mv"/>
			<t id="s2_2" word="o" lemma="o" pos="art" morph="M S" extra="--"/>
			<t id="s2_3" word="produto" lemma="produto" pos="n" morph="M S" sem="cc-h mon ac-cat" extra="--"/>
			<t id="s2_4" word="." lemma="--" pos="pu" morph="--" extra="--"/>
		</terminals>

		<nonterminals>
			<nt id="s2_500" cat="s">
				<edge label="STA" idref="s2_501"/>
			</nt>
			<nt id="s2_501" cat="fcl">
				<edge label="P" idref="s2_1"/>
				<edge label="Od" idref="s2_502"/>
				<edge label="PU" idref="s2_4"/>
			</nt>
			<nt id="s2_502" cat="np">
				<edge label="DN" idref="s2_2"/>
				<edge label="H" idref="s2_3"/>
			</nt>
		</nonterminals>
	</graph>
</s>

<s id="s3" ref="3" source="Running text" forest="1" text="o que gostei ainda não conheço.">
	<graph root="s3_500">
		<terminals>
			<t id="s3_1" word="o" lemma="o" pos="pron-dem" morph="DET M S" extra="dem"/>
			<t id="s3_2" word="que" lemma="que" pos="spec" morph="M S" extra="clb clb-fs rel"/>
			<t id="s3_3" word="gostei" lemma="gostar" pos="v-fin" morph="PS 1S IND VFIN" extra="vH mv np-close"/>
			<t id="s3_4" word="ainda" lemma="ainda" pos="adv" morph="--" extra="--"/>
			<t id="s3_5" word="não" lemma="não" pos="adv" morph="--" extra="--"/>
			<t id="s3_6" word="conheço" lemma="conhecer" pos="v-fin" morph="PR 1S IND VFIN" extra="vH fmc mv"/>
			<t id="s3_7" word="." lemma="--" pos="pu" morph="--" extra="--"/>
		</terminals>

		<nonterminals>
			<nt id="s3_500" cat="s">
				<edge label="UTT" idref="s3_501"/>
			</nt>
			<nt id="s3_501" cat="x">
				<edge label="STA" idref="s3_502"/>
				<edge label="DN" idref="s3_503"/>
				<edge label="S" idref="s3_2"/>
				<edge label="P" idref="s3_3"/>
				<edge label="fA" idref="s3_504"/>
				<edge label="P" idref="s3_6"/>
				<edge label="PU" idref="s3_7"/>
			</nt>
			<nt id="s3_502" cat="fcl">
				<edge label="S" idref="s3_1"/>
			</nt>
			<nt id="s3_503" cat="fcl">
			</nt>
			<nt id="s3_504" cat="advp">
				<edge label="DA" idref="s3_4"/>
				<edge label="H" idref="s3_5"/>
			</nt>
		</nonterminals>
	</graph>
</s>

<s id="s4" ref="4" source="Running text" forest="1" text="o que não gostei ainda não conheço..">
	<graph root="s4_500">
		<terminals>
			<t id="s4_1" word="o" lemma="o" pos="pron-dem" morph="DET M S" extra="dem"/>
			<t id="s4_2" word="que" lemma="que" pos="spec" morph="M S" extra="clb clb-fs rel"/>
			<t id="s4_3" word="não" lemma="não" pos="adv" morph="--" extra="--"/>
			<t id="s4_4" word="gostei" lemma="gostar" pos="v-fin" morph="PS 1S IND VFIN" extra="vH mv np-close"/>
			<t id="s4_5" word="ainda" lemma="ainda" pos="adv" morph="--" extra="--"/>
			<t id="s4_6" word="não" lemma="não" pos="adv" morph="--" extra="--"/>
			<t id="s4_7" word="conheço" lemma="conhecer" pos="v-fin" morph="PR 1S IND VFIN" extra="vH fmc mv"/>
			<t id="s4_8" word="." lemma="--" pos="pu" morph="--" extra="--"/>
			<t id="s4_9" word="." lemma="--" pos="pu" morph="--" extra="--"/>
		</terminals>

		<nonterminals>
			<nt id="s4_500" cat="s">
				<edge label="STA" idref="s4_501"/>
			</nt>
			<nt id="s4_501" cat="fcl">
				<edge label="S" idref="s4_1"/>
				<edge label="DN" idref="s4_502"/>
				<edge label="S" idref="s4_2"/>
				<edge label="fA" idref="s4_3"/>
				<edge label="P" idref="s4_4"/>
				<edge label="fA" idref="s4_503"/>
				<edge label="P" idref="s4_7"/>
				<edge label="PU" idref="s4_8"/>
				<edge label="PU" idref="s4_9"/>
			</nt>
			<nt id="s4_502" cat="fcl">
			</nt>
			<nt id="s4_503" cat="advp">
				<edge label="DA" idref="s4_5"/>
				<edge label="H" idref="s4_6"/>
			</nt>
		</nonterminals>
	</graph>
</s>

	</body>
</corpus>
