<?xml version="1.0" encoding="UTF-8"?>
<corpus>

	<body>
<s id="s1" ref="1" source="Running text" forest="1" text="este telefone` e' ótimo, a camera de ele` e excelente para fotos do dia a dia.">
	<graph root="s1_500">
		<terminals>
			<t id="s1_1" word="este" lemma="este" pos="pron-dem" morph="DET M S" extra="dem"/>
			<t id="s1_2" word="telefone" lemma="telefone" pos="n" morph="M S" sem="tool" extra="cjt-head cjt-head-X"/>
			<t id="s1_3" word="`" lemma="--" pos="pu" morph="--" extra="--"/>
			<t id="s1_4" word="e" lemma="e" pos="conj-c" morph="--" extra="--"/>
			<t id="s1_5" word="'" lemma="--" pos="pu" morph="--" extra="--"/>
			<t id="s1_6" word="ótimo" lemma="bom" pos="adj" morph="M S" extra="cjt-X SUP jh"/>
			<t id="s1_7" word="," lemma="--" pos="pu" morph="--" extra="--"/>
			<t id="s1_8" word="a" lemma="o" pos="art" morph="F S" extra="--"/>
			<t id="s1_9" word="camera" lemma="c�=mara" pos="n" morph="F S" sem="Lh HH" extra="cjt-X"/>
			<t id="s1_10" word="de" lemma="de" pos="prp" morph="--" extra="sam- np-close"/>
			<t id="s1_11" word="ele" lemma="ele" pos="pron-pers" morph="M 3S NOM/PIV" extra="-sam"/>
			<t id="s1_12" word="`" lemma="--" pos="pu" morph="--" extra="--"/>
			<t id="s1_13" word="e" lemma="e" pos="conj-c" morph="--" extra="--"/>
			<t id="s1_14" word="excelente" lemma="excelente" pos="adj" morph="M/F S" extra="cjt-X n jh"/>
			<t id="s1_15" word="para" lemma="para" pos="prp" morph="--" extra="np-close"/>
			<t id="s1_16" word="fotos" lemma="foto" pos="n" morph="F P" sem="pict" extra="--"/>
			<t id="s1_17" word="de" lemma="de" pos="prp" morph="--" extra="sam- np-close"/>
			<t id="s1_18" word="o" lemma="o" pos="art" morph="M S" extra="-sam "/>
			<t id="s1_19" word="dia_a_dia" lemma="dia_a_dia" pos="adv" morph="--" extra="--"/>
			<t id="s1_20" word="." lemma="--" pos="pu" morph="--" extra="--"/>
		</terminals>

		<nonterminals>
			<nt id="s1_500" cat="s">
				<edge label="X" idref="s1_501"/>
			</nt>
			<nt id="s1_501" cat="par">
				<edge label="CJT" idref="s1_502"/>
				<edge label="PU" idref="s1_3"/>
				<edge label="CJT" idref="s1_503"/>
				<edge label="PU" idref="s1_5"/>
				<edge label="CJT" idref="s1_6"/>
				<edge label="CJT" idref="s1_507"/>
				<edge label="PU" idref="s1_20"/>
			</nt>
			<nt id="s1_502" cat="np">
				<edge label="DN" idref="s1_1"/>
				<edge label="H" idref="s1_2"/>
			</nt>
			<nt id="s1_503" cat="np">
				<edge label="DN" idref="s1_504"/>
				<edge label="PU" idref="s1_7"/>
				<edge label="DN" idref="s1_8"/>
				<edge label="H" idref="s1_9"/>
				<edge label="-DN" idref="s1_10"/>
			</nt>
			<nt id="s1_504" cat="pp">
				<edge label="CO" idref="s1_4"/>
				<edge label="DP" idref="s1_505"/>
			</nt>
			<nt id="s1_505" cat="np">
				<edge label="H" idref="s1_11"/>
				<edge label="PU" idref="s1_12"/>
				<edge label="DN" idref="s1_506"/>
			</nt>
			<nt id="s1_506" cat="pp">
				<edge label="CO" idref="s1_13"/>
				<edge label="H" idref="s1_15"/>
				<edge label="DP" idref="s1_508"/>
				<edge label="DN" idref="s1_18"/>
			</nt>
			<nt id="s1_507" cat="adjp">
				<edge label="H" idref="s1_14"/>
				<edge label="fA" idref="s1_19"/>
			</nt>
			<nt id="s1_508" cat="np">
				<edge label="H" idref="s1_16"/>
				<edge label="DN" idref="s1_17"/>
			</nt>
		</nonterminals>
	</graph>
</s>

<s id="s2" ref="2" source="Running text" forest="1" text="o software de ele' e muito bom também, fácil de usar.">
	<graph root="s2_500">
		<terminals>
			<t id="s2_1" word="o" lemma="o" pos="art" morph="M S" extra="--"/>
			<t id="s2_2" word="software" lemma="software" pos="n" morph="M S" sem="am" extra="--"/>
			<t id="s2_3" word="de" lemma="de" pos="prp" morph="--" extra="sam- np-close"/>
			<t id="s2_4" word="ele" lemma="ele" pos="pron-pers" morph="M 3S NOM/PIV" extra="cjt-head cjt-head-DP -sam"/>
			<t id="s2_5" word="'" lemma="--" pos="pu" morph="--" extra="--"/>
			<t id="s2_6" word="e" lemma="e" pos="conj-c" morph="--" extra="--"/>
			<t id="s2_7" word="muito" lemma="muito" pos="adv" morph="--" extra="quant"/>
			<t id="s2_8" word="bom" lemma="bom" pos="adj" morph="M S" extra="cjt-DP jh"/>
			<t id="s2_9" word="também" lemma="também" pos="adv" morph="--" extra="--"/>
			<t id="s2_10" word="," lemma="--" pos="pu" morph="--" extra="--"/>
			<t id="s2_11" word="fácil" lemma="fácil" pos="adj" morph="M/F S" extra="np-close"/>
			<t id="s2_12" word="de" lemma="de" pos="prp" morph="--" extra="--"/>
			<t id="s2_13" word="usar" lemma="usar" pos="v-inf" morph="--" extra="vH mv"/>
			<t id="s2_14" word="." lemma="--" pos="pu" morph="--" extra="--"/>
		</terminals>

		<nonterminals>
			<nt id="s2_500" cat="s">
				<edge label="X" idref="s2_501"/>
			</nt>
			<nt id="s2_501" cat="np">
				<edge label="DN" idref="s2_1"/>
				<edge label="H" idref="s2_2"/>
				<edge label="DN" idref="s2_502"/>
				<edge label="PU" idref="s2_14"/>
			</nt>
			<nt id="s2_502" cat="pp">
				<edge label="H" idref="s2_3"/>
				<edge label="DP" idref="s2_503"/>
			</nt>
			<nt id="s2_503" cat="par">
				<edge label="CJT" idref="s2_4"/>
				<edge label="CJT" idref="s2_505"/>
			</nt>
			<nt id="s2_504" cat="adjp">
				<edge label="CO" idref="s2_6"/>
				<edge label="DA" idref="s2_506"/>
				<edge label="PU" idref="s2_10"/>
				<edge label="H" idref="s2_11"/>
			</nt>
			<nt id="s2_505" cat="adjp">
				<edge label="DA" idref="s2_7"/>
				<edge label="H" idref="s2_8"/>
			</nt>
			<nt id="s2_506" cat="pp">
				<edge label="DP" idref="s2_507"/>
				<edge label="H" idref="s2_12"/>
			</nt>
			<nt id="s2_507" cat="icl">
				<edge label="fA" idref="s2_9"/>
				<edge label="P" idref="s2_13"/>
			</nt>
		</nonterminals>
	</graph>
</s>

<s id="s3" ref="3" source="Running text" forest="1" text="também' e ótimo para quem já tem um apple televisão..">
	<graph root="s3_500">
		<terminals>
			<t id="s3_1" word="também" lemma="também" pos="adv" morph="--" extra="--"/>
			<t id="s3_2" word="'" lemma="--" pos="pu" morph="--" extra="--"/>
			<t id="s3_3" word="e" lemma="e" pos="conj-c" morph="--" extra="--"/>
			<t id="s3_4" word="ótimo" lemma="bom" pos="adj" morph="M S" extra="n SUP jh"/>
			<t id="s3_5" word="para" lemma="para" pos="prp" morph="--" extra="np-close"/>
			<t id="s3_6" word="quem" lemma="quem" pos="spec" morph="M/F S" extra="clb clb-fs rel"/>
			<t id="s3_7" word="já" lemma="já" pos="adv" morph="--" extra="--"/>
			<t id="s3_8" word="tem" lemma="ter" pos="v-fin" morph="PR 3S IND VFIN" extra="mv"/>
			<t id="s3_9" word="um" lemma="um" pos="art" morph="M S" extra="--"/>
			<t id="s3_10" word="apple" lemma="apple" pos="n" morph="M S" extra="foreign heur"/>
			<t id="s3_11" word="televisão" lemma="televisão" pos="n" morph="F S" sem="sem-w HH" extra="--"/>
			<t id="s3_12" word="." lemma="--" pos="pu" morph="--" extra="--"/>
			<t id="s3_13" word="." lemma="--" pos="pu" morph="--" extra="--"/>
		</terminals>

		<nonterminals>
			<nt id="s3_500" cat="s">
				<edge label="fA" idref="s3_501"/>
			</nt>
			<nt id="s3_501" cat="advp">
				<edge label="H" idref="s3_1"/>
				<edge label="PU" idref="s3_2"/>
				<edge label="DN" idref="s3_502"/>
				<edge label="CO" idref="s3_3"/>
				<edge label="X" idref="s3_4"/>
				<edge label="H" idref="s3_5"/>
				<edge label="DP" idref="s3_503"/>
				<edge label="fCs" idref="s3_11"/>
				<edge label="PU" idref="s3_12"/>
				<edge label="PU" idref="s3_13"/>
			</nt>
			<nt id="s3_502" cat="pp">
			</nt>
			<nt id="s3_503" cat="fcl">
				<edge label="S" idref="s3_6"/>
				<edge label="fA" idref="s3_7"/>
				<edge label="P" idref="s3_8"/>
				<edge label="Od" idref="s3_504"/>
			</nt>
			<nt id="s3_504" cat="np">
				<edge label="DN" idref="s3_9"/>
				<edge label="H" idref="s3_10"/>
			</nt>
		</nonterminals>
	</graph>
</s>

	</body>
</corpus>
