<?xml version="1.0" encoding="UTF-8"?>
<corpus>

	<body>
<s id="s1" ref="1" source="Running text" forest="1" text="gostaria de obter algumas informações sobre o produto smartphone cce motion plus sm70, o gps funciona mesmo sem sinal de telefonia?">
	<graph root="s1_500">
		<terminals>
			<t id="s1_1" word="gostaria" lemma="gostar" pos="v-fin" morph="COND 3S VFIN" extra="nosubj nosubj cjt-head cjt-head-QUE vH fmc mv"/>
			<t id="s1_2" word="de" lemma="de" pos="prp" morph="--" extra="--"/>
			<t id="s1_3" word="obter" lemma="obter" pos="v-inf" morph="--" extra="vH mv"/>
			<t id="s1_4" word="algumas" lemma="algum" pos="pron-indef" morph="DET F P" extra="quant"/>
			<t id="s1_5" word="informações" lemma="informação" pos="n" morph="F P" sem="ac" extra="cjt-head cjt-head-Od"/>
			<t id="s1_6" word="sobre" lemma="sobre" pos="prp" morph="--" extra="np-close"/>
			<t id="s1_7" word="o" lemma="o" pos="art" morph="M S" extra="--"/>
			<t id="s1_8" word="produto" lemma="produto" pos="n" morph="M S" sem="cc-h mon ac-cat" extra="--"/>
			<t id="s1_9" word="smartphone" lemma="smartphone" pos="n" morph="M S" extra="cjt-Od heur foreign"/>
			<t id="s1_10" word="cce" lemma="cê" pos="n" morph="M S" sem="ac-sign" extra="cjt-head cjt-head-S"/>
			<t id="s1_11" word="motion" lemma="motion" pos="n" morph="M S" sem="cc" extra="cjt-S DERP"/>
			<t id="s1_12" word="plus" lemma="plu" pos="n" morph="M P" extra="cjt-Od heur"/>
			<t id="s1_13" word="sm70" lemma="sm70" pos="n" morph="M S" extra="cjt-S heur"/>
			<t id="s1_14" word="," lemma="--" pos="pu" morph="--" extra="--"/>
			<t id="s1_15" word="o" lemma="o" pos="art" morph="M S" extra="--"/>
			<t id="s1_16" word="gps" lemma="gps" pos="n" morph="M S" extra="foreign heur"/>
			<t id="s1_17" word="funciona" lemma="funcionar" pos="v-fin" morph="PR 3S IND VFIN" extra="cjt-QUE fmc mv"/>
			<t id="s1_18" word="mesmo" lemma="mesmo" pos="adv" morph="--" extra="quant"/>
			<t id="s1_19" word="sem" lemma="sem" pos="prp" morph="--" extra="--"/>
			<t id="s1_20" word="sinal" lemma="sinal" pos="n" morph="M S" sem="percep-l percep-w ac ac-sign mon sem-r sick-c" extra="--"/>
			<t id="s1_21" word="de" lemma="de" pos="prp" morph="--" extra="np-close"/>
			<t id="s1_22" word="telefonia" lemma="telefonia" pos="n" morph="F S" sem="activity" extra="--"/>
			<t id="s1_23" word="?" lemma="--" pos="pu" morph="--" extra="--"/>
		</terminals>

		<nonterminals>
			<nt id="s1_500" cat="s">
				<edge label="QUE" idref="s1_501"/>
			</nt>
			<nt id="s1_501" cat="par">
				<edge label="CJT" idref="s1_502"/>
				<edge label="PU" idref="s1_14"/>
				<edge label="CJT" idref="s1_510"/>
				<edge label="PU" idref="s1_23"/>
			</nt>
			<nt id="s1_502" cat="fcl">
				<edge label="P" idref="s1_1"/>
				<edge label="Op" idref="s1_503"/>
			</nt>
			<nt id="s1_503" cat="pp">
				<edge label="H" idref="s1_2"/>
				<edge label="DP" idref="s1_504"/>
			</nt>
			<nt id="s1_504" cat="fcl">
				<edge label="P" idref="s1_3"/>
				<edge label="Od" idref="s1_505"/>
				<edge label="S" idref="s1_509"/>
			</nt>
			<nt id="s1_505" cat="par">
				<edge label="CJT" idref="s1_506"/>
				<edge label="CJT" idref="s1_9"/>
			</nt>
			<nt id="s1_506" cat="np">
				<edge label="DN" idref="s1_4"/>
				<edge label="H" idref="s1_5"/>
				<edge label="DN" idref="s1_507"/>
			</nt>
			<nt id="s1_507" cat="pp">
				<edge label="H" idref="s1_6"/>
				<edge label="DP" idref="s1_508"/>
			</nt>
			<nt id="s1_508" cat="np">
				<edge label="DN" idref="s1_7"/>
				<edge label="H" idref="s1_8"/>
			</nt>
			<nt id="s1_509" cat="par">
				<edge label="CJT" idref="s1_10"/>
				<edge label="CJT" idref="s1_11"/>
				<edge label="CJT" idref="s1_12"/>
				<edge label="CJT" idref="s1_13"/>
			</nt>
			<nt id="s1_510" cat="fcl">
				<edge label="S" idref="s1_511"/>
				<edge label="P" idref="s1_17"/>
				<edge label="fA" idref="s1_512"/>
			</nt>
			<nt id="s1_511" cat="np">
				<edge label="DN" idref="s1_15"/>
				<edge label="H" idref="s1_16"/>
			</nt>
			<nt id="s1_512" cat="pp">
				<edge label="DPmod" idref="s1_18"/>
				<edge label="H" idref="s1_19"/>
				<edge label="DP" idref="s1_513"/>
			</nt>
			<nt id="s1_513" cat="np">
				<edge label="H" idref="s1_20"/>
				<edge label="DN" idref="s1_514"/>
			</nt>
			<nt id="s1_514" cat="pp">
				<edge label="H" idref="s1_21"/>
				<edge label="DP" idref="s1_22"/>
			</nt>
		</nonterminals>
	</graph>
</s>

<s id="s2" ref="2" source="Running text" forest="1" text="será que funciona como modem 3g?.">
	<graph root="s2_500">
		<terminals>
			<t id="s2_1" word="será" lemma="ser" pos="v-fin" morph="FUT 3S IND VFIN" extra="fmc mv"/>
			<t id="s2_2" word="que" lemma="que" pos="conj-s" morph="--" extra="clb clb-fs"/>
			<t id="s2_3" word="funciona" lemma="funcionar" pos="v-fin" morph="PR 3S IND VFIN" extra="mv"/>
			<t id="s2_4" word="como" lemma="como" pos="prp" morph="--" extra="prd adv-rel"/>
			<t id="s2_5" word="modem" lemma="modem" pos="n" morph="M S" sem="tool" extra="asarg"/>
			<t id="s2_6" word="3g" lemma="3g" pos="num" morph="M/F P" extra="card np-close"/>
			<t id="s2_7" word="?" lemma="--" pos="pu" morph="--" extra="--"/>
			<t id="s2_8" word="." lemma="--" pos="pu" morph="--" extra="--"/>
		</terminals>

		<nonterminals>
			<nt id="s2_500" cat="s">
				<edge label="QUE" idref="s2_501"/>
			</nt>
			<nt id="s2_501" cat="fcl">
				<edge label="P" idref="s2_1"/>
				<edge label="Cs" idref="s2_502"/>
				<edge label="PU" idref="s2_7"/>
				<edge label="PU" idref="s2_8"/>
			</nt>
			<nt id="s2_502" cat="fcl">
				<edge label="SUB" idref="s2_2"/>
				<edge label="P" idref="s2_3"/>
				<edge label="Cs" idref="s2_503"/>
			</nt>
			<nt id="s2_503" cat="pp">
				<edge label="H" idref="s2_4"/>
				<edge label="DP" idref="s2_504"/>
			</nt>
			<nt id="s2_504" cat="np">
				<edge label="H" idref="s2_5"/>
				<edge label="DN" idref="s2_6"/>
			</nt>
		</nonterminals>
	</graph>
</s>

	</body>
</corpus>
