<?xml version="1.0" encoding="UTF-8"?>
<corpus>

	<body>
<s id="s1" ref="1" source="Running text" forest="1" text="um dos melhores produtos que já encontrei neste site inclusive vou comprar um para mim você encontra de tudo para o seu dia a dia neste celular.">
	<graph root="s1_500">
		<terminals>
			<t id="s1_1" word="um" lemma="um" pos="num" morph="M S" extra="card"/>
			<t id="s1_2" word="de" lemma="de" pos="prp" morph="--" extra="sam- np-close"/>
			<t id="s1_3" word="os" lemma="o" pos="art" morph="M P" extra="-sam "/>
			<t id="s1_4" word="melhores" lemma="bom" pos="adj" morph="M P" extra="KOMP SUP"/>
			<t id="s1_5" word="produtos" lemma="produto" pos="n" morph="M P" sem="cc-h mon ac-cat" extra="--"/>
			<t id="s1_6" word="que" lemma="que" pos="spec" morph="M S" extra="clb clb-fs rel"/>
			<t id="s1_7" word="já" lemma="já" pos="adv" morph="--" extra="--"/>
			<t id="s1_8" word="encontrei" lemma="encontrar" pos="v-fin" morph="PS 1S IND VFIN" extra="vH mv np-close"/>
			<t id="s1_9" word="em" lemma="em" pos="prp" morph="--" extra="sam-"/>
			<t id="s1_10" word="este" lemma="este" pos="pron-dem" morph="DET M S" extra="-sam dem"/>
			<t id="s1_11" word="site" lemma="site" pos="n" morph="M S" sem="Lh" extra="--"/>
			<t id="s1_12" word="inclusive" lemma="inclusive" pos="adv" morph="--" extra="--"/>
			<t id="s1_13" word="vou" lemma="ir" pos="v-fin" morph="PR 1S IND VFIN" extra="cjt-head cjt-head-STA fmc aux"/>
			<t id="s1_14" word="comprar" lemma="comprar" pos="v-inf" morph="--" extra="vH mv"/>
			<t id="s1_15" word="um" lemma="um" pos="num" morph="M S" extra="card"/>
			<t id="s1_16" word="para" lemma="para" pos="prp" morph="--" extra="--"/>
			<t id="s1_17" word="mim" lemma="eu" pos="pron-pers" morph="M/F 1S PIV" extra="--"/>
			<t id="s1_18" word="você" lemma="você" pos="pron-pers" morph="M/F 3S NOM" extra="--"/>
			<t id="s1_19" word="encontra" lemma="encontrar" pos="v-fin" morph="PR 3S IND VFIN" extra="cjt-STA vH fmc mv"/>
			<t id="s1_20" word="de" lemma="de" pos="prp" morph="--" extra="--"/>
			<t id="s1_21" word="tudo" lemma="tudo" pos="spec" morph="M S" extra="quant"/>
			<t id="s1_22" word="para" lemma="para" pos="prp" morph="--" extra="--"/>
			<t id="s1_23" word="o" lemma="o" pos="art" morph="M S" extra="--"/>
			<t id="s1_24" word="seu" lemma="seu" pos="pron-poss" morph="DET M S" extra="poss 3S"/>
			<t id="s1_25" word="dia_a_dia" lemma="dia_a_dia" pos="adv" morph="--" extra="--"/>
			<t id="s1_26" word="em" lemma="em" pos="prp" morph="--" extra="sam-"/>
			<t id="s1_27" word="este" lemma="este" pos="pron-dem" morph="DET M S" extra="-sam dem"/>
			<t id="s1_28" word="celular" lemma="celular" pos="adj" morph="M S" extra="n nh"/>
			<t id="s1_29" word="." lemma="--" pos="pu" morph="--" extra="--"/>
		</terminals>

		<nonterminals>
			<nt id="s1_500" cat="s">
				<edge label="STA" idref="s1_501"/>
			</nt>
			<nt id="s1_501" cat="par">
				<edge label="CJT" idref="s1_502"/>
				<edge label="DN" idref="s1_503"/>
				<edge label="H" idref="s1_2"/>
				<edge label="DP" idref="s1_504"/>
				<edge label="PU" idref="s1_29"/>
			</nt>
			<nt id="s1_502" cat="fcl">
				<edge label="S" idref="s1_1"/>
			</nt>
			<nt id="s1_503" cat="pp">
			</nt>
			<nt id="s1_504" cat="np">
				<edge label="DN" idref="s1_3"/>
				<edge label="DN" idref="s1_4"/>
				<edge label="H" idref="s1_5"/>
				<edge label="DN" idref="s1_505"/>
			</nt>
			<nt id="s1_505" cat="fcl">
				<edge label="Od" idref="s1_6"/>
				<edge label="fA" idref="s1_7"/>
				<edge label="P" idref="s1_8"/>
				<edge label="fA" idref="s1_506"/>
			</nt>
			<nt id="s1_506" cat="pp">
				<edge label="H" idref="s1_9"/>
				<edge label="DP" idref="s1_507"/>
			</nt>
			<nt id="s1_507" cat="np">
				<edge label="DN" idref="s1_10"/>
				<edge label="H" idref="s1_11"/>
				<edge label="CJT" idref="s1_510"/>
			</nt>
			<nt id="s1_508" cat="vp">
				<edge label="Vaux" idref="s1_13"/>
				<edge label="Vm" idref="s1_14"/>
			</nt>
			<nt id="s1_509" cat="pp">
				<edge label="H" idref="s1_16"/>
				<edge label="DP" idref="s1_17"/>
			</nt>
			<nt id="s1_510" cat="fcl">
				<edge label="S" idref="s1_18"/>
				<edge label="P" idref="s1_19"/>
				<edge label="fA" idref="s1_511"/>
				<edge label="fA" idref="s1_512"/>
				<edge label="fA" idref="s1_25"/>
				<edge label="fA" idref="s1_514"/>
			</nt>
			<nt id="s1_511" cat="pp">
				<edge label="H" idref="s1_20"/>
				<edge label="DP" idref="s1_21"/>
			</nt>
			<nt id="s1_512" cat="pp">
				<edge label="H" idref="s1_22"/>
				<edge label="DP" idref="s1_513"/>
			</nt>
			<nt id="s1_513" cat="np">
				<edge label="DN" idref="s1_23"/>
				<edge label="H" idref="s1_24"/>
			</nt>
			<nt id="s1_514" cat="pp">
				<edge label="H" idref="s1_26"/>
				<edge label="DP" idref="s1_515"/>
			</nt>
			<nt id="s1_515" cat="np">
				<edge label="DN" idref="s1_27"/>
				<edge label="H" idref="s1_28"/>
			</nt>
		</nonterminals>
	</graph>
</s>

<s id="s2" ref="2" source="Running text" forest="1" text="estão de parabéns por o produto.">
	<graph root="s2_500">
		<terminals>
			<t id="s2_1" word="estão" lemma="estar" pos="v-fin" morph="PR 3P IND VFIN" extra="vK fmc mv"/>
			<t id="s2_2" word="de" lemma="de" pos="prp" morph="--" extra="--"/>
			<t id="s2_3" word="parabéns" lemma="parabéns" pos="n" morph="M P" sem="sem-s" extra="--"/>
			<t id="s2_4" word="por" lemma="por" pos="prp" morph="--" extra="sam- np-close"/>
			<t id="s2_5" word="o" lemma="o" pos="art" morph="M S" extra="-sam "/>
			<t id="s2_6" word="produto" lemma="produto" pos="n" morph="M S" sem="cc-h mon ac-cat" extra="--"/>
			<t id="s2_7" word="." lemma="--" pos="pu" morph="--" extra="--"/>
		</terminals>

		<nonterminals>
			<nt id="s2_500" cat="s">
				<edge label="STA" idref="s2_501"/>
			</nt>
			<nt id="s2_501" cat="fcl">
				<edge label="P" idref="s2_1"/>
				<edge label="Cs" idref="s2_502"/>
				<edge label="PU" idref="s2_7"/>
			</nt>
			<nt id="s2_502" cat="pp">
				<edge label="H" idref="s2_2"/>
				<edge label="DP" idref="s2_503"/>
			</nt>
			<nt id="s2_503" cat="np">
				<edge label="H" idref="s2_3"/>
				<edge label="DN" idref="s2_504"/>
			</nt>
			<nt id="s2_504" cat="pp">
				<edge label="H" idref="s2_4"/>
				<edge label="DP" idref="s2_505"/>
			</nt>
			<nt id="s2_505" cat="np">
				<edge label="DN" idref="s2_5"/>
				<edge label="H" idref="s2_6"/>
			</nt>
		</nonterminals>
	</graph>
</s>

<s id="s3" ref="3" source="Running text" forest="1" text="o que gostei este é um produto interessante você encontra tudo para o seu dia a dia nesta pequena miniatura.">
	<graph root="s3_500">
		<terminals>
			<t id="s3_1" word="o" lemma="o" pos="pron-dem" morph="DET M S" extra="dem"/>
			<t id="s3_2" word="que" lemma="que" pos="spec" morph="M S" extra="clb clb-fs rel"/>
			<t id="s3_3" word="gostei" lemma="gostar" pos="v-fin" morph="PS 1S IND VFIN" extra="vH mv np-close"/>
			<t id="s3_4" word="este" lemma="este" pos="pron-dem" morph="DET M S" extra="dem"/>
			<t id="s3_5" word="é" lemma="ser" pos="v-fin" morph="PR 3S IND VFIN" extra="cjt-head cjt-head-STA vK fmc mv"/>
			<t id="s3_6" word="um" lemma="um" pos="art" morph="M S" extra="--"/>
			<t id="s3_7" word="produto" lemma="produto" pos="n" morph="M S" sem="cc-h mon ac-cat" extra="--"/>
			<t id="s3_8" word="interessante" lemma="interessante" pos="adj" morph="M S" extra="np-close"/>
			<t id="s3_9" word="você" lemma="você" pos="pron-pers" morph="M/F 3S NOM" extra="--"/>
			<t id="s3_10" word="encontra" lemma="encontrar" pos="v-fin" morph="PR 3S IND VFIN" extra="cjt-STA vH fmc mv"/>
			<t id="s3_11" word="tudo" lemma="tudo" pos="spec" morph="M S" extra="quant"/>
			<t id="s3_12" word="para" lemma="para" pos="prp" morph="--" extra="--"/>
			<t id="s3_13" word="o" lemma="o" pos="art" morph="M S" extra="--"/>
			<t id="s3_14" word="seu" lemma="seu" pos="pron-poss" morph="DET M S" extra="poss 3S"/>
			<t id="s3_15" word="dia_a_dia" lemma="dia_a_dia" pos="adv" morph="--" extra="--"/>
			<t id="s3_16" word="em" lemma="em" pos="prp" morph="--" extra="sam-"/>
			<t id="s3_17" word="esta" lemma="este" pos="pron-dem" morph="DET F S" extra="-sam dem"/>
			<t id="s3_18" word="pequena" lemma="pequeno" pos="adj" morph="F S" extra="--"/>
			<t id="s3_19" word="miniatura" lemma="miniatura" pos="n" morph="F S" sem="pict" extra="--"/>
			<t id="s3_20" word="." lemma="--" pos="pu" morph="--" extra="--"/>
		</terminals>

		<nonterminals>
			<nt id="s3_500" cat="s">
				<edge label="UTT" idref="s3_501"/>
			</nt>
			<nt id="s3_501" cat="x">
				<edge label="DN" idref="s3_504"/>
				<edge label="S" idref="s3_2"/>
				<edge label="P" idref="s3_3"/>
				<edge label="CJT" idref="s3_506"/>
				<edge label="PU" idref="s3_20"/>
			</nt>
			<nt id="s3_502" cat="par">
				<edge label="CJT" idref="s3_503"/>
			</nt>
			<nt id="s3_503" cat="fcl">
				<edge label="S" idref="s3_1"/>
			</nt>
			<nt id="s3_504" cat="fcl">
				<edge label="S" idref="s3_4"/>
				<edge label="P" idref="s3_5"/>
				<edge label="Cs" idref="s3_505"/>
			</nt>
			<nt id="s3_505" cat="np">
				<edge label="DN" idref="s3_6"/>
				<edge label="H" idref="s3_7"/>
				<edge label="DN" idref="s3_8"/>
			</nt>
			<nt id="s3_506" cat="fcl">
				<edge label="S" idref="s3_9"/>
				<edge label="P" idref="s3_10"/>
				<edge label="Od" idref="s3_11"/>
				<edge label="fA" idref="s3_507"/>
				<edge label="fA" idref="s3_15"/>
				<edge label="fA" idref="s3_509"/>
			</nt>
			<nt id="s3_507" cat="pp">
				<edge label="H" idref="s3_12"/>
				<edge label="DP" idref="s3_508"/>
			</nt>
			<nt id="s3_508" cat="np">
				<edge label="DN" idref="s3_13"/>
				<edge label="H" idref="s3_14"/>
			</nt>
			<nt id="s3_509" cat="pp">
				<edge label="H" idref="s3_16"/>
				<edge label="DP" idref="s3_510"/>
			</nt>
			<nt id="s3_510" cat="np">
				<edge label="DN" idref="s3_17"/>
				<edge label="DN" idref="s3_18"/>
				<edge label="H" idref="s3_19"/>
			</nt>
		</nonterminals>
	</graph>
</s>

<s id="s4" ref="4" source="Running text" forest="1" text="o que não gostei nada contra.">
	<graph root="s4_500">
		<terminals>
			<t id="s4_1" word="o" lemma="o" pos="pron-dem" morph="DET M S" extra="dem"/>
			<t id="s4_2" word="que" lemma="que" pos="spec" morph="M S" extra="clb clb-fs rel"/>
			<t id="s4_3" word="não" lemma="não" pos="adv" morph="--" extra="--"/>
			<t id="s4_4" word="gostei" lemma="gostar" pos="v-fin" morph="PS 1S IND VFIN" extra="vH mv np-close"/>
			<t id="s4_5" word="nada" lemma="nada" pos="spec" morph="M S" extra="quant"/>
			<t id="s4_6" word="contra" lemma="contra" pos="adv" morph="--" extra="--"/>
			<t id="s4_7" word="." lemma="--" pos="pu" morph="--" extra="--"/>
		</terminals>

		<nonterminals>
			<nt id="s4_500" cat="s">
				<edge label="UTT" idref="s4_501"/>
			</nt>
			<nt id="s4_501" cat="x">
				<edge label="X" idref="s4_1"/>
				<edge label="DN" idref="s4_502"/>
				<edge label="S" idref="s4_2"/>
				<edge label="fA" idref="s4_3"/>
				<edge label="P" idref="s4_4"/>
				<edge label="fA" idref="s4_5"/>
				<edge label="fA" idref="s4_6"/>
				<edge label="PU" idref="s4_7"/>
			</nt>
			<nt id="s4_502" cat="fcl">
			</nt>
		</nonterminals>
	</graph>
</s>

<s id="s5" ref="5" source="Running text" forest="1" text="apenas podiam lançar um cor de rosa ou um bonzinho mais feminino..">
	<graph root="s5_500">
		<terminals>
			<t id="s5_1" word="apenas" lemma="apenas" pos="adv" morph="--" extra="--"/>
			<t id="s5_2" word="podiam" lemma="poder" pos="v-fin" morph="IMPF 3P IND VFIN" extra="fmc aux"/>
			<t id="s5_3" word="lançar" lemma="lançar" pos="v-inf" morph="--" extra="vH mv"/>
			<t id="s5_4" word="um" lemma="um" pos="art" morph="M S" extra="--"/>
			<t id="s5_5" word="cor_de_rosa" lemma="cor_de_rosa" pos="adj" morph="M S" sem="col" extra="cjt-head cjt-head-Od n jh"/>
			<t id="s5_6" word="ou" lemma="ou" pos="conj-c" morph="--" extra="--"/>
			<t id="s5_7" word="um" lemma="um" pos="art" morph="M S" extra="--"/>
			<t id="s5_8" word="bonzinho" lemma="bonzinho" pos="n" morph="M S" extra="cjt-Od DERS"/>
			<t id="s5_9" word="mais" lemma="mais" pos="adv" morph="--" extra="quant KOMP"/>
			<t id="s5_10" word="feminino" lemma="feminino" pos="adj" morph="M S" extra="np-close"/>
			<t id="s5_11" word="." lemma="--" pos="pu" morph="--" extra="--"/>
			<t id="s5_12" word="." lemma="--" pos="pu" morph="--" extra="--"/>
		</terminals>

		<nonterminals>
			<nt id="s5_500" cat="s">
				<edge label="STA" idref="s5_501"/>
			</nt>
			<nt id="s5_501" cat="fcl">
				<edge label="fA" idref="s5_1"/>
				<edge label="P" idref="s5_502"/>
				<edge label="Od" idref="s5_503"/>
				<edge label="CJT" idref="s5_504"/>
				<edge label="PU" idref="s5_11"/>
				<edge label="PU" idref="s5_12"/>
			</nt>
			<nt id="s5_502" cat="vp">
				<edge label="Vaux" idref="s5_2"/>
				<edge label="Vm" idref="s5_3"/>
			</nt>
			<nt id="s5_503" cat="par">
			</nt>
			<nt id="s5_504" cat="adjp">
				<edge label="CJT" idref="s5_505"/>
			</nt>
			<nt id="s5_505" cat="np">
				<edge label="DN" idref="s5_4"/>
				<edge label="H" idref="s5_5"/>
				<edge label="DN" idref="s5_506"/>
				<edge label="DN" idref="s5_7"/>
				<edge label="H" idref="s5_8"/>
			</nt>
			<nt id="s5_506" cat="adjp">
				<edge label="CO" idref="s5_6"/>
				<edge label="DA" idref="s5_9"/>
				<edge label="H" idref="s5_10"/>
			</nt>
		</nonterminals>
	</graph>
</s>

	</body>
</corpus>
