<?xml version="1.0" encoding="UTF-8"?>
<corpus>

	<body>
<s id="s1" ref="1" source="Running text" forest="1" text="bom bonito não sei se é barato mas se estivesse disponível eu compraria!.">
	<graph root="s1_500">
		<terminals>
			<t id="s1_1" word="bom" lemma="bom" pos="adj" morph="M S" extra="--"/>
			<t id="s1_2" word="bonito" lemma="bonito" pos="adj" morph="M S" extra="n jh"/>
			<t id="s1_3" word="não" lemma="não" pos="adv" morph="--" extra="--"/>
			<t id="s1_4" word="sei" lemma="saber" pos="v-fin" morph="PR 1S IND VFIN" extra="nosubj nosubj cjt-head cjt-head-STA fmc mv"/>
			<t id="s1_5" word="se" lemma="se" pos="conj-s" morph="--" extra="clb clb-fs"/>
			<t id="s1_6" word="é" lemma="ser" pos="v-fin" morph="PR 3S IND VFIN" extra="vK mv"/>
			<t id="s1_7" word="barato" lemma="barato" pos="adj" morph="M S" extra="nh"/>
			<t id="s1_8" word="mas" lemma="mas" pos="conj-c" morph="--" extra="topkc"/>
			<t id="s1_9" word="se" lemma="se" pos="conj-s" morph="--" extra="clb clb-fs"/>
			<t id="s1_10" word="estivesse" lemma="estar" pos="v-fin" morph="IMPF 1/3S SUBJ VFIN" extra="vK mv"/>
			<t id="s1_11" word="disponível" lemma="disponível" pos="adj" morph="M/F S" extra="nh"/>
			<t id="s1_12" word="eu" lemma="eu" pos="pron-pers" morph="M/F 1S NOM" extra="--"/>
			<t id="s1_13" word="compraria" lemma="comprar" pos="v-fin" morph="COND 1S VFIN" extra="cjt-STA vH fmc mv"/>
			<t id="s1_14" word="!" lemma="--" pos="pu" morph="--" extra="--"/>
			<t id="s1_15" word="." lemma="--" pos="pu" morph="--" extra="--"/>
		</terminals>

		<nonterminals>
			<nt id="s1_500" cat="s">
				<edge label="STA" idref="s1_501"/>
			</nt>
			<nt id="s1_501" cat="par">
				<edge label="CJT" idref="s1_502"/>
				<edge label="CJT" idref="s1_506"/>
				<edge label="PU" idref="s1_14"/>
				<edge label="PU" idref="s1_15"/>
			</nt>
			<nt id="s1_502" cat="fcl">
				<edge label="Cs" idref="s1_503"/>
				<edge label="fA" idref="s1_3"/>
				<edge label="P" idref="s1_4"/>
				<edge label="Od" idref="s1_504"/>
			</nt>
			<nt id="s1_503" cat="np">
				<edge label="DN" idref="s1_1"/>
				<edge label="H" idref="s1_2"/>
			</nt>
			<nt id="s1_504" cat="fcl">
				<edge label="SUB" idref="s1_5"/>
				<edge label="P" idref="s1_6"/>
				<edge label="Cs" idref="s1_7"/>
				<edge label="fA" idref="s1_505"/>
			</nt>
			<nt id="s1_505" cat="fcl">
				<edge label="CO" idref="s1_8"/>
				<edge label="SUB" idref="s1_9"/>
				<edge label="P" idref="s1_10"/>
				<edge label="Cs" idref="s1_11"/>
			</nt>
			<nt id="s1_506" cat="fcl">
				<edge label="S" idref="s1_12"/>
				<edge label="P" idref="s1_13"/>
			</nt>
		</nonterminals>
	</graph>
</s>

	</body>
</corpus>
