<?xml version="1.0" encoding="UTF-8"?>
<corpus>

	<body>
<s id="s1" ref="1" source="Running text" forest="1" text="adoro meu bebê number, tem diversas funções úteis, sistema operacional muito simples, uma capacidade de armazenamento incrível, e ótimos aplicativos compatíveis para leitura e criação de documentos, entre outras facilidades que me auxiliam no trabalho e faculdade.">
	<graph root="s1_500">
		<terminals>
			<t id="s1_1" word="adoro" lemma="adorar" pos="v-fin" morph="PR 1S IND VFIN" extra="predco predco vH fmc mv"/>
			<t id="s1_2" word="meu" lemma="meu" pos="pron-poss" morph="DET M S" extra="poss 1S"/>
			<t id="s1_3" word="bebê" lemma="bebê" pos="n" morph="M S" sem="Hbio" extra="--"/>
			<t id="s1_4" word="number" lemma="number" pos="n" morph="M S" extra="heur"/>
			<t id="s1_5" word="," lemma="--" pos="pu" morph="--" extra="--"/>
			<t id="s1_6" word="tem" lemma="ter" pos="v-fin" morph="PR 3S IND VFIN" extra="nosubj nosubj cjt-STA fmc mv"/>
			<t id="s1_7" word="diversas" lemma="diverso" pos="adj" morph="F P" extra="--"/>
			<t id="s1_8" word="funções" lemma="função" pos="n" morph="F P" sem="ac pos-soc occ" extra="cjt-head cjt-head-Od"/>
			<t id="s1_9" word="úteis" lemma="útil" pos="adj" morph="F P" extra="nh np-close"/>
			<t id="s1_10" word="," lemma="--" pos="pu" morph="--" extra="--"/>
			<t id="s1_11" word="sistema_operacional" lemma="sistema_operacional" pos="n" morph="M S" sem="ac" extra="np-close"/>
			<t id="s1_12" word="muito" lemma="muito" pos="adv" morph="--" extra="quant"/>
			<t id="s1_13" word="simples" lemma="simples" pos="adj" morph="M/F S/P" extra="np-close"/>
			<t id="s1_14" word="," lemma="--" pos="pu" morph="--" extra="--"/>
			<t id="s1_15" word="uma" lemma="um" pos="art" morph="F S" extra="--"/>
			<t id="s1_16" word="capacidade_de_armazenamento" lemma="capacidade_de_armazenamento" pos="n" morph="F S" sem="am" extra="np-close"/>
			<t id="s1_17" word="incrível" lemma="incrível" pos="adj" morph="F S" extra="nh np-close"/>
			<t id="s1_18" word="," lemma="--" pos="pu" morph="--" extra="--"/>
			<t id="s1_19" word="e" lemma="e" pos="conj-c" morph="--" extra="--"/>
			<t id="s1_20" word="ótimos" lemma="bom" pos="adj" morph="M P" extra="SUP jh"/>
			<t id="s1_21" word="aplicativos" lemma="aplicativo" pos="n" morph="M P" sem="sem-c" extra="cjt-Od"/>
			<t id="s1_22" word="compatíveis" lemma="compatível" pos="adj" morph="M P" extra="nh np-close"/>
			<t id="s1_23" word="para" lemma="para" pos="prp" morph="--" extra="--"/>
			<t id="s1_24" word="leitura" lemma="leitura" pos="n" morph="F S" sem="sem-r activity" extra="cjt-head cjt-head-DP"/>
			<t id="s1_25" word="e" lemma="e" pos="conj-c" morph="--" extra="--"/>
			<t id="s1_26" word="criação" lemma="criação" pos="n" morph="F S" sem="act" extra="cjt-DP"/>
			<t id="s1_27" word="de" lemma="de" pos="prp" morph="--" extra="np-close"/>
			<t id="s1_28" word="documentos" lemma="documento" pos="n" morph="M P" sem="sem-r" extra="--"/>
			<t id="s1_29" word="," lemma="--" pos="pu" morph="--" extra="--"/>
			<t id="s1_30" word="entre" lemma="entre" pos="prp" morph="--" extra="--"/>
			<t id="s1_31" word="outras" lemma="outro" pos="pron-indef" morph="DET F P" extra="diff KOMP"/>
			<t id="s1_32" word="facilidades" lemma="facilidade" pos="n" morph="F P" sem="am" extra="--"/>
			<t id="s1_33" word="que" lemma="que" pos="spec" morph="M S" extra="clb clb-fs rel"/>
			<t id="s1_34" word="me" lemma="eu" pos="pron-pers" morph="M/F 1S ACC" extra="--"/>
			<t id="s1_35" word="auxiliam" lemma="auxiliar" pos="v-fin" morph="PR 3P IND VFIN" extra="vH mv np-close"/>
			<t id="s1_36" word="em" lemma="em" pos="prp" morph="--" extra="sam-"/>
			<t id="s1_37" word="o" lemma="o" pos="art" morph="M S" extra="-sam "/>
			<t id="s1_38" word="trabalho" lemma="trabalho" pos="n" morph="M S" sem="act-d am" extra="cjt-head cjt-head-DP"/>
			<t id="s1_39" word="e" lemma="e" pos="conj-c" morph="--" extra="--"/>
			<t id="s1_40" word="faculdade" lemma="faculdade" pos="n" morph="F S" sem="HH f-c f-psych" extra="cjt-DP"/>
			<t id="s1_41" word="." lemma="--" pos="pu" morph="--" extra="--"/>
		</terminals>

		<nonterminals>
			<nt id="s1_500" cat="s">
				<edge label="STA" idref="s1_501"/>
			</nt>
			<nt id="s1_501" cat="fcl">
				<edge label="X" idref="s1_502"/>
				<edge label="PU" idref="s1_41"/>
			</nt>
			<nt id="s1_502" cat="par">
				<edge label="CJT" idref="s1_503"/>
				<edge label="PU" idref="s1_5"/>
				<edge label="CJT" idref="s1_505"/>
			</nt>
			<nt id="s1_503" cat="x">
				<edge label="P" idref="s1_1"/>
				<edge label="Od" idref="s1_504"/>
				<edge label="S" idref="s1_4"/>
			</nt>
			<nt id="s1_504" cat="np">
				<edge label="DN" idref="s1_2"/>
				<edge label="H" idref="s1_3"/>
			</nt>
			<nt id="s1_505" cat="x">
				<edge label="P" idref="s1_6"/>
				<edge label="Od" idref="s1_506"/>
				<edge label="fA" idref="s1_513"/>
				<edge label="PU" idref="s1_29"/>
				<edge label="fA" idref="s1_517"/>
			</nt>
			<nt id="s1_506" cat="par">
				<edge label="CJT" idref="s1_507"/>
				<edge label="PU" idref="s1_18"/>
				<edge label="CJT" idref="s1_511"/>
			</nt>
			<nt id="s1_507" cat="np">
				<edge label="DN" idref="s1_7"/>
				<edge label="H" idref="s1_8"/>
				<edge label="DN" idref="s1_9"/>
				<edge label="PU" idref="s1_10"/>
				<edge label="DNc" idref="s1_508"/>
			</nt>
			<nt id="s1_508" cat="np">
				<edge label="H" idref="s1_11"/>
				<edge label="DN" idref="s1_509"/>
				<edge label="PU" idref="s1_14"/>
				<edge label="DNc" idref="s1_510"/>
			</nt>
			<nt id="s1_509" cat="adjp">
				<edge label="DA" idref="s1_12"/>
				<edge label="H" idref="s1_13"/>
			</nt>
			<nt id="s1_510" cat="np">
				<edge label="DN" idref="s1_15"/>
				<edge label="H" idref="s1_16"/>
				<edge label="DN" idref="s1_17"/>
			</nt>
			<nt id="s1_511" cat="np">
				<edge label="DN" idref="s1_512"/>
				<edge label="DN" idref="s1_20"/>
				<edge label="H" idref="s1_21"/>
				<edge label="-DN" idref="s1_22"/>
			</nt>
			<nt id="s1_512" cat="adjp">
				<edge label="CO" idref="s1_19"/>
			</nt>
			<nt id="s1_513" cat="pp">
				<edge label="H" idref="s1_23"/>
				<edge label="DP" idref="s1_514"/>
			</nt>
			<nt id="s1_514" cat="par">
				<edge label="CJT" idref="s1_24"/>
				<edge label="CJT" idref="s1_515"/>
			</nt>
			<nt id="s1_515" cat="np">
				<edge label="DN" idref="s1_516"/>
				<edge label="H" idref="s1_26"/>
				<edge label="-DN" idref="s1_27"/>
			</nt>
			<nt id="s1_516" cat="pp">
				<edge label="CO" idref="s1_25"/>
				<edge label="DP" idref="s1_28"/>
			</nt>
			<nt id="s1_517" cat="pp">
				<edge label="H" idref="s1_30"/>
				<edge label="DP" idref="s1_518"/>
			</nt>
			<nt id="s1_518" cat="np">
				<edge label="DN" idref="s1_31"/>
				<edge label="H" idref="s1_32"/>
				<edge label="DN" idref="s1_519"/>
			</nt>
			<nt id="s1_519" cat="fcl">
				<edge label="S" idref="s1_33"/>
				<edge label="Od" idref="s1_34"/>
				<edge label="P" idref="s1_35"/>
				<edge label="fA" idref="s1_520"/>
			</nt>
			<nt id="s1_520" cat="pp">
				<edge label="H" idref="s1_36"/>
				<edge label="DP" idref="s1_521"/>
			</nt>
			<nt id="s1_521" cat="par">
				<edge label="CJT" idref="s1_522"/>
				<edge label="CO" idref="s1_39"/>
				<edge label="CJT" idref="s1_40"/>
			</nt>
			<nt id="s1_522" cat="np">
				<edge label="DN" idref="s1_37"/>
				<edge label="H" idref="s1_38"/>
			</nt>
		</nonterminals>
	</graph>
</s>

<s id="s2" ref="2" source="Running text" forest="1" text="a câmera não tem uma resolução tão boa com baixa luminosidade, mas o único problema mesmo é a durabilidade da teclado, o botão central que seleciona opções no display e abre os menus.">
	<graph root="s2_500">
		<terminals>
			<t id="s2_1" word="a" lemma="o" pos="art" morph="F S" extra="--"/>
			<t id="s2_2" word="câmera" lemma="c�=mera" pos="n" morph="F S" sem="tool" extra="--"/>
			<t id="s2_3" word="não" lemma="não" pos="adv" morph="--" extra="--"/>
			<t id="s2_4" word="tem" lemma="ter" pos="v-fin" morph="PR 3S IND VFIN" extra="cjt-head cjt-head-STA fmc mv"/>
			<t id="s2_5" word="uma" lemma="um" pos="art" morph="F S" extra="--"/>
			<t id="s2_6" word="resolução" lemma="resolução" pos="n" morph="F S" sem="act" extra="--"/>
			<t id="s2_7" word="tão" lemma="tão" pos="adv" morph="--" extra="dem quant"/>
			<t id="s2_8" word="boa" lemma="bom" pos="adj" morph="F S" extra="jh np-close"/>
			<t id="s2_9" word="com" lemma="com" pos="prp" morph="--" extra="--"/>
			<t id="s2_10" word="baixa" lemma="baixo" pos="adj" morph="F S" extra="--"/>
			<t id="s2_11" word="luminosidade" lemma="luminosidade" pos="n" morph="F S" sem="am" extra="--"/>
			<t id="s2_12" word="," lemma="--" pos="pu" morph="--" extra="--"/>
			<t id="s2_13" word="mas" lemma="mas" pos="conj-c" morph="--" extra="clb"/>
			<t id="s2_14" word="o" lemma="o" pos="art" morph="M S" extra="--"/>
			<t id="s2_15" word="único" lemma="único" pos="adj" morph="M S" extra="--"/>
			<t id="s2_16" word="problema" lemma="problema" pos="n" morph="M S" sem="ac" extra="--"/>
			<t id="s2_17" word="mesmo" lemma="mesmo" pos="adv" morph="--" extra="quant"/>
			<t id="s2_18" word="é" lemma="ser" pos="v-fin" morph="PR 3S IND VFIN" extra="cjt-STA vK fmc mv"/>
			<t id="s2_19" word="a" lemma="o" pos="art" morph="F S" extra="--"/>
			<t id="s2_20" word="durabilidade" lemma="durabilidade" pos="n" morph="F S" sem="am" extra="--"/>
			<t id="s2_21" word="de" lemma="de" pos="prp" morph="--" extra="sam- np-close"/>
			<t id="s2_22" word="a" lemma="o" pos="art" morph="F S" extra="-sam "/>
			<t id="s2_23" word="teclado" lemma="teclado" pos="n" morph="M S" sem="cc-h mach" extra="--"/>
			<t id="s2_24" word="," lemma="--" pos="pu" morph="--" extra="--"/>
			<t id="s2_25" word="o" lemma="o" pos="art" morph="M S" extra="--"/>
			<t id="s2_26" word="botão" lemma="botão" pos="n" morph="M S" sem="anbo cc-handle" extra="np-close"/>
			<t id="s2_27" word="central" lemma="central" pos="adj" morph="M S" extra="nh np-close"/>
			<t id="s2_28" word="que" lemma="que" pos="spec" morph="M S" extra="clb clb-fs rel"/>
			<t id="s2_29" word="seleciona" lemma="selecionar" pos="v-fin" morph="PR 3S IND VFIN" extra="vH mv np-close"/>
			<t id="s2_30" word="opções" lemma="opção" pos="n" morph="F P" sem="sem-c" extra="--"/>
			<t id="s2_31" word="em" lemma="em" pos="prp" morph="--" extra="sam-"/>
			<t id="s2_32" word="o" lemma="o" pos="art" morph="M S" extra="-sam "/>
			<t id="s2_33" word="display" lemma="display" pos="n" morph="M S" sem="furn" extra="--"/>
			<t id="s2_34" word="e" lemma="e" pos="conj-c" morph="--" extra="--"/>
			<t id="s2_35" word="abre" lemma="abrir" pos="v-fin" morph="PR 3S IND VFIN" extra="vH fmc mv np-close"/>
			<t id="s2_36" word="os" lemma="o" pos="art" morph="M P" extra="--"/>
			<t id="s2_37" word="menus" lemma="menu" pos="n" morph="M P" extra="newlex"/>
			<t id="s2_38" word="." lemma="--" pos="pu" morph="--" extra="--"/>
		</terminals>

		<nonterminals>
			<nt id="s2_500" cat="s">
				<edge label="STA" idref="s2_501"/>
			</nt>
			<nt id="s2_501" cat="par">
				<edge label="CJT" idref="s2_502"/>
				<edge label="PU" idref="s2_12"/>
				<edge label="CO" idref="s2_13"/>
				<edge label="CJT" idref="s2_508"/>
				<edge label="PU" idref="s2_38"/>
			</nt>
			<nt id="s2_502" cat="fcl">
				<edge label="S" idref="s2_503"/>
				<edge label="H" idref="s2_2"/>
				<edge label="fA" idref="s2_3"/>
				<edge label="P" idref="s2_4"/>
				<edge label="Od" idref="s2_504"/>
				<edge label="fA" idref="s2_506"/>
			</nt>
			<nt id="s2_503" cat="np">
				<edge label="DN" idref="s2_1"/>
			</nt>
			<nt id="s2_504" cat="np">
				<edge label="DN" idref="s2_5"/>
				<edge label="H" idref="s2_6"/>
				<edge label="DN" idref="s2_505"/>
			</nt>
			<nt id="s2_505" cat="adjp">
				<edge label="DA" idref="s2_7"/>
				<edge label="H" idref="s2_8"/>
			</nt>
			<nt id="s2_506" cat="pp">
				<edge label="H" idref="s2_9"/>
				<edge label="DP" idref="s2_507"/>
			</nt>
			<nt id="s2_507" cat="np">
				<edge label="DN" idref="s2_10"/>
				<edge label="H" idref="s2_11"/>
			</nt>
			<nt id="s2_508" cat="fcl">
				<edge label="S" idref="s2_509"/>
				<edge label="fA" idref="s2_17"/>
				<edge label="P" idref="s2_18"/>
				<edge label="Cs" idref="s2_510"/>
			</nt>
			<nt id="s2_509" cat="np">
				<edge label="DN" idref="s2_14"/>
				<edge label="DN" idref="s2_15"/>
				<edge label="H" idref="s2_16"/>
			</nt>
			<nt id="s2_510" cat="np">
				<edge label="DN" idref="s2_19"/>
				<edge label="H" idref="s2_20"/>
				<edge label="DN" idref="s2_511"/>
			</nt>
			<nt id="s2_511" cat="pp">
				<edge label="H" idref="s2_21"/>
				<edge label="DP" idref="s2_512"/>
			</nt>
			<nt id="s2_512" cat="np">
				<edge label="DN" idref="s2_22"/>
				<edge label="H" idref="s2_23"/>
				<edge label="PU" idref="s2_24"/>
				<edge label="DNapp" idref="s2_513"/>
			</nt>
			<nt id="s2_513" cat="np">
				<edge label="DN" idref="s2_25"/>
				<edge label="H" idref="s2_26"/>
				<edge label="DN" idref="s2_27"/>
				<edge label="DN" idref="s2_514"/>
			</nt>
			<nt id="s2_514" cat="fcl">
				<edge label="S" idref="s2_28"/>
				<edge label="P" idref="s2_29"/>
				<edge label="Od" idref="s2_30"/>
				<edge label="fA" idref="s2_515"/>
			</nt>
			<nt id="s2_515" cat="pp">
				<edge label="H" idref="s2_31"/>
				<edge label="DP" idref="s2_516"/>
			</nt>
			<nt id="s2_516" cat="np">
				<edge label="DN" idref="s2_32"/>
				<edge label="H" idref="s2_33"/>
				<edge label="CO" idref="s2_34"/>
				<edge label="DN" idref="s2_517"/>
			</nt>
			<nt id="s2_517" cat="fcl">
				<edge label="P" idref="s2_35"/>
				<edge label="Od" idref="s2_518"/>
			</nt>
			<nt id="s2_518" cat="np">
				<edge label="DN" idref="s2_36"/>
				<edge label="H" idref="s2_37"/>
			</nt>
		</nonterminals>
	</graph>
</s>

<s id="s3" ref="3" source="Running text" forest="1" text="ela costuma apresentar problemas na sensibilidade ao toque, e diversos usuários deste aparelho precisam trocar a peça com pouco mais de number ano de uso.">
	<graph root="s3_500">
		<terminals>
			<t id="s3_1" word="ela" lemma="ela" pos="pron-pers" morph="F 3S NOM" extra="--"/>
			<t id="s3_2" word="costuma" lemma="costumar" pos="v-fin" morph="PR 3S IND VFIN" extra="cjt-head cjt-head-STA vH fmc aux"/>
			<t id="s3_3" word="apresentar" lemma="apresentar" pos="v-inf" morph="--" extra="vH mv"/>
			<t id="s3_4" word="problemas" lemma="problema" pos="n" morph="M P" sem="ac" extra="--"/>
			<t id="s3_5" word="em" lemma="em" pos="prp" morph="--" extra="sam-"/>
			<t id="s3_6" word="a" lemma="o" pos="art" morph="F S" extra="-sam "/>
			<t id="s3_7" word="sensibilidade" lemma="sensibilidade" pos="n" morph="F S" sem="f-psych" extra="--"/>
			<t id="s3_8" word="a" lemma="a" pos="prp" morph="--" extra="sam-"/>
			<t id="s3_9" word="o" lemma="o" pos="art" morph="M S" extra="-sam "/>
			<t id="s3_10" word="toque" lemma="toque" pos="n" morph="M S" sem="act-d percep-l" extra="--"/>
			<t id="s3_11" word="," lemma="--" pos="pu" morph="--" extra="--"/>
			<t id="s3_12" word="e" lemma="e" pos="conj-c" morph="--" extra="clb"/>
			<t id="s3_13" word="diversos" lemma="diverso" pos="adj" morph="M P" extra="jh"/>
			<t id="s3_14" word="usuários" lemma="usuário" pos="n" morph="M P" sem="Hattr" extra="--"/>
			<t id="s3_15" word="de" lemma="de" pos="prp" morph="--" extra="sam- np-close"/>
			<t id="s3_16" word="este" lemma="este" pos="pron-dem" morph="DET M S" extra="dem -sam"/>
			<t id="s3_17" word="aparelho" lemma="aparelho" pos="n" morph="M S" sem="tool" extra="--"/>
			<t id="s3_18" word="precisam" lemma="precisar" pos="v-fin" morph="PR 3P IND VFIN" extra="cjt-STA fmc mv"/>
			<t id="s3_19" word="trocar" lemma="trocar" pos="v-inf" morph="--" extra="vH mv"/>
			<t id="s3_20" word="a" lemma="o" pos="art" morph="F S" extra="--"/>
			<t id="s3_21" word="peça" lemma="peça" pos="n" morph="F S" sem="sem-c cc-h amount cc-gun furn" extra="cjt-head cjt-head-Od"/>
			<t id="s3_22" word="com" lemma="com" pos="prp" morph="--" extra="--"/>
			<t id="s3_23" word="pouco" lemma="pouco" pos="adv" morph="--" extra="quant"/>
			<t id="s3_24" word="mais" lemma="muito" pos="pron-indef" morph="DET M/F S/P" extra="quant KOMP"/>
			<t id="s3_25" word="de" lemma="de" pos="prp" morph="--" extra="--"/>
			<t id="s3_26" word="number" lemma="number" pos="n" morph="M S" extra="heur"/>
			<t id="s3_27" word="ano" lemma="ano" pos="n" morph="M S" sem="dur temp per unit" extra="cjt-Od"/>
			<t id="s3_28" word="de" lemma="de" pos="prp" morph="--" extra="np-close"/>
			<t id="s3_29" word="uso" lemma="uso" pos="n" morph="M S" sem="act ac" extra="--"/>
			<t id="s3_30" word="." lemma="--" pos="pu" morph="--" extra="--"/>
		</terminals>

		<nonterminals>
			<nt id="s3_500" cat="s">
				<edge label="STA" idref="s3_501"/>
			</nt>
			<nt id="s3_501" cat="par">
				<edge label="CJT" idref="s3_502"/>
				<edge label="PU" idref="s3_11"/>
				<edge label="CO" idref="s3_12"/>
				<edge label="CJT" idref="s3_508"/>
				<edge label="PU" idref="s3_30"/>
			</nt>
			<nt id="s3_502" cat="fcl">
				<edge label="S" idref="s3_1"/>
				<edge label="P" idref="s3_503"/>
				<edge label="Od" idref="s3_4"/>
				<edge label="fA" idref="s3_504"/>
				<edge label="Op" idref="s3_506"/>
			</nt>
			<nt id="s3_503" cat="vp">
				<edge label="Vaux" idref="s3_2"/>
				<edge label="Vm" idref="s3_3"/>
			</nt>
			<nt id="s3_504" cat="pp">
				<edge label="H" idref="s3_5"/>
				<edge label="DP" idref="s3_505"/>
			</nt>
			<nt id="s3_505" cat="np">
				<edge label="DN" idref="s3_6"/>
				<edge label="H" idref="s3_7"/>
			</nt>
			<nt id="s3_506" cat="pp">
				<edge label="H" idref="s3_8"/>
				<edge label="DP" idref="s3_507"/>
			</nt>
			<nt id="s3_507" cat="np">
				<edge label="DN" idref="s3_9"/>
				<edge label="H" idref="s3_10"/>
			</nt>
			<nt id="s3_508" cat="fcl">
				<edge label="S" idref="s3_509"/>
				<edge label="P" idref="s3_18"/>
				<edge label="Od" idref="s3_512"/>
			</nt>
			<nt id="s3_509" cat="np">
				<edge label="DN" idref="s3_13"/>
				<edge label="H" idref="s3_14"/>
				<edge label="DN" idref="s3_510"/>
			</nt>
			<nt id="s3_510" cat="pp">
				<edge label="H" idref="s3_15"/>
				<edge label="DP" idref="s3_511"/>
			</nt>
			<nt id="s3_511" cat="np">
				<edge label="DN" idref="s3_16"/>
				<edge label="H" idref="s3_17"/>
			</nt>
			<nt id="s3_512" cat="icl">
				<edge label="P" idref="s3_19"/>
				<edge label="Od" idref="s3_513"/>
				<edge label="fA" idref="s3_515"/>
				<edge label="fA" idref="s3_517"/>
			</nt>
			<nt id="s3_513" cat="par">
				<edge label="CJT" idref="s3_514"/>
			</nt>
			<nt id="s3_514" cat="np">
				<edge label="DN" idref="s3_20"/>
				<edge label="H" idref="s3_21"/>
			</nt>
			<nt id="s3_515" cat="pp">
				<edge label="H" idref="s3_22"/>
				<edge label="DP" idref="s3_516"/>
			</nt>
			<nt id="s3_516" cat="adjp">
				<edge label="DA" idref="s3_23"/>
				<edge label="H" idref="s3_24"/>
			</nt>
			<nt id="s3_517" cat="pp">
				<edge label="H" idref="s3_25"/>
				<edge label="DP" idref="s3_26"/>
				<edge label="CJT" idref="s3_518"/>
			</nt>
			<nt id="s3_518" cat="np">
				<edge label="H" idref="s3_27"/>
				<edge label="DN" idref="s3_519"/>
			</nt>
			<nt id="s3_519" cat="pp">
				<edge label="H" idref="s3_28"/>
				<edge label="DP" idref="s3_29"/>
			</nt>
		</nonterminals>
	</graph>
</s>

<s id="s4" ref="4" source="Running text" forest="1" text="mas ainda assim é um ótimo aparelho, perfeito para quem utiliza para fins profissionais, ou aprecia praticidade e funcionalidade!.">
	<graph root="s4_500">
		<terminals>
			<t id="s4_1" word="mas" lemma="mas" pos="conj-c" morph="--" extra="topkc"/>
			<t id="s4_2" word="ainda_assim" lemma="ainda_assim" pos="adv" morph="--" extra="kc"/>
			<t id="s4_3" word="é" lemma="ser" pos="v-fin" morph="PR 3S IND VFIN" extra="vK fmc mv"/>
			<t id="s4_4" word="um" lemma="um" pos="art" morph="M S" extra="--"/>
			<t id="s4_5" word="ótimo" lemma="bom" pos="adj" morph="M S" extra="SUP"/>
			<t id="s4_6" word="aparelho" lemma="aparelho" pos="n" morph="M S" sem="tool" extra="--"/>
			<t id="s4_7" word="," lemma="--" pos="pu" morph="--" extra="--"/>
			<t id="s4_8" word="perfeito" lemma="perfeito" pos="adj" morph="M S" extra="np-close"/>
			<t id="s4_9" word="para" lemma="para" pos="prp" morph="--" extra="--"/>
			<t id="s4_10" word="quem" lemma="quem" pos="spec" morph="M/F S" extra="clb clb-fs rel"/>
			<t id="s4_11" word="utiliza" lemma="utilizar" pos="v-fin" morph="PR 3S IND VFIN" extra="cjt-head cjt-head-DP vH mv"/>
			<t id="s4_12" word="para" lemma="para" pos="prp" morph="--" extra="--"/>
			<t id="s4_13" word="fins" lemma="fim" pos="n" morph="M P" sem="temp event sem-c" extra="--"/>
			<t id="s4_14" word="profissionais" lemma="profissional" pos="adj" morph="M/F P" extra="jh"/>
			<t id="s4_15" word="," lemma="--" pos="pu" morph="--" extra="--"/>
			<t id="s4_16" word="ou" lemma="ou" pos="conj-c" morph="--" extra="--"/>
			<t id="s4_17" word="aprecia" lemma="apreciar" pos="v-fin" morph="PR 3S IND VFIN" extra="nosubj cjt-DP nosubj cjt-DP vH fmc mv"/>
			<t id="s4_18" word="praticidade" lemma="praticidade" pos="n" morph="F S" sem="percep-f" extra="cjt-head cjt-head-Od"/>
			<t id="s4_19" word="e" lemma="e" pos="conj-c" morph="--" extra="--"/>
			<t id="s4_20" word="funcionalidade" lemma="funcionalidade" pos="n" morph="F S" sem="percep-f" extra="cjt-Od"/>
			<t id="s4_21" word="!" lemma="--" pos="pu" morph="--" extra="--"/>
			<t id="s4_22" word="." lemma="--" pos="pu" morph="--" extra="--"/>
		</terminals>

		<nonterminals>
			<nt id="s4_500" cat="s">
				<edge label="STA" idref="s4_501"/>
			</nt>
			<nt id="s4_501" cat="fcl">
				<edge label="CO" idref="s4_1"/>
				<edge label="fA" idref="s4_2"/>
				<edge label="P" idref="s4_3"/>
				<edge label="Cs" idref="s4_502"/>
				<edge label="fA" idref="s4_503"/>
				<edge label="PU" idref="s4_21"/>
				<edge label="PU" idref="s4_22"/>
			</nt>
			<nt id="s4_502" cat="np">
				<edge label="DN" idref="s4_4"/>
				<edge label="DN" idref="s4_5"/>
				<edge label="H" idref="s4_6"/>
				<edge label="PU" idref="s4_7"/>
				<edge label="DNc" idref="s4_8"/>
			</nt>
			<nt id="s4_503" cat="pp">
				<edge label="H" idref="s4_9"/>
				<edge label="DP" idref="s4_504"/>
			</nt>
			<nt id="s4_504" cat="par">
				<edge label="CJT" idref="s4_505"/>
				<edge label="CJT" idref="s4_507"/>
			</nt>
			<nt id="s4_505" cat="fcl">
				<edge label="S" idref="s4_10"/>
				<edge label="P" idref="s4_11"/>
				<edge label="fA" idref="s4_506"/>
				<edge label="fCs" idref="s4_14"/>
			</nt>
			<nt id="s4_506" cat="pp">
				<edge label="H" idref="s4_12"/>
				<edge label="DP" idref="s4_13"/>
			</nt>
			<nt id="s4_507" cat="x">
				<edge label="P" idref="s4_17"/>
				<edge label="Od" idref="s4_508"/>
			</nt>
			<nt id="s4_508" cat="par">
				<edge label="CJT" idref="s4_18"/>
				<edge label="CJT" idref="s4_20"/>
			</nt>
		</nonterminals>
	</graph>
</s>

	</body>
</corpus>
