<?xml version="1.0" encoding="UTF-8"?>
<corpus>

	<body>
<s id="s1" ref="1" source="Running text" forest="1" text="o preço está muito baixo number reais, caralho comprem logo o que gostei o preço está muito baixo number reais, caralho comprem logo o que não gostei o preço está muito baixo number reais, caralho comprem logo.">
	<graph root="s1_500">
		<terminals>
			<t id="s1_1" word="o" lemma="o" pos="art" morph="M S" extra="--"/>
			<t id="s1_2" word="preço" lemma="preço" pos="n" morph="M S" sem="f-q" extra="--"/>
			<t id="s1_3" word="está" lemma="estar" pos="v-fin" morph="PR 3S IND VFIN" extra="nosubj nosubj nosubj nosubj nosubj nosubj nosubj nosubj cjt-head cjt-head-STA vK fmc mv"/>
			<t id="s1_4" word="muito" lemma="muito" pos="adv" morph="--" extra="quant"/>
			<t id="s1_5" word="baixo" lemma="baixo" pos="adj" morph="M S" extra="--"/>
			<t id="s1_6" word="number" lemma="number" pos="n" morph="M S" extra="cjt-head cjt-head-Cs heur"/>
			<t id="s1_7" word="reais" lemma="real" pos="adj" morph="M/F P" extra="--"/>
			<t id="s1_8" word="," lemma="--" pos="pu" morph="--" extra="--"/>
			<t id="s1_9" word="caralho" lemma="caralho" pos="n" morph="M S" sem="an" extra="cjt-Cs"/>
			<t id="s1_10" word="comprem" lemma="comprar" pos="v-fin" morph="PR 3P SUBJ VFIN" extra="nosubj nosubj cjt-STA vH fmc mv"/>
			<t id="s1_11" word="logo" lemma="logo" pos="adv" morph="--" extra="kc"/>
			<t id="s1_12" word="o" lemma="o" pos="pron-dem" morph="DET M S" extra="dem"/>
			<t id="s1_13" word="que" lemma="que" pos="spec" morph="M S" extra="clb clb-fs rel"/>
			<t id="s1_14" word="gostei" lemma="gostar" pos="v-fin" morph="PS 1S IND VFIN" extra="vH mv np-close"/>
			<t id="s1_15" word="o" lemma="o" pos="art" morph="M S" extra="--"/>
			<t id="s1_16" word="preço" lemma="preço" pos="n" morph="M S" sem="f-q" extra="--"/>
			<t id="s1_17" word="está" lemma="estar" pos="v-fin" morph="PR 3S IND VFIN" extra="cjt-STA vK fmc mv"/>
			<t id="s1_18" word="muito" lemma="muito" pos="adv" morph="--" extra="quant"/>
			<t id="s1_19" word="baixo" lemma="baixo" pos="adj" morph="M S" extra="--"/>
			<t id="s1_20" word="number" lemma="number" pos="n" morph="M S" extra="cjt-head cjt-head-Cs heur"/>
			<t id="s1_21" word="reais" lemma="real" pos="adj" morph="M/F P" extra="--"/>
			<t id="s1_22" word="," lemma="--" pos="pu" morph="--" extra="--"/>
			<t id="s1_23" word="caralho" lemma="caralho" pos="n" morph="M S" sem="an" extra="cjt-Cs"/>
			<t id="s1_24" word="comprem" lemma="comprar" pos="v-fin" morph="PR 3P SUBJ VFIN" extra="nosubj nosubj cjt-STA vH fmc mv"/>
			<t id="s1_25" word="logo" lemma="logo" pos="adv" morph="--" extra="kc"/>
			<t id="s1_26" word="o" lemma="o" pos="pron-dem" morph="DET M S" extra="dem"/>
			<t id="s1_27" word="que" lemma="que" pos="spec" morph="M S" extra="clb clb-fs rel"/>
			<t id="s1_28" word="não" lemma="não" pos="adv" morph="--" extra="--"/>
			<t id="s1_29" word="gostei" lemma="gostar" pos="v-fin" morph="PS 1S IND VFIN" extra="vH mv np-close"/>
			<t id="s1_30" word="o" lemma="o" pos="art" morph="M S" extra="--"/>
			<t id="s1_31" word="preço" lemma="preço" pos="n" morph="M S" sem="f-q" extra="--"/>
			<t id="s1_32" word="está" lemma="estar" pos="v-fin" morph="PR 3S IND VFIN" extra="cjt-STA vK fmc mv"/>
			<t id="s1_33" word="muito" lemma="muito" pos="adv" morph="--" extra="quant"/>
			<t id="s1_34" word="baixo" lemma="baixo" pos="adj" morph="M S" extra="--"/>
			<t id="s1_35" word="number" lemma="number" pos="n" morph="M S" extra="heur"/>
			<t id="s1_36" word="reais" lemma="real" pos="adj" morph="M/F P" extra="--"/>
			<t id="s1_37" word="," lemma="--" pos="pu" morph="--" extra="--"/>
			<t id="s1_38" word="caralho" lemma="caralho" pos="n" morph="M S" sem="an" extra="--"/>
			<t id="s1_39" word="comprem" lemma="comprar" pos="v-fin" morph="PR 3P SUBJ VFIN" extra="nosubj nosubj cjt-STA vH fmc mv"/>
			<t id="s1_40" word="logo" lemma="logo" pos="adv" morph="--" extra="kc"/>
			<t id="s1_41" word="." lemma="--" pos="pu" morph="--" extra="--"/>
		</terminals>

		<nonterminals>
			<nt id="s1_500" cat="s">
				<edge label="STA" idref="s1_501"/>
			</nt>
			<nt id="s1_501" cat="par">
				<edge label="CJT" idref="s1_502"/>
				<edge label="CJT" idref="s1_508"/>
				<edge label="CJT" idref="s1_510"/>
				<edge label="CJT" idref="s1_516"/>
				<edge label="CJT" idref="s1_517"/>
				<edge label="CJT" idref="s1_522"/>
				<edge label="PU" idref="s1_41"/>
			</nt>
			<nt id="s1_502" cat="fcl">
				<edge label="S" idref="s1_503"/>
				<edge label="P" idref="s1_3"/>
				<edge label="Cs" idref="s1_504"/>
				<edge label="fCs" idref="s1_7"/>
			</nt>
			<nt id="s1_503" cat="np">
				<edge label="DN" idref="s1_1"/>
				<edge label="H" idref="s1_2"/>
			</nt>
			<nt id="s1_504" cat="par">
				<edge label="CJT" idref="s1_505"/>
				<edge label="PU" idref="s1_8"/>
				<edge label="CJT" idref="s1_507"/>
			</nt>
			<nt id="s1_505" cat="np">
				<edge label="DN" idref="s1_506"/>
				<edge label="H" idref="s1_6"/>
			</nt>
			<nt id="s1_506" cat="adjp">
				<edge label="DA" idref="s1_4"/>
				<edge label="H" idref="s1_5"/>
			</nt>
			<nt id="s1_507" cat="np">
				<edge label="H" idref="s1_9"/>
				<edge label="DN" idref="s1_509"/>
			</nt>
			<nt id="s1_508" cat="x">
				<edge label="P" idref="s1_10"/>
				<edge label="fA" idref="s1_11"/>
				<edge label="Od" idref="s1_12"/>
			</nt>
			<nt id="s1_509" cat="fcl">
				<edge label="S" idref="s1_13"/>
				<edge label="P" idref="s1_14"/>
			</nt>
			<nt id="s1_510" cat="fcl">
				<edge label="S" idref="s1_511"/>
				<edge label="P" idref="s1_17"/>
				<edge label="Cs" idref="s1_512"/>
				<edge label="fCs" idref="s1_21"/>
			</nt>
			<nt id="s1_511" cat="np">
				<edge label="DN" idref="s1_15"/>
				<edge label="H" idref="s1_16"/>
			</nt>
			<nt id="s1_512" cat="par">
				<edge label="CJT" idref="s1_513"/>
				<edge label="PU" idref="s1_22"/>
				<edge label="CJT" idref="s1_515"/>
			</nt>
			<nt id="s1_513" cat="np">
				<edge label="DN" idref="s1_514"/>
				<edge label="H" idref="s1_20"/>
			</nt>
			<nt id="s1_514" cat="adjp">
				<edge label="DA" idref="s1_18"/>
				<edge label="H" idref="s1_19"/>
			</nt>
			<nt id="s1_515" cat="np">
				<edge label="H" idref="s1_23"/>
				<edge label="DN" idref="s1_518"/>
			</nt>
			<nt id="s1_516" cat="x">
				<edge label="P" idref="s1_24"/>
				<edge label="fA" idref="s1_25"/>
			</nt>
			<nt id="s1_517" cat="fcl">
				<edge label="S" idref="s1_26"/>
				<edge label="S" idref="s1_519"/>
				<edge label="P" idref="s1_32"/>
				<edge label="Cs" idref="s1_520"/>
				<edge label="fCs" idref="s1_36"/>
				<edge label="PU" idref="s1_37"/>
				<edge label="Od" idref="s1_38"/>
			</nt>
			<nt id="s1_518" cat="fcl">
				<edge label="S" idref="s1_27"/>
				<edge label="fA" idref="s1_28"/>
				<edge label="P" idref="s1_29"/>
			</nt>
			<nt id="s1_519" cat="np">
				<edge label="DN" idref="s1_30"/>
				<edge label="H" idref="s1_31"/>
			</nt>
			<nt id="s1_520" cat="np">
				<edge label="DN" idref="s1_521"/>
				<edge label="H" idref="s1_35"/>
			</nt>
			<nt id="s1_521" cat="adjp">
				<edge label="DA" idref="s1_33"/>
				<edge label="H" idref="s1_34"/>
			</nt>
			<nt id="s1_522" cat="x">
				<edge label="P" idref="s1_39"/>
				<edge label="fA" idref="s1_40"/>
			</nt>
		</nonterminals>
	</graph>
</s>

	</body>
</corpus>
