<?xml version="1.0" encoding="UTF-8"?>
<corpus>

	<body>
<s id="s1" ref="1" source="Running text" forest="1" text="vi numa loja a pouco tempo e comecei a pesquisar sobre ele, é prático, fácil de carregar no bolso ou em bolsa e não chama atenção por o display de number, number polegadas, é bom pois você pode baixar tudo oque precisa no android number, as câmeras também são ótimas em resolução, e ainda tem baixo curto e função dual chip.">
	<graph root="s1_500">
		<terminals>
			<t id="s1_1" word="vi" lemma="ver" pos="v-fin" morph="PS 1S IND VFIN" extra="nosubj nosubj nosubj nosubj nosubj nosubj nosubj nosubj nosubj nosubj nosubj nosubj nosubj nosubj cjt-head cjt-head-STA vH fmc mv"/>
			<t id="s1_2" word="em" lemma="em" pos="prp" morph="--" extra="--"/>
			<t id="s1_3" word="uma" lemma="um" pos="art" morph="F S" extra="--"/>
			<t id="s1_4" word="loja" lemma="loja" pos="n" morph="F S" sem="inst Lh" extra="--"/>
			<t id="s1_5" word="a" lemma="a" pos="prp" morph="--" extra="--"/>
			<t id="s1_6" word="pouco" lemma="pouco" pos="pron-indef" morph="DET M S" extra="quant"/>
			<t id="s1_7" word="tempo" lemma="tempo" pos="n" morph="M S" sem="am temp per ac-cat wea" extra="--"/>
			<t id="s1_8" word="e" lemma="e" pos="conj-c" morph="--" extra="--"/>
			<t id="s1_9" word="comecei" lemma="começar" pos="v-fin" morph="PS 1S IND VFIN" extra="nosubj nosubj cjt-STA vH fmc aux"/>
			<t id="s1_10" word="a" lemma="a" pos="prp" morph="--" extra="--"/>
			<t id="s1_11" word="pesquisar" lemma="pesquisar" pos="v-inf" morph="--" extra="vH mv"/>
			<t id="s1_12" word="sobre" lemma="sobre" pos="prp" morph="--" extra="--"/>
			<t id="s1_13" word="ele" lemma="ele" pos="pron-pers" morph="M 3S NOM/PIV" extra="--"/>
			<t id="s1_14" word="," lemma="--" pos="pu" morph="--" extra="--"/>
			<t id="s1_15" word="é" lemma="ser" pos="v-fin" morph="PR 3S IND VFIN" extra="nosubj nosubj cjt-STA vK fmc mv"/>
			<t id="s1_16" word="prático" lemma="prático" pos="n" morph="M S" sem="H" extra="--"/>
			<t id="s1_17" word="," lemma="--" pos="pu" morph="--" extra="--"/>
			<t id="s1_18" word="fácil" lemma="fácil" pos="adj" morph="M S" extra="jh np-close"/>
			<t id="s1_19" word="de" lemma="de" pos="prp" morph="--" extra="--"/>
			<t id="s1_20" word="carregar" lemma="carregar" pos="v-inf" morph="--" extra="vH mv"/>
			<t id="s1_21" word="em" lemma="em" pos="prp" morph="--" extra="sam-"/>
			<t id="s1_22" word="o" lemma="o" pos="art" morph="M S" extra="-sam "/>
			<t id="s1_23" word="bolso" lemma="bolso" pos="n" morph="M S" sem="con" extra="--"/>
			<t id="s1_24" word="ou" lemma="ou" pos="conj-c" morph="--" extra="--"/>
			<t id="s1_25" word="em" lemma="em" pos="prp" morph="--" extra="--"/>
			<t id="s1_26" word="bolsa" lemma="bolsa" pos="n" morph="F S" sem="con mon inst" extra="--"/>
			<t id="s1_27" word="e" lemma="e" pos="conj-c" morph="--" extra="--"/>
			<t id="s1_28" word="não" lemma="não" pos="adv" morph="--" extra="--"/>
			<t id="s1_29" word="chama" lemma="chamar" pos="v-fin" morph="PR 3S IND VFIN" extra="nosubj nosubj cjt-STA vH fmc mv"/>
			<t id="s1_30" word="atenção" lemma="atenção" pos="n" morph="F S" sem="am" extra="--"/>
			<t id="s1_31" word="por" lemma="por" pos="prp" morph="--" extra="sam-"/>
			<t id="s1_32" word="o" lemma="o" pos="art" morph="M S" extra="-sam "/>
			<t id="s1_33" word="display" lemma="display" pos="n" morph="M S" sem="furn" extra="--"/>
			<t id="s1_34" word="de" lemma="de" pos="prp" morph="--" extra="--"/>
			<t id="s1_35" word="number" lemma="number" pos="n" morph="M S" extra="heur"/>
			<t id="s1_36" word="," lemma="--" pos="pu" morph="--" extra="--"/>
			<t id="s1_37" word="number" lemma="number" pos="v-inf" morph="--" extra="heur mv"/>
			<t id="s1_38" word="polegadas" lemma="polegada" pos="n" morph="F P" sem="unit" extra="--"/>
			<t id="s1_39" word="," lemma="--" pos="pu" morph="--" extra="--"/>
			<t id="s1_40" word="é" lemma="ser" pos="v-fin" morph="PR 3S IND VFIN" extra="nosubj nosubj cjt-STA vK fmc mv"/>
			<t id="s1_41" word="bom" lemma="bom" pos="adj" morph="M S" extra="jh"/>
			<t id="s1_42" word="pois" lemma="pois" pos="adv" morph="--" extra="kc"/>
			<t id="s1_43" word="você" lemma="você" pos="pron-pers" morph="F 3S NOM" extra="--"/>
			<t id="s1_44" word="pode" lemma="poder" pos="v-fin" morph="PR 3S IND VFIN" extra="cjt-STA fmc aux"/>
			<t id="s1_45" word="baixar" lemma="baixar" pos="v-inf" morph="--" extra="mv"/>
			<t id="s1_46" word="tudo" lemma="tudo" pos="spec" morph="M S" extra="quant"/>
			<t id="s1_47" word="oque" lemma="oque" pos="n" morph="F S" extra="heur"/>
			<t id="s1_48" word="precisa" lemma="preciso" pos="adj" morph="F S" extra="nh np-close"/>
			<t id="s1_49" word="em" lemma="em" pos="prp" morph="--" extra="sam- np-long"/>
			<t id="s1_50" word="o" lemma="o" pos="art" morph="M S" extra="-sam "/>
			<t id="s1_51" word="android" lemma="android" pos="n" morph="M S" extra="foreign heur"/>
			<t id="s1_52" word="number" lemma="number" pos="v-inf" morph="--" extra="heur mv"/>
			<t id="s1_53" word="," lemma="--" pos="pu" morph="--" extra="--"/>
			<t id="s1_54" word="as" lemma="o" pos="art" morph="F P" extra="--"/>
			<t id="s1_55" word="câmeras" lemma="c�=mera" pos="n" morph="F P" sem="tool" extra="--"/>
			<t id="s1_56" word="também" lemma="também" pos="adv" morph="--" extra="--"/>
			<t id="s1_57" word="são" lemma="ser" pos="v-fin" morph="PR 3P IND VFIN" extra="cjt-STA vK fmc mv"/>
			<t id="s1_58" word="ótimas" lemma="bom" pos="adj" morph="F P" extra="SUP"/>
			<t id="s1_59" word="em" lemma="em" pos="prp" morph="--" extra="--"/>
			<t id="s1_60" word="resolução" lemma="resolução" pos="n" morph="F S" sem="act" extra="--"/>
			<t id="s1_61" word="," lemma="--" pos="pu" morph="--" extra="--"/>
			<t id="s1_62" word="e" lemma="e" pos="conj-c" morph="--" extra="clb"/>
			<t id="s1_63" word="ainda" lemma="ainda" pos="adv" morph="--" extra="--"/>
			<t id="s1_64" word="tem" lemma="ter" pos="v-fin" morph="PR 3S IND VFIN" extra="nosubj nosubj cjt-STA fmc mv"/>
			<t id="s1_65" word="baixo" lemma="baixo" pos="adv" morph="--" extra="--"/>
			<t id="s1_66" word="curto" lemma="curto" pos="adj" morph="M S" extra="nh np-close"/>
			<t id="s1_67" word="e" lemma="e" pos="conj-c" morph="--" extra="--"/>
			<t id="s1_68" word="função" lemma="função" pos="n" morph="F S" sem="ac pos-soc occ" extra="cjt-head cjt-head-Od"/>
			<t id="s1_69" word="dual" lemma="dual" pos="adj" morph="F S" extra="nh np-close"/>
			<t id="s1_70" word="chip" lemma="chip" pos="n" morph="M S" sem="cc" extra="cjt-Od"/>
			<t id="s1_71" word="." lemma="--" pos="pu" morph="--" extra="--"/>
		</terminals>

		<nonterminals>
			<nt id="s1_500" cat="s">
				<edge label="STA" idref="s1_501"/>
			</nt>
			<nt id="s1_501" cat="par">
				<edge label="CJT" idref="s1_502"/>
				<edge label="CJT" idref="s1_507"/>
				<edge label="PU" idref="s1_14"/>
				<edge label="CJT" idref="s1_510"/>
				<edge label="CJT" idref="s1_518"/>
				<edge label="PU" idref="s1_39"/>
				<edge label="CJT" idref="s1_523"/>
				<edge label="CJT" idref="s1_524"/>
				<edge label="PU" idref="s1_53"/>
				<edge label="CJT" idref="s1_529"/>
				<edge label="PU" idref="s1_61"/>
				<edge label="CO" idref="s1_62"/>
				<edge label="CJT" idref="s1_533"/>
				<edge label="PU" idref="s1_71"/>
			</nt>
			<nt id="s1_502" cat="fcl">
				<edge label="P" idref="s1_1"/>
				<edge label="Ao" idref="s1_503"/>
				<edge label="fA" idref="s1_505"/>
			</nt>
			<nt id="s1_503" cat="pp">
				<edge label="H" idref="s1_2"/>
				<edge label="DP" idref="s1_504"/>
			</nt>
			<nt id="s1_504" cat="np">
				<edge label="DN" idref="s1_3"/>
				<edge label="H" idref="s1_4"/>
			</nt>
			<nt id="s1_505" cat="pp">
				<edge label="H" idref="s1_5"/>
				<edge label="DP" idref="s1_506"/>
			</nt>
			<nt id="s1_506" cat="np">
				<edge label="DN" idref="s1_6"/>
				<edge label="H" idref="s1_7"/>
				<edge label="CO" idref="s1_8"/>
			</nt>
			<nt id="s1_507" cat="x">
				<edge label="P" idref="s1_508"/>
				<edge label="fA" idref="s1_509"/>
			</nt>
			<nt id="s1_508" cat="vp">
				<edge label="Vaux" idref="s1_9"/>
				<edge label="SUBaux" idref="s1_10"/>
				<edge label="Vm" idref="s1_11"/>
			</nt>
			<nt id="s1_509" cat="pp">
				<edge label="H" idref="s1_12"/>
				<edge label="DP" idref="s1_13"/>
			</nt>
			<nt id="s1_510" cat="x">
				<edge label="P" idref="s1_15"/>
				<edge label="Cs" idref="s1_511"/>
			</nt>
			<nt id="s1_511" cat="np">
				<edge label="H" idref="s1_16"/>
				<edge label="PU" idref="s1_17"/>
				<edge label="DNc" idref="s1_512"/>
			</nt>
			<nt id="s1_512" cat="adjp">
				<edge label="H" idref="s1_18"/>
				<edge label="DA" idref="s1_513"/>
			</nt>
			<nt id="s1_513" cat="pp">
				<edge label="H" idref="s1_19"/>
				<edge label="DP" idref="s1_514"/>
			</nt>
			<nt id="s1_514" cat="icl">
				<edge label="P" idref="s1_20"/>
				<edge label="Op" idref="s1_515"/>
				<edge label="Op" idref="s1_517"/>
				<edge label="Od" idref="s1_30"/>
			</nt>
			<nt id="s1_515" cat="pp">
				<edge label="H" idref="s1_21"/>
				<edge label="DP" idref="s1_516"/>
			</nt>
			<nt id="s1_516" cat="np">
				<edge label="DN" idref="s1_22"/>
				<edge label="H" idref="s1_23"/>
				<edge label="CO" idref="s1_24"/>
				<edge label="CO" idref="s1_27"/>
			</nt>
			<nt id="s1_517" cat="pp">
				<edge label="H" idref="s1_25"/>
				<edge label="DP" idref="s1_26"/>
			</nt>
			<nt id="s1_518" cat="x">
				<edge label="fA" idref="s1_28"/>
				<edge label="P" idref="s1_29"/>
				<edge label="fA" idref="s1_519"/>
				<edge label="Co" idref="s1_521"/>
				<edge label="PU" idref="s1_36"/>
				<edge label="Od" idref="s1_522"/>
			</nt>
			<nt id="s1_519" cat="pp">
				<edge label="H" idref="s1_31"/>
				<edge label="DP" idref="s1_520"/>
			</nt>
			<nt id="s1_520" cat="np">
				<edge label="DN" idref="s1_32"/>
				<edge label="H" idref="s1_33"/>
			</nt>
			<nt id="s1_521" cat="pp">
				<edge label="H" idref="s1_34"/>
				<edge label="DP" idref="s1_35"/>
			</nt>
			<nt id="s1_522" cat="icl">
				<edge label="P" idref="s1_37"/>
				<edge label="Od" idref="s1_38"/>
			</nt>
			<nt id="s1_523" cat="x">
				<edge label="P" idref="s1_40"/>
				<edge label="Cs" idref="s1_41"/>
			</nt>
			<nt id="s1_524" cat="fcl">
				<edge label="fA" idref="s1_42"/>
				<edge label="S" idref="s1_43"/>
				<edge label="P" idref="s1_525"/>
				<edge label="fA" idref="s1_46"/>
				<edge label="Od" idref="s1_526"/>
			</nt>
			<nt id="s1_525" cat="vp">
				<edge label="Vaux" idref="s1_44"/>
				<edge label="Vm" idref="s1_45"/>
			</nt>
			<nt id="s1_526" cat="np">
				<edge label="H" idref="s1_47"/>
				<edge label="DN" idref="s1_48"/>
				<edge label="DN" idref="s1_527"/>
			</nt>
			<nt id="s1_527" cat="pp">
				<edge label="H" idref="s1_49"/>
				<edge label="DP" idref="s1_528"/>
				<edge label="UTT" idref="s1_52"/>
			</nt>
			<nt id="s1_528" cat="np">
				<edge label="DN" idref="s1_50"/>
				<edge label="H" idref="s1_51"/>
			</nt>
			<nt id="s1_529" cat="fcl">
				<edge label="S" idref="s1_530"/>
				<edge label="H" idref="s1_55"/>
				<edge label="fA" idref="s1_56"/>
				<edge label="P" idref="s1_57"/>
				<edge label="Cs" idref="s1_58"/>
				<edge label="fA" idref="s1_531"/>
			</nt>
			<nt id="s1_530" cat="np">
				<edge label="DN" idref="s1_54"/>
			</nt>
			<nt id="s1_531" cat="pp">
				<edge label="H" idref="s1_59"/>
				<edge label="DP" idref="s1_532"/>
			</nt>
			<nt id="s1_532" cat="np">
				<edge label="H" idref="s1_60"/>
				<edge label="DN" idref="s1_534"/>
			</nt>
			<nt id="s1_533" cat="x">
				<edge label="fA" idref="s1_63"/>
				<edge label="P" idref="s1_64"/>
				<edge label="Od" idref="s1_535"/>
			</nt>
			<nt id="s1_534" cat="adjp">
				<edge label="DA" idref="s1_65"/>
				<edge label="H" idref="s1_66"/>
			</nt>
			<nt id="s1_535" cat="par">
				<edge label="CJT" idref="s1_536"/>
				<edge label="CJT" idref="s1_70"/>
			</nt>
			<nt id="s1_536" cat="np">
				<edge label="DN" idref="s1_537"/>
				<edge label="H" idref="s1_68"/>
				<edge label="-DN" idref="s1_69"/>
			</nt>
			<nt id="s1_537" cat="adjp">
				<edge label="CO" idref="s1_67"/>
			</nt>
		</nonterminals>
	</graph>
</s>

<s id="s2" ref="2" source="Running text" forest="1" text="se eu tivesse ótimas condições compraria..">
	<graph root="s2_500">
		<terminals>
			<t id="s2_1" word="se" lemma="se" pos="conj-s" morph="--" extra="clb clb-fs"/>
			<t id="s2_2" word="eu" lemma="eu" pos="pron-pers" morph="M/F 1S NOM" extra="--"/>
			<t id="s2_3" word="tivesse" lemma="ter" pos="v-fin" morph="IMPF 1S SUBJ VFIN" extra="mv"/>
			<t id="s2_4" word="ótimas" lemma="bom" pos="adj" morph="F P" extra="SUP jh"/>
			<t id="s2_5" word="condições" lemma="condição" pos="n" morph="F P" sem="sem-c sit state" extra="--"/>
			<t id="s2_6" word="compraria" lemma="comprar" pos="v-fin" morph="COND 1/3S VFIN" extra="vH fmc mv"/>
			<t id="s2_7" word="." lemma="--" pos="pu" morph="--" extra="--"/>
			<t id="s2_8" word="." lemma="--" pos="pu" morph="--" extra="--"/>
		</terminals>

		<nonterminals>
			<nt id="s2_500" cat="s">
				<edge label="STA" idref="s2_501"/>
			</nt>
			<nt id="s2_501" cat="fcl">
				<edge label="fA" idref="s2_502"/>
				<edge label="P" idref="s2_6"/>
				<edge label="PU" idref="s2_7"/>
				<edge label="PU" idref="s2_8"/>
			</nt>
			<nt id="s2_502" cat="fcl">
				<edge label="SUB" idref="s2_1"/>
				<edge label="S" idref="s2_2"/>
				<edge label="P" idref="s2_3"/>
				<edge label="Od" idref="s2_503"/>
			</nt>
			<nt id="s2_503" cat="np">
				<edge label="DN" idref="s2_4"/>
				<edge label="H" idref="s2_5"/>
			</nt>
		</nonterminals>
	</graph>
</s>

	</body>
</corpus>
