<?xml version="1.0" encoding="UTF-8"?>
<corpus>

	<body>
<s id="s1" ref="1" source="Running text" forest="1" text="pensei que compraria um produto de boa qualidade, pois dizia que a gravação era boa, foto number, number, mas não era bem isto, quer dizer, não posso dizer que o produto e ruim, mas pra mim não foi aquilo que esperava e que dizimo o anuncio.">
	<graph root="s1_500">
		<terminals>
			<t id="s1_1" word="pensei" lemma="pensar" pos="v-fin" morph="PS 1S IND VFIN" extra="nosubj nosubj nosubj nosubj nosubj nosubj nosubj nosubj cjt-head cjt-head-STA vH fmc mv"/>
			<t id="s1_2" word="que" lemma="que" pos="conj-s" morph="--" extra="clb clb-fs"/>
			<t id="s1_3" word="compraria" lemma="comprar" pos="v-fin" morph="COND 1/3S VFIN" extra="vH mv"/>
			<t id="s1_4" word="um" lemma="um" pos="art" morph="M S" extra="--"/>
			<t id="s1_5" word="produto" lemma="produto" pos="n" morph="M S" sem="cc-h mon ac-cat" extra="--"/>
			<t id="s1_6" word="de" lemma="de" pos="prp" morph="--" extra="np-close"/>
			<t id="s1_7" word="boa" lemma="bom" pos="adj" morph="F S" extra="--"/>
			<t id="s1_8" word="qualidade" lemma="qualidade" pos="n" morph="F S" sem="percep-f f-c" extra="--"/>
			<t id="s1_9" word="," lemma="--" pos="pu" morph="--" extra="--"/>
			<t id="s1_10" word="pois" lemma="pois" pos="conj-s" morph="--" extra="clb"/>
			<t id="s1_11" word="dizia" lemma="dizer" pos="v-fin" morph="IMPF 1/3S IND VFIN" extra="nosubj nosubj cjt-STA vH fmc mv"/>
			<t id="s1_12" word="que" lemma="que" pos="conj-s" morph="--" extra="clb clb-fs"/>
			<t id="s1_13" word="a" lemma="o" pos="art" morph="F S" extra="--"/>
			<t id="s1_14" word="gravação" lemma="gravação" pos="n" morph="F S" sem="act" extra="--"/>
			<t id="s1_15" word="era" lemma="ser" pos="v-fin" morph="IMPF 3S IND VFIN" extra="vK mv"/>
			<t id="s1_16" word="boa" lemma="bom" pos="adj" morph="F S" extra="jh"/>
			<t id="s1_17" word="," lemma="--" pos="pu" morph="--" extra="--"/>
			<t id="s1_18" word="foto" lemma="foto" pos="n" morph="F S" sem="pict" extra="np-close"/>
			<t id="s1_19" word="number" lemma="number" pos="v-inf" morph="--" extra="heur mv"/>
			<t id="s1_20" word="," lemma="--" pos="pu" morph="--" extra="--"/>
			<t id="s1_21" word="number" lemma="number" pos="n" morph="M S" extra="heur"/>
			<t id="s1_22" word="," lemma="--" pos="pu" morph="--" extra="--"/>
			<t id="s1_23" word="mas" lemma="mas" pos="conj-c" morph="--" extra="clb"/>
			<t id="s1_24" word="não" lemma="não" pos="adv" morph="--" extra="--"/>
			<t id="s1_25" word="era" lemma="ser" pos="v-fin" morph="IMPF 3S IND VFIN" extra="nosubj nosubj cjt-STA vK fmc mv"/>
			<t id="s1_26" word="bem" lemma="bem" pos="adv" morph="--" extra="quant"/>
			<t id="s1_27" word="isto" lemma="isto" pos="spec" morph="M S" extra="dem"/>
			<t id="s1_28" word="," lemma="--" pos="pu" morph="--" extra="--"/>
			<t id="s1_29" word="quer_dizer" lemma="quer_dizer" pos="adv" morph="--" extra="kc"/>
			<t id="s1_30" word="," lemma="--" pos="pu" morph="--" extra="--"/>
			<t id="s1_31" word="não" lemma="não" pos="adv" morph="--" extra="--"/>
			<t id="s1_32" word="posso" lemma="poder" pos="v-fin" morph="PR 1S IND VFIN" extra="nosubj nosubj cjt-STA fmc aux"/>
			<t id="s1_33" word="dizer" lemma="dizer" pos="v-inf" morph="--" extra="vH mv"/>
			<t id="s1_34" word="que" lemma="que" pos="conj-s" morph="--" extra="clb clb-fs"/>
			<t id="s1_35" word="o" lemma="o" pos="art" morph="M S" extra="--"/>
			<t id="s1_36" word="produto" lemma="produto" pos="n" morph="M S" sem="cc-h mon ac-cat" extra="--"/>
			<t id="s1_37" word="e" lemma="e" pos="conj-c" morph="--" extra="--"/>
			<t id="s1_38" word="ruim" lemma="ruim" pos="adj" morph="M S" extra="jh"/>
			<t id="s1_39" word="," lemma="--" pos="pu" morph="--" extra="--"/>
			<t id="s1_40" word="mas" lemma="mas" pos="conj-c" morph="--" extra="clb"/>
			<t id="s1_41" word="pra" lemma="para" pos="prp" morph="--" extra="--"/>
			<t id="s1_42" word="mim" lemma="eu" pos="pron-pers" morph="M/F 1S PIV" extra="--"/>
			<t id="s1_43" word="não" lemma="não" pos="adv" morph="--" extra="--"/>
			<t id="s1_44" word="foi" lemma="ser" pos="v-fin" morph="PS 3S IND VFIN" extra="vK mv"/>
			<t id="s1_45" word="aquilo" lemma="aquilo" pos="spec" morph="M S" extra="dem"/>
			<t id="s1_46" word="que" lemma="que" pos="spec" morph="M S" extra="clb clb-fs rel"/>
			<t id="s1_47" word="esperava" lemma="esperar" pos="v-fin" morph="IMPF 3S IND VFIN" extra="vH mv np-close"/>
			<t id="s1_48" word="e" lemma="e" pos="conj-c" morph="--" extra="--"/>
			<t id="s1_49" word="que" lemma="que" pos="conj-s" morph="--" extra="clb clb-fs"/>
			<t id="s1_50" word="dizimo" lemma="dizimar" pos="v-fin" morph="PR 1S IND VFIN" extra="mv"/>
			<t id="s1_51" word="o" lemma="ele" pos="pron-pers" morph="M 3S ACC" extra="--"/>
			<t id="s1_52" word="anuncio" lemma="anunciar" pos="v-fin" morph="PR 1S IND VFIN" extra="nosubj nosubj cjt-STA vH fmc mv"/>
			<t id="s1_53" word="." lemma="--" pos="pu" morph="--" extra="--"/>
		</terminals>

		<nonterminals>
			<nt id="s1_500" cat="s">
				<edge label="STA" idref="s1_501"/>
			</nt>
			<nt id="s1_501" cat="par">
				<edge label="CJT" idref="s1_502"/>
				<edge label="PU" idref="s1_9"/>
				<edge label="CJT" idref="s1_507"/>
				<edge label="PU" idref="s1_22"/>
				<edge label="CO" idref="s1_23"/>
				<edge label="CJT" idref="s1_511"/>
				<edge label="PU" idref="s1_28"/>
				<edge label="CJT" idref="s1_512"/>
				<edge label="CJT" idref="s1_514"/>
				<edge label="PU" idref="s1_53"/>
			</nt>
			<nt id="s1_502" cat="fcl">
				<edge label="P" idref="s1_1"/>
				<edge label="Od" idref="s1_503"/>
			</nt>
			<nt id="s1_503" cat="fcl">
				<edge label="SUB" idref="s1_2"/>
				<edge label="P" idref="s1_3"/>
				<edge label="Od" idref="s1_504"/>
			</nt>
			<nt id="s1_504" cat="np">
				<edge label="DN" idref="s1_4"/>
				<edge label="H" idref="s1_5"/>
				<edge label="DN" idref="s1_505"/>
			</nt>
			<nt id="s1_505" cat="pp">
				<edge label="H" idref="s1_6"/>
				<edge label="DP" idref="s1_506"/>
			</nt>
			<nt id="s1_506" cat="np">
				<edge label="DN" idref="s1_7"/>
				<edge label="H" idref="s1_8"/>
				<edge label="CO" idref="s1_37"/>
			</nt>
			<nt id="s1_507" cat="x">
				<edge label="fA" idref="s1_10"/>
				<edge label="P" idref="s1_11"/>
				<edge label="Od" idref="s1_508"/>
			</nt>
			<nt id="s1_508" cat="fcl">
				<edge label="SUB" idref="s1_12"/>
				<edge label="S" idref="s1_509"/>
				<edge label="P" idref="s1_15"/>
				<edge label="Cs" idref="s1_16"/>
				<edge label="PU" idref="s1_17"/>
				<edge label="S" idref="s1_510"/>
			</nt>
			<nt id="s1_509" cat="np">
				<edge label="DN" idref="s1_13"/>
				<edge label="H" idref="s1_14"/>
				<edge label="DNc" idref="s1_18"/>
			</nt>
			<nt id="s1_510" cat="icl">
				<edge label="P" idref="s1_19"/>
				<edge label="PU" idref="s1_20"/>
				<edge label="fCs" idref="s1_21"/>
			</nt>
			<nt id="s1_511" cat="x">
				<edge label="fA" idref="s1_24"/>
				<edge label="P" idref="s1_25"/>
				<edge label="fA" idref="s1_26"/>
				<edge label="Cs" idref="s1_27"/>
			</nt>
			<nt id="s1_512" cat="x">
				<edge label="fA" idref="s1_29"/>
				<edge label="PU" idref="s1_30"/>
				<edge label="fA" idref="s1_31"/>
				<edge label="P" idref="s1_513"/>
			</nt>
			<nt id="s1_513" cat="vp">
				<edge label="Vaux" idref="s1_32"/>
				<edge label="Vm" idref="s1_33"/>
				<edge label="DN" idref="s1_515"/>
			</nt>
			<nt id="s1_514" cat="x">
				<edge label="SUB" idref="s1_34"/>
				<edge label="Od" idref="s1_517"/>
				<edge label="Od" idref="s1_51"/>
				<edge label="P" idref="s1_52"/>
			</nt>
			<nt id="s1_515" cat="fcl">
				<edge label="S" idref="s1_516"/>
			</nt>
			<nt id="s1_516" cat="np">
				<edge label="DN" idref="s1_35"/>
				<edge label="H" idref="s1_36"/>
				<edge label="CO" idref="s1_48"/>
			</nt>
			<nt id="s1_517" cat="np">
				<edge label="DN" idref="s1_518"/>
				<edge label="S" idref="s1_38"/>
				<edge label="PU" idref="s1_39"/>
				<edge label="CO" idref="s1_40"/>
				<edge label="fA" idref="s1_519"/>
				<edge label="fA" idref="s1_43"/>
				<edge label="P" idref="s1_44"/>
				<edge label="Cs" idref="s1_45"/>
				<edge label="DN" idref="s1_520"/>
			</nt>
			<nt id="s1_518" cat="fcl">
			</nt>
			<nt id="s1_519" cat="pp">
				<edge label="H" idref="s1_41"/>
				<edge label="DP" idref="s1_42"/>
			</nt>
			<nt id="s1_520" cat="fcl">
				<edge label="S" idref="s1_46"/>
				<edge label="P" idref="s1_47"/>
				<edge label="Od" idref="s1_521"/>
			</nt>
			<nt id="s1_521" cat="fcl">
				<edge label="SUB" idref="s1_49"/>
				<edge label="P" idref="s1_50"/>
			</nt>
		</nonterminals>
	</graph>
</s>

<s id="s2" ref="2" source="Running text" forest="1" text="o que gostei e bonitinho o que não gostei definição foto ruim, impossível fazer um video decente, movido fica em camara lenta quadro a quadro horrível decepado total, som viva voz ruim sem viva voz baixíssimo, televisão quando a movimento fica embaralhado não entendi a propaganda de ele.">
	<graph root="s2_500">
		<terminals>
			<t id="s2_1" word="o" lemma="o" pos="pron-dem" morph="DET M S" extra="cjt-head cjt-head-S dem"/>
			<t id="s2_2" word="que" lemma="que" pos="spec" morph="M S" extra="clb clb-fs rel"/>
			<t id="s2_3" word="gostei" lemma="gostar" pos="v-fin" morph="PS 1S IND VFIN" extra="vH mv np-close"/>
			<t id="s2_4" word="e" lemma="e" pos="conj-c" morph="--" extra="--"/>
			<t id="s2_5" word="bonitinho" lemma="bonitinho" pos="adj" morph="M S" extra="cjt-S DERS jh"/>
			<t id="s2_6" word="o" lemma="o" pos="art" morph="M S" extra="--"/>
			<t id="s2_7" word="que" lemma="que" pos="spec" morph="M S" extra="clb clb-fs rel"/>
			<t id="s2_8" word="não" lemma="não" pos="adv" morph="--" extra="--"/>
			<t id="s2_9" word="gostei" lemma="gostar" pos="v-fin" morph="PS 1S IND VFIN" extra="vH mv np-close"/>
			<t id="s2_10" word="definição" lemma="definição" pos="n" morph="F S" sem="sem-c" extra="--"/>
			<t id="s2_11" word="foto" lemma="foto" pos="n" morph="F S" sem="pict" extra="--"/>
			<t id="s2_12" word="ruim" lemma="ruim" pos="adj" morph="F S" extra="np-close"/>
			<t id="s2_13" word="," lemma="--" pos="pu" morph="--" extra="--"/>
			<t id="s2_14" word="impossível" lemma="impossível" pos="adj" morph="F S" extra="nh np-long"/>
			<t id="s2_15" word="fazer" lemma="fazer" pos="v-inf" morph="3S" extra="cjt-S mv"/>
			<t id="s2_16" word="um" lemma="um" pos="num" morph="M S" extra="card"/>
			<t id="s2_17" word="video" lemma="video" pos="ec" morph="--" extra="--"/>
			<t id="s2_18" word="decente" lemma="decente" pos="adj" morph="M S" extra="cjt-head cjt-head-Od n jh"/>
			<t id="s2_19" word="," lemma="--" pos="pu" morph="--" extra="--"/>
			<t id="s2_20" word="movido" lemma="mover" pos="v-pcp" morph="M S" extra="cjt-Od"/>
			<t id="s2_21" word="fica" lemma="ficar" pos="v-fin" morph="PR 3S IND VFIN" extra="predco predco vK fmc mv"/>
			<t id="s2_22" word="em" lemma="em" pos="prp" morph="--" extra="--"/>
			<t id="s2_23" word="camara" lemma="camar" pos="v-fin" morph="MQP 3S IND VFIN" extra="clb-fs DERS mv"/>
			<t id="s2_24" word="lenta" lemma="lento" pos="adj" morph="F S" extra="nh"/>
			<t id="s2_25" word="quadro" lemma="quadro" pos="n" morph="M S" sem="furn pict cc-r sit HH sem-c" extra="--"/>
			<t id="s2_26" word="a" lemma="a" pos="prp" morph="--" extra="--"/>
			<t id="s2_27" word="quadro" lemma="quadro" pos="n" morph="M S" sem="furn pict cc-r sit HH sem-c" extra="--"/>
			<t id="s2_28" word="horrível" lemma="horrível" pos="adj" morph="M S" extra="jh np-close"/>
			<t id="s2_29" word="decepado" lemma="decepar" pos="v-pcp" morph="M S" extra="vH"/>
			<t id="s2_30" word="total" lemma="total" pos="n" morph="M S" sem="ac-cat" extra="--"/>
			<t id="s2_31" word="," lemma="--" pos="pu" morph="--" extra="--"/>
			<t id="s2_32" word="som" lemma="som" pos="n" morph="M S" sem="percep-l" extra="--"/>
			<t id="s2_33" word="viva" lemma="viva" pos="intj" morph="--" extra="--"/>
			<t id="s2_34" word="voz" lemma="voz" pos="n" morph="F S" sem="f-h percep-l ac-cat" extra="--"/>
			<t id="s2_35" word="ruim" lemma="ruim" pos="adj" morph="F S" extra="np-close"/>
			<t id="s2_36" word="sem" lemma="sem" pos="prp" morph="--" extra="np-long"/>
			<t id="s2_37" word="viva" lemma="vivo" pos="adj" morph="F S" extra="--"/>
			<t id="s2_38" word="voz" lemma="voz" pos="n" morph="F S" sem="f-h percep-l ac-cat" extra="--"/>
			<t id="s2_39" word="baixíssimo" lemma="xx" pos="xx" morph="--" extra="DERS np-close"/>
			<t id="s2_40" word="," lemma="--" pos="pu" morph="--" extra="--"/>
			<t id="s2_41" word="televisão" lemma="televisão" pos="n" morph="F S" sem="sem-w HH" extra="np-close"/>
			<t id="s2_42" word="quando" lemma="quando" pos="adv" morph="--" extra="clb clb-fs rel ks"/>
			<t id="s2_43" word="a" lemma="a" pos="prp" morph="--" extra="--"/>
			<t id="s2_44" word="movimento" lemma="movimento" pos="n" morph="M S" sem="HH activity amount mon" extra="--"/>
			<t id="s2_45" word="fica" lemma="ficar" pos="v-fin" morph="PR 3S IND VFIN" extra="vK mv"/>
			<t id="s2_46" word="embaralhado" lemma="embaralhar" pos="v-pcp" morph="M S" extra="vH"/>
			<t id="s2_47" word="não" lemma="não" pos="adv" morph="--" extra="--"/>
			<t id="s2_48" word="entendi" lemma="entender" pos="v-fin" morph="PS 1S IND VFIN" extra="cjt-STA vH fmc mv"/>
			<t id="s2_49" word="a" lemma="o" pos="art" morph="F S" extra="--"/>
			<t id="s2_50" word="propaganda" lemma="propaganda" pos="n" morph="F S" sem="sem-s activity" extra="--"/>
			<t id="s2_51" word="de" lemma="de" pos="prp" morph="--" extra="sam- np-close"/>
			<t id="s2_52" word="ele" lemma="ele" pos="pron-pers" morph="M 3S NOM/PIV" extra="-sam"/>
			<t id="s2_53" word="." lemma="--" pos="pu" morph="--" extra="--"/>
		</terminals>

		<nonterminals>
			<nt id="s2_500" cat="s">
				<edge label="UTT" idref="s2_501"/>
			</nt>
			<nt id="s2_501" cat="x">
				<edge label="STA" idref="s2_502"/>
				<edge label="DN" idref="s2_504"/>
				<edge label="S" idref="s2_2"/>
				<edge label="P" idref="s2_3"/>
				<edge label="DN" idref="s2_511"/>
				<edge label="S" idref="s2_7"/>
				<edge label="fA" idref="s2_8"/>
				<edge label="P" idref="s2_9"/>
				<edge label="S" idref="s2_512"/>
				<edge label="PU" idref="s2_13"/>
				<edge label="DN" idref="s2_14"/>
				<edge label="X" idref="s2_516"/>
				<edge label="PU" idref="s2_53"/>
			</nt>
			<nt id="s2_502" cat="np">
				<edge label="S" idref="s2_503"/>
			</nt>
			<nt id="s2_503" cat="par">
				<edge label="CJT" idref="s2_1"/>
			</nt>
			<nt id="s2_504" cat="fcl">
				<edge label="CJT" idref="s2_505"/>
				<edge label="CJT" idref="s2_5"/>
			</nt>
			<nt id="s2_505" cat="fcl">
				<edge label="fCs" idref="s2_506"/>
				<edge label="Od" idref="s2_509"/>
			</nt>
			<nt id="s2_506" cat="np">
				<edge label="DN" idref="s2_507"/>
			</nt>
			<nt id="s2_507" cat="adjp">
				<edge label="fA" idref="s2_508"/>
			</nt>
			<nt id="s2_508" cat="x">
				<edge label="CO" idref="s2_4"/>
			</nt>
			<nt id="s2_509" cat="fcl">
				<edge label="S" idref="s2_510"/>
				<secedge label="*" idref="s2_23"/>
				<secedge label="*" idref="s2_519"/>
				<secedge label="*" idref="s2_520"/>
			</nt>
			<nt id="s2_510" cat="np">
				<edge label="DN" idref="s2_6"/>
				<edge label="H" idref="s2_10"/>
			</nt>
			<nt id="s2_511" cat="fcl">
			</nt>
			<nt id="s2_512" cat="np">
				<edge label="H" idref="s2_11"/>
				<edge label="DN" idref="s2_12"/>
				<edge label="CJT" idref="s2_513"/>
			</nt>
			<nt id="s2_513" cat="icl">
				<edge label="P" idref="s2_15"/>
				<edge label="Od" idref="s2_514"/>
			</nt>
			<nt id="s2_514" cat="par">
				<edge label="CJT" idref="s2_515"/>
				<edge label="PU" idref="s2_19"/>
				<edge label="CJT" idref="s2_20"/>
			</nt>
			<nt id="s2_515" cat="np">
				<edge label="DN" idref="s2_16"/>
				<edge label="PREF" idref="s2_17"/>
				<edge label="H" idref="s2_18"/>
			</nt>
			<nt id="s2_516" cat="par">
				<edge label="CJT" idref="s2_517"/>
				<edge label="CJT" idref="s2_523"/>
			</nt>
			<nt id="s2_517" cat="x">
				<edge label="P" idref="s2_21"/>
				<edge label="As" idref="s2_22"/>
				<edge label="Od" idref="s2_518"/>
			</nt>
			<nt id="s2_518" cat="fcl">
				<edge label="P" idref="s2_23"/>
				<edge label="Od" idref="s2_519"/>
				<edge label="fA" idref="s2_520"/>
				<edge label="DN" idref="s2_522"/>
				<edge label="H" idref="s2_30"/>
			</nt>
			<nt id="s2_519" cat="np">
				<edge label="DN" idref="s2_24"/>
				<edge label="H" idref="s2_25"/>
			</nt>
			<nt id="s2_520" cat="pp">
				<edge label="H" idref="s2_26"/>
				<edge label="DP" idref="s2_521"/>
			</nt>
			<nt id="s2_521" cat="np">
				<edge label="H" idref="s2_27"/>
				<edge label="DN" idref="s2_28"/>
			</nt>
			<nt id="s2_522" cat="adjp-">
				<edge label="H" idref="s2_29"/>
			</nt>
			<nt id="s2_523" cat="fcl">
				<edge label="PU" idref="s2_31"/>
				<edge label="S" idref="s2_32"/>
				<edge label="fCs" idref="s2_524"/>
				<edge label="fA" idref="s2_526"/>
				<edge label="fA" idref="s2_47"/>
				<edge label="P" idref="s2_48"/>
				<edge label="Od" idref="s2_531"/>
			</nt>
			<nt id="s2_524" cat="np">
				<edge label="DN" idref="s2_525"/>
			</nt>
			<nt id="s2_525" cat="adjp">
				<edge label="-fA" idref="s2_33"/>
			</nt>
			<nt id="s2_526" cat="fcl">
				<edge label="S" idref="s2_527"/>
				<edge label="fA" idref="s2_42"/>
				<edge label="fA" idref="s2_530"/>
				<edge label="P" idref="s2_45"/>
				<edge label="Cs" idref="s2_46"/>
			</nt>
			<nt id="s2_527" cat="np">
				<edge label="H" idref="s2_34"/>
				<edge label="DN" idref="s2_35"/>
				<edge label="DN" idref="s2_528"/>
			</nt>
			<nt id="s2_528" cat="pp">
				<edge label="H" idref="s2_36"/>
				<edge label="DP" idref="s2_529"/>
			</nt>
			<nt id="s2_529" cat="np">
				<edge label="DN" idref="s2_37"/>
				<edge label="H" idref="s2_38"/>
				<edge label="baixíssimo" idref="s2_39"/>
				<edge label="PU" idref="s2_40"/>
				<edge label="DNc" idref="s2_41"/>
			</nt>
			<nt id="s2_530" cat="pp">
				<edge label="H" idref="s2_43"/>
				<edge label="DP" idref="s2_44"/>
			</nt>
			<nt id="s2_531" cat="np">
				<edge label="DN" idref="s2_49"/>
				<edge label="H" idref="s2_50"/>
				<edge label="DN" idref="s2_532"/>
			</nt>
			<nt id="s2_532" cat="pp">
				<edge label="H" idref="s2_51"/>
				<edge label="DP" idref="s2_52"/>
			</nt>
		</nonterminals>
	</graph>
</s>

	</body>
</corpus>
