<?xml version="1.0" encoding="UTF-8"?>
<corpus>

	<body>
<s id="s1" ref="1" source="Running text" forest="1" text="possuo o e o considero muito bom, ele é leve, fácil de transportar, bonito, moderno, de fácil manuseio, tela bem colorida, roda jogos e aplicativos divinamente bem, o display é muito bom, o único porem é a sua bateria que não dura muito mas da para realizar todos os meus desejos.">
	<graph root="s1_500">
		<terminals>
			<t id="s1_1" word="possuo" lemma="possuir" pos="v-fin" morph="PR 1S IND VFIN" extra="nosubj nosubj nosubj nosubj nosubj nosubj nosubj nosubj cjt-head cjt-head-STA vH fmc mv"/>
			<t id="s1_2" word="o" lemma="o" pos="art" morph="M S" extra="--"/>
			<t id="s1_3" word="e" lemma="e" pos="conj-c" morph="--" extra="topkc"/>
			<t id="s1_4" word="o" lemma="ele" pos="pron-pers" morph="M 3S ACC" extra="--"/>
			<t id="s1_5" word="considero" lemma="considerar" pos="v-fin" morph="PR 1S IND VFIN" extra="nosubj nosubj cjt-STA vH fmc mv"/>
			<t id="s1_6" word="muito" lemma="muito" pos="adv" morph="--" extra="quant"/>
			<t id="s1_7" word="bom" lemma="bom" pos="adj" morph="M S" extra="jh"/>
			<t id="s1_8" word="," lemma="--" pos="pu" morph="--" extra="--"/>
			<t id="s1_9" word="ele" lemma="ele" pos="pron-pers" morph="M 3S NOM" extra="--"/>
			<t id="s1_10" word="é" lemma="ser" pos="v-fin" morph="PR 3S IND VFIN" extra="cjt-STA vK fmc mv"/>
			<t id="s1_11" word="leve" lemma="leve" pos="adj" morph="M S" extra="jh"/>
			<t id="s1_12" word="," lemma="--" pos="pu" morph="--" extra="--"/>
			<t id="s1_13" word="fácil" lemma="fácil" pos="adj" morph="M/F S" extra="np-close"/>
			<t id="s1_14" word="de" lemma="de" pos="prp" morph="--" extra="--"/>
			<t id="s1_15" word="transportar" lemma="transportar" pos="v-inf" morph="--" extra="vH mv"/>
			<t id="s1_16" word="," lemma="--" pos="pu" morph="--" extra="--"/>
			<t id="s1_17" word="bonito" lemma="bonito" pos="adj" morph="M S" extra="--"/>
			<t id="s1_18" word="," lemma="--" pos="pu" morph="--" extra="--"/>
			<t id="s1_19" word="moderno" lemma="moderno" pos="adj" morph="M S" extra="--"/>
			<t id="s1_20" word="," lemma="--" pos="pu" morph="--" extra="--"/>
			<t id="s1_21" word="de_fácil_manuseio" lemma="de_fácil_manuseio" pos="adj" morph="M S" extra="nh"/>
			<t id="s1_22" word="," lemma="--" pos="pu" morph="--" extra="--"/>
			<t id="s1_23" word="tela" lemma="tela" pos="n" morph="F S" sem="cc-h pict mat-cloth" extra="--"/>
			<t id="s1_24" word="bem" lemma="bem" pos="adv" morph="--" extra="quant"/>
			<t id="s1_25" word="colorida" lemma="colorir" pos="v-pcp" morph="F S" extra="vH np-close"/>
			<t id="s1_26" word="," lemma="--" pos="pu" morph="--" extra="--"/>
			<t id="s1_27" word="roda" lemma="rodar" pos="v-fin" morph="PR 3S IND VFIN" extra="nosubj nosubj cjt-STA fmc mv"/>
			<t id="s1_28" word="jogos" lemma="jogo" pos="n" morph="M P" sem="activity occ cc-h game" extra="cjt-head cjt-head-Od"/>
			<t id="s1_29" word="e" lemma="e" pos="conj-c" morph="--" extra="topkc"/>
			<t id="s1_30" word="aplicativos" lemma="aplicativo" pos="n" morph="M P" sem="sem-c" extra="cjt-Od"/>
			<t id="s1_31" word="divinamente" lemma="divinamente" pos="adv" morph="--" extra="--"/>
			<t id="s1_32" word="bem" lemma="bem" pos="adv" morph="--" extra="quant"/>
			<t id="s1_33" word="," lemma="--" pos="pu" morph="--" extra="--"/>
			<t id="s1_34" word="o" lemma="o" pos="art" morph="M S" extra="--"/>
			<t id="s1_35" word="display" lemma="display" pos="n" morph="M S" sem="furn" extra="--"/>
			<t id="s1_36" word="é" lemma="ser" pos="v-fin" morph="PR 3S IND VFIN" extra="cjt-STA vK fmc mv"/>
			<t id="s1_37" word="muito" lemma="muito" pos="adv" morph="--" extra="quant"/>
			<t id="s1_38" word="bom" lemma="bom" pos="adj" morph="M S" extra="--"/>
			<t id="s1_39" word="," lemma="--" pos="pu" morph="--" extra="--"/>
			<t id="s1_40" word="o" lemma="o" pos="art" morph="M S" extra="--"/>
			<t id="s1_41" word="único" lemma="único" pos="adj" morph="M S" extra="n"/>
			<t id="s1_42" word="porem" lemma="pôr" pos="v-inf" morph="3P" extra="mv"/>
			<t id="s1_43" word="é" lemma="ser" pos="v-fin" morph="PR 3S IND VFIN" extra="cjt-STA vK fmc mv"/>
			<t id="s1_44" word="a" lemma="o" pos="art" morph="F S" extra="--"/>
			<t id="s1_45" word="sua" lemma="seu" pos="pron-poss" morph="DET F S" extra="poss 3S"/>
			<t id="s1_46" word="bateria" lemma="bateria" pos="n" morph="F S" sem="tool" extra="--"/>
			<t id="s1_47" word="que" lemma="que" pos="spec" morph="M S" extra="clb clb-fs rel"/>
			<t id="s1_48" word="não" lemma="não" pos="adv" morph="--" extra="--"/>
			<t id="s1_49" word="dura" lemma="durar" pos="v-fin" morph="PR 3S IND VFIN" extra="vN mv np-close"/>
			<t id="s1_50" word="muito" lemma="muito" pos="adv" morph="--" extra="quant"/>
			<t id="s1_51" word="mas" lemma="mas" pos="conj-c" morph="--" extra="--"/>
			<t id="s1_52" word="de" lemma="de" pos="prp" morph="--" extra="sam-"/>
			<t id="s1_53" word="a" lemma="o" pos="pron-indef" morph="DET F S" extra="-sam"/>
			<t id="s1_54" word="para" lemma="para" pos="prp" morph="--" extra="np-close"/>
			<t id="s1_55" word="realizar" lemma="realizar" pos="v-inf" morph="--" extra="vH mv"/>
			<t id="s1_56" word="todos_os" lemma="todo_o" pos="pron-indef" morph="DET M P" extra="quant"/>
			<t id="s1_57" word="meus" lemma="meu" pos="pron-poss" morph="DET M P" extra="poss 1S"/>
			<t id="s1_58" word="desejos" lemma="desejo" pos="n" morph="M P" sem="sem-c am percep-f" extra="--"/>
			<t id="s1_59" word="." lemma="--" pos="pu" morph="--" extra="--"/>
		</terminals>

		<nonterminals>
			<nt id="s1_500" cat="s">
				<edge label="STA" idref="s1_501"/>
			</nt>
			<nt id="s1_501" cat="par">
				<edge label="CJT" idref="s1_1"/>
				<edge label="CJT" idref="s1_502"/>
				<edge label="CO" idref="s1_3"/>
				<edge label="PU" idref="s1_8"/>
				<edge label="CJT" idref="s1_505"/>
				<edge label="PU" idref="s1_26"/>
				<edge label="CJT" idref="s1_512"/>
				<edge label="CO" idref="s1_29"/>
				<edge label="PU" idref="s1_33"/>
				<edge label="CJT" idref="s1_514"/>
				<edge label="PU" idref="s1_39"/>
				<edge label="CJT" idref="s1_517"/>
				<edge label="PU" idref="s1_59"/>
			</nt>
			<nt id="s1_502" cat="x">
				<edge label="Od" idref="s1_503"/>
				<edge label="P" idref="s1_5"/>
				<edge label="Co" idref="s1_504"/>
			</nt>
			<nt id="s1_503" cat="np">
				<edge label="DN" idref="s1_2"/>
				<edge label="H" idref="s1_4"/>
			</nt>
			<nt id="s1_504" cat="adjp">
				<edge label="DA" idref="s1_6"/>
				<edge label="H" idref="s1_7"/>
			</nt>
			<nt id="s1_505" cat="fcl">
				<edge label="S" idref="s1_506"/>
				<edge label="P" idref="s1_10"/>
				<edge label="Cs" idref="s1_11"/>
				<edge label="PU" idref="s1_12"/>
			</nt>
			<nt id="s1_506" cat="np">
				<edge label="H" idref="s1_9"/>
				<edge label="DNc" idref="s1_507"/>
			</nt>
			<nt id="s1_507" cat="adjp">
				<edge label="H" idref="s1_13"/>
				<edge label="DA" idref="s1_508"/>
			</nt>
			<nt id="s1_508" cat="pp">
				<edge label="H" idref="s1_14"/>
				<edge label="DP" idref="s1_509"/>
			</nt>
			<nt id="s1_509" cat="icl">
				<edge label="P" idref="s1_15"/>
				<edge label="PU" idref="s1_16"/>
				<edge label="fCs" idref="s1_17"/>
				<edge label="PU" idref="s1_18"/>
				<edge label="fCs" idref="s1_19"/>
				<edge label="PU" idref="s1_20"/>
				<edge label="fCs" idref="s1_21"/>
				<edge label="PU" idref="s1_22"/>
				<edge label="Od" idref="s1_510"/>
			</nt>
			<nt id="s1_510" cat="np">
				<edge label="H" idref="s1_23"/>
				<edge label="DN" idref="s1_511"/>
			</nt>
			<nt id="s1_511" cat="adjp">
				<edge label="DA" idref="s1_24"/>
				<edge label="H" idref="s1_25"/>
			</nt>
			<nt id="s1_512" cat="x">
				<edge label="P" idref="s1_27"/>
				<edge label="Od" idref="s1_513"/>
				<edge label="fA" idref="s1_31"/>
				<edge label="fA" idref="s1_32"/>
			</nt>
			<nt id="s1_513" cat="par">
				<edge label="CJT" idref="s1_28"/>
				<edge label="CJT" idref="s1_30"/>
			</nt>
			<nt id="s1_514" cat="fcl">
				<edge label="S" idref="s1_515"/>
				<edge label="P" idref="s1_36"/>
				<edge label="Cs" idref="s1_516"/>
			</nt>
			<nt id="s1_515" cat="np">
				<edge label="DN" idref="s1_34"/>
				<edge label="H" idref="s1_35"/>
			</nt>
			<nt id="s1_516" cat="adjp">
				<edge label="DA" idref="s1_37"/>
				<edge label="H" idref="s1_38"/>
			</nt>
			<nt id="s1_517" cat="fcl">
				<edge label="Cs" idref="s1_518"/>
				<edge label="Cs" idref="s1_41"/>
				<edge label="S" idref="s1_42"/>
				<edge label="P" idref="s1_43"/>
			</nt>
			<nt id="s1_518" cat="np">
				<edge label="DN" idref="s1_40"/>
				<edge label="DN" idref="s1_44"/>
				<edge label="DN" idref="s1_45"/>
				<edge label="H" idref="s1_46"/>
				<edge label="DN" idref="s1_519"/>
				<edge label="DN" idref="s1_520"/>
			</nt>
			<nt id="s1_519" cat="fcl">
				<edge label="S" idref="s1_47"/>
				<edge label="fA" idref="s1_48"/>
				<edge label="P" idref="s1_49"/>
				<edge label="fA" idref="s1_50"/>
			</nt>
			<nt id="s1_520" cat="pp">
				<edge label="CO" idref="s1_51"/>
				<edge label="fA" idref="s1_521"/>
				<edge label="H" idref="s1_54"/>
				<edge label="DP" idref="s1_522"/>
			</nt>
			<nt id="s1_521" cat="pp">
				<edge label="H" idref="s1_52"/>
				<edge label="DP" idref="s1_53"/>
			</nt>
			<nt id="s1_522" cat="icl">
				<edge label="P" idref="s1_55"/>
				<edge label="Od" idref="s1_523"/>
			</nt>
			<nt id="s1_523" cat="np">
				<edge label="DN" idref="s1_56"/>
				<edge label="DN" idref="s1_57"/>
				<edge label="H" idref="s1_58"/>
			</nt>
		</nonterminals>
	</graph>
</s>

<s id="s2" ref="2" source="Running text" forest="1" text="recomendo a todos que queiram comprar um smartphone barato e de ótima qualidade com um ótimo custo-benefício.">
	<graph root="s2_500">
		<terminals>
			<t id="s2_1" word="recomendo" lemma="recomendar" pos="v-fin" morph="PR 1S IND VFIN" extra="vH fmc mv"/>
			<t id="s2_2" word="a" lemma="a" pos="prp" morph="--" extra="--"/>
			<t id="s2_3" word="todos" lemma="todo" pos="pron-indef" morph="DET M P" extra="quant"/>
			<t id="s2_4" word="que" lemma="que" pos="conj-s" morph="--" extra="clb clb-fs"/>
			<t id="s2_5" word="queiram" lemma="querer" pos="v-fin" morph="PR 3P SUBJ VFIN" extra="vH mv"/>
			<t id="s2_6" word="comprar" lemma="comprar" pos="v-inf" morph="--" extra="vH mv"/>
			<t id="s2_7" word="um" lemma="um" pos="art" morph="M S" extra="--"/>
			<t id="s2_8" word="smartphone" lemma="smartphone" pos="n" morph="M S" extra="heur foreign"/>
			<t id="s2_9" word="barato" lemma="barato" pos="adj" morph="M S" extra="nh np-close"/>
			<t id="s2_10" word="e" lemma="e" pos="conj-c" morph="--" extra="--"/>
			<t id="s2_11" word="de" lemma="de" pos="prp" morph="--" extra="np-close"/>
			<t id="s2_12" word="ótima" lemma="bom" pos="adj" morph="F S" extra="SUP"/>
			<t id="s2_13" word="qualidade" lemma="qualidade" pos="n" morph="F S" sem="percep-f f-c" extra="--"/>
			<t id="s2_14" word="com" lemma="com" pos="prp" morph="--" extra="np-close"/>
			<t id="s2_15" word="um" lemma="um" pos="art" morph="M S" extra="--"/>
			<t id="s2_16" word="ótimo" lemma="bom" pos="adj" morph="M S" extra="SUP"/>
			<t id="s2_17" word="custo-benefício" lemma="custo-benefício" pos="n" morph="M S" sem="mon" extra="--"/>
			<t id="s2_18" word="." lemma="--" pos="pu" morph="--" extra="--"/>
		</terminals>

		<nonterminals>
			<nt id="s2_500" cat="s">
				<edge label="STA" idref="s2_501"/>
			</nt>
			<nt id="s2_501" cat="fcl">
				<edge label="P" idref="s2_1"/>
				<edge label="fA" idref="s2_502"/>
				<edge label="Od" idref="s2_503"/>
				<edge label="PU" idref="s2_18"/>
			</nt>
			<nt id="s2_502" cat="pp">
				<edge label="H" idref="s2_2"/>
				<edge label="DP" idref="s2_3"/>
			</nt>
			<nt id="s2_503" cat="fcl">
				<edge label="SUB" idref="s2_4"/>
				<edge label="P" idref="s2_5"/>
				<edge label="Od" idref="s2_504"/>
			</nt>
			<nt id="s2_504" cat="icl">
				<edge label="P" idref="s2_6"/>
				<edge label="Od" idref="s2_505"/>
			</nt>
			<nt id="s2_505" cat="np">
				<edge label="DN" idref="s2_7"/>
				<edge label="H" idref="s2_8"/>
				<edge label="DN" idref="s2_9"/>
				<edge label="DN" idref="s2_506"/>
			</nt>
			<nt id="s2_506" cat="pp">
				<edge label="CO" idref="s2_10"/>
				<edge label="H" idref="s2_11"/>
				<edge label="DP" idref="s2_507"/>
			</nt>
			<nt id="s2_507" cat="np">
				<edge label="DN" idref="s2_12"/>
				<edge label="H" idref="s2_13"/>
				<edge label="DN" idref="s2_508"/>
			</nt>
			<nt id="s2_508" cat="pp">
				<edge label="H" idref="s2_14"/>
				<edge label="DP" idref="s2_509"/>
			</nt>
			<nt id="s2_509" cat="np">
				<edge label="DN" idref="s2_15"/>
				<edge label="DN" idref="s2_16"/>
				<edge label="H" idref="s2_17"/>
			</nt>
		</nonterminals>
	</graph>
</s>

<s id="s3" ref="3" source="Running text" forest="1" text="não me arrependo nem um pouco, é muito bom o aparelho!.">
	<graph root="s3_500">
		<terminals>
			<t id="s3_1" word="não" lemma="não" pos="adv" morph="--" extra="--"/>
			<t id="s3_2" word="me" lemma="eu" pos="pron-pers" morph="M/F 1S ACC" extra="refl"/>
			<t id="s3_3" word="arrependo" lemma="arrepender" pos="v-fin" morph="PR 1S IND VFIN" extra="cjt-head cjt-head-STA fmc mv v-pron"/>
			<t id="s3_4" word="nem" lemma="nem" pos="adv" morph="--" extra="--"/>
			<t id="s3_5" word="um_pouco" lemma="um_pouco" pos="adv" morph="--" extra="quant"/>
			<t id="s3_6" word="," lemma="--" pos="pu" morph="--" extra="--"/>
			<t id="s3_7" word="é" lemma="ser" pos="v-fin" morph="PR 3S IND VFIN" extra="cjt-STA vK fmc mv"/>
			<t id="s3_8" word="muito" lemma="muito" pos="adv" morph="--" extra="quant"/>
			<t id="s3_9" word="bom" lemma="bom" pos="adj" morph="M S" extra="jh"/>
			<t id="s3_10" word="o" lemma="o" pos="art" morph="M S" extra="--"/>
			<t id="s3_11" word="aparelho" lemma="aparelho" pos="n" morph="M S" sem="tool" extra="--"/>
			<t id="s3_12" word="!" lemma="--" pos="pu" morph="--" extra="--"/>
			<t id="s3_13" word="." lemma="--" pos="pu" morph="--" extra="--"/>
		</terminals>

		<nonterminals>
			<nt id="s3_500" cat="s">
				<edge label="STA" idref="s3_501"/>
			</nt>
			<nt id="s3_501" cat="par">
				<edge label="CJT" idref="s3_502"/>
				<edge label="CJT" idref="s3_503"/>
				<edge label="PU" idref="s3_12"/>
				<edge label="PU" idref="s3_13"/>
			</nt>
			<nt id="s3_502" cat="fcl">
				<edge label="fA" idref="s3_1"/>
				<edge label="Od" idref="s3_2"/>
				<edge label="P" idref="s3_3"/>
			</nt>
			<nt id="s3_503" cat="fcl">
				<edge label="S" idref="s3_504"/>
				<edge label="fA" idref="s3_5"/>
				<edge label="PU" idref="s3_6"/>
				<edge label="P" idref="s3_7"/>
				<edge label="Cs" idref="s3_505"/>
			</nt>
			<nt id="s3_504" cat="np">
				<edge label="DN" idref="s3_4"/>
				<edge label="DN" idref="s3_10"/>
				<edge label="H" idref="s3_11"/>
			</nt>
			<nt id="s3_505" cat="adjp">
				<edge label="DA" idref="s3_8"/>
				<edge label="H" idref="s3_9"/>
			</nt>
		</nonterminals>
	</graph>
</s>

	</body>
</corpus>
