<?xml version="1.0" encoding="UTF-8"?>
<corpus>

	<body>
<s id="s1" ref="1" source="Running text" forest="1" text="tenho a number ano, satisfaz em parte minha necessidade.">
	<graph root="s1_500">
		<terminals>
			<t id="s1_1" word="tenho" lemma="ter" pos="v-fin" morph="PR 1S IND VFIN" extra="nosubj nosubj cjt-head cjt-head-STA fmc mv"/>
			<t id="s1_2" word="a" lemma="a" pos="prp" morph="--" extra="--"/>
			<t id="s1_3" word="number" lemma="number" pos="n" morph="M S" extra="heur"/>
			<t id="s1_4" word="ano" lemma="ano" pos="n" morph="M S" sem="dur temp per unit" extra="--"/>
			<t id="s1_5" word="," lemma="--" pos="pu" morph="--" extra="--"/>
			<t id="s1_6" word="satisfaz" lemma="satisfazer" pos="v-fin" morph="PR 3S IND VFIN" extra="nosubj nosubj cjt-STA vH fmc mv"/>
			<t id="s1_7" word="em_parte" lemma="em_parte" pos="adv" morph="--" sem="pp" extra="--"/>
			<t id="s1_8" word="minha" lemma="meu" pos="pron-poss" morph="DET F S" extra="poss 1S"/>
			<t id="s1_9" word="necessidade" lemma="necessidade" pos="n" morph="F S" sem="am sit" extra="--"/>
			<t id="s1_10" word="." lemma="--" pos="pu" morph="--" extra="--"/>
		</terminals>

		<nonterminals>
			<nt id="s1_500" cat="s">
				<edge label="STA" idref="s1_501"/>
			</nt>
			<nt id="s1_501" cat="par">
				<edge label="CJT" idref="s1_502"/>
				<edge label="PU" idref="s1_5"/>
				<edge label="CJT" idref="s1_504"/>
				<edge label="PU" idref="s1_10"/>
			</nt>
			<nt id="s1_502" cat="fcl">
				<edge label="P" idref="s1_1"/>
				<edge label="fA" idref="s1_503"/>
				<edge label="Od" idref="s1_4"/>
			</nt>
			<nt id="s1_503" cat="pp">
				<edge label="H" idref="s1_2"/>
				<edge label="DP" idref="s1_3"/>
			</nt>
			<nt id="s1_504" cat="x">
				<edge label="P" idref="s1_6"/>
				<edge label="fA" idref="s1_7"/>
				<edge label="Od" idref="s1_505"/>
			</nt>
			<nt id="s1_505" cat="np">
				<edge label="DN" idref="s1_8"/>
				<edge label="H" idref="s1_9"/>
			</nt>
		</nonterminals>
	</graph>
</s>

<s id="s2" ref="2" source="Running text" forest="1" text="o sistema operacional não é estão favorável e não possuí uma memoria boa o suficiente para o processamento mais rápido das informações em dados..">
	<graph root="s2_500">
		<terminals>
			<t id="s2_1" word="o" lemma="o" pos="art" morph="M S" extra="--"/>
			<t id="s2_2" word="sistema_operacional" lemma="sistema_operacional" pos="n" morph="M S" sem="ac" extra="--"/>
			<t id="s2_3" word="não" lemma="não" pos="adv" morph="--" extra="--"/>
			<t id="s2_4" word="é" lemma="ser" pos="v-fin" morph="PR 3S IND VFIN" extra="nosubj nosubj nosubj nosubj cjt-head cjt-head-STA vK fmc mv"/>
			<t id="s2_5" word="estão" lemma="estar" pos="v-fin" morph="PR 3P IND VFIN" extra="nosubj nosubj cjt-STA vK fmc mv"/>
			<t id="s2_6" word="favorável" lemma="favorável" pos="adj" morph="M S" extra="jh"/>
			<t id="s2_7" word="e" lemma="e" pos="conj-c" morph="--" extra="topkc"/>
			<t id="s2_8" word="não" lemma="não" pos="adv" morph="--" extra="--"/>
			<t id="s2_9" word="possuí" lemma="possuir" pos="v-fin" morph="PS 1S IND VFIN" extra="nosubj nosubj cjt-STA vH fmc mv"/>
			<t id="s2_10" word="uma" lemma="uma" pos="num" morph="F S" extra="card"/>
			<t id="s2_11" word="memoria" lemma="memoriar" pos="v-fin" morph="PR 3S IND VFIN" extra="nosubj nosubj cjt-STA vH fmc mv"/>
			<t id="s2_12" word="boa" lemma="bom" pos="adj" morph="F S" extra="cjt-head cjt-head-Od jh"/>
			<t id="s2_13" word="o" lemma="o" pos="art" morph="M S" extra="--"/>
			<t id="s2_14" word="suficiente" lemma="suficiente" pos="n" morph="M S" sem="amount" extra="cjt-Od"/>
			<t id="s2_15" word="para" lemma="para" pos="prp" morph="--" extra="np-close"/>
			<t id="s2_16" word="o" lemma="o" pos="art" morph="M S" extra="--"/>
			<t id="s2_17" word="processamento" lemma="processamento" pos="n" morph="M S" sem="act" extra="--"/>
			<t id="s2_18" word="mais" lemma="mais" pos="adv" morph="--" extra="quant KOMP"/>
			<t id="s2_19" word="rápido" lemma="rápido" pos="adj" morph="M S" extra="adv jh np-close"/>
			<t id="s2_20" word="de" lemma="de" pos="prp" morph="--" extra="sam- np-close"/>
			<t id="s2_21" word="as" lemma="o" pos="art" morph="F P" extra="-sam "/>
			<t id="s2_22" word="informações" lemma="informação" pos="n" morph="F P" sem="ac" extra="--"/>
			<t id="s2_23" word="em" lemma="em" pos="prp" morph="--" extra="--"/>
			<t id="s2_24" word="dados" lemma="dado" pos="n" morph="M P" sem="cc ac" extra="--"/>
			<t id="s2_25" word="." lemma="--" pos="pu" morph="--" extra="--"/>
			<t id="s2_26" word="." lemma="--" pos="pu" morph="--" extra="--"/>
		</terminals>

		<nonterminals>
			<nt id="s2_500" cat="s">
				<edge label="STA" idref="s2_501"/>
			</nt>
			<nt id="s2_501" cat="par">
				<edge label="CJT" idref="s2_502"/>
				<edge label="CJT" idref="s2_504"/>
				<edge label="CO" idref="s2_7"/>
				<edge label="CJT" idref="s2_505"/>
				<edge label="CJT" idref="s2_506"/>
				<edge label="PU" idref="s2_25"/>
				<edge label="PU" idref="s2_26"/>
			</nt>
			<nt id="s2_502" cat="fcl">
				<edge label="S" idref="s2_503"/>
				<edge label="fA" idref="s2_3"/>
				<edge label="P" idref="s2_4"/>
			</nt>
			<nt id="s2_503" cat="np">
				<edge label="DN" idref="s2_1"/>
				<edge label="H" idref="s2_2"/>
			</nt>
			<nt id="s2_504" cat="x">
				<edge label="P" idref="s2_5"/>
				<edge label="Cs" idref="s2_6"/>
			</nt>
			<nt id="s2_505" cat="x">
				<edge label="fA" idref="s2_8"/>
				<edge label="P" idref="s2_9"/>
				<edge label="Od" idref="s2_10"/>
			</nt>
			<nt id="s2_506" cat="x">
				<edge label="P" idref="s2_11"/>
				<edge label="Od" idref="s2_507"/>
				<edge label="fA" idref="s2_514"/>
			</nt>
			<nt id="s2_507" cat="par">
				<edge label="CJT" idref="s2_12"/>
				<edge label="CJT" idref="s2_508"/>
			</nt>
			<nt id="s2_508" cat="np">
				<edge label="DN" idref="s2_13"/>
				<edge label="H" idref="s2_14"/>
				<edge label="DN" idref="s2_509"/>
			</nt>
			<nt id="s2_509" cat="pp">
				<edge label="H" idref="s2_15"/>
				<edge label="DP" idref="s2_510"/>
			</nt>
			<nt id="s2_510" cat="np">
				<edge label="DN" idref="s2_16"/>
				<edge label="H" idref="s2_17"/>
				<edge label="DN" idref="s2_511"/>
				<edge label="DN" idref="s2_512"/>
			</nt>
			<nt id="s2_511" cat="adjp">
				<edge label="DA" idref="s2_18"/>
				<edge label="H" idref="s2_19"/>
			</nt>
			<nt id="s2_512" cat="pp">
				<edge label="H" idref="s2_20"/>
				<edge label="DP" idref="s2_513"/>
			</nt>
			<nt id="s2_513" cat="np">
				<edge label="DN" idref="s2_21"/>
				<edge label="H" idref="s2_22"/>
			</nt>
			<nt id="s2_514" cat="pp">
				<edge label="H" idref="s2_23"/>
				<edge label="DP" idref="s2_24"/>
			</nt>
		</nonterminals>
	</graph>
</s>

	</body>
</corpus>
