<?xml version="1.0" encoding="UTF-8"?>
<corpus>

	<body>
<s id="s1" ref="1" source="Running text" forest="1" text="recomendo, muito bom, tem um excelente custo beneficio, moderno, pratico, elegante, a duração da bateria deixa um pouco a desejar, a memoria ram também e outro ponto negativo, embora tenha uma memoria interna de 4 gb, mas para quem deseja um aparelho elegante, pratico e com custo baixo, é o ideal..">
	<graph root="s1_500">
		<terminals>
			<t id="s1_1" word="recomendo" lemma="recomendar" pos="v-fin" morph="PR 1S IND VFIN" extra="nosubj nosubj nosubj nosubj nosubj nosubj nosubj nosubj nosubj nosubj nosubj nosubj nosubj nosubj cjt-head cjt-head-STA vH fmc mv"/>
			<t id="s1_2" word="," lemma="--" pos="pu" morph="--" extra="--"/>
			<t id="s1_3" word="muito" lemma="muito" pos="adv" morph="--" extra="quant"/>
			<t id="s1_4" word="bom" lemma="bom" pos="adj" morph="M S" extra="jh"/>
			<t id="s1_5" word="," lemma="--" pos="pu" morph="--" extra="--"/>
			<t id="s1_6" word="tem" lemma="ter" pos="v-fin" morph="PR 3S IND VFIN" extra="nosubj nosubj cjt-STA fmc mv"/>
			<t id="s1_7" word="um" lemma="um" pos="art" morph="M S" extra="--"/>
			<t id="s1_8" word="excelente" lemma="excelente" pos="adj" morph="M S" extra="--"/>
			<t id="s1_9" word="custo" lemma="custo" pos="n" morph="M S" sem="mon" extra="--"/>
			<t id="s1_10" word="beneficio" lemma="beneficiar" pos="v-fin" morph="PR 1S IND VFIN" extra="nosubj nosubj cjt-STA vH fmc mv"/>
			<t id="s1_11" word="," lemma="--" pos="pu" morph="--" extra="--"/>
			<t id="s1_12" word="moderno" lemma="moderno" pos="adj" morph="M S" extra="--"/>
			<t id="s1_13" word="," lemma="--" pos="pu" morph="--" extra="--"/>
			<t id="s1_14" word="pratico" lemma="praticar" pos="v-fin" morph="PR 1S IND VFIN" extra="nosubj nosubj cjt-STA vH fmc mv"/>
			<t id="s1_15" word="," lemma="--" pos="pu" morph="--" extra="--"/>
			<t id="s1_16" word="elegante" lemma="elegante" pos="adj" morph="M/F S" extra="--"/>
			<t id="s1_17" word="," lemma="--" pos="pu" morph="--" extra="--"/>
			<t id="s1_18" word="a" lemma="o" pos="art" morph="F S" extra="--"/>
			<t id="s1_19" word="duração" lemma="duração" pos="n" morph="F S" sem="am" extra="--"/>
			<t id="s1_20" word="de" lemma="de" pos="prp" morph="--" extra="sam- np-close"/>
			<t id="s1_21" word="a" lemma="o" pos="art" morph="F S" extra="-sam "/>
			<t id="s1_22" word="bateria" lemma="bateria" pos="n" morph="F S" sem="tool" extra="--"/>
			<t id="s1_23" word="deixa" lemma="deixar" pos="v-fin" morph="PR 3S IND VFIN" extra="cjt-STA fmc mv"/>
			<t id="s1_24" word="um_pouco" lemma="um_pouco" pos="spec" morph="--" extra="quant"/>
			<t id="s1_25" word="a" lemma="a" pos="prp" morph="--" extra="--"/>
			<t id="s1_26" word="desejar" lemma="desejar" pos="v-inf" morph="--" extra="vH mv"/>
			<t id="s1_27" word="," lemma="--" pos="pu" morph="--" extra="--"/>
			<t id="s1_28" word="a" lemma="ela" pos="pron-pers" morph="F 3S ACC" extra="--"/>
			<t id="s1_29" word="memoria" lemma="memoriar" pos="v-fin" morph="PR 3S IND VFIN" extra="cjt-STA vH fmc mv"/>
			<t id="s1_30" word="ram" lemma="ram" pos="n" morph="M S" extra="heur"/>
			<t id="s1_31" word="também" lemma="também" pos="adv" morph="--" extra="--"/>
			<t id="s1_32" word="e" lemma="e" pos="conj-c" morph="--" extra="--"/>
			<t id="s1_33" word="outro" lemma="outro" pos="pron-indef" morph="DET M S" extra="diff KOMP"/>
			<t id="s1_34" word="ponto" lemma="ponto" pos="n" morph="M S" sem="Labs geom temp Lh sem-c unit" extra="--"/>
			<t id="s1_35" word="negativo" lemma="negativo" pos="adj" morph="M S" extra="nh np-close"/>
			<t id="s1_36" word="," lemma="--" pos="pu" morph="--" extra="--"/>
			<t id="s1_37" word="embora" lemma="embora" pos="conj-s" morph="--" extra="clb clb-fs"/>
			<t id="s1_38" word="tenha" lemma="ter" pos="v-fin" morph="PR 3S SUBJ VFIN" extra="mv"/>
			<t id="s1_39" word="uma" lemma="uma" pos="num" morph="F S" extra="card"/>
			<t id="s1_40" word="memoria" lemma="memoriar" pos="v-fin" morph="PR 3S IND VFIN" extra="nosubj nosubj cjt-STA vH fmc mv"/>
			<t id="s1_41" word="interna" lemma="interno" pos="adj" morph="F S" extra="nh"/>
			<t id="s1_42" word="de" lemma="de" pos="prp" morph="--" extra="np-close"/>
			<t id="s1_43" word="4" lemma="4" pos="num" morph="M/F P" extra="card"/>
			<t id="s1_44" word="gb" lemma="gb" pos="n" morph="M/F S" extra="foreign"/>
			<t id="s1_45" word="," lemma="--" pos="pu" morph="--" extra="--"/>
			<t id="s1_46" word="mas" lemma="mas" pos="conj-c" morph="--" extra="--"/>
			<t id="s1_47" word="para" lemma="para" pos="prp" morph="--" extra="--"/>
			<t id="s1_48" word="quem" lemma="quem" pos="spec" morph="M S" extra="clb clb-fs rel"/>
			<t id="s1_49" word="deseja" lemma="desejar" pos="v-fin" morph="PR 3S IND VFIN" extra="vH mv"/>
			<t id="s1_50" word="um" lemma="um" pos="art" morph="M S" extra="--"/>
			<t id="s1_51" word="aparelho" lemma="aparelho" pos="n" morph="M S" sem="tool" extra="--"/>
			<t id="s1_52" word="elegante" lemma="elegante" pos="adj" morph="M/F S" extra="--"/>
			<t id="s1_53" word="," lemma="--" pos="pu" morph="--" extra="--"/>
			<t id="s1_54" word="pratico" lemma="praticar" pos="v-fin" morph="PR 1S IND VFIN" extra="nosubj nosubj cjt-STA vH fmc mv"/>
			<t id="s1_55" word="e" lemma="e" pos="conj-c" morph="--" extra="--"/>
			<t id="s1_56" word="com" lemma="com" pos="prp" morph="--" extra="--"/>
			<t id="s1_57" word="custo" lemma="custo" pos="n" morph="M S" sem="mon" extra="--"/>
			<t id="s1_58" word="baixo" lemma="baixo" pos="adj" morph="M S" extra="np-close"/>
			<t id="s1_59" word="," lemma="--" pos="pu" morph="--" extra="--"/>
			<t id="s1_60" word="é" lemma="ser" pos="v-fin" morph="PR 3S IND VFIN" extra="nosubj nosubj cjt-STA vK fmc mv"/>
			<t id="s1_61" word="o" lemma="o" pos="art" morph="M S" extra="--"/>
			<t id="s1_62" word="ideal" lemma="ideal" pos="n" morph="M S" sem="sem-c" extra="--"/>
			<t id="s1_63" word="." lemma="--" pos="pu" morph="--" extra="--"/>
			<t id="s1_64" word="." lemma="--" pos="pu" morph="--" extra="--"/>
		</terminals>

		<nonterminals>
			<nt id="s1_500" cat="s">
				<edge label="STA" idref="s1_501"/>
			</nt>
			<nt id="s1_501" cat="par">
				<edge label="CJT" idref="s1_502"/>
				<edge label="PU" idref="s1_5"/>
				<edge label="CJT" idref="s1_504"/>
				<edge label="CJT" idref="s1_506"/>
				<edge label="PU" idref="s1_13"/>
				<edge label="CJT" idref="s1_507"/>
				<edge label="PU" idref="s1_17"/>
				<edge label="CJT" idref="s1_508"/>
				<edge label="PU" idref="s1_27"/>
				<edge label="CJT" idref="s1_513"/>
				<edge label="CJT" idref="s1_514"/>
				<edge label="PU" idref="s1_53"/>
				<edge label="CJT" idref="s1_524"/>
				<edge label="PU" idref="s1_59"/>
				<edge label="CJT" idref="s1_528"/>
				<edge label="PU" idref="s1_63"/>
				<edge label="PU" idref="s1_64"/>
			</nt>
			<nt id="s1_502" cat="fcl">
				<edge label="P" idref="s1_1"/>
				<edge label="PU" idref="s1_2"/>
				<edge label="fCs" idref="s1_503"/>
			</nt>
			<nt id="s1_503" cat="adjp">
				<edge label="DA" idref="s1_3"/>
				<edge label="H" idref="s1_4"/>
			</nt>
			<nt id="s1_504" cat="x">
				<edge label="P" idref="s1_6"/>
				<edge label="Od" idref="s1_505"/>
			</nt>
			<nt id="s1_505" cat="np">
				<edge label="DN" idref="s1_7"/>
				<edge label="DN" idref="s1_8"/>
				<edge label="H" idref="s1_9"/>
			</nt>
			<nt id="s1_506" cat="x">
				<edge label="P" idref="s1_10"/>
				<edge label="PU" idref="s1_11"/>
				<edge label="fCs" idref="s1_12"/>
			</nt>
			<nt id="s1_507" cat="x">
				<edge label="P" idref="s1_14"/>
				<edge label="PU" idref="s1_15"/>
				<edge label="fCs" idref="s1_16"/>
			</nt>
			<nt id="s1_508" cat="fcl">
				<edge label="S" idref="s1_509"/>
				<edge label="P" idref="s1_23"/>
				<edge label="Od" idref="s1_24"/>
				<edge label="Op" idref="s1_512"/>
			</nt>
			<nt id="s1_509" cat="np">
				<edge label="DN" idref="s1_18"/>
				<edge label="H" idref="s1_19"/>
				<edge label="DN" idref="s1_510"/>
			</nt>
			<nt id="s1_510" cat="pp">
				<edge label="H" idref="s1_20"/>
				<edge label="DP" idref="s1_511"/>
			</nt>
			<nt id="s1_511" cat="np">
				<edge label="DN" idref="s1_21"/>
				<edge label="H" idref="s1_22"/>
			</nt>
			<nt id="s1_512" cat="pp">
				<edge label="H" idref="s1_25"/>
				<edge label="DP" idref="s1_26"/>
			</nt>
			<nt id="s1_513" cat="fcl">
				<edge label="Od" idref="s1_28"/>
				<edge label="P" idref="s1_29"/>
				<edge label="S" idref="s1_30"/>
				<edge label="fA" idref="s1_31"/>
			</nt>
			<nt id="s1_514" cat="x">
				<edge label="fA" idref="s1_515"/>
				<edge label="P" idref="s1_40"/>
				<edge label="fCs" idref="s1_41"/>
				<edge label="PU" idref="s1_45"/>
				<edge label="fA" idref="s1_520"/>
			</nt>
			<nt id="s1_515" cat="fcl">
				<edge label="S" idref="s1_516"/>
				<edge label="PU" idref="s1_36"/>
				<edge label="SUB" idref="s1_37"/>
				<edge label="P" idref="s1_38"/>
				<edge label="Od" idref="s1_39"/>
			</nt>
			<nt id="s1_516" cat="np">
				<edge label="DN" idref="s1_517"/>
				<edge label="DN" idref="s1_33"/>
				<edge label="H" idref="s1_34"/>
				<edge label="-DN" idref="s1_35"/>
				<edge label="DN" idref="s1_518"/>
			</nt>
			<nt id="s1_517" cat="adjp">
				<edge label="CO" idref="s1_32"/>
			</nt>
			<nt id="s1_518" cat="pp">
				<edge label="H" idref="s1_42"/>
				<edge label="DP" idref="s1_519"/>
			</nt>
			<nt id="s1_519" cat="np">
				<edge label="DN" idref="s1_43"/>
				<edge label="H" idref="s1_44"/>
			</nt>
			<nt id="s1_520" cat="pp">
				<edge label="DP" idref="s1_521"/>
				<edge label="H" idref="s1_47"/>
			</nt>
			<nt id="s1_521" cat="fcl">
				<edge label="fCs" idref="s1_522"/>
				<edge label="S" idref="s1_48"/>
				<edge label="P" idref="s1_49"/>
				<edge label="Od" idref="s1_523"/>
				<edge label="-fCs" idref="s1_52"/>
			</nt>
			<nt id="s1_522" cat="adjp">
				<edge label="CO" idref="s1_46"/>
			</nt>
			<nt id="s1_523" cat="np">
				<edge label="DN" idref="s1_50"/>
				<edge label="H" idref="s1_51"/>
			</nt>
			<nt id="s1_524" cat="x">
				<edge label="P" idref="s1_54"/>
				<edge label="fA" idref="s1_525"/>
			</nt>
			<nt id="s1_525" cat="pp">
				<edge label="DP" idref="s1_526"/>
				<edge label="H" idref="s1_56"/>
			</nt>
			<nt id="s1_526" cat="np">
				<edge label="DN" idref="s1_527"/>
				<edge label="H" idref="s1_57"/>
				<edge label="-DN" idref="s1_58"/>
			</nt>
			<nt id="s1_527" cat="adjp">
				<edge label="CO" idref="s1_55"/>
			</nt>
			<nt id="s1_528" cat="x">
				<edge label="P" idref="s1_60"/>
				<edge label="Cs" idref="s1_529"/>
			</nt>
			<nt id="s1_529" cat="np">
				<edge label="DN" idref="s1_61"/>
				<edge label="H" idref="s1_62"/>
			</nt>
		</nonterminals>
	</graph>
</s>

	</body>
</corpus>
