<?xml version="1.0" encoding="UTF-8"?>
<corpus>

	<body>
<s id="s1" ref="1" source="Running text" forest="1" text="comprei para meu filho e ele adorou, para quem quer preço é ideal porque é baratinho e tem muitas formulas que não se espera num telefone simples.">
	<graph root="s1_500">
		<terminals>
			<t id="s1_1" word="comprei" lemma="comprar" pos="v-fin" morph="PS 1S IND VFIN" extra="nosubj nosubj nosubj nosubj nosubj nosubj cjt-head cjt-head-STA vH fmc mv"/>
			<t id="s1_2" word="para" lemma="para" pos="prp" morph="--" extra="--"/>
			<t id="s1_3" word="meu" lemma="meu" pos="pron-poss" morph="DET M S" extra="poss 1S"/>
			<t id="s1_4" word="filho" lemma="filho" pos="n" morph="M S" sem="Hfam" extra="--"/>
			<t id="s1_5" word="e" lemma="e" pos="conj-c" morph="--" extra="--"/>
			<t id="s1_6" word="ele" lemma="ele" pos="pron-pers" morph="M 3S NOM" extra="--"/>
			<t id="s1_7" word="adorou" lemma="adorar" pos="v-fin" morph="PS 3S IND VFIN" extra="cjt-STA vH fmc mv"/>
			<t id="s1_8" word="," lemma="--" pos="pu" morph="--" extra="--"/>
			<t id="s1_9" word="para" lemma="para" pos="prp" morph="--" extra="--"/>
			<t id="s1_10" word="quem" lemma="quem" pos="spec" morph="M/F S" extra="clb clb-fs rel"/>
			<t id="s1_11" word="quer" lemma="querer" pos="v-fin" morph="PR 3S IND VFIN" extra="vH mv"/>
			<t id="s1_12" word="preço" lemma="preço" pos="n" morph="M S" sem="f-q" extra="--"/>
			<t id="s1_13" word="é" lemma="ser" pos="v-fin" morph="PR 3S IND VFIN" extra="nosubj nosubj cjt-STA vK fmc mv"/>
			<t id="s1_14" word="ideal" lemma="ideal" pos="adj" morph="M/F S" extra="jh"/>
			<t id="s1_15" word="porque" lemma="porque" pos="conj-s" morph="--" extra="clb clb-fs"/>
			<t id="s1_16" word="é" lemma="ser" pos="v-fin" morph="PR 3S IND VFIN" extra="vK mv"/>
			<t id="s1_17" word="baratinho" lemma="baratinho" pos="adj" morph="M S" extra="DERS jh"/>
			<t id="s1_18" word="e" lemma="e" pos="conj-c" morph="--" extra="--"/>
			<t id="s1_19" word="tem" lemma="ter" pos="v-fin" morph="PR 3S IND VFIN" extra="fmc mv"/>
			<t id="s1_20" word="muitas" lemma="muito" pos="pron-indef" morph="DET F P" extra="quant"/>
			<t id="s1_21" word="formulas" lemma="formular" pos="v-fin" morph="PR 2S IND VFIN" extra="cjt-STA vH fmc mv"/>
			<t id="s1_22" word="que" lemma="que" pos="conj-s" morph="--" extra="clb clb-fs"/>
			<t id="s1_23" word="não" lemma="não" pos="adv" morph="--" extra="--"/>
			<t id="s1_24" word="se" lemma="se" pos="conj-s" morph="--" extra="clb"/>
			<t id="s1_25" word="espera" lemma="esperar" pos="v-fin" morph="PR 3S IND VFIN" extra="vH mv"/>
			<t id="s1_26" word="em" lemma="em" pos="prp" morph="--" extra="sam-"/>
			<t id="s1_27" word="um" lemma="um" pos="art" morph="M S" extra="-sam "/>
			<t id="s1_28" word="telefone" lemma="telefone" pos="n" morph="M S" sem="tool" extra="--"/>
			<t id="s1_29" word="simples" lemma="simples" pos="adj" morph="M S" extra="np-close"/>
			<t id="s1_30" word="." lemma="--" pos="pu" morph="--" extra="--"/>
		</terminals>

		<nonterminals>
			<nt id="s1_500" cat="s">
				<edge label="STA" idref="s1_501"/>
			</nt>
			<nt id="s1_501" cat="par">
				<edge label="CJT" idref="s1_502"/>
				<edge label="CJT" idref="s1_505"/>
				<edge label="CJT" idref="s1_508"/>
				<edge label="CJT" idref="s1_510"/>
				<edge label="SUB" idref="s1_22"/>
				<edge label="PU" idref="s1_30"/>
			</nt>
			<nt id="s1_502" cat="fcl">
				<edge label="P" idref="s1_1"/>
				<edge label="fA" idref="s1_503"/>
			</nt>
			<nt id="s1_503" cat="pp">
				<edge label="H" idref="s1_2"/>
				<edge label="DP" idref="s1_504"/>
			</nt>
			<nt id="s1_504" cat="np">
				<edge label="DN" idref="s1_3"/>
				<edge label="H" idref="s1_4"/>
				<edge label="CO" idref="s1_5"/>
			</nt>
			<nt id="s1_505" cat="fcl">
				<edge label="S" idref="s1_6"/>
				<edge label="P" idref="s1_7"/>
				<edge label="PU" idref="s1_8"/>
				<edge label="fA" idref="s1_506"/>
			</nt>
			<nt id="s1_506" cat="pp">
				<edge label="H" idref="s1_9"/>
				<edge label="DP" idref="s1_507"/>
			</nt>
			<nt id="s1_507" cat="fcl">
				<edge label="S" idref="s1_10"/>
				<edge label="P" idref="s1_11"/>
				<edge label="Od" idref="s1_12"/>
				<edge label="CO" idref="s1_18"/>
				<edge label="FOC" idref="s1_19"/>
			</nt>
			<nt id="s1_508" cat="x">
				<edge label="P" idref="s1_13"/>
				<edge label="Cs" idref="s1_14"/>
				<edge label="fA" idref="s1_509"/>
			</nt>
			<nt id="s1_509" cat="fcl">
				<edge label="SUB" idref="s1_15"/>
				<edge label="P" idref="s1_16"/>
				<edge label="Cs" idref="s1_17"/>
			</nt>
			<nt id="s1_510" cat="fcl">
				<edge label="S" idref="s1_20"/>
				<edge label="P" idref="s1_21"/>
				<edge label="fA" idref="s1_23"/>
				<edge label="Od" idref="s1_511"/>
			</nt>
			<nt id="s1_511" cat="fcl">
				<edge label="SUB" idref="s1_24"/>
				<edge label="P" idref="s1_25"/>
				<edge label="Op" idref="s1_512"/>
			</nt>
			<nt id="s1_512" cat="pp">
				<edge label="H" idref="s1_26"/>
				<edge label="DP" idref="s1_513"/>
			</nt>
			<nt id="s1_513" cat="np">
				<edge label="DN" idref="s1_27"/>
				<edge label="H" idref="s1_28"/>
				<edge label="DN" idref="s1_29"/>
			</nt>
		</nonterminals>
	</graph>
</s>

<s id="s2" ref="2" source="Running text" forest="1" text="acesso as redes sociais, bloetooth e ainda é number kg.">
	<graph root="s2_500">
		<terminals>
			<t id="s2_1" word="acesso" lemma="acesso" pos="n" morph="M S" sem="event Lpath f-right" extra="--"/>
			<t id="s2_2" word="as" lemma="o" pos="art" morph="F P" extra="--"/>
			<t id="s2_3" word="redes" lemma="rede" pos="n" morph="F P" sem="con HH furn Lh coll-sem" extra="--"/>
			<t id="s2_4" word="sociais" lemma="social" pos="adj" morph="F P" extra="jh np-close"/>
			<t id="s2_5" word="," lemma="--" pos="pu" morph="--" extra="--"/>
			<t id="s2_6" word="bloetooth" lemma="bloetooth" pos="n" morph="M S" extra="foreign heur np-close"/>
			<t id="s2_7" word="e" lemma="e" pos="conj-c" morph="--" extra="topkc"/>
			<t id="s2_8" word="ainda" lemma="ainda" pos="adv" morph="--" extra="--"/>
			<t id="s2_9" word="é" lemma="ser" pos="v-fin" morph="PR 3S IND VFIN" extra="vK fmc mv"/>
			<t id="s2_10" word="number" lemma="number" pos="n" morph="M S" extra="heur"/>
			<t id="s2_11" word="kg" lemma="kg" pos="n" morph="M S/P" extra="--"/>
			<t id="s2_12" word="." lemma="--" pos="pu" morph="--" extra="--"/>
		</terminals>

		<nonterminals>
			<nt id="s2_500" cat="s">
				<edge label="STA" idref="s2_501"/>
			</nt>
			<nt id="s2_501" cat="fcl">
				<edge label="S" idref="s2_1"/>
				<edge label="fCs" idref="s2_502"/>
				<edge label="CO" idref="s2_7"/>
				<edge label="fA" idref="s2_8"/>
				<edge label="P" idref="s2_9"/>
				<edge label="Cs" idref="s2_10"/>
				<edge label="fCs" idref="s2_11"/>
				<edge label="PU" idref="s2_12"/>
			</nt>
			<nt id="s2_502" cat="np">
				<edge label="DN" idref="s2_2"/>
				<edge label="H" idref="s2_3"/>
				<edge label="DN" idref="s2_4"/>
				<edge label="PU" idref="s2_5"/>
				<edge label="DNc" idref="s2_6"/>
			</nt>
		</nonterminals>
	</graph>
</s>

<s id="s3" ref="3" source="Running text" forest="1" text="so não gostei porque é um chip so então não serve para mim, que sempre uso number, e a camera é bem fraquinha.">
	<graph root="s3_500">
		<terminals>
			<t id="s3_1" word="so" lemma="só" pos="adv" morph="--" extra="--"/>
			<t id="s3_2" word="não" lemma="não" pos="adv" morph="--" extra="--"/>
			<t id="s3_3" word="gostei" lemma="gostar" pos="v-fin" morph="PS 1S IND VFIN" extra="nosubj nosubj nosubj nosubj cjt-head cjt-head-STA vH fmc mv"/>
			<t id="s3_4" word="porque" lemma="porque" pos="conj-s" morph="--" extra="clb clb-fs"/>
			<t id="s3_5" word="é" lemma="ser" pos="v-fin" morph="PR 3S IND VFIN" extra="vK mv"/>
			<t id="s3_6" word="um" lemma="um" pos="art" morph="M S" extra="--"/>
			<t id="s3_7" word="chip" lemma="chip" pos="n" morph="M S" sem="cc" extra="--"/>
			<t id="s3_8" word="so" lemma="só" pos="adj" morph="M/F S" extra="--"/>
			<t id="s3_9" word="então" lemma="então" pos="adv" morph="--" extra="kc"/>
			<t id="s3_10" word="não" lemma="não" pos="adv" morph="--" extra="--"/>
			<t id="s3_11" word="serve" lemma="servir" pos="v-fin" morph="PR 3S IND VFIN" extra="nosubj nosubj cjt-STA fmc mv"/>
			<t id="s3_12" word="para" lemma="para" pos="prp" morph="--" extra="--"/>
			<t id="s3_13" word="mim" lemma="eu" pos="pron-pers" morph="M/F 1S PIV" extra="--"/>
			<t id="s3_14" word="," lemma="--" pos="pu" morph="--" extra="--"/>
			<t id="s3_15" word="que" lemma="que" pos="conj-s" morph="--" extra="clb clb-fs"/>
			<t id="s3_16" word="sempre" lemma="sempre" pos="adv" morph="--" extra="--"/>
			<t id="s3_17" word="uso" lemma="usar" pos="v-fin" morph="PR 1S IND VFIN" extra="vH mv"/>
			<t id="s3_18" word="number" lemma="number" pos="n" morph="M S" extra="heur"/>
			<t id="s3_19" word="," lemma="--" pos="pu" morph="--" extra="--"/>
			<t id="s3_20" word="e" lemma="e" pos="conj-c" morph="--" extra="clb"/>
			<t id="s3_21" word="a" lemma="o" pos="art" morph="F S" extra="--"/>
			<t id="s3_22" word="camera" lemma="c�=mara" pos="n" morph="F S" sem="Lh HH" extra="--"/>
			<t id="s3_23" word="é" lemma="ser" pos="v-fin" morph="PR 3S IND VFIN" extra="cjt-STA vK fmc mv"/>
			<t id="s3_24" word="bem" lemma="bem" pos="adv" morph="--" extra="quant"/>
			<t id="s3_25" word="fraquinha" lemma="fraquinho" pos="adj" morph="F S" extra="DERS jh"/>
			<t id="s3_26" word="." lemma="--" pos="pu" morph="--" extra="--"/>
		</terminals>

		<nonterminals>
			<nt id="s3_500" cat="s">
				<edge label="STA" idref="s3_501"/>
			</nt>
			<nt id="s3_501" cat="par">
				<edge label="CJT" idref="s3_502"/>
				<edge label="CJT" idref="s3_505"/>
				<edge label="PU" idref="s3_19"/>
				<edge label="CO" idref="s3_20"/>
				<edge label="CJT" idref="s3_508"/>
				<edge label="PU" idref="s3_26"/>
			</nt>
			<nt id="s3_502" cat="fcl">
				<edge label="fA" idref="s3_1"/>
				<edge label="fA" idref="s3_2"/>
				<edge label="P" idref="s3_3"/>
				<edge label="fA" idref="s3_503"/>
			</nt>
			<nt id="s3_503" cat="fcl">
				<edge label="SUB" idref="s3_4"/>
				<edge label="P" idref="s3_5"/>
				<edge label="Cs" idref="s3_504"/>
				<edge label="fCs" idref="s3_8"/>
			</nt>
			<nt id="s3_504" cat="np">
				<edge label="DN" idref="s3_6"/>
				<edge label="H" idref="s3_7"/>
			</nt>
			<nt id="s3_505" cat="x">
				<edge label="fA" idref="s3_9"/>
				<edge label="fA" idref="s3_10"/>
				<edge label="P" idref="s3_11"/>
				<edge label="Op" idref="s3_506"/>
				<edge label="PU" idref="s3_14"/>
				<edge label="Od" idref="s3_507"/>
			</nt>
			<nt id="s3_506" cat="pp">
				<edge label="H" idref="s3_12"/>
				<edge label="DP" idref="s3_13"/>
			</nt>
			<nt id="s3_507" cat="fcl">
				<edge label="SUB" idref="s3_15"/>
				<edge label="fA" idref="s3_16"/>
				<edge label="P" idref="s3_17"/>
				<edge label="Od" idref="s3_18"/>
			</nt>
			<nt id="s3_508" cat="fcl">
				<edge label="S" idref="s3_509"/>
				<edge label="P" idref="s3_23"/>
				<edge label="Cs" idref="s3_510"/>
			</nt>
			<nt id="s3_509" cat="np">
				<edge label="DN" idref="s3_21"/>
				<edge label="H" idref="s3_22"/>
			</nt>
			<nt id="s3_510" cat="adjp">
				<edge label="DA" idref="s3_24"/>
				<edge label="H" idref="s3_25"/>
			</nt>
		</nonterminals>
	</graph>
</s>

	</body>
</corpus>
