<?xml version="1.0" encoding="UTF-8"?>
<corpus>

	<body>
<s id="s1" ref="1" source="Running text" forest="1" text="gosto do produto, mas não acredito que, visto os concorrentes, valha a pena..">
	<graph root="s1_500">
		<terminals>
			<t id="s1_1" word="gosto" lemma="gostar" pos="v-fin" morph="PR 1S IND VFIN" extra="nosubj nosubj cjt-head cjt-head-STA vH fmc mv"/>
			<t id="s1_2" word="de" lemma="de" pos="prp" morph="--" extra="sam-"/>
			<t id="s1_3" word="o" lemma="o" pos="art" morph="M S" extra="-sam "/>
			<t id="s1_4" word="produto" lemma="produto" pos="n" morph="M S" sem="cc-h mon ac-cat" extra="--"/>
			<t id="s1_5" word="," lemma="--" pos="pu" morph="--" extra="--"/>
			<t id="s1_6" word="mas" lemma="mas" pos="conj-c" morph="--" extra="clb"/>
			<t id="s1_7" word="não" lemma="não" pos="adv" morph="--" extra="--"/>
			<t id="s1_8" word="acredito" lemma="acreditar" pos="v-fin" morph="PR 1S IND VFIN" extra="nosubj nosubj cjt-STA vH fmc mv"/>
			<t id="s1_9" word="que" lemma="que" pos="conj-s" morph="--" extra="clb clb-fs"/>
			<t id="s1_10" word="," lemma="--" pos="pu" morph="--" extra="--"/>
			<t id="s1_11" word="visto" lemma="ver" pos="v-pcp" morph="M S" extra="vH"/>
			<t id="s1_12" word="os" lemma="o" pos="art" morph="M P" extra="--"/>
			<t id="s1_13" word="concorrentes" lemma="concorrente" pos="n" morph="M P" sem="H" extra="--"/>
			<t id="s1_14" word="," lemma="--" pos="pu" morph="--" extra="--"/>
			<t id="s1_15" word="valha" lemma="valer" pos="v-fin" morph="PR 1/3S SUBJ VFIN" extra="mv"/>
			<t id="s1_16" word="a" lemma="o" pos="art" morph="F S" extra="--"/>
			<t id="s1_17" word="pena" lemma="pena" pos="n" morph="F S" sem="ac sit percep-f tool" extra="--"/>
			<t id="s1_18" word="." lemma="--" pos="pu" morph="--" extra="--"/>
			<t id="s1_19" word="." lemma="--" pos="pu" morph="--" extra="--"/>
		</terminals>

		<nonterminals>
			<nt id="s1_500" cat="s">
				<edge label="STA" idref="s1_501"/>
			</nt>
			<nt id="s1_501" cat="par">
				<edge label="CJT" idref="s1_502"/>
				<edge label="PU" idref="s1_5"/>
				<edge label="CO" idref="s1_6"/>
				<edge label="CJT" idref="s1_505"/>
				<edge label="PU" idref="s1_18"/>
				<edge label="PU" idref="s1_19"/>
			</nt>
			<nt id="s1_502" cat="fcl">
				<edge label="P" idref="s1_1"/>
				<edge label="Op" idref="s1_503"/>
			</nt>
			<nt id="s1_503" cat="pp">
				<edge label="H" idref="s1_2"/>
				<edge label="DP" idref="s1_504"/>
			</nt>
			<nt id="s1_504" cat="np">
				<edge label="DN" idref="s1_3"/>
				<edge label="H" idref="s1_4"/>
			</nt>
			<nt id="s1_505" cat="x">
				<edge label="fA" idref="s1_7"/>
				<edge label="P" idref="s1_8"/>
				<edge label="Od" idref="s1_506"/>
				<edge label="fCs" idref="s1_507"/>
			</nt>
			<nt id="s1_506" cat="fcl">
				<edge label="SUB" idref="s1_9"/>
				<edge label="PU" idref="s1_10"/>
				<edge label="fCs" idref="s1_11"/>
			</nt>
			<nt id="s1_507" cat="np">
				<edge label="DN" idref="s1_12"/>
				<edge label="H" idref="s1_13"/>
				<edge label="PU" idref="s1_14"/>
				<edge label="P" idref="s1_15"/>
				<edge label="Od" idref="s1_508"/>
			</nt>
			<nt id="s1_508" cat="np">
				<edge label="DN" idref="s1_16"/>
				<edge label="H" idref="s1_17"/>
			</nt>
		</nonterminals>
	</graph>
</s>

	</body>
</corpus>
