<?xml version="1.0" encoding="UTF-8"?>
<corpus>

	<body>
<s id="s1" ref="1" source="Running text" forest="1" text="gosto muito do fato de poder usar um teclado real.">
	<graph root="s1_500">
		<terminals>
			<t id="s1_1" word="gosto" lemma="gostar" pos="v-fin" morph="PR 1S IND VFIN" extra="vH fmc mv"/>
			<t id="s1_2" word="muito" lemma="muito" pos="adv" morph="--" extra="quant"/>
			<t id="s1_3" word="de" lemma="de" pos="prp" morph="--" extra="sam-"/>
			<t id="s1_4" word="o" lemma="o" pos="art" morph="M S" extra="-sam "/>
			<t id="s1_5" word="fato" lemma="fato" pos="n" morph="M S" sem="ac cloH AAdom" extra="--"/>
			<t id="s1_6" word="de" lemma="de" pos="prp" morph="--" extra="np-close"/>
			<t id="s1_7" word="poder" lemma="poder" pos="v-inf" morph="--" extra="aux"/>
			<t id="s1_8" word="usar" lemma="usar" pos="v-inf" morph="--" extra="vH mv"/>
			<t id="s1_9" word="um" lemma="um" pos="art" morph="M S" extra="--"/>
			<t id="s1_10" word="teclado" lemma="teclado" pos="n" morph="M S" sem="cc-h mach" extra="--"/>
			<t id="s1_11" word="real" lemma="real" pos="adj" morph="M S" extra="np-close"/>
			<t id="s1_12" word="." lemma="--" pos="pu" morph="--" extra="--"/>
		</terminals>

		<nonterminals>
			<nt id="s1_500" cat="s">
				<edge label="STA" idref="s1_501"/>
			</nt>
			<nt id="s1_501" cat="fcl">
				<edge label="P" idref="s1_1"/>
				<edge label="fA" idref="s1_2"/>
				<edge label="Op" idref="s1_502"/>
				<edge label="PU" idref="s1_12"/>
			</nt>
			<nt id="s1_502" cat="pp">
				<edge label="H" idref="s1_3"/>
				<edge label="DP" idref="s1_503"/>
			</nt>
			<nt id="s1_503" cat="np">
				<edge label="DN" idref="s1_4"/>
				<edge label="H" idref="s1_5"/>
				<edge label="DN" idref="s1_504"/>
			</nt>
			<nt id="s1_504" cat="pp">
				<edge label="H" idref="s1_6"/>
				<edge label="DP" idref="s1_505"/>
			</nt>
			<nt id="s1_505" cat="icl">
				<edge label="P" idref="s1_506"/>
				<edge label="Od" idref="s1_507"/>
			</nt>
			<nt id="s1_506" cat="vp">
				<edge label="Vaux" idref="s1_7"/>
				<edge label="Vm" idref="s1_8"/>
			</nt>
			<nt id="s1_507" cat="np">
				<edge label="DN" idref="s1_9"/>
				<edge label="H" idref="s1_10"/>
				<edge label="DN" idref="s1_11"/>
			</nt>
		</nonterminals>
	</graph>
</s>

<s id="s2" ref="2" source="Running text" forest="1" text="isto é ótimo para uso nas redes sociais.">
	<graph root="s2_500">
		<terminals>
			<t id="s2_1" word="isto" lemma="isto" pos="spec" morph="M S" extra="dem"/>
			<t id="s2_2" word="é" lemma="ser" pos="v-fin" morph="PR 3S IND VFIN" extra="vK fmc mv"/>
			<t id="s2_3" word="ótimo" lemma="bom" pos="adj" morph="M S" extra="SUP"/>
			<t id="s2_4" word="para" lemma="para" pos="prp" morph="--" extra="--"/>
			<t id="s2_5" word="uso" lemma="uso" pos="n" morph="M S" sem="act ac" extra="--"/>
			<t id="s2_6" word="em" lemma="em" pos="prp" morph="--" extra="sam- np-close"/>
			<t id="s2_7" word="as" lemma="o" pos="art" morph="F P" extra="-sam "/>
			<t id="s2_8" word="redes" lemma="rede" pos="n" morph="F P" sem="con HH furn Lh coll-sem" extra="--"/>
			<t id="s2_9" word="sociais" lemma="social" pos="adj" morph="F P" extra="jh np-close"/>
			<t id="s2_10" word="." lemma="--" pos="pu" morph="--" extra="--"/>
		</terminals>

		<nonterminals>
			<nt id="s2_500" cat="s">
				<edge label="STA" idref="s2_501"/>
			</nt>
			<nt id="s2_501" cat="fcl">
				<edge label="S" idref="s2_1"/>
				<edge label="P" idref="s2_2"/>
				<edge label="Cs" idref="s2_3"/>
				<edge label="fA" idref="s2_502"/>
				<edge label="PU" idref="s2_10"/>
			</nt>
			<nt id="s2_502" cat="pp">
				<edge label="H" idref="s2_4"/>
				<edge label="DP" idref="s2_503"/>
			</nt>
			<nt id="s2_503" cat="np">
				<edge label="H" idref="s2_5"/>
				<edge label="DN" idref="s2_504"/>
			</nt>
			<nt id="s2_504" cat="pp">
				<edge label="H" idref="s2_6"/>
				<edge label="DP" idref="s2_505"/>
			</nt>
			<nt id="s2_505" cat="np">
				<edge label="DN" idref="s2_7"/>
				<edge label="H" idref="s2_8"/>
				<edge label="DN" idref="s2_9"/>
			</nt>
		</nonterminals>
	</graph>
</s>

<s id="s3" ref="3" source="Running text" forest="1" text="o ponto negativo é a bateria, que consome energia rapidamente.">
	<graph root="s3_500">
		<terminals>
			<t id="s3_1" word="o" lemma="o" pos="art" morph="M S" extra="--"/>
			<t id="s3_2" word="ponto" lemma="ponto" pos="n" morph="M S" sem="Labs geom temp Lh sem-c unit" extra="--"/>
			<t id="s3_3" word="negativo" lemma="negativo" pos="adj" morph="M S" extra="nh np-close"/>
			<t id="s3_4" word="é" lemma="ser" pos="v-fin" morph="PR 3S IND VFIN" extra="vK fmc mv"/>
			<t id="s3_5" word="a" lemma="o" pos="art" morph="F S" extra="--"/>
			<t id="s3_6" word="bateria" lemma="bateria" pos="n" morph="F S" sem="tool" extra="--"/>
			<t id="s3_7" word="," lemma="--" pos="pu" morph="--" extra="--"/>
			<t id="s3_8" word="que" lemma="que" pos="spec" morph="M S" extra="clb clb-fs rel"/>
			<t id="s3_9" word="consome" lemma="consumir" pos="v-fin" morph="PR 3S IND VFIN" extra="mv np-close"/>
			<t id="s3_10" word="energia" lemma="energia" pos="n" morph="F S" sem="am" extra="--"/>
			<t id="s3_11" word="rapidamente" lemma="rápido" pos="adv" morph="--" extra="adv"/>
			<t id="s3_12" word="." lemma="--" pos="pu" morph="--" extra="--"/>
		</terminals>

		<nonterminals>
			<nt id="s3_500" cat="s">
				<edge label="STA" idref="s3_501"/>
			</nt>
			<nt id="s3_501" cat="fcl">
				<edge label="S" idref="s3_502"/>
				<edge label="P" idref="s3_4"/>
				<edge label="Cs" idref="s3_503"/>
				<edge label="PU" idref="s3_12"/>
			</nt>
			<nt id="s3_502" cat="np">
				<edge label="DN" idref="s3_1"/>
				<edge label="H" idref="s3_2"/>
				<edge label="DN" idref="s3_3"/>
			</nt>
			<nt id="s3_503" cat="np">
				<edge label="DN" idref="s3_5"/>
				<edge label="H" idref="s3_6"/>
				<edge label="PU" idref="s3_7"/>
				<edge label="DN" idref="s3_504"/>
			</nt>
			<nt id="s3_504" cat="fcl">
				<edge label="S" idref="s3_8"/>
				<edge label="P" idref="s3_9"/>
				<edge label="Od" idref="s3_10"/>
				<edge label="fA" idref="s3_11"/>
			</nt>
		</nonterminals>
	</graph>
</s>

<s id="s4" ref="4" source="Running text" forest="1" text="além disso, o processo de recarregar é demorado..">
	<graph root="s4_500">
		<terminals>
			<t id="s4_1" word="além_disso" lemma="além_disso" pos="adv" morph="--" extra="--"/>
			<t id="s4_2" word="," lemma="--" pos="pu" morph="--" extra="--"/>
			<t id="s4_3" word="o" lemma="o" pos="art" morph="M S" extra="clb"/>
			<t id="s4_4" word="processo" lemma="processo" pos="n" morph="M S" sem="occ process activity" extra="--"/>
			<t id="s4_5" word="de" lemma="de" pos="prp" morph="--" extra="np-close"/>
			<t id="s4_6" word="recarregar" lemma="recarregar" pos="v-inf" morph="3S" extra="vH mv"/>
			<t id="s4_7" word="é" lemma="ser" pos="v-fin" morph="PR 3S IND VFIN" extra="fmc aux"/>
			<t id="s4_8" word="demorado" lemma="demorar" pos="v-pcp" morph="M S" extra="mv"/>
			<t id="s4_9" word="." lemma="--" pos="pu" morph="--" extra="--"/>
			<t id="s4_10" word="." lemma="--" pos="pu" morph="--" extra="--"/>
		</terminals>

		<nonterminals>
			<nt id="s4_500" cat="s">
				<edge label="STA" idref="s4_501"/>
			</nt>
			<nt id="s4_501" cat="fcl">
				<edge label="fA" idref="s4_1"/>
				<edge label="PU" idref="s4_2"/>
				<edge label="S" idref="s4_502"/>
				<edge label="P" idref="s4_504"/>
				<edge label="PU" idref="s4_9"/>
				<edge label="PU" idref="s4_10"/>
			</nt>
			<nt id="s4_502" cat="np">
				<edge label="DN" idref="s4_3"/>
				<edge label="H" idref="s4_4"/>
				<edge label="DN" idref="s4_503"/>
			</nt>
			<nt id="s4_503" cat="pp">
				<edge label="H" idref="s4_5"/>
				<edge label="DP" idref="s4_6"/>
			</nt>
			<nt id="s4_504" cat="vp">
				<edge label="Vaux" idref="s4_7"/>
				<edge label="Vm" idref="s4_8"/>
			</nt>
		</nonterminals>
	</graph>
</s>

	</body>
</corpus>
