<?xml version="1.0" encoding="UTF-8"?>
<corpus>

	<body>
<s id="s1" ref="1" source="Running text" forest="1" text="gostei do aparelho porém muito frágil a quedas que acontecem e bateria muito ruim..">
	<graph root="s1_500">
		<terminals>
			<t id="s1_1" word="gostei" lemma="gostar" pos="v-fin" morph="PS 1S IND VFIN" extra="vH fmc mv"/>
			<t id="s1_2" word="de" lemma="de" pos="prp" morph="--" extra="sam-"/>
			<t id="s1_3" word="o" lemma="o" pos="art" morph="M S" extra="-sam "/>
			<t id="s1_4" word="aparelho" lemma="aparelho" pos="n" morph="M S" sem="tool" extra="--"/>
			<t id="s1_5" word="porém" lemma="porém" pos="adv" morph="--" extra="kc"/>
			<t id="s1_6" word="muito" lemma="muito" pos="adv" morph="--" extra="quant"/>
			<t id="s1_7" word="frágil" lemma="frágil" pos="adj" morph="M/F S" extra="np-close"/>
			<t id="s1_8" word="a" lemma="a" pos="prp" morph="--" extra="--"/>
			<t id="s1_9" word="quedas" lemma="queda" pos="n" morph="F P" sem="event" extra="--"/>
			<t id="s1_10" word="que" lemma="que" pos="conj-s" morph="--" extra="clb clb-fs"/>
			<t id="s1_11" word="acontecem" lemma="acontecer" pos="v-fin" morph="PR 3P IND VFIN" extra="vN mv"/>
			<t id="s1_12" word="e" lemma="e" pos="conj-c" morph="--" extra="--"/>
			<t id="s1_13" word="bateria" lemma="bateria" pos="n" morph="F S" sem="tool" extra="--"/>
			<t id="s1_14" word="muito" lemma="muito" pos="adv" morph="--" extra="quant"/>
			<t id="s1_15" word="ruim" lemma="ruim" pos="adj" morph="M/F S" extra="np-close"/>
			<t id="s1_16" word="." lemma="--" pos="pu" morph="--" extra="--"/>
			<t id="s1_17" word="." lemma="--" pos="pu" morph="--" extra="--"/>
		</terminals>

		<nonterminals>
			<nt id="s1_500" cat="s">
				<edge label="STA" idref="s1_501"/>
			</nt>
			<nt id="s1_501" cat="fcl">
				<edge label="P" idref="s1_1"/>
				<edge label="Op" idref="s1_502"/>
				<edge label="fA" idref="s1_5"/>
				<edge label="fA" idref="s1_505"/>
				<edge label="Od" idref="s1_506"/>
				<edge label="fCs" idref="s1_507"/>
				<edge label="PU" idref="s1_16"/>
				<edge label="PU" idref="s1_17"/>
			</nt>
			<nt id="s1_502" cat="pp">
				<edge label="H" idref="s1_2"/>
				<edge label="DP" idref="s1_503"/>
			</nt>
			<nt id="s1_503" cat="np">
				<edge label="DN" idref="s1_3"/>
				<edge label="H" idref="s1_4"/>
				<edge label="DN" idref="s1_504"/>
			</nt>
			<nt id="s1_504" cat="adjp">
				<edge label="DA" idref="s1_6"/>
				<edge label="H" idref="s1_7"/>
			</nt>
			<nt id="s1_505" cat="pp">
				<edge label="H" idref="s1_8"/>
				<edge label="DP" idref="s1_9"/>
			</nt>
			<nt id="s1_506" cat="fcl">
				<edge label="SUB" idref="s1_10"/>
				<edge label="P" idref="s1_11"/>
			</nt>
			<nt id="s1_507" cat="np">
				<edge label="DN" idref="s1_508"/>
				<edge label="H" idref="s1_13"/>
			</nt>
			<nt id="s1_508" cat="adjp">
				<edge label="CO" idref="s1_12"/>
				<edge label="DA" idref="s1_14"/>
				<edge label="H" idref="s1_15"/>
			</nt>
		</nonterminals>
	</graph>
</s>

	</body>
</corpus>
