<?xml version="1.0" encoding="UTF-8"?>
<corpus>

	<body>
<s id="s1" ref="1" source="Running text" forest="1" text="e um equipamento, muito bom por tem boas resistência a agua, poeira e queda.">
	<graph root="s1_500">
		<terminals>
			<t id="s1_1" word="e" lemma="e" pos="conj-c" morph="--" extra="--"/>
			<t id="s1_2" word="um" lemma="um" pos="art" morph="M S" extra="--"/>
			<t id="s1_3" word="equipamento" lemma="equipamento" pos="n" morph="M S" sem="cm tool mach" extra="--"/>
			<t id="s1_4" word="," lemma="--" pos="pu" morph="--" extra="--"/>
			<t id="s1_5" word="muito" lemma="muito" pos="adv" morph="--" extra="quant"/>
			<t id="s1_6" word="bom" lemma="bom" pos="adj" morph="M S" extra="np-close"/>
			<t id="s1_7" word="por" lemma="por" pos="prp" morph="--" extra="--"/>
			<t id="s1_8" word="tem" lemma="ter" pos="v-fin" morph="PR 3S IND VFIN" extra="nosubj nosubj cjt-head cjt-head-STA fmc mv"/>
			<t id="s1_9" word="boas" lemma="bom" pos="adj" morph="F P" extra="--"/>
			<t id="s1_10" word="resistência" lemma="resistência" pos="n" morph="F S" sem="am" extra="--"/>
			<t id="s1_11" word="a" lemma="ela" pos="pron-pers" morph="F 3S ACC" extra="--"/>
			<t id="s1_12" word="agua" lemma="aguar" pos="v-fin" morph="PR 3S IND VFIN" extra="nosubj nosubj cjt-STA vH fmc mv"/>
			<t id="s1_13" word="," lemma="--" pos="pu" morph="--" extra="--"/>
			<t id="s1_14" word="poeira" lemma="poeira" pos="n" morph="F S" sem="cm am Lh" extra="--"/>
			<t id="s1_15" word="e" lemma="e" pos="conj-c" morph="--" extra="--"/>
			<t id="s1_16" word="queda" lemma="queda" pos="n" morph="F S" sem="event" extra="--"/>
			<t id="s1_17" word="." lemma="--" pos="pu" morph="--" extra="--"/>
		</terminals>

		<nonterminals>
			<nt id="s1_500" cat="s">
				<edge label="STA" idref="s1_501"/>
			</nt>
			<nt id="s1_501" cat="par">
				<edge label="CJT" idref="s1_502"/>
				<edge label="CJT" idref="s1_506"/>
				<edge label="PU" idref="s1_17"/>
			</nt>
			<nt id="s1_502" cat="fcl">
				<edge label="fCs" idref="s1_503"/>
				<edge label="fA" idref="s1_7"/>
				<edge label="P" idref="s1_8"/>
				<edge label="Od" idref="s1_505"/>
			</nt>
			<nt id="s1_503" cat="np">
				<edge label="DN" idref="s1_504"/>
				<edge label="DN" idref="s1_2"/>
				<edge label="H" idref="s1_3"/>
				<edge label="PU" idref="s1_4"/>
			</nt>
			<nt id="s1_504" cat="adjp">
				<edge label="CO" idref="s1_1"/>
				<edge label="DA" idref="s1_5"/>
				<edge label="H" idref="s1_6"/>
			</nt>
			<nt id="s1_505" cat="np">
				<edge label="DN" idref="s1_9"/>
				<edge label="H" idref="s1_10"/>
			</nt>
			<nt id="s1_506" cat="x">
				<edge label="Od" idref="s1_11"/>
				<edge label="P" idref="s1_12"/>
				<edge label="PU" idref="s1_13"/>
				<edge label="fCs" idref="s1_14"/>
				<edge label="fCs" idref="s1_507"/>
			</nt>
			<nt id="s1_507" cat="np">
				<edge label="CO" idref="s1_15"/>
				<edge label="H" idref="s1_16"/>
			</nt>
		</nonterminals>
	</graph>
</s>

<s id="s2" ref="2" source="Running text" forest="1" text="o megabyte number tem uma configuração bem moderna com sistema androide number que para o seu aparelho no ano de lançamento em outubro de number era bastante avançado, ele também tem tela de number polegadas com tecnologia gorilla glass resistente a riscos a sua navegação na web em 3g é rápida com o uso das redes hsdpa e hsupa.">
	<graph root="s2_500">
		<terminals>
			<t id="s2_1" word="o" lemma="o" pos="art" morph="M S" extra="--"/>
			<t id="s2_2" word="megabyte" lemma="megabyte" pos="n" morph="M S" sem="unit" extra="--"/>
			<t id="s2_3" word="number" lemma="number" pos="v-inf" morph="3S" extra="heur mv"/>
			<t id="s2_4" word="tem" lemma="ter" pos="v-fin" morph="PR 3S IND VFIN" extra="predco predco predco predco fmc mv"/>
			<t id="s2_5" word="uma" lemma="um" pos="art" morph="F S" extra="--"/>
			<t id="s2_6" word="configuração" lemma="configuração" pos="n" morph="F S" sem="act ac" extra="--"/>
			<t id="s2_7" word="bem" lemma="bem" pos="adv" morph="--" extra="quant"/>
			<t id="s2_8" word="moderna" lemma="moderno" pos="adj" morph="F S" extra="jh np-close"/>
			<t id="s2_9" word="com" lemma="com" pos="prp" morph="--" extra="np-long"/>
			<t id="s2_10" word="sistema" lemma="sistema" pos="n" morph="M S" sem="ac" extra="--"/>
			<t id="s2_11" word="androide" lemma="andróide" pos="n" morph="M S" sem="Hmyth" extra="np-close"/>
			<t id="s2_12" word="number" lemma="number" pos="n" morph="M S" extra="heur"/>
			<t id="s2_13" word="que" lemma="que" pos="spec" morph="M S" extra="clb clb-fs rel"/>
			<t id="s2_14" word="para" lemma="para" pos="prp" morph="--" extra="--"/>
			<t id="s2_15" word="o" lemma="o" pos="art" morph="M S" extra="--"/>
			<t id="s2_16" word="seu" lemma="seu" pos="pron-poss" morph="DET M S" extra="si poss 3S"/>
			<t id="s2_17" word="aparelho" lemma="aparelho" pos="n" morph="M S" sem="tool" extra="--"/>
			<t id="s2_18" word="em" lemma="em" pos="prp" morph="--" extra="sam-"/>
			<t id="s2_19" word="o" lemma="o" pos="art" morph="M S" extra="-sam "/>
			<t id="s2_20" word="ano" lemma="ano" pos="n" morph="M S" sem="dur temp per unit" extra="--"/>
			<t id="s2_21" word="de" lemma="de" pos="prp" morph="--" extra="np-close"/>
			<t id="s2_22" word="lançamento" lemma="lançamento" pos="n" morph="M S" sem="act" extra="--"/>
			<t id="s2_23" word="em" lemma="em" pos="prp" morph="--" extra="--"/>
			<t id="s2_24" word="outubro" lemma="outubro" pos="n" morph="M S" extra="--"/>
			<t id="s2_25" word="de" lemma="de" pos="prp" morph="--" extra="np-close"/>
			<t id="s2_26" word="number" lemma="number" pos="n" morph="M S" extra="heur"/>
			<t id="s2_27" word="era" lemma="ser" pos="v-fin" morph="IMPF 3S IND VFIN" extra="vK mv np-close"/>
			<t id="s2_28" word="bastante" lemma="bastante" pos="adv" morph="--" extra="quant"/>
			<t id="s2_29" word="avançado" lemma="avançar" pos="v-pcp" morph="M S" extra="vH"/>
			<t id="s2_30" word="," lemma="--" pos="pu" morph="--" extra="--"/>
			<t id="s2_31" word="ele" lemma="ele" pos="pron-pers" morph="M 3S NOM" extra="--"/>
			<t id="s2_32" word="também" lemma="também" pos="adv" morph="--" extra="--"/>
			<t id="s2_33" word="tem" lemma="ter" pos="v-fin" morph="PR 3S IND VFIN" extra="cjt-STA fmc mv"/>
			<t id="s2_34" word="tela" lemma="tela" pos="n" morph="F S" sem="cc-h pict mat-cloth" extra="--"/>
			<t id="s2_35" word="de" lemma="de" pos="prp" morph="--" extra="np-close"/>
			<t id="s2_36" word="number" lemma="number" pos="v-inf" morph="--" extra="heur mv"/>
			<t id="s2_37" word="polegadas" lemma="polegada" pos="n" morph="F P" sem="unit" extra="--"/>
			<t id="s2_38" word="com" lemma="com" pos="prp" morph="--" extra="np-close"/>
			<t id="s2_39" word="tecnologia" lemma="tecnologia" pos="n" morph="F S" sem="domain" extra="--"/>
			<t id="s2_40" word="gorilla" lemma="gorillo" pos="adj" morph="F S" extra="heur jh foreign np-close"/>
			<t id="s2_41" word="glass" lemma="glas" pos="n" morph="F P" extra="heur"/>
			<t id="s2_42" word="resistente" lemma="resistente" pos="adj" morph="M/F S" extra="nh"/>
			<t id="s2_43" word="a" lemma="a" pos="prp" morph="--" extra="--"/>
			<t id="s2_44" word="riscos" lemma="risco" pos="n" morph="M P" sem="ac ac-sign" extra="--"/>
			<t id="s2_45" word="a" lemma="o" pos="art" morph="F S" extra="--"/>
			<t id="s2_46" word="sua" lemma="seu" pos="pron-poss" morph="DET F S" extra="poss 3S"/>
			<t id="s2_47" word="navegação" lemma="navegação" pos="n" morph="F S" sem="act" extra="--"/>
			<t id="s2_48" word="em" lemma="em" pos="prp" morph="--" extra="sam- np-close"/>
			<t id="s2_49" word="a" lemma="o" pos="art" morph="F S" extra="-sam "/>
			<t id="s2_50" word="web" lemma="web" pos="n" morph="F S" sem="Lh" extra="--"/>
			<t id="s2_51" word="em" lemma="em" pos="prp" morph="--" extra="np-close"/>
			<t id="s2_52" word="3g" lemma="3g" pos="num" morph="M/F P" extra="card"/>
			<t id="s2_53" word="é" lemma="ser" pos="v-fin" morph="PR 3S IND VFIN" extra="cjt-STA vK fmc mv"/>
			<t id="s2_54" word="rápida" lemma="rápido" pos="adj" morph="F S" extra="adv jh"/>
			<t id="s2_55" word="com" lemma="com" pos="prp" morph="--" extra="--"/>
			<t id="s2_56" word="o" lemma="o" pos="art" morph="M S" extra="--"/>
			<t id="s2_57" word="uso" lemma="uso" pos="n" morph="M S" sem="act ac" extra="--"/>
			<t id="s2_58" word="de" lemma="de" pos="prp" morph="--" extra="sam- np-close"/>
			<t id="s2_59" word="as" lemma="o" pos="art" morph="F P" extra="-sam "/>
			<t id="s2_60" word="redes" lemma="rede" pos="n" morph="F P" sem="con HH furn Lh coll-sem" extra="--"/>
			<t id="s2_61" word="hsdpa" lemma="hsdpo" pos="adj" morph="F S" extra="heur jh foreign np-long"/>
			<t id="s2_62" word="e" lemma="e" pos="conj-c" morph="--" extra="--"/>
			<t id="s2_63" word="hsupa" lemma="hsupo" pos="adj" morph="F S" extra="heur jh np-close"/>
			<t id="s2_64" word="." lemma="--" pos="pu" morph="--" extra="--"/>
		</terminals>

		<nonterminals>
			<nt id="s2_500" cat="s">
				<edge label="UTT" idref="s2_501"/>
			</nt>
			<nt id="s2_501" cat="x">
				<edge label="UTT" idref="s2_3"/>
				<edge label="X" idref="s2_504"/>
				<edge label="PU" idref="s2_64"/>
			</nt>
			<nt id="s2_502" cat="fcl">
				<edge label="S" idref="s2_503"/>
			</nt>
			<nt id="s2_503" cat="np">
				<edge label="DN" idref="s2_1"/>
				<edge label="H" idref="s2_2"/>
			</nt>
			<nt id="s2_504" cat="par">
				<edge label="CJT" idref="s2_505"/>
				<edge label="PU" idref="s2_30"/>
				<edge label="CJT" idref="s2_521"/>
				<edge label="CJT" idref="s2_528"/>
			</nt>
			<nt id="s2_505" cat="x">
				<edge label="P" idref="s2_4"/>
				<edge label="Od" idref="s2_506"/>
				<edge label="S" idref="s2_12"/>
			</nt>
			<nt id="s2_506" cat="np">
				<edge label="DN" idref="s2_5"/>
				<edge label="H" idref="s2_6"/>
				<edge label="DN" idref="s2_507"/>
				<edge label="DN" idref="s2_508"/>
			</nt>
			<nt id="s2_507" cat="adjp">
				<edge label="DA" idref="s2_7"/>
				<edge label="H" idref="s2_8"/>
			</nt>
			<nt id="s2_508" cat="pp">
				<edge label="H" idref="s2_9"/>
				<edge label="DP" idref="s2_509"/>
			</nt>
			<nt id="s2_509" cat="np">
				<edge label="H" idref="s2_10"/>
				<edge label="DN" idref="s2_510"/>
			</nt>
			<nt id="s2_510" cat="np">
				<edge label="H" idref="s2_11"/>
				<edge label="DN" idref="s2_511"/>
			</nt>
			<nt id="s2_511" cat="fcl">
				<edge label="S" idref="s2_13"/>
				<edge label="fA" idref="s2_512"/>
				<edge label="fA" idref="s2_514"/>
				<edge label="fA" idref="s2_517"/>
				<edge label="P" idref="s2_27"/>
				<edge label="Cs" idref="s2_520"/>
			</nt>
			<nt id="s2_512" cat="pp">
				<edge label="H" idref="s2_14"/>
				<edge label="DP" idref="s2_513"/>
			</nt>
			<nt id="s2_513" cat="np">
				<edge label="DN" idref="s2_15"/>
				<edge label="DN" idref="s2_16"/>
				<edge label="H" idref="s2_17"/>
			</nt>
			<nt id="s2_514" cat="pp">
				<edge label="H" idref="s2_18"/>
				<edge label="DP" idref="s2_515"/>
			</nt>
			<nt id="s2_515" cat="np">
				<edge label="DN" idref="s2_19"/>
				<edge label="H" idref="s2_20"/>
				<edge label="DN" idref="s2_516"/>
			</nt>
			<nt id="s2_516" cat="pp">
				<edge label="H" idref="s2_21"/>
				<edge label="DP" idref="s2_22"/>
			</nt>
			<nt id="s2_517" cat="pp">
				<edge label="H" idref="s2_23"/>
				<edge label="DP" idref="s2_518"/>
			</nt>
			<nt id="s2_518" cat="np">
				<edge label="H" idref="s2_24"/>
				<edge label="DN" idref="s2_519"/>
			</nt>
			<nt id="s2_519" cat="pp">
				<edge label="H" idref="s2_25"/>
				<edge label="DP" idref="s2_26"/>
			</nt>
			<nt id="s2_520" cat="adjp">
				<edge label="DA" idref="s2_28"/>
				<edge label="H" idref="s2_29"/>
			</nt>
			<nt id="s2_521" cat="fcl">
				<edge label="S" idref="s2_31"/>
				<edge label="fA" idref="s2_32"/>
				<edge label="P" idref="s2_33"/>
				<edge label="Od" idref="s2_522"/>
			</nt>
			<nt id="s2_522" cat="np">
				<edge label="H" idref="s2_34"/>
				<edge label="DN" idref="s2_523"/>
			</nt>
			<nt id="s2_523" cat="pp">
				<edge label="H" idref="s2_35"/>
				<edge label="DP" idref="s2_524"/>
			</nt>
			<nt id="s2_524" cat="icl">
				<edge label="P" idref="s2_36"/>
				<edge label="Od" idref="s2_525"/>
				<edge label="fCs" idref="s2_42"/>
				<edge label="fA" idref="s2_529"/>
			</nt>
			<nt id="s2_525" cat="np">
				<edge label="H" idref="s2_37"/>
				<edge label="DN" idref="s2_526"/>
			</nt>
			<nt id="s2_526" cat="pp">
				<edge label="H" idref="s2_38"/>
				<edge label="DP" idref="s2_527"/>
			</nt>
			<nt id="s2_527" cat="np">
				<edge label="H" idref="s2_39"/>
				<edge label="DN" idref="s2_40"/>
			</nt>
			<nt id="s2_528" cat="fcl">
				<edge label="fCs" idref="s2_41"/>
				<edge label="S" idref="s2_530"/>
				<edge label="P" idref="s2_53"/>
				<edge label="Cs" idref="s2_54"/>
				<edge label="fA" idref="s2_534"/>
			</nt>
			<nt id="s2_529" cat="pp">
				<edge label="H" idref="s2_43"/>
				<edge label="DP" idref="s2_44"/>
			</nt>
			<nt id="s2_530" cat="np">
				<edge label="DN" idref="s2_45"/>
				<edge label="DN" idref="s2_46"/>
				<edge label="H" idref="s2_47"/>
				<edge label="DN" idref="s2_531"/>
			</nt>
			<nt id="s2_531" cat="pp">
				<edge label="H" idref="s2_48"/>
				<edge label="DP" idref="s2_532"/>
			</nt>
			<nt id="s2_532" cat="np">
				<edge label="DN" idref="s2_49"/>
				<edge label="H" idref="s2_50"/>
				<edge label="DN" idref="s2_533"/>
			</nt>
			<nt id="s2_533" cat="pp">
				<edge label="H" idref="s2_51"/>
				<edge label="DP" idref="s2_52"/>
			</nt>
			<nt id="s2_534" cat="pp">
				<edge label="H" idref="s2_55"/>
				<edge label="DP" idref="s2_535"/>
			</nt>
			<nt id="s2_535" cat="np">
				<edge label="DN" idref="s2_56"/>
				<edge label="H" idref="s2_57"/>
				<edge label="DN" idref="s2_536"/>
				<edge label="DN" idref="s2_61"/>
			</nt>
			<nt id="s2_536" cat="pp">
				<edge label="H" idref="s2_58"/>
				<edge label="DP" idref="s2_537"/>
			</nt>
			<nt id="s2_537" cat="np">
				<edge label="DN" idref="s2_59"/>
				<edge label="H" idref="s2_60"/>
				<edge label="DN" idref="s2_538"/>
			</nt>
			<nt id="s2_538" cat="adjp">
				<edge label="CO" idref="s2_62"/>
				<edge label="H" idref="s2_63"/>
			</nt>
		</nonterminals>
	</graph>
</s>

<s id="s3" ref="3" source="Running text" forest="1" text="o motorola defy mb525 tem wi-fi, gps, bluetooth e rádio fm.">
	<graph root="s3_500">
		<terminals>
			<t id="s3_1" word="o" lemma="o" pos="art" morph="M S" extra="--"/>
			<t id="s3_2" word="motorola" lemma="motorola" pos="n" morph="F S" sem="Aorn" extra="DERP"/>
			<t id="s3_3" word="defy" lemma="defy" pos="n" morph="M S" extra="foreign heur"/>
			<t id="s3_4" word="mb525" lemma="mb525" pos="n" morph="M S" extra="heur"/>
			<t id="s3_5" word="tem" lemma="ter" pos="v-fin" morph="PR 3S IND VFIN" extra="cjt-head cjt-head-STA fmc mv"/>
			<t id="s3_6" word="wi-fi" lemma="wi-fer" pos="v-fin" morph="PS 1S IND VFIN" extra="cjt-STA foreign heur fmc mv"/>
			<t id="s3_7" word="," lemma="--" pos="pu" morph="--" extra="--"/>
			<t id="s3_8" word="gps" lemma="gps" pos="n" morph="M S" extra="foreign heur"/>
			<t id="s3_9" word="," lemma="--" pos="pu" morph="--" extra="--"/>
			<t id="s3_10" word="bluetooth" lemma="bluetooth" pos="n" morph="M S" extra="cjt-head cjt-head-Od foreign heur"/>
			<t id="s3_11" word="e" lemma="e" pos="conj-c" morph="--" extra="--"/>
			<t id="s3_12" word="rádio" lemma="rádio" pos="n" morph="F S" sem="ac-cat" extra="cjt-Od foreign"/>
			<t id="s3_13" word="fm" lemma="fm" pos="n" morph="M/F S" extra="cjt-Od foreign"/>
			<t id="s3_14" word="." lemma="--" pos="pu" morph="--" extra="--"/>
		</terminals>

		<nonterminals>
			<nt id="s3_500" cat="s">
				<edge label="UTT" idref="s3_501"/>
			</nt>
			<nt id="s3_501" cat="x">
				<edge label="CJT" idref="s3_502"/>
				<edge label="STA" idref="s3_504"/>
				<edge label="CJT" idref="s3_505"/>
				<edge label="PU" idref="s3_14"/>
			</nt>
			<nt id="s3_502" cat="fcl">
				<edge label="S" idref="s3_503"/>
				<edge label="S" idref="s3_3"/>
				<edge label="S" idref="s3_4"/>
				<edge label="P" idref="s3_5"/>
				<edge label="P" idref="s3_6"/>
				<edge label="PU" idref="s3_7"/>
				<edge label="fCs" idref="s3_8"/>
				<edge label="PU" idref="s3_9"/>
				<edge label="Od" idref="s3_506"/>
				<edge label="CO" idref="s3_11"/>
			</nt>
			<nt id="s3_503" cat="np">
				<edge label="DN" idref="s3_1"/>
				<edge label="H" idref="s3_2"/>
			</nt>
			<nt id="s3_504" cat="par">
			</nt>
			<nt id="s3_505" cat="fcl">
			</nt>
			<nt id="s3_506" cat="par">
				<edge label="CJT" idref="s3_10"/>
				<edge label="CJT" idref="s3_12"/>
				<edge label="CJT" idref="s3_13"/>
			</nt>
		</nonterminals>
	</graph>
</s>

<s id="s4" ref="4" source="Running text" forest="1" text="é um smartphone android câmera de number megapixels com flash led, mas que grava vídeos em baixa resolução.">
	<graph root="s4_500">
		<terminals>
			<t id="s4_1" word="é" lemma="ser" pos="v-fin" morph="PR 3S IND VFIN" extra="predco predco vK fmc mv"/>
			<t id="s4_2" word="um" lemma="um" pos="art" morph="M S" extra="--"/>
			<t id="s4_3" word="smartphone" lemma="smartphone" pos="n" morph="M S" extra="heur foreign"/>
			<t id="s4_4" word="android" lemma="android" pos="n" morph="M S" extra="foreign heur"/>
			<t id="s4_5" word="câmera" lemma="c�=mera" pos="n" morph="F S" sem="tool" extra="--"/>
			<t id="s4_6" word="de" lemma="de" pos="prp" morph="--" extra="np-close"/>
			<t id="s4_7" word="number" lemma="number" pos="n" morph="M S" extra="heur"/>
			<t id="s4_8" word="megapixels" lemma="megapixel" pos="n" morph="M P" sem="unit" extra="DERP"/>
			<t id="s4_9" word="com" lemma="com" pos="prp" morph="--" extra="np-close"/>
			<t id="s4_10" word="flash" lemma="flash" pos="n" morph="M S" sem="tool" extra="--"/>
			<t id="s4_11" word="led" lemma="led" pos="n" morph="M S" sem="cc-light" extra="--"/>
			<t id="s4_12" word="," lemma="--" pos="pu" morph="--" extra="--"/>
			<t id="s4_13" word="mas" lemma="mas" pos="conj-c" morph="--" extra="--"/>
			<t id="s4_14" word="que" lemma="que" pos="spec" morph="M S" extra="clb rel"/>
			<t id="s4_15" word="grava" lemma="gravar" pos="v-fin" morph="PR 3S IND VFIN" extra="cjt-STA vH fmc mv"/>
			<t id="s4_16" word="vídeos" lemma="vídeo" pos="n" morph="M P" sem="sem-w" extra="--"/>
			<t id="s4_17" word="em" lemma="em" pos="prp" morph="--" extra="--"/>
			<t id="s4_18" word="baixa" lemma="baixo" pos="adj" morph="F S" extra="jh"/>
			<t id="s4_19" word="resolução" lemma="resolução" pos="n" morph="F S" sem="act" extra="--"/>
			<t id="s4_20" word="." lemma="--" pos="pu" morph="--" extra="--"/>
		</terminals>

		<nonterminals>
			<nt id="s4_500" cat="s">
				<edge label="STA" idref="s4_501"/>
			</nt>
			<nt id="s4_501" cat="fcl">
				<edge label="X" idref="s4_502"/>
				<edge label="PU" idref="s4_20"/>
			</nt>
			<nt id="s4_502" cat="par">
				<edge label="CJT" idref="s4_503"/>
				<edge label="S" idref="s4_505"/>
				<edge label="CJT" idref="s4_509"/>
			</nt>
			<nt id="s4_503" cat="x">
				<edge label="P" idref="s4_1"/>
				<edge label="Cs" idref="s4_504"/>
				<edge label="fCs" idref="s4_4"/>
			</nt>
			<nt id="s4_504" cat="np">
				<edge label="DN" idref="s4_2"/>
				<edge label="H" idref="s4_3"/>
				<edge label="H" idref="s4_5"/>
				<edge label="DN" idref="s4_506"/>
				<edge label="fCs" idref="s4_507"/>
				<edge label="fCs" idref="s4_11"/>
			</nt>
			<nt id="s4_505" cat="np">
			</nt>
			<nt id="s4_506" cat="pp">
				<edge label="H" idref="s4_6"/>
				<edge label="DP" idref="s4_7"/>
			</nt>
			<nt id="s4_507" cat="np">
				<edge label="H" idref="s4_8"/>
				<edge label="DN" idref="s4_508"/>
			</nt>
			<nt id="s4_508" cat="pp">
				<edge label="H" idref="s4_9"/>
				<edge label="DP" idref="s4_10"/>
			</nt>
			<nt id="s4_509" cat="fcl">
				<edge label="S" idref="s4_14"/>
				<edge label="P" idref="s4_15"/>
				<edge label="Od" idref="s4_16"/>
				<edge label="fA" idref="s4_510"/>
			</nt>
			<nt id="s4_510" cat="pp">
				<edge label="H" idref="s4_17"/>
				<edge label="DP" idref="s4_511"/>
			</nt>
			<nt id="s4_511" cat="np">
				<edge label="DN" idref="s4_18"/>
				<edge label="H" idref="s4_19"/>
			</nt>
		</nonterminals>
	</graph>
</s>

<s id="s5" ref="5" source="Running text" forest="1" text="o motorola defy tem pouca memória interna para armazenamento, mas com possibilidade de expansão através de cartões microsd.">
	<graph root="s5_500">
		<terminals>
			<t id="s5_1" word="o" lemma="o" pos="art" morph="M S" extra="--"/>
			<t id="s5_2" word="motorola" lemma="motorola" pos="n" morph="F S" sem="Aorn" extra="DERP"/>
			<t id="s5_3" word="defy" lemma="defy" pos="n" morph="M S" extra="foreign heur"/>
			<t id="s5_4" word="tem" lemma="ter" pos="v-fin" morph="PR 3S IND VFIN" extra="fmc mv"/>
			<t id="s5_5" word="pouca" lemma="pouco" pos="pron-indef" morph="DET F S" extra="quant"/>
			<t id="s5_6" word="memória_interna" lemma="memória_interna" pos="n" morph="F S" sem="Labs" extra="cjt-head cjt-head-Od"/>
			<t id="s5_7" word="para" lemma="para" pos="prp" morph="--" extra="--"/>
			<t id="s5_8" word="armazenamento" lemma="armazenamento" pos="n" morph="M S" sem="act" extra="--"/>
			<t id="s5_9" word="," lemma="--" pos="pu" morph="--" extra="--"/>
			<t id="s5_10" word="mas" lemma="mas" pos="conj-c" morph="--" extra="--"/>
			<t id="s5_11" word="com" lemma="com" pos="prp" morph="--" extra="--"/>
			<t id="s5_12" word="possibilidade" lemma="possibilidade" pos="n" morph="F S" sem="ac" extra="--"/>
			<t id="s5_13" word="de" lemma="de" pos="prp" morph="--" extra="np-close"/>
			<t id="s5_14" word="expansão" lemma="expansão" pos="n" morph="F S" sem="process" extra="--"/>
			<t id="s5_15" word="através" lemma="através" pos="adv" morph="--" extra="--"/>
			<t id="s5_16" word="de" lemma="de" pos="prp" morph="--" extra="--"/>
			<t id="s5_17" word="cartões" lemma="cartão" pos="n" morph="M P" sem="cm cc-r" extra="--"/>
			<t id="s5_18" word="microsd" lemma="microsd" pos="n" morph="M S" extra="cjt-Od heur"/>
			<t id="s5_19" word="." lemma="--" pos="pu" morph="--" extra="--"/>
		</terminals>

		<nonterminals>
			<nt id="s5_500" cat="s">
				<edge label="STA" idref="s5_501"/>
			</nt>
			<nt id="s5_501" cat="fcl">
				<edge label="S" idref="s5_502"/>
				<edge label="S" idref="s5_3"/>
				<edge label="P" idref="s5_4"/>
				<edge label="Od" idref="s5_503"/>
				<edge label="fA" idref="s5_505"/>
				<edge label="PU" idref="s5_9"/>
				<edge label="fA" idref="s5_506"/>
				<edge label="fA" idref="s5_509"/>
				<edge label="PU" idref="s5_19"/>
			</nt>
			<nt id="s5_502" cat="np">
				<edge label="DN" idref="s5_1"/>
				<edge label="H" idref="s5_2"/>
			</nt>
			<nt id="s5_503" cat="par">
				<edge label="CJT" idref="s5_504"/>
			</nt>
			<nt id="s5_504" cat="np">
				<edge label="DN" idref="s5_5"/>
				<edge label="H" idref="s5_6"/>
			</nt>
			<nt id="s5_505" cat="pp">
				<edge label="H" idref="s5_7"/>
				<edge label="DP" idref="s5_8"/>
			</nt>
			<nt id="s5_506" cat="pp">
				<edge label="DP" idref="s5_507"/>
				<edge label="H" idref="s5_11"/>
			</nt>
			<nt id="s5_507" cat="np">
				<edge label="DN" idref="s5_508"/>
				<edge label="H" idref="s5_12"/>
				<edge label="-DN" idref="s5_13"/>
			</nt>
			<nt id="s5_508" cat="pp">
				<edge label="CO" idref="s5_10"/>
				<edge label="DP" idref="s5_14"/>
			</nt>
			<nt id="s5_509" cat="advp">
				<edge label="H" idref="s5_15"/>
				<edge label="DA" idref="s5_510"/>
				<edge label="CJT" idref="s5_18"/>
			</nt>
			<nt id="s5_510" cat="pp">
				<edge label="H" idref="s5_16"/>
				<edge label="DP" idref="s5_17"/>
			</nt>
		</nonterminals>
	</graph>
</s>

<s id="s6" ref="6" source="Running text" forest="1" text="rediscagem de voz, gravador de voz, comando de voz, toques/ ringtone em polifônicos e personalizados seu navegador web é html e xhtml com flash player e java de suporta e mas sensores de acelerômetro, proximidade, bússola e luz ambiente as duas cores que são vendidos esses aparelhos e preto e branco e são inclusos cartão microsd 2 gb o mas motorola motoblur number e motorola crystaltalk plus que serve de interligar as contas de email e redes sociais no sistema do aparelho..">
	<graph root="s6_500">
		<terminals>
			<t id="s6_1" word="rediscagem" lemma="rediscagem" pos="n" morph="F S" sem="act" extra="DERP"/>
			<t id="s6_2" word="de" lemma="de" pos="prp" morph="--" extra="np-close"/>
			<t id="s6_3" word="voz" lemma="voz" pos="n" morph="F S" sem="f-h percep-l ac-cat" extra="--"/>
			<t id="s6_4" word="," lemma="--" pos="pu" morph="--" extra="--"/>
			<t id="s6_5" word="gravador" lemma="gravador" pos="n" morph="M S" sem="Hprof" extra="--"/>
			<t id="s6_6" word="de" lemma="de" pos="prp" morph="--" extra="np-close"/>
			<t id="s6_7" word="voz" lemma="voz" pos="n" morph="F S" sem="f-h percep-l ac-cat" extra="--"/>
			<t id="s6_8" word="," lemma="--" pos="pu" morph="--" extra="--"/>
			<t id="s6_9" word="comando" lemma="comando" pos="n" morph="M S" sem="act-s activity HH" extra="--"/>
			<t id="s6_10" word="de" lemma="de" pos="prp" morph="--" extra="np-close"/>
			<t id="s6_11" word="voz" lemma="voz" pos="n" morph="F S" sem="f-h percep-l ac-cat" extra="cjt-head cjt-head-DP"/>
			<t id="s6_12" word="," lemma="--" pos="pu" morph="--" extra="--"/>
			<t id="s6_13" word="toques" lemma="toque" pos="n" morph="M P" sem="act-d percep-l" extra="cjt-DP"/>
			<t id="s6_14" word="/" lemma="$/" pos="conj-c" morph="--" extra="co-prparg"/>
			<t id="s6_15" word="ringtone" lemma="ringtone" pos="n" morph="M S" extra="cjt-DP heur foreign"/>
			<t id="s6_16" word="em" lemma="em" pos="prp" morph="--" extra="np-close"/>
			<t id="s6_17" word="polifônicos" lemma="polifônico" pos="adj" morph="M P" extra="cjt-head cjt-head-DP nh"/>
			<t id="s6_18" word="e" lemma="e" pos="conj-c" morph="--" extra="--"/>
			<t id="s6_19" word="personalizados" lemma="personalizar" pos="v-pcp" morph="M P" extra="cjt-DP vH jh"/>
			<t id="s6_20" word="seu" lemma="seu" pos="pron-poss" morph="DET M S" extra="poss 3S"/>
			<t id="s6_21" word="navegador" lemma="navegador" pos="n" morph="M S" sem="Hprof" extra="cjt-DP"/>
			<t id="s6_22" word="web" lemma="web" pos="n" morph="F S" extra="newlex"/>
			<t id="s6_23" word="é" lemma="ser" pos="v-fin" morph="PR 3S IND VFIN" extra="cjt-head cjt-head-STA vK fmc mv"/>
			<t id="s6_24" word="html" lemma="html" pos="adj" morph="F S" extra="nh"/>
			<t id="s6_25" word="e" lemma="e" pos="conj-c" morph="--" extra="--"/>
			<t id="s6_26" word="xhtml" lemma="xhtml" pos="n" morph="M S" extra="foreign heur"/>
			<t id="s6_27" word="com" lemma="com" pos="prp" morph="--" extra="np-close"/>
			<t id="s6_28" word="flash" lemma="flash" pos="n" morph="M S" sem="tool" extra="--"/>
			<t id="s6_29" word="player" lemma="player" pos="n" morph="M S" sem="tool" extra="--"/>
			<t id="s6_30" word="e" lemma="e" pos="conj-c" morph="--" extra="--"/>
			<t id="s6_31" word="java" lemma="javo" pos="adj" morph="F S" extra="n heur jh"/>
			<t id="s6_32" word="de" lemma="de" pos="prp" morph="--" extra="np-close"/>
			<t id="s6_33" word="suporta" lemma="suportar" pos="v-fin" morph="PR 3S IND VFIN" extra="cjt-STA fmc mv"/>
			<t id="s6_34" word="e" lemma="e" pos="conj-c" morph="--" extra="--"/>
			<t id="s6_35" word="mas" lemma="mas" pos="conj-c" morph="--" extra="--"/>
			<t id="s6_36" word="sensores" lemma="sensor" pos="n" morph="M P" sem="tool part-mach" extra="cjt-head cjt-head-Od"/>
			<t id="s6_37" word="de" lemma="de" pos="prp" morph="--" extra="np-close"/>
			<t id="s6_38" word="acelerômetro" lemma="acelerômetro" pos="n" morph="M S" extra="cjt-head cjt-head-DP DERS"/>
			<t id="s6_39" word="," lemma="--" pos="pu" morph="--" extra="--"/>
			<t id="s6_40" word="proximidade" lemma="proximidade" pos="n" morph="F S" sem="am L" extra="cjt-DP"/>
			<t id="s6_41" word="," lemma="--" pos="pu" morph="--" extra="--"/>
			<t id="s6_42" word="bússola" lemma="bússola" pos="n" morph="F S" sem="tool" extra="cjt-DP"/>
			<t id="s6_43" word="e" lemma="e" pos="conj-c" morph="--" extra="--"/>
			<t id="s6_44" word="luz" lemma="luz" pos="n" morph="F S" sem="am cc-light" extra="cjt-DP"/>
			<t id="s6_45" word="ambiente" lemma="ambiente" pos="adj" morph="F S" extra="nh np-close"/>
			<t id="s6_46" word="as" lemma="o" pos="art" morph="F P" extra="--"/>
			<t id="s6_47" word="duas" lemma="dois" pos="num" morph="F P" extra="card"/>
			<t id="s6_48" word="cores" lemma="cor" pos="n" morph="F P" sem="f-c" extra="cjt-Od"/>
			<t id="s6_49" word="que" lemma="que" pos="spec" morph="M S" extra="clb clb-fs rel"/>
			<t id="s6_50" word="são" lemma="ser" pos="v-fin" morph="PR 3P IND VFIN" extra="aux np-close"/>
			<t id="s6_51" word="vendidos" lemma="vender" pos="v-pcp" morph="M P" extra="vH mv"/>
			<t id="s6_52" word="esses" lemma="esse" pos="pron-dem" morph="DET M P" extra="dem"/>
			<t id="s6_53" word="aparelhos" lemma="aparelho" pos="n" morph="M P" sem="tool" extra="cjt-head cjt-head-S"/>
			<t id="s6_54" word="e" lemma="e" pos="conj-c" morph="--" extra="--"/>
			<t id="s6_55" word="preto" lemma="preto" pos="adj" morph="M S" sem="col" extra="cjt-S jh"/>
			<t id="s6_56" word="e" lemma="e" pos="conj-c" morph="--" extra="--"/>
			<t id="s6_57" word="branco" lemma="branco" pos="adj" morph="M S" sem="col" extra="cjt-S jh"/>
			<t id="s6_58" word="e" lemma="e" pos="conj-c" morph="--" extra="--"/>
			<t id="s6_59" word="são" lemma="ser" pos="v-fin" morph="PR 3P IND VFIN" extra="fmc aux np-close"/>
			<t id="s6_60" word="inclusos" lemma="incluir" pos="v-pcp" morph="M P" extra="mv"/>
			<t id="s6_61" word="cartão" lemma="cartão" pos="n" morph="M S" sem="cm cc-r" extra="--"/>
			<t id="s6_62" word="microsd" lemma="microsd" pos="n" morph="M S" extra="heur"/>
			<t id="s6_63" word="2" lemma="2" pos="num" morph="M/F P" extra="card"/>
			<t id="s6_64" word="gb" lemma="gb" pos="n" morph="M/F S" extra="cjt-head cjt-head-S foreign"/>
			<t id="s6_65" word="o" lemma="o" pos="art" morph="M S" extra="--"/>
			<t id="s6_66" word="mas" lemma="mas" pos="conj-c" morph="--" extra="--"/>
			<t id="s6_67" word="motorola" lemma="motorola" pos="n" morph="F S" sem="Aorn" extra="cjt-Od DERP"/>
			<t id="s6_68" word="motoblur" lemma="motoblur" pos="n" morph="M S" extra="cjt-S heur"/>
			<t id="s6_69" word="number" lemma="number" pos="v-inf" morph="3S" extra="heur mv"/>
			<t id="s6_70" word="e" lemma="e" pos="conj-c" morph="--" extra="--"/>
			<t id="s6_71" word="motorola" lemma="motorola" pos="n" morph="F S" sem="Aorn" extra="cjt-head cjt-head-Od DERP"/>
			<t id="s6_72" word="crystaltalk" lemma="crystaltalk" pos="n" morph="M S" extra="cjt-Od foreign heur"/>
			<t id="s6_73" word="plus" lemma="plu" pos="n" morph="M P" extra="cjt-Od heur"/>
			<t id="s6_74" word="que" lemma="que" pos="spec" morph="M S" extra="clb clb-fs rel"/>
			<t id="s6_75" word="serve" lemma="servir" pos="v-fin" morph="PR 3S IND VFIN" extra="mv np-close"/>
			<t id="s6_76" word="de" lemma="de" pos="prp" morph="--" extra="--"/>
			<t id="s6_77" word="interligar" lemma="interligar" pos="v-inf" morph="--" extra="vH mv"/>
			<t id="s6_78" word="as" lemma="o" pos="art" morph="F P" extra="--"/>
			<t id="s6_79" word="contas" lemma="conta" pos="n" morph="F P" sem="sem-c sem-r con cc domain" extra="cjt-head cjt-head-Od"/>
			<t id="s6_80" word="de" lemma="de" pos="prp" morph="--" extra="np-close"/>
			<t id="s6_81" word="email" lemma="email" pos="n" morph="M S" sem="sem-r" extra="--"/>
			<t id="s6_82" word="e" lemma="e" pos="conj-c" morph="--" extra="--"/>
			<t id="s6_83" word="redes" lemma="rede" pos="n" morph="F P" sem="con HH furn Lh coll-sem" extra="cjt-Od"/>
			<t id="s6_84" word="sociais" lemma="social" pos="adj" morph="F P" extra="jh np-close"/>
			<t id="s6_85" word="em" lemma="em" pos="prp" morph="--" extra="sam-"/>
			<t id="s6_86" word="o" lemma="o" pos="art" morph="M S" extra="-sam "/>
			<t id="s6_87" word="sistema" lemma="sistema" pos="n" morph="M S" sem="ac" extra="--"/>
			<t id="s6_88" word="de" lemma="de" pos="prp" morph="--" extra="sam- np-close"/>
			<t id="s6_89" word="o" lemma="o" pos="art" morph="M S" extra="-sam "/>
			<t id="s6_90" word="aparelho" lemma="aparelho" pos="n" morph="M S" sem="tool" extra="--"/>
			<t id="s6_91" word="." lemma="--" pos="pu" morph="--" extra="--"/>
			<t id="s6_92" word="." lemma="--" pos="pu" morph="--" extra="--"/>
		</terminals>

		<nonterminals>
			<nt id="s6_500" cat="s">
				<edge label="STA" idref="s6_501"/>
			</nt>
			<nt id="s6_501" cat="par">
				<edge label="CJT" idref="s6_502"/>
				<edge label="CJT" idref="s6_514"/>
				<edge label="PU" idref="s6_91"/>
				<edge label="PU" idref="s6_92"/>
			</nt>
			<nt id="s6_502" cat="fcl">
				<edge label="S" idref="s6_503"/>
				<edge label="PU" idref="s6_4"/>
				<edge label="fCs" idref="s6_505"/>
				<edge label="PU" idref="s6_8"/>
				<edge label="S" idref="s6_507"/>
				<edge label="S" idref="s6_22"/>
				<edge label="P" idref="s6_23"/>
				<edge label="Cs" idref="s6_24"/>
			</nt>
			<nt id="s6_503" cat="np">
				<edge label="H" idref="s6_1"/>
				<edge label="DN" idref="s6_504"/>
			</nt>
			<nt id="s6_504" cat="pp">
				<edge label="H" idref="s6_2"/>
				<edge label="DP" idref="s6_3"/>
			</nt>
			<nt id="s6_505" cat="np">
				<edge label="H" idref="s6_5"/>
				<edge label="DN" idref="s6_506"/>
			</nt>
			<nt id="s6_506" cat="pp">
				<edge label="H" idref="s6_6"/>
				<edge label="DP" idref="s6_7"/>
			</nt>
			<nt id="s6_507" cat="np">
				<edge label="H" idref="s6_9"/>
				<edge label="DN" idref="s6_508"/>
			</nt>
			<nt id="s6_508" cat="pp">
				<edge label="H" idref="s6_10"/>
				<edge label="DP" idref="s6_509"/>
			</nt>
			<nt id="s6_509" cat="par">
				<edge label="CJT" idref="s6_11"/>
				<edge label="PU" idref="s6_12"/>
				<edge label="CJT" idref="s6_13"/>
				<edge label="CO" idref="s6_14"/>
				<edge label="CJT" idref="s6_510"/>
			</nt>
			<nt id="s6_510" cat="np">
				<edge label="H" idref="s6_15"/>
				<edge label="DN" idref="s6_511"/>
			</nt>
			<nt id="s6_511" cat="pp">
				<edge label="H" idref="s6_16"/>
				<edge label="DP" idref="s6_512"/>
			</nt>
			<nt id="s6_512" cat="par">
				<edge label="CJT" idref="s6_17"/>
				<edge label="CO" idref="s6_18"/>
				<edge label="CJT" idref="s6_19"/>
				<edge label="CJT" idref="s6_513"/>
			</nt>
			<nt id="s6_513" cat="np">
				<edge label="DN" idref="s6_20"/>
				<edge label="H" idref="s6_21"/>
			</nt>
			<nt id="s6_514" cat="fcl">
				<edge label="S" idref="s6_515"/>
				<edge label="S" idref="s6_517"/>
				<edge label="S" idref="s6_31"/>
				<edge label="P" idref="s6_33"/>
				<edge label="Od" idref="s6_519"/>
			</nt>
			<nt id="s6_515" cat="np">
				<edge label="DN" idref="s6_516"/>
				<edge label="H" idref="s6_26"/>
				<edge label="-DN" idref="s6_27"/>
			</nt>
			<nt id="s6_516" cat="pp">
				<edge label="CO" idref="s6_25"/>
				<edge label="DP" idref="s6_28"/>
			</nt>
			<nt id="s6_517" cat="np">
				<edge label="H" idref="s6_29"/>
				<edge label="DN" idref="s6_518"/>
			</nt>
			<nt id="s6_518" cat="pp">
				<edge label="CO" idref="s6_30"/>
				<edge label="H" idref="s6_32"/>
			</nt>
			<nt id="s6_519" cat="par">
				<edge label="CJT" idref="s6_520"/>
				<edge label="CJT" idref="s6_525"/>
			</nt>
			<nt id="s6_520" cat="np">
				<edge label="DN" idref="s6_521"/>
				<edge label="H" idref="s6_36"/>
				<edge label="-DN" idref="s6_37"/>
			</nt>
			<nt id="s6_521" cat="pp">
				<edge label="CO" idref="s6_34"/>
				<edge label="CO" idref="s6_35"/>
				<edge label="DP" idref="s6_522"/>
			</nt>
			<nt id="s6_522" cat="par">
				<edge label="CJT" idref="s6_38"/>
				<edge label="PU" idref="s6_39"/>
				<edge label="CJT" idref="s6_40"/>
				<edge label="PU" idref="s6_41"/>
				<edge label="CJT" idref="s6_42"/>
				<edge label="CJT" idref="s6_523"/>
			</nt>
			<nt id="s6_523" cat="np">
				<edge label="DN" idref="s6_524"/>
				<edge label="H" idref="s6_44"/>
				<edge label="-DN" idref="s6_45"/>
			</nt>
			<nt id="s6_524" cat="adjp">
				<edge label="CO" idref="s6_43"/>
			</nt>
			<nt id="s6_525" cat="np">
				<edge label="DN" idref="s6_46"/>
				<edge label="DN" idref="s6_47"/>
				<edge label="H" idref="s6_48"/>
				<edge label="DN" idref="s6_526"/>
			</nt>
			<nt id="s6_526" cat="fcl">
				<edge label="S" idref="s6_49"/>
				<edge label="P" idref="s6_527"/>
				<edge label="S" idref="s6_528"/>
				<edge label="Od" idref="s6_62"/>
			</nt>
			<nt id="s6_527" cat="vp">
				<edge label="Vaux" idref="s6_50"/>
				<edge label="Vm" idref="s6_51"/>
			</nt>
			<nt id="s6_528" cat="par">
				<edge label="CJT" idref="s6_529"/>
				<edge label="CO" idref="s6_54"/>
				<edge label="CJT" idref="s6_55"/>
				<edge label="CO" idref="s6_56"/>
				<edge label="CJT" idref="s6_57"/>
				<edge label="CO" idref="s6_58"/>
				<edge label="CO" idref="s6_66"/>
				<edge label="CO" idref="s6_70"/>
			</nt>
			<nt id="s6_529" cat="np">
				<edge label="DN" idref="s6_52"/>
				<edge label="H" idref="s6_53"/>
				<edge label="DN" idref="s6_530"/>
			</nt>
			<nt id="s6_530" cat="fcl">
				<edge label="P" idref="s6_531"/>
				<edge label="Cs" idref="s6_61"/>
				<edge label="Od" idref="s6_532"/>
			</nt>
			<nt id="s6_531" cat="vp">
				<edge label="Vaux" idref="s6_59"/>
				<edge label="Vm" idref="s6_60"/>
			</nt>
			<nt id="s6_532" cat="fcl">
				<edge label="S" idref="s6_533"/>
				<edge label="P" idref="s6_69"/>
				<edge label="Od" idref="s6_536"/>
			</nt>
			<nt id="s6_533" cat="par">
				<edge label="CJT" idref="s6_534"/>
				<edge label="CJT" idref="s6_535"/>
				<edge label="CJT" idref="s6_68"/>
			</nt>
			<nt id="s6_534" cat="np">
				<edge label="DN" idref="s6_63"/>
				<edge label="H" idref="s6_64"/>
			</nt>
			<nt id="s6_535" cat="np">
				<edge label="DN" idref="s6_65"/>
				<edge label="H" idref="s6_67"/>
			</nt>
			<nt id="s6_536" cat="par">
				<edge label="CJT" idref="s6_71"/>
				<edge label="CJT" idref="s6_72"/>
				<edge label="CJT" idref="s6_537"/>
			</nt>
			<nt id="s6_537" cat="np">
				<edge label="H" idref="s6_73"/>
				<edge label="DN" idref="s6_538"/>
			</nt>
			<nt id="s6_538" cat="fcl">
				<edge label="Od" idref="s6_74"/>
				<edge label="P" idref="s6_75"/>
				<edge label="Cs" idref="s6_539"/>
			</nt>
			<nt id="s6_539" cat="pp">
				<edge label="H" idref="s6_76"/>
				<edge label="DP" idref="s6_540"/>
			</nt>
			<nt id="s6_540" cat="icl">
				<edge label="P" idref="s6_77"/>
				<edge label="Od" idref="s6_541"/>
				<edge label="fA" idref="s6_546"/>
			</nt>
			<nt id="s6_541" cat="par">
				<edge label="CJT" idref="s6_542"/>
				<edge label="CJT" idref="s6_544"/>
			</nt>
			<nt id="s6_542" cat="np">
				<edge label="DN" idref="s6_78"/>
				<edge label="H" idref="s6_79"/>
				<edge label="DN" idref="s6_543"/>
			</nt>
			<nt id="s6_543" cat="pp">
				<edge label="H" idref="s6_80"/>
				<edge label="DP" idref="s6_81"/>
			</nt>
			<nt id="s6_544" cat="np">
				<edge label="DN" idref="s6_545"/>
				<edge label="H" idref="s6_83"/>
				<edge label="-DN" idref="s6_84"/>
			</nt>
			<nt id="s6_545" cat="adjp">
				<edge label="CO" idref="s6_82"/>
			</nt>
			<nt id="s6_546" cat="pp">
				<edge label="H" idref="s6_85"/>
				<edge label="DP" idref="s6_547"/>
			</nt>
			<nt id="s6_547" cat="np">
				<edge label="DN" idref="s6_86"/>
				<edge label="H" idref="s6_87"/>
				<edge label="DN" idref="s6_548"/>
			</nt>
			<nt id="s6_548" cat="pp">
				<edge label="H" idref="s6_88"/>
				<edge label="DP" idref="s6_549"/>
			</nt>
			<nt id="s6_549" cat="np">
				<edge label="DN" idref="s6_89"/>
				<edge label="H" idref="s6_90"/>
			</nt>
		</nonterminals>
	</graph>
</s>

	</body>
</corpus>
