<?xml version="1.0" encoding="UTF-8"?>
<corpus>

	<body>
<s id="s1" ref="1" source="Running text" forest="1" text="ainda não tenho, mais pretendo compraz- lo logo.">
	<graph root="s1_500">
		<terminals>
			<t id="s1_1" word="ainda" lemma="ainda" pos="adv" morph="--" extra="--"/>
			<t id="s1_2" word="não" lemma="não" pos="adv" morph="--" extra="--"/>
			<t id="s1_3" word="tenho" lemma="ter" pos="v-fin" morph="PR 1S IND VFIN" extra="nosubj nosubj cjt-head cjt-head-STA fmc mv"/>
			<t id="s1_4" word="," lemma="--" pos="pu" morph="--" extra="--"/>
			<t id="s1_5" word="mais" lemma="muito" pos="pron-indef" morph="DET M/F S/P" extra="quant KOMP"/>
			<t id="s1_6" word="pretendo" lemma="pretender" pos="v-fin" morph="PR 1S IND VFIN" extra="cjt-STA vH fmc mv"/>
			<t id="s1_7" word="compraz-" lemma="comprazer" pos="v-fin" morph="PR 3S IND VFIN" extra="clb-fs hyfen vH mv"/>
			<t id="s1_8" word="lo" lemma="ele" pos="pron-pers" morph="M 3S ACC" extra="--"/>
			<t id="s1_9" word="logo" lemma="logo" pos="adv" morph="--" extra="kc"/>
			<t id="s1_10" word="." lemma="--" pos="pu" morph="--" extra="--"/>
		</terminals>

		<nonterminals>
			<nt id="s1_500" cat="s">
				<edge label="STA" idref="s1_501"/>
			</nt>
			<nt id="s1_501" cat="par">
				<edge label="CJT" idref="s1_502"/>
				<edge label="PU" idref="s1_4"/>
				<edge label="CJT" idref="s1_504"/>
				<edge label="PU" idref="s1_10"/>
			</nt>
			<nt id="s1_502" cat="fcl">
				<edge label="fA" idref="s1_503"/>
				<edge label="P" idref="s1_3"/>
			</nt>
			<nt id="s1_503" cat="advp">
				<edge label="DA" idref="s1_1"/>
				<edge label="H" idref="s1_2"/>
			</nt>
			<nt id="s1_504" cat="fcl">
				<edge label="S" idref="s1_5"/>
				<edge label="P" idref="s1_6"/>
				<edge label="Od" idref="s1_505"/>
			</nt>
			<nt id="s1_505" cat="fcl">
				<edge label="P" idref="s1_7"/>
				<edge label="Od" idref="s1_8"/>
				<edge label="fA" idref="s1_9"/>
			</nt>
		</nonterminals>
	</graph>
</s>

<s id="s2" ref="2" source="Running text" forest="1" text="por o que dizem é um aparelho muito bom!.">
	<graph root="s2_500">
		<terminals>
			<t id="s2_1" word="por" lemma="por" pos="prp" morph="--" extra="sam-"/>
			<t id="s2_2" word="o" lemma="o" pos="pron-indef" morph="DET M S" extra="-sam"/>
			<t id="s2_3" word="que" lemma="que" pos="spec" morph="M S" extra="clb clb-fs rel"/>
			<t id="s2_4" word="dizem" lemma="dizer" pos="v-fin" morph="PR 3P IND VFIN" extra="vH mv np-close"/>
			<t id="s2_5" word="é" lemma="ser" pos="v-fin" morph="PR 3S IND VFIN" extra="vK fmc mv"/>
			<t id="s2_6" word="um" lemma="um" pos="art" morph="M S" extra="--"/>
			<t id="s2_7" word="aparelho" lemma="aparelho" pos="n" morph="M S" sem="tool" extra="--"/>
			<t id="s2_8" word="muito" lemma="muito" pos="adv" morph="--" extra="quant"/>
			<t id="s2_9" word="bom" lemma="bom" pos="adj" morph="M S" extra="--"/>
			<t id="s2_10" word="!" lemma="--" pos="pu" morph="--" extra="--"/>
			<t id="s2_11" word="." lemma="--" pos="pu" morph="--" extra="--"/>
		</terminals>

		<nonterminals>
			<nt id="s2_500" cat="s">
				<edge label="UTT" idref="s2_501"/>
			</nt>
			<nt id="s2_501" cat="x">
				<edge label="DN" idref="s2_504"/>
				<edge label="Od" idref="s2_3"/>
				<edge label="P" idref="s2_4"/>
				<edge label="P" idref="s2_5"/>
				<edge label="Cs" idref="s2_505"/>
				<edge label="fCs" idref="s2_506"/>
				<edge label="PU" idref="s2_10"/>
				<edge label="PU" idref="s2_11"/>
			</nt>
			<nt id="s2_502" cat="fcl">
				<edge label="fA" idref="s2_503"/>
			</nt>
			<nt id="s2_503" cat="pp">
				<edge label="H" idref="s2_1"/>
				<edge label="DP" idref="s2_2"/>
			</nt>
			<nt id="s2_504" cat="fcl">
			</nt>
			<nt id="s2_505" cat="np">
				<edge label="DN" idref="s2_6"/>
				<edge label="H" idref="s2_7"/>
			</nt>
			<nt id="s2_506" cat="adjp">
				<edge label="DA" idref="s2_8"/>
				<edge label="H" idref="s2_9"/>
			</nt>
		</nonterminals>
	</graph>
</s>

	</body>
</corpus>
