<?xml version="1.0" encoding="UTF-8"?>
<corpus>

	<body>
<s id="s1" ref="1" source="Running text" forest="1" text="é um produto intermediário não concorre com aparelhar de maior valor mas se sai bem para categoria.">
	<graph root="s1_500">
		<terminals>
			<t id="s1_1" word="é" lemma="ser" pos="v-fin" morph="PR 3S IND VFIN" extra="nosubj nosubj nosubj nosubj cjt-head cjt-head-STA vK fmc mv"/>
			<t id="s1_2" word="um" lemma="um" pos="art" morph="M S" extra="--"/>
			<t id="s1_3" word="produto" lemma="produto" pos="n" morph="M S" sem="cc-h mon ac-cat" extra="--"/>
			<t id="s1_4" word="intermediário" lemma="intermediário" pos="adj" morph="M S" extra="nh np-close"/>
			<t id="s1_5" word="não" lemma="não" pos="adv" morph="--" extra="--"/>
			<t id="s1_6" word="concorre" lemma="concorrer" pos="v-fin" morph="PR 3S IND VFIN" extra="nosubj nosubj cjt-STA vH fmc mv"/>
			<t id="s1_7" word="com" lemma="com" pos="prp" morph="--" extra="--"/>
			<t id="s1_8" word="aparelhar" lemma="aparelhar" pos="v-inf" morph="--" extra="vH mv"/>
			<t id="s1_9" word="de" lemma="de" pos="prp" morph="--" extra="--"/>
			<t id="s1_10" word="maior" lemma="grande" pos="adj" morph="M S" extra="KOMP"/>
			<t id="s1_11" word="valor" lemma="valor" pos="n" morph="M S" sem="am ac unit" extra="--"/>
			<t id="s1_12" word="mas" lemma="mas" pos="conj-c" morph="--" extra="--"/>
			<t id="s1_13" word="se" lemma="se" pos="pron-pers" morph="M/F 3S/P ACC" extra="--"/>
			<t id="s1_14" word="sai" lemma="sair" pos="v-fin" morph="PR 3S IND VFIN" extra="cjt-STA fmc mv"/>
			<t id="s1_15" word="bem" lemma="bem" pos="adv" morph="--" extra="quant"/>
			<t id="s1_16" word="para" lemma="para" pos="prp" morph="--" extra="--"/>
			<t id="s1_17" word="categoria" lemma="categoria" pos="n" morph="F S" sem="ac" extra="--"/>
			<t id="s1_18" word="." lemma="--" pos="pu" morph="--" extra="--"/>
		</terminals>

		<nonterminals>
			<nt id="s1_500" cat="s">
				<edge label="STA" idref="s1_501"/>
			</nt>
			<nt id="s1_501" cat="par">
				<edge label="CJT" idref="s1_502"/>
				<edge label="CJT" idref="s1_504"/>
				<edge label="CJT" idref="s1_509"/>
				<edge label="PU" idref="s1_18"/>
			</nt>
			<nt id="s1_502" cat="fcl">
				<edge label="P" idref="s1_1"/>
				<edge label="Cs" idref="s1_503"/>
			</nt>
			<nt id="s1_503" cat="np">
				<edge label="DN" idref="s1_2"/>
				<edge label="H" idref="s1_3"/>
				<edge label="DN" idref="s1_4"/>
			</nt>
			<nt id="s1_504" cat="x">
				<edge label="fA" idref="s1_5"/>
				<edge label="P" idref="s1_6"/>
				<edge label="fA" idref="s1_505"/>
			</nt>
			<nt id="s1_505" cat="pp">
				<edge label="H" idref="s1_7"/>
				<edge label="DP" idref="s1_506"/>
			</nt>
			<nt id="s1_506" cat="icl">
				<edge label="P" idref="s1_8"/>
				<edge label="fA" idref="s1_507"/>
			</nt>
			<nt id="s1_507" cat="pp">
				<edge label="H" idref="s1_9"/>
				<edge label="DP" idref="s1_508"/>
			</nt>
			<nt id="s1_508" cat="np">
				<edge label="DN" idref="s1_10"/>
				<edge label="H" idref="s1_11"/>
				<edge label="CO" idref="s1_12"/>
			</nt>
			<nt id="s1_509" cat="fcl">
				<edge label="S" idref="s1_13"/>
				<edge label="P" idref="s1_14"/>
				<edge label="fA" idref="s1_15"/>
				<edge label="fA" idref="s1_510"/>
			</nt>
			<nt id="s1_510" cat="pp">
				<edge label="H" idref="s1_16"/>
				<edge label="DP" idref="s1_17"/>
			</nt>
		</nonterminals>
	</graph>
</s>

	</body>
</corpus>
