<?xml version="1.0" encoding="UTF-8"?>
<corpus>

	<body>
<s id="s1" ref="1" source="Running text" forest="1" text="este produto realmente é um celular duradouro, resistente e muito funcional.">
	<graph root="s1_500">
		<terminals>
			<t id="s1_1" word="este" lemma="este" pos="pron-dem" morph="DET M S" extra="dem"/>
			<t id="s1_2" word="produto" lemma="produto" pos="n" morph="M S" sem="cc-h mon ac-cat" extra="--"/>
			<t id="s1_3" word="realmente" lemma="realmente" pos="adv" morph="--" extra="--"/>
			<t id="s1_4" word="é" lemma="ser" pos="v-fin" morph="PR 3S IND VFIN" extra="vK fmc mv"/>
			<t id="s1_5" word="um" lemma="um" pos="art" morph="M S" extra="--"/>
			<t id="s1_6" word="celular" lemma="celular" pos="adj" morph="M S" extra="n nh"/>
			<t id="s1_7" word="duradouro" lemma="duradouro" pos="adj" morph="M S" extra="nh np-close"/>
			<t id="s1_8" word="," lemma="--" pos="pu" morph="--" extra="--"/>
			<t id="s1_9" word="resistente" lemma="resistente" pos="adj" morph="M S" extra="nh np-long"/>
			<t id="s1_10" word="e" lemma="e" pos="conj-c" morph="--" extra="--"/>
			<t id="s1_11" word="muito" lemma="muito" pos="adv" morph="--" extra="quant"/>
			<t id="s1_12" word="funcional" lemma="funcional" pos="adj" morph="M S" extra="nh np-close"/>
			<t id="s1_13" word="." lemma="--" pos="pu" morph="--" extra="--"/>
		</terminals>

		<nonterminals>
			<nt id="s1_500" cat="s">
				<edge label="STA" idref="s1_501"/>
			</nt>
			<nt id="s1_501" cat="fcl">
				<edge label="S" idref="s1_502"/>
				<edge label="fA" idref="s1_3"/>
				<edge label="P" idref="s1_4"/>
				<edge label="Cs" idref="s1_503"/>
				<edge label="PU" idref="s1_13"/>
			</nt>
			<nt id="s1_502" cat="np">
				<edge label="DN" idref="s1_1"/>
				<edge label="H" idref="s1_2"/>
				<edge label="DN" idref="s1_7"/>
				<edge label="PU" idref="s1_8"/>
				<edge label="DN" idref="s1_9"/>
				<edge label="DN" idref="s1_504"/>
			</nt>
			<nt id="s1_503" cat="np">
				<edge label="DN" idref="s1_5"/>
				<edge label="H" idref="s1_6"/>
			</nt>
			<nt id="s1_504" cat="adjp">
				<edge label="CO" idref="s1_10"/>
				<edge label="DA" idref="s1_11"/>
				<edge label="H" idref="s1_12"/>
			</nt>
		</nonterminals>
	</graph>
</s>

<s id="s2" ref="2" source="Running text" forest="1" text="as críticas que tenho a fazer, diz respeito � duração da bateria, pois quando você faz uso de aplicativos, como jogos, aplicativos ligados a redes sociais, softwares de empresas e etc.,">
	<graph root="s2_500">
		<terminals>
			<t id="s2_1" word="as" lemma="o" pos="art" morph="F P" extra="--"/>
			<t id="s2_2" word="críticas" lemma="crítica" pos="n" morph="F P" sem="act-s" extra="--"/>
			<t id="s2_3" word="que" lemma="que" pos="spec" morph="M S" extra="clb clb-fs rel"/>
			<t id="s2_4" word="tenho" lemma="ter" pos="v-fin" morph="PR 1S IND VFIN" extra="mv np-close"/>
			<t id="s2_5" word="a" lemma="a" pos="prp" morph="--" extra="--"/>
			<t id="s2_6" word="fazer" lemma="fazer" pos="v-inf" morph="--" extra="mv"/>
			<t id="s2_7" word="," lemma="--" pos="pu" morph="--" extra="--"/>
			<t id="s2_8" word="diz" lemma="dizer" pos="v-fin" morph="PR 3S IND VFIN" extra="cjt-head cjt-head-STA vH fmc mv"/>
			<t id="s2_9" word="respeito" lemma="respeito" pos="n" morph="M S" sem="am ac sem-r" extra="--"/>
			<t id="s2_10" word="a" lemma="a" pos="prp" morph="--" extra="sam- np-close"/>
			<t id="s2_11" word="a" lemma="o" pos="art" morph="F S" extra="-sam "/>
			<t id="s2_12" word="duração" lemma="duração" pos="n" morph="F S" sem="am" extra="--"/>
			<t id="s2_13" word="de" lemma="de" pos="prp" morph="--" extra="sam- np-long"/>
			<t id="s2_14" word="a" lemma="o" pos="art" morph="F S" extra="-sam "/>
			<t id="s2_15" word="bateria" lemma="bateria" pos="n" morph="F S" sem="tool" extra="--"/>
			<t id="s2_16" word="," lemma="--" pos="pu" morph="--" extra="--"/>
			<t id="s2_17" word="pois" lemma="pois" pos="conj-s" morph="--" extra="clb"/>
			<t id="s2_18" word="quando" lemma="quando" pos="adv" morph="--" extra="clb rel"/>
			<t id="s2_19" word="você" lemma="você" pos="pron-pers" morph="M/F 3S NOM" extra="--"/>
			<t id="s2_20" word="faz" lemma="fazer" pos="v-fin" morph="PR 3S IND VFIN" extra="cjt-STA fmc mv"/>
			<t id="s2_21" word="uso" lemma="uso" pos="n" morph="M S" sem="act ac" extra="--"/>
			<t id="s2_22" word="de" lemma="de" pos="prp" morph="--" extra="np-close"/>
			<t id="s2_23" word="aplicativos" lemma="aplicativo" pos="n" morph="M P" sem="sem-c" extra="--"/>
			<t id="s2_24" word="," lemma="--" pos="pu" morph="--" extra="--"/>
			<t id="s2_25" word="como" lemma="como" pos="prp" morph="--" extra="com adv-rel"/>
			<t id="s2_26" word="jogos" lemma="jogo" pos="n" morph="M P" sem="activity occ cc-h game" extra="asarg"/>
			<t id="s2_27" word="," lemma="--" pos="pu" morph="--" extra="--"/>
			<t id="s2_28" word="aplicativos" lemma="aplicativo" pos="n" morph="M P" sem="sem-c" extra="np-close"/>
			<t id="s2_29" word="ligados" lemma="ligar" pos="v-pcp" morph="M P" extra="mv np-close"/>
			<t id="s2_30" word="a" lemma="a" pos="prp" morph="--" extra="--"/>
			<t id="s2_31" word="redes" lemma="rede" pos="n" morph="F P" sem="con HH furn Lh coll-sem" extra="--"/>
			<t id="s2_32" word="sociais" lemma="social" pos="adj" morph="F P" extra="jh np-close"/>
			<t id="s2_33" word="," lemma="--" pos="pu" morph="--" extra="--"/>
			<t id="s2_34" word="softwares" lemma="software" pos="n" morph="M P" sem="am" extra="--"/>
			<t id="s2_35" word="de" lemma="de" pos="prp" morph="--" extra="np-close"/>
			<t id="s2_36" word="empresas" lemma="empresa" pos="n" morph="F P" sem="HH" extra="--"/>
			<t id="s2_37" word="e" lemma="e" pos="conj-c" morph="--" extra="--"/>
			<t id="s2_38" word="etc" lemma="etc" pos="adv" morph="--" extra="--"/>
			<t id="s2_39" word="." lemma="--" pos="pu" morph="--" extra="--"/>
			<t id="s2_40" word="," lemma="--" pos="pu" morph="--" extra="--"/>
		</terminals>

		<nonterminals>
			<nt id="s2_500" cat="s">
				<edge label="STA" idref="s2_501"/>
			</nt>
			<nt id="s2_501" cat="par">
				<edge label="CJT" idref="s2_502"/>
				<edge label="PU" idref="s2_16"/>
				<edge label="CJT" idref="s2_511"/>
				<edge label="PU" idref="s2_39"/>
				<edge label="PU" idref="s2_40"/>
			</nt>
			<nt id="s2_502" cat="fcl">
				<edge label="S" idref="s2_503"/>
				<edge label="PU" idref="s2_7"/>
				<edge label="P" idref="s2_8"/>
				<edge label="Od" idref="s2_506"/>
			</nt>
			<nt id="s2_503" cat="np">
				<edge label="DN" idref="s2_1"/>
				<edge label="H" idref="s2_2"/>
				<edge label="DN" idref="s2_504"/>
			</nt>
			<nt id="s2_504" cat="fcl">
				<edge label="Od" idref="s2_3"/>
				<edge label="P" idref="s2_4"/>
				<edge label="fA" idref="s2_505"/>
			</nt>
			<nt id="s2_505" cat="pp">
				<edge label="H" idref="s2_5"/>
				<edge label="DP" idref="s2_6"/>
			</nt>
			<nt id="s2_506" cat="np">
				<edge label="H" idref="s2_9"/>
				<edge label="DN" idref="s2_507"/>
				<edge label="DN" idref="s2_509"/>
			</nt>
			<nt id="s2_507" cat="pp">
				<edge label="H" idref="s2_10"/>
				<edge label="DP" idref="s2_508"/>
			</nt>
			<nt id="s2_508" cat="np">
				<edge label="DN" idref="s2_11"/>
				<edge label="H" idref="s2_12"/>
			</nt>
			<nt id="s2_509" cat="pp">
				<edge label="H" idref="s2_13"/>
				<edge label="DP" idref="s2_510"/>
			</nt>
			<nt id="s2_510" cat="np">
				<edge label="DN" idref="s2_14"/>
				<edge label="H" idref="s2_15"/>
			</nt>
			<nt id="s2_511" cat="np">
				<edge label="DNc" idref="s2_512"/>
				<edge label="fA" idref="s2_18"/>
				<edge label="S" idref="s2_19"/>
				<edge label="P" idref="s2_20"/>
				<edge label="Od" idref="s2_514"/>
				<edge label="PU" idref="s2_24"/>
				<edge label="fA" idref="s2_516"/>
				<edge label="PU" idref="s2_27"/>
			</nt>
			<nt id="s2_512" cat="np">
				<edge label="DN" idref="s2_513"/>
				<edge label="H" idref="s2_28"/>
			</nt>
			<nt id="s2_513" cat="icl">
				<edge label="fA" idref="s2_17"/>
				<edge label="P" idref="s2_29"/>
				<edge label="Op" idref="s2_517"/>
				<edge label="PU" idref="s2_33"/>
				<edge label="Od" idref="s2_519"/>
			</nt>
			<nt id="s2_514" cat="np">
				<edge label="H" idref="s2_21"/>
				<edge label="DN" idref="s2_515"/>
			</nt>
			<nt id="s2_515" cat="pp">
				<edge label="H" idref="s2_22"/>
				<edge label="DP" idref="s2_23"/>
			</nt>
			<nt id="s2_516" cat="pp">
				<edge label="H" idref="s2_25"/>
				<edge label="DP" idref="s2_26"/>
			</nt>
			<nt id="s2_517" cat="pp">
				<edge label="H" idref="s2_30"/>
				<edge label="DP" idref="s2_518"/>
			</nt>
			<nt id="s2_518" cat="np">
				<edge label="H" idref="s2_31"/>
				<edge label="DN" idref="s2_32"/>
			</nt>
			<nt id="s2_519" cat="np">
				<edge label="H" idref="s2_34"/>
				<edge label="DN" idref="s2_520"/>
			</nt>
			<nt id="s2_520" cat="pp">
				<edge label="H" idref="s2_35"/>
				<edge label="DP" idref="s2_36"/>
			</nt>
		</nonterminals>
	</graph>
</s>

<s id="s3" ref="3" source="Running text" forest="1" text="a bateria não dura muito, provavelmente você terá que carregar o aparelho no final do dia, e em relação a o cabo do seu carregador, é muito pequeno, sabendo que este mesmo cabo também conecta do computador na forma de usb.">
	<graph root="s3_500">
		<terminals>
			<t id="s3_1" word="a" lemma="o" pos="art" morph="F S" extra="--"/>
			<t id="s3_2" word="bateria" lemma="bateria" pos="n" morph="F S" sem="tool" extra="--"/>
			<t id="s3_3" word="não" lemma="não" pos="adv" morph="--" extra="--"/>
			<t id="s3_4" word="dura" lemma="durar" pos="v-fin" morph="PR 3S IND VFIN" extra="nosubj nosubj cjt-head cjt-head-STA vN fmc mv"/>
			<t id="s3_5" word="muito" lemma="muito" pos="adv" morph="--" extra="quant"/>
			<t id="s3_6" word="," lemma="--" pos="pu" morph="--" extra="--"/>
			<t id="s3_7" word="provavelmente" lemma="provavelmente" pos="adv" morph="--" extra="--"/>
			<t id="s3_8" word="você" lemma="você" pos="pron-pers" morph="M/F 3S NOM" extra="--"/>
			<t id="s3_9" word="terá" lemma="ter" pos="v-fin" morph="FUT 3S IND VFIN" extra="cjt-STA fmc aux"/>
			<t id="s3_10" word="que" lemma="que" pos="conj-s" morph="--" extra="clb"/>
			<t id="s3_11" word="carregar" lemma="carregar" pos="v-inf" morph="--" extra="vH mv"/>
			<t id="s3_12" word="o" lemma="o" pos="art" morph="M S" extra="--"/>
			<t id="s3_13" word="aparelho" lemma="aparelho" pos="n" morph="M S" sem="tool" extra="--"/>
			<t id="s3_14" word="em" lemma="em" pos="prp" morph="--" extra="sam-"/>
			<t id="s3_15" word="o" lemma="o" pos="art" morph="M S" extra="-sam "/>
			<t id="s3_16" word="final" lemma="final" pos="n" morph="M S" sem="event temp" extra="--"/>
			<t id="s3_17" word="de" lemma="de" pos="prp" morph="--" extra="sam-"/>
			<t id="s3_18" word="o" lemma="o" pos="art" morph="M S" extra="-sam "/>
			<t id="s3_19" word="dia" lemma="dia" pos="n" morph="M S" sem="temp dur per unit" extra="--"/>
			<t id="s3_20" word="," lemma="--" pos="pu" morph="--" extra="--"/>
			<t id="s3_21" word="e" lemma="e" pos="conj-c" morph="--" extra="--"/>
			<t id="s3_22" word="em_relação_a" lemma="em_relação_a" pos="prp" morph="--" extra="sam-"/>
			<t id="s3_23" word="o" lemma="o" pos="art" morph="M S" extra=" -sam"/>
			<t id="s3_24" word="cabo" lemma="cabo" pos="n" morph="M S" sem="cc-handle Ltop Labs cord Hprof" extra="--"/>
			<t id="s3_25" word="de" lemma="de" pos="prp" morph="--" extra="sam- np-close"/>
			<t id="s3_26" word="o" lemma="o" pos="art" morph="M S" extra="-sam "/>
			<t id="s3_27" word="seu" lemma="seu" pos="pron-poss" morph="DET M S" extra="poss 3S"/>
			<t id="s3_28" word="carregador" lemma="carregador" pos="n" morph="M S" sem="Hprof con" extra="--"/>
			<t id="s3_29" word="," lemma="--" pos="pu" morph="--" extra="--"/>
			<t id="s3_30" word="é" lemma="ser" pos="v-fin" morph="PR 3S IND VFIN" extra="nosubj nosubj cjt-STA vK fmc mv"/>
			<t id="s3_31" word="muito" lemma="muito" pos="adv" morph="--" extra="quant"/>
			<t id="s3_32" word="pequeno" lemma="pequeno" pos="adj" morph="M S" extra="jh"/>
			<t id="s3_33" word="," lemma="--" pos="pu" morph="--" extra="--"/>
			<t id="s3_34" word="sabendo" lemma="saber" pos="v-ger" morph="--" extra="mv"/>
			<t id="s3_35" word="que" lemma="que" pos="conj-s" morph="--" extra="clb clb-fs"/>
			<t id="s3_36" word="este" lemma="este" pos="pron-dem" morph="DET M S" extra="dem"/>
			<t id="s3_37" word="mesmo" lemma="mesmo" pos="pron-indef" morph="DET M S" extra="diff KOMP"/>
			<t id="s3_38" word="cabo" lemma="cabo" pos="n" morph="M S" sem="cc-handle Ltop Labs cord Hprof" extra="--"/>
			<t id="s3_39" word="também" lemma="também" pos="adv" morph="--" extra="--"/>
			<t id="s3_40" word="conecta" lemma="conectar" pos="v-fin" morph="PR 3S IND VFIN" extra="mv"/>
			<t id="s3_41" word="de" lemma="de" pos="prp" morph="--" extra="sam-"/>
			<t id="s3_42" word="o" lemma="o" pos="art" morph="M S" extra="-sam "/>
			<t id="s3_43" word="computador" lemma="computador" pos="n" morph="M S" sem="mach" extra="--"/>
			<t id="s3_44" word="em" lemma="em" pos="prp" morph="--" extra="sam- np-close"/>
			<t id="s3_45" word="a" lemma="o" pos="art" morph="F S" extra="-sam "/>
			<t id="s3_46" word="forma" lemma="forma" pos="n" morph="F S" sem="percep-f con" extra="--"/>
			<t id="s3_47" word="de" lemma="de" pos="prp" morph="--" extra="np-close"/>
			<t id="s3_48" word="usb" lemma="usb" pos="n" morph="M S" extra="heur"/>
			<t id="s3_49" word="." lemma="--" pos="pu" morph="--" extra="--"/>
		</terminals>

		<nonterminals>
			<nt id="s3_500" cat="s">
				<edge label="STA" idref="s3_501"/>
			</nt>
			<nt id="s3_501" cat="par">
				<edge label="CJT" idref="s3_502"/>
				<edge label="PU" idref="s3_6"/>
				<edge label="CJT" idref="s3_504"/>
				<edge label="PU" idref="s3_29"/>
				<edge label="CJT" idref="s3_515"/>
				<edge label="PU" idref="s3_49"/>
			</nt>
			<nt id="s3_502" cat="fcl">
				<edge label="S" idref="s3_503"/>
				<edge label="fA" idref="s3_3"/>
				<edge label="P" idref="s3_4"/>
				<edge label="fA" idref="s3_5"/>
			</nt>
			<nt id="s3_503" cat="np">
				<edge label="DN" idref="s3_1"/>
				<edge label="H" idref="s3_2"/>
			</nt>
			<nt id="s3_504" cat="fcl">
				<edge label="fA" idref="s3_7"/>
				<edge label="S" idref="s3_8"/>
				<edge label="P" idref="s3_505"/>
				<edge label="Od" idref="s3_506"/>
				<edge label="fA" idref="s3_507"/>
				<edge label="Op" idref="s3_509"/>
				<edge label="PU" idref="s3_20"/>
				<edge label="fA" idref="s3_511"/>
			</nt>
			<nt id="s3_505" cat="vp">
				<edge label="Vaux" idref="s3_9"/>
				<edge label="SUBaux" idref="s3_10"/>
				<edge label="Vm" idref="s3_11"/>
			</nt>
			<nt id="s3_506" cat="np">
				<edge label="DN" idref="s3_12"/>
				<edge label="H" idref="s3_13"/>
			</nt>
			<nt id="s3_507" cat="pp">
				<edge label="H" idref="s3_14"/>
				<edge label="DP" idref="s3_508"/>
			</nt>
			<nt id="s3_508" cat="np">
				<edge label="DN" idref="s3_15"/>
				<edge label="H" idref="s3_16"/>
			</nt>
			<nt id="s3_509" cat="pp">
				<edge label="H" idref="s3_17"/>
				<edge label="DP" idref="s3_510"/>
			</nt>
			<nt id="s3_510" cat="np">
				<edge label="DN" idref="s3_18"/>
				<edge label="H" idref="s3_19"/>
			</nt>
			<nt id="s3_511" cat="pp">
				<edge label="DP" idref="s3_512"/>
				<edge label="H" idref="s3_22"/>
			</nt>
			<nt id="s3_512" cat="np">
				<edge label="DN" idref="s3_513"/>
				<edge label="DN" idref="s3_23"/>
				<edge label="H" idref="s3_24"/>
				<edge label="-DN" idref="s3_25"/>
			</nt>
			<nt id="s3_513" cat="pp">
				<edge label="CO" idref="s3_21"/>
				<edge label="DP" idref="s3_514"/>
			</nt>
			<nt id="s3_514" cat="np">
				<edge label="DN" idref="s3_26"/>
				<edge label="DN" idref="s3_27"/>
				<edge label="H" idref="s3_28"/>
			</nt>
			<nt id="s3_515" cat="x">
				<edge label="P" idref="s3_30"/>
				<edge label="Cs" idref="s3_516"/>
				<edge label="PU" idref="s3_33"/>
				<edge label="fA" idref="s3_517"/>
			</nt>
			<nt id="s3_516" cat="adjp">
				<edge label="DA" idref="s3_31"/>
				<edge label="H" idref="s3_32"/>
			</nt>
			<nt id="s3_517" cat="advp">
				<edge label="P" idref="s3_34"/>
				<edge label="Od" idref="s3_518"/>
			</nt>
			<nt id="s3_518" cat="fcl">
				<edge label="SUB" idref="s3_35"/>
				<edge label="S" idref="s3_519"/>
				<edge label="fA" idref="s3_39"/>
				<edge label="P" idref="s3_40"/>
				<edge label="fA" idref="s3_520"/>
			</nt>
			<nt id="s3_519" cat="np">
				<edge label="DN" idref="s3_36"/>
				<edge label="DN" idref="s3_37"/>
				<edge label="H" idref="s3_38"/>
			</nt>
			<nt id="s3_520" cat="pp">
				<edge label="H" idref="s3_41"/>
				<edge label="DP" idref="s3_521"/>
			</nt>
			<nt id="s3_521" cat="np">
				<edge label="DN" idref="s3_42"/>
				<edge label="H" idref="s3_43"/>
				<edge label="DN" idref="s3_522"/>
			</nt>
			<nt id="s3_522" cat="pp">
				<edge label="H" idref="s3_44"/>
				<edge label="DP" idref="s3_523"/>
			</nt>
			<nt id="s3_523" cat="np">
				<edge label="DN" idref="s3_45"/>
				<edge label="H" idref="s3_46"/>
				<edge label="DN" idref="s3_524"/>
			</nt>
			<nt id="s3_524" cat="pp">
				<edge label="H" idref="s3_47"/>
				<edge label="DP" idref="s3_48"/>
			</nt>
		</nonterminals>
	</graph>
</s>

<s id="s4" ref="4" source="Running text" forest="1" text="portanto, resolvi meus problemas, pois tenho este celular para, aplicativos mais complexos e me conectar as redes sociais, e um celular menos funcional para o trabalho..">
	<graph root="s4_500">
		<terminals>
			<t id="s4_1" word="portanto" lemma="portanto" pos="adv" morph="--" extra="kc"/>
			<t id="s4_2" word="," lemma="--" pos="pu" morph="--" extra="--"/>
			<t id="s4_3" word="resolvi" lemma="resolver" pos="v-fin" morph="PS 1S IND VFIN" extra="nosubj nosubj cjt-head cjt-head-STA vH fmc mv"/>
			<t id="s4_4" word="meus" lemma="meu" pos="pron-poss" morph="DET M P" extra="poss 1S"/>
			<t id="s4_5" word="problemas" lemma="problema" pos="n" morph="M P" sem="ac" extra="--"/>
			<t id="s4_6" word="," lemma="--" pos="pu" morph="--" extra="--"/>
			<t id="s4_7" word="pois" lemma="pois" pos="conj-s" morph="--" extra="clb"/>
			<t id="s4_8" word="tenho" lemma="ter" pos="v-fin" morph="PR 1S IND VFIN" extra="nosubj nosubj cjt-STA fmc mv"/>
			<t id="s4_9" word="este" lemma="este" pos="pron-dem" morph="DET M S" extra="dem"/>
			<t id="s4_10" word="celular" lemma="celular" pos="adj" morph="M S" extra="n nh"/>
			<t id="s4_11" word="para" lemma="para" pos="prp" morph="--" extra="--"/>
			<t id="s4_12" word="," lemma="--" pos="pu" morph="--" extra="--"/>
			<t id="s4_13" word="aplicativos" lemma="aplicativo" pos="n" morph="M P" sem="sem-c" extra="--"/>
			<t id="s4_14" word="mais" lemma="mais" pos="adv" morph="--" extra="quant KOMP"/>
			<t id="s4_15" word="complexos" lemma="complexo" pos="adj" morph="M P" extra="nh np-close"/>
			<t id="s4_16" word="e" lemma="e" pos="conj-c" morph="--" extra="--"/>
			<t id="s4_17" word="me" lemma="eu" pos="pron-pers" morph="M/F 1S DAT" extra="refl"/>
			<t id="s4_18" word="conectar" lemma="conectar" pos="v-inf" morph="--" extra="mv"/>
			<t id="s4_19" word="as" lemma="o" pos="art" morph="F P" extra="--"/>
			<t id="s4_20" word="redes" lemma="rede" pos="n" morph="F P" sem="con HH furn Lh coll-sem" extra="cjt-head cjt-head-Od"/>
			<t id="s4_21" word="sociais" lemma="social" pos="adj" morph="F P" extra="jh np-close"/>
			<t id="s4_22" word="," lemma="--" pos="pu" morph="--" extra="--"/>
			<t id="s4_23" word="e" lemma="e" pos="conj-c" morph="--" extra="--"/>
			<t id="s4_24" word="um" lemma="um" pos="art" morph="M S" extra="--"/>
			<t id="s4_25" word="celular" lemma="celular" pos="adj" morph="M S" extra="cjt-Od n nh"/>
			<t id="s4_26" word="menos" lemma="menos" pos="adv" morph="--" extra="quant KOMP"/>
			<t id="s4_27" word="funcional" lemma="funcional" pos="adj" morph="M/F S" extra="nh np-close"/>
			<t id="s4_28" word="para" lemma="para" pos="prp" morph="--" extra="--"/>
			<t id="s4_29" word="o" lemma="o" pos="art" morph="M S" extra="--"/>
			<t id="s4_30" word="trabalho" lemma="trabalho" pos="n" morph="M S" sem="act-d am" extra="--"/>
			<t id="s4_31" word="." lemma="--" pos="pu" morph="--" extra="--"/>
			<t id="s4_32" word="." lemma="--" pos="pu" morph="--" extra="--"/>
		</terminals>

		<nonterminals>
			<nt id="s4_500" cat="s">
				<edge label="STA" idref="s4_501"/>
			</nt>
			<nt id="s4_501" cat="par">
				<edge label="CJT" idref="s4_502"/>
				<edge label="PU" idref="s4_6"/>
				<edge label="CJT" idref="s4_504"/>
				<edge label="PU" idref="s4_12"/>
				<edge label="UTT" idref="s4_506"/>
				<edge label="CO" idref="s4_16"/>
				<edge label="PU" idref="s4_31"/>
				<edge label="PU" idref="s4_32"/>
			</nt>
			<nt id="s4_502" cat="fcl">
				<edge label="fA" idref="s4_1"/>
				<edge label="PU" idref="s4_2"/>
				<edge label="P" idref="s4_3"/>
				<edge label="Od" idref="s4_503"/>
			</nt>
			<nt id="s4_503" cat="np">
				<edge label="DN" idref="s4_4"/>
				<edge label="H" idref="s4_5"/>
			</nt>
			<nt id="s4_504" cat="x">
				<edge label="fA" idref="s4_7"/>
				<edge label="P" idref="s4_8"/>
				<edge label="Od" idref="s4_505"/>
				<edge label="fA" idref="s4_11"/>
			</nt>
			<nt id="s4_505" cat="np">
				<edge label="DN" idref="s4_9"/>
				<edge label="H" idref="s4_10"/>
			</nt>
			<nt id="s4_506" cat="fcl">
				<edge label="S" idref="s4_507"/>
				<edge label="Oi" idref="s4_17"/>
				<edge label="P" idref="s4_18"/>
				<edge label="Od" idref="s4_509"/>
				<edge label="fA" idref="s4_513"/>
			</nt>
			<nt id="s4_507" cat="np">
				<edge label="H" idref="s4_13"/>
				<edge label="DN" idref="s4_508"/>
			</nt>
			<nt id="s4_508" cat="adjp">
				<edge label="DA" idref="s4_14"/>
				<edge label="H" idref="s4_15"/>
			</nt>
			<nt id="s4_509" cat="par">
				<edge label="CJT" idref="s4_510"/>
				<edge label="CJT" idref="s4_512"/>
			</nt>
			<nt id="s4_510" cat="np">
				<edge label="DN" idref="s4_19"/>
				<edge label="H" idref="s4_20"/>
				<edge label="DN" idref="s4_21"/>
				<edge label="PU" idref="s4_22"/>
				<edge label="DN" idref="s4_511"/>
			</nt>
			<nt id="s4_511" cat="adjp">
				<edge label="CO" idref="s4_23"/>
				<edge label="DA" idref="s4_26"/>
				<edge label="H" idref="s4_27"/>
			</nt>
			<nt id="s4_512" cat="np">
				<edge label="DN" idref="s4_24"/>
				<edge label="H" idref="s4_25"/>
			</nt>
			<nt id="s4_513" cat="pp">
				<edge label="H" idref="s4_28"/>
				<edge label="DP" idref="s4_514"/>
			</nt>
			<nt id="s4_514" cat="np">
				<edge label="DN" idref="s4_29"/>
				<edge label="H" idref="s4_30"/>
			</nt>
		</nonterminals>
	</graph>
</s>

	</body>
</corpus>
