<?xml version="1.0" encoding="UTF-8"?>
<corpus>

	<body>
<s id="s1" ref="1" source="Running text" forest="1" text="precisa corrigir o botão liga/ desliga pois o que existe é muito ruim, frágil pequeno sem confiança..">
	<graph root="s1_500">
		<terminals>
			<t id="s1_1" word="precisa" lemma="precisar" pos="v-fin" morph="PR 3S IND VFIN" extra="predco predco predco predco predco predco fmc mv"/>
			<t id="s1_2" word="corrigir" lemma="corrigir" pos="v-inf" morph="--" extra="vH mv"/>
			<t id="s1_3" word="o" lemma="o" pos="art" morph="M S" extra="--"/>
			<t id="s1_4" word="botão" lemma="botão" pos="n" morph="M S" sem="anbo cc-handle" extra="--"/>
			<t id="s1_5" word="liga" lemma="ligar" pos="v-fin" morph="PR 3S IND VFIN" extra="nosubj nosubj cjt-STA fmc mv"/>
			<t id="s1_6" word="/" lemma="$/" pos="conj-c" morph="--" extra="co-fin"/>
			<t id="s1_7" word="desliga" lemma="desligar" pos="v-fin" morph="PR 3S IND VFIN" extra="nosubj cjt-STA nosubj cjt-STA vH fmc mv"/>
			<t id="s1_8" word="pois" lemma="pois" pos="adv" morph="--" extra="kc"/>
			<t id="s1_9" word="o" lemma="o" pos="pron-dem" morph="DET M S" extra="dem"/>
			<t id="s1_10" word="que" lemma="que" pos="spec" morph="M S" extra="clb clb-fs rel"/>
			<t id="s1_11" word="existe" lemma="existir" pos="v-fin" morph="PR 3S IND VFIN" extra="mv np-close"/>
			<t id="s1_12" word="é" lemma="ser" pos="v-fin" morph="PR 3S IND VFIN" extra="nosubj nosubj cjt-STA vK fmc mv"/>
			<t id="s1_13" word="muito" lemma="muito" pos="adv" morph="--" extra="quant"/>
			<t id="s1_14" word="ruim" lemma="ruim" pos="adj" morph="M S" extra="cjt-head cjt-head-Cs jh"/>
			<t id="s1_15" word="," lemma="--" pos="pu" morph="--" extra="--"/>
			<t id="s1_16" word="frágil" lemma="frágil" pos="adj" morph="M S" extra="jh"/>
			<t id="s1_17" word="pequeno" lemma="pequeno" pos="n" morph="M S" sem="H" extra="np-close"/>
			<t id="s1_18" word="sem" lemma="sem" pos="prp" morph="--" extra="cjt-Cs np-close"/>
			<t id="s1_19" word="confiança" lemma="confiança" pos="n" morph="F S" sem="percep-f" extra="--"/>
			<t id="s1_20" word="." lemma="--" pos="pu" morph="--" extra="--"/>
			<t id="s1_21" word="." lemma="--" pos="pu" morph="--" extra="--"/>
		</terminals>

		<nonterminals>
			<nt id="s1_500" cat="s">
				<edge label="STA" idref="s1_501"/>
			</nt>
			<nt id="s1_501" cat="fcl">
				<edge label="X" idref="s1_502"/>
				<edge label="PU" idref="s1_20"/>
				<edge label="PU" idref="s1_21"/>
			</nt>
			<nt id="s1_502" cat="par">
				<edge label="CJT" idref="s1_503"/>
				<edge label="CJT" idref="s1_5"/>
				<edge label="CO" idref="s1_6"/>
				<edge label="CJT" idref="s1_506"/>
				<edge label="CJT" idref="s1_507"/>
			</nt>
			<nt id="s1_503" cat="x">
				<edge label="P" idref="s1_1"/>
				<edge label="S" idref="s1_504"/>
			</nt>
			<nt id="s1_504" cat="icl">
				<edge label="P" idref="s1_2"/>
				<edge label="Od" idref="s1_505"/>
			</nt>
			<nt id="s1_505" cat="np">
				<edge label="DN" idref="s1_3"/>
				<edge label="H" idref="s1_4"/>
				<edge label="DN" idref="s1_508"/>
			</nt>
			<nt id="s1_506" cat="x">
				<edge label="P" idref="s1_7"/>
			</nt>
			<nt id="s1_507" cat="x">
				<edge label="fA" idref="s1_8"/>
				<edge label="Od" idref="s1_9"/>
				<edge label="P" idref="s1_12"/>
				<edge label="Cs" idref="s1_509"/>
			</nt>
			<nt id="s1_508" cat="np">
				<edge label="S" idref="s1_10"/>
				<edge label="P" idref="s1_11"/>
				<edge label="PU" idref="s1_15"/>
				<edge label="DNc" idref="s1_511"/>
			</nt>
			<nt id="s1_509" cat="par">
				<edge label="CJT" idref="s1_510"/>
				<edge label="CJT" idref="s1_512"/>
			</nt>
			<nt id="s1_510" cat="adjp">
				<edge label="DA" idref="s1_13"/>
				<edge label="H" idref="s1_14"/>
			</nt>
			<nt id="s1_511" cat="np">
				<edge label="DN" idref="s1_16"/>
				<edge label="H" idref="s1_17"/>
			</nt>
			<nt id="s1_512" cat="pp">
				<edge label="H" idref="s1_18"/>
				<edge label="DP" idref="s1_19"/>
			</nt>
		</nonterminals>
	</graph>
</s>

	</body>
</corpus>
