<?xml version="1.0" encoding="UTF-8"?>
<corpus>

	<body>
<s id="s1" ref="1" source="Running text" forest="1" text="lento porem útil.">
	<graph root="s1_500">
		<terminals>
			<t id="s1_1" word="lento" lemma="lento" pos="adj" morph="M S" extra="nh"/>
			<t id="s1_2" word="porem" lemma="pôr" pos="v-inf" morph="3P" extra="mv"/>
			<t id="s1_3" word="útil" lemma="útil" pos="n" morph="M S" sem="tool" extra="--"/>
			<t id="s1_4" word="." lemma="--" pos="pu" morph="--" extra="--"/>
		</terminals>

		<nonterminals>
			<nt id="s1_500" cat="s">
				<edge label="UTT" idref="s1_501"/>
			</nt>
			<nt id="s1_501" cat="fcl">
				<edge label="S" idref="s1_1"/>
				<edge label="P" idref="s1_2"/>
				<edge label="Od" idref="s1_3"/>
				<edge label="PU" idref="s1_4"/>
			</nt>
		</nonterminals>
	</graph>
</s>

	</body>
</corpus>
