<?xml version="1.0" encoding="UTF-8"?>
<corpus>

	<body>
<s id="s1" ref="1" source="Running text" forest="1" text="já tive um igual ele é muito bom..">
	<graph root="s1_500">
		<terminals>
			<t id="s1_1" word="já" lemma="já" pos="adv" morph="--" extra="--"/>
			<t id="s1_2" word="tive" lemma="ter" pos="v-fin" morph="PS 1S IND VFIN" extra="nosubj nosubj cjt-head cjt-head-STA fmc mv"/>
			<t id="s1_3" word="um" lemma="um" pos="art" morph="M S" extra="--"/>
			<t id="s1_4" word="igual" lemma="igual" pos="adj" morph="M S" extra="n jh"/>
			<t id="s1_5" word="ele" lemma="ele" pos="pron-pers" morph="M 3S NOM" extra="--"/>
			<t id="s1_6" word="é" lemma="ser" pos="v-fin" morph="PR 3S IND VFIN" extra="cjt-STA vK fmc mv"/>
			<t id="s1_7" word="muito" lemma="muito" pos="adv" morph="--" extra="quant"/>
			<t id="s1_8" word="bom" lemma="bom" pos="adj" morph="M S" extra="jh"/>
			<t id="s1_9" word="." lemma="--" pos="pu" morph="--" extra="--"/>
			<t id="s1_10" word="." lemma="--" pos="pu" morph="--" extra="--"/>
		</terminals>

		<nonterminals>
			<nt id="s1_500" cat="s">
				<edge label="STA" idref="s1_501"/>
			</nt>
			<nt id="s1_501" cat="par">
				<edge label="CJT" idref="s1_502"/>
				<edge label="CJT" idref="s1_503"/>
				<edge label="PU" idref="s1_9"/>
				<edge label="PU" idref="s1_10"/>
			</nt>
			<nt id="s1_502" cat="fcl">
				<edge label="fA" idref="s1_1"/>
				<edge label="P" idref="s1_2"/>
			</nt>
			<nt id="s1_503" cat="fcl">
				<edge label="S" idref="s1_504"/>
				<edge label="Od" idref="s1_4"/>
				<edge label="P" idref="s1_6"/>
				<edge label="Cs" idref="s1_505"/>
			</nt>
			<nt id="s1_504" cat="np">
				<edge label="DN" idref="s1_3"/>
				<edge label="H" idref="s1_5"/>
			</nt>
			<nt id="s1_505" cat="adjp">
				<edge label="DA" idref="s1_7"/>
				<edge label="H" idref="s1_8"/>
			</nt>
		</nonterminals>
	</graph>
</s>

	</body>
</corpus>
